Chain
	Aln	1	+HG004_ont_0_start_228326 6 14988 15000 -edge_1_0_+disjointig_1_0_999690 228326 243308 999690 -1 -1 12222 0.0405529
Chain
	Aln	0	-HG004_ont_0_start_228326 11 14993 15000 +edge_1_0_+disjointig_1_0_999690 756381 771363 999690 -1 -1 12222 0.0405529
Chain
	Aln	1	+HG004_ont_1_start_299859 21 14992 15000 -edge_1_0_+disjointig_1_0_999690 299874 314845 999690 -1 -1 12404 0.038013
Chain
	Aln	0	-HG004_ont_1_start_299859 7 14978 15000 +edge_1_0_+disjointig_1_0_999690 684844 699815 999690 -1 -1 12404 0.038013
Chain
	Aln	1	+HG004_ont_2_start_803095 4 14995 15000 -edge_1_0_+disjointig_1_0_999690 803093 818084 999690 -1 -1 12627 0.0369113
Chain
	Aln	0	-HG004_ont_2_start_803095 4 14995 15000 +edge_1_0_+disjointig_1_0_999690 181605 196596 999690 -1 -1 12627 0.0369113
Chain
	Aln	1	+HG004_ont_5_start_85091 15 14976 15000 -edge_1_0_+disjointig_1_0_999690 85100 100061 999690 -1 -1 12314 0.0416398
Chain
	Aln	0	-HG004_ont_5_start_85091 23 14984 15000 +edge_1_0_+disjointig_1_0_999690 899628 914589 999690 -1 -1 12314 0.0416398
Chain
	Aln	1	+HG004_ont_4_start_369548 15 14994 15000 -edge_1_0_+disjointig_1_0_999690 369557 384536 999690 -1 -1 12261 0.0398644
Chain
	Aln	0	-HG004_ont_4_start_369548 5 14984 15000 +edge_1_0_+disjointig_1_0_999690 615153 630132 999690 -1 -1 12261 0.0398644
Chain
	Aln	1	+HG004_ont_6_start_493654 14 14998 15000 -edge_1_0_+disjointig_1_0_999690 493662 508646 999690 -1 -1 11987 0.0446672
Chain
	Aln	0	-HG004_ont_6_start_493654 1 14985 15000 +edge_1_0_+disjointig_1_0_999690 491043 506027 999690 -1 -1 11987 0.0446672
Chain
	Aln	1	+HG004_ont_3_start_708282 1 14967 15000 -edge_1_0_+disjointig_1_0_999690 708277 723243 999690 -1 -1 12474 0.0400225
Chain
	Aln	0	-HG004_ont_3_start_708282 32 14998 15000 +edge_1_0_+disjointig_1_0_999690 276446 291412 999690 -1 -1 12474 0.0400225
Chain
	Aln	1	+HG004_ont_7_start_741546 3 14998 15000 -edge_1_0_+disjointig_1_0_999690 741543 756538 999690 -1 -1 12175 0.0412252
Chain
	Aln	0	-HG004_ont_7_start_741546 1 14996 15000 +edge_1_0_+disjointig_1_0_999690 243151 258146 999690 -1 -1 12175 0.0412252
Chain
	Aln	1	+HG004_ont_8_start_244838 27 14998 15000 -edge_1_0_+disjointig_1_0_999690 244859 259830 999690 -1 -1 12292 0.0403378
Chain
	Aln	0	-HG004_ont_8_start_244838 1 14972 15000 +edge_1_0_+disjointig_1_0_999690 739859 754830 999690 -1 -1 12292 0.0403378
Chain
	Aln	1	+HG004_ont_9_start_665360 1 14998 15000 -edge_1_0_+disjointig_1_0_999690 665355 680352 999690 -1 -1 12402 0.0381301
Chain
	Aln	0	-HG004_ont_9_start_665360 1 14998 15000 +edge_1_0_+disjointig_1_0_999690 319337 334334 999690 -1 -1 12402 0.0381301
Chain
	Aln	1	+HG004_ont_10_start_846231 9 14998 15000 -edge_1_0_+disjointig_1_0_999690 846234 861223 999690 -1 -1 12228 0.0415427
Chain
	Aln	0	-HG004_ont_10_start_846231 1 14990 15000 +edge_1_0_+disjointig_1_0_999690 138466 153455 999690 -1 -1 12228 0.0415427
Chain
	Aln	1	+HG004_ont_11_start_701674 19 14998 15000 -edge_1_0_+disjointig_1_0_999690 701687 716666 999690 -1 -1 12158 0.041297
Chain
	Aln	0	-HG004_ont_11_start_701674 1 14980 15000 +edge_1_0_+disjointig_1_0_999690 283023 298002 999690 -1 -1 12158 0.041297
Chain
	Aln	1	+HG004_ont_13_start_513954 4 14998 15000 -edge_1_0_+disjointig_1_0_999690 513952 528946 999690 -1 -1 12027 0.043445
Chain
	Aln	0	-HG004_ont_13_start_513954 1 14995 15000 +edge_1_0_+disjointig_1_0_999690 470743 485737 999690 -1 -1 12027 0.043445
Chain
	Aln	1	+HG004_ont_12_start_359149 1 14998 15000 -edge_1_0_+disjointig_1_0_999690 359144 374141 999690 -1 -1 12411 0.0396419
Chain
	Aln	0	-HG004_ont_12_start_359149 1 14998 15000 +edge_1_0_+disjointig_1_0_999690 625548 640545 999690 -1 -1 12411 0.0396419
Chain
	Aln	1	+HG004_ont_14_start_44074 16 14965 15000 -edge_1_0_+disjointig_1_0_999690 44084 59033 999690 -1 -1 12259 0.0398858
Chain
	Aln	0	-HG004_ont_14_start_44074 34 14983 15000 +edge_1_0_+disjointig_1_0_999690 940656 955605 999690 -1 -1 12259 0.0398858
Chain
	Aln	1	+HG004_ont_15_start_686590 1 14998 15000 -edge_1_0_+disjointig_1_0_999690 686585 701582 999690 -1 -1 12550 0.0390675
Chain
	Aln	0	-HG004_ont_15_start_686590 1 14998 15000 +edge_1_0_+disjointig_1_0_999690 298107 313104 999690 -1 -1 12550 0.0390675
Chain
	Aln	1	+HG004_ont_17_start_274152 21 14998 15000 -edge_1_0_+disjointig_1_0_999690 274167 289144 999690 -1 -1 12674 0.0396327
Chain
	Aln	0	-HG004_ont_17_start_274152 1 14978 15000 +edge_1_0_+disjointig_1_0_999690 710545 725522 999690 -1 -1 12674 0.0396327
Chain
	Aln	1	+HG004_ont_18_start_481831 50 14998 15000 -edge_1_0_+disjointig_1_0_999690 481875 496823 999690 -1 -1 12382 0.0394263
Chain
	Aln	0	-HG004_ont_18_start_481831 1 14949 15000 +edge_1_0_+disjointig_1_0_999690 502866 517814 999690 -1 -1 12382 0.0394263
Chain
	Aln	1	+HG004_ont_16_start_137678 6 14993 15000 -edge_1_0_+disjointig_1_0_999690 137678 152665 999690 -1 -1 12309 0.0419098
Chain
	Aln	0	-HG004_ont_16_start_137678 6 14993 15000 +edge_1_0_+disjointig_1_0_999690 847024 862011 999690 -1 -1 12309 0.0419098
Chain
	Aln	1	+HG004_ont_19_start_417785 1 14998 15000 -edge_1_0_+disjointig_1_0_999690 417780 432777 999690 -1 -1 12205 0.0430476
Chain
	Aln	0	-HG004_ont_19_start_417785 1 14998 15000 +edge_1_0_+disjointig_1_0_999690 566912 581909 999690 -1 -1 12205 0.0430476
Chain
	Aln	1	+HG004_ont_21_start_966910 1 14973 15000 -edge_1_0_+disjointig_1_0_999690 966905 981877 999690 -1 -1 12295 0.0405684
Chain
	Aln	0	-HG004_ont_21_start_966910 26 14998 15000 +edge_1_0_+disjointig_1_0_999690 17812 32784 999690 -1 -1 12295 0.0405684
Chain
	Aln	1	+HG004_ont_22_start_186962 1 14977 15000 -edge_1_0_+disjointig_1_0_999690 186957 201933 999690 -1 -1 12213 0.041611
Chain
	Aln	0	-HG004_ont_22_start_186962 22 14998 15000 +edge_1_0_+disjointig_1_0_999690 797756 812732 999690 -1 -1 12213 0.041611
Chain
	Aln	1	+HG004_ont_20_start_636106 27 14997 15000 -edge_1_0_+disjointig_1_0_999690 636127 651097 999690 -1 -1 12191 0.0404979
Chain
	Aln	0	-HG004_ont_20_start_636106 2 14972 15000 +edge_1_0_+disjointig_1_0_999690 348592 363562 999690 -1 -1 12191 0.0404979
Chain
	Aln	1	+HG004_ont_23_start_750360 17 14995 15000 -edge_1_0_+disjointig_1_0_999690 750371 765349 999690 -1 -1 12432 0.039652
Chain
	Aln	0	-HG004_ont_23_start_750360 4 14982 15000 +edge_1_0_+disjointig_1_0_999690 234340 249318 999690 -1 -1 12432 0.039652
Chain
	Aln	1	+HG004_ont_24_start_364069 7 14998 15000 -edge_1_0_+disjointig_1_0_999690 364070 379061 999690 -1 -1 12277 0.0390516
Chain
	Aln	0	-HG004_ont_24_start_364069 1 14992 15000 +edge_1_0_+disjointig_1_0_999690 620628 635619 999690 -1 -1 12277 0.0390516
Chain
	Aln	1	+HG004_ont_26_start_86998 4 14998 15000 -edge_1_0_+disjointig_1_0_999690 86996 101990 999690 -1 -1 12160 0.0423629
Chain
	Aln	0	-HG004_ont_26_start_86998 1 14995 15000 +edge_1_0_+disjointig_1_0_999690 897699 912693 999690 -1 -1 12160 0.0423629
Chain
	Aln	1	+HG004_ont_25_start_799072 1 14976 15000 -edge_1_0_+disjointig_1_0_999690 799067 814042 999690 -1 -1 12279 0.0400812
Chain
	Aln	0	-HG004_ont_25_start_799072 23 14998 15000 +edge_1_0_+disjointig_1_0_999690 185647 200622 999690 -1 -1 12279 0.0400812
Chain
	Aln	1	+HG004_ont_27_start_713093 1 14998 15000 -edge_1_0_+disjointig_1_0_999690 713088 728085 999690 -1 -1 12241 0.0397189
Chain
	Aln	0	-HG004_ont_27_start_713093 1 14998 15000 +edge_1_0_+disjointig_1_0_999690 271604 286601 999690 -1 -1 12241 0.0397189
Chain
	Aln	1	+HG004_ont_29_start_938297 1 14998 15000 -edge_1_0_+disjointig_1_0_999690 938292 953289 999690 -1 -1 12351 0.0411067
Chain
	Aln	0	-HG004_ont_29_start_938297 1 14998 15000 +edge_1_0_+disjointig_1_0_999690 46400 61397 999690 -1 -1 12351 0.0411067
Chain
	Aln	1	+HG004_ont_28_start_5089 11 14986 15000 -edge_1_0_+disjointig_1_0_999690 5094 20069 999690 -1 -1 12226 0.0407449
Chain
	Aln	0	-HG004_ont_28_start_5089 13 14988 15000 +edge_1_0_+disjointig_1_0_999690 979620 994595 999690 -1 -1 12226 0.0407449
Chain
	Aln	1	+HG004_ont_30_start_105965 16 14985 15000 -edge_1_0_+disjointig_1_0_999690 105975 120944 999690 -1 -1 12170 0.0423132
Chain
	Aln	0	-HG004_ont_30_start_105965 14 14983 15000 +edge_1_0_+disjointig_1_0_999690 878745 893714 999690 -1 -1 12170 0.0423132
Chain
	Aln	1	+HG004_ont_31_start_692302 33 14993 15000 -edge_1_0_+disjointig_1_0_999690 692329 707289 999690 -1 -1 11926 0.0437482
Chain
	Aln	0	-HG004_ont_31_start_692302 6 14966 15000 +edge_1_0_+disjointig_1_0_999690 292400 307360 999690 -1 -1 11926 0.0437482
Chain
	Aln	1	+HG004_ont_32_start_895376 20 14998 15000 -edge_1_0_+disjointig_1_0_999690 895390 910368 999690 -1 -1 11960 0.041595
Chain
	Aln	0	-HG004_ont_32_start_895376 1 14979 15000 +edge_1_0_+disjointig_1_0_999690 89321 104299 999690 -1 -1 11960 0.041595
Chain
	Aln	1	+HG004_ont_34_start_295327 1 14998 15000 -edge_1_0_+disjointig_1_0_999690 295322 310319 999690 -1 -1 12275 0.0417094
Chain
	Aln	0	-HG004_ont_34_start_295327 1 14998 15000 +edge_1_0_+disjointig_1_0_999690 689370 704367 999690 -1 -1 12275 0.0417094
Chain
	Aln	1	+HG004_ont_33_start_329288 1 14993 15000 -edge_1_0_+disjointig_1_0_999690 329283 344275 999690 -1 -1 12213 0.0423148
Chain
	Aln	0	-HG004_ont_33_start_329288 6 14998 15000 +edge_1_0_+disjointig_1_0_999690 655414 670406 999690 -1 -1 12213 0.0423148
Chain
	Aln	1	+HG004_ont_35_start_846328 8 14998 15000 -edge_1_0_+disjointig_1_0_999690 846330 861320 999690 -1 -1 12156 0.0403501
Chain
	Aln	0	-HG004_ont_35_start_846328 1 14991 15000 +edge_1_0_+disjointig_1_0_999690 138369 153359 999690 -1 -1 12156 0.0403501
Chain
	Aln	1	+HG004_ont_36_start_870516 1 14967 15000 -edge_1_0_+disjointig_1_0_999690 870511 885477 999690 -1 -1 12305 0.0368278
Chain
	Aln	0	-HG004_ont_36_start_870516 32 14998 15000 +edge_1_0_+disjointig_1_0_999690 114212 129178 999690 -1 -1 12305 0.0368278
Chain
	Aln	1	+HG004_ont_37_start_787093 1 14989 15000 -edge_1_0_+disjointig_1_0_999690 787088 802076 999690 -1 -1 12119 0.0410083
Chain
	Aln	0	-HG004_ont_37_start_787093 10 14998 15000 +edge_1_0_+disjointig_1_0_999690 197613 212601 999690 -1 -1 12119 0.0410083
Chain
	Aln	1	+HG004_ont_38_start_651021 1 14984 15000 -edge_1_0_+disjointig_1_0_999690 651016 665999 999690 -1 -1 12359 0.0406116
Chain
	Aln	0	-HG004_ont_38_start_651021 15 14998 15000 +edge_1_0_+disjointig_1_0_999690 333690 348673 999690 -1 -1 12359 0.0406116
Chain
	Aln	1	+HG004_ont_39_start_469680 1 14983 15000 -edge_1_0_+disjointig_1_0_999690 469675 484657 999690 -1 -1 11988 0.0438512
Chain
	Aln	0	-HG004_ont_39_start_469680 16 14998 15000 +edge_1_0_+disjointig_1_0_999690 515032 530014 999690 -1 -1 11988 0.0438512
Chain
	Aln	1	+HG004_ont_40_start_941466 1 14998 15000 -edge_1_0_+disjointig_1_0_999690 941461 956458 999690 -1 -1 12589 0.0387711
Chain
	Aln	0	-HG004_ont_40_start_941466 1 14998 15000 +edge_1_0_+disjointig_1_0_999690 43231 58228 999690 -1 -1 12589 0.0387711
Chain
	Aln	1	+HG004_ont_41_start_281888 6 14998 15000 -edge_1_0_+disjointig_1_0_999690 281888 296880 999690 -1 -1 12286 0.0427595
Chain
	Aln	0	-HG004_ont_41_start_281888 1 14993 15000 +edge_1_0_+disjointig_1_0_999690 702809 717801 999690 -1 -1 12286 0.0427595
Chain
	Aln	1	+HG004_ont_42_start_138805 0 14998 15000 -edge_1_0_+disjointig_1_0_999690 138799 153797 999690 -1 -1 12260 0.0410712
Chain
	Aln	0	-HG004_ont_42_start_138805 1 14999 15000 +edge_1_0_+disjointig_1_0_999690 845892 860890 999690 -1 -1 12260 0.0410712
Chain
	Aln	1	+HG004_ont_43_start_748722 0 14977 15000 -edge_1_0_+disjointig_1_0_999690 748716 763693 999690 -1 -1 11996 0.0416867
Chain
	Aln	0	-HG004_ont_43_start_748722 22 14999 15000 +edge_1_0_+disjointig_1_0_999690 235996 250973 999690 -1 -1 11996 0.0416867
Chain
	Aln	1	+HG004_ont_44_start_672033 1 14985 15000 -edge_1_0_+disjointig_1_0_999690 672028 687012 999690 -1 -1 12019 0.0422995
Chain
	Aln	0	-HG004_ont_44_start_672033 14 14998 15000 +edge_1_0_+disjointig_1_0_999690 312677 327661 999690 -1 -1 12019 0.0422995
Chain
	Aln	1	+HG004_ont_45_start_515011 6 14998 15000 -edge_1_0_+disjointig_1_0_999690 515011 530003 999690 -1 -1 12009 0.0435851
Chain
	Aln	0	-HG004_ont_45_start_515011 1 14993 15000 +edge_1_0_+disjointig_1_0_999690 469686 484678 999690 -1 -1 12009 0.0435851
Chain
	Aln	1	+HG004_ont_46_start_566630 1 14998 15000 -edge_1_0_+disjointig_1_0_999690 566625 581622 999690 -1 -1 12600 0.0383254
Chain
	Aln	0	-HG004_ont_46_start_566630 1 14998 15000 +edge_1_0_+disjointig_1_0_999690 418067 433064 999690 -1 -1 12600 0.0383254
Chain
	Aln	1	+HG004_ont_47_start_337721 2 14993 15000 -edge_1_0_+disjointig_1_0_999690 337717 352708 999690 -1 -1 12568 0.0398883
Chain
	Aln	0	-HG004_ont_47_start_337721 6 14997 15000 +edge_1_0_+disjointig_1_0_999690 646981 661972 999690 -1 -1 12568 0.0398883
Chain
	Aln	1	+HG004_ont_49_start_77270 29 14986 15000 -edge_1_0_+disjointig_1_0_999690 77293 92250 999690 -1 -1 12399 0.0397007
Chain
	Aln	0	-HG004_ont_49_start_77270 13 14970 15000 +edge_1_0_+disjointig_1_0_999690 907439 922396 999690 -1 -1 12399 0.0397007
Chain
	Aln	1	+HG004_ont_48_start_188188 1 14994 15000 -edge_1_0_+disjointig_1_0_999690 188183 203176 999690 -1 -1 12060 0.0425205
Chain
	Aln	0	-HG004_ont_48_start_188188 5 14998 15000 +edge_1_0_+disjointig_1_0_999690 796513 811506 999690 -1 -1 12060 0.0425205
Chain
	Aln	1	+HG004_ont_50_start_629200 1 14947 15000 -edge_1_0_+disjointig_1_0_999690 629195 644141 999690 -1 -1 12481 0.0389053
Chain
	Aln	0	-HG004_ont_50_start_629200 52 14998 15000 +edge_1_0_+disjointig_1_0_999690 355548 370494 999690 -1 -1 12481 0.0389053
Chain
	Aln	1	+HG004_ont_51_start_219275 0 14986 15000 -edge_1_0_+disjointig_1_0_999690 219269 234255 999690 -1 -1 12054 0.0435863
Chain
	Aln	0	-HG004_ont_51_start_219275 13 14999 15000 +edge_1_0_+disjointig_1_0_999690 765434 780420 999690 -1 -1 12054 0.0435863
Chain
	Aln	1	+HG004_ont_52_start_596903 18 14998 15000 -edge_1_0_+disjointig_1_0_999690 596915 611895 999690 -1 -1 12071 0.0454284
Chain
	Aln	0	-HG004_ont_52_start_596903 1 14981 15000 +edge_1_0_+disjointig_1_0_999690 387794 402774 999690 -1 -1 12071 0.0454284
Chain
	Aln	1	+HG004_ont_53_start_363362 8 14998 15000 -edge_1_0_+disjointig_1_0_999690 363364 378354 999690 -1 -1 12208 0.0441813
Chain
	Aln	0	-HG004_ont_53_start_363362 1 14991 15000 +edge_1_0_+disjointig_1_0_999690 621335 636325 999690 -1 -1 12208 0.0441813
Chain
	Aln	1	+HG004_ont_54_start_499614 4 14973 15000 -edge_1_0_+disjointig_1_0_999690 499612 514581 999690 -1 -1 12352 0.0422648
Chain
	Aln	0	-HG004_ont_54_start_499614 26 14995 15000 +edge_1_0_+disjointig_1_0_999690 485108 500077 999690 -1 -1 12352 0.0422648
Chain
	Aln	1	+HG004_ont_55_start_612240 1 14998 15000 -edge_1_0_+disjointig_1_0_999690 612235 627232 999690 -1 -1 12366 0.040362
Chain
	Aln	0	-HG004_ont_55_start_612240 1 14998 15000 +edge_1_0_+disjointig_1_0_999690 372457 387454 999690 -1 -1 12366 0.040362
Chain
	Aln	1	+HG004_ont_56_start_227718 1 14986 15000 -edge_1_0_+disjointig_1_0_999690 227713 242698 999690 -1 -1 12210 0.0402837
Chain
	Aln	0	-HG004_ont_56_start_227718 13 14998 15000 +edge_1_0_+disjointig_1_0_999690 756991 771976 999690 -1 -1 12210 0.0402837
Chain
	Aln	1	+HG004_ont_57_start_360969 36 14990 15000 -edge_1_0_+disjointig_1_0_999690 360999 375953 999690 -1 -1 12290 0.0420609
Chain
	Aln	0	-HG004_ont_57_start_360969 9 14963 15000 +edge_1_0_+disjointig_1_0_999690 623736 638690 999690 -1 -1 12290 0.0420609
Chain
	Aln	1	+HG004_ont_58_start_46548 19 14962 15000 -edge_1_0_+disjointig_1_0_999690 46561 61504 999690 -1 -1 11987 0.0425264
Chain
	Aln	0	-HG004_ont_58_start_46548 37 14980 15000 +edge_1_0_+disjointig_1_0_999690 938185 953128 999690 -1 -1 11987 0.0425264
Chain
	Aln	1	+HG004_ont_59_start_149621 0 14989 15000 -edge_1_0_+disjointig_1_0_999690 149615 164604 999690 -1 -1 12388 0.0395413
Chain
	Aln	0	-HG004_ont_59_start_149621 10 14999 15000 +edge_1_0_+disjointig_1_0_999690 835085 850074 999690 -1 -1 12388 0.0395413
Chain
	Aln	1	+HG004_ont_60_start_903391 1 14998 15000 -edge_1_0_+disjointig_1_0_999690 903386 918383 999690 -1 -1 12286 0.042005
Chain
	Aln	0	-HG004_ont_60_start_903391 1 14998 15000 +edge_1_0_+disjointig_1_0_999690 81306 96303 999690 -1 -1 12286 0.042005
Chain
	Aln	1	+HG004_ont_61_start_920702 16 14987 15000 -edge_1_0_+disjointig_1_0_999690 920712 935683 999690 -1 -1 12380 0.0399026
Chain
	Aln	0	-HG004_ont_61_start_920702 12 14983 15000 +edge_1_0_+disjointig_1_0_999690 64006 78977 999690 -1 -1 12380 0.0399026
Chain
	Aln	1	+HG004_ont_62_start_647554 3 14998 15000 -edge_1_0_+disjointig_1_0_999690 647551 662546 999690 -1 -1 12259 0.0417015
Chain
	Aln	0	-HG004_ont_62_start_647554 1 14996 15000 +edge_1_0_+disjointig_1_0_999690 337143 352138 999690 -1 -1 12259 0.0417015
Chain
	Aln	1	+HG004_ont_63_start_609102 0 14997 15000 -edge_1_0_+disjointig_1_0_999690 609096 624093 999690 -1 -1 12339 0.0414549
Chain
	Aln	0	-HG004_ont_63_start_609102 2 14999 15000 +edge_1_0_+disjointig_1_0_999690 375596 390593 999690 -1 -1 12339 0.0414549
Chain
	Aln	1	+HG004_ont_64_start_761989 1 14998 15000 -edge_1_0_+disjointig_1_0_999690 761984 776981 999690 -1 -1 12414 0.0384007
Chain
	Aln	0	-HG004_ont_64_start_761989 1 14998 15000 +edge_1_0_+disjointig_1_0_999690 222708 237705 999690 -1 -1 12414 0.0384007
Chain
	Aln	1	+HG004_ont_65_start_726544 0 14998 15000 -edge_1_0_+disjointig_1_0_999690 726538 741536 999690 -1 -1 12174 0.0413716
Chain
	Aln	0	-HG004_ont_65_start_726544 1 14999 15000 +edge_1_0_+disjointig_1_0_999690 258153 273151 999690 -1 -1 12174 0.0413716
Chain
	Aln	1	+HG004_ont_66_start_673793 1 14981 15000 -edge_1_0_+disjointig_1_0_999690 673788 688768 999690 -1 -1 12144 0.0429564
Chain
	Aln	0	-HG004_ont_66_start_673793 18 14998 15000 +edge_1_0_+disjointig_1_0_999690 310921 325901 999690 -1 -1 12144 0.0429564
Chain
	Aln	1	+HG004_ont_67_start_265619 5 14969 15000 -edge_1_0_+disjointig_1_0_999690 265618 280582 999690 -1 -1 12201 0.0417874
Chain
	Aln	0	-HG004_ont_67_start_265619 30 14994 15000 +edge_1_0_+disjointig_1_0_999690 719107 734071 999690 -1 -1 12201 0.0417874
Chain
	Aln	1	+HG004_ont_68_start_12528 31 14990 15000 -edge_1_0_+disjointig_1_0_999690 12553 27512 999690 -1 -1 12320 0.0398245
Chain
	Aln	0	-HG004_ont_68_start_12528 9 14968 15000 +edge_1_0_+disjointig_1_0_999690 972177 987136 999690 -1 -1 12320 0.0398245
Chain
	Aln	1	+HG004_ont_69_start_47247 12 14998 15000 -edge_1_0_+disjointig_1_0_999690 47253 62239 999690 -1 -1 12556 0.0382522
Chain
	Aln	0	-HG004_ont_69_start_47247 1 14987 15000 +edge_1_0_+disjointig_1_0_999690 937450 952436 999690 -1 -1 12556 0.0382522
Chain
	Aln	1	+HG004_ont_70_start_533707 1 14998 15000 -edge_1_0_+disjointig_1_0_999690 533702 548699 999690 -1 -1 12175 0.041997
Chain
	Aln	0	-HG004_ont_70_start_533707 1 14998 15000 +edge_1_0_+disjointig_1_0_999690 450990 465987 999690 -1 -1 12175 0.041997
Chain
	Aln	1	+HG004_ont_71_start_961003 1 14998 15000 -edge_1_0_+disjointig_1_0_999690 960998 975995 999690 -1 -1 12234 0.0416536
Chain
	Aln	0	-HG004_ont_71_start_961003 1 14998 15000 +edge_1_0_+disjointig_1_0_999690 23694 38691 999690 -1 -1 12234 0.0416536
Chain
	Aln	1	+HG004_ont_72_start_57701 11 14989 15000 -edge_1_0_+disjointig_1_0_999690 57706 72684 999690 -1 -1 12375 0.0389854
Chain
	Aln	0	-HG004_ont_72_start_57701 10 14988 15000 +edge_1_0_+disjointig_1_0_999690 927005 941983 999690 -1 -1 12375 0.0389854
Chain
	Aln	1	+HG004_ont_73_start_557199 21 14998 15000 -edge_1_0_+disjointig_1_0_999690 557214 572191 999690 -1 -1 12244 0.0416229
Chain
	Aln	0	-HG004_ont_73_start_557199 1 14978 15000 +edge_1_0_+disjointig_1_0_999690 427498 442475 999690 -1 -1 12244 0.0416229
Chain
	Aln	1	+HG004_ont_74_start_615109 1 14998 15000 -edge_1_0_+disjointig_1_0_999690 615104 630101 999690 -1 -1 12709 0.0370378
Chain
	Aln	0	-HG004_ont_74_start_615109 1 14998 15000 +edge_1_0_+disjointig_1_0_999690 369588 384585 999690 -1 -1 12709 0.0370378
Chain
	Aln	1	+HG004_ont_75_start_365970 1 14998 15000 -edge_1_0_+disjointig_1_0_999690 365965 380962 999690 -1 -1 12528 0.0396034
Chain
	Aln	0	-HG004_ont_75_start_365970 1 14998 15000 +edge_1_0_+disjointig_1_0_999690 618727 633724 999690 -1 -1 12528 0.0396034
Chain
	Aln	1	+HG004_ont_76_start_68984 1 14998 15000 -edge_1_0_+disjointig_1_0_999690 68979 83976 999690 -1 -1 12467 0.0412015
Chain
	Aln	0	-HG004_ont_76_start_68984 1 14998 15000 +edge_1_0_+disjointig_1_0_999690 915713 930710 999690 -1 -1 12467 0.0412015
Chain
	Aln	1	+HG004_ont_77_start_304285 1 14972 15000 -edge_1_0_+disjointig_1_0_999690 304280 319251 999690 -1 -1 12329 0.0401742
Chain
	Aln	0	-HG004_ont_77_start_304285 27 14998 15000 +edge_1_0_+disjointig_1_0_999690 680438 695409 999690 -1 -1 12329 0.0401742
Chain
	Aln	1	+HG004_ont_78_start_798391 21 14998 15000 -edge_1_0_+disjointig_1_0_999690 798406 813383 999690 -1 -1 12360 0.0407056
Chain
	Aln	0	-HG004_ont_78_start_798391 1 14978 15000 +edge_1_0_+disjointig_1_0_999690 186306 201283 999690 -1 -1 12360 0.0407056
Chain
	Aln	1	+HG004_ont_79_start_573834 0 14960 15000 -edge_1_0_+disjointig_1_0_999690 573828 588788 999690 -1 -1 12390 0.0404039
Chain
	Aln	0	-HG004_ont_79_start_573834 39 14999 15000 +edge_1_0_+disjointig_1_0_999690 410901 425861 999690 -1 -1 12390 0.0404039
Chain
	Aln	1	+HG004_ont_80_start_172160 1 14998 15000 -edge_1_0_+disjointig_1_0_999690 172155 187152 999690 -1 -1 12371 0.0390904
Chain
	Aln	0	-HG004_ont_80_start_172160 1 14998 15000 +edge_1_0_+disjointig_1_0_999690 812537 827534 999690 -1 -1 12371 0.0390904
Chain
	Aln	1	+HG004_ont_81_start_766404 13 14998 15000 -edge_1_0_+disjointig_1_0_999690 766411 781396 999690 -1 -1 12109 0.041966
Chain
	Aln	0	-HG004_ont_81_start_766404 1 14986 15000 +edge_1_0_+disjointig_1_0_999690 218293 233278 999690 -1 -1 12109 0.041966
Chain
	Aln	1	+HG004_ont_82_start_977678 0 14998 15000 -edge_1_0_+disjointig_1_0_999690 977672 992670 999690 -1 -1 12151 0.0428399
Chain
	Aln	0	-HG004_ont_82_start_977678 1 14999 15000 +edge_1_0_+disjointig_1_0_999690 7019 22017 999690 -1 -1 12151 0.0428399
Chain
	Aln	1	+HG004_ont_83_start_247144 1 14982 15000 -edge_1_0_+disjointig_1_0_999690 247139 262120 999690 -1 -1 12431 0.0380898
Chain
	Aln	0	-HG004_ont_83_start_247144 17 14998 15000 +edge_1_0_+disjointig_1_0_999690 737569 752550 999690 -1 -1 12431 0.0380898
Chain
	Aln	1	+HG004_ont_84_start_158769 7 14998 15000 -edge_1_0_+disjointig_1_0_999690 158770 173761 999690 -1 -1 12631 0.0379493
Chain
	Aln	0	-HG004_ont_84_start_158769 1 14992 15000 +edge_1_0_+disjointig_1_0_999690 825928 840919 999690 -1 -1 12631 0.0379493
Chain
	Aln	1	+HG004_ont_85_start_862093 0 14998 15000 -edge_1_0_+disjointig_1_0_999690 862087 877085 999690 -1 -1 12283 0.0394001
Chain
	Aln	0	-HG004_ont_85_start_862093 1 14999 15000 +edge_1_0_+disjointig_1_0_999690 122604 137602 999690 -1 -1 12283 0.0394001
Chain
	Aln	1	+HG004_ont_86_start_807105 13 14946 15000 -edge_1_0_+disjointig_1_0_999690 807112 822045 999690 -1 -1 12114 0.0434108
Chain
	Aln	0	-HG004_ont_86_start_807105 53 14986 15000 +edge_1_0_+disjointig_1_0_999690 177644 192577 999690 -1 -1 12114 0.0434108
Chain
	Aln	1	+HG004_ont_87_start_488012 53 14966 15000 -edge_1_0_+disjointig_1_0_999690 488059 502972 999690 -1 -1 12374 0.0399693
Chain
	Aln	0	-HG004_ont_87_start_488012 33 14946 15000 +edge_1_0_+disjointig_1_0_999690 496717 511630 999690 -1 -1 12374 0.0399693
Chain
	Aln	1	+HG004_ont_88_start_957784 10 14971 15000 -edge_1_0_+disjointig_1_0_999690 957788 972749 999690 -1 -1 11984 0.0424918
Chain
	Aln	0	-HG004_ont_88_start_957784 28 14989 15000 +edge_1_0_+disjointig_1_0_999690 26940 41901 999690 -1 -1 11984 0.0424918
Chain
	Aln	1	+HG004_ont_89_start_234186 1 14998 15000 -edge_1_0_+disjointig_1_0_999690 234181 249178 999690 -1 -1 12203 0.0412647
Chain
	Aln	0	-HG004_ont_89_start_234186 1 14998 15000 +edge_1_0_+disjointig_1_0_999690 750511 765508 999690 -1 -1 12203 0.0412647
Chain
	Aln	1	+HG004_ont_90_start_392067 18 14998 15000 -edge_1_0_+disjointig_1_0_999690 392079 407059 999690 -1 -1 12282 0.0422274
Chain
	Aln	0	-HG004_ont_90_start_392067 1 14981 15000 +edge_1_0_+disjointig_1_0_999690 592630 607610 999690 -1 -1 12282 0.0422274
Chain
	Aln	1	+HG004_ont_91_start_265158 1 14994 15000 -edge_1_0_+disjointig_1_0_999690 265153 280146 999690 -1 -1 12057 0.0428041
Chain
	Aln	0	-HG004_ont_91_start_265158 5 14998 15000 +edge_1_0_+disjointig_1_0_999690 719543 734536 999690 -1 -1 12057 0.0428041
Chain
	Aln	1	+HG004_ont_92_start_954754 1 14972 15000 -edge_1_0_+disjointig_1_0_999690 954749 969720 999690 -1 -1 12468 0.0413449
Chain
	Aln	0	-HG004_ont_92_start_954754 27 14998 15000 +edge_1_0_+disjointig_1_0_999690 29969 44940 999690 -1 -1 12468 0.0413449
Chain
	Aln	1	+HG004_ont_93_start_315127 1 14998 15000 -edge_1_0_+disjointig_1_0_999690 315122 330119 999690 -1 -1 12201 0.0432109
Chain
	Aln	0	-HG004_ont_93_start_315127 1 14998 15000 +edge_1_0_+disjointig_1_0_999690 669570 684567 999690 -1 -1 12201 0.0432109
Chain
	Aln	1	+HG004_ont_94_start_891732 3 14998 15000 -edge_1_0_+disjointig_1_0_999690 891729 906724 999690 -1 -1 12581 0.0384607
Chain
	Aln	0	-HG004_ont_94_start_891732 1 14996 15000 +edge_1_0_+disjointig_1_0_999690 92965 107960 999690 -1 -1 12581 0.0384607
Chain
	Aln	1	+HG004_ont_95_start_497724 1 14995 15000 -edge_1_0_+disjointig_1_0_999690 497719 512713 999690 -1 -1 11959 0.0416657
Chain
	Aln	0	-HG004_ont_95_start_497724 4 14998 15000 +edge_1_0_+disjointig_1_0_999690 486976 501970 999690 -1 -1 11959 0.0416657
Chain
	Aln	1	+HG004_ont_96_start_461981 1 14998 15000 -edge_1_0_+disjointig_1_0_999690 461976 476973 999690 -1 -1 12516 0.0372812
Chain
	Aln	0	-HG004_ont_96_start_461981 1 14998 15000 +edge_1_0_+disjointig_1_0_999690 522716 537713 999690 -1 -1 12516 0.0372812
Chain
	Aln	1	+HG004_ont_97_start_691860 7 14998 15000 -edge_1_0_+disjointig_1_0_999690 691861 706852 999690 -1 -1 12103 0.040643
Chain
	Aln	0	-HG004_ont_97_start_691860 1 14992 15000 +edge_1_0_+disjointig_1_0_999690 292837 307828 999690 -1 -1 12103 0.040643
Chain
	Aln	1	+HG004_ont_98_start_939093 0 14983 15000 -edge_1_0_+disjointig_1_0_999690 939087 954070 999690 -1 -1 12272 0.0406664
Chain
	Aln	0	-HG004_ont_98_start_939093 16 14999 15000 +edge_1_0_+disjointig_1_0_999690 45619 60602 999690 -1 -1 12272 0.0406664
Chain
	Aln	1	+HG004_ont_100_start_869978 1 14986 15000 -edge_1_0_+disjointig_1_0_999690 869973 884958 999690 -1 -1 12370 0.0386861
Chain
	Aln	0	-HG004_ont_100_start_869978 13 14998 15000 +edge_1_0_+disjointig_1_0_999690 114731 129716 999690 -1 -1 12370 0.0386861
Chain
	Aln	1	+HG004_ont_99_start_625373 40 14998 15000 -edge_1_0_+disjointig_1_0_999690 625407 640365 999690 -1 -1 12324 0.0411669
Chain
	Aln	0	-HG004_ont_99_start_625373 1 14959 15000 +edge_1_0_+disjointig_1_0_999690 359324 374282 999690 -1 -1 12324 0.0411669
Chain
	Aln	1	+HG004_ont_101_start_499455 5 14998 15000 -edge_1_0_+disjointig_1_0_999690 499454 514447 999690 -1 -1 12030 0.0436797
Chain
	Aln	0	-HG004_ont_101_start_499455 1 14994 15000 +edge_1_0_+disjointig_1_0_999690 485242 500235 999690 -1 -1 12030 0.0436797
Chain
	Aln	1	+HG004_ont_102_start_595379 1 14972 15000 -edge_1_0_+disjointig_1_0_999690 595374 610345 999690 -1 -1 12445 0.0401431
Chain
	Aln	0	-HG004_ont_102_start_595379 27 14998 15000 +edge_1_0_+disjointig_1_0_999690 389344 404315 999690 -1 -1 12445 0.0401431
Chain
	Aln	1	+HG004_ont_103_start_743068 47 14998 15000 -edge_1_0_+disjointig_1_0_999690 743109 758060 999690 -1 -1 12236 0.0426147
Chain
	Aln	0	-HG004_ont_103_start_743068 1 14952 15000 +edge_1_0_+disjointig_1_0_999690 241629 256580 999690 -1 -1 12236 0.0426147
Chain
	Aln	1	+HG004_ont_104_start_354782 0 14998 15000 -edge_1_0_+disjointig_1_0_999690 354776 369774 999690 -1 -1 12324 0.0432558
Chain
	Aln	0	-HG004_ont_104_start_354782 1 14999 15000 +edge_1_0_+disjointig_1_0_999690 629915 644913 999690 -1 -1 12324 0.0432558
Chain
	Aln	1	+HG004_ont_105_start_975751 8 14993 15000 -edge_1_0_+disjointig_1_0_999690 975753 990738 999690 -1 -1 11929 0.0418699
Chain
	Aln	0	-HG004_ont_105_start_975751 6 14991 15000 +edge_1_0_+disjointig_1_0_999690 8951 23936 999690 -1 -1 11929 0.0418699
Chain
	Aln	1	+HG004_ont_106_start_709710 26 14976 15000 -edge_1_0_+disjointig_1_0_999690 709730 724680 999690 -1 -1 12334 0.0395574
Chain
	Aln	0	-HG004_ont_106_start_709710 23 14973 15000 +edge_1_0_+disjointig_1_0_999690 275009 289959 999690 -1 -1 12334 0.0395574
Chain
	Aln	1	+HG004_ont_108_start_810446 3 14998 15000 -edge_1_0_+disjointig_1_0_999690 810443 825438 999690 -1 -1 12330 0.0415185
Chain
	Aln	0	-HG004_ont_108_start_810446 1 14996 15000 +edge_1_0_+disjointig_1_0_999690 174251 189246 999690 -1 -1 12330 0.0415185
Chain
	Aln	1	+HG004_ont_107_start_97884 1 14970 15000 -edge_1_0_+disjointig_1_0_999690 97879 112848 999690 -1 -1 12378 0.0401586
Chain
	Aln	0	-HG004_ont_107_start_97884 29 14998 15000 +edge_1_0_+disjointig_1_0_999690 886841 901810 999690 -1 -1 12378 0.0401586
Chain
	Aln	1	+HG004_ont_109_start_275096 1 14988 15000 -edge_1_0_+disjointig_1_0_999690 275091 290078 999690 -1 -1 12144 0.0418218
Chain
	Aln	0	-HG004_ont_109_start_275096 11 14998 15000 +edge_1_0_+disjointig_1_0_999690 709611 724598 999690 -1 -1 12144 0.0418218
Chain
	Aln	1	+HG004_ont_110_start_144320 11 14997 15000 -edge_1_0_+disjointig_1_0_999690 144325 159311 999690 -1 -1 12228 0.0405217
Chain
	Aln	0	-HG004_ont_110_start_144320 2 14988 15000 +edge_1_0_+disjointig_1_0_999690 840378 855364 999690 -1 -1 12228 0.0405217
Chain
	Aln	1	+HG004_ont_111_start_22906 10 14989 15000 -edge_1_0_+disjointig_1_0_999690 22910 37889 999690 -1 -1 11900 0.0432467
Chain
	Aln	0	-HG004_ont_111_start_22906 10 14989 15000 +edge_1_0_+disjointig_1_0_999690 961800 976779 999690 -1 -1 11900 0.0432467
Chain
	Aln	1	+HG004_ont_112_start_422543 1 14997 15000 -edge_1_0_+disjointig_1_0_999690 422538 437534 999690 -1 -1 12506 0.0396457
Chain
	Aln	0	-HG004_ont_112_start_422543 2 14998 15000 +edge_1_0_+disjointig_1_0_999690 562155 577151 999690 -1 -1 12506 0.0396457
Chain
	Aln	1	+HG004_ont_113_start_901441 0 14986 15000 -edge_1_0_+disjointig_1_0_999690 901435 916421 999690 -1 -1 12216 0.0442321
Chain
	Aln	0	-HG004_ont_113_start_901441 13 14999 15000 +edge_1_0_+disjointig_1_0_999690 83268 98254 999690 -1 -1 12216 0.0442321
Chain
	Aln	1	+HG004_ont_114_start_822494 0 14986 15000 -edge_1_0_+disjointig_1_0_999690 822488 837474 999690 -1 -1 12276 0.0410241
Chain
	Aln	0	-HG004_ont_114_start_822494 13 14999 15000 +edge_1_0_+disjointig_1_0_999690 162215 177201 999690 -1 -1 12276 0.0410241
Chain
	Aln	1	+HG004_ont_115_start_976406 19 14993 15000 -edge_1_0_+disjointig_1_0_999690 976419 991393 999690 -1 -1 12477 0.0372427
Chain
	Aln	0	-HG004_ont_115_start_976406 6 14980 15000 +edge_1_0_+disjointig_1_0_999690 8296 23270 999690 -1 -1 12477 0.0372427
Chain
	Aln	1	+HG004_ont_116_start_161986 0 14980 15000 -edge_1_0_+disjointig_1_0_999690 161980 176960 999690 -1 -1 12622 0.0409218
Chain
	Aln	0	-HG004_ont_116_start_161986 19 14999 15000 +edge_1_0_+disjointig_1_0_999690 822729 837709 999690 -1 -1 12622 0.0409218
Chain
	Aln	1	+HG004_ont_117_start_687853 14 14998 15000 -edge_1_0_+disjointig_1_0_999690 687861 702845 999690 -1 -1 12012 0.0424851
Chain
	Aln	0	-HG004_ont_117_start_687853 1 14985 15000 +edge_1_0_+disjointig_1_0_999690 296844 311828 999690 -1 -1 12012 0.0424851
Chain
	Aln	1	+HG004_ont_118_start_591470 31 14998 15000 -edge_1_0_+disjointig_1_0_999690 591495 606462 999690 -1 -1 11926 0.0436436
Chain
	Aln	0	-HG004_ont_118_start_591470 1 14968 15000 +edge_1_0_+disjointig_1_0_999690 393227 408194 999690 -1 -1 11926 0.0436436
Chain
	Aln	1	+HG004_ont_119_start_291664 3 14998 15000 -edge_1_0_+disjointig_1_0_999690 291661 306656 999690 -1 -1 12039 0.0438774
Chain
	Aln	0	-HG004_ont_119_start_291664 1 14996 15000 +edge_1_0_+disjointig_1_0_999690 693033 708028 999690 -1 -1 12039 0.0438774
Chain
	Aln	1	+HG004_ont_120_start_507873 8 14998 15000 -edge_1_0_+disjointig_1_0_999690 507875 522865 999690 -1 -1 12448 0.0396991
Chain
	Aln	0	-HG004_ont_120_start_507873 1 14991 15000 +edge_1_0_+disjointig_1_0_999690 476824 491814 999690 -1 -1 12448 0.0396991
Chain
	Aln	1	+HG004_ont_122_start_285346 12 14996 15000 -edge_1_0_+disjointig_1_0_999690 285352 300336 999690 -1 -1 12391 0.0392533
Chain
	Aln	0	-HG004_ont_122_start_285346 3 14987 15000 +edge_1_0_+disjointig_1_0_999690 699353 714337 999690 -1 -1 12391 0.0392533
Chain
	Aln	1	+HG004_ont_121_start_631907 18 14979 15000 -edge_1_0_+disjointig_1_0_999690 631919 646880 999690 -1 -1 12420 0.0384556
Chain
	Aln	0	-HG004_ont_121_start_631907 20 14981 15000 +edge_1_0_+disjointig_1_0_999690 352809 367770 999690 -1 -1 12420 0.0384556
Chain
	Aln	1	+HG004_ont_123_start_686140 10 14998 15000 -edge_1_0_+disjointig_1_0_999690 686144 701132 999690 -1 -1 11925 0.0403968
Chain
	Aln	0	-HG004_ont_123_start_686140 1 14989 15000 +edge_1_0_+disjointig_1_0_999690 298557 313545 999690 -1 -1 11925 0.0403968
Chain
	Aln	1	+HG004_ont_124_start_382634 15 14982 15000 -edge_1_0_+disjointig_1_0_999690 382643 397610 999690 -1 -1 12180 0.0405723
Chain
	Aln	0	-HG004_ont_124_start_382634 17 14984 15000 +edge_1_0_+disjointig_1_0_999690 602079 617046 999690 -1 -1 12180 0.0405723
Chain
	Aln	1	+HG004_ont_125_start_62271 12 14998 15000 -edge_1_0_+disjointig_1_0_999690 62277 77263 999690 -1 -1 12177 0.0423235
Chain
	Aln	0	-HG004_ont_125_start_62271 1 14987 15000 +edge_1_0_+disjointig_1_0_999690 922426 937412 999690 -1 -1 12177 0.0423235
Chain
	Aln	1	+HG004_ont_126_start_547671 1 14983 15000 -edge_1_0_+disjointig_1_0_999690 547666 562648 999690 -1 -1 12636 0.0385986
Chain
	Aln	0	-HG004_ont_126_start_547671 16 14998 15000 +edge_1_0_+disjointig_1_0_999690 437041 452023 999690 -1 -1 12636 0.0385986
Chain
	Aln	1	+HG004_ont_127_start_75646 4 14987 15000 -edge_1_0_+disjointig_1_0_999690 75644 90627 999690 -1 -1 12397 0.038595
Chain
	Aln	0	-HG004_ont_127_start_75646 12 14995 15000 +edge_1_0_+disjointig_1_0_999690 909062 924045 999690 -1 -1 12397 0.038595
Chain
	Aln	1	+HG004_ont_128_start_184594 1 14986 15000 -edge_1_0_+disjointig_1_0_999690 184589 199574 999690 -1 -1 12143 0.0418219
Chain
	Aln	0	-HG004_ont_128_start_184594 13 14998 15000 +edge_1_0_+disjointig_1_0_999690 800115 815100 999690 -1 -1 12143 0.0418219
Chain
	Aln	1	+HG004_ont_130_start_920787 0 14998 15000 -edge_1_0_+disjointig_1_0_999690 920781 935779 999690 -1 -1 12191 0.0430352
Chain
	Aln	0	-HG004_ont_130_start_920787 1 14999 15000 +edge_1_0_+disjointig_1_0_999690 63910 78908 999690 -1 -1 12191 0.0430352
Chain
	Aln	1	+HG004_ont_129_start_14190 21 14972 15000 -edge_1_0_+disjointig_1_0_999690 14205 29156 999690 -1 -1 12114 0.0406505
Chain
	Aln	0	-HG004_ont_129_start_14190 27 14978 15000 +edge_1_0_+disjointig_1_0_999690 970533 985484 999690 -1 -1 12114 0.0406505
Chain
	Aln	1	+HG004_ont_131_start_439656 14 14985 15000 -edge_1_0_+disjointig_1_0_999690 439664 454635 999690 -1 -1 12148 0.043808
Chain
	Aln	0	-HG004_ont_131_start_439656 14 14985 15000 +edge_1_0_+disjointig_1_0_999690 545054 560025 999690 -1 -1 12148 0.043808
Chain
	Aln	1	+HG004_ont_133_start_951307 37 14995 15000 -edge_1_0_+disjointig_1_0_999690 951338 966296 999690 -1 -1 12480 0.0409456
Chain
	Aln	0	-HG004_ont_133_start_951307 4 14962 15000 +edge_1_0_+disjointig_1_0_999690 33393 48351 999690 -1 -1 12480 0.0409456
Chain
	Aln	1	+HG004_ont_132_start_838871 1 14984 15000 -edge_1_0_+disjointig_1_0_999690 838866 853849 999690 -1 -1 12141 0.0409414
Chain
	Aln	0	-HG004_ont_132_start_838871 15 14998 15000 +edge_1_0_+disjointig_1_0_999690 145840 160823 999690 -1 -1 12141 0.0409414
Chain
	Aln	1	+HG004_ont_134_start_551139 3 14998 15000 -edge_1_0_+disjointig_1_0_999690 551136 566131 999690 -1 -1 11862 0.0444175
Chain
	Aln	0	-HG004_ont_134_start_551139 1 14996 15000 +edge_1_0_+disjointig_1_0_999690 433558 448553 999690 -1 -1 11862 0.0444175
Chain
	Aln	1	+HG004_ont_135_start_197528 10 14998 15000 -edge_1_0_+disjointig_1_0_999690 197532 212520 999690 -1 -1 12372 0.0402799
Chain
	Aln	0	-HG004_ont_135_start_197528 1 14989 15000 +edge_1_0_+disjointig_1_0_999690 787169 802157 999690 -1 -1 12372 0.0402799
Chain
	Aln	1	+HG004_ont_136_start_475933 15 14991 15000 -edge_1_0_+disjointig_1_0_999690 475942 490918 999690 -1 -1 12275 0.0396211
Chain
	Aln	0	-HG004_ont_136_start_475933 8 14984 15000 +edge_1_0_+disjointig_1_0_999690 508771 523747 999690 -1 -1 12275 0.0396211
Chain
	Aln	1	+HG004_ont_137_start_865816 1 14993 15000 -edge_1_0_+disjointig_1_0_999690 865811 880803 999690 -1 -1 12195 0.04246
Chain
	Aln	0	-HG004_ont_137_start_865816 6 14998 15000 +edge_1_0_+disjointig_1_0_999690 118886 133878 999690 -1 -1 12195 0.04246
Chain
	Aln	1	+HG004_ont_138_start_113926 1 14983 15000 -edge_1_0_+disjointig_1_0_999690 113921 128903 999690 -1 -1 12386 0.0416585
Chain
	Aln	0	-HG004_ont_138_start_113926 16 14998 15000 +edge_1_0_+disjointig_1_0_999690 870786 885768 999690 -1 -1 12386 0.0416585
Chain
	Aln	1	+HG004_ont_139_start_356921 1 14998 15000 -edge_1_0_+disjointig_1_0_999690 356916 371913 999690 -1 -1 12173 0.0421414
Chain
	Aln	0	-HG004_ont_139_start_356921 1 14998 15000 +edge_1_0_+disjointig_1_0_999690 627776 642773 999690 -1 -1 12173 0.0421414
Chain
	Aln	1	+HG004_ont_141_start_250458 8 14976 15000 -edge_1_0_+disjointig_1_0_999690 250460 265428 999690 -1 -1 12483 0.0410876
Chain
	Aln	0	-HG004_ont_141_start_250458 23 14991 15000 +edge_1_0_+disjointig_1_0_999690 734261 749229 999690 -1 -1 12483 0.0410876
Chain
	Aln	1	+HG004_ont_140_start_402527 1 14998 15000 -edge_1_0_+disjointig_1_0_999690 402522 417519 999690 -1 -1 12217 0.0416616
Chain
	Aln	0	-HG004_ont_140_start_402527 1 14998 15000 +edge_1_0_+disjointig_1_0_999690 582170 597167 999690 -1 -1 12217 0.0416616
Chain
	Aln	1	+HG004_ont_142_start_495819 10 14963 15000 -edge_1_0_+disjointig_1_0_999690 495823 510776 999690 -1 -1 12216 0.0417521
Chain
	Aln	0	-HG004_ont_142_start_495819 36 14989 15000 +edge_1_0_+disjointig_1_0_999690 488913 503866 999690 -1 -1 12216 0.0417521
Chain
	Aln	1	+HG004_ont_143_start_438522 11 14998 15000 -edge_1_0_+disjointig_1_0_999690 438527 453514 999690 -1 -1 12536 0.0373308
Chain
	Aln	0	-HG004_ont_143_start_438522 1 14988 15000 +edge_1_0_+disjointig_1_0_999690 546175 561162 999690 -1 -1 12536 0.0373308
Chain
	Aln	1	+HG004_ont_144_start_500353 1 14998 15000 -edge_1_0_+disjointig_1_0_999690 500348 515345 999690 -1 -1 12234 0.0420371
Chain
	Aln	0	-HG004_ont_144_start_500353 1 14998 15000 +edge_1_0_+disjointig_1_0_999690 484344 499341 999690 -1 -1 12234 0.0420371
Chain
	Aln	1	+HG004_ont_145_start_860322 0 14945 15000 -edge_1_0_+disjointig_1_0_999690 860316 875261 999690 -1 -1 12409 0.0409497
Chain
	Aln	0	-HG004_ont_145_start_860322 54 14999 15000 +edge_1_0_+disjointig_1_0_999690 124428 139373 999690 -1 -1 12409 0.0409497
Chain
	Aln	1	+HG004_ont_146_start_850744 1 14998 15000 -edge_1_0_+disjointig_1_0_999690 850739 865736 999690 -1 -1 12147 0.0409491
Chain
	Aln	0	-HG004_ont_146_start_850744 1 14998 15000 +edge_1_0_+disjointig_1_0_999690 133953 148950 999690 -1 -1 12147 0.0409491
Chain
	Aln	1	+HG004_ont_147_start_174502 1 14998 15000 -edge_1_0_+disjointig_1_0_999690 174497 189494 999690 -1 -1 12291 0.0424796
Chain
	Aln	0	-HG004_ont_147_start_174502 1 14998 15000 +edge_1_0_+disjointig_1_0_999690 810195 825192 999690 -1 -1 12291 0.0424796
Chain
	Aln	1	+HG004_ont_148_start_8830 1 14990 15000 -edge_1_0_+disjointig_1_0_999690 8825 23814 999690 -1 -1 12326 0.040643
Chain
	Aln	0	-HG004_ont_148_start_8830 9 14998 15000 +edge_1_0_+disjointig_1_0_999690 975875 990864 999690 -1 -1 12326 0.040643
Chain
	Aln	1	+HG004_ont_150_start_543473 2 14990 15000 -edge_1_0_+disjointig_1_0_999690 543469 558457 999690 -1 -1 12228 0.0407802
Chain
	Aln	0	-HG004_ont_150_start_543473 9 14997 15000 +edge_1_0_+disjointig_1_0_999690 441232 456220 999690 -1 -1 12228 0.0407802
Chain
	Aln	1	+HG004_ont_149_start_267273 34 14998 15000 -edge_1_0_+disjointig_1_0_999690 267301 282265 999690 -1 -1 12375 0.0400379
Chain
	Aln	0	-HG004_ont_149_start_267273 1 14965 15000 +edge_1_0_+disjointig_1_0_999690 717424 732388 999690 -1 -1 12375 0.0400379
Chain
	Aln	1	+HG004_ont_151_start_518042 0 14971 15000 -edge_1_0_+disjointig_1_0_999690 518036 533007 999690 -1 -1 12551 0.0350663
Chain
	Aln	0	-HG004_ont_151_start_518042 28 14999 15000 +edge_1_0_+disjointig_1_0_999690 466682 481653 999690 -1 -1 12551 0.0350663
Chain
	Aln	1	+HG004_ont_152_start_239473 1 14987 15000 -edge_1_0_+disjointig_1_0_999690 239468 254454 999690 -1 -1 12457 0.0393683
Chain
	Aln	0	-HG004_ont_152_start_239473 12 14998 15000 +edge_1_0_+disjointig_1_0_999690 745235 760221 999690 -1 -1 12457 0.0393683
Chain
	Aln	1	+HG004_ont_154_start_619510 1 14988 15000 -edge_1_0_+disjointig_1_0_999690 619505 634492 999690 -1 -1 12142 0.0423516
Chain
	Aln	0	-HG004_ont_154_start_619510 11 14998 15000 +edge_1_0_+disjointig_1_0_999690 365197 380184 999690 -1 -1 12142 0.0423516
Chain
	Aln	1	+HG004_ont_153_start_326524 1 14993 15000 -edge_1_0_+disjointig_1_0_999690 326519 341511 999690 -1 -1 12010 0.0434453
Chain
	Aln	0	-HG004_ont_153_start_326524 6 14998 15000 +edge_1_0_+disjointig_1_0_999690 658178 673170 999690 -1 -1 12010 0.0434453
Chain
	Aln	1	+HG004_ont_155_start_254493 1 14989 15000 -edge_1_0_+disjointig_1_0_999690 254488 269476 999690 -1 -1 11997 0.0432738
Chain
	Aln	0	-HG004_ont_155_start_254493 10 14998 15000 +edge_1_0_+disjointig_1_0_999690 730213 745201 999690 -1 -1 11997 0.0432738
Chain
	Aln	1	+HG004_ont_156_start_913294 22 14998 15000 -edge_1_0_+disjointig_1_0_999690 913310 928286 999690 -1 -1 12320 0.040639
Chain
	Aln	0	-HG004_ont_156_start_913294 1 14977 15000 +edge_1_0_+disjointig_1_0_999690 71403 86379 999690 -1 -1 12320 0.040639
Chain
	Aln	1	+HG004_ont_157_start_504997 5 14973 15000 -edge_1_0_+disjointig_1_0_999690 504996 519964 999690 -1 -1 12155 0.0400226
Chain
	Aln	0	-HG004_ont_157_start_504997 26 14994 15000 +edge_1_0_+disjointig_1_0_999690 479725 494693 999690 -1 -1 12155 0.0400226
Chain
	Aln	1	+HG004_ont_158_start_142162 22 14998 15000 -edge_1_0_+disjointig_1_0_999690 142178 157154 999690 -1 -1 12383 0.0394058
Chain
	Aln	0	-HG004_ont_158_start_142162 1 14977 15000 +edge_1_0_+disjointig_1_0_999690 842535 857511 999690 -1 -1 12383 0.0394058
Chain
	Aln	1	+HG004_ont_159_start_774837 10 14993 15000 -edge_1_0_+disjointig_1_0_999690 774841 789824 999690 -1 -1 12080 0.0423198
Chain
	Aln	0	-HG004_ont_159_start_774837 6 14989 15000 +edge_1_0_+disjointig_1_0_999690 209865 224848 999690 -1 -1 12080 0.0423198
Chain
	Aln	1	+HG004_ont_160_start_558728 1 14998 15000 -edge_1_0_+disjointig_1_0_999690 558723 573720 999690 -1 -1 12009 0.0417891
Chain
	Aln	0	-HG004_ont_160_start_558728 1 14998 15000 +edge_1_0_+disjointig_1_0_999690 425969 440966 999690 -1 -1 12009 0.0417891
Chain
	Aln	1	+HG004_ont_161_start_167006 10 14989 15000 -edge_1_0_+disjointig_1_0_999690 167010 181989 999690 -1 -1 12121 0.0404551
Chain
	Aln	0	-HG004_ont_161_start_167006 10 14989 15000 +edge_1_0_+disjointig_1_0_999690 817700 832679 999690 -1 -1 12121 0.0404551
Chain
	Aln	1	+HG004_ont_162_start_292870 6 14976 15000 -edge_1_0_+disjointig_1_0_999690 292870 307840 999690 -1 -1 12039 0.0435152
Chain
	Aln	0	-HG004_ont_162_start_292870 23 14993 15000 +edge_1_0_+disjointig_1_0_999690 691849 706819 999690 -1 -1 12039 0.0435152
Chain
	Aln	1	+HG004_ont_163_start_982021 16 14998 15000 -edge_1_0_+disjointig_1_0_999690 982031 997013 999690 -1 -1 12373 0.0397526
Chain
	Aln	0	-HG004_ont_163_start_982021 1 14983 15000 +edge_1_0_+disjointig_1_0_999690 2676 17658 999690 -1 -1 12373 0.0397526
Chain
	Aln	1	+HG004_ont_164_start_636923 1 14995 15000 -edge_1_0_+disjointig_1_0_999690 636918 651912 999690 -1 -1 12244 0.0413083
Chain
	Aln	0	-HG004_ont_164_start_636923 4 14998 15000 +edge_1_0_+disjointig_1_0_999690 347777 362771 999690 -1 -1 12244 0.0413083
Chain
	Aln	1	+HG004_ont_165_start_147960 0 14998 15000 -edge_1_0_+disjointig_1_0_999690 147954 162952 999690 -1 -1 12564 0.0393311
Chain
	Aln	0	-HG004_ont_165_start_147960 1 14999 15000 +edge_1_0_+disjointig_1_0_999690 836737 851735 999690 -1 -1 12564 0.0393311
Chain
	Aln	1	+HG004_ont_166_start_210365 1 14998 15000 -edge_1_0_+disjointig_1_0_999690 210360 225357 999690 -1 -1 12256 0.0399737
Chain
	Aln	0	-HG004_ont_166_start_210365 1 14998 15000 +edge_1_0_+disjointig_1_0_999690 774332 789329 999690 -1 -1 12256 0.0399737
Chain
	Aln	1	+HG004_ont_167_start_343928 13 14951 15000 -edge_1_0_+disjointig_1_0_999690 343935 358873 999690 -1 -1 12053 0.0431428
Chain
	Aln	0	-HG004_ont_167_start_343928 48 14986 15000 +edge_1_0_+disjointig_1_0_999690 640816 655754 999690 -1 -1 12053 0.0431428
Chain
	Aln	1	+HG004_ont_168_start_218588 0 14998 15000 -edge_1_0_+disjointig_1_0_999690 218582 233580 999690 -1 -1 12168 0.0416735
Chain
	Aln	0	-HG004_ont_168_start_218588 1 14999 15000 +edge_1_0_+disjointig_1_0_999690 766109 781107 999690 -1 -1 12168 0.0416735
Chain
	Aln	1	+HG004_ont_169_start_623113 2 14998 15000 -edge_1_0_+disjointig_1_0_999690 623109 638105 999690 -1 -1 12412 0.0416338
Chain
	Aln	0	-HG004_ont_169_start_623113 1 14997 15000 +edge_1_0_+disjointig_1_0_999690 361584 376580 999690 -1 -1 12412 0.0416338
Chain
	Aln	1	+HG004_ont_171_start_292925 0 14997 15000 -edge_1_0_+disjointig_1_0_999690 292919 307916 999690 -1 -1 12141 0.041885
Chain
	Aln	0	-HG004_ont_171_start_292925 2 14999 15000 +edge_1_0_+disjointig_1_0_999690 691773 706770 999690 -1 -1 12141 0.041885
Chain
	Aln	1	+HG004_ont_170_start_6013 1 14998 15000 -edge_1_0_+disjointig_1_0_999690 6008 21005 999690 -1 -1 12580 0.0381151
Chain
	Aln	0	-HG004_ont_170_start_6013 1 14998 15000 +edge_1_0_+disjointig_1_0_999690 978684 993681 999690 -1 -1 12580 0.0381151
Chain
	Aln	1	+HG004_ont_172_start_846072 1 14998 15000 -edge_1_0_+disjointig_1_0_999690 846067 861064 999690 -1 -1 12048 0.0426332
Chain
	Aln	0	-HG004_ont_172_start_846072 1 14998 15000 +edge_1_0_+disjointig_1_0_999690 138625 153622 999690 -1 -1 12048 0.0426332
Chain
	Aln	1	+HG004_ont_173_start_479650 1 14985 15000 -edge_1_0_+disjointig_1_0_999690 479645 494629 999690 -1 -1 12146 0.0429558
Chain
	Aln	0	-HG004_ont_173_start_479650 14 14998 15000 +edge_1_0_+disjointig_1_0_999690 505060 520044 999690 -1 -1 12146 0.0429558
Chain
	Aln	1	+HG004_ont_174_start_276220 17 14977 15000 -edge_1_0_+disjointig_1_0_999690 276231 291191 999690 -1 -1 12362 0.0388918
Chain
	Aln	0	-HG004_ont_174_start_276220 22 14982 15000 +edge_1_0_+disjointig_1_0_999690 708498 723458 999690 -1 -1 12362 0.0388918
Chain
	Aln	1	+HG004_ont_175_start_215273 8 14998 15000 -edge_1_0_+disjointig_1_0_999690 215275 230265 999690 -1 -1 12140 0.0402255
Chain
	Aln	0	-HG004_ont_175_start_215273 1 14991 15000 +edge_1_0_+disjointig_1_0_999690 769424 784414 999690 -1 -1 12140 0.0402255
Chain
	Aln	1	+HG004_ont_176_start_522495 1 14989 15000 -edge_1_0_+disjointig_1_0_999690 522490 537478 999690 -1 -1 12624 0.0403111
Chain
	Aln	0	-HG004_ont_176_start_522495 10 14998 15000 +edge_1_0_+disjointig_1_0_999690 462211 477199 999690 -1 -1 12624 0.0403111
Chain
	Aln	1	+HG004_ont_177_start_64310 1 14998 15000 -edge_1_0_+disjointig_1_0_999690 64305 79302 999690 -1 -1 12570 0.0394038
Chain
	Aln	0	-HG004_ont_177_start_64310 1 14998 15000 +edge_1_0_+disjointig_1_0_999690 920387 935384 999690 -1 -1 12570 0.0394038
Chain
	Aln	1	+HG004_ont_178_start_453412 1 14973 15000 -edge_1_0_+disjointig_1_0_999690 453407 468379 999690 -1 -1 12273 0.0427866
Chain
	Aln	0	-HG004_ont_178_start_453412 26 14998 15000 +edge_1_0_+disjointig_1_0_999690 531310 546282 999690 -1 -1 12273 0.0427866
Chain
	Aln	1	+HG004_ont_179_start_83232 1 14998 15000 -edge_1_0_+disjointig_1_0_999690 83227 98224 999690 -1 -1 12554 0.0401442
Chain
	Aln	0	-HG004_ont_179_start_83232 1 14998 15000 +edge_1_0_+disjointig_1_0_999690 901465 916462 999690 -1 -1 12554 0.0401442
Chain
	Aln	1	+HG004_ont_180_start_42504 24 14998 15000 -edge_1_0_+disjointig_1_0_999690 42522 57496 999690 -1 -1 12335 0.0398912
Chain
	Aln	0	-HG004_ont_180_start_42504 1 14975 15000 +edge_1_0_+disjointig_1_0_999690 942193 957167 999690 -1 -1 12335 0.0398912
Chain
	Aln	1	+HG004_ont_181_start_939423 0 14998 15000 -edge_1_0_+disjointig_1_0_999690 939417 954415 999690 -1 -1 12308 0.0405688
Chain
	Aln	0	-HG004_ont_181_start_939423 1 14999 15000 +edge_1_0_+disjointig_1_0_999690 45274 60272 999690 -1 -1 12308 0.0405688
Chain
	Aln	1	+HG004_ont_182_start_878470 37 14990 15000 -edge_1_0_+disjointig_1_0_999690 878501 893454 999690 -1 -1 12144 0.0418162
Chain
	Aln	0	-HG004_ont_182_start_878470 9 14962 15000 +edge_1_0_+disjointig_1_0_999690 106235 121188 999690 -1 -1 12144 0.0418162
Chain
	Aln	1	+HG004_ont_183_start_43162 27 14989 15000 -edge_1_0_+disjointig_1_0_999690 43183 58145 999690 -1 -1 12514 0.0383538
Chain
	Aln	0	-HG004_ont_183_start_43162 10 14972 15000 +edge_1_0_+disjointig_1_0_999690 941544 956506 999690 -1 -1 12514 0.0383538
Chain
	Aln	1	+HG004_ont_184_start_750949 16 14995 15000 -edge_1_0_+disjointig_1_0_999690 750959 765938 999690 -1 -1 12457 0.0377677
Chain
	Aln	0	-HG004_ont_184_start_750949 4 14983 15000 +edge_1_0_+disjointig_1_0_999690 233751 248730 999690 -1 -1 12457 0.0377677
Chain
	Aln	1	+HG004_ont_185_start_260553 13 14998 15000 -edge_1_0_+disjointig_1_0_999690 260560 275545 999690 -1 -1 12358 0.0398802
Chain
	Aln	0	-HG004_ont_185_start_260553 1 14986 15000 +edge_1_0_+disjointig_1_0_999690 724144 739129 999690 -1 -1 12358 0.0398802
Chain
	Aln	1	+HG004_ont_186_start_136104 1 14998 15000 -edge_1_0_+disjointig_1_0_999690 136099 151096 999690 -1 -1 12053 0.0423344
Chain
	Aln	0	-HG004_ont_186_start_136104 1 14998 15000 +edge_1_0_+disjointig_1_0_999690 848593 863590 999690 -1 -1 12053 0.0423344
Chain
	Aln	1	+HG004_ont_187_start_930899 0 14998 15000 -edge_1_0_+disjointig_1_0_999690 930893 945891 999690 -1 -1 12541 0.0413795
Chain
	Aln	0	-HG004_ont_187_start_930899 1 14999 15000 +edge_1_0_+disjointig_1_0_999690 53798 68796 999690 -1 -1 12541 0.0413795
Chain
	Aln	1	+HG004_ont_188_start_823880 0 14989 15000 -edge_1_0_+disjointig_1_0_999690 823874 838863 999690 -1 -1 12448 0.0376355
Chain
	Aln	0	-HG004_ont_188_start_823880 10 14999 15000 +edge_1_0_+disjointig_1_0_999690 160826 175815 999690 -1 -1 12448 0.0376355
Chain
	Aln	1	+HG004_ont_189_start_268785 19 14991 15000 -edge_1_0_+disjointig_1_0_999690 268798 283770 999690 -1 -1 12582 0.0366972
Chain
	Aln	0	-HG004_ont_189_start_268785 8 14980 15000 +edge_1_0_+disjointig_1_0_999690 715919 730891 999690 -1 -1 12582 0.0366972
Chain
	Aln	1	+HG004_ont_191_start_600870 12 14992 15000 -edge_1_0_+disjointig_1_0_999690 600876 615856 999690 -1 -1 12657 0.0377119
Chain
	Aln	0	-HG004_ont_191_start_600870 7 14987 15000 +edge_1_0_+disjointig_1_0_999690 383833 398813 999690 -1 -1 12657 0.0377119
Chain
	Aln	1	+HG004_ont_190_start_237848 39 14998 15000 -edge_1_0_+disjointig_1_0_999690 237881 252840 999690 -1 -1 12041 0.0430617
Chain
	Aln	0	-HG004_ont_190_start_237848 1 14960 15000 +edge_1_0_+disjointig_1_0_999690 746849 761808 999690 -1 -1 12041 0.0430617
Chain
	Aln	1	+HG004_ont_192_start_575568 1 14998 15000 -edge_1_0_+disjointig_1_0_999690 575563 590560 999690 -1 -1 12098 0.0414628
Chain
	Aln	0	-HG004_ont_192_start_575568 1 14998 15000 +edge_1_0_+disjointig_1_0_999690 409129 424126 999690 -1 -1 12098 0.0414628
Chain
	Aln	1	+HG004_ont_193_start_812906 10 14986 15000 -edge_1_0_+disjointig_1_0_999690 812910 827886 999690 -1 -1 12297 0.0392065
Chain
	Aln	0	-HG004_ont_193_start_812906 13 14989 15000 +edge_1_0_+disjointig_1_0_999690 171803 186779 999690 -1 -1 12297 0.0392065
Chain
	Aln	1	+HG004_ont_194_start_823511 12 14992 15000 -edge_1_0_+disjointig_1_0_999690 823517 838497 999690 -1 -1 11868 0.0420827
Chain
	Aln	0	-HG004_ont_194_start_823511 7 14987 15000 +edge_1_0_+disjointig_1_0_999690 161192 176172 999690 -1 -1 11868 0.0420827
Chain
	Aln	1	+HG004_ont_196_start_812046 11 14998 15000 -edge_1_0_+disjointig_1_0_999690 812051 827038 999690 -1 -1 12336 0.0408077
Chain
	Aln	0	-HG004_ont_196_start_812046 1 14988 15000 +edge_1_0_+disjointig_1_0_999690 172651 187638 999690 -1 -1 12336 0.0408077
Chain
	Aln	1	+HG004_ont_195_start_365409 36 14998 15000 -edge_1_0_+disjointig_1_0_999690 365439 380401 999690 -1 -1 12471 0.0392894
Chain
	Aln	0	-HG004_ont_195_start_365409 1 14963 15000 +edge_1_0_+disjointig_1_0_999690 619288 634250 999690 -1 -1 12471 0.0392894
Chain
	Aln	1	+HG004_ont_198_start_108572 71 14977 15000 -edge_1_0_+disjointig_1_0_999690 108637 123543 999690 -1 -1 12266 0.0407881
Chain
	Aln	0	-HG004_ont_198_start_108572 22 14928 15000 +edge_1_0_+disjointig_1_0_999690 876146 891052 999690 -1 -1 12266 0.0407881
Chain
	Aln	1	+HG004_ont_197_start_773625 21 14984 15000 -edge_1_0_+disjointig_1_0_999690 773640 788603 999690 -1 -1 12605 0.0401117
Chain
	Aln	0	-HG004_ont_197_start_773625 15 14978 15000 +edge_1_0_+disjointig_1_0_999690 211086 226049 999690 -1 -1 12605 0.0401117
Chain
	Aln	1	+HG004_ont_200_start_252372 13 14997 15000 -edge_1_0_+disjointig_1_0_999690 252379 267363 999690 -1 -1 12165 0.0426713
Chain
	Aln	0	-HG004_ont_200_start_252372 2 14986 15000 +edge_1_0_+disjointig_1_0_999690 732326 747310 999690 -1 -1 12165 0.0426713
Chain
	Aln	1	+HG004_ont_199_start_941860 0 14987 15000 -edge_1_0_+disjointig_1_0_999690 941854 956841 999690 -1 -1 11949 0.0439288
Chain
	Aln	0	-HG004_ont_199_start_941860 12 14999 15000 +edge_1_0_+disjointig_1_0_999690 42848 57835 999690 -1 -1 11949 0.0439288
Chain
	Aln	1	+HG004_ont_201_start_201549 15 14981 15000 -edge_1_0_+disjointig_1_0_999690 201558 216524 999690 -1 -1 12378 0.0400225
Chain
	Aln	0	-HG004_ont_201_start_201549 18 14984 15000 +edge_1_0_+disjointig_1_0_999690 783165 798131 999690 -1 -1 12378 0.0400225
Chain
	Aln	1	+HG004_ont_202_start_21947 1 14959 15000 -edge_1_0_+disjointig_1_0_999690 21942 36900 999690 -1 -1 12518 0.0378271
Chain
	Aln	0	-HG004_ont_202_start_21947 40 14998 15000 +edge_1_0_+disjointig_1_0_999690 962789 977747 999690 -1 -1 12518 0.0378271
Chain
	Aln	1	+HG004_ont_203_start_694581 0 14998 15000 -edge_1_0_+disjointig_1_0_999690 694575 709573 999690 -1 -1 12210 0.0408351
Chain
	Aln	0	-HG004_ont_203_start_694581 1 14999 15000 +edge_1_0_+disjointig_1_0_999690 290116 305114 999690 -1 -1 12210 0.0408351
Chain
	Aln	1	+HG004_ont_204_start_52757 11 14996 15000 -edge_1_0_+disjointig_1_0_999690 52762 67747 999690 -1 -1 12260 0.0397721
Chain
	Aln	0	-HG004_ont_204_start_52757 3 14988 15000 +edge_1_0_+disjointig_1_0_999690 931942 946927 999690 -1 -1 12260 0.0397721
Chain
	Aln	1	+HG004_ont_205_start_754393 23 14998 15000 -edge_1_0_+disjointig_1_0_999690 754410 769385 999690 -1 -1 12418 0.0386468
Chain
	Aln	0	-HG004_ont_205_start_754393 1 14976 15000 +edge_1_0_+disjointig_1_0_999690 230304 245279 999690 -1 -1 12418 0.0386468
Chain
	Aln	1	+HG004_ont_206_start_98715 9 14993 15000 -edge_1_0_+disjointig_1_0_999690 98718 113702 999690 -1 -1 12249 0.0396063
Chain
	Aln	0	-HG004_ont_206_start_98715 6 14990 15000 +edge_1_0_+disjointig_1_0_999690 885987 900971 999690 -1 -1 12249 0.0396063
Chain
	Aln	1	+HG004_ont_207_start_54879 27 14998 15000 -edge_1_0_+disjointig_1_0_999690 54900 69871 999690 -1 -1 12047 0.043585
Chain
	Aln	0	-HG004_ont_207_start_54879 1 14972 15000 +edge_1_0_+disjointig_1_0_999690 929818 944789 999690 -1 -1 12047 0.043585
Chain
	Aln	1	+HG004_ont_208_start_753284 16 14990 15000 -edge_1_0_+disjointig_1_0_999690 753294 768268 999690 -1 -1 12583 0.038484
Chain
	Aln	0	-HG004_ont_208_start_753284 9 14983 15000 +edge_1_0_+disjointig_1_0_999690 231421 246395 999690 -1 -1 12583 0.038484
Chain
	Aln	1	+HG004_ont_209_start_619076 1 14965 15000 -edge_1_0_+disjointig_1_0_999690 619071 634035 999690 -1 -1 12015 0.0430323
Chain
	Aln	0	-HG004_ont_209_start_619076 34 14998 15000 +edge_1_0_+disjointig_1_0_999690 365654 380618 999690 -1 -1 12015 0.0430323
Chain
	Aln	1	+HG004_ont_210_start_834939 1 14989 15000 -edge_1_0_+disjointig_1_0_999690 834934 849922 999690 -1 -1 12255 0.0419617
Chain
	Aln	0	-HG004_ont_210_start_834939 10 14998 15000 +edge_1_0_+disjointig_1_0_999690 149767 164755 999690 -1 -1 12255 0.0419617
Chain
	Aln	1	+HG004_ont_211_start_728242 1 14994 15000 -edge_1_0_+disjointig_1_0_999690 728237 743230 999690 -1 -1 12221 0.0414868
Chain
	Aln	0	-HG004_ont_211_start_728242 5 14998 15000 +edge_1_0_+disjointig_1_0_999690 256459 271452 999690 -1 -1 12221 0.0414868
Chain
	Aln	1	+HG004_ont_212_start_934774 6 14993 15000 -edge_1_0_+disjointig_1_0_999690 934774 949761 999690 -1 -1 12336 0.0395642
Chain
	Aln	0	-HG004_ont_212_start_934774 6 14993 15000 +edge_1_0_+disjointig_1_0_999690 49928 64915 999690 -1 -1 12336 0.0395642
Chain
	Aln	1	+HG004_ont_213_start_466262 15 14975 15000 -edge_1_0_+disjointig_1_0_999690 466271 481231 999690 -1 -1 12500 0.0396738
Chain
	Aln	0	-HG004_ont_213_start_466262 24 14984 15000 +edge_1_0_+disjointig_1_0_999690 518458 533418 999690 -1 -1 12500 0.0396738
Chain
	Aln	1	+HG004_ont_214_start_785331 46 14998 15000 -edge_1_0_+disjointig_1_0_999690 785371 800323 999690 -1 -1 12209 0.0405368
Chain
	Aln	0	-HG004_ont_214_start_785331 1 14953 15000 +edge_1_0_+disjointig_1_0_999690 199366 214318 999690 -1 -1 12209 0.0405368
Chain
	Aln	1	+HG004_ont_215_start_643607 1 14985 15000 -edge_1_0_+disjointig_1_0_999690 643602 658586 999690 -1 -1 12146 0.0430864
Chain
	Aln	0	-HG004_ont_215_start_643607 14 14998 15000 +edge_1_0_+disjointig_1_0_999690 341103 356087 999690 -1 -1 12146 0.0430864
Chain
	Aln	1	+HG004_ont_216_start_269142 13 14998 15000 -edge_1_0_+disjointig_1_0_999690 269149 284134 999690 -1 -1 12292 0.0425538
Chain
	Aln	0	-HG004_ont_216_start_269142 1 14986 15000 +edge_1_0_+disjointig_1_0_999690 715555 730540 999690 -1 -1 12292 0.0425538
Chain
	Aln	1	+HG004_ont_217_start_652991 1 14998 15000 -edge_1_0_+disjointig_1_0_999690 652986 667983 999690 -1 -1 12289 0.0413439
Chain
	Aln	0	-HG004_ont_217_start_652991 1 14998 15000 +edge_1_0_+disjointig_1_0_999690 331706 346703 999690 -1 -1 12289 0.0413439
Chain
	Aln	1	+HG004_ont_218_start_194233 31 14991 15000 -edge_1_0_+disjointig_1_0_999690 194258 209218 999690 -1 -1 12388 0.0405447
Chain
	Aln	0	-HG004_ont_218_start_194233 8 14968 15000 +edge_1_0_+disjointig_1_0_999690 790471 805431 999690 -1 -1 12388 0.0405447
Chain
	Aln	1	+HG004_ont_220_start_69246 1 14997 15000 -edge_1_0_+disjointig_1_0_999690 69241 84237 999690 -1 -1 12305 0.0426212
Chain
	Aln	0	-HG004_ont_220_start_69246 2 14998 15000 +edge_1_0_+disjointig_1_0_999690 915452 930448 999690 -1 -1 12305 0.0426212
Chain
	Aln	1	+HG004_ont_219_start_288266 1 14987 15000 -edge_1_0_+disjointig_1_0_999690 288261 303247 999690 -1 -1 12199 0.0386522
Chain
	Aln	0	-HG004_ont_219_start_288266 12 14998 15000 +edge_1_0_+disjointig_1_0_999690 696442 711428 999690 -1 -1 12199 0.0386522
Chain
	Aln	1	+HG004_ont_222_start_984696 1 14998 15000 -edge_1_0_+disjointig_1_0_999690 984691 999688 999690 -1 -1 12284 0.0396342
Chain
	Aln	0	-HG004_ont_222_start_984696 1 14998 15000 +edge_1_0_+disjointig_1_0_999690 1 14998 999690 -1 -1 12284 0.0396342
Chain
	Aln	1	+HG004_ont_221_start_3831 11 14990 15000 -edge_1_0_+disjointig_1_0_999690 3836 18815 999690 -1 -1 12430 0.0386929
Chain
	Aln	0	-HG004_ont_221_start_3831 9 14988 15000 +edge_1_0_+disjointig_1_0_999690 980874 995853 999690 -1 -1 12430 0.0386929
Chain
	Aln	1	+HG004_ont_224_start_912497 1 14983 15000 -edge_1_0_+disjointig_1_0_999690 912492 927474 999690 -1 -1 12266 0.0399613
Chain
	Aln	0	-HG004_ont_224_start_912497 16 14998 15000 +edge_1_0_+disjointig_1_0_999690 72215 87197 999690 -1 -1 12266 0.0399613
Chain
	Aln	1	+HG004_ont_223_start_393057 16 14998 15000 -edge_1_0_+disjointig_1_0_999690 393067 408049 999690 -1 -1 12265 0.0402175
Chain
	Aln	0	-HG004_ont_223_start_393057 1 14983 15000 +edge_1_0_+disjointig_1_0_999690 591640 606622 999690 -1 -1 12265 0.0402175
Chain
	Aln	1	+HG004_ont_225_start_520550 1 14998 15000 -edge_1_0_+disjointig_1_0_999690 520545 535542 999690 -1 -1 12191 0.0425119
Chain
	Aln	0	-HG004_ont_225_start_520550 1 14998 15000 +edge_1_0_+disjointig_1_0_999690 464147 479144 999690 -1 -1 12191 0.0425119
Chain
	Aln	1	+HG004_ont_226_start_307764 1 14979 15000 -edge_1_0_+disjointig_1_0_999690 307759 322737 999690 -1 -1 12295 0.0404668
Chain
	Aln	0	-HG004_ont_226_start_307764 20 14998 15000 +edge_1_0_+disjointig_1_0_999690 676952 691930 999690 -1 -1 12295 0.0404668
Chain
	Aln	1	+HG004_ont_228_start_729403 0 14996 15000 -edge_1_0_+disjointig_1_0_999690 729397 744393 999690 -1 -1 12287 0.043158
Chain
	Aln	0	-HG004_ont_228_start_729403 3 14999 15000 +edge_1_0_+disjointig_1_0_999690 255296 270292 999690 -1 -1 12287 0.043158
Chain
	Aln	1	+HG004_ont_227_start_270034 1 14998 15000 -edge_1_0_+disjointig_1_0_999690 270029 285026 999690 -1 -1 12203 0.0415184
Chain
	Aln	0	-HG004_ont_227_start_270034 1 14998 15000 +edge_1_0_+disjointig_1_0_999690 714663 729660 999690 -1 -1 12203 0.0415184
Chain
	Aln	1	+HG004_ont_229_start_409785 1 14986 15000 -edge_1_0_+disjointig_1_0_999690 409780 424765 999690 -1 -1 12484 0.0402681
Chain
	Aln	0	-HG004_ont_229_start_409785 13 14998 15000 +edge_1_0_+disjointig_1_0_999690 574924 589909 999690 -1 -1 12484 0.0402681
Chain
	Aln	1	+HG004_ont_230_start_278765 14 14998 15000 -edge_1_0_+disjointig_1_0_999690 278773 293757 999690 -1 -1 12486 0.0387732
Chain
	Aln	0	-HG004_ont_230_start_278765 1 14985 15000 +edge_1_0_+disjointig_1_0_999690 705932 720916 999690 -1 -1 12486 0.0387732
Chain
	Aln	1	+HG004_ont_232_start_109520 1 14998 15000 -edge_1_0_+disjointig_1_0_999690 109515 124512 999690 -1 -1 12433 0.0395957
Chain
	Aln	0	-HG004_ont_232_start_109520 1 14998 15000 +edge_1_0_+disjointig_1_0_999690 875177 890174 999690 -1 -1 12433 0.0395957
Chain
	Aln	1	+HG004_ont_231_start_630654 0 14998 15000 -edge_1_0_+disjointig_1_0_999690 630648 645646 999690 -1 -1 12383 0.0418729
Chain
	Aln	0	-HG004_ont_231_start_630654 1 14999 15000 +edge_1_0_+disjointig_1_0_999690 354043 369041 999690 -1 -1 12383 0.0418729
Chain
	Aln	1	+HG004_ont_234_start_642299 1 14985 15000 -edge_1_0_+disjointig_1_0_999690 642294 657278 999690 -1 -1 12705 0.0368985
Chain
	Aln	0	-HG004_ont_234_start_642299 14 14998 15000 +edge_1_0_+disjointig_1_0_999690 342411 357395 999690 -1 -1 12705 0.0368985
Chain
	Aln	1	+HG004_ont_233_start_782245 0 14998 15000 -edge_1_0_+disjointig_1_0_999690 782239 797237 999690 -1 -1 12420 0.0392088
Chain
	Aln	0	-HG004_ont_233_start_782245 1 14999 15000 +edge_1_0_+disjointig_1_0_999690 202452 217450 999690 -1 -1 12420 0.0392088
Chain
	Aln	1	+HG004_ont_235_start_63631 37 14984 15000 -edge_1_0_+disjointig_1_0_999690 63662 78609 999690 -1 -1 12243 0.0431947
Chain
	Aln	0	-HG004_ont_235_start_63631 15 14962 15000 +edge_1_0_+disjointig_1_0_999690 921080 936027 999690 -1 -1 12243 0.0431947
Chain
	Aln	1	+HG004_ont_236_start_346904 3 14988 15000 -edge_1_0_+disjointig_1_0_999690 346901 361886 999690 -1 -1 12261 0.0407606
Chain
	Aln	0	-HG004_ont_236_start_346904 11 14996 15000 +edge_1_0_+disjointig_1_0_999690 637803 652788 999690 -1 -1 12261 0.0407606
Chain
	Aln	1	+HG004_ont_238_start_41566 1 14985 15000 -edge_1_0_+disjointig_1_0_999690 41561 56545 999690 -1 -1 12535 0.0403655
Chain
	Aln	0	-HG004_ont_238_start_41566 14 14998 15000 +edge_1_0_+disjointig_1_0_999690 943144 958128 999690 -1 -1 12535 0.0403655
Chain
	Aln	1	+HG004_ont_237_start_883191 0 14998 15000 -edge_1_0_+disjointig_1_0_999690 883185 898183 999690 -1 -1 12030 0.0438313
Chain
	Aln	0	-HG004_ont_237_start_883191 1 14999 15000 +edge_1_0_+disjointig_1_0_999690 101506 116504 999690 -1 -1 12030 0.0438313
Chain
	Aln	1	+HG004_ont_239_start_454200 18 14998 15000 -edge_1_0_+disjointig_1_0_999690 454212 469192 999690 -1 -1 12718 0.0365529
Chain
	Aln	0	-HG004_ont_239_start_454200 1 14981 15000 +edge_1_0_+disjointig_1_0_999690 530497 545477 999690 -1 -1 12718 0.0365529
Chain
	Aln	1	+HG004_ont_240_start_397264 1 14998 15000 -edge_1_0_+disjointig_1_0_999690 397259 412256 999690 -1 -1 12001 0.0465069
Chain
	Aln	0	-HG004_ont_240_start_397264 1 14998 15000 +edge_1_0_+disjointig_1_0_999690 587433 602430 999690 -1 -1 12001 0.0465069
Chain
	Aln	1	+HG004_ont_242_start_22172 11 14998 15000 -edge_1_0_+disjointig_1_0_999690 22177 37164 999690 -1 -1 12139 0.0440781
Chain
	Aln	0	-HG004_ont_242_start_22172 1 14988 15000 +edge_1_0_+disjointig_1_0_999690 962525 977512 999690 -1 -1 12139 0.0440781
Chain
	Aln	1	+HG004_ont_241_start_381541 1 14998 15000 -edge_1_0_+disjointig_1_0_999690 381536 396533 999690 -1 -1 12489 0.0390447
Chain
	Aln	0	-HG004_ont_241_start_381541 1 14998 15000 +edge_1_0_+disjointig_1_0_999690 603156 618153 999690 -1 -1 12489 0.0390447
Chain
	Aln	1	+HG004_ont_244_start_551734 3 14995 15000 -edge_1_0_+disjointig_1_0_999690 551731 566723 999690 -1 -1 12495 0.0400858
Chain
	Aln	0	-HG004_ont_244_start_551734 4 14996 15000 +edge_1_0_+disjointig_1_0_999690 432966 447958 999690 -1 -1 12495 0.0400858
Chain
	Aln	1	+HG004_ont_243_start_54098 3 14998 15000 -edge_1_0_+disjointig_1_0_999690 54095 69090 999690 -1 -1 12432 0.0388619
Chain
	Aln	0	-HG004_ont_243_start_54098 1 14996 15000 +edge_1_0_+disjointig_1_0_999690 930599 945594 999690 -1 -1 12432 0.0388619
Chain
	Aln	1	+HG004_ont_245_start_692034 10 14981 15000 -edge_1_0_+disjointig_1_0_999690 692038 707009 999690 -1 -1 12205 0.041911
Chain
	Aln	0	-HG004_ont_245_start_692034 18 14989 15000 +edge_1_0_+disjointig_1_0_999690 292680 307651 999690 -1 -1 12205 0.041911
Chain
	Aln	1	+HG004_ont_246_start_642260 14 14990 15000 -edge_1_0_+disjointig_1_0_999690 642268 657244 999690 -1 -1 12346 0.0415712
Chain
	Aln	0	-HG004_ont_246_start_642260 9 14985 15000 +edge_1_0_+disjointig_1_0_999690 342445 357421 999690 -1 -1 12346 0.0415712
Chain
	Aln	1	+HG004_ont_248_start_57488 1 14989 15000 -edge_1_0_+disjointig_1_0_999690 57483 72471 999690 -1 -1 12361 0.0398688
Chain
	Aln	0	-HG004_ont_248_start_57488 10 14998 15000 +edge_1_0_+disjointig_1_0_999690 927218 942206 999690 -1 -1 12361 0.0398688
Chain
	Aln	1	+HG004_ont_247_start_730958 24 14998 15000 -edge_1_0_+disjointig_1_0_999690 730976 745950 999690 -1 -1 11944 0.0409455
Chain
	Aln	0	-HG004_ont_247_start_730958 1 14975 15000 +edge_1_0_+disjointig_1_0_999690 253739 268713 999690 -1 -1 11944 0.0409455
Chain
	Aln	1	+HG004_ont_250_start_190941 7 14980 15000 -edge_1_0_+disjointig_1_0_999690 190942 205915 999690 -1 -1 12469 0.0394708
Chain
	Aln	0	-HG004_ont_250_start_190941 19 14992 15000 +edge_1_0_+disjointig_1_0_999690 793774 808747 999690 -1 -1 12469 0.0394708
Chain
	Aln	1	+HG004_ont_249_start_253717 1 14998 15000 -edge_1_0_+disjointig_1_0_999690 253712 268709 999690 -1 -1 12134 0.0418131
Chain
	Aln	0	-HG004_ont_249_start_253717 1 14998 15000 +edge_1_0_+disjointig_1_0_999690 730980 745977 999690 -1 -1 12134 0.0418131
Chain
	Aln	1	+HG004_ont_251_start_846142 3 14975 15000 -edge_1_0_+disjointig_1_0_999690 846139 861111 999690 -1 -1 12088 0.0423411
Chain
	Aln	0	-HG004_ont_251_start_846142 24 14996 15000 +edge_1_0_+disjointig_1_0_999690 138578 153550 999690 -1 -1 12088 0.0423411
Chain
	Aln	1	+HG004_ont_252_start_583463 1 14998 15000 -edge_1_0_+disjointig_1_0_999690 583458 598455 999690 -1 -1 12406 0.0370304
Chain
	Aln	0	-HG004_ont_252_start_583463 1 14998 15000 +edge_1_0_+disjointig_1_0_999690 401234 416231 999690 -1 -1 12406 0.0370304
Chain
	Aln	1	+HG004_ont_253_start_628408 17 14996 15000 -edge_1_0_+disjointig_1_0_999690 628419 643398 999690 -1 -1 12083 0.0427979
Chain
	Aln	0	-HG004_ont_253_start_628408 3 14982 15000 +edge_1_0_+disjointig_1_0_999690 356291 371270 999690 -1 -1 12083 0.0427979
Chain
	Aln	1	+HG004_ont_254_start_577395 0 14998 15000 -edge_1_0_+disjointig_1_0_999690 577389 592387 999690 -1 -1 12344 0.0411659
Chain
	Aln	0	-HG004_ont_254_start_577395 1 14999 15000 +edge_1_0_+disjointig_1_0_999690 407302 422300 999690 -1 -1 12344 0.0411659
Chain
	Aln	1	+HG004_ont_255_start_429587 1 14978 15000 -edge_1_0_+disjointig_1_0_999690 429582 444559 999690 -1 -1 12185 0.0422237
Chain
	Aln	0	-HG004_ont_255_start_429587 21 14998 15000 +edge_1_0_+disjointig_1_0_999690 555130 570107 999690 -1 -1 12185 0.0422237
Chain
	Aln	1	+HG004_ont_256_start_892934 1 14998 15000 -edge_1_0_+disjointig_1_0_999690 892929 907926 999690 -1 -1 12365 0.0399969
Chain
	Aln	0	-HG004_ont_256_start_892934 1 14998 15000 +edge_1_0_+disjointig_1_0_999690 91763 106760 999690 -1 -1 12365 0.0399969
Chain
	Aln	1	+HG004_ont_257_start_615615 6 14998 15000 -edge_1_0_+disjointig_1_0_999690 615615 630607 999690 -1 -1 12191 0.0418494
Chain
	Aln	0	-HG004_ont_257_start_615615 1 14993 15000 +edge_1_0_+disjointig_1_0_999690 369082 384074 999690 -1 -1 12191 0.0418494
Chain
	Aln	1	+HG004_ont_258_start_336502 18 14998 15000 -edge_1_0_+disjointig_1_0_999690 336514 351494 999690 -1 -1 12310 0.0404825
Chain
	Aln	0	-HG004_ont_258_start_336502 1 14981 15000 +edge_1_0_+disjointig_1_0_999690 648195 663175 999690 -1 -1 12310 0.0404825
Chain
	Aln	1	+HG004_ont_259_start_542202 0 14998 15000 -edge_1_0_+disjointig_1_0_999690 542196 557194 999690 -1 -1 12548 0.0379992
Chain
	Aln	0	-HG004_ont_259_start_542202 1 14999 15000 +edge_1_0_+disjointig_1_0_999690 442495 457493 999690 -1 -1 12548 0.0379992
Chain
	Aln	1	+HG004_ont_260_start_809614 18 14998 15000 -edge_1_0_+disjointig_1_0_999690 809626 824606 999690 -1 -1 12317 0.0393141
Chain
	Aln	0	-HG004_ont_260_start_809614 1 14981 15000 +edge_1_0_+disjointig_1_0_999690 175083 190063 999690 -1 -1 12317 0.0393141
Chain
	Aln	1	+HG004_ont_261_start_63359 29 14998 15000 -edge_1_0_+disjointig_1_0_999690 63382 78351 999690 -1 -1 12189 0.0397633
Chain
	Aln	0	-HG004_ont_261_start_63359 1 14970 15000 +edge_1_0_+disjointig_1_0_999690 921338 936307 999690 -1 -1 12189 0.0397633
Chain
	Aln	1	+HG004_ont_262_start_933089 0 14965 15000 -edge_1_0_+disjointig_1_0_999690 933083 948048 999690 -1 -1 12129 0.0423701
Chain
	Aln	0	-HG004_ont_262_start_933089 34 14999 15000 +edge_1_0_+disjointig_1_0_999690 51641 66606 999690 -1 -1 12129 0.0423701
Chain
	Aln	1	+HG004_ont_263_start_272639 5 14998 15000 -edge_1_0_+disjointig_1_0_999690 272638 287631 999690 -1 -1 12526 0.0407214
Chain
	Aln	0	-HG004_ont_263_start_272639 1 14994 15000 +edge_1_0_+disjointig_1_0_999690 712058 727051 999690 -1 -1 12526 0.0407214
Chain
	Aln	1	+HG004_ont_264_start_390814 34 14998 15000 -edge_1_0_+disjointig_1_0_999690 390842 405806 999690 -1 -1 12425 0.0405213
Chain
	Aln	0	-HG004_ont_264_start_390814 1 14965 15000 +edge_1_0_+disjointig_1_0_999690 593883 608847 999690 -1 -1 12425 0.0405213
Chain
	Aln	1	+HG004_ont_266_start_689427 1 14985 15000 -edge_1_0_+disjointig_1_0_999690 689422 704406 999690 -1 -1 12239 0.0403031
Chain
	Aln	0	-HG004_ont_266_start_689427 14 14998 15000 +edge_1_0_+disjointig_1_0_999690 295283 310267 999690 -1 -1 12239 0.0403031
Chain
	Aln	1	+HG004_ont_265_start_263717 11 14998 15000 -edge_1_0_+disjointig_1_0_999690 263722 278709 999690 -1 -1 12435 0.0399113
Chain
	Aln	0	-HG004_ont_265_start_263717 1 14988 15000 +edge_1_0_+disjointig_1_0_999690 720980 735967 999690 -1 -1 12435 0.0399113
Chain
	Aln	1	+HG004_ont_267_start_966227 1 14983 15000 -edge_1_0_+disjointig_1_0_999690 966222 981204 999690 -1 -1 12083 0.0430704
Chain
	Aln	0	-HG004_ont_267_start_966227 16 14998 15000 +edge_1_0_+disjointig_1_0_999690 18485 33467 999690 -1 -1 12083 0.0430704
Chain
	Aln	1	+HG004_ont_268_start_682687 7 14948 15000 -edge_1_0_+disjointig_1_0_999690 682688 697629 999690 -1 -1 12142 0.0414017
Chain
	Aln	0	-HG004_ont_268_start_682687 51 14992 15000 +edge_1_0_+disjointig_1_0_999690 302060 317001 999690 -1 -1 12142 0.0414017
Chain
	Aln	1	+HG004_ont_269_start_649229 1 14998 15000 -edge_1_0_+disjointig_1_0_999690 649224 664221 999690 -1 -1 12625 0.0387408
Chain
	Aln	0	-HG004_ont_269_start_649229 1 14998 15000 +edge_1_0_+disjointig_1_0_999690 335468 350465 999690 -1 -1 12625 0.0387408
Chain
	Aln	1	+HG004_ont_270_start_954733 18 14987 15000 -edge_1_0_+disjointig_1_0_999690 954745 969714 999690 -1 -1 12051 0.0417271
Chain
	Aln	0	-HG004_ont_270_start_954733 12 14981 15000 +edge_1_0_+disjointig_1_0_999690 29975 44944 999690 -1 -1 12051 0.0417271
Chain
	Aln	1	+HG004_ont_271_start_634415 15 14986 15000 -edge_1_0_+disjointig_1_0_999690 634424 649395 999690 -1 -1 12097 0.0416233
Chain
	Aln	0	-HG004_ont_271_start_634415 13 14984 15000 +edge_1_0_+disjointig_1_0_999690 350294 365265 999690 -1 -1 12097 0.0416233
Chain
	Aln	1	+HG004_ont_272_start_859394 9 14998 15000 -edge_1_0_+disjointig_1_0_999690 859397 874386 999690 -1 -1 12227 0.0415506
Chain
	Aln	0	-HG004_ont_272_start_859394 1 14990 15000 +edge_1_0_+disjointig_1_0_999690 125303 140292 999690 -1 -1 12227 0.0415506
Chain
	Aln	1	+HG004_ont_273_start_974001 21 14998 15000 -edge_1_0_+disjointig_1_0_999690 974016 988993 999690 -1 -1 12086 0.0410993
Chain
	Aln	0	-HG004_ont_273_start_974001 1 14978 15000 +edge_1_0_+disjointig_1_0_999690 10696 25673 999690 -1 -1 12086 0.0410993
Chain
	Aln	1	+HG004_ont_274_start_851039 17 14988 15000 -edge_1_0_+disjointig_1_0_999690 851050 866021 999690 -1 -1 12179 0.0439489
Chain
	Aln	0	-HG004_ont_274_start_851039 11 14982 15000 +edge_1_0_+disjointig_1_0_999690 133668 148639 999690 -1 -1 12179 0.0439489
Chain
	Aln	1	+HG004_ont_275_start_372576 0 14971 15000 -edge_1_0_+disjointig_1_0_999690 372570 387541 999690 -1 -1 12435 0.0409731
Chain
	Aln	0	-HG004_ont_275_start_372576 28 14999 15000 +edge_1_0_+disjointig_1_0_999690 612148 627119 999690 -1 -1 12435 0.0409731
Chain
	Aln	1	+HG004_ont_276_start_778918 1 14997 15000 -edge_1_0_+disjointig_1_0_999690 778913 793909 999690 -1 -1 12443 0.0397612
Chain
	Aln	0	-HG004_ont_276_start_778918 2 14998 15000 +edge_1_0_+disjointig_1_0_999690 205780 220776 999690 -1 -1 12443 0.0397612
Chain
	Aln	1	+HG004_ont_277_start_128820 1 14998 15000 -edge_1_0_+disjointig_1_0_999690 128815 143812 999690 -1 -1 12364 0.0403775
Chain
	Aln	0	-HG004_ont_277_start_128820 1 14998 15000 +edge_1_0_+disjointig_1_0_999690 855877 870874 999690 -1 -1 12364 0.0403775
Chain
	Aln	1	+HG004_ont_278_start_811109 0 14998 15000 -edge_1_0_+disjointig_1_0_999690 811103 826101 999690 -1 -1 12280 0.0405375
Chain
	Aln	0	-HG004_ont_278_start_811109 1 14999 15000 +edge_1_0_+disjointig_1_0_999690 173588 188586 999690 -1 -1 12280 0.0405375
Chain
	Aln	1	+HG004_ont_279_start_860378 13 14998 15000 -edge_1_0_+disjointig_1_0_999690 860385 875370 999690 -1 -1 12137 0.041998
Chain
	Aln	0	-HG004_ont_279_start_860378 1 14986 15000 +edge_1_0_+disjointig_1_0_999690 124319 139304 999690 -1 -1 12137 0.041998
Chain
	Aln	1	+HG004_ont_280_start_864140 29 14992 15000 -edge_1_0_+disjointig_1_0_999690 864163 879126 999690 -1 -1 12411 0.0385315
Chain
	Aln	0	-HG004_ont_280_start_864140 7 14970 15000 +edge_1_0_+disjointig_1_0_999690 120563 135526 999690 -1 -1 12411 0.0385315
Chain
	Aln	1	+HG004_ont_281_start_925430 3 14998 15000 -edge_1_0_+disjointig_1_0_999690 925427 940422 999690 -1 -1 12379 0.0390216
Chain
	Aln	0	-HG004_ont_281_start_925430 1 14996 15000 +edge_1_0_+disjointig_1_0_999690 59267 74262 999690 -1 -1 12379 0.0390216
Chain
	Aln	1	+HG004_ont_283_start_779805 59 14998 15000 -edge_1_0_+disjointig_1_0_999690 779858 794797 999690 -1 -1 12166 0.0427463
Chain
	Aln	0	-HG004_ont_283_start_779805 1 14940 15000 +edge_1_0_+disjointig_1_0_999690 204892 219831 999690 -1 -1 12166 0.0427463
Chain
	Aln	1	+HG004_ont_282_start_369595 1 14945 15000 -edge_1_0_+disjointig_1_0_999690 369590 384534 999690 -1 -1 11998 0.0434871
Chain
	Aln	0	-HG004_ont_282_start_369595 54 14998 15000 +edge_1_0_+disjointig_1_0_999690 615155 630099 999690 -1 -1 11998 0.0434871
Chain
	Aln	1	+HG004_ont_284_start_809941 25 14990 15000 -edge_1_0_+disjointig_1_0_999690 809960 824925 999690 -1 -1 12026 0.041147
Chain
	Aln	0	-HG004_ont_284_start_809941 9 14974 15000 +edge_1_0_+disjointig_1_0_999690 174764 189729 999690 -1 -1 12026 0.041147
Chain
	Aln	1	+HG004_ont_285_start_355749 20 14996 15000 -edge_1_0_+disjointig_1_0_999690 355763 370739 999690 -1 -1 12145 0.0435882
Chain
	Aln	0	-HG004_ont_285_start_355749 3 14979 15000 +edge_1_0_+disjointig_1_0_999690 628950 643926 999690 -1 -1 12145 0.0435882
Chain
	Aln	1	+HG004_ont_286_start_559665 1 14969 15000 -edge_1_0_+disjointig_1_0_999690 559660 574628 999690 -1 -1 12384 0.0407331
Chain
	Aln	0	-HG004_ont_286_start_559665 30 14998 15000 +edge_1_0_+disjointig_1_0_999690 425061 440029 999690 -1 -1 12384 0.0407331
Chain
	Aln	1	+HG004_ont_287_start_685553 29 14988 15000 -edge_1_0_+disjointig_1_0_999690 685576 700535 999690 -1 -1 12122 0.0407448
Chain
	Aln	0	-HG004_ont_287_start_685553 11 14970 15000 +edge_1_0_+disjointig_1_0_999690 299154 314113 999690 -1 -1 12122 0.0407448
Chain
	Aln	1	+HG004_ont_288_start_629542 1 14991 15000 -edge_1_0_+disjointig_1_0_999690 629537 644527 999690 -1 -1 12540 0.0367239
Chain
	Aln	0	-HG004_ont_288_start_629542 8 14998 15000 +edge_1_0_+disjointig_1_0_999690 355162 370152 999690 -1 -1 12540 0.0367239
Chain
	Aln	1	+HG004_ont_289_start_844132 1 14998 15000 -edge_1_0_+disjointig_1_0_999690 844127 859124 999690 -1 -1 12266 0.0411462
Chain
	Aln	0	-HG004_ont_289_start_844132 1 14998 15000 +edge_1_0_+disjointig_1_0_999690 140565 155562 999690 -1 -1 12266 0.0411462
Chain
	Aln	1	+HG004_ont_290_start_175510 10 14988 15000 -edge_1_0_+disjointig_1_0_999690 175514 190492 999690 -1 -1 12720 0.0364136
Chain
	Aln	0	-HG004_ont_290_start_175510 11 14989 15000 +edge_1_0_+disjointig_1_0_999690 809197 824175 999690 -1 -1 12720 0.0364136
Chain
	Aln	1	+HG004_ont_291_start_463298 3 14998 15000 -edge_1_0_+disjointig_1_0_999690 463295 478290 999690 -1 -1 12303 0.0426335
Chain
	Aln	0	-HG004_ont_291_start_463298 1 14996 15000 +edge_1_0_+disjointig_1_0_999690 521399 536394 999690 -1 -1 12303 0.0426335
Chain
	Aln	1	+HG004_ont_292_start_877985 2 14975 15000 -edge_1_0_+disjointig_1_0_999690 877981 892954 999690 -1 -1 12213 0.0407135
Chain
	Aln	0	-HG004_ont_292_start_877985 24 14997 15000 +edge_1_0_+disjointig_1_0_999690 106735 121708 999690 -1 -1 12213 0.0407135
Chain
	Aln	1	+HG004_ont_293_start_507107 0 14988 15000 -edge_1_0_+disjointig_1_0_999690 507101 522089 999690 -1 -1 12539 0.0393608
Chain
	Aln	0	-HG004_ont_293_start_507107 11 14999 15000 +edge_1_0_+disjointig_1_0_999690 477600 492588 999690 -1 -1 12539 0.0393608
Chain
	Aln	1	+HG004_ont_294_start_661922 0 14995 15000 -edge_1_0_+disjointig_1_0_999690 661916 676911 999690 -1 -1 12290 0.0409492
Chain
	Aln	0	-HG004_ont_294_start_661922 4 14999 15000 +edge_1_0_+disjointig_1_0_999690 322778 337773 999690 -1 -1 12290 0.0409492
Chain
	Aln	1	+HG004_ont_295_start_760849 40 14975 15000 -edge_1_0_+disjointig_1_0_999690 760883 775818 999690 -1 -1 12481 0.0370597
Chain
	Aln	0	-HG004_ont_295_start_760849 24 14959 15000 +edge_1_0_+disjointig_1_0_999690 223871 238806 999690 -1 -1 12481 0.0370597
Chain
	Aln	1	+HG004_ont_296_start_699331 1 14998 15000 -edge_1_0_+disjointig_1_0_999690 699326 714323 999690 -1 -1 12070 0.0436294
Chain
	Aln	0	-HG004_ont_296_start_699331 1 14998 15000 +edge_1_0_+disjointig_1_0_999690 285366 300363 999690 -1 -1 12070 0.0436294
Chain
	Aln	1	+HG004_ont_297_start_635324 42 14998 15000 -edge_1_0_+disjointig_1_0_999690 635360 650316 999690 -1 -1 12105 0.0433121
Chain
	Aln	0	-HG004_ont_297_start_635324 1 14957 15000 +edge_1_0_+disjointig_1_0_999690 349373 364329 999690 -1 -1 12105 0.0433121
Chain
	Aln	1	+HG004_ont_298_start_580881 1 14998 15000 -edge_1_0_+disjointig_1_0_999690 580876 595873 999690 -1 -1 12048 0.0417333
Chain
	Aln	0	-HG004_ont_298_start_580881 1 14998 15000 +edge_1_0_+disjointig_1_0_999690 403816 418813 999690 -1 -1 12048 0.0417333
Chain
	Aln	1	+HG004_ont_299_start_54146 1 14969 15000 -edge_1_0_+disjointig_1_0_999690 54141 69109 999690 -1 -1 12145 0.0423819
Chain
	Aln	0	-HG004_ont_299_start_54146 30 14998 15000 +edge_1_0_+disjointig_1_0_999690 930580 945548 999690 -1 -1 12145 0.0423819
Chain
	Aln	1	+HG004_ont_300_start_624104 1 14998 15000 -edge_1_0_+disjointig_1_0_999690 624099 639096 999690 -1 -1 12039 0.042836
Chain
	Aln	0	-HG004_ont_300_start_624104 1 14998 15000 +edge_1_0_+disjointig_1_0_999690 360593 375590 999690 -1 -1 12039 0.042836
Chain
	Aln	1	+HG004_ont_301_start_969609 10 14998 15000 -edge_1_0_+disjointig_1_0_999690 969613 984601 999690 -1 -1 12283 0.0416103
Chain
	Aln	0	-HG004_ont_301_start_969609 1 14989 15000 +edge_1_0_+disjointig_1_0_999690 15088 30076 999690 -1 -1 12283 0.0416103
Chain
	Aln	1	+HG004_ont_302_start_498196 13 14978 15000 -edge_1_0_+disjointig_1_0_999690 498203 513168 999690 -1 -1 12172 0.0410047
Chain
	Aln	0	-HG004_ont_302_start_498196 21 14986 15000 +edge_1_0_+disjointig_1_0_999690 486521 501486 999690 -1 -1 12172 0.0410047
Chain
	Aln	1	+HG004_ont_303_start_923711 14 14998 15000 -edge_1_0_+disjointig_1_0_999690 923719 938703 999690 -1 -1 12537 0.0373116
Chain
	Aln	0	-HG004_ont_303_start_923711 1 14985 15000 +edge_1_0_+disjointig_1_0_999690 60986 75970 999690 -1 -1 12537 0.0373116
Chain
	Aln	1	+HG004_ont_304_start_65445 1 14997 15000 -edge_1_0_+disjointig_1_0_999690 65440 80436 999690 -1 -1 12081 0.0423627
Chain
	Aln	0	-HG004_ont_304_start_65445 2 14998 15000 +edge_1_0_+disjointig_1_0_999690 919253 934249 999690 -1 -1 12081 0.0423627
Chain
	Aln	1	+HG004_ont_305_start_482067 16 14988 15000 -edge_1_0_+disjointig_1_0_999690 482077 497049 999690 -1 -1 12740 0.0361281
Chain
	Aln	0	-HG004_ont_305_start_482067 11 14983 15000 +edge_1_0_+disjointig_1_0_999690 502640 517612 999690 -1 -1 12740 0.0361281
Chain
	Aln	1	+HG004_ont_306_start_312446 1 14994 15000 -edge_1_0_+disjointig_1_0_999690 312441 327434 999690 -1 -1 12342 0.0411621
Chain
	Aln	0	-HG004_ont_306_start_312446 5 14998 15000 +edge_1_0_+disjointig_1_0_999690 672255 687248 999690 -1 -1 12342 0.0411621
Chain
	Aln	1	+HG004_ont_307_start_255409 20 14979 15000 -edge_1_0_+disjointig_1_0_999690 255423 270382 999690 -1 -1 12417 0.0398167
Chain
	Aln	0	-HG004_ont_307_start_255409 20 14979 15000 +edge_1_0_+disjointig_1_0_999690 729307 744266 999690 -1 -1 12417 0.0398167
Chain
	Aln	1	+HG004_ont_308_start_605498 38 14998 15000 -edge_1_0_+disjointig_1_0_999690 605530 620490 999690 -1 -1 12177 0.0424798
Chain
	Aln	0	-HG004_ont_308_start_605498 1 14961 15000 +edge_1_0_+disjointig_1_0_999690 379199 394159 999690 -1 -1 12177 0.0424798
Chain
	Aln	1	+HG004_ont_309_start_806012 0 14975 15000 -edge_1_0_+disjointig_1_0_999690 806006 820981 999690 -1 -1 12455 0.0395863
Chain
	Aln	0	-HG004_ont_309_start_806012 24 14999 15000 +edge_1_0_+disjointig_1_0_999690 178708 193683 999690 -1 -1 12455 0.0395863
Chain
	Aln	1	+HG004_ont_311_start_400426 41 14987 15000 -edge_1_0_+disjointig_1_0_999690 400461 415407 999690 -1 -1 12512 0.0398973
Chain
	Aln	0	-HG004_ont_311_start_400426 12 14958 15000 +edge_1_0_+disjointig_1_0_999690 584282 599228 999690 -1 -1 12512 0.0398973
Chain
	Aln	1	+HG004_ont_310_start_909774 10 14996 15000 -edge_1_0_+disjointig_1_0_999690 909778 924764 999690 -1 -1 12420 0.0395295
Chain
	Aln	0	-HG004_ont_310_start_909774 3 14989 15000 +edge_1_0_+disjointig_1_0_999690 74925 89911 999690 -1 -1 12420 0.0395295
Chain
	Aln	1	+HG004_ont_313_start_151050 26 14998 15000 -edge_1_0_+disjointig_1_0_999690 151070 166042 999690 -1 -1 12339 0.0401004
Chain
	Aln	0	-HG004_ont_313_start_151050 1 14973 15000 +edge_1_0_+disjointig_1_0_999690 833647 848619 999690 -1 -1 12339 0.0401004
Chain
	Aln	1	+HG004_ont_312_start_689978 1 14998 15000 -edge_1_0_+disjointig_1_0_999690 689973 704970 999690 -1 -1 12336 0.0422459
Chain
	Aln	0	-HG004_ont_312_start_689978 1 14998 15000 +edge_1_0_+disjointig_1_0_999690 294719 309716 999690 -1 -1 12336 0.0422459
Chain
	Aln	1	+HG004_ont_314_start_946691 1 14992 15000 -edge_1_0_+disjointig_1_0_999690 946686 961677 999690 -1 -1 12132 0.0423189
Chain
	Aln	0	-HG004_ont_314_start_946691 7 14998 15000 +edge_1_0_+disjointig_1_0_999690 38012 53003 999690 -1 -1 12132 0.0423189
Chain
	Aln	1	+HG004_ont_316_start_481425 32 14989 15000 -edge_1_0_+disjointig_1_0_999690 481451 496408 999690 -1 -1 12137 0.0408708
Chain
	Aln	0	-HG004_ont_316_start_481425 10 14967 15000 +edge_1_0_+disjointig_1_0_999690 503281 518238 999690 -1 -1 12137 0.0408708
Chain
	Aln	1	+HG004_ont_315_start_436411 21 14989 15000 -edge_1_0_+disjointig_1_0_999690 436426 451394 999690 -1 -1 12160 0.0418752
Chain
	Aln	0	-HG004_ont_315_start_436411 10 14978 15000 +edge_1_0_+disjointig_1_0_999690 548295 563263 999690 -1 -1 12160 0.0418752
Chain
	Aln	1	+HG004_ont_319_start_451041 0 14988 15000 -edge_1_0_+disjointig_1_0_999690 451035 466023 999690 -1 -1 12235 0.043553
Chain
	Aln	0	-HG004_ont_319_start_451041 11 14999 15000 +edge_1_0_+disjointig_1_0_999690 533666 548654 999690 -1 -1 12235 0.043553
Chain
	Aln	1	+HG004_ont_318_start_148504 0 14998 15000 -edge_1_0_+disjointig_1_0_999690 148498 163496 999690 -1 -1 12419 0.0371744
Chain
	Aln	0	-HG004_ont_318_start_148504 1 14999 15000 +edge_1_0_+disjointig_1_0_999690 836193 851191 999690 -1 -1 12419 0.0371744
Chain
	Aln	1	+HG004_ont_317_start_472795 12 14998 15000 -edge_1_0_+disjointig_1_0_999690 472801 487787 999690 -1 -1 12251 0.0407174
Chain
	Aln	0	-HG004_ont_317_start_472795 1 14987 15000 +edge_1_0_+disjointig_1_0_999690 511902 526888 999690 -1 -1 12251 0.0407174
Chain
	Aln	1	+HG004_ont_321_start_867590 3 14997 15000 -edge_1_0_+disjointig_1_0_999690 867587 882581 999690 -1 -1 12348 0.0414987
Chain
	Aln	0	-HG004_ont_321_start_867590 2 14996 15000 +edge_1_0_+disjointig_1_0_999690 117108 132102 999690 -1 -1 12348 0.0414987
Chain
	Aln	1	+HG004_ont_322_start_558111 1 14998 15000 -edge_1_0_+disjointig_1_0_999690 558106 573103 999690 -1 -1 12531 0.0404477
Chain
	Aln	0	-HG004_ont_322_start_558111 1 14998 15000 +edge_1_0_+disjointig_1_0_999690 426586 441583 999690 -1 -1 12531 0.0404477
Chain
	Aln	1	+HG004_ont_320_start_235695 1 14990 15000 -edge_1_0_+disjointig_1_0_999690 235690 250679 999690 -1 -1 12388 0.0384447
Chain
	Aln	0	-HG004_ont_320_start_235695 9 14998 15000 +edge_1_0_+disjointig_1_0_999690 749010 763999 999690 -1 -1 12388 0.0384447
Chain
	Aln	1	+HG004_ont_324_start_967157 17 14998 15000 -edge_1_0_+disjointig_1_0_999690 967168 982149 999690 -1 -1 12252 0.0420866
Chain
	Aln	0	-HG004_ont_324_start_967157 1 14982 15000 +edge_1_0_+disjointig_1_0_999690 17540 32521 999690 -1 -1 12252 0.0420866
Chain
	Aln	1	+HG004_ont_325_start_841497 1 14998 15000 -edge_1_0_+disjointig_1_0_999690 841492 856489 999690 -1 -1 11603 0.0453932
Chain
	Aln	0	-HG004_ont_325_start_841497 1 14998 15000 +edge_1_0_+disjointig_1_0_999690 143200 158197 999690 -1 -1 11603 0.0453932
Chain
	Aln	1	+HG004_ont_323_start_711106 14 14994 15000 -edge_1_0_+disjointig_1_0_999690 711114 726094 999690 -1 -1 12471 0.0392375
Chain
	Aln	0	-HG004_ont_323_start_711106 5 14985 15000 +edge_1_0_+disjointig_1_0_999690 273595 288575 999690 -1 -1 12471 0.0392375
Chain
	Aln	1	+HG004_ont_327_start_481777 1 14958 15000 -edge_1_0_+disjointig_1_0_999690 481772 496729 999690 -1 -1 12039 0.043596
Chain
	Aln	0	-HG004_ont_327_start_481777 41 14998 15000 +edge_1_0_+disjointig_1_0_999690 502960 517917 999690 -1 -1 12039 0.043596
Chain
	Aln	1	+HG004_ont_328_start_84487 1 14998 15000 -edge_1_0_+disjointig_1_0_999690 84482 99479 999690 -1 -1 12562 0.0393425
Chain
	Aln	0	-HG004_ont_328_start_84487 1 14998 15000 +edge_1_0_+disjointig_1_0_999690 900210 915207 999690 -1 -1 12562 0.0393425
Chain
	Aln	1	+HG004_ont_326_start_781733 1 14998 15000 -edge_1_0_+disjointig_1_0_999690 781728 796725 999690 -1 -1 12464 0.0393578
Chain
	Aln	0	-HG004_ont_326_start_781733 1 14998 15000 +edge_1_0_+disjointig_1_0_999690 202964 217961 999690 -1 -1 12464 0.0393578
Chain
	Aln	1	+HG004_ont_329_start_920896 43 14998 15000 -edge_1_0_+disjointig_1_0_999690 920933 935888 999690 -1 -1 12170 0.0411077
Chain
	Aln	0	-HG004_ont_329_start_920896 1 14956 15000 +edge_1_0_+disjointig_1_0_999690 63801 78756 999690 -1 -1 12170 0.0411077
Chain
	Aln	1	+HG004_ont_330_start_436798 6 14969 15000 -edge_1_0_+disjointig_1_0_999690 436798 451761 999690 -1 -1 12384 0.0408392
Chain
	Aln	0	-HG004_ont_330_start_436798 30 14993 15000 +edge_1_0_+disjointig_1_0_999690 547928 562891 999690 -1 -1 12384 0.0408392
Chain
	Aln	1	+HG004_ont_331_start_443213 18 14968 15000 -edge_1_0_+disjointig_1_0_999690 443225 458175 999690 -1 -1 12284 0.0410722
Chain
	Aln	0	-HG004_ont_331_start_443213 31 14981 15000 +edge_1_0_+disjointig_1_0_999690 541514 556464 999690 -1 -1 12284 0.0410722
Chain
	Aln	1	+HG004_ont_332_start_398284 1 14998 15000 -edge_1_0_+disjointig_1_0_999690 398279 413276 999690 -1 -1 12383 0.0412331
Chain
	Aln	0	-HG004_ont_332_start_398284 1 14998 15000 +edge_1_0_+disjointig_1_0_999690 586413 601410 999690 -1 -1 12383 0.0412331
Chain
	Aln	1	+HG004_ont_333_start_478442 14 14998 15000 -edge_1_0_+disjointig_1_0_999690 478450 493434 999690 -1 -1 11871 0.04272
Chain
	Aln	0	-HG004_ont_333_start_478442 1 14985 15000 +edge_1_0_+disjointig_1_0_999690 506255 521239 999690 -1 -1 11871 0.04272
Chain
	Aln	1	+HG004_ont_334_start_907317 25 14998 15000 -edge_1_0_+disjointig_1_0_999690 907336 922309 999690 -1 -1 12593 0.0386466
Chain
	Aln	0	-HG004_ont_334_start_907317 1 14974 15000 +edge_1_0_+disjointig_1_0_999690 77380 92353 999690 -1 -1 12593 0.0386466
Chain
	Aln	1	+HG004_ont_335_start_514582 3 14998 15000 -edge_1_0_+disjointig_1_0_999690 514579 529574 999690 -1 -1 12141 0.0422622
Chain
	Aln	0	-HG004_ont_335_start_514582 1 14996 15000 +edge_1_0_+disjointig_1_0_999690 470115 485110 999690 -1 -1 12141 0.0422622
Chain
	Aln	1	+HG004_ont_336_start_321149 1 14998 15000 -edge_1_0_+disjointig_1_0_999690 321144 336141 999690 -1 -1 12509 0.0390142
Chain
	Aln	0	-HG004_ont_336_start_321149 1 14998 15000 +edge_1_0_+disjointig_1_0_999690 663548 678545 999690 -1 -1 12509 0.0390142
Chain
	Aln	1	+HG004_ont_337_start_567908 10 14952 15000 -edge_1_0_+disjointig_1_0_999690 567912 582854 999690 -1 -1 12126 0.0407724
Chain
	Aln	0	-HG004_ont_337_start_567908 47 14989 15000 +edge_1_0_+disjointig_1_0_999690 416835 431777 999690 -1 -1 12126 0.0407724
Chain
	Aln	1	+HG004_ont_338_start_533139 5 14997 15000 -edge_1_0_+disjointig_1_0_999690 533138 548130 999690 -1 -1 12312 0.040514
Chain
	Aln	0	-HG004_ont_338_start_533139 2 14994 15000 +edge_1_0_+disjointig_1_0_999690 451559 466551 999690 -1 -1 12312 0.040514
Chain
	Aln	1	+HG004_ont_339_start_889827 0 14998 15000 -edge_1_0_+disjointig_1_0_999690 889821 904819 999690 -1 -1 12533 0.0405609
Chain
	Aln	0	-HG004_ont_339_start_889827 1 14999 15000 +edge_1_0_+disjointig_1_0_999690 94870 109868 999690 -1 -1 12533 0.0405609
Chain
	Aln	1	+HG004_ont_340_start_868421 1 14993 15000 -edge_1_0_+disjointig_1_0_999690 868416 883408 999690 -1 -1 12309 0.0412926
Chain
	Aln	0	-HG004_ont_340_start_868421 6 14998 15000 +edge_1_0_+disjointig_1_0_999690 116281 131273 999690 -1 -1 12309 0.0412926
Chain
	Aln	1	+HG004_ont_341_start_908475 31 14984 15000 -edge_1_0_+disjointig_1_0_999690 908500 923453 999690 -1 -1 12506 0.0380173
Chain
	Aln	0	-HG004_ont_341_start_908475 15 14968 15000 +edge_1_0_+disjointig_1_0_999690 76236 91189 999690 -1 -1 12506 0.0380173
Chain
	Aln	1	+HG004_ont_342_start_205409 14 14982 15000 -edge_1_0_+disjointig_1_0_999690 205417 220385 999690 -1 -1 12026 0.0441448
Chain
	Aln	0	-HG004_ont_342_start_205409 17 14985 15000 +edge_1_0_+disjointig_1_0_999690 779304 794272 999690 -1 -1 12026 0.0441448
Chain
	Aln	1	+HG004_ont_344_start_863196 1 14998 15000 -edge_1_0_+disjointig_1_0_999690 863191 878188 999690 -1 -1 12228 0.0420852
Chain
	Aln	0	-HG004_ont_344_start_863196 1 14998 15000 +edge_1_0_+disjointig_1_0_999690 121501 136498 999690 -1 -1 12228 0.0420852
Chain
	Aln	1	+HG004_ont_343_start_450739 9 14998 15000 -edge_1_0_+disjointig_1_0_999690 450742 465731 999690 -1 -1 12227 0.0405413
Chain
	Aln	0	-HG004_ont_343_start_450739 1 14990 15000 +edge_1_0_+disjointig_1_0_999690 533958 548947 999690 -1 -1 12227 0.0405413
Chain
	Aln	1	+HG004_ont_345_start_296948 1 14989 15000 -edge_1_0_+disjointig_1_0_999690 296943 311931 999690 -1 -1 12359 0.0410083
Chain
	Aln	0	-HG004_ont_345_start_296948 10 14998 15000 +edge_1_0_+disjointig_1_0_999690 687758 702746 999690 -1 -1 12359 0.0410083
Chain
	Aln	1	+HG004_ont_346_start_956486 1 14958 15000 -edge_1_0_+disjointig_1_0_999690 956481 971438 999690 -1 -1 12616 0.0385306
Chain
	Aln	0	-HG004_ont_346_start_956486 41 14998 15000 +edge_1_0_+disjointig_1_0_999690 28251 43208 999690 -1 -1 12616 0.0385306
Chain
	Aln	1	+HG004_ont_348_start_160501 1 14994 15000 -edge_1_0_+disjointig_1_0_999690 160496 175489 999690 -1 -1 12334 0.0431544
Chain
	Aln	0	-HG004_ont_348_start_160501 5 14998 15000 +edge_1_0_+disjointig_1_0_999690 824200 839193 999690 -1 -1 12334 0.0431544
Chain
	Aln	1	+HG004_ont_347_start_483189 14 14998 15000 -edge_1_0_+disjointig_1_0_999690 483197 498181 999690 -1 -1 12332 0.040202
Chain
	Aln	0	-HG004_ont_347_start_483189 1 14985 15000 +edge_1_0_+disjointig_1_0_999690 501508 516492 999690 -1 -1 12332 0.040202
Chain
	Aln	1	+HG004_ont_350_start_541331 31 14968 15000 -edge_1_0_+disjointig_1_0_999690 541356 556293 999690 -1 -1 12360 0.0399239
Chain
	Aln	0	-HG004_ont_350_start_541331 31 14968 15000 +edge_1_0_+disjointig_1_0_999690 443396 458333 999690 -1 -1 12360 0.0399239
Chain
	Aln	1	+HG004_ont_349_start_146240 0 14998 15000 -edge_1_0_+disjointig_1_0_999690 146234 161232 999690 -1 -1 12248 0.0416735
Chain
	Aln	0	-HG004_ont_349_start_146240 1 14999 15000 +edge_1_0_+disjointig_1_0_999690 838457 853455 999690 -1 -1 12248 0.0416735
Chain
	Aln	1	+HG004_ont_351_start_430434 1 14998 15000 -edge_1_0_+disjointig_1_0_999690 430429 445426 999690 -1 -1 12313 0.0412805
Chain
	Aln	0	-HG004_ont_351_start_430434 1 14998 15000 +edge_1_0_+disjointig_1_0_999690 554263 569260 999690 -1 -1 12313 0.0412805
Chain
	Aln	1	+HG004_ont_353_start_811180 0 14998 15000 -edge_1_0_+disjointig_1_0_999690 811174 826172 999690 -1 -1 11982 0.043174
Chain
	Aln	0	-HG004_ont_353_start_811180 1 14999 15000 +edge_1_0_+disjointig_1_0_999690 173517 188515 999690 -1 -1 11982 0.043174
Chain
	Aln	1	+HG004_ont_352_start_107687 12 14990 15000 -edge_1_0_+disjointig_1_0_999690 107693 122671 999690 -1 -1 12241 0.0411427
Chain
	Aln	0	-HG004_ont_352_start_107687 9 14987 15000 +edge_1_0_+disjointig_1_0_999690 877018 891996 999690 -1 -1 12241 0.0411427
Chain
	Aln	1	+HG004_ont_355_start_404178 1 14998 15000 -edge_1_0_+disjointig_1_0_999690 404173 419170 999690 -1 -1 12160 0.0427629
Chain
	Aln	0	-HG004_ont_355_start_404178 1 14998 15000 +edge_1_0_+disjointig_1_0_999690 580519 595516 999690 -1 -1 12160 0.0427629
Chain
	Aln	1	+HG004_ont_354_start_124400 1 14998 15000 -edge_1_0_+disjointig_1_0_999690 124395 139392 999690 -1 -1 12477 0.0402452
Chain
	Aln	0	-HG004_ont_354_start_124400 1 14998 15000 +edge_1_0_+disjointig_1_0_999690 860297 875294 999690 -1 -1 12477 0.0402452
Chain
	Aln	1	+HG004_ont_356_start_377084 1 14988 15000 -edge_1_0_+disjointig_1_0_999690 377079 392066 999690 -1 -1 12312 0.0421423
Chain
	Aln	0	-HG004_ont_356_start_377084 11 14998 15000 +edge_1_0_+disjointig_1_0_999690 607623 622610 999690 -1 -1 12312 0.0421423
Chain
	Aln	1	+HG004_ont_358_start_201036 1 14998 15000 -edge_1_0_+disjointig_1_0_999690 201031 216028 999690 -1 -1 12383 0.0417413
Chain
	Aln	0	-HG004_ont_358_start_201036 1 14998 15000 +edge_1_0_+disjointig_1_0_999690 783661 798658 999690 -1 -1 12383 0.0417413
Chain
	Aln	1	+HG004_ont_357_start_627138 8 14975 15000 -edge_1_0_+disjointig_1_0_999690 627140 642107 999690 -1 -1 12434 0.0397168
Chain
	Aln	0	-HG004_ont_357_start_627138 24 14991 15000 +edge_1_0_+disjointig_1_0_999690 357582 372549 999690 -1 -1 12434 0.0397168
Chain
	Aln	1	+HG004_ont_360_start_448400 0 14994 15000 -edge_1_0_+disjointig_1_0_999690 448394 463388 999690 -1 -1 12503 0.0385625
Chain
	Aln	0	-HG004_ont_360_start_448400 5 14999 15000 +edge_1_0_+disjointig_1_0_999690 536301 551295 999690 -1 -1 12503 0.0385625
Chain
	Aln	1	+HG004_ont_361_start_304838 4 14998 15000 -edge_1_0_+disjointig_1_0_999690 304836 319830 999690 -1 -1 12297 0.0403892
Chain
	Aln	0	-HG004_ont_361_start_304838 1 14995 15000 +edge_1_0_+disjointig_1_0_999690 679859 694853 999690 -1 -1 12297 0.0403892
Chain
	Aln	1	+HG004_ont_359_start_43448 10 14982 15000 -edge_1_0_+disjointig_1_0_999690 43452 58424 999690 -1 -1 12169 0.041947
Chain
	Aln	0	-HG004_ont_359_start_43448 17 14989 15000 +edge_1_0_+disjointig_1_0_999690 941265 956237 999690 -1 -1 12169 0.041947
Chain
	Aln	1	+HG004_ont_362_start_839858 1 14987 15000 -edge_1_0_+disjointig_1_0_999690 839853 854839 999690 -1 -1 12292 0.039776
Chain
	Aln	0	-HG004_ont_362_start_839858 12 14998 15000 +edge_1_0_+disjointig_1_0_999690 144850 159836 999690 -1 -1 12292 0.039776
Chain
	Aln	1	+HG004_ont_364_start_816569 0 14979 15000 -edge_1_0_+disjointig_1_0_999690 816563 831542 999690 -1 -1 12248 0.0402135
Chain
	Aln	0	-HG004_ont_364_start_816569 20 14999 15000 +edge_1_0_+disjointig_1_0_999690 168147 183126 999690 -1 -1 12248 0.0402135
Chain
	Aln	1	+HG004_ont_363_start_531605 1 14998 15000 -edge_1_0_+disjointig_1_0_999690 531600 546597 999690 -1 -1 12644 0.0358787
Chain
	Aln	0	-HG004_ont_363_start_531605 1 14998 15000 +edge_1_0_+disjointig_1_0_999690 453092 468089 999690 -1 -1 12644 0.0358787
Chain
	Aln	1	+HG004_ont_366_start_963227 14 14945 15000 -edge_1_0_+disjointig_1_0_999690 963235 978166 999690 -1 -1 12232 0.042829
Chain
	Aln	0	-HG004_ont_366_start_963227 54 14985 15000 +edge_1_0_+disjointig_1_0_999690 21523 36454 999690 -1 -1 12232 0.042829
Chain
	Aln	1	+HG004_ont_367_start_128060 8 14998 15000 -edge_1_0_+disjointig_1_0_999690 128062 143052 999690 -1 -1 12434 0.0396837
Chain
	Aln	0	-HG004_ont_367_start_128060 1 14991 15000 +edge_1_0_+disjointig_1_0_999690 856637 871627 999690 -1 -1 12434 0.0396837
Chain
	Aln	1	+HG004_ont_365_start_767866 1 14998 15000 -edge_1_0_+disjointig_1_0_999690 767861 782858 999690 -1 -1 12325 0.039565
Chain
	Aln	0	-HG004_ont_365_start_767866 1 14998 15000 +edge_1_0_+disjointig_1_0_999690 216831 231828 999690 -1 -1 12325 0.039565
Chain
	Aln	1	+HG004_ont_369_start_884010 22 14998 15000 -edge_1_0_+disjointig_1_0_999690 884026 899002 999690 -1 -1 12490 0.0413169
Chain
	Aln	0	-HG004_ont_369_start_884010 1 14977 15000 +edge_1_0_+disjointig_1_0_999690 100687 115663 999690 -1 -1 12490 0.0413169
Chain
	Aln	1	+HG004_ont_368_start_582263 21 14963 15000 -edge_1_0_+disjointig_1_0_999690 582278 597220 999690 -1 -1 12089 0.042215
Chain
	Aln	0	-HG004_ont_368_start_582263 36 14978 15000 +edge_1_0_+disjointig_1_0_999690 402469 417411 999690 -1 -1 12089 0.042215
Chain
	Aln	1	+HG004_ont_370_start_565695 1 14980 15000 -edge_1_0_+disjointig_1_0_999690 565690 580669 999690 -1 -1 12081 0.0412732
Chain
	Aln	0	-HG004_ont_370_start_565695 19 14998 15000 +edge_1_0_+disjointig_1_0_999690 419020 433999 999690 -1 -1 12081 0.0412732
Chain
	Aln	1	+HG004_ont_371_start_318545 19 14986 15000 -edge_1_0_+disjointig_1_0_999690 318558 333525 999690 -1 -1 12491 0.0398946
Chain
	Aln	0	-HG004_ont_371_start_318545 13 14980 15000 +edge_1_0_+disjointig_1_0_999690 666164 681131 999690 -1 -1 12491 0.0398946
Chain
	Aln	1	+HG004_ont_372_start_696763 20 14994 15000 -edge_1_0_+disjointig_1_0_999690 696777 711751 999690 -1 -1 12276 0.0438198
Chain
	Aln	0	-HG004_ont_372_start_696763 5 14979 15000 +edge_1_0_+disjointig_1_0_999690 287938 302912 999690 -1 -1 12276 0.0438198
Chain
	Aln	1	+HG004_ont_373_start_366972 0 14998 15000 -edge_1_0_+disjointig_1_0_999690 366966 381964 999690 -1 -1 12027 0.0419049
Chain
	Aln	0	-HG004_ont_373_start_366972 1 14999 15000 +edge_1_0_+disjointig_1_0_999690 617725 632723 999690 -1 -1 12027 0.0419049
Chain
	Aln	1	+HG004_ont_374_start_168153 16 14972 15000 -edge_1_0_+disjointig_1_0_999690 168163 183119 999690 -1 -1 12479 0.0395733
Chain
	Aln	0	-HG004_ont_374_start_168153 27 14983 15000 +edge_1_0_+disjointig_1_0_999690 816570 831526 999690 -1 -1 12479 0.0395733
Chain
	Aln	1	+HG004_ont_375_start_549717 0 14998 15000 -edge_1_0_+disjointig_1_0_999690 549711 564709 999690 -1 -1 12639 0.0374406
Chain
	Aln	0	-HG004_ont_375_start_549717 1 14999 15000 +edge_1_0_+disjointig_1_0_999690 434980 449978 999690 -1 -1 12639 0.0374406
Chain
	Aln	1	+HG004_ont_376_start_969324 8 14964 15000 -edge_1_0_+disjointig_1_0_999690 969326 984282 999690 -1 -1 11970 0.0425857
Chain
	Aln	0	-HG004_ont_376_start_969324 35 14991 15000 +edge_1_0_+disjointig_1_0_999690 15407 30363 999690 -1 -1 11970 0.0425857
Chain
	Aln	1	+HG004_ont_377_start_983748 13 14998 15000 -edge_1_0_+disjointig_1_0_999690 983755 998740 999690 -1 -1 12555 0.0394718
Chain
	Aln	0	-HG004_ont_377_start_983748 1 14986 15000 +edge_1_0_+disjointig_1_0_999690 949 15934 999690 -1 -1 12555 0.0394718
Chain
	Aln	1	+HG004_ont_378_start_641192 63 14994 15000 -edge_1_0_+disjointig_1_0_999690 641249 656180 999690 -1 -1 12410 0.040509
Chain
	Aln	0	-HG004_ont_378_start_641192 5 14936 15000 +edge_1_0_+disjointig_1_0_999690 343509 358440 999690 -1 -1 12410 0.040509
Chain
	Aln	1	+HG004_ont_379_start_810776 5 14982 15000 -edge_1_0_+disjointig_1_0_999690 810775 825752 999690 -1 -1 12419 0.0404942
Chain
	Aln	0	-HG004_ont_379_start_810776 17 14994 15000 +edge_1_0_+disjointig_1_0_999690 173937 188914 999690 -1 -1 12419 0.0404942
Chain
	Aln	1	+HG004_ont_381_start_855237 0 14998 15000 -edge_1_0_+disjointig_1_0_999690 855231 870229 999690 -1 -1 11996 0.0439803
Chain
	Aln	0	-HG004_ont_381_start_855237 1 14999 15000 +edge_1_0_+disjointig_1_0_999690 129460 144458 999690 -1 -1 11996 0.0439803
Chain
	Aln	1	+HG004_ont_380_start_238038 25 14969 15000 -edge_1_0_+disjointig_1_0_999690 238057 253001 999690 -1 -1 12097 0.0417728
Chain
	Aln	0	-HG004_ont_380_start_238038 30 14974 15000 +edge_1_0_+disjointig_1_0_999690 746688 761632 999690 -1 -1 12097 0.0417728
Chain
	Aln	1	+HG004_ont_382_start_19575 20 14984 15000 -edge_1_0_+disjointig_1_0_999690 19589 34553 999690 -1 -1 12323 0.0410719
Chain
	Aln	0	-HG004_ont_382_start_19575 15 14979 15000 +edge_1_0_+disjointig_1_0_999690 965136 980100 999690 -1 -1 12323 0.0410719
Chain
	Aln	1	+HG004_ont_383_start_638317 18 14998 15000 -edge_1_0_+disjointig_1_0_999690 638329 653309 999690 -1 -1 12478 0.04042
Chain
	Aln	0	-HG004_ont_383_start_638317 1 14981 15000 +edge_1_0_+disjointig_1_0_999690 346380 361360 999690 -1 -1 12478 0.04042
Chain
	Aln	1	+HG004_ont_384_start_242671 1 14996 15000 -edge_1_0_+disjointig_1_0_999690 242666 257661 999690 -1 -1 12139 0.0411304
Chain
	Aln	0	-HG004_ont_384_start_242671 3 14998 15000 +edge_1_0_+disjointig_1_0_999690 742028 757023 999690 -1 -1 12139 0.0411304
Chain
	Aln	1	+HG004_ont_385_start_83779 1 14998 15000 -edge_1_0_+disjointig_1_0_999690 83774 98771 999690 -1 -1 12078 0.0427791
Chain
	Aln	0	-HG004_ont_385_start_83779 1 14998 15000 +edge_1_0_+disjointig_1_0_999690 900918 915915 999690 -1 -1 12078 0.0427791
Chain
	Aln	1	+HG004_ont_386_start_558044 17 14998 15000 -edge_1_0_+disjointig_1_0_999690 558055 573036 999690 -1 -1 12142 0.0409257
Chain
	Aln	0	-HG004_ont_386_start_558044 1 14982 15000 +edge_1_0_+disjointig_1_0_999690 426653 441634 999690 -1 -1 12142 0.0409257
Chain
	Aln	1	+HG004_ont_387_start_610749 10 14974 15000 -edge_1_0_+disjointig_1_0_999690 610753 625717 999690 -1 -1 11910 0.0424551
Chain
	Aln	0	-HG004_ont_387_start_610749 25 14989 15000 +edge_1_0_+disjointig_1_0_999690 373972 388936 999690 -1 -1 11910 0.0424551
Chain
	Aln	1	+HG004_ont_388_start_208666 5 14998 15000 -edge_1_0_+disjointig_1_0_999690 208665 223658 999690 -1 -1 11915 0.0413757
Chain
	Aln	0	-HG004_ont_388_start_208666 1 14994 15000 +edge_1_0_+disjointig_1_0_999690 776031 791024 999690 -1 -1 11915 0.0413757
Chain
	Aln	1	+HG004_ont_389_start_582720 26 14998 15000 -edge_1_0_+disjointig_1_0_999690 582740 597712 999690 -1 -1 12112 0.042925
Chain
	Aln	0	-HG004_ont_389_start_582720 1 14973 15000 +edge_1_0_+disjointig_1_0_999690 401977 416949 999690 -1 -1 12112 0.042925
Chain
	Aln	1	+HG004_ont_390_start_387013 1 14993 15000 -edge_1_0_+disjointig_1_0_999690 387008 402000 999690 -1 -1 12622 0.0382607
Chain
	Aln	0	-HG004_ont_390_start_387013 6 14998 15000 +edge_1_0_+disjointig_1_0_999690 597689 612681 999690 -1 -1 12622 0.0382607
Chain
	Aln	1	+HG004_ont_391_start_366153 12 14992 15000 -edge_1_0_+disjointig_1_0_999690 366159 381139 999690 -1 -1 12309 0.0408667
Chain
	Aln	0	-HG004_ont_391_start_366153 7 14987 15000 +edge_1_0_+disjointig_1_0_999690 618550 633530 999690 -1 -1 12309 0.0408667
Chain
	Aln	1	+HG004_ont_392_start_239102 1 14982 15000 -edge_1_0_+disjointig_1_0_999690 239097 254078 999690 -1 -1 12177 0.042692
Chain
	Aln	0	-HG004_ont_392_start_239102 17 14998 15000 +edge_1_0_+disjointig_1_0_999690 745611 760592 999690 -1 -1 12177 0.042692
Chain
	Aln	1	+HG004_ont_393_start_537906 41 14949 15000 -edge_1_0_+disjointig_1_0_999690 537941 552849 999690 -1 -1 12218 0.0404183
Chain
	Aln	0	-HG004_ont_393_start_537906 50 14958 15000 +edge_1_0_+disjointig_1_0_999690 446840 461748 999690 -1 -1 12218 0.0404183
Chain
	Aln	1	+HG004_ont_394_start_906978 37 14998 15000 -edge_1_0_+disjointig_1_0_999690 907009 921970 999690 -1 -1 12049 0.0423544
Chain
	Aln	0	-HG004_ont_394_start_906978 1 14962 15000 +edge_1_0_+disjointig_1_0_999690 77719 92680 999690 -1 -1 12049 0.0423544
Chain
	Aln	1	+HG004_ont_395_start_47692 11 14980 15000 -edge_1_0_+disjointig_1_0_999690 47697 62666 999690 -1 -1 11765 0.0449955
Chain
	Aln	0	-HG004_ont_395_start_47692 19 14988 15000 +edge_1_0_+disjointig_1_0_999690 937023 951992 999690 -1 -1 11765 0.0449955
Chain
	Aln	1	+HG004_ont_396_start_764040 0 14998 15000 -edge_1_0_+disjointig_1_0_999690 764034 779032 999690 -1 -1 12344 0.0405375
Chain
	Aln	0	-HG004_ont_396_start_764040 1 14999 15000 +edge_1_0_+disjointig_1_0_999690 220657 235655 999690 -1 -1 12344 0.0405375
Chain
	Aln	1	+HG004_ont_397_start_411180 10 14998 15000 -edge_1_0_+disjointig_1_0_999690 411184 426172 999690 -1 -1 12157 0.0438004
Chain
	Aln	0	-HG004_ont_397_start_411180 1 14989 15000 +edge_1_0_+disjointig_1_0_999690 573517 588505 999690 -1 -1 12157 0.0438004
Chain
	Aln	1	+HG004_ont_398_start_653504 1 14992 15000 -edge_1_0_+disjointig_1_0_999690 653499 668490 999690 -1 -1 12259 0.039927
Chain
	Aln	0	-HG004_ont_398_start_653504 7 14998 15000 +edge_1_0_+disjointig_1_0_999690 331199 346190 999690 -1 -1 12259 0.039927
Chain
	Aln	1	+HG004_ont_399_start_279419 3 14994 15000 -edge_1_0_+disjointig_1_0_999690 279416 294407 999690 -1 -1 12531 0.038945
Chain
	Aln	0	-HG004_ont_399_start_279419 5 14996 15000 +edge_1_0_+disjointig_1_0_999690 705282 720273 999690 -1 -1 12531 0.038945
Chain
	Aln	1	+HG004_ont_400_start_388355 31 14998 15000 -edge_1_0_+disjointig_1_0_999690 388380 403347 999690 -1 -1 12194 0.0394703
Chain
	Aln	0	-HG004_ont_400_start_388355 1 14968 15000 +edge_1_0_+disjointig_1_0_999690 596342 611309 999690 -1 -1 12194 0.0394703
Chain
	Aln	1	+HG004_ont_401_start_928403 1 14950 15000 -edge_1_0_+disjointig_1_0_999690 928398 943347 999690 -1 -1 12072 0.0418645
Chain
	Aln	0	-HG004_ont_401_start_928403 49 14998 15000 +edge_1_0_+disjointig_1_0_999690 56342 71291 999690 -1 -1 12072 0.0418645
Chain
	Aln	1	+HG004_ont_402_start_248438 1 14997 15000 -edge_1_0_+disjointig_1_0_999690 248433 263429 999690 -1 -1 12234 0.0403892
Chain
	Aln	0	-HG004_ont_402_start_248438 2 14998 15000 +edge_1_0_+disjointig_1_0_999690 736260 751256 999690 -1 -1 12234 0.0403892
Chain
	Aln	1	+HG004_ont_403_start_701565 1 14998 15000 -edge_1_0_+disjointig_1_0_999690 701560 716557 999690 -1 -1 12195 0.0414549
Chain
	Aln	0	-HG004_ont_403_start_701565 1 14998 15000 +edge_1_0_+disjointig_1_0_999690 283132 298129 999690 -1 -1 12195 0.0414549
Chain
	Aln	1	+HG004_ont_404_start_887170 1 14982 15000 -edge_1_0_+disjointig_1_0_999690 887165 902146 999690 -1 -1 11897 0.0443375
Chain
	Aln	0	-HG004_ont_404_start_887170 17 14998 15000 +edge_1_0_+disjointig_1_0_999690 97543 112524 999690 -1 -1 11897 0.0443375
Chain
	Aln	1	+HG004_ont_405_start_355370 8 14998 15000 -edge_1_0_+disjointig_1_0_999690 355372 370362 999690 -1 -1 12456 0.0413877
Chain
	Aln	0	-HG004_ont_405_start_355370 1 14991 15000 +edge_1_0_+disjointig_1_0_999690 629327 644317 999690 -1 -1 12456 0.0413877
Chain
	Aln	1	+HG004_ont_406_start_249162 17 14994 15000 -edge_1_0_+disjointig_1_0_999690 249173 264150 999690 -1 -1 12183 0.0439393
Chain
	Aln	0	-HG004_ont_406_start_249162 5 14982 15000 +edge_1_0_+disjointig_1_0_999690 735539 750516 999690 -1 -1 12183 0.0439393
Chain
	Aln	1	+HG004_ont_408_start_808998 46 14997 15000 -edge_1_0_+disjointig_1_0_999690 809038 823989 999690 -1 -1 12380 0.0401968
Chain
	Aln	0	-HG004_ont_408_start_808998 2 14953 15000 +edge_1_0_+disjointig_1_0_999690 175700 190651 999690 -1 -1 12380 0.0401968
Chain
	Aln	1	+HG004_ont_407_start_273802 1 14938 15000 -edge_1_0_+disjointig_1_0_999690 273797 288734 999690 -1 -1 12230 0.0409419
Chain
	Aln	0	-HG004_ont_407_start_273802 61 14998 15000 +edge_1_0_+disjointig_1_0_999690 710955 725892 999690 -1 -1 12230 0.0409419
Chain
	Aln	1	+HG004_ont_409_start_491867 1 14988 15000 -edge_1_0_+disjointig_1_0_999690 491862 506849 999690 -1 -1 12275 0.0412888
Chain
	Aln	0	-HG004_ont_409_start_491867 11 14998 15000 +edge_1_0_+disjointig_1_0_999690 492840 507827 999690 -1 -1 12275 0.0412888
Chain
	Aln	1	+HG004_ont_410_start_629653 21 14989 15000 -edge_1_0_+disjointig_1_0_999690 629668 644636 999690 -1 -1 12521 0.0388091
Chain
	Aln	0	-HG004_ont_410_start_629653 10 14978 15000 +edge_1_0_+disjointig_1_0_999690 355053 370021 999690 -1 -1 12521 0.0388091
Chain
	Aln	1	+HG004_ont_411_start_671741 0 14984 15000 -edge_1_0_+disjointig_1_0_999690 671735 686719 999690 -1 -1 12353 0.0394218
Chain
	Aln	0	-HG004_ont_411_start_671741 15 14999 15000 +edge_1_0_+disjointig_1_0_999690 312970 327954 999690 -1 -1 12353 0.0394218
Chain
	Aln	1	+HG004_ont_413_start_568970 1 14984 15000 -edge_1_0_+disjointig_1_0_999690 568965 583948 999690 -1 -1 12143 0.0427161
Chain
	Aln	0	-HG004_ont_413_start_568970 15 14998 15000 +edge_1_0_+disjointig_1_0_999690 415741 430724 999690 -1 -1 12143 0.0427161
Chain
	Aln	1	+HG004_ont_412_start_231080 1 14997 15000 -edge_1_0_+disjointig_1_0_999690 231075 246071 999690 -1 -1 12514 0.0398307
Chain
	Aln	0	-HG004_ont_412_start_231080 2 14998 15000 +edge_1_0_+disjointig_1_0_999690 753618 768614 999690 -1 -1 12514 0.0398307
Chain
	Aln	1	+HG004_ont_414_start_757287 8 14998 15000 -edge_1_0_+disjointig_1_0_999690 757289 772279 999690 -1 -1 12660 0.0394224
Chain
	Aln	0	-HG004_ont_414_start_757287 1 14991 15000 +edge_1_0_+disjointig_1_0_999690 227410 242400 999690 -1 -1 12660 0.0394224
Chain
	Aln	1	+HG004_ont_415_start_680661 3 14998 15000 -edge_1_0_+disjointig_1_0_999690 680658 695653 999690 -1 -1 12340 0.0404321
Chain
	Aln	0	-HG004_ont_415_start_680661 1 14996 15000 +edge_1_0_+disjointig_1_0_999690 304036 319031 999690 -1 -1 12340 0.0404321
Chain
	Aln	1	+HG004_ont_416_start_516526 1 14996 15000 -edge_1_0_+disjointig_1_0_999690 516521 531516 999690 -1 -1 12406 0.0410437
Chain
	Aln	0	-HG004_ont_416_start_516526 3 14998 15000 +edge_1_0_+disjointig_1_0_999690 468173 483168 999690 -1 -1 12406 0.0410437
Chain
	Aln	1	+HG004_ont_417_start_158970 30 14998 15000 -edge_1_0_+disjointig_1_0_999690 158994 173962 999690 -1 -1 12069 0.0414522
Chain
	Aln	0	-HG004_ont_417_start_158970 1 14969 15000 +edge_1_0_+disjointig_1_0_999690 825727 840695 999690 -1 -1 12069 0.0414522
Chain
	Aln	1	+HG004_ont_418_start_321232 71 14987 15000 -edge_1_0_+disjointig_1_0_999690 321297 336213 999690 -1 -1 12093 0.0409303
Chain
	Aln	0	-HG004_ont_418_start_321232 12 14928 15000 +edge_1_0_+disjointig_1_0_999690 663476 678392 999690 -1 -1 12093 0.0409303
Chain
	Aln	1	+HG004_ont_419_start_574771 14 14998 15000 -edge_1_0_+disjointig_1_0_999690 574779 589763 999690 -1 -1 12206 0.0416982
Chain
	Aln	0	-HG004_ont_419_start_574771 1 14985 15000 +edge_1_0_+disjointig_1_0_999690 409926 424910 999690 -1 -1 12206 0.0416982
Chain
	Aln	1	+HG004_ont_420_start_712850 1 14977 15000 -edge_1_0_+disjointig_1_0_999690 712845 727821 999690 -1 -1 12585 0.0368083
Chain
	Aln	0	-HG004_ont_420_start_712850 22 14998 15000 +edge_1_0_+disjointig_1_0_999690 271868 286844 999690 -1 -1 12585 0.0368083
Chain
	Aln	1	+HG004_ont_421_start_606687 6 14998 15000 -edge_1_0_+disjointig_1_0_999690 606687 621679 999690 -1 -1 11870 0.0455521
Chain
	Aln	0	-HG004_ont_421_start_606687 1 14993 15000 +edge_1_0_+disjointig_1_0_999690 378010 393002 999690 -1 -1 11870 0.0455521
Chain
	Aln	1	+HG004_ont_422_start_805677 0 14997 15000 -edge_1_0_+disjointig_1_0_999690 805671 820668 999690 -1 -1 12485 0.0389534
Chain
	Aln	0	-HG004_ont_422_start_805677 2 14999 15000 +edge_1_0_+disjointig_1_0_999690 179021 194018 999690 -1 -1 12485 0.0389534
Chain
	Aln	1	+HG004_ont_423_start_120456 16 14994 15000 -edge_1_0_+disjointig_1_0_999690 120466 135444 999690 -1 -1 12479 0.0407802
Chain
	Aln	0	-HG004_ont_423_start_120456 5 14983 15000 +edge_1_0_+disjointig_1_0_999690 864245 879223 999690 -1 -1 12479 0.0407802
Chain
	Aln	1	+HG004_ont_424_start_186074 1 14998 15000 -edge_1_0_+disjointig_1_0_999690 186069 201066 999690 -1 -1 12000 0.0421173
Chain
	Aln	0	-HG004_ont_424_start_186074 1 14998 15000 +edge_1_0_+disjointig_1_0_999690 798623 813620 999690 -1 -1 12000 0.0421173
Chain
	Aln	1	+HG004_ont_425_start_447485 1 14932 15000 -edge_1_0_+disjointig_1_0_999690 447480 462411 999690 -1 -1 12497 0.0374
Chain
	Aln	0	-HG004_ont_425_start_447485 67 14998 15000 +edge_1_0_+disjointig_1_0_999690 537278 552209 999690 -1 -1 12497 0.0374
Chain
	Aln	1	+HG004_ont_426_start_241614 1 14998 15000 -edge_1_0_+disjointig_1_0_999690 241609 256606 999690 -1 -1 12094 0.0426494
Chain
	Aln	0	-HG004_ont_426_start_241614 1 14998 15000 +edge_1_0_+disjointig_1_0_999690 743083 758080 999690 -1 -1 12094 0.0426494
Chain
	Aln	1	+HG004_ont_427_start_345972 45 14988 15000 -edge_1_0_+disjointig_1_0_999690 346011 360954 999690 -1 -1 12165 0.0402199
Chain
	Aln	0	-HG004_ont_427_start_345972 11 14954 15000 +edge_1_0_+disjointig_1_0_999690 638735 653678 999690 -1 -1 12165 0.0402199
Chain
	Aln	1	+HG004_ont_428_start_100836 14 14997 15000 -edge_1_0_+disjointig_1_0_999690 100844 115827 999690 -1 -1 12262 0.0387693
Chain
	Aln	0	-HG004_ont_428_start_100836 2 14985 15000 +edge_1_0_+disjointig_1_0_999690 883862 898845 999690 -1 -1 12262 0.0387693
Chain
	Aln	1	+HG004_ont_429_start_567544 0 14998 15000 -edge_1_0_+disjointig_1_0_999690 567538 582536 999690 -1 -1 12586 0.0377155
Chain
	Aln	0	-HG004_ont_429_start_567544 1 14999 15000 +edge_1_0_+disjointig_1_0_999690 417153 432151 999690 -1 -1 12586 0.0377155
Chain
	Aln	1	+HG004_ont_430_start_365157 20 14998 15000 -edge_1_0_+disjointig_1_0_999690 365171 380149 999690 -1 -1 12401 0.0412693
Chain
	Aln	0	-HG004_ont_430_start_365157 1 14979 15000 +edge_1_0_+disjointig_1_0_999690 619540 634518 999690 -1 -1 12401 0.0412693
Chain
	Aln	1	+HG004_ont_431_start_615751 0 14975 15000 -edge_1_0_+disjointig_1_0_999690 615745 630720 999690 -1 -1 12526 0.0407763
Chain
	Aln	0	-HG004_ont_431_start_615751 24 14999 15000 +edge_1_0_+disjointig_1_0_999690 368969 383944 999690 -1 -1 12526 0.0407763
Chain
	Aln	1	+HG004_ont_432_start_637467 1 14996 15000 -edge_1_0_+disjointig_1_0_999690 637462 652457 999690 -1 -1 12741 0.0400511
Chain
	Aln	0	-HG004_ont_432_start_637467 3 14998 15000 +edge_1_0_+disjointig_1_0_999690 347232 362227 999690 -1 -1 12741 0.0400511
Chain
	Aln	1	+HG004_ont_433_start_789583 1 14998 15000 -edge_1_0_+disjointig_1_0_999690 789578 804575 999690 -1 -1 12186 0.0407684
Chain
	Aln	0	-HG004_ont_433_start_789583 1 14998 15000 +edge_1_0_+disjointig_1_0_999690 195114 210111 999690 -1 -1 12186 0.0407684
Chain
	Aln	1	+HG004_ont_434_start_714024 1 14990 15000 -edge_1_0_+disjointig_1_0_999690 714019 729008 999690 -1 -1 12005 0.0433433
Chain
	Aln	0	-HG004_ont_434_start_714024 9 14998 15000 +edge_1_0_+disjointig_1_0_999690 270681 285670 999690 -1 -1 12005 0.0433433
Chain
	Aln	1	+HG004_ont_435_start_380970 1 14998 15000 -edge_1_0_+disjointig_1_0_999690 380965 395962 999690 -1 -1 12288 0.0423747
Chain
	Aln	0	-HG004_ont_435_start_380970 1 14998 15000 +edge_1_0_+disjointig_1_0_999690 603727 618724 999690 -1 -1 12288 0.0423747
Chain
	Aln	1	+HG004_ont_436_start_119103 1 14995 15000 -edge_1_0_+disjointig_1_0_999690 119098 134092 999690 -1 -1 12373 0.0402957
Chain
	Aln	0	-HG004_ont_436_start_119103 4 14998 15000 +edge_1_0_+disjointig_1_0_999690 865597 880591 999690 -1 -1 12373 0.0402957
Chain
	Aln	1	+HG004_ont_437_start_334653 1 14998 15000 -edge_1_0_+disjointig_1_0_999690 334648 349645 999690 -1 -1 12214 0.0425847
Chain
	Aln	0	-HG004_ont_437_start_334653 1 14998 15000 +edge_1_0_+disjointig_1_0_999690 650044 665041 999690 -1 -1 12214 0.0425847
Chain
	Aln	1	+HG004_ont_438_start_507746 8 14998 15000 -edge_1_0_+disjointig_1_0_999690 507748 522738 999690 -1 -1 12531 0.0385771
Chain
	Aln	0	-HG004_ont_438_start_507746 1 14991 15000 +edge_1_0_+disjointig_1_0_999690 476951 491941 999690 -1 -1 12531 0.0385771
Chain
	Aln	1	+HG004_ont_440_start_133551 9 14994 15000 -edge_1_0_+disjointig_1_0_999690 133554 148539 999690 -1 -1 12328 0.0416225
Chain
	Aln	0	-HG004_ont_440_start_133551 5 14990 15000 +edge_1_0_+disjointig_1_0_999690 851150 866135 999690 -1 -1 12328 0.0416225
Chain
	Aln	1	+HG004_ont_439_start_486684 14 14979 15000 -edge_1_0_+disjointig_1_0_999690 486692 501657 999690 -1 -1 12252 0.0407527
Chain
	Aln	0	-HG004_ont_439_start_486684 20 14985 15000 +edge_1_0_+disjointig_1_0_999690 498032 512997 999690 -1 -1 12252 0.0407527
Chain
	Aln	1	+HG004_ont_441_start_320825 13 14998 15000 -edge_1_0_+disjointig_1_0_999690 320832 335817 999690 -1 -1 12226 0.041798
Chain
	Aln	0	-HG004_ont_441_start_320825 1 14986 15000 +edge_1_0_+disjointig_1_0_999690 663872 678857 999690 -1 -1 12226 0.041798
Chain
	Aln	1	+HG004_ont_442_start_136129 16 14998 15000 -edge_1_0_+disjointig_1_0_999690 136139 151121 999690 -1 -1 12601 0.037899
Chain
	Aln	0	-HG004_ont_442_start_136129 1 14983 15000 +edge_1_0_+disjointig_1_0_999690 848568 863550 999690 -1 -1 12601 0.037899
Chain
	Aln	1	+HG004_ont_443_start_863257 10 14996 15000 -edge_1_0_+disjointig_1_0_999690 863261 878247 999690 -1 -1 11943 0.0434464
Chain
	Aln	0	-HG004_ont_443_start_863257 3 14989 15000 +edge_1_0_+disjointig_1_0_999690 121442 136428 999690 -1 -1 11943 0.0434464
Chain
	Aln	1	+HG004_ont_444_start_886755 13 14990 15000 -edge_1_0_+disjointig_1_0_999690 886762 901739 999690 -1 -1 12439 0.0395942
Chain
	Aln	0	-HG004_ont_444_start_886755 9 14986 15000 +edge_1_0_+disjointig_1_0_999690 97950 112927 999690 -1 -1 12439 0.0395942
Chain
	Aln	1	+HG004_ont_445_start_927966 0 14981 15000 -edge_1_0_+disjointig_1_0_999690 927960 942941 999690 -1 -1 12121 0.0413445
Chain
	Aln	0	-HG004_ont_445_start_927966 18 14999 15000 +edge_1_0_+disjointig_1_0_999690 56748 71729 999690 -1 -1 12121 0.0413445
Chain
	Aln	1	+HG004_ont_447_start_806213 11 14984 15000 -edge_1_0_+disjointig_1_0_999690 806218 821191 999690 -1 -1 12374 0.0390954
Chain
	Aln	0	-HG004_ont_447_start_806213 15 14988 15000 +edge_1_0_+disjointig_1_0_999690 178498 193471 999690 -1 -1 12374 0.0390954
Chain
	Aln	1	+HG004_ont_446_start_496227 11 14994 15000 -edge_1_0_+disjointig_1_0_999690 496232 511215 999690 -1 -1 12646 0.0368578
Chain
	Aln	0	-HG004_ont_446_start_496227 5 14988 15000 +edge_1_0_+disjointig_1_0_999690 488474 503457 999690 -1 -1 12646 0.0368578
Chain
	Aln	1	+HG004_ont_449_start_885779 27 14998 15000 -edge_1_0_+disjointig_1_0_999690 885800 900771 999690 -1 -1 12419 0.0379007
Chain
	Aln	0	-HG004_ont_449_start_885779 1 14972 15000 +edge_1_0_+disjointig_1_0_999690 98918 113889 999690 -1 -1 12419 0.0379007
Chain
	Aln	1	+HG004_ont_448_start_813885 0 14998 15000 -edge_1_0_+disjointig_1_0_999690 813879 828877 999690 -1 -1 12470 0.038104
Chain
	Aln	0	-HG004_ont_448_start_813885 1 14999 15000 +edge_1_0_+disjointig_1_0_999690 170812 185810 999690 -1 -1 12470 0.038104
Chain
	Aln	1	+HG004_ont_450_start_162360 1 14973 15000 -edge_1_0_+disjointig_1_0_999690 162355 177327 999690 -1 -1 11998 0.0429413
Chain
	Aln	0	-HG004_ont_450_start_162360 26 14998 15000 +edge_1_0_+disjointig_1_0_999690 822362 837334 999690 -1 -1 11998 0.0429413
Chain
	Aln	1	+HG004_ont_451_start_770327 10 14998 15000 -edge_1_0_+disjointig_1_0_999690 770331 785319 999690 -1 -1 12468 0.0411582
Chain
	Aln	0	-HG004_ont_451_start_770327 1 14989 15000 +edge_1_0_+disjointig_1_0_999690 214370 229358 999690 -1 -1 12468 0.0411582
Chain
	Aln	1	+HG004_ont_452_start_961537 45 14989 15000 -edge_1_0_+disjointig_1_0_999690 961576 976520 999690 -1 -1 12358 0.0402161
Chain
	Aln	0	-HG004_ont_452_start_961537 10 14954 15000 +edge_1_0_+disjointig_1_0_999690 23169 38113 999690 -1 -1 12358 0.0402161
Chain
	Aln	1	+HG004_ont_453_start_187789 1 14993 15000 -edge_1_0_+disjointig_1_0_999690 187784 202776 999690 -1 -1 12495 0.0408352
Chain
	Aln	0	-HG004_ont_453_start_187789 6 14998 15000 +edge_1_0_+disjointig_1_0_999690 796913 811905 999690 -1 -1 12495 0.0408352
Chain
	Aln	1	+HG004_ont_454_start_106496 28 14998 15000 -edge_1_0_+disjointig_1_0_999690 106518 121488 999690 -1 -1 12514 0.0382646
Chain
	Aln	0	-HG004_ont_454_start_106496 1 14971 15000 +edge_1_0_+disjointig_1_0_999690 878201 893171 999690 -1 -1 12514 0.0382646
Chain
	Aln	1	+HG004_ont_455_start_752190 7 14965 15000 -edge_1_0_+disjointig_1_0_999690 752191 767149 999690 -1 -1 12191 0.0409535
Chain
	Aln	0	-HG004_ont_455_start_752190 34 14992 15000 +edge_1_0_+disjointig_1_0_999690 232540 247498 999690 -1 -1 12191 0.0409535
Chain
	Aln	1	+HG004_ont_457_start_111015 7 14957 15000 -edge_1_0_+disjointig_1_0_999690 111016 125966 999690 -1 -1 12103 0.0429119
Chain
	Aln	0	-HG004_ont_457_start_111015 42 14992 15000 +edge_1_0_+disjointig_1_0_999690 873723 888673 999690 -1 -1 12103 0.0429119
Chain
	Aln	1	+HG004_ont_456_start_150384 4 14998 15000 -edge_1_0_+disjointig_1_0_999690 150382 165376 999690 -1 -1 12081 0.0426134
Chain
	Aln	0	-HG004_ont_456_start_150384 1 14995 15000 +edge_1_0_+disjointig_1_0_999690 834313 849307 999690 -1 -1 12081 0.0426134
Chain
	Aln	1	+HG004_ont_458_start_388343 3 14972 15000 -edge_1_0_+disjointig_1_0_999690 388340 403309 999690 -1 -1 12306 0.0380202
Chain
	Aln	0	-HG004_ont_458_start_388343 27 14996 15000 +edge_1_0_+disjointig_1_0_999690 596380 611349 999690 -1 -1 12306 0.0380202
Chain
	Aln	1	+HG004_ont_459_start_22917 12 14998 15000 -edge_1_0_+disjointig_1_0_999690 22923 37909 999690 -1 -1 11966 0.042736
Chain
	Aln	0	-HG004_ont_459_start_22917 1 14987 15000 +edge_1_0_+disjointig_1_0_999690 961780 976766 999690 -1 -1 11966 0.042736
Chain
	Aln	1	+HG004_ont_460_start_883081 67 14998 15000 -edge_1_0_+disjointig_1_0_999690 883142 898073 999690 -1 -1 12110 0.0421314
Chain
	Aln	0	-HG004_ont_460_start_883081 1 14932 15000 +edge_1_0_+disjointig_1_0_999690 101616 116547 999690 -1 -1 12110 0.0421314
Chain
	Aln	1	+HG004_ont_461_start_14048 4 14998 15000 -edge_1_0_+disjointig_1_0_999690 14046 29040 999690 -1 -1 11930 0.0439811
Chain
	Aln	0	-HG004_ont_461_start_14048 1 14995 15000 +edge_1_0_+disjointig_1_0_999690 970649 985643 999690 -1 -1 11930 0.0439811
Chain
	Aln	1	+HG004_ont_462_start_106027 8 14998 15000 -edge_1_0_+disjointig_1_0_999690 106029 121019 999690 -1 -1 11989 0.0434786
Chain
	Aln	0	-HG004_ont_462_start_106027 1 14991 15000 +edge_1_0_+disjointig_1_0_999690 878670 893660 999690 -1 -1 11989 0.0434786
Chain
	Aln	1	+HG004_ont_463_start_124623 15 14984 15000 -edge_1_0_+disjointig_1_0_999690 124632 139601 999690 -1 -1 12481 0.0407292
Chain
	Aln	0	-HG004_ont_463_start_124623 15 14984 15000 +edge_1_0_+disjointig_1_0_999690 860088 875057 999690 -1 -1 12481 0.0407292
Chain
	Aln	1	+HG004_ont_464_start_659292 31 14998 15000 -edge_1_0_+disjointig_1_0_999690 659317 674284 999690 -1 -1 12196 0.0404471
Chain
	Aln	0	-HG004_ont_464_start_659292 1 14968 15000 +edge_1_0_+disjointig_1_0_999690 325405 340372 999690 -1 -1 12196 0.0404471
Chain
	Aln	1	+HG004_ont_465_start_724770 3 14968 15000 -edge_1_0_+disjointig_1_0_999690 724767 739732 999690 -1 -1 12360 0.0381998
Chain
	Aln	0	-HG004_ont_465_start_724770 31 14996 15000 +edge_1_0_+disjointig_1_0_999690 259957 274922 999690 -1 -1 12360 0.0381998
Chain
	Aln	1	+HG004_ont_466_start_257365 1 14998 15000 -edge_1_0_+disjointig_1_0_999690 257360 272357 999690 -1 -1 12334 0.0409885
Chain
	Aln	0	-HG004_ont_466_start_257365 1 14998 15000 +edge_1_0_+disjointig_1_0_999690 727332 742329 999690 -1 -1 12334 0.0409885
Chain
	Aln	1	+HG004_ont_467_start_623737 5 14993 15000 -edge_1_0_+disjointig_1_0_999690 623736 638724 999690 -1 -1 12413 0.0386146
Chain
	Aln	0	-HG004_ont_467_start_623737 6 14994 15000 +edge_1_0_+disjointig_1_0_999690 360965 375953 999690 -1 -1 12413 0.0386146
Chain
	Aln	1	+HG004_ont_468_start_493116 1 14982 15000 -edge_1_0_+disjointig_1_0_999690 493111 508092 999690 -1 -1 12169 0.0414715
Chain
	Aln	0	-HG004_ont_468_start_493116 17 14998 15000 +edge_1_0_+disjointig_1_0_999690 491597 506578 999690 -1 -1 12169 0.0414715
Chain
	Aln	1	+HG004_ont_469_start_664286 1 14998 15000 -edge_1_0_+disjointig_1_0_999690 664281 679278 999690 -1 -1 12091 0.0426737
Chain
	Aln	0	-HG004_ont_469_start_664286 1 14998 15000 +edge_1_0_+disjointig_1_0_999690 320411 335408 999690 -1 -1 12091 0.0426737
Chain
	Aln	1	+HG004_ont_471_start_583661 1 14998 15000 -edge_1_0_+disjointig_1_0_999690 583656 598653 999690 -1 -1 12139 0.0422861
Chain
	Aln	0	-HG004_ont_471_start_583661 1 14998 15000 +edge_1_0_+disjointig_1_0_999690 401036 416033 999690 -1 -1 12139 0.0422861
Chain
	Aln	1	+HG004_ont_470_start_861401 8 14998 15000 -edge_1_0_+disjointig_1_0_999690 861403 876393 999690 -1 -1 12344 0.0398844
Chain
	Aln	0	-HG004_ont_470_start_861401 1 14991 15000 +edge_1_0_+disjointig_1_0_999690 123296 138286 999690 -1 -1 12344 0.0398844
Chain
	Aln	1	+HG004_ont_473_start_499580 6 14998 15000 -edge_1_0_+disjointig_1_0_999690 499580 514572 999690 -1 -1 12452 0.040047
Chain
	Aln	0	-HG004_ont_473_start_499580 1 14993 15000 +edge_1_0_+disjointig_1_0_999690 485117 500109 999690 -1 -1 12452 0.040047
Chain
	Aln	1	+HG004_ont_472_start_267183 1 14964 15000 -edge_1_0_+disjointig_1_0_999690 267178 282141 999690 -1 -1 12604 0.0382823
Chain
	Aln	0	-HG004_ont_472_start_267183 35 14998 15000 +edge_1_0_+disjointig_1_0_999690 717548 732511 999690 -1 -1 12604 0.0382823
Chain
	Aln	1	+HG004_ont_474_start_500711 1 14984 15000 -edge_1_0_+disjointig_1_0_999690 500706 515689 999690 -1 -1 12215 0.0409887
Chain
	Aln	0	-HG004_ont_474_start_500711 15 14998 15000 +edge_1_0_+disjointig_1_0_999690 484000 498983 999690 -1 -1 12215 0.0409887
Chain
	Aln	1	+HG004_ont_475_start_540557 13 14994 15000 -edge_1_0_+disjointig_1_0_999690 540564 555545 999690 -1 -1 12209 0.0429522
Chain
	Aln	0	-HG004_ont_475_start_540557 5 14986 15000 +edge_1_0_+disjointig_1_0_999690 444144 459125 999690 -1 -1 12209 0.0429522
Chain
	Aln	1	+HG004_ont_476_start_883626 16 14998 15000 -edge_1_0_+disjointig_1_0_999690 883636 898618 999690 -1 -1 12270 0.0396831
Chain
	Aln	0	-HG004_ont_476_start_883626 1 14983 15000 +edge_1_0_+disjointig_1_0_999690 101071 116053 999690 -1 -1 12270 0.0396831
Chain
	Aln	1	+HG004_ont_477_start_150692 1 14947 15000 -edge_1_0_+disjointig_1_0_999690 150687 165633 999690 -1 -1 12115 0.0427983
Chain
	Aln	0	-HG004_ont_477_start_150692 52 14998 15000 +edge_1_0_+disjointig_1_0_999690 834056 849002 999690 -1 -1 12115 0.0427983
Chain
	Aln	1	+HG004_ont_478_start_506887 1 14998 15000 -edge_1_0_+disjointig_1_0_999690 506882 521879 999690 -1 -1 12180 0.0405648
Chain
	Aln	0	-HG004_ont_478_start_506887 1 14998 15000 +edge_1_0_+disjointig_1_0_999690 477810 492807 999690 -1 -1 12180 0.0405648
Chain
	Aln	1	+HG004_ont_479_start_929258 14 14991 15000 -edge_1_0_+disjointig_1_0_999690 929266 944243 999690 -1 -1 12608 0.0405176
Chain
	Aln	0	-HG004_ont_479_start_929258 8 14985 15000 +edge_1_0_+disjointig_1_0_999690 55446 70423 999690 -1 -1 12608 0.0405176
Chain
	Aln	1	+HG004_ont_480_start_631937 16 14998 15000 -edge_1_0_+disjointig_1_0_999690 631947 646929 999690 -1 -1 12163 0.0420344
Chain
	Aln	0	-HG004_ont_480_start_631937 1 14983 15000 +edge_1_0_+disjointig_1_0_999690 352760 367742 999690 -1 -1 12163 0.0420344
Chain
	Aln	1	+HG004_ont_481_start_308946 2 14998 15000 -edge_1_0_+disjointig_1_0_999690 308942 323938 999690 -1 -1 12206 0.0418731
Chain
	Aln	0	-HG004_ont_481_start_308946 1 14997 15000 +edge_1_0_+disjointig_1_0_999690 675751 690747 999690 -1 -1 12206 0.0418731
Chain
	Aln	1	+HG004_ont_482_start_951757 10 14998 15000 -edge_1_0_+disjointig_1_0_999690 951761 966749 999690 -1 -1 12459 0.0392383
Chain
	Aln	0	-HG004_ont_482_start_951757 1 14989 15000 +edge_1_0_+disjointig_1_0_999690 32940 47928 999690 -1 -1 12459 0.0392383
Chain
	Aln	1	+HG004_ont_483_start_523934 25 14998 15000 -edge_1_0_+disjointig_1_0_999690 523953 538926 999690 -1 -1 12016 0.0434529
Chain
	Aln	0	-HG004_ont_483_start_523934 1 14974 15000 +edge_1_0_+disjointig_1_0_999690 460763 475736 999690 -1 -1 12016 0.0434529
Chain
	Aln	1	+HG004_ont_484_start_361833 26 14998 15000 -edge_1_0_+disjointig_1_0_999690 361853 376825 999690 -1 -1 12454 0.0395822
Chain
	Aln	0	-HG004_ont_484_start_361833 1 14973 15000 +edge_1_0_+disjointig_1_0_999690 622864 637836 999690 -1 -1 12454 0.0395822
Chain
	Aln	1	+HG004_ont_485_start_466939 1 14998 15000 -edge_1_0_+disjointig_1_0_999690 466934 481931 999690 -1 -1 12441 0.0410279
Chain
	Aln	0	-HG004_ont_485_start_466939 1 14998 15000 +edge_1_0_+disjointig_1_0_999690 517758 532755 999690 -1 -1 12441 0.0410279
Chain
	Aln	1	+HG004_ont_486_start_289247 20 14998 15000 -edge_1_0_+disjointig_1_0_999690 289261 304239 999690 -1 -1 12390 0.0393599
Chain
	Aln	0	-HG004_ont_486_start_289247 1 14979 15000 +edge_1_0_+disjointig_1_0_999690 695450 710428 999690 -1 -1 12390 0.0393599
Chain
	Aln	1	+HG004_ont_487_start_421477 0 14998 15000 -edge_1_0_+disjointig_1_0_999690 421471 436469 999690 -1 -1 12282 0.0395305
Chain
	Aln	0	-HG004_ont_487_start_421477 1 14999 15000 +edge_1_0_+disjointig_1_0_999690 563220 578218 999690 -1 -1 12282 0.0395305
Chain
	Aln	1	+HG004_ont_488_start_911802 6 14978 15000 -edge_1_0_+disjointig_1_0_999690 911802 926774 999690 -1 -1 12165 0.0432766
Chain
	Aln	0	-HG004_ont_488_start_911802 21 14993 15000 +edge_1_0_+disjointig_1_0_999690 72915 87887 999690 -1 -1 12165 0.0432766
Chain
	Aln	1	+HG004_ont_489_start_553096 9 14998 15000 -edge_1_0_+disjointig_1_0_999690 553099 568088 999690 -1 -1 12339 0.0386942
Chain
	Aln	0	-HG004_ont_489_start_553096 1 14990 15000 +edge_1_0_+disjointig_1_0_999690 431601 446590 999690 -1 -1 12339 0.0386942
Chain
	Aln	1	+HG004_ont_490_start_523369 27 14998 15000 -edge_1_0_+disjointig_1_0_999690 523390 538361 999690 -1 -1 12543 0.0372161
Chain
	Aln	0	-HG004_ont_490_start_523369 1 14972 15000 +edge_1_0_+disjointig_1_0_999690 461328 476299 999690 -1 -1 12543 0.0372161
Chain
	Aln	1	+HG004_ont_492_start_347413 0 14998 15000 -edge_1_0_+disjointig_1_0_999690 347407 362405 999690 -1 -1 12318 0.0422659
Chain
	Aln	0	-HG004_ont_492_start_347413 1 14999 15000 +edge_1_0_+disjointig_1_0_999690 637284 652282 999690 -1 -1 12318 0.0422659
Chain
	Aln	1	+HG004_ont_494_start_189465 1 14998 15000 -edge_1_0_+disjointig_1_0_999690 189460 204457 999690 -1 -1 12500 0.0401908
Chain
	Aln	0	-HG004_ont_494_start_189465 1 14998 15000 +edge_1_0_+disjointig_1_0_999690 795232 810229 999690 -1 -1 12500 0.0401908
Chain
	Aln	1	+HG004_ont_491_start_827966 0 14982 15000 -edge_1_0_+disjointig_1_0_999690 827960 842942 999690 -1 -1 12198 0.0427853
Chain
	Aln	0	-HG004_ont_491_start_827966 17 14999 15000 +edge_1_0_+disjointig_1_0_999690 156747 171729 999690 -1 -1 12198 0.0427853
Chain
	Aln	1	+HG004_ont_493_start_399254 10 14998 15000 -edge_1_0_+disjointig_1_0_999690 399258 414246 999690 -1 -1 12176 0.0423394
Chain
	Aln	0	-HG004_ont_493_start_399254 1 14989 15000 +edge_1_0_+disjointig_1_0_999690 585443 600431 999690 -1 -1 12176 0.0423394
Chain
	Aln	1	+HG004_ont_495_start_692280 1 14989 15000 -edge_1_0_+disjointig_1_0_999690 692275 707263 999690 -1 -1 12323 0.0395451
Chain
	Aln	0	-HG004_ont_495_start_692280 10 14998 15000 +edge_1_0_+disjointig_1_0_999690 292426 307414 999690 -1 -1 12323 0.0395451
Chain
	Aln	1	+HG004_ont_496_start_899041 1 14998 15000 -edge_1_0_+disjointig_1_0_999690 899036 914033 999690 -1 -1 12426 0.0413993
Chain
	Aln	0	-HG004_ont_496_start_899041 1 14998 15000 +edge_1_0_+disjointig_1_0_999690 85656 100653 999690 -1 -1 12426 0.0413993
Chain
	Aln	1	+HG004_ont_497_start_384719 0 14976 15000 -edge_1_0_+disjointig_1_0_999690 384713 399689 999690 -1 -1 12299 0.0410558
Chain
	Aln	0	-HG004_ont_497_start_384719 23 14999 15000 +edge_1_0_+disjointig_1_0_999690 600000 614976 999690 -1 -1 12299 0.0410558
Chain
	Aln	1	+HG004_ont_498_start_837814 63 14997 15000 -edge_1_0_+disjointig_1_0_999690 837871 852805 999690 -1 -1 12604 0.0397571
Chain
	Aln	0	-HG004_ont_498_start_837814 2 14936 15000 +edge_1_0_+disjointig_1_0_999690 146884 161818 999690 -1 -1 12604 0.0397571
Chain
	Aln	1	+HG004_ont_499_start_59871 1 14984 15000 -edge_1_0_+disjointig_1_0_999690 59866 74849 999690 -1 -1 11764 0.0434593
Chain
	Aln	0	-HG004_ont_499_start_59871 15 14998 15000 +edge_1_0_+disjointig_1_0_999690 924840 939823 999690 -1 -1 11764 0.0434593
Chain
	Aln	1	+HG004_ont_500_start_324942 11 14998 15000 -edge_1_0_+disjointig_1_0_999690 324947 339934 999690 -1 -1 12604 0.0391046
Chain
	Aln	0	-HG004_ont_500_start_324942 1 14988 15000 +edge_1_0_+disjointig_1_0_999690 659755 674742 999690 -1 -1 12604 0.0391046
Chain
	Aln	1	+HG004_ont_501_start_618442 20 14998 15000 -edge_1_0_+disjointig_1_0_999690 618456 633434 999690 -1 -1 12470 0.0403497
Chain
	Aln	0	-HG004_ont_501_start_618442 1 14979 15000 +edge_1_0_+disjointig_1_0_999690 366255 381233 999690 -1 -1 12470 0.0403497
Chain
	Aln	1	+HG004_ont_502_start_87503 12 14998 15000 -edge_1_0_+disjointig_1_0_999690 87509 102495 999690 -1 -1 12440 0.038042
Chain
	Aln	0	-HG004_ont_502_start_87503 1 14987 15000 +edge_1_0_+disjointig_1_0_999690 897194 912180 999690 -1 -1 12440 0.038042
Chain
	Aln	1	+HG004_ont_503_start_675552 0 14989 15000 -edge_1_0_+disjointig_1_0_999690 675546 690535 999690 -1 -1 12461 0.039227
Chain
	Aln	0	-HG004_ont_503_start_675552 10 14999 15000 +edge_1_0_+disjointig_1_0_999690 309154 324143 999690 -1 -1 12461 0.039227
Chain
	Aln	1	+HG004_ont_504_start_213411 21 14998 15000 -edge_1_0_+disjointig_1_0_999690 213426 228403 999690 -1 -1 12686 0.0366582
Chain
	Aln	0	-HG004_ont_504_start_213411 1 14978 15000 +edge_1_0_+disjointig_1_0_999690 771286 786263 999690 -1 -1 12686 0.0366582
Chain
	Aln	1	+HG004_ont_505_start_777037 0 14982 15000 -edge_1_0_+disjointig_1_0_999690 777031 792013 999690 -1 -1 12658 0.0385532
Chain
	Aln	0	-HG004_ont_505_start_777037 17 14999 15000 +edge_1_0_+disjointig_1_0_999690 207676 222658 999690 -1 -1 12658 0.0385532
Chain
	Aln	1	+HG004_ont_506_start_140987 24 14998 15000 -edge_1_0_+disjointig_1_0_999690 141005 155979 999690 -1 -1 12314 0.0390688
Chain
	Aln	0	-HG004_ont_506_start_140987 1 14975 15000 +edge_1_0_+disjointig_1_0_999690 843710 858684 999690 -1 -1 12314 0.0390688
Chain
	Aln	1	+HG004_ont_507_start_734953 1 14998 15000 -edge_1_0_+disjointig_1_0_999690 734948 749945 999690 -1 -1 12181 0.0400589
Chain
	Aln	0	-HG004_ont_507_start_734953 1 14998 15000 +edge_1_0_+disjointig_1_0_999690 249744 264741 999690 -1 -1 12181 0.0400589
Chain
	Aln	1	+HG004_ont_508_start_270453 1 14998 15000 -edge_1_0_+disjointig_1_0_999690 270448 285445 999690 -1 -1 12589 0.0402452
Chain
	Aln	0	-HG004_ont_508_start_270453 1 14998 15000 +edge_1_0_+disjointig_1_0_999690 714244 729241 999690 -1 -1 12589 0.0402452
Chain
	Aln	1	+HG004_ont_509_start_39342 11 14998 15000 -edge_1_0_+disjointig_1_0_999690 39347 54334 999690 -1 -1 12370 0.0397954
Chain
	Aln	0	-HG004_ont_509_start_39342 1 14988 15000 +edge_1_0_+disjointig_1_0_999690 945355 960342 999690 -1 -1 12370 0.0397954
Chain
	Aln	1	+HG004_ont_510_start_56337 15 14998 15000 -edge_1_0_+disjointig_1_0_999690 56346 71329 999690 -1 -1 12185 0.0398492
Chain
	Aln	0	-HG004_ont_510_start_56337 1 14984 15000 +edge_1_0_+disjointig_1_0_999690 928360 943343 999690 -1 -1 12185 0.0398492
Chain
	Aln	1	+HG004_ont_511_start_814615 0 14998 15000 -edge_1_0_+disjointig_1_0_999690 814609 829607 999690 -1 -1 12150 0.0419449
Chain
	Aln	0	-HG004_ont_511_start_814615 1 14999 15000 +edge_1_0_+disjointig_1_0_999690 170082 185080 999690 -1 -1 12150 0.0419449
Chain
	Aln	1	+HG004_ont_513_start_983696 1 14976 15000 -edge_1_0_+disjointig_1_0_999690 983691 998666 999690 -1 -1 12325 0.0396017
Chain
	Aln	0	-HG004_ont_513_start_983696 23 14998 15000 +edge_1_0_+disjointig_1_0_999690 1023 15998 999690 -1 -1 12325 0.0396017
Chain
	Aln	1	+HG004_ont_512_start_495565 6 14998 15000 -edge_1_0_+disjointig_1_0_999690 495565 510557 999690 -1 -1 12149 0.0425731
Chain
	Aln	0	-HG004_ont_512_start_495565 1 14993 15000 +edge_1_0_+disjointig_1_0_999690 489132 504124 999690 -1 -1 12149 0.0425731
Chain
	Aln	1	+HG004_ont_514_start_594021 15 14996 15000 -edge_1_0_+disjointig_1_0_999690 594030 609011 999690 -1 -1 12367 0.0429685
Chain
	Aln	0	-HG004_ont_514_start_594021 3 14984 15000 +edge_1_0_+disjointig_1_0_999690 390678 405659 999690 -1 -1 12367 0.0429685
Chain
	Aln	1	+HG004_ont_515_start_234030 1 14987 15000 -edge_1_0_+disjointig_1_0_999690 234025 249011 999690 -1 -1 12301 0.0394604
Chain
	Aln	0	-HG004_ont_515_start_234030 12 14998 15000 +edge_1_0_+disjointig_1_0_999690 750678 765664 999690 -1 -1 12301 0.0394604
Chain
	Aln	1	+HG004_ont_516_start_65145 1 14979 15000 -edge_1_0_+disjointig_1_0_999690 65140 80118 999690 -1 -1 12154 0.0408195
Chain
	Aln	0	-HG004_ont_516_start_65145 20 14998 15000 +edge_1_0_+disjointig_1_0_999690 919571 934549 999690 -1 -1 12154 0.0408195
Chain
	Aln	1	+HG004_ont_518_start_847405 1 14998 15000 -edge_1_0_+disjointig_1_0_999690 847400 862397 999690 -1 -1 12387 0.041582
Chain
	Aln	0	-HG004_ont_518_start_847405 1 14998 15000 +edge_1_0_+disjointig_1_0_999690 137292 152289 999690 -1 -1 12387 0.041582
Chain
	Aln	1	+HG004_ont_519_start_642295 30 14991 15000 -edge_1_0_+disjointig_1_0_999690 642319 657280 999690 -1 -1 12507 0.0392548
Chain
	Aln	0	-HG004_ont_519_start_642295 8 14969 15000 +edge_1_0_+disjointig_1_0_999690 342409 357370 999690 -1 -1 12507 0.0392548
Chain
	Aln	1	+HG004_ont_517_start_319492 1 14997 15000 -edge_1_0_+disjointig_1_0_999690 319487 334483 999690 -1 -1 12130 0.0403269
Chain
	Aln	0	-HG004_ont_517_start_319492 2 14998 15000 +edge_1_0_+disjointig_1_0_999690 665206 680202 999690 -1 -1 12130 0.0403269
Chain
	Aln	1	+HG004_ont_520_start_138318 1 14998 15000 -edge_1_0_+disjointig_1_0_999690 138313 153310 999690 -1 -1 12498 0.0387332
Chain
	Aln	0	-HG004_ont_520_start_138318 1 14998 15000 +edge_1_0_+disjointig_1_0_999690 846379 861376 999690 -1 -1 12498 0.0387332
Chain
	Aln	1	+HG004_ont_521_start_301690 1 14998 15000 -edge_1_0_+disjointig_1_0_999690 301685 316682 999690 -1 -1 12319 0.0393655
Chain
	Aln	0	-HG004_ont_521_start_301690 1 14998 15000 +edge_1_0_+disjointig_1_0_999690 683007 698004 999690 -1 -1 12319 0.0393655
Chain
	Aln	1	+HG004_ont_523_start_491298 4 14998 15000 -edge_1_0_+disjointig_1_0_999690 491296 506290 999690 -1 -1 11935 0.0438074
Chain
	Aln	0	-HG004_ont_523_start_491298 1 14995 15000 +edge_1_0_+disjointig_1_0_999690 493399 508393 999690 -1 -1 11935 0.0438074
Chain
	Aln	1	+HG004_ont_522_start_248301 1 14988 15000 -edge_1_0_+disjointig_1_0_999690 248296 263283 999690 -1 -1 12565 0.0389141
Chain
	Aln	0	-HG004_ont_522_start_248301 11 14998 15000 +edge_1_0_+disjointig_1_0_999690 736406 751393 999690 -1 -1 12565 0.0389141
Chain
	Aln	1	+HG004_ont_524_start_64872 1 14967 15000 -edge_1_0_+disjointig_1_0_999690 64867 79833 999690 -1 -1 12001 0.0417313
Chain
	Aln	0	-HG004_ont_524_start_64872 32 14998 15000 +edge_1_0_+disjointig_1_0_999690 919856 934822 999690 -1 -1 12001 0.0417313
Chain
	Aln	1	+HG004_ont_525_start_273486 28 14998 15000 -edge_1_0_+disjointig_1_0_999690 273508 288478 999690 -1 -1 12034 0.0427706
Chain
	Aln	0	-HG004_ont_525_start_273486 1 14971 15000 +edge_1_0_+disjointig_1_0_999690 711211 726181 999690 -1 -1 12034 0.0427706
Chain
	Aln	1	+HG004_ont_527_start_746434 0 14998 15000 -edge_1_0_+disjointig_1_0_999690 746428 761426 999690 -1 -1 11821 0.0446383
Chain
	Aln	0	-HG004_ont_527_start_746434 1 14999 15000 +edge_1_0_+disjointig_1_0_999690 238263 253261 999690 -1 -1 11821 0.0446383
Chain
	Aln	1	+HG004_ont_526_start_116940 23 14937 15000 -edge_1_0_+disjointig_1_0_999690 116957 131871 999690 -1 -1 12200 0.0419838
Chain
	Aln	0	-HG004_ont_526_start_116940 62 14976 15000 +edge_1_0_+disjointig_1_0_999690 867818 882732 999690 -1 -1 12200 0.0419838
Chain
	Aln	1	+HG004_ont_528_start_651087 13 14983 15000 -edge_1_0_+disjointig_1_0_999690 651094 666064 999690 -1 -1 12156 0.0430804
Chain
	Aln	0	-HG004_ont_528_start_651087 16 14986 15000 +edge_1_0_+disjointig_1_0_999690 333625 348595 999690 -1 -1 12156 0.0430804
Chain
	Aln	1	+HG004_ont_529_start_447309 8 14989 15000 -edge_1_0_+disjointig_1_0_999690 447311 462292 999690 -1 -1 12645 0.0386477
Chain
	Aln	0	-HG004_ont_529_start_447309 10 14991 15000 +edge_1_0_+disjointig_1_0_999690 537397 552378 999690 -1 -1 12645 0.0386477
Chain
	Aln	1	+HG004_ont_530_start_860263 0 14971 15000 -edge_1_0_+disjointig_1_0_999690 860257 875228 999690 -1 -1 12269 0.0402677
Chain
	Aln	0	-HG004_ont_530_start_860263 28 14999 15000 +edge_1_0_+disjointig_1_0_999690 124461 139432 999690 -1 -1 12269 0.0402677
Chain
	Aln	1	+HG004_ont_531_start_875392 0 14980 15000 -edge_1_0_+disjointig_1_0_999690 875386 890366 999690 -1 -1 12034 0.0435957
Chain
	Aln	0	-HG004_ont_531_start_875392 19 14999 15000 +edge_1_0_+disjointig_1_0_999690 109323 124303 999690 -1 -1 12034 0.0435957
Chain
	Aln	1	+HG004_ont_532_start_218519 0 14989 15000 -edge_1_0_+disjointig_1_0_999690 218513 233502 999690 -1 -1 12640 0.0375166
Chain
	Aln	0	-HG004_ont_532_start_218519 10 14999 15000 +edge_1_0_+disjointig_1_0_999690 766187 781176 999690 -1 -1 12640 0.0375166
Chain
	Aln	1	+HG004_ont_533_start_926384 5 14998 15000 -edge_1_0_+disjointig_1_0_999690 926383 941376 999690 -1 -1 12091 0.0417575
Chain
	Aln	0	-HG004_ont_533_start_926384 1 14994 15000 +edge_1_0_+disjointig_1_0_999690 58313 73306 999690 -1 -1 12091 0.0417575
Chain
	Aln	1	+HG004_ont_534_start_520737 0 14998 15000 -edge_1_0_+disjointig_1_0_999690 520731 535729 999690 -1 -1 12334 0.0396227
Chain
	Aln	0	-HG004_ont_534_start_520737 1 14999 15000 +edge_1_0_+disjointig_1_0_999690 463960 478958 999690 -1 -1 12334 0.0396227
Chain
	Aln	1	+HG004_ont_535_start_80922 20 14972 15000 -edge_1_0_+disjointig_1_0_999690 80936 95888 999690 -1 -1 11993 0.0446254
Chain
	Aln	0	-HG004_ont_535_start_80922 27 14979 15000 +edge_1_0_+disjointig_1_0_999690 903801 918753 999690 -1 -1 11993 0.0446254
Chain
	Aln	1	+HG004_ont_536_start_770299 1 14998 15000 -edge_1_0_+disjointig_1_0_999690 770294 785291 999690 -1 -1 12495 0.0382728
Chain
	Aln	0	-HG004_ont_536_start_770299 1 14998 15000 +edge_1_0_+disjointig_1_0_999690 214398 229395 999690 -1 -1 12495 0.0382728
Chain
	Aln	1	+HG004_ont_537_start_773708 18 14991 15000 -edge_1_0_+disjointig_1_0_999690 773720 788693 999690 -1 -1 12561 0.0376844
Chain
	Aln	0	-HG004_ont_537_start_773708 8 14981 15000 +edge_1_0_+disjointig_1_0_999690 210996 225969 999690 -1 -1 12561 0.0376844
Chain
	Aln	1	+HG004_ont_538_start_15429 74 14997 15000 -edge_1_0_+disjointig_1_0_999690 15497 30420 999690 -1 -1 12163 0.0418022
Chain
	Aln	0	-HG004_ont_538_start_15429 2 14925 15000 +edge_1_0_+disjointig_1_0_999690 969269 984192 999690 -1 -1 12163 0.0418022
Chain
	Aln	1	+HG004_ont_539_start_684375 23 14998 15000 -edge_1_0_+disjointig_1_0_999690 684392 699367 999690 -1 -1 12172 0.0424498
Chain
	Aln	0	-HG004_ont_539_start_684375 1 14976 15000 +edge_1_0_+disjointig_1_0_999690 300322 315297 999690 -1 -1 12172 0.0424498
Chain
	Aln	1	+HG004_ont_540_start_817073 0 14992 15000 -edge_1_0_+disjointig_1_0_999690 817067 832059 999690 -1 -1 12356 0.0407959
Chain
	Aln	0	-HG004_ont_540_start_817073 7 14999 15000 +edge_1_0_+disjointig_1_0_999690 167630 182622 999690 -1 -1 12356 0.0407959
Chain
	Aln	1	+HG004_ont_541_start_690130 5 14984 15000 -edge_1_0_+disjointig_1_0_999690 690129 705108 999690 -1 -1 11816 0.0444717
Chain
	Aln	0	-HG004_ont_541_start_690130 15 14994 15000 +edge_1_0_+disjointig_1_0_999690 294581 309560 999690 -1 -1 11816 0.0444717
Chain
	Aln	1	+HG004_ont_542_start_409671 1 14982 15000 -edge_1_0_+disjointig_1_0_999690 409666 424647 999690 -1 -1 12563 0.0398877
Chain
	Aln	0	-HG004_ont_542_start_409671 17 14998 15000 +edge_1_0_+disjointig_1_0_999690 575042 590023 999690 -1 -1 12563 0.0398877
Chain
	Aln	1	+HG004_ont_543_start_510466 1 14995 15000 -edge_1_0_+disjointig_1_0_999690 510461 525455 999690 -1 -1 12137 0.0413955
Chain
	Aln	0	-HG004_ont_543_start_510466 4 14998 15000 +edge_1_0_+disjointig_1_0_999690 474234 489228 999690 -1 -1 12137 0.0413955
Chain
	Aln	1	+HG004_ont_544_start_409618 22 14988 15000 -edge_1_0_+disjointig_1_0_999690 409634 424600 999690 -1 -1 12376 0.0410402
Chain
	Aln	0	-HG004_ont_544_start_409618 11 14977 15000 +edge_1_0_+disjointig_1_0_999690 575089 590055 999690 -1 -1 12376 0.0410402
Chain
	Aln	1	+HG004_ont_545_start_965697 14 14956 15000 -edge_1_0_+disjointig_1_0_999690 965705 980647 999690 -1 -1 11804 0.0461957
Chain
	Aln	0	-HG004_ont_545_start_965697 43 14985 15000 +edge_1_0_+disjointig_1_0_999690 19042 33984 999690 -1 -1 11804 0.0461957
Chain
	Aln	1	+HG004_ont_546_start_337670 1 14998 15000 -edge_1_0_+disjointig_1_0_999690 337665 352662 999690 -1 -1 12235 0.0412647
Chain
	Aln	0	-HG004_ont_546_start_337670 1 14998 15000 +edge_1_0_+disjointig_1_0_999690 647027 662024 999690 -1 -1 12235 0.0412647
Chain
	Aln	1	+HG004_ont_547_start_320739 8 14998 15000 -edge_1_0_+disjointig_1_0_999690 320741 335731 999690 -1 -1 12278 0.0392845
Chain
	Aln	0	-HG004_ont_547_start_320739 1 14991 15000 +edge_1_0_+disjointig_1_0_999690 663958 678948 999690 -1 -1 12278 0.0392845
Chain
	Aln	1	+HG004_ont_548_start_261026 1 14998 15000 -edge_1_0_+disjointig_1_0_999690 261021 276018 999690 -1 -1 12361 0.0378383
Chain
	Aln	0	-HG004_ont_548_start_261026 1 14998 15000 +edge_1_0_+disjointig_1_0_999690 723671 738668 999690 -1 -1 12361 0.0378383
Chain
	Aln	1	+HG004_ont_549_start_719201 15 14988 15000 -edge_1_0_+disjointig_1_0_999690 719210 734183 999690 -1 -1 12181 0.0417269
Chain
	Aln	0	-HG004_ont_549_start_719201 11 14984 15000 +edge_1_0_+disjointig_1_0_999690 265506 280479 999690 -1 -1 12181 0.0417269
Chain
	Aln	1	+HG004_ont_550_start_122337 16 14998 15000 -edge_1_0_+disjointig_1_0_999690 122347 137329 999690 -1 -1 12281 0.0412217
Chain
	Aln	0	-HG004_ont_550_start_122337 1 14983 15000 +edge_1_0_+disjointig_1_0_999690 862360 877342 999690 -1 -1 12281 0.0412217
Chain
	Aln	1	+HG004_ont_551_start_401904 1 14995 15000 -edge_1_0_+disjointig_1_0_999690 401899 416893 999690 -1 -1 12612 0.039931
Chain
	Aln	0	-HG004_ont_551_start_401904 4 14998 15000 +edge_1_0_+disjointig_1_0_999690 582796 597790 999690 -1 -1 12612 0.039931
Chain
	Aln	1	+HG004_ont_552_start_329627 39 14998 15000 -edge_1_0_+disjointig_1_0_999690 329660 344619 999690 -1 -1 12327 0.0389107
Chain
	Aln	0	-HG004_ont_552_start_329627 1 14960 15000 +edge_1_0_+disjointig_1_0_999690 655070 670029 999690 -1 -1 12327 0.0389107
Chain
	Aln	1	+HG004_ont_553_start_19585 1 14998 15000 -edge_1_0_+disjointig_1_0_999690 19580 34577 999690 -1 -1 12007 0.0420611
Chain
	Aln	0	-HG004_ont_553_start_19585 1 14998 15000 +edge_1_0_+disjointig_1_0_999690 965112 980109 999690 -1 -1 12007 0.0420611
Chain
	Aln	1	+HG004_ont_554_start_100697 18 14993 15000 -edge_1_0_+disjointig_1_0_999690 100709 115684 999690 -1 -1 12314 0.0405567
Chain
	Aln	0	-HG004_ont_554_start_100697 6 14981 15000 +edge_1_0_+disjointig_1_0_999690 884005 898980 999690 -1 -1 12314 0.0405567
Chain
	Aln	1	+HG004_ont_555_start_924212 1 14998 15000 -edge_1_0_+disjointig_1_0_999690 924207 939204 999690 -1 -1 12471 0.0386953
Chain
	Aln	0	-HG004_ont_555_start_924212 1 14998 15000 +edge_1_0_+disjointig_1_0_999690 60485 75482 999690 -1 -1 12471 0.0386953
Chain
	Aln	1	+HG004_ont_556_start_645069 1 14990 15000 -edge_1_0_+disjointig_1_0_999690 645064 660053 999690 -1 -1 12232 0.0418936
Chain
	Aln	0	-HG004_ont_556_start_645069 9 14998 15000 +edge_1_0_+disjointig_1_0_999690 339636 354625 999690 -1 -1 12232 0.0418936
Chain
	Aln	1	+HG004_ont_557_start_963009 14 14998 15000 -edge_1_0_+disjointig_1_0_999690 963017 978001 999690 -1 -1 12427 0.0380116
Chain
	Aln	0	-HG004_ont_557_start_963009 1 14985 15000 +edge_1_0_+disjointig_1_0_999690 21688 36672 999690 -1 -1 12427 0.0380116
Chain
	Aln	1	+HG004_ont_558_start_89436 1 14984 15000 -edge_1_0_+disjointig_1_0_999690 89431 104414 999690 -1 -1 12126 0.0423359
Chain
	Aln	0	-HG004_ont_558_start_89436 15 14998 15000 +edge_1_0_+disjointig_1_0_999690 895275 910258 999690 -1 -1 12126 0.0423359
Chain
	Aln	1	+HG004_ont_559_start_649038 1 14998 15000 -edge_1_0_+disjointig_1_0_999690 649033 664030 999690 -1 -1 12397 0.0427873
Chain
	Aln	0	-HG004_ont_559_start_649038 1 14998 15000 +edge_1_0_+disjointig_1_0_999690 335659 350656 999690 -1 -1 12397 0.0427873
Chain
	Aln	1	+HG004_ont_560_start_204340 14 14983 15000 -edge_1_0_+disjointig_1_0_999690 204348 219317 999690 -1 -1 12360 0.039432
Chain
	Aln	0	-HG004_ont_560_start_204340 16 14985 15000 +edge_1_0_+disjointig_1_0_999690 780372 795341 999690 -1 -1 12360 0.039432
Chain
	Aln	1	+HG004_ont_561_start_745499 14 14971 15000 -edge_1_0_+disjointig_1_0_999690 745507 760464 999690 -1 -1 12082 0.0422015
Chain
	Aln	0	-HG004_ont_561_start_745499 28 14985 15000 +edge_1_0_+disjointig_1_0_999690 239225 254182 999690 -1 -1 12082 0.0422015
Chain
	Aln	1	+HG004_ont_562_start_124857 9 14951 15000 -edge_1_0_+disjointig_1_0_999690 124860 139802 999690 -1 -1 12435 0.0414933
Chain
	Aln	0	-HG004_ont_562_start_124857 48 14990 15000 +edge_1_0_+disjointig_1_0_999690 859887 874829 999690 -1 -1 12435 0.0414933
Chain
	Aln	1	+HG004_ont_563_start_966329 14 14963 15000 -edge_1_0_+disjointig_1_0_999690 966337 981286 999690 -1 -1 12138 0.0423637
Chain
	Aln	0	-HG004_ont_563_start_966329 36 14985 15000 +edge_1_0_+disjointig_1_0_999690 18403 33352 999690 -1 -1 12138 0.0423637
Chain
	Aln	1	+HG004_ont_564_start_253519 1 14941 15000 -edge_1_0_+disjointig_1_0_999690 253514 268454 999690 -1 -1 12463 0.0363883
Chain
	Aln	0	-HG004_ont_564_start_253519 58 14998 15000 +edge_1_0_+disjointig_1_0_999690 731235 746175 999690 -1 -1 12463 0.0363883
Chain
	Aln	1	+HG004_ont_565_start_66900 1 14998 15000 -edge_1_0_+disjointig_1_0_999690 66895 81892 999690 -1 -1 12597 0.0377488
Chain
	Aln	0	-HG004_ont_565_start_66900 1 14998 15000 +edge_1_0_+disjointig_1_0_999690 917797 932794 999690 -1 -1 12597 0.0377488
Chain
	Aln	1	+HG004_ont_566_start_552602 0 14998 15000 -edge_1_0_+disjointig_1_0_999690 552596 567594 999690 -1 -1 12362 0.0428155
Chain
	Aln	0	-HG004_ont_566_start_552602 1 14999 15000 +edge_1_0_+disjointig_1_0_999690 432095 447093 999690 -1 -1 12362 0.0428155
Chain
	Aln	1	+HG004_ont_567_start_805190 12 14970 15000 -edge_1_0_+disjointig_1_0_999690 805196 820154 999690 -1 -1 12454 0.041916
Chain
	Aln	0	-HG004_ont_567_start_805190 29 14987 15000 +edge_1_0_+disjointig_1_0_999690 179535 194493 999690 -1 -1 12454 0.041916
Chain
	Aln	1	+HG004_ont_568_start_147733 0 14969 15000 -edge_1_0_+disjointig_1_0_999690 147727 162696 999690 -1 -1 12401 0.0398561
Chain
	Aln	0	-HG004_ont_568_start_147733 30 14999 15000 +edge_1_0_+disjointig_1_0_999690 836993 851962 999690 -1 -1 12401 0.0398561
Chain
	Aln	1	+HG004_ont_569_start_720653 1 14975 15000 -edge_1_0_+disjointig_1_0_999690 720648 735622 999690 -1 -1 12375 0.0400772
Chain
	Aln	0	-HG004_ont_569_start_720653 24 14998 15000 +edge_1_0_+disjointig_1_0_999690 264067 279041 999690 -1 -1 12375 0.0400772
Chain
	Aln	1	+HG004_ont_570_start_436276 9 14975 15000 -edge_1_0_+disjointig_1_0_999690 436279 451245 999690 -1 -1 12259 0.0384828
Chain
	Aln	0	-HG004_ont_570_start_436276 24 14990 15000 +edge_1_0_+disjointig_1_0_999690 548444 563410 999690 -1 -1 12259 0.0384828
Chain
	Aln	1	+HG004_ont_571_start_858963 1 14996 15000 -edge_1_0_+disjointig_1_0_999690 858958 873953 999690 -1 -1 12112 0.042496
Chain
	Aln	0	-HG004_ont_571_start_858963 3 14998 15000 +edge_1_0_+disjointig_1_0_999690 125736 140731 999690 -1 -1 12112 0.042496
Chain
	Aln	1	+HG004_ont_573_start_825754 1 14989 15000 -edge_1_0_+disjointig_1_0_999690 825749 840737 999690 -1 -1 12024 0.0435777
Chain
	Aln	0	-HG004_ont_573_start_825754 10 14998 15000 +edge_1_0_+disjointig_1_0_999690 158952 173940 999690 -1 -1 12024 0.0435777
Chain
	Aln	1	+HG004_ont_572_start_578185 6 14983 15000 -edge_1_0_+disjointig_1_0_999690 578185 593162 999690 -1 -1 12294 0.0412258
Chain
	Aln	0	-HG004_ont_572_start_578185 16 14993 15000 +edge_1_0_+disjointig_1_0_999690 406527 421504 999690 -1 -1 12294 0.0412258
Chain
	Aln	1	+HG004_ont_574_start_981766 1 14968 15000 -edge_1_0_+disjointig_1_0_999690 981761 996728 999690 -1 -1 12049 0.0436848
Chain
	Aln	0	-HG004_ont_574_start_981766 31 14998 15000 +edge_1_0_+disjointig_1_0_999690 2961 17928 999690 -1 -1 12049 0.0436848
Chain
	Aln	1	+HG004_ont_577_start_283842 24 14998 15000 -edge_1_0_+disjointig_1_0_999690 283860 298834 999690 -1 -1 12674 0.0375618
Chain
	Aln	0	-HG004_ont_577_start_283842 1 14975 15000 +edge_1_0_+disjointig_1_0_999690 700855 715829 999690 -1 -1 12674 0.0375618
Chain
	Aln	1	+HG004_ont_575_start_282978 2 14997 15000 -edge_1_0_+disjointig_1_0_999690 282974 297969 999690 -1 -1 12675 0.0388391
Chain
	Aln	0	-HG004_ont_575_start_282978 2 14997 15000 +edge_1_0_+disjointig_1_0_999690 701720 716715 999690 -1 -1 12675 0.0388391
Chain
	Aln	1	+HG004_ont_576_start_975451 2 14991 15000 -edge_1_0_+disjointig_1_0_999690 975447 990436 999690 -1 -1 12175 0.0410753
Chain
	Aln	0	-HG004_ont_576_start_975451 8 14997 15000 +edge_1_0_+disjointig_1_0_999690 9253 24242 999690 -1 -1 12175 0.0410753
Chain
	Aln	1	+HG004_ont_578_start_888742 20 14990 15000 -edge_1_0_+disjointig_1_0_999690 888756 903726 999690 -1 -1 12317 0.0415237
Chain
	Aln	0	-HG004_ont_578_start_888742 9 14979 15000 +edge_1_0_+disjointig_1_0_999690 95963 110933 999690 -1 -1 12317 0.0415237
Chain
	Aln	1	+HG004_ont_579_start_360377 1 14998 15000 -edge_1_0_+disjointig_1_0_999690 360372 375369 999690 -1 -1 12336 0.0380252
Chain
	Aln	0	-HG004_ont_579_start_360377 1 14998 15000 +edge_1_0_+disjointig_1_0_999690 624320 639317 999690 -1 -1 12336 0.0380252
Chain
	Aln	1	+HG004_ont_581_start_404818 16 14992 15000 -edge_1_0_+disjointig_1_0_999690 404828 419804 999690 -1 -1 11968 0.0416509
Chain
	Aln	0	-HG004_ont_581_start_404818 7 14983 15000 +edge_1_0_+disjointig_1_0_999690 579885 594861 999690 -1 -1 11968 0.0416509
Chain
	Aln	1	+HG004_ont_582_start_253712 1 14975 15000 -edge_1_0_+disjointig_1_0_999690 253707 268681 999690 -1 -1 12351 0.0387871
Chain
	Aln	0	-HG004_ont_582_start_253712 24 14998 15000 +edge_1_0_+disjointig_1_0_999690 731008 745982 999690 -1 -1 12351 0.0387871
Chain
	Aln	1	+HG004_ont_580_start_231259 15 14998 15000 -edge_1_0_+disjointig_1_0_999690 231268 246251 999690 -1 -1 12330 0.0421105
Chain
	Aln	0	-HG004_ont_580_start_231259 1 14984 15000 +edge_1_0_+disjointig_1_0_999690 753438 768421 999690 -1 -1 12330 0.0421105
Chain
	Aln	1	+HG004_ont_584_start_411013 11 14998 15000 -edge_1_0_+disjointig_1_0_999690 411018 426005 999690 -1 -1 12274 0.0394259
Chain
	Aln	0	-HG004_ont_584_start_411013 1 14988 15000 +edge_1_0_+disjointig_1_0_999690 573684 588671 999690 -1 -1 12274 0.0394259
Chain
	Aln	1	+HG004_ont_583_start_424120 1 14998 15000 -edge_1_0_+disjointig_1_0_999690 424115 439112 999690 -1 -1 12571 0.0375851
Chain
	Aln	0	-HG004_ont_583_start_424120 1 14998 15000 +edge_1_0_+disjointig_1_0_999690 560577 575574 999690 -1 -1 12571 0.0375851
Chain
	Aln	1	+HG004_ont_586_start_775708 1 14991 15000 -edge_1_0_+disjointig_1_0_999690 775703 790693 999690 -1 -1 12197 0.0440069
Chain
	Aln	0	-HG004_ont_586_start_775708 8 14998 15000 +edge_1_0_+disjointig_1_0_999690 208996 223986 999690 -1 -1 12197 0.0440069
Chain
	Aln	1	+HG004_ont_585_start_508907 18 14983 15000 -edge_1_0_+disjointig_1_0_999690 508919 523884 999690 -1 -1 12546 0.0389724
Chain
	Aln	0	-HG004_ont_585_start_508907 16 14981 15000 +edge_1_0_+disjointig_1_0_999690 475805 490770 999690 -1 -1 12546 0.0389724
Chain
	Aln	1	+HG004_ont_588_start_237771 1 14983 15000 -edge_1_0_+disjointig_1_0_999690 237766 252748 999690 -1 -1 12144 0.042445
Chain
	Aln	0	-HG004_ont_588_start_237771 16 14998 15000 +edge_1_0_+disjointig_1_0_999690 746941 761923 999690 -1 -1 12144 0.042445
Chain
	Aln	1	+HG004_ont_587_start_77970 12 14998 15000 -edge_1_0_+disjointig_1_0_999690 77976 92962 999690 -1 -1 12340 0.0403967
Chain
	Aln	0	-HG004_ont_587_start_77970 1 14987 15000 +edge_1_0_+disjointig_1_0_999690 906727 921713 999690 -1 -1 12340 0.0403967
Chain
	Aln	1	+HG004_ont_589_start_118852 1 14998 15000 -edge_1_0_+disjointig_1_0_999690 118847 133844 999690 -1 -1 12224 0.0405961
Chain
	Aln	0	-HG004_ont_589_start_118852 1 14998 15000 +edge_1_0_+disjointig_1_0_999690 865845 880842 999690 -1 -1 12224 0.0405961
Chain
	Aln	1	+HG004_ont_590_start_819094 1 14998 15000 -edge_1_0_+disjointig_1_0_999690 819089 834086 999690 -1 -1 12440 0.041162
Chain
	Aln	0	-HG004_ont_590_start_819094 1 14998 15000 +edge_1_0_+disjointig_1_0_999690 165603 180600 999690 -1 -1 12440 0.041162
Chain
	Aln	1	+HG004_ont_591_start_814442 4 14981 15000 -edge_1_0_+disjointig_1_0_999690 814440 829417 999690 -1 -1 12027 0.0428551
Chain
	Aln	0	-HG004_ont_591_start_814442 18 14995 15000 +edge_1_0_+disjointig_1_0_999690 170272 185249 999690 -1 -1 12027 0.0428551
Chain
	Aln	1	+HG004_ont_592_start_405928 1 14959 15000 -edge_1_0_+disjointig_1_0_999690 405923 420881 999690 -1 -1 12129 0.0408117
Chain
	Aln	0	-HG004_ont_592_start_405928 40 14998 15000 +edge_1_0_+disjointig_1_0_999690 578808 593766 999690 -1 -1 12129 0.0408117
Chain
	Aln	1	+HG004_ont_594_start_725432 26 14998 15000 -edge_1_0_+disjointig_1_0_999690 725452 740424 999690 -1 -1 12363 0.0406625
Chain
	Aln	0	-HG004_ont_594_start_725432 1 14973 15000 +edge_1_0_+disjointig_1_0_999690 259265 274237 999690 -1 -1 12363 0.0406625
Chain
	Aln	1	+HG004_ont_593_start_306885 1 14993 15000 -edge_1_0_+disjointig_1_0_999690 306880 321872 999690 -1 -1 12322 0.0420816
Chain
	Aln	0	-HG004_ont_593_start_306885 6 14998 15000 +edge_1_0_+disjointig_1_0_999690 677817 692809 999690 -1 -1 12322 0.0420816
Chain
	Aln	1	+HG004_ont_595_start_25000 18 14972 15000 -edge_1_0_+disjointig_1_0_999690 25012 39966 999690 -1 -1 12466 0.0397893
Chain
	Aln	0	-HG004_ont_595_start_25000 27 14981 15000 +edge_1_0_+disjointig_1_0_999690 959723 974677 999690 -1 -1 12466 0.0397893
Chain
	Aln	1	+HG004_ont_596_start_984155 26 14973 15000 -edge_1_0_+disjointig_1_0_999690 984175 999122 999690 -1 -1 12342 0.0403528
Chain
	Aln	0	-HG004_ont_596_start_984155 26 14973 15000 +edge_1_0_+disjointig_1_0_999690 567 15514 999690 -1 -1 12342 0.0403528
Chain
	Aln	1	+HG004_ont_597_start_441359 17 14998 15000 -edge_1_0_+disjointig_1_0_999690 441370 456351 999690 -1 -1 12070 0.0402369
Chain
	Aln	0	-HG004_ont_597_start_441359 1 14982 15000 +edge_1_0_+disjointig_1_0_999690 543338 558319 999690 -1 -1 12070 0.0402369
Chain
	Aln	1	+HG004_ont_598_start_56063 4 14993 15000 -edge_1_0_+disjointig_1_0_999690 56061 71050 999690 -1 -1 12246 0.0392805
Chain
	Aln	0	-HG004_ont_598_start_56063 6 14995 15000 +edge_1_0_+disjointig_1_0_999690 928639 943628 999690 -1 -1 12246 0.0392805
Chain
	Aln	1	+HG004_ont_600_start_570958 1 14990 15000 -edge_1_0_+disjointig_1_0_999690 570953 585942 999690 -1 -1 12555 0.0401051
Chain
	Aln	0	-HG004_ont_600_start_570958 9 14998 15000 +edge_1_0_+disjointig_1_0_999690 413747 428736 999690 -1 -1 12555 0.0401051
Chain
	Aln	1	+HG004_ont_599_start_211107 1 14970 15000 -edge_1_0_+disjointig_1_0_999690 211102 226071 999690 -1 -1 12231 0.0413132
Chain
	Aln	0	-HG004_ont_599_start_211107 29 14998 15000 +edge_1_0_+disjointig_1_0_999690 773618 788587 999690 -1 -1 12231 0.0413132
Chain
	Aln	1	+HG004_ont_601_start_304576 12 14968 15000 -edge_1_0_+disjointig_1_0_999690 304582 319538 999690 -1 -1 11985 0.0439065
Chain
	Aln	0	-HG004_ont_601_start_304576 31 14987 15000 +edge_1_0_+disjointig_1_0_999690 680151 695107 999690 -1 -1 11985 0.0439065
Chain
	Aln	1	+HG004_ont_602_start_446237 10 14998 15000 -edge_1_0_+disjointig_1_0_999690 446241 461229 999690 -1 -1 11860 0.0417937
Chain
	Aln	0	-HG004_ont_602_start_446237 1 14989 15000 +edge_1_0_+disjointig_1_0_999690 538460 553448 999690 -1 -1 11860 0.0417937
Chain
	Aln	1	+HG004_ont_603_start_383325 2 14998 15000 -edge_1_0_+disjointig_1_0_999690 383321 398317 999690 -1 -1 12189 0.0422661
Chain
	Aln	0	-HG004_ont_603_start_383325 1 14997 15000 +edge_1_0_+disjointig_1_0_999690 601372 616368 999690 -1 -1 12189 0.0422661
Chain
	Aln	1	+HG004_ont_604_start_539830 7 14982 15000 -edge_1_0_+disjointig_1_0_999690 539831 554806 999690 -1 -1 12336 0.0420309
Chain
	Aln	0	-HG004_ont_604_start_539830 17 14992 15000 +edge_1_0_+disjointig_1_0_999690 444883 459858 999690 -1 -1 12336 0.0420309
Chain
	Aln	1	+HG004_ont_605_start_432678 1 14998 15000 -edge_1_0_+disjointig_1_0_999690 432673 447670 999690 -1 -1 12196 0.0423425
Chain
	Aln	0	-HG004_ont_605_start_432678 1 14998 15000 +edge_1_0_+disjointig_1_0_999690 552019 567016 999690 -1 -1 12196 0.0423425
Chain
	Aln	1	+HG004_ont_606_start_712701 1 14998 15000 -edge_1_0_+disjointig_1_0_999690 712696 727693 999690 -1 -1 11900 0.0427954
Chain
	Aln	0	-HG004_ont_606_start_712701 1 14998 15000 +edge_1_0_+disjointig_1_0_999690 271996 286993 999690 -1 -1 11900 0.0427954
Chain
	Aln	1	+HG004_ont_607_start_619881 1 14998 15000 -edge_1_0_+disjointig_1_0_999690 619876 634873 999690 -1 -1 12191 0.0409806
Chain
	Aln	0	-HG004_ont_607_start_619881 1 14998 15000 +edge_1_0_+disjointig_1_0_999690 364816 379813 999690 -1 -1 12191 0.0409806
Chain
	Aln	1	+HG004_ont_609_start_645088 18 14985 15000 -edge_1_0_+disjointig_1_0_999690 645100 660067 999690 -1 -1 12021 0.0419594
Chain
	Aln	0	-HG004_ont_609_start_645088 14 14981 15000 +edge_1_0_+disjointig_1_0_999690 339622 354589 999690 -1 -1 12021 0.0419594
Chain
	Aln	1	+HG004_ont_608_start_8430 1 14952 15000 -edge_1_0_+disjointig_1_0_999690 8425 23376 999690 -1 -1 12367 0.0410524
Chain
	Aln	0	-HG004_ont_608_start_8430 47 14998 15000 +edge_1_0_+disjointig_1_0_999690 976313 991264 999690 -1 -1 12367 0.0410524
Chain
	Aln	1	+HG004_ont_610_start_691025 2 14983 15000 -edge_1_0_+disjointig_1_0_999690 691021 706002 999690 -1 -1 12481 0.0387994
Chain
	Aln	0	-HG004_ont_610_start_691025 16 14997 15000 +edge_1_0_+disjointig_1_0_999690 293687 308668 999690 -1 -1 12481 0.0387994
Chain
	Aln	1	+HG004_ont_611_start_963678 0 14992 15000 -edge_1_0_+disjointig_1_0_999690 963672 978664 999690 -1 -1 12182 0.0410319
Chain
	Aln	0	-HG004_ont_611_start_963678 7 14999 15000 +edge_1_0_+disjointig_1_0_999690 21025 36017 999690 -1 -1 12182 0.0410319
Chain
	Aln	1	+HG004_ont_612_start_534318 24 14988 15000 -edge_1_0_+disjointig_1_0_999690 534336 549300 999690 -1 -1 12179 0.0419636
Chain
	Aln	0	-HG004_ont_612_start_534318 11 14975 15000 +edge_1_0_+disjointig_1_0_999690 450389 465353 999690 -1 -1 12179 0.0419636
Chain
	Aln	1	+HG004_ont_614_start_700462 1 14976 15000 -edge_1_0_+disjointig_1_0_999690 700457 715432 999690 -1 -1 12377 0.0387151
Chain
	Aln	0	-HG004_ont_614_start_700462 23 14998 15000 +edge_1_0_+disjointig_1_0_999690 284257 299232 999690 -1 -1 12377 0.0387151
Chain
	Aln	1	+HG004_ont_613_start_73806 1 14984 15000 -edge_1_0_+disjointig_1_0_999690 73801 88784 999690 -1 -1 12375 0.0399885
Chain
	Aln	0	-HG004_ont_613_start_73806 15 14998 15000 +edge_1_0_+disjointig_1_0_999690 910905 925888 999690 -1 -1 12375 0.0399885
Chain
	Aln	1	+HG004_ont_615_start_129865 10 14998 15000 -edge_1_0_+disjointig_1_0_999690 129869 144857 999690 -1 -1 12463 0.0381173
Chain
	Aln	0	-HG004_ont_615_start_129865 1 14989 15000 +edge_1_0_+disjointig_1_0_999690 854832 869820 999690 -1 -1 12463 0.0381173
Chain
	Aln	1	+HG004_ont_618_start_932005 10 14998 15000 -edge_1_0_+disjointig_1_0_999690 932009 946997 999690 -1 -1 12274 0.0391848
Chain
	Aln	0	-HG004_ont_618_start_932005 1 14989 15000 +edge_1_0_+disjointig_1_0_999690 52692 67680 999690 -1 -1 12274 0.0391848
Chain
	Aln	1	+HG004_ont_616_start_625898 9 14998 15000 -edge_1_0_+disjointig_1_0_999690 625901 640890 999690 -1 -1 12073 0.0431795
Chain
	Aln	0	-HG004_ont_616_start_625898 1 14990 15000 +edge_1_0_+disjointig_1_0_999690 358799 373788 999690 -1 -1 12073 0.0431795
Chain
	Aln	1	+HG004_ont_617_start_618513 1 14991 15000 -edge_1_0_+disjointig_1_0_999690 618508 633498 999690 -1 -1 12543 0.040078
Chain
	Aln	0	-HG004_ont_617_start_618513 8 14998 15000 +edge_1_0_+disjointig_1_0_999690 366191 381181 999690 -1 -1 12543 0.040078
Chain
	Aln	1	+HG004_ont_619_start_138500 14 14998 15000 -edge_1_0_+disjointig_1_0_999690 138508 153492 999690 -1 -1 12333 0.0382368
Chain
	Aln	0	-HG004_ont_619_start_138500 1 14985 15000 +edge_1_0_+disjointig_1_0_999690 846197 861181 999690 -1 -1 12333 0.0382368
Chain
	Aln	1	+HG004_ont_620_start_951785 7 14995 15000 -edge_1_0_+disjointig_1_0_999690 951786 966774 999690 -1 -1 11998 0.0428739
Chain
	Aln	0	-HG004_ont_620_start_951785 4 14992 15000 +edge_1_0_+disjointig_1_0_999690 32915 47903 999690 -1 -1 11998 0.0428739
Chain
	Aln	1	+HG004_ont_621_start_861781 0 14998 15000 -edge_1_0_+disjointig_1_0_999690 861775 876773 999690 -1 -1 12634 0.0358393
Chain
	Aln	0	-HG004_ont_621_start_861781 1 14999 15000 +edge_1_0_+disjointig_1_0_999690 122916 137914 999690 -1 -1 12634 0.0358393
Chain
	Aln	1	+HG004_ont_622_start_715903 12 14993 15000 -edge_1_0_+disjointig_1_0_999690 715909 730890 999690 -1 -1 12647 0.0392415
Chain
	Aln	0	-HG004_ont_622_start_715903 6 14987 15000 +edge_1_0_+disjointig_1_0_999690 268799 283780 999690 -1 -1 12647 0.0392415
Chain
	Aln	1	+HG004_ont_623_start_933679 4 14998 15000 -edge_1_0_+disjointig_1_0_999690 933677 948671 999690 -1 -1 12435 0.0400626
Chain
	Aln	0	-HG004_ont_623_start_933679 1 14995 15000 +edge_1_0_+disjointig_1_0_999690 51018 66012 999690 -1 -1 12435 0.0400626
Chain
	Aln	1	+HG004_ont_624_start_149299 1 14986 15000 -edge_1_0_+disjointig_1_0_999690 149294 164279 999690 -1 -1 12059 0.0399653
Chain
	Aln	0	-HG004_ont_624_start_149299 13 14998 15000 +edge_1_0_+disjointig_1_0_999690 835410 850395 999690 -1 -1 12059 0.0399653
Chain
	Aln	1	+HG004_ont_625_start_383856 1 14993 15000 -edge_1_0_+disjointig_1_0_999690 383851 398843 999690 -1 -1 12170 0.042792
Chain
	Aln	0	-HG004_ont_625_start_383856 6 14998 15000 +edge_1_0_+disjointig_1_0_999690 600846 615838 999690 -1 -1 12170 0.042792
Chain
	Aln	1	+HG004_ont_626_start_256249 1 14981 15000 -edge_1_0_+disjointig_1_0_999690 256244 271224 999690 -1 -1 12138 0.0422274
Chain
	Aln	0	-HG004_ont_626_start_256249 18 14998 15000 +edge_1_0_+disjointig_1_0_999690 728465 743445 999690 -1 -1 12138 0.0422274
Chain
	Aln	1	+HG004_ont_628_start_200673 8 14998 15000 -edge_1_0_+disjointig_1_0_999690 200675 215665 999690 -1 -1 12434 0.0395606
Chain
	Aln	0	-HG004_ont_628_start_200673 1 14991 15000 +edge_1_0_+disjointig_1_0_999690 784024 799014 999690 -1 -1 12434 0.0395606
Chain
	Aln	1	+HG004_ont_629_start_365206 10 14967 15000 -edge_1_0_+disjointig_1_0_999690 365210 380167 999690 -1 -1 12337 0.040057
Chain
	Aln	0	-HG004_ont_629_start_365206 32 14989 15000 +edge_1_0_+disjointig_1_0_999690 619522 634479 999690 -1 -1 12337 0.040057
Chain
	Aln	1	+HG004_ont_627_start_288625 5 14998 15000 -edge_1_0_+disjointig_1_0_999690 288624 303617 999690 -1 -1 12526 0.0398498
Chain
	Aln	0	-HG004_ont_627_start_288625 1 14994 15000 +edge_1_0_+disjointig_1_0_999690 696072 711065 999690 -1 -1 12526 0.0398498
Chain
	Aln	1	+HG004_ont_630_start_879025 31 14975 15000 -edge_1_0_+disjointig_1_0_999690 879050 893994 999690 -1 -1 12223 0.0392799
Chain
	Aln	0	-HG004_ont_630_start_879025 24 14968 15000 +edge_1_0_+disjointig_1_0_999690 105695 120639 999690 -1 -1 12223 0.0392799
Chain
	Aln	1	+HG004_ont_631_start_972717 33 14989 15000 -edge_1_0_+disjointig_1_0_999690 972744 987700 999690 -1 -1 12172 0.041732
Chain
	Aln	0	-HG004_ont_631_start_972717 10 14966 15000 +edge_1_0_+disjointig_1_0_999690 11989 26945 999690 -1 -1 12172 0.041732
Chain
	Aln	1	+HG004_ont_632_start_898206 1 14984 15000 -edge_1_0_+disjointig_1_0_999690 898201 913184 999690 -1 -1 12422 0.0407449
Chain
	Aln	0	-HG004_ont_632_start_898206 15 14998 15000 +edge_1_0_+disjointig_1_0_999690 86505 101488 999690 -1 -1 12422 0.0407449
Chain
	Aln	1	+HG004_ont_633_start_856859 19 14981 15000 -edge_1_0_+disjointig_1_0_999690 856872 871834 999690 -1 -1 12704 0.0374105
Chain
	Aln	0	-HG004_ont_633_start_856859 18 14980 15000 +edge_1_0_+disjointig_1_0_999690 127855 142817 999690 -1 -1 12704 0.0374105
Chain
	Aln	1	+HG004_ont_634_start_288070 18 14963 15000 -edge_1_0_+disjointig_1_0_999690 288082 303027 999690 -1 -1 12369 0.0395146
Chain
	Aln	0	-HG004_ont_634_start_288070 36 14981 15000 +edge_1_0_+disjointig_1_0_999690 696662 711607 999690 -1 -1 12369 0.0395146
Chain
	Aln	1	+HG004_ont_635_start_259286 1 14982 15000 -edge_1_0_+disjointig_1_0_999690 259281 274262 999690 -1 -1 12435 0.0377009
Chain
	Aln	0	-HG004_ont_635_start_259286 17 14998 15000 +edge_1_0_+disjointig_1_0_999690 725427 740408 999690 -1 -1 12435 0.0377009
Chain
	Aln	1	+HG004_ont_637_start_881326 33 14998 15000 -edge_1_0_+disjointig_1_0_999690 881353 896318 999690 -1 -1 12247 0.0418073
Chain
	Aln	0	-HG004_ont_637_start_881326 1 14966 15000 +edge_1_0_+disjointig_1_0_999690 103371 118336 999690 -1 -1 12247 0.0418073
Chain
	Aln	1	+HG004_ont_636_start_48109 1 14988 15000 -edge_1_0_+disjointig_1_0_999690 48104 63091 999690 -1 -1 12305 0.0384595
Chain
	Aln	0	-HG004_ont_636_start_48109 11 14998 15000 +edge_1_0_+disjointig_1_0_999690 936598 951585 999690 -1 -1 12305 0.0384595
Chain
	Aln	1	+HG004_ont_638_start_381820 1 14998 15000 -edge_1_0_+disjointig_1_0_999690 381815 396812 999690 -1 -1 12052 0.0426008
Chain
	Aln	0	-HG004_ont_638_start_381820 1 14998 15000 +edge_1_0_+disjointig_1_0_999690 602877 617874 999690 -1 -1 12052 0.0426008
Chain
	Aln	1	+HG004_ont_640_start_586444 1 14988 15000 -edge_1_0_+disjointig_1_0_999690 586439 601426 999690 -1 -1 12361 0.0429106
Chain
	Aln	0	-HG004_ont_640_start_586444 11 14998 15000 +edge_1_0_+disjointig_1_0_999690 398263 413250 999690 -1 -1 12361 0.0429106
Chain
	Aln	1	+HG004_ont_639_start_25916 3 14990 15000 -edge_1_0_+disjointig_1_0_999690 25913 40900 999690 -1 -1 12318 0.0390893
Chain
	Aln	0	-HG004_ont_639_start_25916 9 14996 15000 +edge_1_0_+disjointig_1_0_999690 958789 973776 999690 -1 -1 12318 0.0390893
Chain
	Aln	1	+HG004_ont_641_start_130143 5 14982 15000 -edge_1_0_+disjointig_1_0_999690 130142 145119 999690 -1 -1 12176 0.0397715
Chain
	Aln	0	-HG004_ont_641_start_130143 17 14994 15000 +edge_1_0_+disjointig_1_0_999690 854570 869547 999690 -1 -1 12176 0.0397715
Chain
	Aln	1	+HG004_ont_642_start_81460 1 14988 15000 -edge_1_0_+disjointig_1_0_999690 81455 96442 999690 -1 -1 12224 0.0406822
Chain
	Aln	0	-HG004_ont_642_start_81460 11 14998 15000 +edge_1_0_+disjointig_1_0_999690 903247 918234 999690 -1 -1 12224 0.0406822
Chain
	Aln	1	+HG004_ont_643_start_93976 18 14998 15000 -edge_1_0_+disjointig_1_0_999690 93988 108968 999690 -1 -1 12308 0.0410006
Chain
	Aln	0	-HG004_ont_643_start_93976 1 14981 15000 +edge_1_0_+disjointig_1_0_999690 890721 905701 999690 -1 -1 12308 0.0410006
Chain
	Aln	1	+HG004_ont_644_start_756972 0 14986 15000 -edge_1_0_+disjointig_1_0_999690 756966 771952 999690 -1 -1 12416 0.0399306
Chain
	Aln	0	-HG004_ont_644_start_756972 13 14999 15000 +edge_1_0_+disjointig_1_0_999690 227737 242723 999690 -1 -1 12416 0.0399306
Chain
	Aln	1	+HG004_ont_645_start_960541 13 14998 15000 -edge_1_0_+disjointig_1_0_999690 960548 975533 999690 -1 -1 12263 0.0412493
Chain
	Aln	0	-HG004_ont_645_start_960541 1 14986 15000 +edge_1_0_+disjointig_1_0_999690 24156 39141 999690 -1 -1 12263 0.0412493
Chain
	Aln	1	+HG004_ont_646_start_388745 1 14992 15000 -edge_1_0_+disjointig_1_0_999690 388740 403731 999690 -1 -1 12159 0.0419735
Chain
	Aln	0	-HG004_ont_646_start_388745 7 14998 15000 +edge_1_0_+disjointig_1_0_999690 595958 610949 999690 -1 -1 12159 0.0419735
Chain
	Aln	1	+HG004_ont_648_start_417462 1 14991 15000 -edge_1_0_+disjointig_1_0_999690 417457 432447 999690 -1 -1 12190 0.0412135
Chain
	Aln	0	-HG004_ont_648_start_417462 8 14998 15000 +edge_1_0_+disjointig_1_0_999690 567242 582232 999690 -1 -1 12190 0.0412135
Chain
	Aln	1	+HG004_ont_647_start_497271 1 14998 15000 -edge_1_0_+disjointig_1_0_999690 497266 512263 999690 -1 -1 12067 0.0426089
Chain
	Aln	0	-HG004_ont_647_start_497271 1 14998 15000 +edge_1_0_+disjointig_1_0_999690 487426 502423 999690 -1 -1 12067 0.0426089
Chain
	Aln	1	+HG004_ont_649_start_647249 43 14981 15000 -edge_1_0_+disjointig_1_0_999690 647286 662224 999690 -1 -1 12022 0.0428728
Chain
	Aln	0	-HG004_ont_649_start_647249 18 14956 15000 +edge_1_0_+disjointig_1_0_999690 337465 352403 999690 -1 -1 12022 0.0428728
Chain
	Aln	1	+HG004_ont_650_start_339867 30 14998 15000 -edge_1_0_+disjointig_1_0_999690 339891 354859 999690 -1 -1 12112 0.0411113
Chain
	Aln	0	-HG004_ont_650_start_339867 1 14969 15000 +edge_1_0_+disjointig_1_0_999690 644830 659798 999690 -1 -1 12112 0.0411113
Chain
	Aln	1	+HG004_ont_652_start_348164 1 14998 15000 -edge_1_0_+disjointig_1_0_999690 348159 363156 999690 -1 -1 12037 0.0437696
Chain
	Aln	0	-HG004_ont_652_start_348164 1 14998 15000 +edge_1_0_+disjointig_1_0_999690 636533 651530 999690 -1 -1 12037 0.0437696
Chain
	Aln	1	+HG004_ont_651_start_850121 7 14998 15000 -edge_1_0_+disjointig_1_0_999690 850122 865113 999690 -1 -1 12616 0.0377029
Chain
	Aln	0	-HG004_ont_651_start_850121 1 14992 15000 +edge_1_0_+disjointig_1_0_999690 134576 149567 999690 -1 -1 12616 0.0377029
Chain
	Aln	1	+HG004_ont_653_start_75465 22 14956 15000 -edge_1_0_+disjointig_1_0_999690 75481 90415 999690 -1 -1 12512 0.0405993
Chain
	Aln	0	-HG004_ont_653_start_75465 43 14977 15000 +edge_1_0_+disjointig_1_0_999690 909274 924208 999690 -1 -1 12512 0.0405993
Chain
	Aln	1	+HG004_ont_654_start_960930 14 14998 15000 -edge_1_0_+disjointig_1_0_999690 960938 975922 999690 -1 -1 12594 0.0394141
Chain
	Aln	0	-HG004_ont_654_start_960930 1 14985 15000 +edge_1_0_+disjointig_1_0_999690 23767 38751 999690 -1 -1 12594 0.0394141
Chain
	Aln	1	+HG004_ont_655_start_13205 1 14998 15000 -edge_1_0_+disjointig_1_0_999690 13200 28197 999690 -1 -1 12486 0.0409255
Chain
	Aln	0	-HG004_ont_655_start_13205 1 14998 15000 +edge_1_0_+disjointig_1_0_999690 971492 986489 999690 -1 -1 12486 0.0409255
Chain
	Aln	1	+HG004_ont_656_start_726453 6 14998 15000 -edge_1_0_+disjointig_1_0_999690 726453 741445 999690 -1 -1 12298 0.0401246
Chain
	Aln	0	-HG004_ont_656_start_726453 1 14993 15000 +edge_1_0_+disjointig_1_0_999690 258244 273236 999690 -1 -1 12298 0.0401246
Chain
	Aln	1	+HG004_ont_657_start_493 1 14995 15000 -edge_1_0_+disjointig_1_0_999690 488 15482 999690 -1 -1 12015 0.0426296
Chain
	Aln	0	-HG004_ont_657_start_493 4 14998 15000 +edge_1_0_+disjointig_1_0_999690 984207 999201 999690 -1 -1 12015 0.0426296
Chain
	Aln	1	+HG004_ont_658_start_883226 8 14995 15000 -edge_1_0_+disjointig_1_0_999690 883228 898215 999690 -1 -1 12715 0.0375459
Chain
	Aln	0	-HG004_ont_658_start_883226 4 14991 15000 +edge_1_0_+disjointig_1_0_999690 101474 116461 999690 -1 -1 12715 0.0375459
Chain
	Aln	1	+HG004_ont_660_start_747424 0 14992 15000 -edge_1_0_+disjointig_1_0_999690 747418 762410 999690 -1 -1 12388 0.0402956
Chain
	Aln	0	-HG004_ont_660_start_747424 7 14999 15000 +edge_1_0_+disjointig_1_0_999690 237279 252271 999690 -1 -1 12388 0.0402956
Chain
	Aln	1	+HG004_ont_659_start_167305 16 14964 15000 -edge_1_0_+disjointig_1_0_999690 167315 182263 999690 -1 -1 12327 0.0391118
Chain
	Aln	0	-HG004_ont_659_start_167305 35 14983 15000 +edge_1_0_+disjointig_1_0_999690 817426 832374 999690 -1 -1 12327 0.0391118
Chain
	Aln	1	+HG004_ont_661_start_948591 5 14985 15000 -edge_1_0_+disjointig_1_0_999690 948590 963570 999690 -1 -1 12164 0.0417623
Chain
	Aln	0	-HG004_ont_661_start_948591 14 14994 15000 +edge_1_0_+disjointig_1_0_999690 36119 51099 999690 -1 -1 12164 0.0417623
Chain
	Aln	1	+HG004_ont_662_start_908603 5 14993 15000 -edge_1_0_+disjointig_1_0_999690 908602 923590 999690 -1 -1 12039 0.0443817
Chain
	Aln	0	-HG004_ont_662_start_908603 6 14994 15000 +edge_1_0_+disjointig_1_0_999690 76099 91087 999690 -1 -1 12039 0.0443817
Chain
	Aln	1	+HG004_ont_663_start_664696 24 14968 15000 -edge_1_0_+disjointig_1_0_999690 664714 679658 999690 -1 -1 12444 0.0371322
Chain
	Aln	0	-HG004_ont_663_start_664696 31 14975 15000 +edge_1_0_+disjointig_1_0_999690 320031 334975 999690 -1 -1 12444 0.0371322
Chain
	Aln	1	+HG004_ont_664_start_660763 0 14997 15000 -edge_1_0_+disjointig_1_0_999690 660757 675754 999690 -1 -1 11995 0.0433255
Chain
	Aln	0	-HG004_ont_664_start_660763 2 14999 15000 +edge_1_0_+disjointig_1_0_999690 323935 338932 999690 -1 -1 11995 0.0433255
Chain
	Aln	1	+HG004_ont_665_start_743340 12 14967 15000 -edge_1_0_+disjointig_1_0_999690 743346 758301 999690 -1 -1 12111 0.0414488
Chain
	Aln	0	-HG004_ont_665_start_743340 32 14987 15000 +edge_1_0_+disjointig_1_0_999690 241388 256343 999690 -1 -1 12111 0.0414488
Chain
	Aln	1	+HG004_ont_666_start_571717 1 14998 15000 -edge_1_0_+disjointig_1_0_999690 571712 586709 999690 -1 -1 12213 0.040557
Chain
	Aln	0	-HG004_ont_666_start_571717 1 14998 15000 +edge_1_0_+disjointig_1_0_999690 412980 427977 999690 -1 -1 12213 0.040557
Chain
	Aln	1	+HG004_ont_669_start_650597 1 14998 15000 -edge_1_0_+disjointig_1_0_999690 650592 665589 999690 -1 -1 11932 0.0437118
Chain
	Aln	0	-HG004_ont_669_start_650597 1 14998 15000 +edge_1_0_+disjointig_1_0_999690 334100 349097 999690 -1 -1 11932 0.0437118
Chain
	Aln	1	+HG004_ont_668_start_635666 27 14998 15000 -edge_1_0_+disjointig_1_0_999690 635687 650658 999690 -1 -1 12494 0.0389045
Chain
	Aln	0	-HG004_ont_668_start_635666 1 14972 15000 +edge_1_0_+disjointig_1_0_999690 349031 364002 999690 -1 -1 12494 0.0389045
Chain
	Aln	1	+HG004_ont_667_start_146795 15 14984 15000 -edge_1_0_+disjointig_1_0_999690 146804 161773 999690 -1 -1 12446 0.0396321
Chain
	Aln	0	-HG004_ont_667_start_146795 15 14984 15000 +edge_1_0_+disjointig_1_0_999690 837916 852885 999690 -1 -1 12446 0.0396321
Chain
	Aln	1	+HG004_ont_670_start_923884 13 14998 15000 -edge_1_0_+disjointig_1_0_999690 923891 938876 999690 -1 -1 12378 0.039112
Chain
	Aln	0	-HG004_ont_670_start_923884 1 14986 15000 +edge_1_0_+disjointig_1_0_999690 60813 75798 999690 -1 -1 12378 0.039112
Chain
	Aln	1	+HG004_ont_672_start_213098 1 14998 15000 -edge_1_0_+disjointig_1_0_999690 213093 228090 999690 -1 -1 12205 0.0409964
Chain
	Aln	0	-HG004_ont_672_start_213098 1 14998 15000 +edge_1_0_+disjointig_1_0_999690 771599 786596 999690 -1 -1 12205 0.0409964
Chain
	Aln	1	+HG004_ont_673_start_149879 1 14998 15000 -edge_1_0_+disjointig_1_0_999690 149874 164871 999690 -1 -1 12400 0.0409727
Chain
	Aln	0	-HG004_ont_673_start_149879 1 14998 15000 +edge_1_0_+disjointig_1_0_999690 834818 849815 999690 -1 -1 12400 0.0409727
Chain
	Aln	1	+HG004_ont_671_start_402766 1 14998 15000 -edge_1_0_+disjointig_1_0_999690 402761 417758 999690 -1 -1 12442 0.0392813
Chain
	Aln	0	-HG004_ont_671_start_402766 1 14998 15000 +edge_1_0_+disjointig_1_0_999690 581931 596928 999690 -1 -1 12442 0.0392813
Chain
	Aln	1	+HG004_ont_674_start_576755 10 14998 15000 -edge_1_0_+disjointig_1_0_999690 576759 591747 999690 -1 -1 12194 0.0402955
Chain
	Aln	0	-HG004_ont_674_start_576755 1 14989 15000 +edge_1_0_+disjointig_1_0_999690 407942 422930 999690 -1 -1 12194 0.0402955
Chain
	Aln	1	+HG004_ont_675_start_871355 1 14997 15000 -edge_1_0_+disjointig_1_0_999690 871350 886346 999690 -1 -1 12051 0.0435185
Chain
	Aln	0	-HG004_ont_675_start_871355 2 14998 15000 +edge_1_0_+disjointig_1_0_999690 113343 128339 999690 -1 -1 12051 0.0435185
Chain
	Aln	1	+HG004_ont_676_start_482844 1 14989 15000 -edge_1_0_+disjointig_1_0_999690 482839 497827 999690 -1 -1 12366 0.0405765
Chain
	Aln	0	-HG004_ont_676_start_482844 10 14998 15000 +edge_1_0_+disjointig_1_0_999690 501862 516850 999690 -1 -1 12366 0.0405765
Chain
	Aln	1	+HG004_ont_677_start_749493 1 14998 15000 -edge_1_0_+disjointig_1_0_999690 749488 764485 999690 -1 -1 12250 0.0392813
Chain
	Aln	0	-HG004_ont_677_start_749493 1 14998 15000 +edge_1_0_+disjointig_1_0_999690 235204 250201 999690 -1 -1 12250 0.0392813
Chain
	Aln	1	+HG004_ont_678_start_433095 10 14998 15000 -edge_1_0_+disjointig_1_0_999690 433099 448087 999690 -1 -1 12074 0.0421302
Chain
	Aln	0	-HG004_ont_678_start_433095 1 14989 15000 +edge_1_0_+disjointig_1_0_999690 551602 566590 999690 -1 -1 12074 0.0421302
Chain
	Aln	1	+HG004_ont_679_start_973357 1 14998 15000 -edge_1_0_+disjointig_1_0_999690 973352 988349 999690 -1 -1 12279 0.039182
Chain
	Aln	0	-HG004_ont_679_start_973357 1 14998 15000 +edge_1_0_+disjointig_1_0_999690 11340 26337 999690 -1 -1 12279 0.039182
Chain
	Aln	1	+HG004_ont_680_start_755326 10 14998 15000 -edge_1_0_+disjointig_1_0_999690 755330 770318 999690 -1 -1 12422 0.039522
Chain
	Aln	0	-HG004_ont_680_start_755326 1 14989 15000 +edge_1_0_+disjointig_1_0_999690 229371 244359 999690 -1 -1 12422 0.039522
Chain
	Aln	1	+HG004_ont_681_start_809196 0 14998 15000 -edge_1_0_+disjointig_1_0_999690 809190 824188 999690 -1 -1 12237 0.0403737
Chain
	Aln	0	-HG004_ont_681_start_809196 1 14999 15000 +edge_1_0_+disjointig_1_0_999690 175501 190499 999690 -1 -1 12237 0.0403737
Chain
	Aln	1	+HG004_ont_682_start_659741 0 14994 15000 -edge_1_0_+disjointig_1_0_999690 659735 674729 999690 -1 -1 12314 0.0387821
Chain
	Aln	0	-HG004_ont_682_start_659741 5 14999 15000 +edge_1_0_+disjointig_1_0_999690 324960 339954 999690 -1 -1 12314 0.0387821
Chain
	Aln	1	+HG004_ont_684_start_973054 14 14989 15000 -edge_1_0_+disjointig_1_0_999690 973062 988037 999690 -1 -1 12176 0.0428065
Chain
	Aln	0	-HG004_ont_684_start_973054 10 14985 15000 +edge_1_0_+disjointig_1_0_999690 11652 26627 999690 -1 -1 12176 0.0428065
Chain
	Aln	1	+HG004_ont_683_start_55917 13 14998 15000 -edge_1_0_+disjointig_1_0_999690 55924 70909 999690 -1 -1 12193 0.0411702
Chain
	Aln	0	-HG004_ont_683_start_55917 1 14986 15000 +edge_1_0_+disjointig_1_0_999690 928780 943765 999690 -1 -1 12193 0.0411702
Chain
	Aln	1	+HG004_ont_685_start_338410 9 14989 15000 -edge_1_0_+disjointig_1_0_999690 338413 353393 999690 -1 -1 12304 0.041412
Chain
	Aln	0	-HG004_ont_685_start_338410 10 14990 15000 +edge_1_0_+disjointig_1_0_999690 646296 661276 999690 -1 -1 12304 0.041412
Chain
	Aln	1	+HG004_ont_686_start_719034 12 14998 15000 -edge_1_0_+disjointig_1_0_999690 719040 734026 999690 -1 -1 12590 0.0385992
Chain
	Aln	0	-HG004_ont_686_start_719034 1 14987 15000 +edge_1_0_+disjointig_1_0_999690 265663 280649 999690 -1 -1 12590 0.0385992
Chain
	Aln	1	+HG004_ont_687_start_207811 1 14973 15000 -edge_1_0_+disjointig_1_0_999690 207806 222778 999690 -1 -1 11950 0.044394
Chain
	Aln	0	-HG004_ont_687_start_207811 26 14998 15000 +edge_1_0_+disjointig_1_0_999690 776911 791883 999690 -1 -1 11950 0.044394
Chain
	Aln	1	+HG004_ont_689_start_429607 27 14953 15000 -edge_1_0_+disjointig_1_0_999690 429628 444554 999690 -1 -1 12404 0.0388036
Chain
	Aln	0	-HG004_ont_689_start_429607 46 14972 15000 +edge_1_0_+disjointig_1_0_999690 555135 570061 999690 -1 -1 12404 0.0388036
Chain
	Aln	1	+HG004_ont_688_start_934138 1 14989 15000 -edge_1_0_+disjointig_1_0_999690 934133 949121 999690 -1 -1 12164 0.0434789
Chain
	Aln	0	-HG004_ont_688_start_934138 10 14998 15000 +edge_1_0_+disjointig_1_0_999690 50568 65556 999690 -1 -1 12164 0.0434789
Chain
	Aln	1	+HG004_ont_690_start_406375 11 14982 15000 -edge_1_0_+disjointig_1_0_999690 406380 421351 999690 -1 -1 12216 0.0413131
Chain
	Aln	0	-HG004_ont_690_start_406375 17 14988 15000 +edge_1_0_+disjointig_1_0_999690 578338 593309 999690 -1 -1 12216 0.0413131
Chain
	Aln	1	+HG004_ont_691_start_347079 1 14994 15000 -edge_1_0_+disjointig_1_0_999690 347074 362067 999690 -1 -1 12025 0.043589
Chain
	Aln	0	-HG004_ont_691_start_347079 5 14998 15000 +edge_1_0_+disjointig_1_0_999690 637622 652615 999690 -1 -1 12025 0.043589
Chain
	Aln	1	+HG004_ont_693_start_200011 15 14998 15000 -edge_1_0_+disjointig_1_0_999690 200020 215003 999690 -1 -1 12263 0.0413682
Chain
	Aln	0	-HG004_ont_693_start_200011 1 14984 15000 +edge_1_0_+disjointig_1_0_999690 784686 799669 999690 -1 -1 12263 0.0413682
Chain
	Aln	1	+HG004_ont_692_start_978672 1 14998 15000 -edge_1_0_+disjointig_1_0_999690 978667 993664 999690 -1 -1 12145 0.0414707
Chain
	Aln	0	-HG004_ont_692_start_978672 1 14998 15000 +edge_1_0_+disjointig_1_0_999690 6025 21022 999690 -1 -1 12145 0.0414707
Chain
	Aln	1	+HG004_ont_694_start_949104 18 14998 15000 -edge_1_0_+disjointig_1_0_999690 949116 964096 999690 -1 -1 12633 0.0405842
Chain
	Aln	0	-HG004_ont_694_start_949104 1 14981 15000 +edge_1_0_+disjointig_1_0_999690 35593 50573 999690 -1 -1 12633 0.0405842
Chain
	Aln	1	+HG004_ont_696_start_928201 0 14998 15000 -edge_1_0_+disjointig_1_0_999690 928195 943193 999690 -1 -1 12080 0.0425077
Chain
	Aln	0	-HG004_ont_696_start_928201 1 14999 15000 +edge_1_0_+disjointig_1_0_999690 56496 71494 999690 -1 -1 12080 0.0425077
Chain
	Aln	1	+HG004_ont_695_start_126874 19 14992 15000 -edge_1_0_+disjointig_1_0_999690 126887 141860 999690 -1 -1 12225 0.0418868
Chain
	Aln	0	-HG004_ont_695_start_126874 7 14980 15000 +edge_1_0_+disjointig_1_0_999690 857829 872802 999690 -1 -1 12225 0.0418868
Chain
	Aln	1	+HG004_ont_697_start_564003 16 14992 15000 -edge_1_0_+disjointig_1_0_999690 564013 578989 999690 -1 -1 12267 0.0405528
Chain
	Aln	0	-HG004_ont_697_start_564003 7 14983 15000 +edge_1_0_+disjointig_1_0_999690 420700 435676 999690 -1 -1 12267 0.0405528
Chain
	Aln	1	+HG004_ont_698_start_719627 18 14976 15000 -edge_1_0_+disjointig_1_0_999690 719639 734597 999690 -1 -1 12284 0.0400998
Chain
	Aln	0	-HG004_ont_698_start_719627 23 14981 15000 +edge_1_0_+disjointig_1_0_999690 265092 280050 999690 -1 -1 12284 0.0400998
Chain
	Aln	1	+HG004_ont_699_start_337749 14 14981 15000 -edge_1_0_+disjointig_1_0_999690 337757 352724 999690 -1 -1 12088 0.0431013
Chain
	Aln	0	-HG004_ont_699_start_337749 18 14985 15000 +edge_1_0_+disjointig_1_0_999690 646965 661932 999690 -1 -1 12088 0.0431013
Chain
	Aln	1	+HG004_ont_700_start_62563 42 14998 15000 -edge_1_0_+disjointig_1_0_999690 62599 77555 999690 -1 -1 12099 0.0421895
Chain
	Aln	0	-HG004_ont_700_start_62563 1 14957 15000 +edge_1_0_+disjointig_1_0_999690 922134 937090 999690 -1 -1 12099 0.0421895
Chain
	Aln	1	+HG004_ont_701_start_573144 13 14998 15000 -edge_1_0_+disjointig_1_0_999690 573151 588136 999690 -1 -1 12041 0.0440868
Chain
	Aln	0	-HG004_ont_701_start_573144 1 14986 15000 +edge_1_0_+disjointig_1_0_999690 411553 426538 999690 -1 -1 12041 0.0440868
Chain
	Aln	1	+HG004_ont_702_start_214944 14 14977 15000 -edge_1_0_+disjointig_1_0_999690 214952 229915 999690 -1 -1 12045 0.0439672
Chain
	Aln	0	-HG004_ont_702_start_214944 22 14985 15000 +edge_1_0_+disjointig_1_0_999690 769774 784737 999690 -1 -1 12045 0.0439672
Chain
	Aln	1	+HG004_ont_703_start_771476 1 14998 15000 -edge_1_0_+disjointig_1_0_999690 771471 786468 999690 -1 -1 12412 0.0405023
Chain
	Aln	0	-HG004_ont_703_start_771476 1 14998 15000 +edge_1_0_+disjointig_1_0_999690 213221 228218 999690 -1 -1 12412 0.0405023
Chain
	Aln	1	+HG004_ont_704_start_46171 20 14988 15000 -edge_1_0_+disjointig_1_0_999690 46185 61153 999690 -1 -1 11905 0.0444871
Chain
	Aln	0	-HG004_ont_704_start_46171 11 14979 15000 +edge_1_0_+disjointig_1_0_999690 938536 953504 999690 -1 -1 11905 0.0444871
Chain
	Aln	1	+HG004_ont_705_start_626091 1 14968 15000 -edge_1_0_+disjointig_1_0_999690 626086 641053 999690 -1 -1 12049 0.0404705
Chain
	Aln	0	-HG004_ont_705_start_626091 31 14998 15000 +edge_1_0_+disjointig_1_0_999690 358636 373603 999690 -1 -1 12049 0.0404705
Chain
	Aln	1	+HG004_ont_706_start_284117 1 14998 15000 -edge_1_0_+disjointig_1_0_999690 284112 299109 999690 -1 -1 12207 0.041997
Chain
	Aln	0	-HG004_ont_706_start_284117 1 14998 15000 +edge_1_0_+disjointig_1_0_999690 700580 715577 999690 -1 -1 12207 0.041997
Chain
	Aln	1	+HG004_ont_707_start_881024 32 14998 15000 -edge_1_0_+disjointig_1_0_999690 881050 896016 999690 -1 -1 12348 0.0417713
Chain
	Aln	0	-HG004_ont_707_start_881024 1 14967 15000 +edge_1_0_+disjointig_1_0_999690 103673 118639 999690 -1 -1 12348 0.0417713
Chain
	Aln	1	+HG004_ont_708_start_482529 0 14990 15000 -edge_1_0_+disjointig_1_0_999690 482523 497513 999690 -1 -1 12347 0.0407331
Chain
	Aln	0	-HG004_ont_708_start_482529 9 14999 15000 +edge_1_0_+disjointig_1_0_999690 502176 517166 999690 -1 -1 12347 0.0407331
Chain
	Aln	1	+HG004_ont_709_start_705149 30 14948 15000 -edge_1_0_+disjointig_1_0_999690 705173 720091 999690 -1 -1 12473 0.0382485
Chain
	Aln	0	-HG004_ont_709_start_705149 51 14969 15000 +edge_1_0_+disjointig_1_0_999690 279598 294516 999690 -1 -1 12473 0.0382485
Chain
	Aln	1	+HG004_ont_710_start_537080 1 14998 15000 -edge_1_0_+disjointig_1_0_999690 537075 552072 999690 -1 -1 12492 0.0406274
Chain
	Aln	0	-HG004_ont_710_start_537080 1 14998 15000 +edge_1_0_+disjointig_1_0_999690 447617 462614 999690 -1 -1 12492 0.0406274
Chain
	Aln	1	+HG004_ont_711_start_548427 7 14975 15000 -edge_1_0_+disjointig_1_0_999690 548428 563396 999690 -1 -1 12391 0.041056
Chain
	Aln	0	-HG004_ont_711_start_548427 24 14992 15000 +edge_1_0_+disjointig_1_0_999690 436293 451261 999690 -1 -1 12391 0.041056
Chain
	Aln	1	+HG004_ont_712_start_690320 1 14998 15000 -edge_1_0_+disjointig_1_0_999690 690315 705312 999690 -1 -1 12416 0.0367221
Chain
	Aln	0	-HG004_ont_712_start_690320 1 14998 15000 +edge_1_0_+disjointig_1_0_999690 294377 309374 999690 -1 -1 12416 0.0367221
Chain
	Aln	1	+HG004_ont_713_start_49962 1 14998 15000 -edge_1_0_+disjointig_1_0_999690 49957 64954 999690 -1 -1 12296 0.0420531
Chain
	Aln	0	-HG004_ont_713_start_49962 1 14998 15000 +edge_1_0_+disjointig_1_0_999690 934735 949732 999690 -1 -1 12296 0.0420531
Chain
	Aln	1	+HG004_ont_714_start_128648 22 14988 15000 -edge_1_0_+disjointig_1_0_999690 128664 143630 999690 -1 -1 12050 0.042625
Chain
	Aln	0	-HG004_ont_714_start_128648 11 14977 15000 +edge_1_0_+disjointig_1_0_999690 856059 871025 999690 -1 -1 12050 0.042625
Chain
	Aln	1	+HG004_ont_715_start_315353 1 14988 15000 -edge_1_0_+disjointig_1_0_999690 315348 330335 999690 -1 -1 12359 0.0408784
Chain
	Aln	0	-HG004_ont_715_start_315353 11 14998 15000 +edge_1_0_+disjointig_1_0_999690 669354 684341 999690 -1 -1 12359 0.0408784
Chain
	Aln	1	+HG004_ont_718_start_57437 1 14998 15000 -edge_1_0_+disjointig_1_0_999690 57432 72429 999690 -1 -1 12413 0.0409964
Chain
	Aln	0	-HG004_ont_718_start_57437 1 14998 15000 +edge_1_0_+disjointig_1_0_999690 927260 942257 999690 -1 -1 12413 0.0409964
Chain
	Aln	1	+HG004_ont_717_start_389291 1 14998 15000 -edge_1_0_+disjointig_1_0_999690 389286 404283 999690 -1 -1 12519 0.0399196
Chain
	Aln	0	-HG004_ont_717_start_389291 1 14998 15000 +edge_1_0_+disjointig_1_0_999690 595406 610403 999690 -1 -1 12519 0.0399196
Chain
	Aln	1	+HG004_ont_716_start_17429 7 14994 15000 -edge_1_0_+disjointig_1_0_999690 17430 32417 999690 -1 -1 12106 0.0419979
Chain
	Aln	0	-HG004_ont_716_start_17429 5 14992 15000 +edge_1_0_+disjointig_1_0_999690 967272 982259 999690 -1 -1 12106 0.0419979
Chain
	Aln	1	+HG004_ont_720_start_344478 9 14998 15000 -edge_1_0_+disjointig_1_0_999690 344481 359470 999690 -1 -1 12201 0.0431795
Chain
	Aln	0	-HG004_ont_720_start_344478 1 14990 15000 +edge_1_0_+disjointig_1_0_999690 640219 655208 999690 -1 -1 12201 0.0431795
Chain
	Aln	1	+HG004_ont_721_start_96828 1 14998 15000 -edge_1_0_+disjointig_1_0_999690 96823 111820 999690 -1 -1 12257 0.0408391
Chain
	Aln	0	-HG004_ont_721_start_96828 1 14998 15000 +edge_1_0_+disjointig_1_0_999690 887869 902866 999690 -1 -1 12257 0.0408391
Chain
	Aln	1	+HG004_ont_719_start_768265 1 14998 15000 -edge_1_0_+disjointig_1_0_999690 768260 783257 999690 -1 -1 12354 0.0421012
Chain
	Aln	0	-HG004_ont_719_start_768265 1 14998 15000 +edge_1_0_+disjointig_1_0_999690 216432 231429 999690 -1 -1 12354 0.0421012
Chain
	Aln	1	+HG004_ont_723_start_499644 12 14983 15000 -edge_1_0_+disjointig_1_0_999690 499650 514621 999690 -1 -1 12024 0.0420795
Chain
	Aln	0	-HG004_ont_723_start_499644 16 14987 15000 +edge_1_0_+disjointig_1_0_999690 485068 500039 999690 -1 -1 12024 0.0420795
Chain
	Aln	1	+HG004_ont_724_start_49441 12 14985 15000 -edge_1_0_+disjointig_1_0_999690 49447 64420 999690 -1 -1 12275 0.0412338
Chain
	Aln	0	-HG004_ont_724_start_49441 14 14987 15000 +edge_1_0_+disjointig_1_0_999690 935269 950242 999690 -1 -1 12275 0.0412338
Chain
	Aln	1	+HG004_ont_722_start_496268 14 14995 15000 -edge_1_0_+disjointig_1_0_999690 496276 511257 999690 -1 -1 12550 0.0393717
Chain
	Aln	0	-HG004_ont_722_start_496268 4 14985 15000 +edge_1_0_+disjointig_1_0_999690 488432 503413 999690 -1 -1 12550 0.0393717
Chain
	Aln	1	+HG004_ont_726_start_364182 1 14989 15000 -edge_1_0_+disjointig_1_0_999690 364177 379165 999690 -1 -1 12096 0.0440405
Chain
	Aln	0	-HG004_ont_726_start_364182 10 14998 15000 +edge_1_0_+disjointig_1_0_999690 620524 635512 999690 -1 -1 12096 0.0440405
Chain
	Aln	1	+HG004_ont_725_start_370356 25 14980 15000 -edge_1_0_+disjointig_1_0_999690 370375 385330 999690 -1 -1 12181 0.0415285
Chain
	Aln	0	-HG004_ont_725_start_370356 19 14974 15000 +edge_1_0_+disjointig_1_0_999690 614359 629314 999690 -1 -1 12181 0.0415285
Chain
	Aln	1	+HG004_ont_727_start_228077 1 14946 15000 -edge_1_0_+disjointig_1_0_999690 228072 243017 999690 -1 -1 12286 0.0410367
Chain
	Aln	0	-HG004_ont_727_start_228077 53 14998 15000 +edge_1_0_+disjointig_1_0_999690 756672 771617 999690 -1 -1 12286 0.0410367
Chain
	Aln	1	+HG004_ont_729_start_116023 17 14998 15000 -edge_1_0_+disjointig_1_0_999690 116034 131015 999690 -1 -1 12142 0.041559
Chain
	Aln	0	-HG004_ont_729_start_116023 1 14982 15000 +edge_1_0_+disjointig_1_0_999690 868674 883655 999690 -1 -1 12142 0.041559
Chain
	Aln	1	+HG004_ont_728_start_664643 0 14993 15000 -edge_1_0_+disjointig_1_0_999690 664637 679630 999690 -1 -1 11945 0.0455986
Chain
	Aln	0	-HG004_ont_728_start_664643 6 14999 15000 +edge_1_0_+disjointig_1_0_999690 320059 335052 999690 -1 -1 11945 0.0455986
Chain
	Aln	1	+HG004_ont_731_start_463285 1 14967 15000 -edge_1_0_+disjointig_1_0_999690 463280 478246 999690 -1 -1 12388 0.0417073
Chain
	Aln	0	-HG004_ont_731_start_463285 32 14998 15000 +edge_1_0_+disjointig_1_0_999690 521443 536409 999690 -1 -1 12388 0.0417073
Chain
	Aln	1	+HG004_ont_730_start_490560 8 14998 15000 -edge_1_0_+disjointig_1_0_999690 490562 505552 999690 -1 -1 12053 0.0425653
Chain
	Aln	0	-HG004_ont_730_start_490560 1 14991 15000 +edge_1_0_+disjointig_1_0_999690 494137 509127 999690 -1 -1 12053 0.0425653
Chain
	Aln	1	+HG004_ont_732_start_22439 14 14998 15000 -edge_1_0_+disjointig_1_0_999690 22447 37431 999690 -1 -1 12384 0.0395524
Chain
	Aln	0	-HG004_ont_732_start_22439 1 14985 15000 +edge_1_0_+disjointig_1_0_999690 962258 977242 999690 -1 -1 12384 0.0395524
Chain
	Aln	1	+HG004_ont_734_start_887653 10 14991 15000 -edge_1_0_+disjointig_1_0_999690 887657 902638 999690 -1 -1 12071 0.0412336
Chain
	Aln	0	-HG004_ont_734_start_887653 8 14989 15000 +edge_1_0_+disjointig_1_0_999690 97051 112032 999690 -1 -1 12071 0.0412336
Chain
	Aln	1	+HG004_ont_733_start_790531 36 14967 15000 -edge_1_0_+disjointig_1_0_999690 790561 805492 999690 -1 -1 12260 0.0405561
Chain
	Aln	0	-HG004_ont_733_start_790531 32 14963 15000 +edge_1_0_+disjointig_1_0_999690 194197 209128 999690 -1 -1 12260 0.0405561
Chain
	Aln	1	+HG004_ont_736_start_528404 1 14988 15000 -edge_1_0_+disjointig_1_0_999690 528399 543386 999690 -1 -1 12336 0.039074
Chain
	Aln	0	-HG004_ont_736_start_528404 11 14998 15000 +edge_1_0_+disjointig_1_0_999690 456303 471290 999690 -1 -1 12336 0.039074
Chain
	Aln	1	+HG004_ont_737_start_589819 18 14987 15000 -edge_1_0_+disjointig_1_0_999690 589831 604800 999690 -1 -1 12276 0.0393399
Chain
	Aln	0	-HG004_ont_737_start_589819 12 14981 15000 +edge_1_0_+disjointig_1_0_999690 394889 409858 999690 -1 -1 12276 0.0393399
Chain
	Aln	1	+HG004_ont_735_start_733626 1 14991 15000 -edge_1_0_+disjointig_1_0_999690 733621 748611 999690 -1 -1 12336 0.0381176
Chain
	Aln	0	-HG004_ont_735_start_733626 8 14998 15000 +edge_1_0_+disjointig_1_0_999690 251078 266068 999690 -1 -1 12336 0.0381176
Chain
	Aln	1	+HG004_ont_739_start_35727 1 14984 15000 -edge_1_0_+disjointig_1_0_999690 35722 50705 999690 -1 -1 12013 0.0437807
Chain
	Aln	0	-HG004_ont_739_start_35727 15 14998 15000 +edge_1_0_+disjointig_1_0_999690 948984 963967 999690 -1 -1 12013 0.0437807
Chain
	Aln	1	+HG004_ont_740_start_64105 1 14998 15000 -edge_1_0_+disjointig_1_0_999690 64100 79097 999690 -1 -1 12485 0.0404321
Chain
	Aln	0	-HG004_ont_740_start_64105 1 14998 15000 +edge_1_0_+disjointig_1_0_999690 920592 935589 999690 -1 -1 12485 0.0404321
Chain
	Aln	1	+HG004_ont_738_start_307871 16 14998 15000 -edge_1_0_+disjointig_1_0_999690 307881 322863 999690 -1 -1 12149 0.0400001
Chain
	Aln	0	-HG004_ont_738_start_307871 1 14983 15000 +edge_1_0_+disjointig_1_0_999690 676826 691808 999690 -1 -1 12149 0.0400001
Chain
	Aln	1	+HG004_ont_742_start_271468 0 14982 15000 -edge_1_0_+disjointig_1_0_999690 271462 286444 999690 -1 -1 12358 0.0412454
Chain
	Aln	0	-HG004_ont_742_start_271468 17 14999 15000 +edge_1_0_+disjointig_1_0_999690 713245 728227 999690 -1 -1 12358 0.0412454
Chain
	Aln	1	+HG004_ont_743_start_874511 33 14988 15000 -edge_1_0_+disjointig_1_0_999690 874538 889493 999690 -1 -1 11997 0.042105
Chain
	Aln	0	-HG004_ont_743_start_874511 11 14966 15000 +edge_1_0_+disjointig_1_0_999690 110196 125151 999690 -1 -1 11997 0.042105
Chain
	Aln	1	+HG004_ont_741_start_283503 21 14997 15000 -edge_1_0_+disjointig_1_0_999690 283518 298494 999690 -1 -1 12481 0.0369848
Chain
	Aln	0	-HG004_ont_741_start_283503 2 14978 15000 +edge_1_0_+disjointig_1_0_999690 701195 716171 999690 -1 -1 12481 0.0369848
Chain
	Aln	1	+HG004_ont_746_start_861250 0 14978 15000 -edge_1_0_+disjointig_1_0_999690 861244 876222 999690 -1 -1 12280 0.0410874
Chain
	Aln	0	-HG004_ont_746_start_861250 21 14999 15000 +edge_1_0_+disjointig_1_0_999690 123467 138445 999690 -1 -1 12280 0.0410874
Chain
	Aln	1	+HG004_ont_745_start_585560 9 14998 15000 -edge_1_0_+disjointig_1_0_999690 585563 600552 999690 -1 -1 12587 0.0403539
Chain
	Aln	0	-HG004_ont_745_start_585560 1 14990 15000 +edge_1_0_+disjointig_1_0_999690 399137 414126 999690 -1 -1 12587 0.0403539
Chain
	Aln	1	+HG004_ont_744_start_856362 16 14998 15000 -edge_1_0_+disjointig_1_0_999690 856372 871354 999690 -1 -1 12034 0.0419141
Chain
	Aln	0	-HG004_ont_744_start_856362 1 14983 15000 +edge_1_0_+disjointig_1_0_999690 128335 143317 999690 -1 -1 12034 0.0419141
Chain
	Aln	1	+HG004_ont_747_start_684566 1 14998 15000 -edge_1_0_+disjointig_1_0_999690 684561 699558 999690 -1 -1 12127 0.0436871
Chain
	Aln	0	-HG004_ont_747_start_684566 1 14998 15000 +edge_1_0_+disjointig_1_0_999690 300131 315128 999690 -1 -1 12127 0.0436871
Chain
	Aln	1	+HG004_ont_749_start_696215 1 14990 15000 -edge_1_0_+disjointig_1_0_999690 696210 711199 999690 -1 -1 12036 0.0401594
Chain
	Aln	0	-HG004_ont_749_start_696215 9 14998 15000 +edge_1_0_+disjointig_1_0_999690 288490 303479 999690 -1 -1 12036 0.0401594
Chain
	Aln	1	+HG004_ont_748_start_459710 21 14985 15000 -edge_1_0_+disjointig_1_0_999690 459725 474689 999690 -1 -1 12746 0.0391517
Chain
	Aln	0	-HG004_ont_748_start_459710 14 14978 15000 +edge_1_0_+disjointig_1_0_999690 525000 539964 999690 -1 -1 12746 0.0391517
Chain
	Aln	1	+HG004_ont_750_start_604151 1 14964 15000 -edge_1_0_+disjointig_1_0_999690 604146 619109 999690 -1 -1 12170 0.0411391
Chain
	Aln	0	-HG004_ont_750_start_604151 35 14998 15000 +edge_1_0_+disjointig_1_0_999690 380580 395543 999690 -1 -1 12170 0.0411391
Chain
	Aln	1	+HG004_ont_751_start_836478 0 14975 15000 -edge_1_0_+disjointig_1_0_999690 836472 851447 999690 -1 -1 11929 0.0431246
Chain
	Aln	0	-HG004_ont_751_start_836478 24 14999 15000 +edge_1_0_+disjointig_1_0_999690 148242 163217 999690 -1 -1 11929 0.0431246
Chain
	Aln	1	+HG004_ont_753_start_320658 8 14987 15000 -edge_1_0_+disjointig_1_0_999690 320660 335639 999690 -1 -1 11990 0.0434272
Chain
	Aln	0	-HG004_ont_753_start_320658 12 14991 15000 +edge_1_0_+disjointig_1_0_999690 664050 679029 999690 -1 -1 11990 0.0434272
Chain
	Aln	1	+HG004_ont_752_start_853301 28 14962 15000 -edge_1_0_+disjointig_1_0_999690 853323 868257 999690 -1 -1 12204 0.0412628
Chain
	Aln	0	-HG004_ont_752_start_853301 37 14971 15000 +edge_1_0_+disjointig_1_0_999690 131432 146366 999690 -1 -1 12204 0.0412628
Chain
	Aln	1	+HG004_ont_754_start_828170 23 14992 15000 -edge_1_0_+disjointig_1_0_999690 828187 843156 999690 -1 -1 12619 0.0354879
Chain
	Aln	0	-HG004_ont_754_start_828170 7 14976 15000 +edge_1_0_+disjointig_1_0_999690 156533 171502 999690 -1 -1 12619 0.0354879
Chain
	Aln	1	+HG004_ont_755_start_65669 1 14975 15000 -edge_1_0_+disjointig_1_0_999690 65664 80638 999690 -1 -1 12106 0.0443017
Chain
	Aln	0	-HG004_ont_755_start_65669 24 14998 15000 +edge_1_0_+disjointig_1_0_999690 919051 934025 999690 -1 -1 12106 0.0443017
Chain
	Aln	1	+HG004_ont_756_start_413079 1 14998 15000 -edge_1_0_+disjointig_1_0_999690 413074 428071 999690 -1 -1 12247 0.0394268
Chain
	Aln	0	-HG004_ont_756_start_413079 1 14998 15000 +edge_1_0_+disjointig_1_0_999690 571618 586615 999690 -1 -1 12247 0.0394268
Chain
	Aln	1	+HG004_ont_757_start_259542 18 14985 15000 -edge_1_0_+disjointig_1_0_999690 259554 274521 999690 -1 -1 12481 0.03911
Chain
	Aln	0	-HG004_ont_757_start_259542 14 14981 15000 +edge_1_0_+disjointig_1_0_999690 725168 740135 999690 -1 -1 12481 0.03911
Chain
	Aln	1	+HG004_ont_758_start_302419 44 14990 15000 -edge_1_0_+disjointig_1_0_999690 302457 317403 999690 -1 -1 12520 0.038974
Chain
	Aln	0	-HG004_ont_758_start_302419 9 14955 15000 +edge_1_0_+disjointig_1_0_999690 682286 697232 999690 -1 -1 12520 0.038974
Chain
	Aln	1	+HG004_ont_759_start_87980 1 14998 15000 -edge_1_0_+disjointig_1_0_999690 87975 102972 999690 -1 -1 12402 0.0424877
Chain
	Aln	0	-HG004_ont_759_start_87980 1 14998 15000 +edge_1_0_+disjointig_1_0_999690 896717 911714 999690 -1 -1 12402 0.0424877
Chain
	Aln	1	+HG004_ont_760_start_328934 1 14998 15000 -edge_1_0_+disjointig_1_0_999690 328929 343926 999690 -1 -1 12178 0.0412094
Chain
	Aln	0	-HG004_ont_760_start_328934 1 14998 15000 +edge_1_0_+disjointig_1_0_999690 655763 670760 999690 -1 -1 12178 0.0412094
Chain
	Aln	1	+HG004_ont_761_start_733421 1 14998 15000 -edge_1_0_+disjointig_1_0_999690 733416 748413 999690 -1 -1 12217 0.0414073
Chain
	Aln	0	-HG004_ont_761_start_733421 1 14998 15000 +edge_1_0_+disjointig_1_0_999690 251276 266273 999690 -1 -1 12217 0.0414073
Chain
	Aln	1	+HG004_ont_762_start_350030 28 14981 15000 -edge_1_0_+disjointig_1_0_999690 350052 365005 999690 -1 -1 12645 0.0393921
Chain
	Aln	0	-HG004_ont_762_start_350030 18 14971 15000 +edge_1_0_+disjointig_1_0_999690 634684 649637 999690 -1 -1 12645 0.0393921
Chain
	Aln	1	+HG004_ont_763_start_577580 1 14960 15000 -edge_1_0_+disjointig_1_0_999690 577575 592534 999690 -1 -1 12415 0.0392163
Chain
	Aln	0	-HG004_ont_763_start_577580 39 14998 15000 +edge_1_0_+disjointig_1_0_999690 407155 422114 999690 -1 -1 12415 0.0392163
Chain
	Aln	1	+HG004_ont_764_start_29669 20 14997 15000 -edge_1_0_+disjointig_1_0_999690 29683 44660 999690 -1 -1 12631 0.0389814
Chain
	Aln	0	-HG004_ont_764_start_29669 2 14979 15000 +edge_1_0_+disjointig_1_0_999690 955029 970006 999690 -1 -1 12631 0.0389814
Chain
	Aln	1	+HG004_ont_765_start_598403 21 14998 15000 -edge_1_0_+disjointig_1_0_999690 598418 613395 999690 -1 -1 12361 0.0398256
Chain
	Aln	0	-HG004_ont_765_start_598403 1 14978 15000 +edge_1_0_+disjointig_1_0_999690 386294 401271 999690 -1 -1 12361 0.0398256
Chain
	Aln	1	+HG004_ont_766_start_411572 7 14997 15000 -edge_1_0_+disjointig_1_0_999690 411573 426563 999690 -1 -1 12183 0.040016
Chain
	Aln	0	-HG004_ont_766_start_411572 2 14992 15000 +edge_1_0_+disjointig_1_0_999690 573126 588116 999690 -1 -1 12183 0.040016
Chain
	Aln	1	+HG004_ont_767_start_868850 14 14972 15000 -edge_1_0_+disjointig_1_0_999690 868858 883816 999690 -1 -1 12416 0.0382325
Chain
	Aln	0	-HG004_ont_767_start_868850 27 14985 15000 +edge_1_0_+disjointig_1_0_999690 115873 130831 999690 -1 -1 12416 0.0382325
Chain
	Aln	1	+HG004_ont_768_start_234529 1 14997 15000 -edge_1_0_+disjointig_1_0_999690 234524 249520 999690 -1 -1 12215 0.0418012
Chain
	Aln	0	-HG004_ont_768_start_234529 2 14998 15000 +edge_1_0_+disjointig_1_0_999690 750169 765165 999690 -1 -1 12215 0.0418012
Chain
	Aln	1	+HG004_ont_769_start_342836 1 14998 15000 -edge_1_0_+disjointig_1_0_999690 342831 357828 999690 -1 -1 12422 0.0407998
Chain
	Aln	0	-HG004_ont_769_start_342836 1 14998 15000 +edge_1_0_+disjointig_1_0_999690 641861 656858 999690 -1 -1 12422 0.0407998
Chain
	Aln	1	+HG004_ont_770_start_355631 21 14998 15000 -edge_1_0_+disjointig_1_0_999690 355646 370623 999690 -1 -1 12032 0.0410203
Chain
	Aln	0	-HG004_ont_770_start_355631 1 14978 15000 +edge_1_0_+disjointig_1_0_999690 629066 644043 999690 -1 -1 12032 0.0410203
Chain
	Aln	1	+HG004_ont_771_start_303203 51 14992 15000 -edge_1_0_+disjointig_1_0_999690 303248 318189 999690 -1 -1 12220 0.0391684
Chain
	Aln	0	-HG004_ont_771_start_303203 7 14948 15000 +edge_1_0_+disjointig_1_0_999690 681500 696441 999690 -1 -1 12220 0.0391684
Chain
	Aln	1	+HG004_ont_772_start_203316 11 14998 15000 -edge_1_0_+disjointig_1_0_999690 203321 218308 999690 -1 -1 12450 0.0385728
Chain
	Aln	0	-HG004_ont_772_start_203316 1 14988 15000 +edge_1_0_+disjointig_1_0_999690 781381 796368 999690 -1 -1 12450 0.0385728
Chain
	Aln	1	+HG004_ont_773_start_107258 1 14995 15000 -edge_1_0_+disjointig_1_0_999690 107253 122247 999690 -1 -1 12280 0.040898
Chain
	Aln	0	-HG004_ont_773_start_107258 4 14998 15000 +edge_1_0_+disjointig_1_0_999690 877442 892436 999690 -1 -1 12280 0.040898
Chain
	Aln	1	+HG004_ont_774_start_908196 1 14998 15000 -edge_1_0_+disjointig_1_0_999690 908191 923188 999690 -1 -1 12230 0.0423263
Chain
	Aln	0	-HG004_ont_774_start_908196 1 14998 15000 +edge_1_0_+disjointig_1_0_999690 76501 91498 999690 -1 -1 12230 0.0423263
Chain
	Aln	1	+HG004_ont_775_start_667092 0 14986 15000 -edge_1_0_+disjointig_1_0_999690 667086 682072 999690 -1 -1 12289 0.0438918
Chain
	Aln	0	-HG004_ont_775_start_667092 13 14999 15000 +edge_1_0_+disjointig_1_0_999690 317617 332603 999690 -1 -1 12289 0.0438918
Chain
	Aln	1	+HG004_ont_776_start_266190 1 14993 15000 -edge_1_0_+disjointig_1_0_999690 266185 281177 999690 -1 -1 12310 0.0405296
Chain
	Aln	0	-HG004_ont_776_start_266190 6 14998 15000 +edge_1_0_+disjointig_1_0_999690 718512 733504 999690 -1 -1 12310 0.0405296
Chain
	Aln	1	+HG004_ont_777_start_779388 1 14967 15000 -edge_1_0_+disjointig_1_0_999690 779383 794349 999690 -1 -1 12225 0.0393511
Chain
	Aln	0	-HG004_ont_777_start_779388 32 14998 15000 +edge_1_0_+disjointig_1_0_999690 205340 220306 999690 -1 -1 12225 0.0393511
Chain
	Aln	1	+HG004_ont_778_start_381351 25 14998 15000 -edge_1_0_+disjointig_1_0_999690 381370 396343 999690 -1 -1 11949 0.0450788
Chain
	Aln	0	-HG004_ont_778_start_381351 1 14974 15000 +edge_1_0_+disjointig_1_0_999690 603346 618319 999690 -1 -1 11949 0.0450788
Chain
	Aln	1	+HG004_ont_779_start_823704 0 14998 15000 -edge_1_0_+disjointig_1_0_999690 823698 838696 999690 -1 -1 12399 0.041237
Chain
	Aln	0	-HG004_ont_779_start_823704 1 14999 15000 +edge_1_0_+disjointig_1_0_999690 160993 175991 999690 -1 -1 12399 0.041237
Chain
	Aln	1	+HG004_ont_780_start_221640 2 14998 15000 -edge_1_0_+disjointig_1_0_999690 221636 236632 999690 -1 -1 12151 0.0415463
Chain
	Aln	0	-HG004_ont_780_start_221640 1 14997 15000 +edge_1_0_+disjointig_1_0_999690 763057 778053 999690 -1 -1 12151 0.0415463
Chain
	Aln	1	+HG004_ont_782_start_314983 1 14998 15000 -edge_1_0_+disjointig_1_0_999690 314978 329975 999690 -1 -1 12490 0.0389153
Chain
	Aln	0	-HG004_ont_782_start_314983 1 14998 15000 +edge_1_0_+disjointig_1_0_999690 669714 684711 999690 -1 -1 12490 0.0389153
Chain
	Aln	1	+HG004_ont_781_start_150246 0 14997 15000 -edge_1_0_+disjointig_1_0_999690 150240 165237 999690 -1 -1 12273 0.0431456
Chain
	Aln	0	-HG004_ont_781_start_150246 2 14999 15000 +edge_1_0_+disjointig_1_0_999690 834452 849449 999690 -1 -1 12273 0.0431456
Chain
	Aln	1	+HG004_ont_783_start_619610 0 14983 15000 -edge_1_0_+disjointig_1_0_999690 619604 634587 999690 -1 -1 12460 0.0389669
Chain
	Aln	0	-HG004_ont_783_start_619610 16 14999 15000 +edge_1_0_+disjointig_1_0_999690 365102 380085 999690 -1 -1 12460 0.0389669
Chain
	Aln	1	+HG004_ont_784_start_850531 14 14998 15000 -edge_1_0_+disjointig_1_0_999690 850539 865523 999690 -1 -1 12504 0.0409847
Chain
	Aln	0	-HG004_ont_784_start_850531 1 14985 15000 +edge_1_0_+disjointig_1_0_999690 134166 149150 999690 -1 -1 12504 0.0409847
Chain
	Aln	1	+HG004_ont_786_start_717840 13 14998 15000 -edge_1_0_+disjointig_1_0_999690 717847 732832 999690 -1 -1 12512 0.0393108
Chain
	Aln	0	-HG004_ont_786_start_717840 1 14986 15000 +edge_1_0_+disjointig_1_0_999690 266857 281842 999690 -1 -1 12512 0.0393108
Chain
	Aln	1	+HG004_ont_785_start_484913 1 14995 15000 -edge_1_0_+disjointig_1_0_999690 484908 499902 999690 -1 -1 12123 0.0418892
Chain
	Aln	0	-HG004_ont_785_start_484913 4 14998 15000 +edge_1_0_+disjointig_1_0_999690 499787 514781 999690 -1 -1 12123 0.0418892
Chain
	Aln	1	+HG004_ont_787_start_501332 1 14998 15000 -edge_1_0_+disjointig_1_0_999690 501327 516324 999690 -1 -1 12157 0.0421414
Chain
	Aln	0	-HG004_ont_787_start_501332 1 14998 15000 +edge_1_0_+disjointig_1_0_999690 483365 498362 999690 -1 -1 12157 0.0421414
Chain
	Aln	1	+HG004_ont_788_start_894389 0 14998 15000 -edge_1_0_+disjointig_1_0_999690 894383 909381 999690 -1 -1 12448 0.0412291
Chain
	Aln	0	-HG004_ont_788_start_894389 1 14999 15000 +edge_1_0_+disjointig_1_0_999690 90308 105306 999690 -1 -1 12448 0.0412291
Chain
	Aln	1	+HG004_ont_790_start_501509 1 14989 15000 -edge_1_0_+disjointig_1_0_999690 501504 516492 999690 -1 -1 11888 0.0439079
Chain
	Aln	0	-HG004_ont_790_start_501509 10 14998 15000 +edge_1_0_+disjointig_1_0_999690 483197 498185 999690 -1 -1 11888 0.0439079
Chain
	Aln	1	+HG004_ont_789_start_615436 2 14984 15000 -edge_1_0_+disjointig_1_0_999690 615432 630414 999690 -1 -1 11884 0.04445
Chain
	Aln	0	-HG004_ont_789_start_615436 15 14997 15000 +edge_1_0_+disjointig_1_0_999690 369275 384257 999690 -1 -1 11884 0.04445
Chain
	Aln	1	+HG004_ont_791_start_261373 1 14970 15000 -edge_1_0_+disjointig_1_0_999690 261368 276337 999690 -1 -1 12458 0.0406585
Chain
	Aln	0	-HG004_ont_791_start_261373 29 14998 15000 +edge_1_0_+disjointig_1_0_999690 723352 738321 999690 -1 -1 12458 0.0406585
Chain
	Aln	1	+HG004_ont_792_start_398484 1 14996 15000 -edge_1_0_+disjointig_1_0_999690 398479 413474 999690 -1 -1 12300 0.0406196
Chain
	Aln	0	-HG004_ont_792_start_398484 3 14998 15000 +edge_1_0_+disjointig_1_0_999690 586215 601210 999690 -1 -1 12300 0.0406196
Chain
	Aln	1	+HG004_ont_793_start_437056 16 14989 15000 -edge_1_0_+disjointig_1_0_999690 437066 452039 999690 -1 -1 12327 0.0395785
Chain
	Aln	0	-HG004_ont_793_start_437056 10 14983 15000 +edge_1_0_+disjointig_1_0_999690 547650 562623 999690 -1 -1 12327 0.0395785
Chain
	Aln	1	+HG004_ont_794_start_633473 35 14998 15000 -edge_1_0_+disjointig_1_0_999690 633502 648465 999690 -1 -1 11845 0.0449719
Chain
	Aln	0	-HG004_ont_794_start_633473 1 14964 15000 +edge_1_0_+disjointig_1_0_999690 351224 366187 999690 -1 -1 11845 0.0449719
Chain
	Aln	1	+HG004_ont_795_start_914826 13 14983 15000 -edge_1_0_+disjointig_1_0_999690 914833 929803 999690 -1 -1 12136 0.0401781
Chain
	Aln	0	-HG004_ont_795_start_914826 16 14986 15000 +edge_1_0_+disjointig_1_0_999690 69886 84856 999690 -1 -1 12136 0.0401781
Chain
	Aln	1	+HG004_ont_796_start_919045 14 14998 15000 -edge_1_0_+disjointig_1_0_999690 919053 934037 999690 -1 -1 12460 0.0384855
Chain
	Aln	0	-HG004_ont_796_start_919045 1 14985 15000 +edge_1_0_+disjointig_1_0_999690 65652 80636 999690 -1 -1 12460 0.0384855
Chain
	Aln	1	+HG004_ont_797_start_413246 1 14998 15000 -edge_1_0_+disjointig_1_0_999690 413241 428238 999690 -1 -1 12462 0.0401132
Chain
	Aln	0	-HG004_ont_797_start_413246 1 14998 15000 +edge_1_0_+disjointig_1_0_999690 571451 586448 999690 -1 -1 12462 0.0401132
Chain
	Aln	1	+HG004_ont_798_start_972789 0 14957 15000 -edge_1_0_+disjointig_1_0_999690 972783 987740 999690 -1 -1 12050 0.0436373
Chain
	Aln	0	-HG004_ont_798_start_972789 42 14999 15000 +edge_1_0_+disjointig_1_0_999690 11949 26906 999690 -1 -1 12050 0.0436373
Chain
	Aln	1	+HG004_ont_799_start_514062 0 14998 15000 -edge_1_0_+disjointig_1_0_999690 514056 529054 999690 -1 -1 11993 0.0460285
Chain
	Aln	0	-HG004_ont_799_start_514062 1 14999 15000 +edge_1_0_+disjointig_1_0_999690 470635 485633 999690 -1 -1 11993 0.0460285
Chain
	Aln	1	+HG004_ont_800_start_616753 1 14998 15000 -edge_1_0_+disjointig_1_0_999690 616748 631745 999690 -1 -1 12208 0.0430232
Chain
	Aln	0	-HG004_ont_800_start_616753 1 14998 15000 +edge_1_0_+disjointig_1_0_999690 367944 382941 999690 -1 -1 12208 0.0430232
Chain
	Aln	1	+HG004_ont_801_start_907227 0 14998 15000 -edge_1_0_+disjointig_1_0_999690 907221 922219 999690 -1 -1 12097 0.0407175
Chain
	Aln	0	-HG004_ont_801_start_907227 1 14999 15000 +edge_1_0_+disjointig_1_0_999690 77470 92468 999690 -1 -1 12097 0.0407175
Chain
	Aln	1	+HG004_ont_802_start_818200 12 14991 15000 -edge_1_0_+disjointig_1_0_999690 818206 833185 999690 -1 -1 12292 0.0403693
Chain
	Aln	0	-HG004_ont_802_start_818200 8 14987 15000 +edge_1_0_+disjointig_1_0_999690 166504 181483 999690 -1 -1 12292 0.0403693
Chain
	Aln	1	+HG004_ont_803_start_776583 12 14974 15000 -edge_1_0_+disjointig_1_0_999690 776589 791551 999690 -1 -1 12168 0.0398982
Chain
	Aln	0	-HG004_ont_803_start_776583 25 14987 15000 +edge_1_0_+disjointig_1_0_999690 208138 223100 999690 -1 -1 12168 0.0398982
Chain
	Aln	1	+HG004_ont_804_start_74469 4 14998 15000 -edge_1_0_+disjointig_1_0_999690 74467 89461 999690 -1 -1 11917 0.0442219
Chain
	Aln	0	-HG004_ont_804_start_74469 1 14995 15000 +edge_1_0_+disjointig_1_0_999690 910228 925222 999690 -1 -1 11917 0.0442219
Chain
	Aln	1	+HG004_ont_805_start_885581 1 14998 15000 -edge_1_0_+disjointig_1_0_999690 885576 900573 999690 -1 -1 12157 0.0421414
Chain
	Aln	0	-HG004_ont_805_start_885581 1 14998 15000 +edge_1_0_+disjointig_1_0_999690 99116 114113 999690 -1 -1 12157 0.0421414
Chain
	Aln	1	+HG004_ont_806_start_607098 1 14992 15000 -edge_1_0_+disjointig_1_0_999690 607093 622084 999690 -1 -1 12350 0.041471
Chain
	Aln	0	-HG004_ont_806_start_607098 7 14998 15000 +edge_1_0_+disjointig_1_0_999690 377605 392596 999690 -1 -1 12350 0.041471
Chain
	Aln	1	+HG004_ont_807_start_788030 0 14980 15000 -edge_1_0_+disjointig_1_0_999690 788024 803004 999690 -1 -1 12728 0.036949
Chain
	Aln	0	-HG004_ont_807_start_788030 19 14999 15000 +edge_1_0_+disjointig_1_0_999690 196685 211665 999690 -1 -1 12728 0.036949
Chain
	Aln	1	+HG004_ont_808_start_729100 1 14973 15000 -edge_1_0_+disjointig_1_0_999690 729095 744067 999690 -1 -1 12204 0.0421799
Chain
	Aln	0	-HG004_ont_808_start_729100 26 14998 15000 +edge_1_0_+disjointig_1_0_999690 255622 270594 999690 -1 -1 12204 0.0421799
Chain
	Aln	1	+HG004_ont_809_start_665145 0 14998 15000 -edge_1_0_+disjointig_1_0_999690 665139 680137 999690 -1 -1 12543 0.0379169
Chain
	Aln	0	-HG004_ont_809_start_665145 1 14999 15000 +edge_1_0_+disjointig_1_0_999690 319552 334550 999690 -1 -1 12543 0.0379169
Chain
	Aln	1	+HG004_ont_810_start_500436 11 14997 15000 -edge_1_0_+disjointig_1_0_999690 500441 515427 999690 -1 -1 12581 0.0387886
Chain
	Aln	0	-HG004_ont_810_start_500436 2 14988 15000 +edge_1_0_+disjointig_1_0_999690 484262 499248 999690 -1 -1 12581 0.0387886
Chain
	Aln	1	+HG004_ont_811_start_554717 1 14949 15000 -edge_1_0_+disjointig_1_0_999690 554712 569660 999690 -1 -1 12414 0.0397967
Chain
	Aln	0	-HG004_ont_811_start_554717 50 14998 15000 +edge_1_0_+disjointig_1_0_999690 430029 444977 999690 -1 -1 12414 0.0397967
Chain
	Aln	1	+HG004_ont_812_start_794138 18 14998 15000 -edge_1_0_+disjointig_1_0_999690 794150 809130 999690 -1 -1 12210 0.0432015
Chain
	Aln	0	-HG004_ont_812_start_794138 1 14981 15000 +edge_1_0_+disjointig_1_0_999690 190559 205539 999690 -1 -1 12210 0.0432015
Chain
	Aln	1	+HG004_ont_813_start_287744 0 14967 15000 -edge_1_0_+disjointig_1_0_999690 287738 302705 999690 -1 -1 12201 0.0420557
Chain
	Aln	0	-HG004_ont_813_start_287744 32 14999 15000 +edge_1_0_+disjointig_1_0_999690 696984 711951 999690 -1 -1 12201 0.0420557
Chain
	Aln	1	+HG004_ont_814_start_453296 1 14998 15000 -edge_1_0_+disjointig_1_0_999690 453291 468288 999690 -1 -1 12390 0.0404243
Chain
	Aln	0	-HG004_ont_814_start_453296 1 14998 15000 +edge_1_0_+disjointig_1_0_999690 531401 546398 999690 -1 -1 12390 0.0404243
Chain
	Aln	1	+HG004_ont_815_start_814813 28 14976 15000 -edge_1_0_+disjointig_1_0_999690 814835 829783 999690 -1 -1 12048 0.044283
Chain
	Aln	0	-HG004_ont_815_start_814813 23 14971 15000 +edge_1_0_+disjointig_1_0_999690 169906 184854 999690 -1 -1 12048 0.044283
Chain
	Aln	1	+HG004_ont_816_start_667029 1 14995 15000 -edge_1_0_+disjointig_1_0_999690 667024 682018 999690 -1 -1 12366 0.0398537
Chain
	Aln	0	-HG004_ont_816_start_667029 4 14998 15000 +edge_1_0_+disjointig_1_0_999690 317671 332665 999690 -1 -1 12366 0.0398537
Chain
	Aln	1	+HG004_ont_817_start_946993 9 14998 15000 -edge_1_0_+disjointig_1_0_999690 946996 961985 999690 -1 -1 11846 0.0458818
Chain
	Aln	0	-HG004_ont_817_start_946993 1 14990 15000 +edge_1_0_+disjointig_1_0_999690 37704 52693 999690 -1 -1 11846 0.0458818
Chain
	Aln	1	+HG004_ont_818_start_862506 0 14996 15000 -edge_1_0_+disjointig_1_0_999690 862500 877496 999690 -1 -1 12395 0.0398847
Chain
	Aln	0	-HG004_ont_818_start_862506 3 14999 15000 +edge_1_0_+disjointig_1_0_999690 122193 137189 999690 -1 -1 12395 0.0398847
Chain
	Aln	1	+HG004_ont_819_start_729312 12 14965 15000 -edge_1_0_+disjointig_1_0_999690 729318 744271 999690 -1 -1 12244 0.0410207
Chain
	Aln	0	-HG004_ont_819_start_729312 34 14987 15000 +edge_1_0_+disjointig_1_0_999690 255418 270371 999690 -1 -1 12244 0.0410207
Chain
	Aln	1	+HG004_ont_820_start_938212 16 14915 15000 -edge_1_0_+disjointig_1_0_999690 938222 953121 999690 -1 -1 11908 0.0433922
Chain
	Aln	0	-HG004_ont_820_start_938212 84 14983 15000 +edge_1_0_+disjointig_1_0_999690 46568 61467 999690 -1 -1 11908 0.0433922
Chain
	Aln	1	+HG004_ont_821_start_171132 0 14986 15000 -edge_1_0_+disjointig_1_0_999690 171126 186112 999690 -1 -1 11956 0.0415309
Chain
	Aln	0	-HG004_ont_821_start_171132 13 14999 15000 +edge_1_0_+disjointig_1_0_999690 813577 828563 999690 -1 -1 11956 0.0415309
Chain
	Aln	1	+HG004_ont_822_start_835849 9 14981 15000 -edge_1_0_+disjointig_1_0_999690 835852 850824 999690 -1 -1 12349 0.0395284
Chain
	Aln	0	-HG004_ont_822_start_835849 18 14990 15000 +edge_1_0_+disjointig_1_0_999690 148865 163837 999690 -1 -1 12349 0.0395284
Chain
	Aln	1	+HG004_ont_823_start_691475 3 14984 15000 -edge_1_0_+disjointig_1_0_999690 691472 706453 999690 -1 -1 11998 0.0460562
Chain
	Aln	0	-HG004_ont_823_start_691475 15 14996 15000 +edge_1_0_+disjointig_1_0_999690 293236 308217 999690 -1 -1 11998 0.0460562
Chain
	Aln	1	+HG004_ont_824_start_635992 1 14978 15000 -edge_1_0_+disjointig_1_0_999690 635987 650964 999690 -1 -1 12684 0.0390653
Chain
	Aln	0	-HG004_ont_824_start_635992 21 14998 15000 +edge_1_0_+disjointig_1_0_999690 348725 363702 999690 -1 -1 12684 0.0390653
Chain
	Aln	1	+HG004_ont_825_start_212452 9 14946 15000 -edge_1_0_+disjointig_1_0_999690 212455 227392 999690 -1 -1 12452 0.039214
Chain
	Aln	0	-HG004_ont_825_start_212452 53 14990 15000 +edge_1_0_+disjointig_1_0_999690 772297 787234 999690 -1 -1 12452 0.039214
Chain
	Aln	1	+HG004_ont_826_start_694397 1 14998 15000 -edge_1_0_+disjointig_1_0_999690 694392 709389 999690 -1 -1 12335 0.0416138
Chain
	Aln	0	-HG004_ont_826_start_694397 1 14998 15000 +edge_1_0_+disjointig_1_0_999690 290300 305297 999690 -1 -1 12335 0.0416138
Chain
	Aln	1	+HG004_ont_827_start_369163 17 14998 15000 -edge_1_0_+disjointig_1_0_999690 369174 384155 999690 -1 -1 12373 0.0375669
Chain
	Aln	0	-HG004_ont_827_start_369163 1 14982 15000 +edge_1_0_+disjointig_1_0_999690 615534 630515 999690 -1 -1 12373 0.0375669
Chain
	Aln	1	+HG004_ont_828_start_483194 14 14983 15000 -edge_1_0_+disjointig_1_0_999690 483202 498171 999690 -1 -1 12032 0.0430438
Chain
	Aln	0	-HG004_ont_828_start_483194 16 14985 15000 +edge_1_0_+disjointig_1_0_999690 501518 516487 999690 -1 -1 12032 0.0430438
Chain
	Aln	1	+HG004_ont_829_start_423970 1 14998 15000 -edge_1_0_+disjointig_1_0_999690 423965 438962 999690 -1 -1 12305 0.0403386
Chain
	Aln	0	-HG004_ont_829_start_423970 1 14998 15000 +edge_1_0_+disjointig_1_0_999690 560727 575724 999690 -1 -1 12305 0.0403386
Chain
	Aln	1	+HG004_ont_830_start_709294 1 14998 15000 -edge_1_0_+disjointig_1_0_999690 709289 724286 999690 -1 -1 12303 0.0408548
Chain
	Aln	0	-HG004_ont_830_start_709294 1 14998 15000 +edge_1_0_+disjointig_1_0_999690 275403 290400 999690 -1 -1 12303 0.0408548
Chain
	Aln	1	+HG004_ont_831_start_219163 0 14994 15000 -edge_1_0_+disjointig_1_0_999690 219157 234151 999690 -1 -1 12426 0.0398846
Chain
	Aln	0	-HG004_ont_831_start_219163 5 14999 15000 +edge_1_0_+disjointig_1_0_999690 765538 780532 999690 -1 -1 12426 0.0398846
Chain
	Aln	1	+HG004_ont_832_start_856393 0 14942 15000 -edge_1_0_+disjointig_1_0_999690 856387 871329 999690 -1 -1 11817 0.0441842
Chain
	Aln	0	-HG004_ont_832_start_856393 57 14999 15000 +edge_1_0_+disjointig_1_0_999690 128360 143302 999690 -1 -1 11817 0.0441842
Chain
	Aln	1	+HG004_ont_833_start_438254 1 14998 15000 -edge_1_0_+disjointig_1_0_999690 438249 453246 999690 -1 -1 12392 0.0414152
Chain
	Aln	0	-HG004_ont_833_start_438254 1 14998 15000 +edge_1_0_+disjointig_1_0_999690 546443 561440 999690 -1 -1 12392 0.0414152
Chain
	Aln	1	+HG004_ont_834_start_338897 45 14998 15000 -edge_1_0_+disjointig_1_0_999690 338936 353889 999690 -1 -1 11958 0.0425414
Chain
	Aln	0	-HG004_ont_834_start_338897 1 14954 15000 +edge_1_0_+disjointig_1_0_999690 645800 660753 999690 -1 -1 11958 0.0425414
Chain
	Aln	1	+HG004_ont_835_start_173459 59 14998 15000 -edge_1_0_+disjointig_1_0_999690 173512 188451 999690 -1 -1 12275 0.0395989
Chain
	Aln	0	-HG004_ont_835_start_173459 1 14940 15000 +edge_1_0_+disjointig_1_0_999690 811238 826177 999690 -1 -1 12275 0.0395989
Chain
	Aln	1	+HG004_ont_836_start_818295 0 14990 15000 -edge_1_0_+disjointig_1_0_999690 818289 833279 999690 -1 -1 12242 0.0414353
Chain
	Aln	0	-HG004_ont_836_start_818295 9 14999 15000 +edge_1_0_+disjointig_1_0_999690 166410 181400 999690 -1 -1 12242 0.0414353
Chain
	Aln	1	+HG004_ont_837_start_627235 1 14993 15000 -edge_1_0_+disjointig_1_0_999690 627230 642222 999690 -1 -1 12079 0.0404593
Chain
	Aln	0	-HG004_ont_837_start_627235 6 14998 15000 +edge_1_0_+disjointig_1_0_999690 357467 372459 999690 -1 -1 12079 0.0404593
Chain
	Aln	1	+HG004_ont_838_start_658353 0 14998 15000 -edge_1_0_+disjointig_1_0_999690 658347 673345 999690 -1 -1 12287 0.0401094
Chain
	Aln	0	-HG004_ont_838_start_658353 1 14999 15000 +edge_1_0_+disjointig_1_0_999690 326344 341342 999690 -1 -1 12287 0.0401094
Chain
	Aln	1	+HG004_ont_839_start_426713 8 14987 15000 -edge_1_0_+disjointig_1_0_999690 426715 441694 999690 -1 -1 12242 0.0407606
Chain
	Aln	0	-HG004_ont_839_start_426713 12 14991 15000 +edge_1_0_+disjointig_1_0_999690 557995 572974 999690 -1 -1 12242 0.0407606
Chain
	Aln	1	+HG004_ont_840_start_17094 14 14987 15000 -edge_1_0_+disjointig_1_0_999690 17102 32075 999690 -1 -1 12441 0.0404316
Chain
	Aln	0	-HG004_ont_840_start_17094 12 14985 15000 +edge_1_0_+disjointig_1_0_999690 967614 982587 999690 -1 -1 12441 0.0404316
Chain
	Aln	1	+HG004_ont_841_start_224922 1 14998 15000 -edge_1_0_+disjointig_1_0_999690 224917 239914 999690 -1 -1 12427 0.0390295
Chain
	Aln	0	-HG004_ont_841_start_224922 1 14998 15000 +edge_1_0_+disjointig_1_0_999690 759775 774772 999690 -1 -1 12427 0.0390295
Chain
	Aln	1	+HG004_ont_842_start_931779 1 14998 15000 -edge_1_0_+disjointig_1_0_999690 931774 946771 999690 -1 -1 12136 0.0444087
Chain
	Aln	0	-HG004_ont_842_start_931779 1 14998 15000 +edge_1_0_+disjointig_1_0_999690 52918 67915 999690 -1 -1 12136 0.0444087
Chain
	Aln	1	+HG004_ont_843_start_803778 0 14995 15000 -edge_1_0_+disjointig_1_0_999690 803772 818767 999690 -1 -1 12322 0.0400743
Chain
	Aln	0	-HG004_ont_843_start_803778 4 14999 15000 +edge_1_0_+disjointig_1_0_999690 180922 195917 999690 -1 -1 12322 0.0400743
Chain
	Aln	1	+HG004_ont_844_start_469721 17 14998 15000 -edge_1_0_+disjointig_1_0_999690 469732 484713 999690 -1 -1 12327 0.0398568
Chain
	Aln	0	-HG004_ont_844_start_469721 1 14982 15000 +edge_1_0_+disjointig_1_0_999690 514976 529957 999690 -1 -1 12327 0.0398568
Chain
	Aln	1	+HG004_ont_845_start_426756 0 14911 15000 -edge_1_0_+disjointig_1_0_999690 426750 441661 999690 -1 -1 12325 0.0394731
Chain
	Aln	0	-HG004_ont_845_start_426756 88 14999 15000 +edge_1_0_+disjointig_1_0_999690 558028 572939 999690 -1 -1 12325 0.0394731
Chain
	Aln	1	+HG004_ont_846_start_611012 10 14972 15000 -edge_1_0_+disjointig_1_0_999690 611016 625978 999690 -1 -1 12209 0.0422292
Chain
	Aln	0	-HG004_ont_846_start_611012 27 14989 15000 +edge_1_0_+disjointig_1_0_999690 373711 388673 999690 -1 -1 12209 0.0422292
Chain
	Aln	1	+HG004_ont_847_start_952675 0 14964 15000 -edge_1_0_+disjointig_1_0_999690 952669 967633 999690 -1 -1 12512 0.0404665
Chain
	Aln	0	-HG004_ont_847_start_952675 35 14999 15000 +edge_1_0_+disjointig_1_0_999690 32056 47020 999690 -1 -1 12512 0.0404665
Chain
	Aln	1	+HG004_ont_848_start_903841 12 14998 15000 -edge_1_0_+disjointig_1_0_999690 903847 918833 999690 -1 -1 12466 0.0367815
Chain
	Aln	0	-HG004_ont_848_start_903841 1 14987 15000 +edge_1_0_+disjointig_1_0_999690 80856 95842 999690 -1 -1 12466 0.0367815
Chain
	Aln	1	+HG004_ont_849_start_196255 1 14998 15000 -edge_1_0_+disjointig_1_0_999690 196250 211247 999690 -1 -1 12362 0.0438605
Chain
	Aln	0	-HG004_ont_849_start_196255 1 14998 15000 +edge_1_0_+disjointig_1_0_999690 788442 803439 999690 -1 -1 12362 0.0438605
Chain
	Aln	1	+HG004_ont_850_start_851678 6 14995 15000 -edge_1_0_+disjointig_1_0_999690 851678 866667 999690 -1 -1 12070 0.0416541
Chain
	Aln	0	-HG004_ont_850_start_851678 4 14993 15000 +edge_1_0_+disjointig_1_0_999690 133022 148011 999690 -1 -1 12070 0.0416541
Chain
	Aln	1	+HG004_ont_851_start_736587 1 14984 15000 -edge_1_0_+disjointig_1_0_999690 736582 751565 999690 -1 -1 12614 0.0379253
Chain
	Aln	0	-HG004_ont_851_start_736587 15 14998 15000 +edge_1_0_+disjointig_1_0_999690 248124 263107 999690 -1 -1 12614 0.0379253
Chain
	Aln	1	+HG004_ont_853_start_375683 1 14984 15000 -edge_1_0_+disjointig_1_0_999690 375678 390661 999690 -1 -1 12188 0.0410754
Chain
	Aln	0	-HG004_ont_853_start_375683 15 14998 15000 +edge_1_0_+disjointig_1_0_999690 609028 624011 999690 -1 -1 12188 0.0410754
Chain
	Aln	1	+HG004_ont_852_start_37945 1 14998 15000 -edge_1_0_+disjointig_1_0_999690 37940 52937 999690 -1 -1 12187 0.0413914
Chain
	Aln	0	-HG004_ont_852_start_37945 1 14998 15000 +edge_1_0_+disjointig_1_0_999690 946752 961749 999690 -1 -1 12187 0.0413914
Chain
	Aln	1	+HG004_ont_854_start_230985 17 14988 15000 -edge_1_0_+disjointig_1_0_999690 230996 245967 999690 -1 -1 12427 0.0391716
Chain
	Aln	0	-HG004_ont_854_start_230985 11 14982 15000 +edge_1_0_+disjointig_1_0_999690 753722 768693 999690 -1 -1 12427 0.0391716
Chain
	Aln	1	+HG004_ont_855_start_936517 1 14976 15000 -edge_1_0_+disjointig_1_0_999690 936512 951487 999690 -1 -1 12138 0.0419507
Chain
	Aln	0	-HG004_ont_855_start_936517 23 14998 15000 +edge_1_0_+disjointig_1_0_999690 48202 63177 999690 -1 -1 12138 0.0419507
Chain
	Aln	1	+HG004_ont_856_start_155889 1 14984 15000 -edge_1_0_+disjointig_1_0_999690 155884 170867 999690 -1 -1 12673 0.0374856
Chain
	Aln	0	-HG004_ont_856_start_155889 15 14998 15000 +edge_1_0_+disjointig_1_0_999690 828822 843805 999690 -1 -1 12673 0.0374856
Chain
	Aln	1	+HG004_ont_857_start_287385 16 14998 15000 -edge_1_0_+disjointig_1_0_999690 287395 302377 999690 -1 -1 12312 0.0408509
Chain
	Aln	0	-HG004_ont_857_start_287385 1 14983 15000 +edge_1_0_+disjointig_1_0_999690 697312 712294 999690 -1 -1 12312 0.0408509
Chain
	Aln	1	+HG004_ont_858_start_92648 21 14998 15000 -edge_1_0_+disjointig_1_0_999690 92663 107640 999690 -1 -1 12187 0.0418225
Chain
	Aln	0	-HG004_ont_858_start_92648 1 14978 15000 +edge_1_0_+disjointig_1_0_999690 892049 907026 999690 -1 -1 12187 0.0418225
Chain
	Aln	1	+HG004_ont_859_start_838422 1 14968 15000 -edge_1_0_+disjointig_1_0_999690 838417 853384 999690 -1 -1 12255 0.042265
Chain
	Aln	0	-HG004_ont_859_start_838422 31 14998 15000 +edge_1_0_+disjointig_1_0_999690 146305 161272 999690 -1 -1 12255 0.042265
Chain
	Aln	1	+HG004_ont_860_start_469329 1 14998 15000 -edge_1_0_+disjointig_1_0_999690 469324 484321 999690 -1 -1 12314 0.0415263
Chain
	Aln	0	-HG004_ont_860_start_469329 1 14998 15000 +edge_1_0_+disjointig_1_0_999690 515368 530365 999690 -1 -1 12314 0.0415263
Chain
	Aln	1	+HG004_ont_861_start_450611 8 14998 15000 -edge_1_0_+disjointig_1_0_999690 450613 465603 999690 -1 -1 12126 0.0418495
Chain
	Aln	0	-HG004_ont_861_start_450611 1 14991 15000 +edge_1_0_+disjointig_1_0_999690 534086 549076 999690 -1 -1 12126 0.0418495
Chain
	Aln	1	+HG004_ont_862_start_338394 14 14998 15000 -edge_1_0_+disjointig_1_0_999690 338402 353386 999690 -1 -1 12490 0.0368324
Chain
	Aln	0	-HG004_ont_862_start_338394 1 14985 15000 +edge_1_0_+disjointig_1_0_999690 646303 661287 999690 -1 -1 12490 0.0368324
Chain
	Aln	1	+HG004_ont_863_start_229133 1 14998 15000 -edge_1_0_+disjointig_1_0_999690 229128 244125 999690 -1 -1 12174 0.0407371
Chain
	Aln	0	-HG004_ont_863_start_229133 1 14998 15000 +edge_1_0_+disjointig_1_0_999690 755564 770561 999690 -1 -1 12174 0.0407371
Chain
	Aln	1	+HG004_ont_864_start_933676 1 14998 15000 -edge_1_0_+disjointig_1_0_999690 933671 948668 999690 -1 -1 12026 0.0439929
Chain
	Aln	0	-HG004_ont_864_start_933676 1 14998 15000 +edge_1_0_+disjointig_1_0_999690 51021 66018 999690 -1 -1 12026 0.0439929
Chain
	Aln	1	+HG004_ont_866_start_89446 1 14998 15000 -edge_1_0_+disjointig_1_0_999690 89441 104438 999690 -1 -1 12289 0.0417253
Chain
	Aln	0	-HG004_ont_866_start_89446 1 14998 15000 +edge_1_0_+disjointig_1_0_999690 895251 910248 999690 -1 -1 12289 0.0417253
Chain
	Aln	1	+HG004_ont_865_start_403322 1 14987 15000 -edge_1_0_+disjointig_1_0_999690 403317 418303 999690 -1 -1 12340 0.038433
Chain
	Aln	0	-HG004_ont_865_start_403322 12 14998 15000 +edge_1_0_+disjointig_1_0_999690 581386 596372 999690 -1 -1 12340 0.038433
Chain
	Aln	1	+HG004_ont_867_start_467053 4 14972 15000 -edge_1_0_+disjointig_1_0_999690 467051 482019 999690 -1 -1 12327 0.0406781
Chain
	Aln	0	-HG004_ont_867_start_467053 27 14995 15000 +edge_1_0_+disjointig_1_0_999690 517670 532638 999690 -1 -1 12327 0.0406781
Chain
	Aln	1	+HG004_ont_868_start_606533 14 14991 15000 -edge_1_0_+disjointig_1_0_999690 606541 621518 999690 -1 -1 12338 0.0431897
Chain
	Aln	0	-HG004_ont_868_start_606533 8 14985 15000 +edge_1_0_+disjointig_1_0_999690 378171 393148 999690 -1 -1 12338 0.0431897
Chain
	Aln	1	+HG004_ont_869_start_956064 1 14998 15000 -edge_1_0_+disjointig_1_0_999690 956059 971056 999690 -1 -1 12523 0.0374663
Chain
	Aln	0	-HG004_ont_869_start_956064 1 14998 15000 +edge_1_0_+disjointig_1_0_999690 28633 43630 999690 -1 -1 12523 0.0374663
Chain
	Aln	1	+HG004_ont_870_start_269054 1 14981 15000 -edge_1_0_+disjointig_1_0_999690 269049 284029 999690 -1 -1 12324 0.0398761
Chain
	Aln	0	-HG004_ont_870_start_269054 18 14998 15000 +edge_1_0_+disjointig_1_0_999690 715660 730640 999690 -1 -1 12324 0.0398761
Chain
	Aln	1	+HG004_ont_871_start_424794 14 14998 15000 -edge_1_0_+disjointig_1_0_999690 424802 439786 999690 -1 -1 12369 0.0385686
Chain
	Aln	0	-HG004_ont_871_start_424794 1 14985 15000 +edge_1_0_+disjointig_1_0_999690 559903 574887 999690 -1 -1 12369 0.0385686
Chain
	Aln	1	+HG004_ont_872_start_267096 15 14998 15000 -edge_1_0_+disjointig_1_0_999690 267105 282088 999690 -1 -1 12704 0.0378506
Chain
	Aln	0	-HG004_ont_872_start_267096 1 14984 15000 +edge_1_0_+disjointig_1_0_999690 717601 732584 999690 -1 -1 12704 0.0378506
Chain
	Aln	1	+HG004_ont_873_start_3850 1 14991 15000 -edge_1_0_+disjointig_1_0_999690 3845 18835 999690 -1 -1 12618 0.0380427
Chain
	Aln	0	-HG004_ont_873_start_3850 8 14998 15000 +edge_1_0_+disjointig_1_0_999690 980854 995844 999690 -1 -1 12618 0.0380427
Chain
	Aln	1	+HG004_ont_874_start_428468 1 14973 15000 -edge_1_0_+disjointig_1_0_999690 428463 443435 999690 -1 -1 12255 0.0397596
Chain
	Aln	0	-HG004_ont_874_start_428468 26 14998 15000 +edge_1_0_+disjointig_1_0_999690 556254 571226 999690 -1 -1 12255 0.0397596
Chain
	Aln	1	+HG004_ont_876_start_725422 18 14989 15000 -edge_1_0_+disjointig_1_0_999690 725434 740405 999690 -1 -1 12392 0.0410599
Chain
	Aln	0	-HG004_ont_876_start_725422 10 14981 15000 +edge_1_0_+disjointig_1_0_999690 259284 274255 999690 -1 -1 12392 0.0410599
Chain
	Aln	1	+HG004_ont_875_start_132615 15 14998 15000 -edge_1_0_+disjointig_1_0_999690 132624 147607 999690 -1 -1 12115 0.0420383
Chain
	Aln	0	-HG004_ont_875_start_132615 1 14984 15000 +edge_1_0_+disjointig_1_0_999690 852082 867065 999690 -1 -1 12115 0.0420383
Chain
	Aln	1	+HG004_ont_877_start_262960 0 14991 15000 -edge_1_0_+disjointig_1_0_999690 262954 277945 999690 -1 -1 12112 0.0415823
Chain
	Aln	0	-HG004_ont_877_start_262960 8 14999 15000 +edge_1_0_+disjointig_1_0_999690 721744 736735 999690 -1 -1 12112 0.0415823
Chain
	Aln	1	+HG004_ont_878_start_258351 1 14998 15000 -edge_1_0_+disjointig_1_0_999690 258346 273343 999690 -1 -1 12065 0.0428848
Chain
	Aln	0	-HG004_ont_878_start_258351 1 14998 15000 +edge_1_0_+disjointig_1_0_999690 726346 741343 999690 -1 -1 12065 0.0428848
Chain
	Aln	1	+HG004_ont_880_start_874564 11 14993 15000 -edge_1_0_+disjointig_1_0_999690 874569 889551 999690 -1 -1 12331 0.0400776
Chain
	Aln	0	-HG004_ont_880_start_874564 6 14988 15000 +edge_1_0_+disjointig_1_0_999690 110138 125120 999690 -1 -1 12331 0.0400776
Chain
	Aln	1	+HG004_ont_879_start_715478 25 14998 15000 -edge_1_0_+disjointig_1_0_999690 715497 730470 999690 -1 -1 12271 0.0416471
Chain
	Aln	0	-HG004_ont_879_start_715478 1 14974 15000 +edge_1_0_+disjointig_1_0_999690 269219 284192 999690 -1 -1 12271 0.0416471
Chain
	Aln	1	+HG004_ont_882_start_657329 1 14980 15000 -edge_1_0_+disjointig_1_0_999690 657324 672303 999690 -1 -1 12381 0.0407999
Chain
	Aln	0	-HG004_ont_882_start_657329 19 14998 15000 +edge_1_0_+disjointig_1_0_999690 327386 342365 999690 -1 -1 12381 0.0407999
Chain
	Aln	1	+HG004_ont_881_start_684131 0 14952 15000 -edge_1_0_+disjointig_1_0_999690 684125 699077 999690 -1 -1 12273 0.0416763
Chain
	Aln	0	-HG004_ont_881_start_684131 47 14999 15000 +edge_1_0_+disjointig_1_0_999690 300612 315564 999690 -1 -1 12273 0.0416763
Chain
	Aln	1	+HG004_ont_884_start_687022 17 14998 15000 -edge_1_0_+disjointig_1_0_999690 687033 702014 999690 -1 -1 12126 0.040549
Chain
	Aln	0	-HG004_ont_884_start_687022 1 14982 15000 +edge_1_0_+disjointig_1_0_999690 297675 312656 999690 -1 -1 12126 0.040549
Chain
	Aln	1	+HG004_ont_883_start_31414 1 14989 15000 -edge_1_0_+disjointig_1_0_999690 31409 46397 999690 -1 -1 12348 0.040843
Chain
	Aln	0	-HG004_ont_883_start_31414 10 14998 15000 +edge_1_0_+disjointig_1_0_999690 953292 968280 999690 -1 -1 12348 0.040843
Chain
	Aln	1	+HG004_ont_886_start_231890 4 14998 15000 -edge_1_0_+disjointig_1_0_999690 231888 246882 999690 -1 -1 12270 0.0423791
Chain
	Aln	0	-HG004_ont_886_start_231890 1 14995 15000 +edge_1_0_+disjointig_1_0_999690 752807 767801 999690 -1 -1 12270 0.0423791
Chain
	Aln	1	+HG004_ont_885_start_102832 1 14998 15000 -edge_1_0_+disjointig_1_0_999690 102827 117824 999690 -1 -1 12412 0.0395112
Chain
	Aln	0	-HG004_ont_885_start_102832 1 14998 15000 +edge_1_0_+disjointig_1_0_999690 881865 896862 999690 -1 -1 12412 0.0395112
Chain
	Aln	1	+HG004_ont_887_start_873566 1 14974 15000 -edge_1_0_+disjointig_1_0_999690 873561 888534 999690 -1 -1 12251 0.0414242
Chain
	Aln	0	-HG004_ont_887_start_873566 25 14998 15000 +edge_1_0_+disjointig_1_0_999690 111155 126128 999690 -1 -1 12251 0.0414242
Chain
	Aln	1	+HG004_ont_889_start_712798 12 14998 15000 -edge_1_0_+disjointig_1_0_999690 712804 727790 999690 -1 -1 12182 0.0430616
Chain
	Aln	0	-HG004_ont_889_start_712798 1 14987 15000 +edge_1_0_+disjointig_1_0_999690 271899 286885 999690 -1 -1 12182 0.0430616
Chain
	Aln	1	+HG004_ont_888_start_282068 5 14998 15000 -edge_1_0_+disjointig_1_0_999690 282067 297060 999690 -1 -1 12667 0.0385284
Chain
	Aln	0	-HG004_ont_888_start_282068 1 14994 15000 +edge_1_0_+disjointig_1_0_999690 702629 717622 999690 -1 -1 12667 0.0385284
Chain
	Aln	1	+HG004_ont_890_start_605001 0 14998 15000 -edge_1_0_+disjointig_1_0_999690 604995 619993 999690 -1 -1 12360 0.0415462
Chain
	Aln	0	-HG004_ont_890_start_605001 1 14999 15000 +edge_1_0_+disjointig_1_0_999690 379696 394694 999690 -1 -1 12360 0.0415462
Chain
	Aln	1	+HG004_ont_891_start_16759 18 14998 15000 -edge_1_0_+disjointig_1_0_999690 16771 31751 999690 -1 -1 12238 0.0409218
Chain
	Aln	0	-HG004_ont_891_start_16759 1 14981 15000 +edge_1_0_+disjointig_1_0_999690 967938 982918 999690 -1 -1 12238 0.0409218
Chain
	Aln	1	+HG004_ont_893_start_547635 3 14998 15000 -edge_1_0_+disjointig_1_0_999690 547632 562627 999690 -1 -1 12261 0.0406744
Chain
	Aln	0	-HG004_ont_893_start_547635 1 14996 15000 +edge_1_0_+disjointig_1_0_999690 437062 452057 999690 -1 -1 12261 0.0406744
Chain
	Aln	1	+HG004_ont_894_start_239611 1 14998 15000 -edge_1_0_+disjointig_1_0_999690 239606 254603 999690 -1 -1 12665 0.0372443
Chain
	Aln	0	-HG004_ont_894_start_239611 1 14998 15000 +edge_1_0_+disjointig_1_0_999690 745086 760083 999690 -1 -1 12665 0.0372443
Chain
	Aln	1	+HG004_ont_892_start_112094 1 14998 15000 -edge_1_0_+disjointig_1_0_999690 112089 127086 999690 -1 -1 12311 0.0394268
Chain
	Aln	0	-HG004_ont_892_start_112094 1 14998 15000 +edge_1_0_+disjointig_1_0_999690 872603 887600 999690 -1 -1 12311 0.0394268
Chain
	Aln	1	+HG004_ont_895_start_326937 1 14998 15000 -edge_1_0_+disjointig_1_0_999690 326932 341929 999690 -1 -1 12240 0.0414787
Chain
	Aln	0	-HG004_ont_895_start_326937 1 14998 15000 +edge_1_0_+disjointig_1_0_999690 657760 672757 999690 -1 -1 12240 0.0414787
Chain
	Aln	1	+HG004_ont_896_start_579402 1 14998 15000 -edge_1_0_+disjointig_1_0_999690 579397 594394 999690 -1 -1 12056 0.0410357
Chain
	Aln	0	-HG004_ont_896_start_579402 1 14998 15000 +edge_1_0_+disjointig_1_0_999690 405295 420292 999690 -1 -1 12056 0.0410357
Chain
	Aln	1	+HG004_ont_897_start_719997 1 14977 15000 -edge_1_0_+disjointig_1_0_999690 719992 734968 999690 -1 -1 12199 0.0405841
Chain
	Aln	0	-HG004_ont_897_start_719997 22 14998 15000 +edge_1_0_+disjointig_1_0_999690 264721 279697 999690 -1 -1 12199 0.0405841
Chain
	Aln	1	+HG004_ont_898_start_836290 1 14998 15000 -edge_1_0_+disjointig_1_0_999690 836285 851282 999690 -1 -1 12397 0.0384083
Chain
	Aln	0	-HG004_ont_898_start_836290 1 14998 15000 +edge_1_0_+disjointig_1_0_999690 148407 163404 999690 -1 -1 12397 0.0384083
Chain
	Aln	1	+HG004_ont_899_start_829899 49 14987 15000 -edge_1_0_+disjointig_1_0_999690 829942 844880 999690 -1 -1 12320 0.0409933
Chain
	Aln	0	-HG004_ont_899_start_829899 12 14950 15000 +edge_1_0_+disjointig_1_0_999690 154809 169747 999690 -1 -1 12320 0.0409933
Chain
	Aln	1	+HG004_ont_900_start_757714 21 14998 15000 -edge_1_0_+disjointig_1_0_999690 757729 772706 999690 -1 -1 12179 0.0420147
Chain
	Aln	0	-HG004_ont_900_start_757714 1 14978 15000 +edge_1_0_+disjointig_1_0_999690 226983 241960 999690 -1 -1 12179 0.0420147
Chain
	Aln	1	+HG004_ont_901_start_169641 1 14998 15000 -edge_1_0_+disjointig_1_0_999690 169636 184633 999690 -1 -1 12374 0.0394345
Chain
	Aln	0	-HG004_ont_901_start_169641 1 14998 15000 +edge_1_0_+disjointig_1_0_999690 815056 830053 999690 -1 -1 12374 0.0394345
Chain
	Aln	1	+HG004_ont_902_start_205973 18 14984 15000 -edge_1_0_+disjointig_1_0_999690 205985 220951 999690 -1 -1 12080 0.0439541
Chain
	Aln	0	-HG004_ont_902_start_205973 15 14981 15000 +edge_1_0_+disjointig_1_0_999690 778738 793704 999690 -1 -1 12080 0.0439541
Chain
	Aln	1	+HG004_ont_903_start_773388 1 14998 15000 -edge_1_0_+disjointig_1_0_999690 773383 788380 999690 -1 -1 12238 0.0406118
Chain
	Aln	0	-HG004_ont_903_start_773388 1 14998 15000 +edge_1_0_+disjointig_1_0_999690 211309 226306 999690 -1 -1 12238 0.0406118
Chain
	Aln	1	+HG004_ont_904_start_62428 19 14977 15000 -edge_1_0_+disjointig_1_0_999690 62441 77399 999690 -1 -1 12296 0.0407566
Chain
	Aln	0	-HG004_ont_904_start_62428 22 14980 15000 +edge_1_0_+disjointig_1_0_999690 922290 937248 999690 -1 -1 12296 0.0407566
Chain
	Aln	1	+HG004_ont_905_start_526972 31 14995 15000 -edge_1_0_+disjointig_1_0_999690 526997 541961 999690 -1 -1 12467 0.0395739
Chain
	Aln	0	-HG004_ont_905_start_526972 4 14968 15000 +edge_1_0_+disjointig_1_0_999690 457728 472692 999690 -1 -1 12467 0.0395739
Chain
	Aln	1	+HG004_ont_906_start_345061 1 14998 15000 -edge_1_0_+disjointig_1_0_999690 345056 360053 999690 -1 -1 12396 0.0396342
Chain
	Aln	0	-HG004_ont_906_start_345061 1 14998 15000 +edge_1_0_+disjointig_1_0_999690 639636 654633 999690 -1 -1 12396 0.0396342
Chain
	Aln	1	+HG004_ont_907_start_587124 1 14998 15000 -edge_1_0_+disjointig_1_0_999690 587119 602116 999690 -1 -1 12382 0.0404867
Chain
	Aln	0	-HG004_ont_907_start_587124 1 14998 15000 +edge_1_0_+disjointig_1_0_999690 397573 412570 999690 -1 -1 12382 0.0404867
Chain
	Aln	1	+HG004_ont_908_start_750105 0 14998 15000 -edge_1_0_+disjointig_1_0_999690 750099 765097 999690 -1 -1 12373 0.0403114
Chain
	Aln	0	-HG004_ont_908_start_750105 1 14999 15000 +edge_1_0_+disjointig_1_0_999690 234592 249590 999690 -1 -1 12373 0.0403114
Chain
	Aln	1	+HG004_ont_909_start_940301 0 14979 15000 -edge_1_0_+disjointig_1_0_999690 940295 955274 999690 -1 -1 12336 0.0420467
Chain
	Aln	0	-HG004_ont_909_start_940301 20 14999 15000 +edge_1_0_+disjointig_1_0_999690 44415 59394 999690 -1 -1 12336 0.0420467
Chain
	Aln	1	+HG004_ont_910_start_215041 10 14998 15000 -edge_1_0_+disjointig_1_0_999690 215045 230033 999690 -1 -1 12506 0.0401089
Chain
	Aln	0	-HG004_ont_910_start_215041 1 14989 15000 +edge_1_0_+disjointig_1_0_999690 769656 784644 999690 -1 -1 12506 0.0401089
Chain
	Aln	1	+HG004_ont_911_start_821795 0 14998 15000 -edge_1_0_+disjointig_1_0_999690 821789 836787 999690 -1 -1 12148 0.0417053
Chain
	Aln	0	-HG004_ont_911_start_821795 1 14999 15000 +edge_1_0_+disjointig_1_0_999690 162902 177900 999690 -1 -1 12148 0.0417053
Chain
	Aln	1	+HG004_ont_912_start_501930 18 14990 15000 -edge_1_0_+disjointig_1_0_999690 501942 516914 999690 -1 -1 12160 0.040373
Chain
	Aln	0	-HG004_ont_912_start_501930 9 14981 15000 +edge_1_0_+disjointig_1_0_999690 482775 497747 999690 -1 -1 12160 0.040373
Chain
	Aln	1	+HG004_ont_913_start_600476 0 14998 15000 -edge_1_0_+disjointig_1_0_999690 600470 615468 999690 -1 -1 12352 0.0402258
Chain
	Aln	0	-HG004_ont_913_start_600476 1 14999 15000 +edge_1_0_+disjointig_1_0_999690 384221 399219 999690 -1 -1 12352 0.0402258
Chain
	Aln	1	+HG004_ont_914_start_571276 11 14952 15000 -edge_1_0_+disjointig_1_0_999690 571281 586222 999690 -1 -1 12251 0.0402901
Chain
	Aln	0	-HG004_ont_914_start_571276 47 14988 15000 +edge_1_0_+disjointig_1_0_999690 413467 428408 999690 -1 -1 12251 0.0402901
Chain
	Aln	1	+HG004_ont_915_start_99990 31 14998 15000 -edge_1_0_+disjointig_1_0_999690 100015 114982 999690 -1 -1 12319 0.0409889
Chain
	Aln	0	-HG004_ont_915_start_99990 1 14968 15000 +edge_1_0_+disjointig_1_0_999690 884707 899674 999690 -1 -1 12319 0.0409889
Chain
	Aln	1	+HG004_ont_916_start_595209 23 14975 15000 -edge_1_0_+disjointig_1_0_999690 595226 610178 999690 -1 -1 12291 0.0389136
Chain
	Aln	0	-HG004_ont_916_start_595209 24 14976 15000 +edge_1_0_+disjointig_1_0_999690 389511 404463 999690 -1 -1 12291 0.0389136
Chain
	Aln	1	+HG004_ont_917_start_153898 11 14913 15000 -edge_1_0_+disjointig_1_0_999690 153903 168805 999690 -1 -1 12298 0.0395226
Chain
	Aln	0	-HG004_ont_917_start_153898 86 14988 15000 +edge_1_0_+disjointig_1_0_999690 830884 845786 999690 -1 -1 12298 0.0395226
Chain
	Aln	1	+HG004_ont_918_start_227773 1 14995 15000 -edge_1_0_+disjointig_1_0_999690 227768 242762 999690 -1 -1 12258 0.0424759
Chain
	Aln	0	-HG004_ont_918_start_227773 4 14998 15000 +edge_1_0_+disjointig_1_0_999690 756927 771921 999690 -1 -1 12258 0.0424759
Chain
	Aln	1	+HG004_ont_919_start_552924 0 14998 15000 -edge_1_0_+disjointig_1_0_999690 552918 567916 999690 -1 -1 12387 0.0436581
Chain
	Aln	0	-HG004_ont_919_start_552924 1 14999 15000 +edge_1_0_+disjointig_1_0_999690 431773 446771 999690 -1 -1 12387 0.0436581
Chain
	Aln	1	+HG004_ont_921_start_249932 0 14994 15000 -edge_1_0_+disjointig_1_0_999690 249926 264920 999690 -1 -1 12166 0.0423146
Chain
	Aln	0	-HG004_ont_921_start_249932 5 14999 15000 +edge_1_0_+disjointig_1_0_999690 734769 749763 999690 -1 -1 12166 0.0423146
Chain
	Aln	1	+HG004_ont_920_start_34619 1 14998 15000 -edge_1_0_+disjointig_1_0_999690 34614 49611 999690 -1 -1 12340 0.0383555
Chain
	Aln	0	-HG004_ont_920_start_34619 1 14998 15000 +edge_1_0_+disjointig_1_0_999690 950078 965075 999690 -1 -1 12340 0.0383555
Chain
	Aln	1	+HG004_ont_922_start_808310 1 14973 15000 -edge_1_0_+disjointig_1_0_999690 808305 823277 999690 -1 -1 12373 0.0397133
Chain
	Aln	0	-HG004_ont_922_start_808310 26 14998 15000 +edge_1_0_+disjointig_1_0_999690 176412 191384 999690 -1 -1 12373 0.0397133
Chain
	Aln	1	+HG004_ont_924_start_447852 16 14998 15000 -edge_1_0_+disjointig_1_0_999690 447862 462844 999690 -1 -1 12080 0.0434883
Chain
	Aln	0	-HG004_ont_924_start_447852 1 14983 15000 +edge_1_0_+disjointig_1_0_999690 536845 551827 999690 -1 -1 12080 0.0434883
Chain
	Aln	1	+HG004_ont_923_start_198722 43 14968 15000 -edge_1_0_+disjointig_1_0_999690 198759 213684 999690 -1 -1 12122 0.040611
Chain
	Aln	0	-HG004_ont_923_start_198722 31 14956 15000 +edge_1_0_+disjointig_1_0_999690 786005 800930 999690 -1 -1 12122 0.040611
Chain
	Aln	1	+HG004_ont_925_start_187618 1 14987 15000 -edge_1_0_+disjointig_1_0_999690 187613 202599 999690 -1 -1 12327 0.0386522
Chain
	Aln	0	-HG004_ont_925_start_187618 12 14998 15000 +edge_1_0_+disjointig_1_0_999690 797090 812076 999690 -1 -1 12327 0.0386522
Chain
	Aln	1	+HG004_ont_926_start_857178 0 14991 15000 -edge_1_0_+disjointig_1_0_999690 857172 872163 999690 -1 -1 12701 0.0357902
Chain
	Aln	0	-HG004_ont_926_start_857178 8 14999 15000 +edge_1_0_+disjointig_1_0_999690 127526 142517 999690 -1 -1 12701 0.0357902
Chain
	Aln	1	+HG004_ont_928_start_876800 1 14977 15000 -edge_1_0_+disjointig_1_0_999690 876795 891771 999690 -1 -1 12176 0.0417786
Chain
	Aln	0	-HG004_ont_928_start_876800 22 14998 15000 +edge_1_0_+disjointig_1_0_999690 107918 122894 999690 -1 -1 12176 0.0417786
Chain
	Aln	1	+HG004_ont_927_start_242046 1 14992 15000 -edge_1_0_+disjointig_1_0_999690 242041 257032 999690 -1 -1 12427 0.0397416
Chain
	Aln	0	-HG004_ont_927_start_242046 7 14998 15000 +edge_1_0_+disjointig_1_0_999690 742657 757648 999690 -1 -1 12427 0.0397416
Chain
	Aln	1	+HG004_ont_929_start_349486 1 14998 15000 -edge_1_0_+disjointig_1_0_999690 349481 364478 999690 -1 -1 12313 0.0395343
Chain
	Aln	0	-HG004_ont_929_start_349486 1 14998 15000 +edge_1_0_+disjointig_1_0_999690 635211 650208 999690 -1 -1 12313 0.0395343
Chain
	Aln	1	+HG004_ont_930_start_533124 1 14984 15000 -edge_1_0_+disjointig_1_0_999690 533119 548102 999690 -1 -1 11782 0.0459954
Chain
	Aln	0	-HG004_ont_930_start_533124 15 14998 15000 +edge_1_0_+disjointig_1_0_999690 451587 466570 999690 -1 -1 11782 0.0459954
Chain
	Aln	1	+HG004_ont_931_start_883081 13 14984 15000 -edge_1_0_+disjointig_1_0_999690 883088 898059 999690 -1 -1 12279 0.0409416
Chain
	Aln	0	-HG004_ont_931_start_883081 15 14986 15000 +edge_1_0_+disjointig_1_0_999690 101630 116601 999690 -1 -1 12279 0.0409416
Chain
	Aln	1	+HG004_ont_933_start_370506 2 14992 15000 -edge_1_0_+disjointig_1_0_999690 370502 385492 999690 -1 -1 12255 0.0392156
Chain
	Aln	0	-HG004_ont_933_start_370506 7 14997 15000 +edge_1_0_+disjointig_1_0_999690 614197 629187 999690 -1 -1 12255 0.0392156
Chain
	Aln	1	+HG004_ont_932_start_4155 1 14998 15000 -edge_1_0_+disjointig_1_0_999690 4150 19147 999690 -1 -1 12362 0.0403931
Chain
	Aln	0	-HG004_ont_932_start_4155 1 14998 15000 +edge_1_0_+disjointig_1_0_999690 980542 995539 999690 -1 -1 12362 0.0403931
Chain
	Aln	1	+HG004_ont_934_start_146897 18 14998 15000 -edge_1_0_+disjointig_1_0_999690 146909 161889 999690 -1 -1 12118 0.0446264
Chain
	Aln	0	-HG004_ont_934_start_146897 1 14981 15000 +edge_1_0_+disjointig_1_0_999690 837800 852780 999690 -1 -1 12118 0.0446264
Chain
	Aln	1	+HG004_ont_935_start_443693 15 14986 15000 -edge_1_0_+disjointig_1_0_999690 443702 458673 999690 -1 -1 12411 0.0416711
Chain
	Aln	0	-HG004_ont_935_start_443693 13 14984 15000 +edge_1_0_+disjointig_1_0_999690 541016 555987 999690 -1 -1 12411 0.0416711
Chain
	Aln	1	+HG004_ont_936_start_305748 10 14998 15000 -edge_1_0_+disjointig_1_0_999690 305752 320740 999690 -1 -1 12550 0.0396451
Chain
	Aln	0	-HG004_ont_936_start_305748 1 14989 15000 +edge_1_0_+disjointig_1_0_999690 678949 693937 999690 -1 -1 12550 0.0396451
Chain
	Aln	1	+HG004_ont_937_start_66372 15 14991 15000 -edge_1_0_+disjointig_1_0_999690 66381 81357 999690 -1 -1 12440 0.0384843
Chain
	Aln	0	-HG004_ont_937_start_66372 8 14984 15000 +edge_1_0_+disjointig_1_0_999690 918332 933308 999690 -1 -1 12440 0.0384843
Chain
	Aln	1	+HG004_ont_938_start_487000 11 14988 15000 -edge_1_0_+disjointig_1_0_999690 487005 501982 999690 -1 -1 12124 0.0394327
Chain
	Aln	0	-HG004_ont_938_start_487000 11 14988 15000 +edge_1_0_+disjointig_1_0_999690 497707 512684 999690 -1 -1 12124 0.0394327
Chain
	Aln	1	+HG004_ont_939_start_92185 8 14991 15000 -edge_1_0_+disjointig_1_0_999690 92187 107170 999690 -1 -1 12371 0.0383081
Chain
	Aln	0	-HG004_ont_939_start_92185 8 14991 15000 +edge_1_0_+disjointig_1_0_999690 892519 907502 999690 -1 -1 12371 0.0383081
Chain
	Aln	1	+HG004_ont_940_start_209924 37 14998 15000 -edge_1_0_+disjointig_1_0_999690 209955 224916 999690 -1 -1 12124 0.0421367
Chain
	Aln	0	-HG004_ont_940_start_209924 1 14962 15000 +edge_1_0_+disjointig_1_0_999690 774773 789734 999690 -1 -1 12124 0.0421367
Chain
	Aln	1	+HG004_ont_941_start_770781 1 14985 15000 -edge_1_0_+disjointig_1_0_999690 770776 785760 999690 -1 -1 12172 0.0410794
Chain
	Aln	0	-HG004_ont_941_start_770781 14 14998 15000 +edge_1_0_+disjointig_1_0_999690 213929 228913 999690 -1 -1 12172 0.0410794
Chain
	Aln	1	+HG004_ont_942_start_401664 1 14969 15000 -edge_1_0_+disjointig_1_0_999690 401659 416627 999690 -1 -1 12076 0.0419072
Chain
	Aln	0	-HG004_ont_942_start_401664 30 14998 15000 +edge_1_0_+disjointig_1_0_999690 583062 598030 999690 -1 -1 12076 0.0419072
Chain
	Aln	1	+HG004_ont_943_start_16594 20 14998 15000 -edge_1_0_+disjointig_1_0_999690 16608 31586 999690 -1 -1 12250 0.0400697
Chain
	Aln	0	-HG004_ont_943_start_16594 1 14979 15000 +edge_1_0_+disjointig_1_0_999690 968103 983081 999690 -1 -1 12250 0.0400697
Chain
	Aln	1	+HG004_ont_944_start_566723 9 14998 15000 -edge_1_0_+disjointig_1_0_999690 566726 581715 999690 -1 -1 12336 0.0399423
Chain
	Aln	0	-HG004_ont_944_start_566723 1 14990 15000 +edge_1_0_+disjointig_1_0_999690 417974 432963 999690 -1 -1 12336 0.0399423
Chain
	Aln	1	+HG004_ont_945_start_472661 1 14998 15000 -edge_1_0_+disjointig_1_0_999690 472656 487653 999690 -1 -1 12309 0.0423344
Chain
	Aln	0	-HG004_ont_945_start_472661 1 14998 15000 +edge_1_0_+disjointig_1_0_999690 512036 527033 999690 -1 -1 12309 0.0423344
Chain
	Aln	1	+HG004_ont_946_start_224867 15 14987 15000 -edge_1_0_+disjointig_1_0_999690 224876 239848 999690 -1 -1 12087 0.0424784
Chain
	Aln	0	-HG004_ont_946_start_224867 12 14984 15000 +edge_1_0_+disjointig_1_0_999690 759841 774813 999690 -1 -1 12087 0.0424784
Chain
	Aln	1	+HG004_ont_948_start_282208 13 14998 15000 -edge_1_0_+disjointig_1_0_999690 282215 297200 999690 -1 -1 12069 0.0410123
Chain
	Aln	0	-HG004_ont_948_start_282208 1 14986 15000 +edge_1_0_+disjointig_1_0_999690 702489 717474 999690 -1 -1 12069 0.0410123
Chain
	Aln	1	+HG004_ont_947_start_574943 4 14985 15000 -edge_1_0_+disjointig_1_0_999690 574941 589922 999690 -1 -1 12599 0.0392415
Chain
	Aln	0	-HG004_ont_947_start_574943 14 14995 15000 +edge_1_0_+disjointig_1_0_999690 409767 424748 999690 -1 -1 12599 0.0392415
Chain
	Aln	1	+HG004_ont_949_start_245894 1 14979 15000 -edge_1_0_+disjointig_1_0_999690 245889 260867 999690 -1 -1 11915 0.0449802
Chain
	Aln	0	-HG004_ont_949_start_245894 20 14998 15000 +edge_1_0_+disjointig_1_0_999690 738822 753800 999690 -1 -1 11915 0.0449802
Chain
	Aln	1	+HG004_ont_950_start_635773 35 14975 15000 -edge_1_0_+disjointig_1_0_999690 635802 650742 999690 -1 -1 12147 0.0418692
Chain
	Aln	0	-HG004_ont_950_start_635773 24 14964 15000 +edge_1_0_+disjointig_1_0_999690 348947 363887 999690 -1 -1 12147 0.0418692
Chain
	Aln	1	+HG004_ont_951_start_469921 8 14957 15000 -edge_1_0_+disjointig_1_0_999690 469923 484872 999690 -1 -1 11893 0.0443789
Chain
	Aln	0	-HG004_ont_951_start_469921 42 14991 15000 +edge_1_0_+disjointig_1_0_999690 514817 529766 999690 -1 -1 11893 0.0443789
Chain
	Aln	1	+HG004_ont_953_start_578178 22 14998 15000 -edge_1_0_+disjointig_1_0_999690 578194 593170 999690 -1 -1 11996 0.0438939
Chain
	Aln	0	-HG004_ont_953_start_578178 1 14977 15000 +edge_1_0_+disjointig_1_0_999690 406519 421495 999690 -1 -1 11996 0.0438939
Chain
	Aln	1	+HG004_ont_952_start_370255 4 14977 15000 -edge_1_0_+disjointig_1_0_999690 370253 385226 999690 -1 -1 12108 0.0423127
Chain
	Aln	0	-HG004_ont_952_start_370255 22 14995 15000 +edge_1_0_+disjointig_1_0_999690 614463 629436 999690 -1 -1 12108 0.0423127
Chain
	Aln	1	+HG004_ont_954_start_240810 1 14998 15000 -edge_1_0_+disjointig_1_0_999690 240805 255802 999690 -1 -1 12221 0.0407449
Chain
	Aln	0	-HG004_ont_954_start_240810 1 14998 15000 +edge_1_0_+disjointig_1_0_999690 743887 758884 999690 -1 -1 12221 0.0407449
Chain
	Aln	1	+HG004_ont_955_start_616080 0 14998 15000 -edge_1_0_+disjointig_1_0_999690 616074 631072 999690 -1 -1 12269 0.0422739
Chain
	Aln	0	-HG004_ont_955_start_616080 1 14999 15000 +edge_1_0_+disjointig_1_0_999690 368617 383615 999690 -1 -1 12269 0.0422739
Chain
	Aln	1	+HG004_ont_956_start_884409 0 14996 15000 -edge_1_0_+disjointig_1_0_999690 884403 899399 999690 -1 -1 12024 0.0416656
Chain
	Aln	0	-HG004_ont_956_start_884409 3 14999 15000 +edge_1_0_+disjointig_1_0_999690 100290 115286 999690 -1 -1 12024 0.0416656
Chain
	Aln	1	+HG004_ont_957_start_777311 11 14998 15000 -edge_1_0_+disjointig_1_0_999690 777316 792303 999690 -1 -1 12411 0.0402215
Chain
	Aln	0	-HG004_ont_957_start_777311 1 14988 15000 +edge_1_0_+disjointig_1_0_999690 207386 222373 999690 -1 -1 12411 0.0402215
Chain
	Aln	1	+HG004_ont_958_start_178769 1 14978 15000 -edge_1_0_+disjointig_1_0_999690 178764 193741 999690 -1 -1 12069 0.0431651
Chain
	Aln	0	-HG004_ont_958_start_178769 21 14998 15000 +edge_1_0_+disjointig_1_0_999690 805948 820925 999690 -1 -1 12069 0.0431651
Chain
	Aln	1	+HG004_ont_959_start_828993 4 14998 15000 -edge_1_0_+disjointig_1_0_999690 828991 843985 999690 -1 -1 12227 0.0419532
Chain
	Aln	0	-HG004_ont_959_start_828993 1 14995 15000 +edge_1_0_+disjointig_1_0_999690 155704 170698 999690 -1 -1 12227 0.0419532
Chain
	Aln	1	+HG004_ont_960_start_44792 1 14998 15000 -edge_1_0_+disjointig_1_0_999690 44787 59784 999690 -1 -1 12335 0.0394882
Chain
	Aln	0	-HG004_ont_960_start_44792 1 14998 15000 +edge_1_0_+disjointig_1_0_999690 939905 954902 999690 -1 -1 12335 0.0394882
Chain
	Aln	1	+HG004_ont_961_start_201252 1 14998 15000 -edge_1_0_+disjointig_1_0_999690 201247 216244 999690 -1 -1 12379 0.0411383
Chain
	Aln	0	-HG004_ont_961_start_201252 1 14998 15000 +edge_1_0_+disjointig_1_0_999690 783445 798442 999690 -1 -1 12379 0.0411383
Chain
	Aln	1	+HG004_ont_962_start_257293 24 14998 15000 -edge_1_0_+disjointig_1_0_999690 257311 272285 999690 -1 -1 12286 0.041659
Chain
	Aln	0	-HG004_ont_962_start_257293 1 14975 15000 +edge_1_0_+disjointig_1_0_999690 727404 742378 999690 -1 -1 12286 0.041659
Chain
	Aln	1	+HG004_ont_964_start_236917 1 14997 15000 -edge_1_0_+disjointig_1_0_999690 236912 251908 999690 -1 -1 12455 0.0405375
Chain
	Aln	0	-HG004_ont_964_start_236917 2 14998 15000 +edge_1_0_+disjointig_1_0_999690 747781 762777 999690 -1 -1 12455 0.0405375
Chain
	Aln	1	+HG004_ont_963_start_161778 1 14966 15000 -edge_1_0_+disjointig_1_0_999690 161773 176738 999690 -1 -1 12527 0.0392399
Chain
	Aln	0	-HG004_ont_963_start_161778 33 14998 15000 +edge_1_0_+disjointig_1_0_999690 822951 837916 999690 -1 -1 12527 0.0392399
Chain
	Aln	1	+HG004_ont_965_start_574014 11 14998 15000 -edge_1_0_+disjointig_1_0_999690 574019 589006 999690 -1 -1 12394 0.0398571
Chain
	Aln	0	-HG004_ont_965_start_574014 1 14988 15000 +edge_1_0_+disjointig_1_0_999690 410683 425670 999690 -1 -1 12394 0.0398571
Chain
	Aln	1	+HG004_ont_966_start_633156 0 14990 15000 -edge_1_0_+disjointig_1_0_999690 633150 648140 999690 -1 -1 12258 0.0406783
Chain
	Aln	0	-HG004_ont_966_start_633156 9 14999 15000 +edge_1_0_+disjointig_1_0_999690 351549 366539 999690 -1 -1 12258 0.0406783
Chain
	Aln	1	+HG004_ont_968_start_971110 10 14998 15000 -edge_1_0_+disjointig_1_0_999690 971114 986102 999690 -1 -1 12472 0.0400004
Chain
	Aln	0	-HG004_ont_968_start_971110 1 14989 15000 +edge_1_0_+disjointig_1_0_999690 13587 28575 999690 -1 -1 12472 0.0400004
Chain
	Aln	1	+HG004_ont_967_start_305924 1 14998 15000 -edge_1_0_+disjointig_1_0_999690 305919 320916 999690 -1 -1 12154 0.0401442
Chain
	Aln	0	-HG004_ont_967_start_305924 1 14998 15000 +edge_1_0_+disjointig_1_0_999690 678773 693770 999690 -1 -1 12154 0.0401442
Chain
	Aln	1	+HG004_ont_969_start_236277 1 14983 15000 -edge_1_0_+disjointig_1_0_999690 236272 251254 999690 -1 -1 12385 0.037363
Chain
	Aln	0	-HG004_ont_969_start_236277 16 14998 15000 +edge_1_0_+disjointig_1_0_999690 748435 763417 999690 -1 -1 12385 0.037363
Chain
	Aln	1	+HG004_ont_970_start_964833 6 14998 15000 -edge_1_0_+disjointig_1_0_999690 964833 979825 999690 -1 -1 12200 0.0413956
Chain
	Aln	0	-HG004_ont_970_start_964833 1 14993 15000 +edge_1_0_+disjointig_1_0_999690 19864 34856 999690 -1 -1 12200 0.0413956
Chain
	Aln	1	+HG004_ont_971_start_845517 1 14992 15000 -edge_1_0_+disjointig_1_0_999690 845512 860503 999690 -1 -1 12263 0.040393
Chain
	Aln	0	-HG004_ont_971_start_845517 7 14998 15000 +edge_1_0_+disjointig_1_0_999690 139186 154177 999690 -1 -1 12263 0.040393
Chain
	Aln	1	+HG004_ont_972_start_261083 1 14983 15000 -edge_1_0_+disjointig_1_0_999690 261078 276060 999690 -1 -1 12300 0.0395753
Chain
	Aln	0	-HG004_ont_972_start_261083 16 14998 15000 +edge_1_0_+disjointig_1_0_999690 723629 738611 999690 -1 -1 12300 0.0395753
Chain
	Aln	1	+HG004_ont_973_start_741327 20 14969 15000 -edge_1_0_+disjointig_1_0_999690 741341 756290 999690 -1 -1 12300 0.0396924
Chain
	Aln	0	-HG004_ont_973_start_741327 30 14979 15000 +edge_1_0_+disjointig_1_0_999690 243399 258348 999690 -1 -1 12300 0.0396924
Chain
	Aln	1	+HG004_ont_974_start_188513 19 14998 15000 -edge_1_0_+disjointig_1_0_999690 188526 203505 999690 -1 -1 12365 0.0395559
Chain
	Aln	0	-HG004_ont_974_start_188513 1 14980 15000 +edge_1_0_+disjointig_1_0_999690 796184 811163 999690 -1 -1 12365 0.0395559
Chain
	Aln	1	+HG004_ont_975_start_802189 0 14937 15000 -edge_1_0_+disjointig_1_0_999690 802183 817120 999690 -1 -1 12335 0.0392524
Chain
	Aln	0	-HG004_ont_975_start_802189 62 14999 15000 +edge_1_0_+disjointig_1_0_999690 182569 197506 999690 -1 -1 12335 0.0392524
Chain
	Aln	1	+HG004_ont_976_start_153761 11 14998 15000 -edge_1_0_+disjointig_1_0_999690 153766 168753 999690 -1 -1 12476 0.0397182
Chain
	Aln	0	-HG004_ont_976_start_153761 1 14988 15000 +edge_1_0_+disjointig_1_0_999690 830936 845923 999690 -1 -1 12476 0.0397182
Chain
	Aln	1	+HG004_ont_977_start_886910 16 14990 15000 -edge_1_0_+disjointig_1_0_999690 886920 901894 999690 -1 -1 12228 0.0412298
Chain
	Aln	0	-HG004_ont_977_start_886910 9 14983 15000 +edge_1_0_+disjointig_1_0_999690 97795 112769 999690 -1 -1 12228 0.0412298
Chain
	Aln	1	+HG004_ont_978_start_484557 10 14998 15000 -edge_1_0_+disjointig_1_0_999690 484561 499549 999690 -1 -1 12534 0.039892
Chain
	Aln	0	-HG004_ont_978_start_484557 1 14989 15000 +edge_1_0_+disjointig_1_0_999690 500140 515128 999690 -1 -1 12534 0.039892
Chain
	Aln	1	+HG004_ont_979_start_192737 1 14998 15000 -edge_1_0_+disjointig_1_0_999690 192732 207729 999690 -1 -1 12342 0.0433665
Chain
	Aln	0	-HG004_ont_979_start_192737 1 14998 15000 +edge_1_0_+disjointig_1_0_999690 791960 806957 999690 -1 -1 12342 0.0433665
Chain
	Aln	1	+HG004_ont_980_start_563349 0 14998 15000 -edge_1_0_+disjointig_1_0_999690 563343 578341 999690 -1 -1 12262 0.0408037
Chain
	Aln	0	-HG004_ont_980_start_563349 1 14999 15000 +edge_1_0_+disjointig_1_0_999690 421348 436346 999690 -1 -1 12262 0.0408037
Chain
	Aln	1	+HG004_ont_981_start_69559 1 14988 15000 -edge_1_0_+disjointig_1_0_999690 69554 84541 999690 -1 -1 12448 0.0399345
Chain
	Aln	0	-HG004_ont_981_start_69559 11 14998 15000 +edge_1_0_+disjointig_1_0_999690 915148 930135 999690 -1 -1 12448 0.0399345
Chain
	Aln	1	+HG004_ont_982_start_319792 23 14998 15000 -edge_1_0_+disjointig_1_0_999690 319809 334784 999690 -1 -1 12357 0.0416071
Chain
	Aln	0	-HG004_ont_982_start_319792 1 14976 15000 +edge_1_0_+disjointig_1_0_999690 664905 679880 999690 -1 -1 12357 0.0416071
Chain
	Aln	1	+HG004_ont_983_start_757568 0 14981 15000 -edge_1_0_+disjointig_1_0_999690 757562 772543 999690 -1 -1 12137 0.0439384
Chain
	Aln	0	-HG004_ont_983_start_757568 18 14999 15000 +edge_1_0_+disjointig_1_0_999690 227146 242127 999690 -1 -1 12137 0.0439384
Chain
	Aln	1	+HG004_ont_984_start_527808 1 14998 15000 -edge_1_0_+disjointig_1_0_999690 527803 542800 999690 -1 -1 12175 0.0413597
Chain
	Aln	0	-HG004_ont_984_start_527808 1 14998 15000 +edge_1_0_+disjointig_1_0_999690 456889 471886 999690 -1 -1 12175 0.0413597
Chain
	Aln	1	+HG004_ont_985_start_618292 14 14973 15000 -edge_1_0_+disjointig_1_0_999690 618300 633259 999690 -1 -1 12365 0.0398477
Chain
	Aln	0	-HG004_ont_985_start_618292 26 14985 15000 +edge_1_0_+disjointig_1_0_999690 366430 381389 999690 -1 -1 12365 0.0398477
Chain
	Aln	1	+HG004_ont_986_start_247100 0 14994 15000 -edge_1_0_+disjointig_1_0_999690 247094 262088 999690 -1 -1 12414 0.0418652
Chain
	Aln	0	-HG004_ont_986_start_247100 5 14999 15000 +edge_1_0_+disjointig_1_0_999690 737601 752595 999690 -1 -1 12414 0.0418652
Chain
	Aln	1	+HG004_ont_987_start_675078 2 14984 15000 -edge_1_0_+disjointig_1_0_999690 675074 690056 999690 -1 -1 12455 0.0394908
Chain
	Aln	0	-HG004_ont_987_start_675078 15 14997 15000 +edge_1_0_+disjointig_1_0_999690 309633 324615 999690 -1 -1 12455 0.0394908
Chain
	Aln	1	+HG004_ont_988_start_29038 5 14998 15000 -edge_1_0_+disjointig_1_0_999690 29037 44030 999690 -1 -1 12304 0.0389757
Chain
	Aln	0	-HG004_ont_988_start_29038 1 14994 15000 +edge_1_0_+disjointig_1_0_999690 955659 970652 999690 -1 -1 12304 0.0389757
Chain
	Aln	1	+HG004_ont_989_start_140446 0 14998 15000 -edge_1_0_+disjointig_1_0_999690 140440 155438 999690 -1 -1 12433 0.0410949
Chain
	Aln	0	-HG004_ont_989_start_140446 1 14999 15000 +edge_1_0_+disjointig_1_0_999690 844251 859249 999690 -1 -1 12433 0.0410949
Chain
	Aln	1	+HG004_ont_991_start_982532 1 14998 15000 -edge_1_0_+disjointig_1_0_999690 982527 997524 999690 -1 -1 11923 0.0451223
Chain
	Aln	0	-HG004_ont_991_start_982532 1 14998 15000 +edge_1_0_+disjointig_1_0_999690 2165 17162 999690 -1 -1 11923 0.0451223
Chain
	Aln	1	+HG004_ont_990_start_546051 6 14998 15000 -edge_1_0_+disjointig_1_0_999690 546051 561043 999690 -1 -1 12616 0.0398922
Chain
	Aln	0	-HG004_ont_990_start_546051 1 14993 15000 +edge_1_0_+disjointig_1_0_999690 438646 453638 999690 -1 -1 12616 0.0398922
Chain
	Aln	1	+HG004_ont_992_start_135257 20 14998 15000 -edge_1_0_+disjointig_1_0_999690 135271 150249 999690 -1 -1 12221 0.0427127
Chain
	Aln	0	-HG004_ont_992_start_135257 1 14979 15000 +edge_1_0_+disjointig_1_0_999690 849440 864418 999690 -1 -1 12221 0.0427127
Chain
	Aln	1	+HG004_ont_993_start_491041 1 14998 15000 -edge_1_0_+disjointig_1_0_999690 491036 506033 999690 -1 -1 12263 0.0409177
Chain
	Aln	0	-HG004_ont_993_start_491041 1 14998 15000 +edge_1_0_+disjointig_1_0_999690 493656 508653 999690 -1 -1 12263 0.0409177
Chain
	Aln	1	+HG004_ont_994_start_648754 1 14998 15000 -edge_1_0_+disjointig_1_0_999690 648749 663746 999690 -1 -1 11993 0.0434732
Chain
	Aln	0	-HG004_ont_994_start_648754 1 14998 15000 +edge_1_0_+disjointig_1_0_999690 335943 350940 999690 -1 -1 11993 0.0434732
Chain
	Aln	1	+HG004_ont_995_start_65195 10 14998 15000 -edge_1_0_+disjointig_1_0_999690 65199 80187 999690 -1 -1 12078 0.0419697
Chain
	Aln	0	-HG004_ont_995_start_65195 1 14989 15000 +edge_1_0_+disjointig_1_0_999690 919502 934490 999690 -1 -1 12078 0.0419697
Chain
	Aln	1	+HG004_ont_996_start_714801 1 14998 15000 -edge_1_0_+disjointig_1_0_999690 714796 729793 999690 -1 -1 12296 0.0402841
Chain
	Aln	0	-HG004_ont_996_start_714801 1 14998 15000 +edge_1_0_+disjointig_1_0_999690 269896 284893 999690 -1 -1 12296 0.0402841
Chain
	Aln	1	+HG004_ont_997_start_635219 0 14987 15000 -edge_1_0_+disjointig_1_0_999690 635213 650200 999690 -1 -1 12517 0.0401438
Chain
	Aln	0	-HG004_ont_997_start_635219 12 14999 15000 +edge_1_0_+disjointig_1_0_999690 349489 364476 999690 -1 -1 12517 0.0401438
Chain
	Aln	1	+HG004_ont_998_start_465082 6 14998 15000 -edge_1_0_+disjointig_1_0_999690 465082 480074 999690 -1 -1 12399 0.0400858
Chain
	Aln	0	-HG004_ont_998_start_465082 1 14993 15000 +edge_1_0_+disjointig_1_0_999690 519615 534607 999690 -1 -1 12399 0.0400858
Chain
	Aln	1	+HG004_ont_999_start_465117 8 14998 15000 -edge_1_0_+disjointig_1_0_999690 465119 480109 999690 -1 -1 12425 0.0396298
Chain
	Aln	0	-HG004_ont_999_start_465117 1 14991 15000 +edge_1_0_+disjointig_1_0_999690 519580 534570 999690 -1 -1 12425 0.0396298
Chain
	Aln	1	+HG004_ont_1000_start_824551 4 14980 15000 -edge_1_0_+disjointig_1_0_999690 824549 839525 999690 -1 -1 12184 0.0428756
Chain
	Aln	0	-HG004_ont_1000_start_824551 19 14995 15000 +edge_1_0_+disjointig_1_0_999690 160164 175140 999690 -1 -1 12184 0.0428756
Chain
	Aln	1	+HG004_ont_1001_start_547500 1 14985 15000 -edge_1_0_+disjointig_1_0_999690 547495 562479 999690 -1 -1 12147 0.0428175
Chain
	Aln	0	-HG004_ont_1001_start_547500 14 14998 15000 +edge_1_0_+disjointig_1_0_999690 437210 452194 999690 -1 -1 12147 0.0428175
Chain
	Aln	1	+HG004_ont_1003_start_445586 19 14998 15000 -edge_1_0_+disjointig_1_0_999690 445599 460578 999690 -1 -1 12597 0.0401124
Chain
	Aln	0	-HG004_ont_1003_start_445586 1 14980 15000 +edge_1_0_+disjointig_1_0_999690 539111 554090 999690 -1 -1 12597 0.0401124
Chain
	Aln	1	+HG004_ont_1002_start_5 3 14998 15000 -edge_1_0_+disjointig_1_0_999690 2 14997 999690 -1 -1 12539 0.037935
Chain
	Aln	0	-HG004_ont_1002_start_5 1 14996 15000 +edge_1_0_+disjointig_1_0_999690 984692 999687 999690 -1 -1 12539 0.037935
Chain
	Aln	1	+HG004_ont_1004_start_239469 1 14998 15000 -edge_1_0_+disjointig_1_0_999690 239464 254461 999690 -1 -1 11959 0.0430966
Chain
	Aln	0	-HG004_ont_1004_start_239469 1 14998 15000 +edge_1_0_+disjointig_1_0_999690 745228 760225 999690 -1 -1 11959 0.0430966
Chain
	Aln	1	+HG004_ont_1005_start_378302 45 14998 15000 -edge_1_0_+disjointig_1_0_999690 378341 393294 999690 -1 -1 12231 0.040997
Chain
	Aln	0	-HG004_ont_1005_start_378302 1 14954 15000 +edge_1_0_+disjointig_1_0_999690 606395 621348 999690 -1 -1 12231 0.040997
Chain
	Aln	1	+HG004_ont_1006_start_437760 1 14998 15000 -edge_1_0_+disjointig_1_0_999690 437755 452752 999690 -1 -1 12492 0.039266
Chain
	Aln	0	-HG004_ont_1006_start_437760 1 14998 15000 +edge_1_0_+disjointig_1_0_999690 546937 561934 999690 -1 -1 12492 0.039266
Chain
	Aln	1	+HG004_ont_1007_start_275890 1 14991 15000 -edge_1_0_+disjointig_1_0_999690 275885 290875 999690 -1 -1 12214 0.0417856
Chain
	Aln	0	-HG004_ont_1007_start_275890 8 14998 15000 +edge_1_0_+disjointig_1_0_999690 708814 723804 999690 -1 -1 12214 0.0417856
Chain
	Aln	1	+HG004_ont_1008_start_368708 2 14998 15000 -edge_1_0_+disjointig_1_0_999690 368704 383700 999690 -1 -1 12400 0.040843
Chain
	Aln	0	-HG004_ont_1008_start_368708 1 14997 15000 +edge_1_0_+disjointig_1_0_999690 615989 630985 999690 -1 -1 12400 0.040843
Chain
	Aln	1	+HG004_ont_1009_start_473469 29 14988 15000 -edge_1_0_+disjointig_1_0_999690 473492 488451 999690 -1 -1 12122 0.0422738
Chain
	Aln	0	-HG004_ont_1009_start_473469 11 14970 15000 +edge_1_0_+disjointig_1_0_999690 511238 526197 999690 -1 -1 12122 0.0422738
Chain
	Aln	1	+HG004_ont_1010_start_388831 8 14998 15000 -edge_1_0_+disjointig_1_0_999690 388833 403823 999690 -1 -1 12137 0.0416341
Chain
	Aln	0	-HG004_ont_1010_start_388831 1 14991 15000 +edge_1_0_+disjointig_1_0_999690 595866 610856 999690 -1 -1 12137 0.0416341
Chain
	Aln	1	+HG004_ont_1011_start_851842 1 14987 15000 -edge_1_0_+disjointig_1_0_999690 851837 866823 999690 -1 -1 12286 0.0401943
Chain
	Aln	0	-HG004_ont_1011_start_851842 12 14998 15000 +edge_1_0_+disjointig_1_0_999690 132866 147852 999690 -1 -1 12286 0.0401943
Chain
	Aln	1	+HG004_ont_1012_start_933723 17 14998 15000 -edge_1_0_+disjointig_1_0_999690 933734 948715 999690 -1 -1 12393 0.0422394
Chain
	Aln	0	-HG004_ont_1012_start_933723 1 14982 15000 +edge_1_0_+disjointig_1_0_999690 50974 65955 999690 -1 -1 12393 0.0422394
Chain
	Aln	1	+HG004_ont_1013_start_916098 8 14998 15000 -edge_1_0_+disjointig_1_0_999690 916100 931090 999690 -1 -1 12321 0.0396914
Chain
	Aln	0	-HG004_ont_1013_start_916098 1 14991 15000 +edge_1_0_+disjointig_1_0_999690 68599 83589 999690 -1 -1 12321 0.0396914
Chain
	Aln	1	+HG004_ont_1014_start_500452 1 14998 15000 -edge_1_0_+disjointig_1_0_999690 500447 515444 999690 -1 -1 12391 0.0416775
Chain
	Aln	0	-HG004_ont_1014_start_500452 1 14998 15000 +edge_1_0_+disjointig_1_0_999690 484245 499242 999690 -1 -1 12391 0.0416775
Chain
	Aln	1	+HG004_ont_1015_start_774483 5 14992 15000 -edge_1_0_+disjointig_1_0_999690 774482 789469 999690 -1 -1 12185 0.0422629
Chain
	Aln	0	-HG004_ont_1015_start_774483 7 14994 15000 +edge_1_0_+disjointig_1_0_999690 210220 225207 999690 -1 -1 12185 0.0422629
Chain
	Aln	1	+HG004_ont_1016_start_11763 1 14991 15000 -edge_1_0_+disjointig_1_0_999690 11758 26748 999690 -1 -1 11912 0.0449177
Chain
	Aln	0	-HG004_ont_1016_start_11763 8 14998 15000 +edge_1_0_+disjointig_1_0_999690 972941 987931 999690 -1 -1 11912 0.0449177
Chain
	Aln	1	+HG004_ont_1017_start_510492 0 14998 15000 -edge_1_0_+disjointig_1_0_999690 510486 525484 999690 -1 -1 12465 0.0389877
Chain
	Aln	0	-HG004_ont_1017_start_510492 1 14999 15000 +edge_1_0_+disjointig_1_0_999690 474205 489203 999690 -1 -1 12465 0.0389877
Chain
	Aln	1	+HG004_ont_1018_start_217799 1 14998 15000 -edge_1_0_+disjointig_1_0_999690 217794 232791 999690 -1 -1 12398 0.0399892
Chain
	Aln	0	-HG004_ont_1018_start_217799 1 14998 15000 +edge_1_0_+disjointig_1_0_999690 766898 781895 999690 -1 -1 12398 0.0399892
Chain
	Aln	1	+HG004_ont_1019_start_664733 0 14985 15000 -edge_1_0_+disjointig_1_0_999690 664727 679712 999690 -1 -1 12180 0.0411465
Chain
	Aln	0	-HG004_ont_1019_start_664733 14 14999 15000 +edge_1_0_+disjointig_1_0_999690 319977 334962 999690 -1 -1 12180 0.0411465
Chain
	Aln	1	+HG004_ont_1020_start_573409 5 14998 15000 -edge_1_0_+disjointig_1_0_999690 573408 588401 999690 -1 -1 12097 0.04248
Chain
	Aln	0	-HG004_ont_1020_start_573409 1 14994 15000 +edge_1_0_+disjointig_1_0_999690 411288 426281 999690 -1 -1 12097 0.04248
Chain
	Aln	1	+HG004_ont_1021_start_214190 18 14985 15000 -edge_1_0_+disjointig_1_0_999690 214202 229169 999690 -1 -1 12134 0.0440411
Chain
	Aln	0	-HG004_ont_1021_start_214190 14 14981 15000 +edge_1_0_+disjointig_1_0_999690 770520 785487 999690 -1 -1 12134 0.0440411
Chain
	Aln	1	+HG004_ont_1022_start_961835 4 14998 15000 -edge_1_0_+disjointig_1_0_999690 961833 976827 999690 -1 -1 12345 0.0398923
Chain
	Aln	0	-HG004_ont_1022_start_961835 1 14995 15000 +edge_1_0_+disjointig_1_0_999690 22862 37856 999690 -1 -1 12345 0.0398923
Chain
	Aln	1	+HG004_ont_1023_start_684283 25 14998 15000 -edge_1_0_+disjointig_1_0_999690 684302 699275 999690 -1 -1 12113 0.0420151
Chain
	Aln	0	-HG004_ont_1023_start_684283 1 14974 15000 +edge_1_0_+disjointig_1_0_999690 300414 315387 999690 -1 -1 12113 0.0420151
Chain
	Aln	1	+HG004_ont_1024_start_822782 41 14998 15000 -edge_1_0_+disjointig_1_0_999690 822817 837774 999690 -1 -1 12419 0.0394233
Chain
	Aln	0	-HG004_ont_1024_start_822782 1 14958 15000 +edge_1_0_+disjointig_1_0_999690 161915 176872 999690 -1 -1 12419 0.0394233
Chain
	Aln	1	+HG004_ont_1025_start_571575 30 14990 15000 -edge_1_0_+disjointig_1_0_999690 571599 586559 999690 -1 -1 12264 0.0413969
Chain
	Aln	0	-HG004_ont_1025_start_571575 9 14969 15000 +edge_1_0_+disjointig_1_0_999690 413130 428090 999690 -1 -1 12264 0.0413969
Chain
	Aln	1	+HG004_ont_1026_start_686747 31 14998 15000 -edge_1_0_+disjointig_1_0_999690 686772 701739 999690 -1 -1 11920 0.0443577
Chain
	Aln	0	-HG004_ont_1026_start_686747 1 14968 15000 +edge_1_0_+disjointig_1_0_999690 297950 312917 999690 -1 -1 11920 0.0443577
Chain
	Aln	1	+HG004_ont_1027_start_898944 6 14998 15000 -edge_1_0_+disjointig_1_0_999690 898944 913936 999690 -1 -1 12294 0.0407802
Chain
	Aln	0	-HG004_ont_1027_start_898944 1 14993 15000 +edge_1_0_+disjointig_1_0_999690 85753 100745 999690 -1 -1 12294 0.0407802
Chain
	Aln	1	+HG004_ont_1028_start_239999 1 14998 15000 -edge_1_0_+disjointig_1_0_999690 239994 254991 999690 -1 -1 12707 0.0367001
Chain
	Aln	0	-HG004_ont_1028_start_239999 1 14998 15000 +edge_1_0_+disjointig_1_0_999690 744698 759695 999690 -1 -1 12707 0.0367001
Chain
	Aln	1	+HG004_ont_1029_start_311080 1 14982 15000 -edge_1_0_+disjointig_1_0_999690 311075 326056 999690 -1 -1 12332 0.039081
Chain
	Aln	0	-HG004_ont_1029_start_311080 17 14998 15000 +edge_1_0_+disjointig_1_0_999690 673633 688614 999690 -1 -1 12332 0.039081
Chain
	Aln	1	+HG004_ont_1030_start_176429 17 14989 15000 -edge_1_0_+disjointig_1_0_999690 176440 191412 999690 -1 -1 12510 0.0367559
Chain
	Aln	0	-HG004_ont_1030_start_176429 10 14982 15000 +edge_1_0_+disjointig_1_0_999690 808277 823249 999690 -1 -1 12510 0.0367559
Chain
	Aln	1	+HG004_ont_1031_start_612307 0 14995 15000 -edge_1_0_+disjointig_1_0_999690 612301 627296 999690 -1 -1 11789 0.0425202
Chain
	Aln	0	-HG004_ont_1031_start_612307 4 14999 15000 +edge_1_0_+disjointig_1_0_999690 372393 387388 999690 -1 -1 11789 0.0425202
Chain
	Aln	1	+HG004_ont_1032_start_172329 0 14998 15000 -edge_1_0_+disjointig_1_0_999690 172323 187321 999690 -1 -1 12387 0.0404516
Chain
	Aln	0	-HG004_ont_1032_start_172329 1 14999 15000 +edge_1_0_+disjointig_1_0_999690 812368 827366 999690 -1 -1 12387 0.0404516
Chain
	Aln	1	+HG004_ont_1033_start_747160 0 14987 15000 -edge_1_0_+disjointig_1_0_999690 747154 762141 999690 -1 -1 12350 0.040074
Chain
	Aln	0	-HG004_ont_1033_start_747160 12 14999 15000 +edge_1_0_+disjointig_1_0_999690 237548 252535 999690 -1 -1 12350 0.040074
Chain
	Aln	1	+HG004_ont_1035_start_373373 1 14998 15000 -edge_1_0_+disjointig_1_0_999690 373368 388365 999690 -1 -1 12627 0.0378831
Chain
	Aln	0	-HG004_ont_1035_start_373373 1 14998 15000 +edge_1_0_+disjointig_1_0_999690 611324 626321 999690 -1 -1 12627 0.0378831
Chain
	Aln	1	+HG004_ont_1034_start_137375 1 14998 15000 -edge_1_0_+disjointig_1_0_999690 137370 152367 999690 -1 -1 12353 0.0383781
Chain
	Aln	0	-HG004_ont_1034_start_137375 1 14998 15000 +edge_1_0_+disjointig_1_0_999690 847322 862319 999690 -1 -1 12353 0.0383781
Chain
	Aln	1	+HG004_ont_1036_start_564991 0 14970 15000 -edge_1_0_+disjointig_1_0_999690 564985 579955 999690 -1 -1 12452 0.0389768
Chain
	Aln	0	-HG004_ont_1036_start_564991 29 14999 15000 +edge_1_0_+disjointig_1_0_999690 419734 434704 999690 -1 -1 12452 0.0389768
Chain
	Aln	1	+HG004_ont_1037_start_131790 1 14992 15000 -edge_1_0_+disjointig_1_0_999690 131785 146776 999690 -1 -1 12428 0.0411068
Chain
	Aln	0	-HG004_ont_1037_start_131790 7 14998 15000 +edge_1_0_+disjointig_1_0_999690 852913 867904 999690 -1 -1 12428 0.0411068
Chain
	Aln	1	+HG004_ont_1038_start_646824 6 14998 15000 -edge_1_0_+disjointig_1_0_999690 646824 661816 999690 -1 -1 12108 0.0472269
Chain
	Aln	0	-HG004_ont_1038_start_646824 1 14993 15000 +edge_1_0_+disjointig_1_0_999690 337873 352865 999690 -1 -1 12108 0.0472269
Chain
	Aln	1	+HG004_ont_1039_start_708796 3 14991 15000 -edge_1_0_+disjointig_1_0_999690 708793 723781 999690 -1 -1 12663 0.0378179
Chain
	Aln	0	-HG004_ont_1039_start_708796 8 14996 15000 +edge_1_0_+disjointig_1_0_999690 275908 290896 999690 -1 -1 12663 0.0378179
Chain
	Aln	1	+HG004_ont_1040_start_700407 19 14960 15000 -edge_1_0_+disjointig_1_0_999690 700420 715361 999690 -1 -1 12213 0.0436818
Chain
	Aln	0	-HG004_ont_1040_start_700407 39 14980 15000 +edge_1_0_+disjointig_1_0_999690 284328 299269 999690 -1 -1 12213 0.0436818
Chain
	Aln	1	+HG004_ont_1041_start_842001 9 14998 15000 -edge_1_0_+disjointig_1_0_999690 842004 856993 999690 -1 -1 12343 0.0415188
Chain
	Aln	0	-HG004_ont_1041_start_842001 1 14990 15000 +edge_1_0_+disjointig_1_0_999690 142696 157685 999690 -1 -1 12343 0.0415188
Chain
	Aln	1	+HG004_ont_1042_start_62515 23 14998 15000 -edge_1_0_+disjointig_1_0_999690 62532 77507 999690 -1 -1 12110 0.0428228
Chain
	Aln	0	-HG004_ont_1042_start_62515 1 14976 15000 +edge_1_0_+disjointig_1_0_999690 922182 937157 999690 -1 -1 12110 0.0428228
Chain
	Aln	1	+HG004_ont_1043_start_255139 11 14980 15000 -edge_1_0_+disjointig_1_0_999690 255144 270113 999690 -1 -1 12067 0.0422406
Chain
	Aln	0	-HG004_ont_1043_start_255139 19 14988 15000 +edge_1_0_+disjointig_1_0_999690 729576 744545 999690 -1 -1 12067 0.0422406
Chain
	Aln	1	+HG004_ont_1044_start_302283 7 14998 15000 -edge_1_0_+disjointig_1_0_999690 302284 317275 999690 -1 -1 12286 0.0419815
Chain
	Aln	0	-HG004_ont_1044_start_302283 1 14992 15000 +edge_1_0_+disjointig_1_0_999690 682414 697405 999690 -1 -1 12286 0.0419815
Chain
	Aln	1	+HG004_ont_1045_start_923623 25 14998 15000 -edge_1_0_+disjointig_1_0_999690 923642 938615 999690 -1 -1 12239 0.0413924
Chain
	Aln	0	-HG004_ont_1045_start_923623 1 14974 15000 +edge_1_0_+disjointig_1_0_999690 61074 76047 999690 -1 -1 12239 0.0413924
Chain
	Aln	1	+HG004_ont_1046_start_873331 1 14998 15000 -edge_1_0_+disjointig_1_0_999690 873326 888323 999690 -1 -1 12486 0.0389457
Chain
	Aln	0	-HG004_ont_1046_start_873331 1 14998 15000 +edge_1_0_+disjointig_1_0_999690 111366 126363 999690 -1 -1 12486 0.0389457
Chain
	Aln	1	+HG004_ont_1047_start_514269 17 14962 15000 -edge_1_0_+disjointig_1_0_999690 514280 529225 999690 -1 -1 11991 0.0439462
Chain
	Aln	0	-HG004_ont_1047_start_514269 37 14982 15000 +edge_1_0_+disjointig_1_0_999690 470464 485409 999690 -1 -1 11991 0.0439462
Chain
	Aln	1	+HG004_ont_1048_start_665954 0 14994 15000 -edge_1_0_+disjointig_1_0_999690 665948 680942 999690 -1 -1 12183 0.0404047
Chain
	Aln	0	-HG004_ont_1048_start_665954 5 14999 15000 +edge_1_0_+disjointig_1_0_999690 318747 333741 999690 -1 -1 12183 0.0404047
Chain
	Aln	1	+HG004_ont_1049_start_832196 14 14987 15000 -edge_1_0_+disjointig_1_0_999690 832204 847177 999690 -1 -1 12197 0.0417269
Chain
	Aln	0	-HG004_ont_1049_start_832196 12 14985 15000 +edge_1_0_+disjointig_1_0_999690 152512 167485 999690 -1 -1 12197 0.0417269
Chain
	Aln	1	+HG004_ont_1050_start_473056 11 14998 15000 -edge_1_0_+disjointig_1_0_999690 473061 488048 999690 -1 -1 12117 0.0449312
Chain
	Aln	0	-HG004_ont_1050_start_473056 1 14988 15000 +edge_1_0_+disjointig_1_0_999690 511641 526628 999690 -1 -1 12117 0.0449312
Chain
	Aln	1	+HG004_ont_1051_start_371111 1 14998 15000 -edge_1_0_+disjointig_1_0_999690 371106 386103 999690 -1 -1 12119 0.0427061
Chain
	Aln	0	-HG004_ont_1051_start_371111 1 14998 15000 +edge_1_0_+disjointig_1_0_999690 613586 628583 999690 -1 -1 12119 0.0427061
Chain
	Aln	1	+HG004_ont_1052_start_182583 1 14998 15000 -edge_1_0_+disjointig_1_0_999690 182578 197575 999690 -1 -1 12179 0.041965
Chain
	Aln	0	-HG004_ont_1052_start_182583 1 14998 15000 +edge_1_0_+disjointig_1_0_999690 802114 817111 999690 -1 -1 12179 0.041965
Chain
	Aln	1	+HG004_ont_1053_start_333296 4 14998 15000 -edge_1_0_+disjointig_1_0_999690 333294 348288 999690 -1 -1 12291 0.0410634
Chain
	Aln	0	-HG004_ont_1053_start_333296 1 14995 15000 +edge_1_0_+disjointig_1_0_999690 651401 666395 999690 -1 -1 12291 0.0410634
Chain
	Aln	1	+HG004_ont_1054_start_62007 1 14934 15000 -edge_1_0_+disjointig_1_0_999690 62002 76935 999690 -1 -1 12213 0.0419541
Chain
	Aln	0	-HG004_ont_1054_start_62007 65 14998 15000 +edge_1_0_+disjointig_1_0_999690 922754 937687 999690 -1 -1 12213 0.0419541
Chain
	Aln	1	+HG004_ont_1055_start_415087 27 14979 15000 -edge_1_0_+disjointig_1_0_999690 415108 430060 999690 -1 -1 12567 0.0387614
Chain
	Aln	0	-HG004_ont_1055_start_415087 20 14972 15000 +edge_1_0_+disjointig_1_0_999690 569629 584581 999690 -1 -1 12567 0.0387614
Chain
	Aln	1	+HG004_ont_1056_start_857154 10 14985 15000 -edge_1_0_+disjointig_1_0_999690 857158 872133 999690 -1 -1 12024 0.0413289
Chain
	Aln	0	-HG004_ont_1056_start_857154 14 14989 15000 +edge_1_0_+disjointig_1_0_999690 127556 142531 999690 -1 -1 12024 0.0413289
Chain
	Aln	1	+HG004_ont_1057_start_970848 17 14998 15000 -edge_1_0_+disjointig_1_0_999690 970859 985840 999690 -1 -1 12381 0.0404317
Chain
	Aln	0	-HG004_ont_1057_start_970848 1 14982 15000 +edge_1_0_+disjointig_1_0_999690 13849 28830 999690 -1 -1 12381 0.0404317
Chain
	Aln	1	+HG004_ont_1058_start_253245 1 14998 15000 -edge_1_0_+disjointig_1_0_999690 253240 268237 999690 -1 -1 12638 0.0393732
Chain
	Aln	0	-HG004_ont_1058_start_253245 1 14998 15000 +edge_1_0_+disjointig_1_0_999690 731452 746449 999690 -1 -1 12638 0.0393732
Chain
	Aln	1	+HG004_ont_1059_start_54242 1 14980 15000 -edge_1_0_+disjointig_1_0_999690 54237 69216 999690 -1 -1 12218 0.0413287
Chain
	Aln	0	-HG004_ont_1059_start_54242 19 14998 15000 +edge_1_0_+disjointig_1_0_999690 930473 945452 999690 -1 -1 12218 0.0413287
Chain
	Aln	1	+HG004_ont_1061_start_723751 0 14998 15000 -edge_1_0_+disjointig_1_0_999690 723745 738743 999690 -1 -1 12232 0.0418011
Chain
	Aln	0	-HG004_ont_1061_start_723751 1 14999 15000 +edge_1_0_+disjointig_1_0_999690 260946 275944 999690 -1 -1 12232 0.0418011
Chain
	Aln	1	+HG004_ont_1060_start_6545 1 14993 15000 -edge_1_0_+disjointig_1_0_999690 6540 21532 999690 -1 -1 12269 0.0412293
Chain
	Aln	0	-HG004_ont_1060_start_6545 6 14998 15000 +edge_1_0_+disjointig_1_0_999690 978157 993149 999690 -1 -1 12269 0.0412293
Chain
	Aln	1	+HG004_ont_1062_start_810368 0 14998 15000 -edge_1_0_+disjointig_1_0_999690 810362 825360 999690 -1 -1 12272 0.0402258
Chain
	Aln	0	-HG004_ont_1062_start_810368 1 14999 15000 +edge_1_0_+disjointig_1_0_999690 174329 189327 999690 -1 -1 12272 0.0402258
Chain
	Aln	1	+HG004_ont_1063_start_745021 0 14998 15000 -edge_1_0_+disjointig_1_0_999690 745015 760013 999690 -1 -1 12306 0.0404594
Chain
	Aln	0	-HG004_ont_1063_start_745021 1 14999 15000 +edge_1_0_+disjointig_1_0_999690 239676 254674 999690 -1 -1 12306 0.0404594
Chain
	Aln	1	+HG004_ont_1064_start_678787 1 14991 15000 -edge_1_0_+disjointig_1_0_999690 678782 693772 999690 -1 -1 12254 0.0419776
Chain
	Aln	0	-HG004_ont_1064_start_678787 8 14998 15000 +edge_1_0_+disjointig_1_0_999690 305917 320907 999690 -1 -1 12254 0.0419776
Chain
	Aln	1	+HG004_ont_1065_start_180023 4 14998 15000 -edge_1_0_+disjointig_1_0_999690 180021 195015 999690 -1 -1 12435 0.0403112
Chain
	Aln	0	-HG004_ont_1065_start_180023 1 14995 15000 +edge_1_0_+disjointig_1_0_999690 804674 819668 999690 -1 -1 12435 0.0403112
Chain
	Aln	1	+HG004_ont_1066_start_784032 4 14998 15000 -edge_1_0_+disjointig_1_0_999690 784030 799024 999690 -1 -1 12532 0.040179
Chain
	Aln	0	-HG004_ont_1066_start_784032 1 14995 15000 +edge_1_0_+disjointig_1_0_999690 200665 215659 999690 -1 -1 12532 0.040179
Chain
	Aln	1	+HG004_ont_1067_start_957709 1 14998 15000 -edge_1_0_+disjointig_1_0_999690 957704 972701 999690 -1 -1 11908 0.041957
Chain
	Aln	0	-HG004_ont_1067_start_957709 1 14998 15000 +edge_1_0_+disjointig_1_0_999690 26988 41985 999690 -1 -1 11908 0.041957
Chain
	Aln	1	+HG004_ont_1069_start_33202 4 14998 15000 -edge_1_0_+disjointig_1_0_999690 33200 48194 999690 -1 -1 12196 0.0420734
Chain
	Aln	0	-HG004_ont_1069_start_33202 1 14995 15000 +edge_1_0_+disjointig_1_0_999690 951495 966489 999690 -1 -1 12196 0.0420734
Chain
	Aln	1	+HG004_ont_1068_start_61639 1 14993 15000 -edge_1_0_+disjointig_1_0_999690 61634 76626 999690 -1 -1 12324 0.0397995
Chain
	Aln	0	-HG004_ont_1068_start_61639 6 14998 15000 +edge_1_0_+disjointig_1_0_999690 923063 938055 999690 -1 -1 12324 0.0397995
Chain
	Aln	1	+HG004_ont_1070_start_829717 1 14998 15000 -edge_1_0_+disjointig_1_0_999690 829712 844709 999690 -1 -1 12333 0.0398732
Chain
	Aln	0	-HG004_ont_1070_start_829717 1 14998 15000 +edge_1_0_+disjointig_1_0_999690 154980 169977 999690 -1 -1 12333 0.0398732
Chain
	Aln	1	+HG004_ont_1071_start_181852 1 14986 15000 -edge_1_0_+disjointig_1_0_999690 181847 196832 999690 -1 -1 12430 0.0405647
Chain
	Aln	0	-HG004_ont_1071_start_181852 13 14998 15000 +edge_1_0_+disjointig_1_0_999690 802857 817842 999690 -1 -1 12430 0.0405647
Chain
	Aln	1	+HG004_ont_1073_start_386920 1 14974 15000 -edge_1_0_+disjointig_1_0_999690 386915 401888 999690 -1 -1 12217 0.0390725
Chain
	Aln	0	-HG004_ont_1073_start_386920 25 14998 15000 +edge_1_0_+disjointig_1_0_999690 597801 612774 999690 -1 -1 12217 0.0390725
Chain
	Aln	1	+HG004_ont_1072_start_461268 21 14998 15000 -edge_1_0_+disjointig_1_0_999690 461283 476260 999690 -1 -1 12461 0.0393023
Chain
	Aln	0	-HG004_ont_1072_start_461268 1 14978 15000 +edge_1_0_+disjointig_1_0_999690 523429 538406 999690 -1 -1 12461 0.0393023
Chain
	Aln	1	+HG004_ont_1074_start_803895 2 14988 15000 -edge_1_0_+disjointig_1_0_999690 803891 818877 999690 -1 -1 12535 0.0373343
Chain
	Aln	0	-HG004_ont_1074_start_803895 11 14997 15000 +edge_1_0_+disjointig_1_0_999690 180812 195798 999690 -1 -1 12535 0.0373343
Chain
	Aln	1	+HG004_ont_1075_start_470076 1 14985 15000 -edge_1_0_+disjointig_1_0_999690 470071 485055 999690 -1 -1 12543 0.0395601
Chain
	Aln	0	-HG004_ont_1075_start_470076 14 14998 15000 +edge_1_0_+disjointig_1_0_999690 514634 529618 999690 -1 -1 12543 0.0395601
Chain
	Aln	1	+HG004_ont_1077_start_837314 1 14960 15000 -edge_1_0_+disjointig_1_0_999690 837309 852268 999690 -1 -1 12369 0.0422174
Chain
	Aln	0	-HG004_ont_1077_start_837314 39 14998 15000 +edge_1_0_+disjointig_1_0_999690 147421 162380 999690 -1 -1 12369 0.0422174
Chain
	Aln	1	+HG004_ont_1076_start_11055 10 14998 15000 -edge_1_0_+disjointig_1_0_999690 11059 26047 999690 -1 -1 12289 0.0418177
Chain
	Aln	0	-HG004_ont_1076_start_11055 1 14989 15000 +edge_1_0_+disjointig_1_0_999690 973642 988630 999690 -1 -1 12289 0.0418177
Chain
	Aln	1	+HG004_ont_1078_start_953033 16 14998 15000 -edge_1_0_+disjointig_1_0_999690 953043 968025 999690 -1 -1 12524 0.0422192
Chain
	Aln	0	-HG004_ont_1078_start_953033 1 14983 15000 +edge_1_0_+disjointig_1_0_999690 31664 46646 999690 -1 -1 12524 0.0422192
Chain
	Aln	1	+HG004_ont_1079_start_658508 0 14992 15000 -edge_1_0_+disjointig_1_0_999690 658502 673494 999690 -1 -1 12096 0.0433961
Chain
	Aln	0	-HG004_ont_1079_start_658508 7 14999 15000 +edge_1_0_+disjointig_1_0_999690 326195 341187 999690 -1 -1 12096 0.0433961
Chain
	Aln	1	+HG004_ont_1080_start_631635 9 14985 15000 -edge_1_0_+disjointig_1_0_999690 631638 646614 999690 -1 -1 12555 0.039069
Chain
	Aln	0	-HG004_ont_1080_start_631635 14 14990 15000 +edge_1_0_+disjointig_1_0_999690 353075 368051 999690 -1 -1 12555 0.039069
Chain
	Aln	1	+HG004_ont_1081_start_435280 13 14977 15000 -edge_1_0_+disjointig_1_0_999690 435287 450251 999690 -1 -1 12193 0.0413412
Chain
	Aln	0	-HG004_ont_1081_start_435280 22 14986 15000 +edge_1_0_+disjointig_1_0_999690 549438 564402 999690 -1 -1 12193 0.0413412
Chain
	Aln	1	+HG004_ont_1082_start_333292 13 14970 15000 -edge_1_0_+disjointig_1_0_999690 333299 348256 999690 -1 -1 12573 0.0387354
Chain
	Aln	0	-HG004_ont_1082_start_333292 29 14986 15000 +edge_1_0_+disjointig_1_0_999690 651433 666390 999690 -1 -1 12573 0.0387354
Chain
	Aln	1	+HG004_ont_1083_start_892759 0 14980 15000 -edge_1_0_+disjointig_1_0_999690 892753 907733 999690 -1 -1 12469 0.037089
Chain
	Aln	0	-HG004_ont_1083_start_892759 19 14999 15000 +edge_1_0_+disjointig_1_0_999690 91956 106936 999690 -1 -1 12469 0.037089
Chain
	Aln	1	+HG004_ont_1084_start_589275 1 14937 15000 -edge_1_0_+disjointig_1_0_999690 589270 604206 999690 -1 -1 12323 0.0392177
Chain
	Aln	0	-HG004_ont_1084_start_589275 62 14998 15000 +edge_1_0_+disjointig_1_0_999690 395483 410419 999690 -1 -1 12323 0.0392177
Chain
	Aln	1	+HG004_ont_1085_start_543911 11 14983 15000 -edge_1_0_+disjointig_1_0_999690 543916 558888 999690 -1 -1 12131 0.0427704
Chain
	Aln	0	-HG004_ont_1085_start_543911 16 14988 15000 +edge_1_0_+disjointig_1_0_999690 440801 455773 999690 -1 -1 12131 0.0427704
Chain
	Aln	1	+HG004_ont_1086_start_61055 14 14986 15000 -edge_1_0_+disjointig_1_0_999690 61063 76035 999690 -1 -1 12163 0.0421236
Chain
	Aln	0	-HG004_ont_1086_start_61055 13 14985 15000 +edge_1_0_+disjointig_1_0_999690 923654 938626 999690 -1 -1 12163 0.0421236
Chain
	Aln	1	+HG004_ont_1087_start_703732 0 14998 15000 -edge_1_0_+disjointig_1_0_999690 703726 718724 999690 -1 -1 12370 0.0419769
Chain
	Aln	0	-HG004_ont_1087_start_703732 1 14999 15000 +edge_1_0_+disjointig_1_0_999690 280965 295963 999690 -1 -1 12370 0.0419769
Chain
	Aln	1	+HG004_ont_1088_start_825795 13 14987 15000 -edge_1_0_+disjointig_1_0_999690 825802 840776 999690 -1 -1 12061 0.0423086
Chain
	Aln	0	-HG004_ont_1088_start_825795 12 14986 15000 +edge_1_0_+disjointig_1_0_999690 158913 173887 999690 -1 -1 12061 0.0423086
Chain
	Aln	1	+HG004_ont_1089_start_19968 16 14961 15000 -edge_1_0_+disjointig_1_0_999690 19978 34923 999690 -1 -1 12172 0.0411792
Chain
	Aln	0	-HG004_ont_1089_start_19968 38 14983 15000 +edge_1_0_+disjointig_1_0_999690 964766 979711 999690 -1 -1 12172 0.0411792
Chain
	Aln	1	+HG004_ont_1091_start_332163 1 14998 15000 -edge_1_0_+disjointig_1_0_999690 332158 347155 999690 -1 -1 12184 0.0430884
Chain
	Aln	0	-HG004_ont_1091_start_332163 1 14998 15000 +edge_1_0_+disjointig_1_0_999690 652534 667531 999690 -1 -1 12184 0.0430884
Chain
	Aln	1	+HG004_ont_1090_start_839419 17 14997 15000 -edge_1_0_+disjointig_1_0_999690 839430 854410 999690 -1 -1 12606 0.0369048
Chain
	Aln	0	-HG004_ont_1090_start_839419 2 14982 15000 +edge_1_0_+disjointig_1_0_999690 145279 160259 999690 -1 -1 12606 0.0369048
Chain
	Aln	1	+HG004_ont_1092_start_12810 1 14992 15000 -edge_1_0_+disjointig_1_0_999690 12805 27796 999690 -1 -1 12053 0.0402839
Chain
	Aln	0	-HG004_ont_1092_start_12810 7 14998 15000 +edge_1_0_+disjointig_1_0_999690 971893 986884 999690 -1 -1 12053 0.0402839
Chain
	Aln	1	+HG004_ont_1093_start_907232 4 14998 15000 -edge_1_0_+disjointig_1_0_999690 907230 922224 999690 -1 -1 12510 0.0399774
Chain
	Aln	0	-HG004_ont_1093_start_907232 1 14995 15000 +edge_1_0_+disjointig_1_0_999690 77465 92459 999690 -1 -1 12510 0.0399774
Chain
	Aln	1	+HG004_ont_1094_start_163448 26 14998 15000 -edge_1_0_+disjointig_1_0_999690 163468 178440 999690 -1 -1 12311 0.0385972
Chain
	Aln	0	-HG004_ont_1094_start_163448 1 14973 15000 +edge_1_0_+disjointig_1_0_999690 821249 836221 999690 -1 -1 12311 0.0385972
Chain
	Aln	1	+HG004_ont_1095_start_579577 15 14987 15000 -edge_1_0_+disjointig_1_0_999690 579586 594558 999690 -1 -1 12215 0.0406938
Chain
	Aln	0	-HG004_ont_1095_start_579577 12 14984 15000 +edge_1_0_+disjointig_1_0_999690 405131 420103 999690 -1 -1 12215 0.0406938
Chain
	Aln	1	+HG004_ont_1096_start_728170 33 14988 15000 -edge_1_0_+disjointig_1_0_999690 728197 743152 999690 -1 -1 12357 0.0391546
Chain
	Aln	0	-HG004_ont_1096_start_728170 11 14966 15000 +edge_1_0_+disjointig_1_0_999690 256537 271492 999690 -1 -1 12357 0.0391546
Chain
	Aln	1	+HG004_ont_1097_start_61558 3 14979 15000 -edge_1_0_+disjointig_1_0_999690 61555 76531 999690 -1 -1 12045 0.0404121
Chain
	Aln	0	-HG004_ont_1097_start_61558 20 14996 15000 +edge_1_0_+disjointig_1_0_999690 923158 938134 999690 -1 -1 12045 0.0404121
Chain
	Aln	1	+HG004_ont_1098_start_459636 12 14981 15000 -edge_1_0_+disjointig_1_0_999690 459642 474611 999690 -1 -1 12073 0.0424505
Chain
	Aln	0	-HG004_ont_1098_start_459636 18 14987 15000 +edge_1_0_+disjointig_1_0_999690 525078 540047 999690 -1 -1 12073 0.0424505
Chain
	Aln	1	+HG004_ont_1099_start_27563 6 14988 15000 -edge_1_0_+disjointig_1_0_999690 27563 42545 999690 -1 -1 12384 0.0400388
Chain
	Aln	0	-HG004_ont_1099_start_27563 11 14993 15000 +edge_1_0_+disjointig_1_0_999690 957144 972126 999690 -1 -1 12384 0.0400388
Chain
	Aln	1	+HG004_ont_1100_start_280167 22 14998 15000 -edge_1_0_+disjointig_1_0_999690 280183 295159 999690 -1 -1 12429 0.0385675
Chain
	Aln	0	-HG004_ont_1100_start_280167 1 14977 15000 +edge_1_0_+disjointig_1_0_999690 704530 719506 999690 -1 -1 12429 0.0385675
Chain
	Aln	1	+HG004_ont_1101_start_574124 1 14970 15000 -edge_1_0_+disjointig_1_0_999690 574119 589088 999690 -1 -1 12572 0.0385475
Chain
	Aln	0	-HG004_ont_1101_start_574124 29 14998 15000 +edge_1_0_+disjointig_1_0_999690 410601 425570 999690 -1 -1 12572 0.0385475
Chain
	Aln	1	+HG004_ont_1102_start_361053 12 14997 15000 -edge_1_0_+disjointig_1_0_999690 361059 376044 999690 -1 -1 12201 0.0438216
Chain
	Aln	0	-HG004_ont_1102_start_361053 2 14987 15000 +edge_1_0_+disjointig_1_0_999690 623645 638630 999690 -1 -1 12201 0.0438216
Chain
	Aln	1	+HG004_ont_1103_start_679066 1 14982 15000 -edge_1_0_+disjointig_1_0_999690 679061 694042 999690 -1 -1 12097 0.0420465
Chain
	Aln	0	-HG004_ont_1103_start_679066 17 14998 15000 +edge_1_0_+disjointig_1_0_999690 305647 320628 999690 -1 -1 12097 0.0420465
Chain
	Aln	1	+HG004_ont_1104_start_761790 1 14998 15000 -edge_1_0_+disjointig_1_0_999690 761785 776782 999690 -1 -1 12013 0.0425281
Chain
	Aln	0	-HG004_ont_1104_start_761790 1 14998 15000 +edge_1_0_+disjointig_1_0_999690 222907 237904 999690 -1 -1 12013 0.0425281
Chain
	Aln	1	+HG004_ont_1105_start_99228 1 14998 15000 -edge_1_0_+disjointig_1_0_999690 99223 114220 999690 -1 -1 12481 0.0384988
Chain
	Aln	0	-HG004_ont_1105_start_99228 1 14998 15000 +edge_1_0_+disjointig_1_0_999690 885469 900466 999690 -1 -1 12481 0.0384988
Chain
	Aln	1	+HG004_ont_1106_start_418363 11 14998 15000 -edge_1_0_+disjointig_1_0_999690 418368 433355 999690 -1 -1 12453 0.0398958
Chain
	Aln	0	-HG004_ont_1106_start_418363 1 14988 15000 +edge_1_0_+disjointig_1_0_999690 566334 581321 999690 -1 -1 12453 0.0398958
Chain
	Aln	1	+HG004_ont_1107_start_592066 1 14982 15000 -edge_1_0_+disjointig_1_0_999690 592061 607042 999690 -1 -1 12400 0.04091
Chain
	Aln	0	-HG004_ont_1107_start_592066 17 14998 15000 +edge_1_0_+disjointig_1_0_999690 392647 407628 999690 -1 -1 12400 0.04091
Chain
	Aln	1	+HG004_ont_1108_start_845384 38 14998 15000 -edge_1_0_+disjointig_1_0_999690 845416 860376 999690 -1 -1 12250 0.041381
Chain
	Aln	0	-HG004_ont_1108_start_845384 1 14961 15000 +edge_1_0_+disjointig_1_0_999690 139313 154273 999690 -1 -1 12250 0.041381
Chain
	Aln	1	+HG004_ont_1109_start_896054 3 14996 15000 -edge_1_0_+disjointig_1_0_999690 896051 911044 999690 -1 -1 12289 0.03958
Chain
	Aln	0	-HG004_ont_1109_start_896054 3 14996 15000 +edge_1_0_+disjointig_1_0_999690 88645 103638 999690 -1 -1 12289 0.03958
Chain
	Aln	1	+HG004_ont_1110_start_530706 2 14998 15000 -edge_1_0_+disjointig_1_0_999690 530702 545698 999690 -1 -1 12691 0.0368134
Chain
	Aln	0	-HG004_ont_1110_start_530706 1 14997 15000 +edge_1_0_+disjointig_1_0_999690 453991 468987 999690 -1 -1 12691 0.0368134
Chain
	Aln	1	+HG004_ont_1111_start_244206 7 14998 15000 -edge_1_0_+disjointig_1_0_999690 244207 259198 999690 -1 -1 12393 0.0398806
Chain
	Aln	0	-HG004_ont_1111_start_244206 1 14992 15000 +edge_1_0_+disjointig_1_0_999690 740491 755482 999690 -1 -1 12393 0.0398806
Chain
	Aln	1	+HG004_ont_1112_start_334684 18 14998 15000 -edge_1_0_+disjointig_1_0_999690 334696 349676 999690 -1 -1 12345 0.0391
Chain
	Aln	0	-HG004_ont_1112_start_334684 1 14981 15000 +edge_1_0_+disjointig_1_0_999690 650013 664993 999690 -1 -1 12345 0.0391
Chain
	Aln	1	+HG004_ont_1113_start_734941 1 14997 15000 -edge_1_0_+disjointig_1_0_999690 734936 749932 999690 -1 -1 12428 0.039877
Chain
	Aln	0	-HG004_ont_1113_start_734941 2 14998 15000 +edge_1_0_+disjointig_1_0_999690 249757 264753 999690 -1 -1 12428 0.039877
Chain
	Aln	1	+HG004_ont_1114_start_42132 7 14998 15000 -edge_1_0_+disjointig_1_0_999690 42133 57124 999690 -1 -1 12470 0.0401517
Chain
	Aln	0	-HG004_ont_1114_start_42132 1 14992 15000 +edge_1_0_+disjointig_1_0_999690 942565 957556 999690 -1 -1 12470 0.0401517
Chain
	Aln	1	+HG004_ont_1115_start_299878 12 14998 15000 -edge_1_0_+disjointig_1_0_999690 299884 314870 999690 -1 -1 12246 0.0411346
Chain
	Aln	0	-HG004_ont_1115_start_299878 1 14987 15000 +edge_1_0_+disjointig_1_0_999690 684819 699805 999690 -1 -1 12246 0.0411346
Chain
	Aln	1	+HG004_ont_1116_start_362370 1 14998 15000 -edge_1_0_+disjointig_1_0_999690 362365 377362 999690 -1 -1 12381 0.0387711
Chain
	Aln	0	-HG004_ont_1116_start_362370 1 14998 15000 +edge_1_0_+disjointig_1_0_999690 622327 637324 999690 -1 -1 12381 0.0387711
Chain
	Aln	1	+HG004_ont_1117_start_930742 27 14998 15000 -edge_1_0_+disjointig_1_0_999690 930763 945734 999690 -1 -1 11965 0.0429455
Chain
	Aln	0	-HG004_ont_1117_start_930742 1 14972 15000 +edge_1_0_+disjointig_1_0_999690 53955 68926 999690 -1 -1 11965 0.0429455
Chain
	Aln	1	+HG004_ont_1118_start_184889 1 14996 15000 -edge_1_0_+disjointig_1_0_999690 184884 199879 999690 -1 -1 12286 0.039611
Chain
	Aln	0	-HG004_ont_1118_start_184889 3 14998 15000 +edge_1_0_+disjointig_1_0_999690 799810 814805 999690 -1 -1 12286 0.039611
Chain
	Aln	1	+HG004_ont_1119_start_85188 40 14998 15000 -edge_1_0_+disjointig_1_0_999690 85222 100180 999690 -1 -1 12294 0.0402711
Chain
	Aln	0	-HG004_ont_1119_start_85188 1 14959 15000 +edge_1_0_+disjointig_1_0_999690 899509 914467 999690 -1 -1 12294 0.0402711
Chain
	Aln	1	+HG004_ont_1120_start_466632 17 14961 15000 -edge_1_0_+disjointig_1_0_999690 466643 481587 999690 -1 -1 12349 0.040037
Chain
	Aln	0	-HG004_ont_1120_start_466632 38 14982 15000 +edge_1_0_+disjointig_1_0_999690 518102 533046 999690 -1 -1 12349 0.040037
Chain
	Aln	1	+HG004_ont_1121_start_715437 14 14987 15000 -edge_1_0_+disjointig_1_0_999690 715445 730418 999690 -1 -1 12600 0.0375132
Chain
	Aln	0	-HG004_ont_1121_start_715437 12 14985 15000 +edge_1_0_+disjointig_1_0_999690 269271 284244 999690 -1 -1 12600 0.0375132
Chain
	Aln	1	+HG004_ont_1122_start_925897 0 14982 15000 -edge_1_0_+disjointig_1_0_999690 925891 940873 999690 -1 -1 12523 0.039583
Chain
	Aln	0	-HG004_ont_1122_start_925897 17 14999 15000 +edge_1_0_+disjointig_1_0_999690 58816 73798 999690 -1 -1 12523 0.039583
Chain
	Aln	1	+HG004_ont_1123_start_110964 18 14992 15000 -edge_1_0_+disjointig_1_0_999690 110976 125950 999690 -1 -1 12316 0.0405371
Chain
	Aln	0	-HG004_ont_1123_start_110964 7 14981 15000 +edge_1_0_+disjointig_1_0_999690 873739 888713 999690 -1 -1 12316 0.0405371
Chain
	Aln	1	+HG004_ont_1124_start_552010 2 14994 15000 -edge_1_0_+disjointig_1_0_999690 552006 566998 999690 -1 -1 12511 0.0376547
Chain
	Aln	0	-HG004_ont_1124_start_552010 5 14997 15000 +edge_1_0_+disjointig_1_0_999690 432691 447683 999690 -1 -1 12511 0.0376547
Chain
	Aln	1	+HG004_ont_1125_start_84028 1 14978 15000 -edge_1_0_+disjointig_1_0_999690 84023 99000 999690 -1 -1 12662 0.0370698
Chain
	Aln	0	-HG004_ont_1125_start_84028 21 14998 15000 +edge_1_0_+disjointig_1_0_999690 900689 915666 999690 -1 -1 12662 0.0370698
Chain
	Aln	1	+HG004_ont_1126_start_404014 1 14996 15000 -edge_1_0_+disjointig_1_0_999690 404009 419004 999690 -1 -1 12163 0.0441759
Chain
	Aln	0	-HG004_ont_1126_start_404014 3 14998 15000 +edge_1_0_+disjointig_1_0_999690 580685 595680 999690 -1 -1 12163 0.0441759
Chain
	Aln	1	+HG004_ont_1127_start_747479 0 14998 15000 -edge_1_0_+disjointig_1_0_999690 747473 762471 999690 -1 -1 12042 0.0419129
Chain
	Aln	0	-HG004_ont_1127_start_747479 1 14999 15000 +edge_1_0_+disjointig_1_0_999690 237218 252216 999690 -1 -1 12042 0.0419129
Chain
	Aln	1	+HG004_ont_1129_start_238222 1 14981 15000 -edge_1_0_+disjointig_1_0_999690 238217 253197 999690 -1 -1 12492 0.0381084
Chain
	Aln	0	-HG004_ont_1129_start_238222 18 14998 15000 +edge_1_0_+disjointig_1_0_999690 746492 761472 999690 -1 -1 12492 0.0381084
Chain
	Aln	1	+HG004_ont_1128_start_483259 5 14993 15000 -edge_1_0_+disjointig_1_0_999690 483258 498246 999690 -1 -1 12430 0.0384861
Chain
	Aln	0	-HG004_ont_1128_start_483259 6 14994 15000 +edge_1_0_+disjointig_1_0_999690 501443 516431 999690 -1 -1 12430 0.0384861
Chain
	Aln	1	+HG004_ont_1131_start_645081 1 14973 15000 -edge_1_0_+disjointig_1_0_999690 645076 660048 999690 -1 -1 12311 0.0420914
Chain
	Aln	0	-HG004_ont_1131_start_645081 26 14998 15000 +edge_1_0_+disjointig_1_0_999690 339641 354613 999690 -1 -1 12311 0.0420914
Chain
	Aln	1	+HG004_ont_1130_start_41616 1 14998 15000 -edge_1_0_+disjointig_1_0_999690 41611 56608 999690 -1 -1 12413 0.0401209
Chain
	Aln	0	-HG004_ont_1130_start_41616 1 14998 15000 +edge_1_0_+disjointig_1_0_999690 943081 958078 999690 -1 -1 12413 0.0401209
Chain
	Aln	1	+HG004_ont_1132_start_837385 1 14992 15000 -edge_1_0_+disjointig_1_0_999690 837380 852371 999690 -1 -1 12185 0.0424076
Chain
	Aln	0	-HG004_ont_1132_start_837385 7 14998 15000 +edge_1_0_+disjointig_1_0_999690 147318 162309 999690 -1 -1 12185 0.0424076
Chain
	Aln	1	+HG004_ont_1133_start_287748 14 14994 15000 -edge_1_0_+disjointig_1_0_999690 287756 302736 999690 -1 -1 12521 0.0387347
Chain
	Aln	0	-HG004_ont_1133_start_287748 5 14985 15000 +edge_1_0_+disjointig_1_0_999690 696953 711933 999690 -1 -1 12521 0.0387347
Chain
	Aln	1	+HG004_ont_1134_start_336618 1 14998 15000 -edge_1_0_+disjointig_1_0_999690 336613 351610 999690 -1 -1 12098 0.0437944
Chain
	Aln	0	-HG004_ont_1134_start_336618 1 14998 15000 +edge_1_0_+disjointig_1_0_999690 648079 663076 999690 -1 -1 12098 0.0437944
Chain
	Aln	1	+HG004_ont_1135_start_843422 57 14998 15000 -edge_1_0_+disjointig_1_0_999690 843473 858414 999690 -1 -1 12286 0.0416569
Chain
	Aln	0	-HG004_ont_1135_start_843422 1 14942 15000 +edge_1_0_+disjointig_1_0_999690 141275 156216 999690 -1 -1 12286 0.0416569
Chain
	Aln	1	+HG004_ont_1136_start_317182 12 14981 15000 -edge_1_0_+disjointig_1_0_999690 317188 332157 999690 -1 -1 12415 0.0422728
Chain
	Aln	0	-HG004_ont_1136_start_317182 18 14987 15000 +edge_1_0_+disjointig_1_0_999690 667532 682501 999690 -1 -1 12415 0.0422728
Chain
	Aln	1	+HG004_ont_1137_start_550165 16 14989 15000 -edge_1_0_+disjointig_1_0_999690 550175 565148 999690 -1 -1 12136 0.0406899
Chain
	Aln	0	-HG004_ont_1137_start_550165 10 14983 15000 +edge_1_0_+disjointig_1_0_999690 434541 449514 999690 -1 -1 12136 0.0406899
Chain
	Aln	1	+HG004_ont_1138_start_96062 1 14998 15000 -edge_1_0_+disjointig_1_0_999690 96057 111054 999690 -1 -1 12057 0.0409019
Chain
	Aln	0	-HG004_ont_1138_start_96062 1 14998 15000 +edge_1_0_+disjointig_1_0_999690 888635 903632 999690 -1 -1 12057 0.0409019
Chain
	Aln	1	+HG004_ont_1139_start_608555 12 14995 15000 -edge_1_0_+disjointig_1_0_999690 608561 623544 999690 -1 -1 12222 0.040307
Chain
	Aln	0	-HG004_ont_1139_start_608555 4 14987 15000 +edge_1_0_+disjointig_1_0_999690 376145 391128 999690 -1 -1 12222 0.040307
Chain
	Aln	1	+HG004_ont_1140_start_335363 1 14998 15000 -edge_1_0_+disjointig_1_0_999690 335358 350355 999690 -1 -1 12440 0.0416695
Chain
	Aln	0	-HG004_ont_1140_start_335363 1 14998 15000 +edge_1_0_+disjointig_1_0_999690 649334 664331 999690 -1 -1 12440 0.0416695
Chain
	Aln	1	+HG004_ont_1141_start_916094 1 14998 15000 -edge_1_0_+disjointig_1_0_999690 916089 931086 999690 -1 -1 12028 0.0406274
Chain
	Aln	0	-HG004_ont_1141_start_916094 1 14998 15000 +edge_1_0_+disjointig_1_0_999690 68603 83600 999690 -1 -1 12028 0.0406274
Chain
	Aln	1	+HG004_ont_1143_start_667498 1 14998 15000 -edge_1_0_+disjointig_1_0_999690 667493 682490 999690 -1 -1 12069 0.0415661
Chain
	Aln	0	-HG004_ont_1143_start_667498 1 14998 15000 +edge_1_0_+disjointig_1_0_999690 317199 332196 999690 -1 -1 12069 0.0415661
Chain
	Aln	1	+HG004_ont_1142_start_235346 22 14998 15000 -edge_1_0_+disjointig_1_0_999690 235362 250338 999690 -1 -1 12330 0.0383484
Chain
	Aln	0	-HG004_ont_1142_start_235346 1 14977 15000 +edge_1_0_+disjointig_1_0_999690 749351 764327 999690 -1 -1 12330 0.0383484
Chain
	Aln	1	+HG004_ont_1144_start_261880 1 14998 15000 -edge_1_0_+disjointig_1_0_999690 261875 276872 999690 -1 -1 12122 0.0422941
Chain
	Aln	0	-HG004_ont_1144_start_261880 1 14998 15000 +edge_1_0_+disjointig_1_0_999690 722817 737814 999690 -1 -1 12122 0.0422941
Chain
	Aln	1	+HG004_ont_1145_start_950273 32 14962 15000 -edge_1_0_+disjointig_1_0_999690 950299 965229 999690 -1 -1 12087 0.0427028
Chain
	Aln	0	-HG004_ont_1145_start_950273 37 14967 15000 +edge_1_0_+disjointig_1_0_999690 34460 49390 999690 -1 -1 12087 0.0427028
Chain
	Aln	1	+HG004_ont_1146_start_906230 22 14998 15000 -edge_1_0_+disjointig_1_0_999690 906246 921222 999690 -1 -1 12367 0.0395287
Chain
	Aln	0	-HG004_ont_1146_start_906230 1 14977 15000 +edge_1_0_+disjointig_1_0_999690 78467 93443 999690 -1 -1 12367 0.0395287
Chain
	Aln	1	+HG004_ont_1147_start_361691 1 14964 15000 -edge_1_0_+disjointig_1_0_999690 361686 376649 999690 -1 -1 12457 0.0398944
Chain
	Aln	0	-HG004_ont_1147_start_361691 35 14998 15000 +edge_1_0_+disjointig_1_0_999690 623040 638003 999690 -1 -1 12457 0.0398944
Chain
	Aln	1	+HG004_ont_1148_start_617831 1 14998 15000 -edge_1_0_+disjointig_1_0_999690 617826 632823 999690 -1 -1 12313 0.0424311
Chain
	Aln	0	-HG004_ont_1148_start_617831 1 14998 15000 +edge_1_0_+disjointig_1_0_999690 366866 381863 999690 -1 -1 12313 0.0424311
Chain
	Aln	1	+HG004_ont_1149_start_213817 26 14998 15000 -edge_1_0_+disjointig_1_0_999690 213837 228809 999690 -1 -1 12443 0.039298
Chain
	Aln	0	-HG004_ont_1149_start_213817 1 14973 15000 +edge_1_0_+disjointig_1_0_999690 770880 785852 999690 -1 -1 12443 0.039298
Chain
	Aln	1	+HG004_ont_1150_start_77722 6 14998 15000 -edge_1_0_+disjointig_1_0_999690 77722 92714 999690 -1 -1 12174 0.0423712
Chain
	Aln	0	-HG004_ont_1150_start_77722 1 14993 15000 +edge_1_0_+disjointig_1_0_999690 906975 921967 999690 -1 -1 12174 0.0423712
Chain
	Aln	1	+HG004_ont_1151_start_189742 1 14992 15000 -edge_1_0_+disjointig_1_0_999690 189737 204728 999690 -1 -1 12487 0.0402683
Chain
	Aln	0	-HG004_ont_1151_start_189742 7 14998 15000 +edge_1_0_+disjointig_1_0_999690 794961 809952 999690 -1 -1 12487 0.0402683
Chain
	Aln	1	+HG004_ont_1152_start_569813 34 14982 15000 -edge_1_0_+disjointig_1_0_999690 569841 584789 999690 -1 -1 11828 0.0413815
Chain
	Aln	0	-HG004_ont_1152_start_569813 17 14965 15000 +edge_1_0_+disjointig_1_0_999690 414900 429848 999690 -1 -1 11828 0.0413815
Chain
	Aln	1	+HG004_ont_1153_start_66610 37 14976 15000 -edge_1_0_+disjointig_1_0_999690 66641 81580 999690 -1 -1 12122 0.0410447
Chain
	Aln	0	-HG004_ont_1153_start_66610 23 14962 15000 +edge_1_0_+disjointig_1_0_999690 918109 933048 999690 -1 -1 12122 0.0410447
Chain
	Aln	1	+HG004_ont_1154_start_191941 24 14991 15000 -edge_1_0_+disjointig_1_0_999690 191959 206926 999690 -1 -1 12164 0.0419674
Chain
	Aln	0	-HG004_ont_1154_start_191941 8 14975 15000 +edge_1_0_+disjointig_1_0_999690 792763 807730 999690 -1 -1 12164 0.0419674
Chain
	Aln	1	+HG004_ont_1155_start_276813 13 14998 15000 -edge_1_0_+disjointig_1_0_999690 276820 291805 999690 -1 -1 12629 0.0378211
Chain
	Aln	0	-HG004_ont_1155_start_276813 1 14986 15000 +edge_1_0_+disjointig_1_0_999690 707884 722869 999690 -1 -1 12629 0.0378211
Chain
	Aln	1	+HG004_ont_1156_start_890361 12 14998 15000 -edge_1_0_+disjointig_1_0_999690 890367 905353 999690 -1 -1 12006 0.0435863
Chain
	Aln	0	-HG004_ont_1156_start_890361 1 14987 15000 +edge_1_0_+disjointig_1_0_999690 94336 109322 999690 -1 -1 12006 0.0435863
Chain
	Aln	1	+HG004_ont_1157_start_368032 1 14998 15000 -edge_1_0_+disjointig_1_0_999690 368027 383024 999690 -1 -1 12494 0.0396188
Chain
	Aln	0	-HG004_ont_1157_start_368032 1 14998 15000 +edge_1_0_+disjointig_1_0_999690 616665 631662 999690 -1 -1 12494 0.0396188
Chain
	Aln	1	+HG004_ont_1158_start_768733 1 14996 15000 -edge_1_0_+disjointig_1_0_999690 768728 783723 999690 -1 -1 12120 0.04282
Chain
	Aln	0	-HG004_ont_1158_start_768733 3 14998 15000 +edge_1_0_+disjointig_1_0_999690 215966 230961 999690 -1 -1 12120 0.04282
Chain
	Aln	1	+HG004_ont_1159_start_968352 9 14985 15000 -edge_1_0_+disjointig_1_0_999690 968355 983331 999690 -1 -1 12317 0.0414201
Chain
	Aln	0	-HG004_ont_1159_start_968352 14 14990 15000 +edge_1_0_+disjointig_1_0_999690 16358 31334 999690 -1 -1 12317 0.0414201
Chain
	Aln	1	+HG004_ont_1160_start_520717 16 14993 15000 -edge_1_0_+disjointig_1_0_999690 520727 535704 999690 -1 -1 12698 0.0376331
Chain
	Aln	0	-HG004_ont_1160_start_520717 6 14983 15000 +edge_1_0_+disjointig_1_0_999690 463985 478962 999690 -1 -1 12698 0.0376331
Chain
	Aln	1	+HG004_ont_1161_start_701991 1 14998 15000 -edge_1_0_+disjointig_1_0_999690 701986 716983 999690 -1 -1 12221 0.042013
Chain
	Aln	0	-HG004_ont_1161_start_701991 1 14998 15000 +edge_1_0_+disjointig_1_0_999690 282706 297703 999690 -1 -1 12221 0.042013
Chain
	Aln	1	+HG004_ont_1162_start_513315 1 14967 15000 -edge_1_0_+disjointig_1_0_999690 513310 528276 999690 -1 -1 12350 0.0390068
Chain
	Aln	0	-HG004_ont_1162_start_513315 32 14998 15000 +edge_1_0_+disjointig_1_0_999690 471413 486379 999690 -1 -1 12350 0.0390068
Chain
	Aln	1	+HG004_ont_1163_start_780772 46 14983 15000 -edge_1_0_+disjointig_1_0_999690 780812 795749 999690 -1 -1 12088 0.0431143
Chain
	Aln	0	-HG004_ont_1163_start_780772 16 14953 15000 +edge_1_0_+disjointig_1_0_999690 203940 218877 999690 -1 -1 12088 0.0431143
Chain
	Aln	1	+HG004_ont_1164_start_21215 1 14988 15000 -edge_1_0_+disjointig_1_0_999690 21210 36197 999690 -1 -1 12220 0.0426264
Chain
	Aln	0	-HG004_ont_1164_start_21215 11 14998 15000 +edge_1_0_+disjointig_1_0_999690 963492 978479 999690 -1 -1 12220 0.0426264
Chain
	Aln	1	+HG004_ont_1165_start_871777 14 14992 15000 -edge_1_0_+disjointig_1_0_999690 871785 886763 999690 -1 -1 12465 0.0391532
Chain
	Aln	0	-HG004_ont_1165_start_871777 7 14985 15000 +edge_1_0_+disjointig_1_0_999690 112926 127904 999690 -1 -1 12465 0.0391532
Chain
	Aln	1	+HG004_ont_1166_start_797127 0 14980 15000 -edge_1_0_+disjointig_1_0_999690 797121 812101 999690 -1 -1 12298 0.0422274
Chain
	Aln	0	-HG004_ont_1166_start_797127 19 14999 15000 +edge_1_0_+disjointig_1_0_999690 187588 202568 999690 -1 -1 12298 0.0422274
Chain
	Aln	1	+HG004_ont_1167_start_499055 1 14998 15000 -edge_1_0_+disjointig_1_0_999690 499050 514047 999690 -1 -1 12092 0.0410042
Chain
	Aln	0	-HG004_ont_1167_start_499055 1 14998 15000 +edge_1_0_+disjointig_1_0_999690 485642 500639 999690 -1 -1 12092 0.0410042
Chain
	Aln	1	+HG004_ont_1168_start_67194 40 14998 15000 -edge_1_0_+disjointig_1_0_999690 67228 82186 999690 -1 -1 11992 0.0417718
Chain
	Aln	0	-HG004_ont_1168_start_67194 1 14959 15000 +edge_1_0_+disjointig_1_0_999690 917503 932461 999690 -1 -1 11992 0.0417718
Chain
	Aln	1	+HG004_ont_1169_start_16728 1 14998 15000 -edge_1_0_+disjointig_1_0_999690 16723 31720 999690 -1 -1 12455 0.0389381
Chain
	Aln	0	-HG004_ont_1169_start_16728 1 14998 15000 +edge_1_0_+disjointig_1_0_999690 967969 982966 999690 -1 -1 12455 0.0389381
Chain
	Aln	1	+HG004_ont_1170_start_591585 36 14996 15000 -edge_1_0_+disjointig_1_0_999690 591615 606575 999690 -1 -1 11996 0.043831
Chain
	Aln	0	-HG004_ont_1170_start_591585 3 14963 15000 +edge_1_0_+disjointig_1_0_999690 393114 408074 999690 -1 -1 11996 0.043831
Chain
	Aln	1	+HG004_ont_1171_start_944018 11 14983 15000 -edge_1_0_+disjointig_1_0_999690 944023 958995 999690 -1 -1 12605 0.038673
Chain
	Aln	0	-HG004_ont_1171_start_944018 16 14988 15000 +edge_1_0_+disjointig_1_0_999690 40694 55666 999690 -1 -1 12605 0.038673
Chain
	Aln	1	+HG004_ont_1172_start_482812 1 14982 15000 -edge_1_0_+disjointig_1_0_999690 482807 497788 999690 -1 -1 12362 0.0417184
Chain
	Aln	0	-HG004_ont_1172_start_482812 17 14998 15000 +edge_1_0_+disjointig_1_0_999690 501901 516882 999690 -1 -1 12362 0.0417184
Chain
	Aln	1	+HG004_ont_1174_start_406921 1 14982 15000 -edge_1_0_+disjointig_1_0_999690 406916 421897 999690 -1 -1 12393 0.0397178
Chain
	Aln	0	-HG004_ont_1174_start_406921 17 14998 15000 +edge_1_0_+disjointig_1_0_999690 577792 592773 999690 -1 -1 12393 0.0397178
Chain
	Aln	1	+HG004_ont_1175_start_516706 0 14967 15000 -edge_1_0_+disjointig_1_0_999690 516700 531667 999690 -1 -1 11915 0.0430768
Chain
	Aln	0	-HG004_ont_1175_start_516706 32 14999 15000 +edge_1_0_+disjointig_1_0_999690 468022 482989 999690 -1 -1 11915 0.0430768
Chain
	Aln	1	+HG004_ont_1173_start_10190 27 14998 15000 -edge_1_0_+disjointig_1_0_999690 10211 25182 999690 -1 -1 12041 0.0425879
Chain
	Aln	0	-HG004_ont_1173_start_10190 1 14972 15000 +edge_1_0_+disjointig_1_0_999690 974507 989478 999690 -1 -1 12041 0.0425879
Chain
	Aln	1	+HG004_ont_1176_start_90581 1 14967 15000 -edge_1_0_+disjointig_1_0_999690 90576 105542 999690 -1 -1 12052 0.0431301
Chain
	Aln	0	-HG004_ont_1176_start_90581 32 14998 15000 +edge_1_0_+disjointig_1_0_999690 894147 909113 999690 -1 -1 12052 0.0431301
Chain
	Aln	1	+HG004_ont_1177_start_250552 1 14988 15000 -edge_1_0_+disjointig_1_0_999690 250547 265534 999690 -1 -1 12321 0.0406743
Chain
	Aln	0	-HG004_ont_1177_start_250552 11 14998 15000 +edge_1_0_+disjointig_1_0_999690 734155 749142 999690 -1 -1 12321 0.0406743
Chain
	Aln	1	+HG004_ont_1179_start_303012 1 14998 15000 -edge_1_0_+disjointig_1_0_999690 303007 318004 999690 -1 -1 12748 0.0364007
Chain
	Aln	0	-HG004_ont_1179_start_303012 1 14998 15000 +edge_1_0_+disjointig_1_0_999690 681685 696682 999690 -1 -1 12748 0.0364007
Chain
	Aln	1	+HG004_ont_1178_start_48816 11 14967 15000 -edge_1_0_+disjointig_1_0_999690 48821 63777 999690 -1 -1 12072 0.0413812
Chain
	Aln	0	-HG004_ont_1178_start_48816 32 14988 15000 +edge_1_0_+disjointig_1_0_999690 935912 950868 999690 -1 -1 12072 0.0413812
Chain
	Aln	1	+HG004_ont_1180_start_825598 13 14998 15000 -edge_1_0_+disjointig_1_0_999690 825605 840590 999690 -1 -1 12411 0.0391043
Chain
	Aln	0	-HG004_ont_1180_start_825598 1 14986 15000 +edge_1_0_+disjointig_1_0_999690 159099 174084 999690 -1 -1 12411 0.0391043
Chain
	Aln	1	+HG004_ont_1183_start_966848 32 14998 15000 -edge_1_0_+disjointig_1_0_999690 966874 981840 999690 -1 -1 12087 0.043896
Chain
	Aln	0	-HG004_ont_1183_start_966848 1 14967 15000 +edge_1_0_+disjointig_1_0_999690 17849 32815 999690 -1 -1 12087 0.043896
Chain
	Aln	1	+HG004_ont_1182_start_472020 6 14989 15000 -edge_1_0_+disjointig_1_0_999690 472020 487003 999690 -1 -1 12841 0.0356724
Chain
	Aln	0	-HG004_ont_1182_start_472020 10 14993 15000 +edge_1_0_+disjointig_1_0_999690 512686 527669 999690 -1 -1 12841 0.0356724
Chain
	Aln	1	+HG004_ont_1181_start_617488 0 14972 15000 -edge_1_0_+disjointig_1_0_999690 617482 632454 999690 -1 -1 12358 0.0430066
Chain
	Aln	0	-HG004_ont_1181_start_617488 27 14999 15000 +edge_1_0_+disjointig_1_0_999690 367235 382207 999690 -1 -1 12358 0.0430066
Chain
	Aln	1	+HG004_ont_1184_start_274285 15 14969 15000 -edge_1_0_+disjointig_1_0_999690 274294 289248 999690 -1 -1 12316 0.0407095
Chain
	Aln	0	-HG004_ont_1184_start_274285 30 14984 15000 +edge_1_0_+disjointig_1_0_999690 710441 725395 999690 -1 -1 12316 0.0407095
Chain
	Aln	1	+HG004_ont_1185_start_617707 1 14998 15000 -edge_1_0_+disjointig_1_0_999690 617702 632699 999690 -1 -1 12139 0.0410121
Chain
	Aln	0	-HG004_ont_1185_start_617707 1 14998 15000 +edge_1_0_+disjointig_1_0_999690 366990 381987 999690 -1 -1 12139 0.0410121
Chain
	Aln	1	+HG004_ont_1186_start_412282 26 14987 15000 -edge_1_0_+disjointig_1_0_999690 412302 427263 999690 -1 -1 12085 0.0393008
Chain
	Aln	0	-HG004_ont_1186_start_412282 12 14973 15000 +edge_1_0_+disjointig_1_0_999690 572426 587387 999690 -1 -1 12085 0.0393008
Chain
	Aln	1	+HG004_ont_1187_start_363158 1 14993 15000 -edge_1_0_+disjointig_1_0_999690 363153 378145 999690 -1 -1 12581 0.0382081
Chain
	Aln	0	-HG004_ont_1187_start_363158 6 14998 15000 +edge_1_0_+disjointig_1_0_999690 621544 636536 999690 -1 -1 12581 0.0382081
Chain
	Aln	1	+HG004_ont_1188_start_565670 10 14944 15000 -edge_1_0_+disjointig_1_0_999690 565674 580608 999690 -1 -1 12296 0.0404111
Chain
	Aln	0	-HG004_ont_1188_start_565670 55 14989 15000 +edge_1_0_+disjointig_1_0_999690 419081 434015 999690 -1 -1 12296 0.0404111
Chain
	Aln	1	+HG004_ont_1189_start_368962 52 14998 15000 -edge_1_0_+disjointig_1_0_999690 369008 383954 999690 -1 -1 12347 0.0414453
Chain
	Aln	0	-HG004_ont_1189_start_368962 1 14947 15000 +edge_1_0_+disjointig_1_0_999690 615735 630681 999690 -1 -1 12347 0.0414453
Chain
	Aln	1	+HG004_ont_1190_start_964791 8 14998 15000 -edge_1_0_+disjointig_1_0_999690 964793 979783 999690 -1 -1 12378 0.0402411
Chain
	Aln	0	-HG004_ont_1190_start_964791 1 14991 15000 +edge_1_0_+disjointig_1_0_999690 19906 34896 999690 -1 -1 12378 0.0402411
Chain
	Aln	1	+HG004_ont_1191_start_103372 1 14998 15000 -edge_1_0_+disjointig_1_0_999690 103367 118364 999690 -1 -1 12512 0.0399737
Chain
	Aln	0	-HG004_ont_1191_start_103372 1 14998 15000 +edge_1_0_+disjointig_1_0_999690 881325 896322 999690 -1 -1 12512 0.0399737
Chain
	Aln	1	+HG004_ont_1192_start_108349 28 14987 15000 -edge_1_0_+disjointig_1_0_999690 108371 123330 999690 -1 -1 12330 0.0396236
Chain
	Aln	0	-HG004_ont_1192_start_108349 12 14971 15000 +edge_1_0_+disjointig_1_0_999690 876359 891318 999690 -1 -1 12330 0.0396236
Chain
	Aln	1	+HG004_ont_1194_start_946272 0 14998 15000 -edge_1_0_+disjointig_1_0_999690 946266 961264 999690 -1 -1 12153 0.0428237
Chain
	Aln	0	-HG004_ont_1194_start_946272 1 14999 15000 +edge_1_0_+disjointig_1_0_999690 38425 53423 999690 -1 -1 12153 0.0428237
Chain
	Aln	1	+HG004_ont_1193_start_372341 18 14995 15000 -edge_1_0_+disjointig_1_0_999690 372353 387330 999690 -1 -1 12351 0.0386774
Chain
	Aln	0	-HG004_ont_1193_start_372341 4 14981 15000 +edge_1_0_+disjointig_1_0_999690 612359 627336 999690 -1 -1 12351 0.0386774
Chain
	Aln	1	+HG004_ont_1195_start_479862 1 14992 15000 -edge_1_0_+disjointig_1_0_999690 479857 494848 999690 -1 -1 12249 0.0408784
Chain
	Aln	0	-HG004_ont_1195_start_479862 7 14998 15000 +edge_1_0_+disjointig_1_0_999690 504841 519832 999690 -1 -1 12249 0.0408784
Chain
	Aln	1	+HG004_ont_1196_start_96153 1 14998 15000 -edge_1_0_+disjointig_1_0_999690 96148 111145 999690 -1 -1 12354 0.0417174
Chain
	Aln	0	-HG004_ont_1196_start_96153 1 14998 15000 +edge_1_0_+disjointig_1_0_999690 888544 903541 999690 -1 -1 12354 0.0417174
Chain
	Aln	1	+HG004_ont_1197_start_75031 36 14978 15000 -edge_1_0_+disjointig_1_0_999690 75061 90003 999690 -1 -1 12387 0.0406072
Chain
	Aln	0	-HG004_ont_1197_start_75031 21 14963 15000 +edge_1_0_+disjointig_1_0_999690 909686 924628 999690 -1 -1 12387 0.0406072
Chain
	Aln	1	+HG004_ont_1198_start_264824 15 14998 15000 -edge_1_0_+disjointig_1_0_999690 264833 279816 999690 -1 -1 12516 0.0390279
Chain
	Aln	0	-HG004_ont_1198_start_264824 1 14984 15000 +edge_1_0_+disjointig_1_0_999690 719873 734856 999690 -1 -1 12516 0.0390279
Chain
	Aln	1	+HG004_ont_1199_start_567226 17 14981 15000 -edge_1_0_+disjointig_1_0_999690 567237 582201 999690 -1 -1 12093 0.0416276
Chain
	Aln	0	-HG004_ont_1199_start_567226 18 14982 15000 +edge_1_0_+disjointig_1_0_999690 417488 432452 999690 -1 -1 12093 0.0416276
Chain
	Aln	1	+HG004_ont_1200_start_96208 18 14983 15000 -edge_1_0_+disjointig_1_0_999690 96220 111185 999690 -1 -1 12254 0.0414961
Chain
	Aln	0	-HG004_ont_1200_start_96208 16 14981 15000 +edge_1_0_+disjointig_1_0_999690 888504 903469 999690 -1 -1 12254 0.0414961
Chain
	Aln	1	+HG004_ont_1201_start_24034 3 14988 15000 -edge_1_0_+disjointig_1_0_999690 24031 39016 999690 -1 -1 12017 0.0411702
Chain
	Aln	0	-HG004_ont_1201_start_24034 11 14996 15000 +edge_1_0_+disjointig_1_0_999690 960673 975658 999690 -1 -1 12017 0.0411702
Chain
	Aln	1	+HG004_ont_1202_start_445785 1 14998 15000 -edge_1_0_+disjointig_1_0_999690 445780 460777 999690 -1 -1 12231 0.0427061
Chain
	Aln	0	-HG004_ont_1202_start_445785 1 14998 15000 +edge_1_0_+disjointig_1_0_999690 538912 553909 999690 -1 -1 12231 0.0427061
Chain
	Aln	1	+HG004_ont_1203_start_965560 1 14991 15000 -edge_1_0_+disjointig_1_0_999690 965555 980545 999690 -1 -1 12087 0.0433308
Chain
	Aln	0	-HG004_ont_1203_start_965560 8 14998 15000 +edge_1_0_+disjointig_1_0_999690 19144 34134 999690 -1 -1 12087 0.0433308
Chain
	Aln	1	+HG004_ont_1204_start_962466 0 14958 15000 -edge_1_0_+disjointig_1_0_999690 962460 977418 999690 -1 -1 12080 0.0430005
Chain
	Aln	0	-HG004_ont_1204_start_962466 41 14999 15000 +edge_1_0_+disjointig_1_0_999690 22271 37229 999690 -1 -1 12080 0.0430005
Chain
	Aln	1	+HG004_ont_1205_start_615373 20 14984 15000 -edge_1_0_+disjointig_1_0_999690 615387 630351 999690 -1 -1 12220 0.0406232
Chain
	Aln	0	-HG004_ont_1205_start_615373 15 14979 15000 +edge_1_0_+disjointig_1_0_999690 369338 384302 999690 -1 -1 12220 0.0406232
Chain
	Aln	1	+HG004_ont_1206_start_545979 1 14998 15000 -edge_1_0_+disjointig_1_0_999690 545974 560971 999690 -1 -1 12253 0.0401209
Chain
	Aln	0	-HG004_ont_1206_start_545979 1 14998 15000 +edge_1_0_+disjointig_1_0_999690 438718 453715 999690 -1 -1 12253 0.0401209
Chain
	Aln	1	+HG004_ont_1207_start_417402 1 14960 15000 -edge_1_0_+disjointig_1_0_999690 417397 432356 999690 -1 -1 12599 0.0371098
Chain
	Aln	0	-HG004_ont_1207_start_417402 39 14998 15000 +edge_1_0_+disjointig_1_0_999690 567333 582292 999690 -1 -1 12599 0.0371098
Chain
	Aln	1	+HG004_ont_1208_start_455132 45 14998 15000 -edge_1_0_+disjointig_1_0_999690 455171 470124 999690 -1 -1 12203 0.0414728
Chain
	Aln	0	-HG004_ont_1208_start_455132 1 14954 15000 +edge_1_0_+disjointig_1_0_999690 529565 544518 999690 -1 -1 12203 0.0414728
Chain
	Aln	1	+HG004_ont_1209_start_103475 1 14989 15000 -edge_1_0_+disjointig_1_0_999690 103470 118458 999690 -1 -1 12363 0.0414831
Chain
	Aln	0	-HG004_ont_1209_start_103475 10 14998 15000 +edge_1_0_+disjointig_1_0_999690 881231 896219 999690 -1 -1 12363 0.0414831
Chain
	Aln	1	+HG004_ont_1210_start_398872 1 14998 15000 -edge_1_0_+disjointig_1_0_999690 398867 413864 999690 -1 -1 12470 0.0400512
Chain
	Aln	0	-HG004_ont_1210_start_398872 1 14998 15000 +edge_1_0_+disjointig_1_0_999690 585825 600822 999690 -1 -1 12470 0.0400512
Chain
	Aln	1	+HG004_ont_1212_start_358984 1 14982 15000 -edge_1_0_+disjointig_1_0_999690 358979 373960 999690 -1 -1 12000 0.0419262
Chain
	Aln	0	-HG004_ont_1212_start_358984 17 14998 15000 +edge_1_0_+disjointig_1_0_999690 625729 640710 999690 -1 -1 12000 0.0419262
Chain
	Aln	1	+HG004_ont_1213_start_764700 8 14980 15000 -edge_1_0_+disjointig_1_0_999690 764702 779674 999690 -1 -1 12148 0.0404667
Chain
	Aln	0	-HG004_ont_1213_start_764700 19 14991 15000 +edge_1_0_+disjointig_1_0_999690 220015 234987 999690 -1 -1 12148 0.0404667
Chain
	Aln	1	+HG004_ont_1211_start_266982 1 14959 15000 -edge_1_0_+disjointig_1_0_999690 266977 281935 999690 -1 -1 12381 0.040092
Chain
	Aln	0	-HG004_ont_1211_start_266982 40 14998 15000 +edge_1_0_+disjointig_1_0_999690 717754 732712 999690 -1 -1 12381 0.040092
Chain
	Aln	1	+HG004_ont_1216_start_512168 29 14994 15000 -edge_1_0_+disjointig_1_0_999690 512191 527156 999690 -1 -1 12352 0.0403455
Chain
	Aln	0	-HG004_ont_1216_start_512168 5 14970 15000 +edge_1_0_+disjointig_1_0_999690 472533 487498 999690 -1 -1 12352 0.0403455
Chain
	Aln	1	+HG004_ont_1215_start_140956 28 14998 15000 -edge_1_0_+disjointig_1_0_999690 140978 155948 999690 -1 -1 12074 0.0436223
Chain
	Aln	0	-HG004_ont_1215_start_140956 1 14971 15000 +edge_1_0_+disjointig_1_0_999690 843741 858711 999690 -1 -1 12074 0.0436223
Chain
	Aln	1	+HG004_ont_1214_start_826816 0 14998 15000 -edge_1_0_+disjointig_1_0_999690 826810 841808 999690 -1 -1 12277 0.0408116
Chain
	Aln	0	-HG004_ont_1214_start_826816 1 14999 15000 +edge_1_0_+disjointig_1_0_999690 157881 172879 999690 -1 -1 12277 0.0408116
Chain
	Aln	1	+HG004_ont_1217_start_399174 24 14987 15000 -edge_1_0_+disjointig_1_0_999690 399192 414155 999690 -1 -1 12455 0.0406585
Chain
	Aln	0	-HG004_ont_1217_start_399174 12 14975 15000 +edge_1_0_+disjointig_1_0_999690 585534 600497 999690 -1 -1 12455 0.0406585
Chain
	Aln	1	+HG004_ont_1218_start_353844 1 14998 15000 -edge_1_0_+disjointig_1_0_999690 353839 368836 999690 -1 -1 12472 0.0395419
Chain
	Aln	0	-HG004_ont_1218_start_353844 1 14998 15000 +edge_1_0_+disjointig_1_0_999690 630853 645850 999690 -1 -1 12472 0.0395419
Chain
	Aln	1	+HG004_ont_1219_start_714388 13 14998 15000 -edge_1_0_+disjointig_1_0_999690 714395 729380 999690 -1 -1 12359 0.0401204
Chain
	Aln	0	-HG004_ont_1219_start_714388 1 14986 15000 +edge_1_0_+disjointig_1_0_999690 270309 285294 999690 -1 -1 12359 0.0401204
Chain
	Aln	1	+HG004_ont_1220_start_381548 0 14998 15000 -edge_1_0_+disjointig_1_0_999690 381542 396540 999690 -1 -1 12163 0.0415859
Chain
	Aln	0	-HG004_ont_1220_start_381548 1 14999 15000 +edge_1_0_+disjointig_1_0_999690 603149 618147 999690 -1 -1 12163 0.0415859
Chain
	Aln	1	+HG004_ont_1221_start_417665 0 14998 15000 -edge_1_0_+disjointig_1_0_999690 417659 432657 999690 -1 -1 12029 0.0410003
Chain
	Aln	0	-HG004_ont_1221_start_417665 1 14999 15000 +edge_1_0_+disjointig_1_0_999690 567032 582030 999690 -1 -1 12029 0.0410003
Chain
	Aln	1	+HG004_ont_1223_start_180684 1 14981 15000 -edge_1_0_+disjointig_1_0_999690 180679 195659 999690 -1 -1 12552 0.0377791
Chain
	Aln	0	-HG004_ont_1223_start_180684 18 14998 15000 +edge_1_0_+disjointig_1_0_999690 804030 819010 999690 -1 -1 12552 0.0377791
Chain
	Aln	1	+HG004_ont_1222_start_682557 9 14995 15000 -edge_1_0_+disjointig_1_0_999690 682560 697546 999690 -1 -1 12463 0.0375122
Chain
	Aln	0	-HG004_ont_1222_start_682557 4 14990 15000 +edge_1_0_+disjointig_1_0_999690 302143 317129 999690 -1 -1 12463 0.0375122
Chain
	Aln	1	+HG004_ont_1224_start_412434 14 14961 15000 -edge_1_0_+disjointig_1_0_999690 412442 427389 999690 -1 -1 12114 0.0432028
Chain
	Aln	0	-HG004_ont_1224_start_412434 38 14985 15000 +edge_1_0_+disjointig_1_0_999690 572300 587247 999690 -1 -1 12114 0.0432028
Chain
	Aln	1	+HG004_ont_1225_start_154683 1 14986 15000 -edge_1_0_+disjointig_1_0_999690 154678 169663 999690 -1 -1 12378 0.0414793
Chain
	Aln	0	-HG004_ont_1225_start_154683 13 14998 15000 +edge_1_0_+disjointig_1_0_999690 830026 845011 999690 -1 -1 12378 0.0414793
Chain
	Aln	1	+HG004_ont_1227_start_19099 17 14998 15000 -edge_1_0_+disjointig_1_0_999690 19110 34091 999690 -1 -1 12343 0.0404786
Chain
	Aln	0	-HG004_ont_1227_start_19099 1 14982 15000 +edge_1_0_+disjointig_1_0_999690 965598 980579 999690 -1 -1 12343 0.0404786
Chain
	Aln	1	+HG004_ont_1226_start_330940 5 14985 15000 -edge_1_0_+disjointig_1_0_999690 330939 345919 999690 -1 -1 12094 0.0425827
Chain
	Aln	0	-HG004_ont_1226_start_330940 14 14994 15000 +edge_1_0_+disjointig_1_0_999690 653770 668750 999690 -1 -1 12094 0.0425827
Chain
	Aln	1	+HG004_ont_1228_start_215484 0 14986 15000 -edge_1_0_+disjointig_1_0_999690 215478 230464 999690 -1 -1 12656 0.0366789
Chain
	Aln	0	-HG004_ont_1228_start_215484 13 14999 15000 +edge_1_0_+disjointig_1_0_999690 769225 784211 999690 -1 -1 12656 0.0366789
Chain
	Aln	1	+HG004_ont_1229_start_17128 1 14998 15000 -edge_1_0_+disjointig_1_0_999690 17123 32120 999690 -1 -1 12120 0.0428279
Chain
	Aln	0	-HG004_ont_1229_start_17128 1 14998 15000 +edge_1_0_+disjointig_1_0_999690 967569 982566 999690 -1 -1 12120 0.0428279
Chain
	Aln	1	+HG004_ont_1230_start_748302 6 14998 15000 -edge_1_0_+disjointig_1_0_999690 748302 763294 999690 -1 -1 12303 0.0397147
Chain
	Aln	0	-HG004_ont_1230_start_748302 1 14993 15000 +edge_1_0_+disjointig_1_0_999690 236395 251387 999690 -1 -1 12303 0.0397147
Chain
	Aln	1	+HG004_ont_1231_start_685473 1 14981 15000 -edge_1_0_+disjointig_1_0_999690 685468 700448 999690 -1 -1 12408 0.0407174
Chain
	Aln	0	-HG004_ont_1231_start_685473 18 14998 15000 +edge_1_0_+disjointig_1_0_999690 299241 314221 999690 -1 -1 12408 0.0407174
Chain
	Aln	1	+HG004_ont_1232_start_200100 4 14998 15000 -edge_1_0_+disjointig_1_0_999690 200098 215092 999690 -1 -1 12804 0.0378639
Chain
	Aln	0	-HG004_ont_1232_start_200100 1 14995 15000 +edge_1_0_+disjointig_1_0_999690 784597 799591 999690 -1 -1 12804 0.0378639
Chain
	Aln	1	+HG004_ont_1233_start_852466 25 14957 15000 -edge_1_0_+disjointig_1_0_999690 852485 867417 999690 -1 -1 12226 0.0427514
Chain
	Aln	0	-HG004_ont_1233_start_852466 42 14974 15000 +edge_1_0_+disjointig_1_0_999690 132272 147204 999690 -1 -1 12226 0.0427514
Chain
	Aln	1	+HG004_ont_1235_start_428540 9 14998 15000 -edge_1_0_+disjointig_1_0_999690 428543 443532 999690 -1 -1 12604 0.0374275
Chain
	Aln	0	-HG004_ont_1235_start_428540 1 14990 15000 +edge_1_0_+disjointig_1_0_999690 556157 571146 999690 -1 -1 12604 0.0374275
Chain
	Aln	1	+HG004_ont_1234_start_488852 1 14998 15000 -edge_1_0_+disjointig_1_0_999690 488847 503844 999690 -1 -1 12318 0.042005
Chain
	Aln	0	-HG004_ont_1234_start_488852 1 14998 15000 +edge_1_0_+disjointig_1_0_999690 495845 510842 999690 -1 -1 12318 0.042005
Chain
	Aln	1	+HG004_ont_1236_start_709259 51 14978 15000 -edge_1_0_+disjointig_1_0_999690 709304 724231 999690 -1 -1 12424 0.0379299
Chain
	Aln	0	-HG004_ont_1236_start_709259 21 14948 15000 +edge_1_0_+disjointig_1_0_999690 275458 290385 999690 -1 -1 12424 0.0379299
Chain
	Aln	1	+HG004_ont_1237_start_91942 1 14996 15000 -edge_1_0_+disjointig_1_0_999690 91937 106932 999690 -1 -1 12440 0.0402763
Chain
	Aln	0	-HG004_ont_1237_start_91942 3 14998 15000 +edge_1_0_+disjointig_1_0_999690 892757 907752 999690 -1 -1 12440 0.0402763
Chain
	Aln	1	+HG004_ont_1238_start_212319 0 14998 15000 -edge_1_0_+disjointig_1_0_999690 212313 227311 999690 -1 -1 12530 0.038134
Chain
	Aln	0	-HG004_ont_1238_start_212319 1 14999 15000 +edge_1_0_+disjointig_1_0_999690 772378 787376 999690 -1 -1 12530 0.038134
Chain
	Aln	1	+HG004_ont_1239_start_833405 16 14994 15000 -edge_1_0_+disjointig_1_0_999690 833415 848393 999690 -1 -1 12305 0.0403887
Chain
	Aln	0	-HG004_ont_1239_start_833405 5 14983 15000 +edge_1_0_+disjointig_1_0_999690 151296 166274 999690 -1 -1 12305 0.0403887
Chain
	Aln	1	+HG004_ont_1240_start_492961 1 14998 15000 -edge_1_0_+disjointig_1_0_999690 492956 507953 999690 -1 -1 12261 0.040557
Chain
	Aln	0	-HG004_ont_1240_start_492961 1 14998 15000 +edge_1_0_+disjointig_1_0_999690 491736 506733 999690 -1 -1 12261 0.040557
Chain
	Aln	1	+HG004_ont_1241_start_907153 12 14998 15000 -edge_1_0_+disjointig_1_0_999690 907159 922145 999690 -1 -1 12056 0.04201
Chain
	Aln	0	-HG004_ont_1241_start_907153 1 14987 15000 +edge_1_0_+disjointig_1_0_999690 77544 92530 999690 -1 -1 12056 0.04201
Chain
	Aln	1	+HG004_ont_1242_start_857842 14 14998 15000 -edge_1_0_+disjointig_1_0_999690 857850 872834 999690 -1 -1 12333 0.0394525
Chain
	Aln	0	-HG004_ont_1242_start_857842 1 14985 15000 +edge_1_0_+disjointig_1_0_999690 126855 141839 999690 -1 -1 12333 0.0394525
Chain
	Aln	1	+HG004_ont_1243_start_599522 3 14991 15000 -edge_1_0_+disjointig_1_0_999690 599519 614507 999690 -1 -1 12280 0.0388952
Chain
	Aln	0	-HG004_ont_1243_start_599522 8 14996 15000 +edge_1_0_+disjointig_1_0_999690 385182 400170 999690 -1 -1 12280 0.0388952
Chain
	Aln	1	+HG004_ont_1244_start_186835 0 14998 15000 -edge_1_0_+disjointig_1_0_999690 186829 201827 999690 -1 -1 12240 0.0397305
Chain
	Aln	0	-HG004_ont_1244_start_186835 1 14999 15000 +edge_1_0_+disjointig_1_0_999690 797862 812860 999690 -1 -1 12240 0.0397305
Chain
	Aln	1	+HG004_ont_1245_start_53278 1 14998 15000 -edge_1_0_+disjointig_1_0_999690 53273 68270 999690 -1 -1 12070 0.0433665
Chain
	Aln	0	-HG004_ont_1245_start_53278 1 14998 15000 +edge_1_0_+disjointig_1_0_999690 931419 946416 999690 -1 -1 12070 0.0433665
Chain
	Aln	1	+HG004_ont_1247_start_910064 1 14998 15000 -edge_1_0_+disjointig_1_0_999690 910059 925056 999690 -1 -1 12586 0.0384309
Chain
	Aln	0	-HG004_ont_1247_start_910064 1 14998 15000 +edge_1_0_+disjointig_1_0_999690 74633 89630 999690 -1 -1 12586 0.0384309
Chain
	Aln	1	+HG004_ont_1246_start_264866 1 14987 15000 -edge_1_0_+disjointig_1_0_999690 264861 279847 999690 -1 -1 12670 0.0364596
Chain
	Aln	0	-HG004_ont_1246_start_264866 12 14998 15000 +edge_1_0_+disjointig_1_0_999690 719842 734828 999690 -1 -1 12670 0.0364596
Chain
	Aln	1	+HG004_ont_1248_start_735194 13 14994 15000 -edge_1_0_+disjointig_1_0_999690 735201 750182 999690 -1 -1 12103 0.0429033
Chain
	Aln	0	-HG004_ont_1248_start_735194 5 14986 15000 +edge_1_0_+disjointig_1_0_999690 249507 264488 999690 -1 -1 12103 0.0429033
Chain
	Aln	1	+HG004_ont_1249_start_549788 1 14998 15000 -edge_1_0_+disjointig_1_0_999690 549783 564780 999690 -1 -1 12364 0.041893
Chain
	Aln	0	-HG004_ont_1249_start_549788 1 14998 15000 +edge_1_0_+disjointig_1_0_999690 434909 449906 999690 -1 -1 12364 0.041893
Chain
	Aln	1	+HG004_ont_1250_start_211842 0 14998 15000 -edge_1_0_+disjointig_1_0_999690 211836 226834 999690 -1 -1 12473 0.0419209
Chain
	Aln	0	-HG004_ont_1250_start_211842 1 14999 15000 +edge_1_0_+disjointig_1_0_999690 772855 787853 999690 -1 -1 12473 0.0419209
Chain
	Aln	1	+HG004_ont_1251_start_556402 1 14973 15000 -edge_1_0_+disjointig_1_0_999690 556397 571369 999690 -1 -1 12388 0.039721
Chain
	Aln	0	-HG004_ont_1251_start_556402 26 14998 15000 +edge_1_0_+disjointig_1_0_999690 428320 443292 999690 -1 -1 12388 0.039721
Chain
	Aln	1	+HG004_ont_1252_start_181782 1 14991 15000 -edge_1_0_+disjointig_1_0_999690 181777 196767 999690 -1 -1 12226 0.0409295
Chain
	Aln	0	-HG004_ont_1252_start_181782 8 14998 15000 +edge_1_0_+disjointig_1_0_999690 802922 817912 999690 -1 -1 12226 0.0409295
Chain
	Aln	1	+HG004_ont_1253_start_365768 42 14971 15000 -edge_1_0_+disjointig_1_0_999690 365804 380733 999690 -1 -1 12037 0.0432387
Chain
	Aln	0	-HG004_ont_1253_start_365768 28 14957 15000 +edge_1_0_+disjointig_1_0_999690 618956 633885 999690 -1 -1 12037 0.0432387
Chain
	Aln	1	+HG004_ont_1254_start_269594 17 14998 15000 -edge_1_0_+disjointig_1_0_999690 269605 284586 999690 -1 -1 12098 0.0441293
Chain
	Aln	0	-HG004_ont_1254_start_269594 1 14982 15000 +edge_1_0_+disjointig_1_0_999690 715103 730084 999690 -1 -1 12098 0.0441293
Chain
	Aln	1	+HG004_ont_1255_start_936990 1 14997 15000 -edge_1_0_+disjointig_1_0_999690 936985 951981 999690 -1 -1 12257 0.0402102
Chain
	Aln	0	-HG004_ont_1255_start_936990 2 14998 15000 +edge_1_0_+disjointig_1_0_999690 47708 62704 999690 -1 -1 12257 0.0402102
Chain
	Aln	1	+HG004_ont_1256_start_645225 31 14984 15000 -edge_1_0_+disjointig_1_0_999690 645250 660203 999690 -1 -1 11894 0.0447892
Chain
	Aln	0	-HG004_ont_1256_start_645225 15 14968 15000 +edge_1_0_+disjointig_1_0_999690 339486 354439 999690 -1 -1 11894 0.0447892
Chain
	Aln	1	+HG004_ont_1257_start_42818 31 14998 15000 -edge_1_0_+disjointig_1_0_999690 42843 57810 999690 -1 -1 12311 0.0388204
Chain
	Aln	0	-HG004_ont_1257_start_42818 1 14968 15000 +edge_1_0_+disjointig_1_0_999690 941879 956846 999690 -1 -1 12311 0.0388204
Chain
	Aln	1	+HG004_ont_1258_start_96091 1 14957 15000 -edge_1_0_+disjointig_1_0_999690 96086 111042 999690 -1 -1 12557 0.0393425
Chain
	Aln	0	-HG004_ont_1258_start_96091 42 14998 15000 +edge_1_0_+disjointig_1_0_999690 888647 903603 999690 -1 -1 12557 0.0393425
Chain
	Aln	1	+HG004_ont_1259_start_77736 16 14961 15000 -edge_1_0_+disjointig_1_0_999690 77746 92691 999690 -1 -1 12069 0.0418729
Chain
	Aln	0	-HG004_ont_1259_start_77736 38 14983 15000 +edge_1_0_+disjointig_1_0_999690 906998 921943 999690 -1 -1 12069 0.0418729
Chain
	Aln	1	+HG004_ont_1260_start_880607 0 14965 15000 -edge_1_0_+disjointig_1_0_999690 880601 895566 999690 -1 -1 11862 0.0447018
Chain
	Aln	0	-HG004_ont_1260_start_880607 34 14999 15000 +edge_1_0_+disjointig_1_0_999690 104123 119088 999690 -1 -1 11862 0.0447018
Chain
	Aln	1	+HG004_ont_1261_start_224143 30 14998 15000 -edge_1_0_+disjointig_1_0_999690 224167 239135 999690 -1 -1 12171 0.0410244
Chain
	Aln	0	-HG004_ont_1261_start_224143 1 14969 15000 +edge_1_0_+disjointig_1_0_999690 760554 775522 999690 -1 -1 12171 0.0410244
Chain
	Aln	1	+HG004_ont_1262_start_579611 0 14991 15000 -edge_1_0_+disjointig_1_0_999690 579605 594596 999690 -1 -1 12288 0.0395799
Chain
	Aln	0	-HG004_ont_1262_start_579611 8 14999 15000 +edge_1_0_+disjointig_1_0_999690 405093 420084 999690 -1 -1 12288 0.0395799
Chain
	Aln	1	+HG004_ont_1263_start_759524 1 14967 15000 -edge_1_0_+disjointig_1_0_999690 759519 774485 999690 -1 -1 12467 0.0387252
Chain
	Aln	0	-HG004_ont_1263_start_759524 32 14998 15000 +edge_1_0_+disjointig_1_0_999690 225204 240170 999690 -1 -1 12467 0.0387252
Chain
	Aln	1	+HG004_ont_1264_start_358013 16 14990 15000 -edge_1_0_+disjointig_1_0_999690 358023 372997 999690 -1 -1 12237 0.0409061
Chain
	Aln	0	-HG004_ont_1264_start_358013 9 14983 15000 +edge_1_0_+disjointig_1_0_999690 626692 641666 999690 -1 -1 12237 0.0409061
Chain
	Aln	1	+HG004_ont_1265_start_323260 9 14998 15000 -edge_1_0_+disjointig_1_0_999690 323263 338252 999690 -1 -1 12436 0.0384447
Chain
	Aln	0	-HG004_ont_1265_start_323260 1 14990 15000 +edge_1_0_+disjointig_1_0_999690 661437 676426 999690 -1 -1 12436 0.0384447
Chain
	Aln	1	+HG004_ont_1267_start_75394 12 14998 15000 -edge_1_0_+disjointig_1_0_999690 75400 90386 999690 -1 -1 12549 0.0384254
Chain
	Aln	0	-HG004_ont_1267_start_75394 1 14987 15000 +edge_1_0_+disjointig_1_0_999690 909303 924289 999690 -1 -1 12549 0.0384254
Chain
	Aln	1	+HG004_ont_1266_start_304917 1 14971 15000 -edge_1_0_+disjointig_1_0_999690 304912 319882 999690 -1 -1 12693 0.0366967
Chain
	Aln	0	-HG004_ont_1266_start_304917 28 14998 15000 +edge_1_0_+disjointig_1_0_999690 679807 694777 999690 -1 -1 12693 0.0366967
Chain
	Aln	1	+HG004_ont_1268_start_195589 0 14998 15000 -edge_1_0_+disjointig_1_0_999690 195583 210581 999690 -1 -1 12518 0.0394384
Chain
	Aln	0	-HG004_ont_1268_start_195589 1 14999 15000 +edge_1_0_+disjointig_1_0_999690 789108 804106 999690 -1 -1 12518 0.0394384
Chain
	Aln	1	+HG004_ont_1269_start_352781 28 14990 15000 -edge_1_0_+disjointig_1_0_999690 352803 367765 999690 -1 -1 12208 0.0424958
Chain
	Aln	0	-HG004_ont_1269_start_352781 9 14971 15000 +edge_1_0_+disjointig_1_0_999690 631924 646886 999690 -1 -1 12208 0.0424958
Chain
	Aln	1	+HG004_ont_1270_start_809975 15 14966 15000 -edge_1_0_+disjointig_1_0_999690 809984 824935 999690 -1 -1 12417 0.0395382
Chain
	Aln	0	-HG004_ont_1270_start_809975 33 14984 15000 +edge_1_0_+disjointig_1_0_999690 174754 189705 999690 -1 -1 12417 0.0395382
Chain
	Aln	1	+HG004_ont_1271_start_671777 8 14998 15000 -edge_1_0_+disjointig_1_0_999690 671779 686769 999690 -1 -1 12640 0.0370471
Chain
	Aln	0	-HG004_ont_1271_start_671777 1 14991 15000 +edge_1_0_+disjointig_1_0_999690 312920 327910 999690 -1 -1 12640 0.0370471
Chain
	Aln	1	+HG004_ont_1272_start_737965 0 14983 15000 -edge_1_0_+disjointig_1_0_999690 737959 752942 999690 -1 -1 12411 0.0408313
Chain
	Aln	0	-HG004_ont_1272_start_737965 16 14999 15000 +edge_1_0_+disjointig_1_0_999690 246747 261730 999690 -1 -1 12411 0.0408313
Chain
	Aln	1	+HG004_ont_1273_start_162245 29 14991 15000 -edge_1_0_+disjointig_1_0_999690 162268 177230 999690 -1 -1 12026 0.0413889
Chain
	Aln	0	-HG004_ont_1273_start_162245 8 14970 15000 +edge_1_0_+disjointig_1_0_999690 822459 837421 999690 -1 -1 12026 0.0413889
Chain
	Aln	1	+HG004_ont_1274_start_931951 19 14993 15000 -edge_1_0_+disjointig_1_0_999690 931964 946938 999690 -1 -1 12447 0.0395208
Chain
	Aln	0	-HG004_ont_1274_start_931951 6 14980 15000 +edge_1_0_+disjointig_1_0_999690 52751 67725 999690 -1 -1 12447 0.0395208
Chain
	Aln	1	+HG004_ont_1275_start_878397 40 14998 15000 -edge_1_0_+disjointig_1_0_999690 878431 893389 999690 -1 -1 12585 0.0362694
Chain
	Aln	0	-HG004_ont_1275_start_878397 1 14959 15000 +edge_1_0_+disjointig_1_0_999690 106300 121258 999690 -1 -1 12585 0.0362694
Chain
	Aln	1	+HG004_ont_1276_start_888189 0 14998 15000 -edge_1_0_+disjointig_1_0_999690 888183 903181 999690 -1 -1 12254 0.0413716
Chain
	Aln	0	-HG004_ont_1276_start_888189 1 14999 15000 +edge_1_0_+disjointig_1_0_999690 96508 111506 999690 -1 -1 12254 0.0413716
Chain
	Aln	1	+HG004_ont_1277_start_113991 20 14989 15000 -edge_1_0_+disjointig_1_0_999690 114005 128974 999690 -1 -1 12204 0.0420395
Chain
	Aln	0	-HG004_ont_1277_start_113991 10 14979 15000 +edge_1_0_+disjointig_1_0_999690 870715 885684 999690 -1 -1 12204 0.0420395
Chain
	Aln	1	+HG004_ont_1278_start_57551 1 14998 15000 -edge_1_0_+disjointig_1_0_999690 57546 72543 999690 -1 -1 12530 0.0394652
Chain
	Aln	0	-HG004_ont_1278_start_57551 1 14998 15000 +edge_1_0_+disjointig_1_0_999690 927146 942143 999690 -1 -1 12530 0.0394652
Chain
	Aln	1	+HG004_ont_1280_start_323135 16 14998 15000 -edge_1_0_+disjointig_1_0_999690 323145 338127 999690 -1 -1 11863 0.0442248
Chain
	Aln	0	-HG004_ont_1280_start_323135 1 14983 15000 +edge_1_0_+disjointig_1_0_999690 661562 676544 999690 -1 -1 11863 0.0442248
Chain
	Aln	1	+HG004_ont_1279_start_208373 37 14998 15000 -edge_1_0_+disjointig_1_0_999690 208404 223365 999690 -1 -1 12491 0.0395005
Chain
	Aln	0	-HG004_ont_1279_start_208373 1 14962 15000 +edge_1_0_+disjointig_1_0_999690 776324 791285 999690 -1 -1 12491 0.0395005
Chain
	Aln	1	+HG004_ont_1281_start_934964 1 14998 15000 -edge_1_0_+disjointig_1_0_999690 934959 949956 999690 -1 -1 12345 0.0388014
Chain
	Aln	0	-HG004_ont_1281_start_934964 1 14998 15000 +edge_1_0_+disjointig_1_0_999690 49733 64730 999690 -1 -1 12345 0.0388014
Chain
	Aln	1	+HG004_ont_1282_start_668653 20 14979 15000 -edge_1_0_+disjointig_1_0_999690 668667 683626 999690 -1 -1 11876 0.0463317
Chain
	Aln	0	-HG004_ont_1282_start_668653 20 14979 15000 +edge_1_0_+disjointig_1_0_999690 316063 331022 999690 -1 -1 11876 0.0463317
Chain
	Aln	1	+HG004_ont_1284_start_102390 45 14992 15000 -edge_1_0_+disjointig_1_0_999690 102429 117376 999690 -1 -1 12441 0.0390925
Chain
	Aln	0	-HG004_ont_1284_start_102390 7 14954 15000 +edge_1_0_+disjointig_1_0_999690 882313 897260 999690 -1 -1 12441 0.0390925
Chain
	Aln	1	+HG004_ont_1283_start_767266 1 14998 15000 -edge_1_0_+disjointig_1_0_999690 767261 782258 999690 -1 -1 12611 0.0393349
Chain
	Aln	0	-HG004_ont_1283_start_767266 1 14998 15000 +edge_1_0_+disjointig_1_0_999690 217431 232428 999690 -1 -1 12611 0.0393349
Chain
	Aln	1	+HG004_ont_1285_start_7589 1 14998 15000 -edge_1_0_+disjointig_1_0_999690 7584 22581 999690 -1 -1 12372 0.0410673
Chain
	Aln	0	-HG004_ont_1285_start_7589 1 14998 15000 +edge_1_0_+disjointig_1_0_999690 977108 992105 999690 -1 -1 12372 0.0410673
Chain
	Aln	1	+HG004_ont_1286_start_232503 6 14998 15000 -edge_1_0_+disjointig_1_0_999690 232503 247495 999690 -1 -1 12295 0.0405218
Chain
	Aln	0	-HG004_ont_1286_start_232503 1 14993 15000 +edge_1_0_+disjointig_1_0_999690 752194 767186 999690 -1 -1 12295 0.0405218
Chain
	Aln	1	+HG004_ont_1288_start_223338 0 14998 15000 -edge_1_0_+disjointig_1_0_999690 223332 238330 999690 -1 -1 12167 0.041809
Chain
	Aln	0	-HG004_ont_1288_start_223338 1 14999 15000 +edge_1_0_+disjointig_1_0_999690 761359 776357 999690 -1 -1 12167 0.041809
Chain
	Aln	1	+HG004_ont_1287_start_168539 1 14971 15000 -edge_1_0_+disjointig_1_0_999690 168534 183504 999690 -1 -1 12316 0.0392825
Chain
	Aln	0	-HG004_ont_1287_start_168539 28 14998 15000 +edge_1_0_+disjointig_1_0_999690 816185 831155 999690 -1 -1 12316 0.0392825
Chain
	Aln	1	+HG004_ont_1289_start_390119 2 14998 15000 -edge_1_0_+disjointig_1_0_999690 390115 405111 999690 -1 -1 12274 0.0410791
Chain
	Aln	0	-HG004_ont_1289_start_390119 1 14997 15000 +edge_1_0_+disjointig_1_0_999690 594578 609574 999690 -1 -1 12274 0.0410791
Chain
	Aln	1	+HG004_ont_1290_start_816420 0 14998 15000 -edge_1_0_+disjointig_1_0_999690 816414 831412 999690 -1 -1 12662 0.0389497
Chain
	Aln	0	-HG004_ont_1290_start_816420 1 14999 15000 +edge_1_0_+disjointig_1_0_999690 168277 183275 999690 -1 -1 12662 0.0389497
Chain
	Aln	1	+HG004_ont_1291_start_667891 26 14983 15000 -edge_1_0_+disjointig_1_0_999690 667911 682868 999690 -1 -1 12207 0.0418399
Chain
	Aln	0	-HG004_ont_1291_start_667891 16 14973 15000 +edge_1_0_+disjointig_1_0_999690 316821 331778 999690 -1 -1 12207 0.0418399
Chain
	Aln	1	+HG004_ont_1292_start_691687 1 14988 15000 -edge_1_0_+disjointig_1_0_999690 691682 706669 999690 -1 -1 12433 0.0384595
Chain
	Aln	0	-HG004_ont_1292_start_691687 11 14998 15000 +edge_1_0_+disjointig_1_0_999690 293020 308007 999690 -1 -1 12433 0.0384595
Chain
	Aln	1	+HG004_ont_1293_start_355793 11 14998 15000 -edge_1_0_+disjointig_1_0_999690 355798 370785 999690 -1 -1 12094 0.0424807
Chain
	Aln	0	-HG004_ont_1293_start_355793 1 14988 15000 +edge_1_0_+disjointig_1_0_999690 628904 643891 999690 -1 -1 12094 0.0424807
Chain
	Aln	1	+HG004_ont_1294_start_493227 1 14993 15000 -edge_1_0_+disjointig_1_0_999690 493222 508214 999690 -1 -1 12127 0.0422343
Chain
	Aln	0	-HG004_ont_1294_start_493227 6 14998 15000 +edge_1_0_+disjointig_1_0_999690 491475 506467 999690 -1 -1 12127 0.0422343
Chain
	Aln	1	+HG004_ont_1296_start_722108 12 14998 15000 -edge_1_0_+disjointig_1_0_999690 722114 737100 999690 -1 -1 12255 0.0410636
Chain
	Aln	0	-HG004_ont_1296_start_722108 1 14987 15000 +edge_1_0_+disjointig_1_0_999690 262589 277575 999690 -1 -1 12255 0.0410636
Chain
	Aln	1	+HG004_ont_1295_start_785087 0 14998 15000 -edge_1_0_+disjointig_1_0_999690 785081 800079 999690 -1 -1 12374 0.0394384
Chain
	Aln	0	-HG004_ont_1295_start_785087 1 14999 15000 +edge_1_0_+disjointig_1_0_999690 199610 214608 999690 -1 -1 12374 0.0394384
Chain
	Aln	1	+HG004_ont_1297_start_594968 1 14958 15000 -edge_1_0_+disjointig_1_0_999690 594963 609920 999690 -1 -1 12301 0.0426302
Chain
	Aln	0	-HG004_ont_1297_start_594968 41 14998 15000 +edge_1_0_+disjointig_1_0_999690 389769 404726 999690 -1 -1 12301 0.0426302
Chain
	Aln	1	+HG004_ont_1298_start_181271 3 14998 15000 -edge_1_0_+disjointig_1_0_999690 181268 196263 999690 -1 -1 12347 0.0410043
Chain
	Aln	0	-HG004_ont_1298_start_181271 1 14996 15000 +edge_1_0_+disjointig_1_0_999690 803426 818421 999690 -1 -1 12347 0.0410043
Chain
	Aln	1	+HG004_ont_1299_start_969455 1 14998 15000 -edge_1_0_+disjointig_1_0_999690 969450 984447 999690 -1 -1 12363 0.0402608
Chain
	Aln	0	-HG004_ont_1299_start_969455 1 14998 15000 +edge_1_0_+disjointig_1_0_999690 15242 30239 999690 -1 -1 12363 0.0402608
Chain
	Aln	1	+HG004_ont_1300_start_538844 1 14998 15000 -edge_1_0_+disjointig_1_0_999690 538839 553836 999690 -1 -1 11892 0.0424715
Chain
	Aln	0	-HG004_ont_1300_start_538844 1 14998 15000 +edge_1_0_+disjointig_1_0_999690 445853 460850 999690 -1 -1 11892 0.0424715
Chain
	Aln	1	+HG004_ont_1301_start_602377 10 14998 15000 -edge_1_0_+disjointig_1_0_999690 602381 617369 999690 -1 -1 12229 0.0410241
Chain
	Aln	0	-HG004_ont_1301_start_602377 1 14989 15000 +edge_1_0_+disjointig_1_0_999690 382320 397308 999690 -1 -1 12229 0.0410241
Chain
	Aln	1	+HG004_ont_1302_start_930364 0 14998 15000 -edge_1_0_+disjointig_1_0_999690 930358 945356 999690 -1 -1 12327 0.0394307
Chain
	Aln	0	-HG004_ont_1302_start_930364 1 14999 15000 +edge_1_0_+disjointig_1_0_999690 54333 69331 999690 -1 -1 12327 0.0394307
Chain
	Aln	1	+HG004_ont_1303_start_956548 10 14940 15000 -edge_1_0_+disjointig_1_0_999690 956552 971482 999690 -1 -1 12107 0.0413823
Chain
	Aln	0	-HG004_ont_1303_start_956548 59 14989 15000 +edge_1_0_+disjointig_1_0_999690 28207 43137 999690 -1 -1 12107 0.0413823
Chain
	Aln	1	+HG004_ont_1304_start_197568 1 14984 15000 -edge_1_0_+disjointig_1_0_999690 197563 212546 999690 -1 -1 12516 0.0362876
Chain
	Aln	0	-HG004_ont_1304_start_197568 15 14998 15000 +edge_1_0_+disjointig_1_0_999690 787143 802126 999690 -1 -1 12516 0.0362876
Chain
	Aln	1	+HG004_ont_1305_start_543990 18 14979 15000 -edge_1_0_+disjointig_1_0_999690 544002 558963 999690 -1 -1 12217 0.0413929
Chain
	Aln	0	-HG004_ont_1305_start_543990 20 14981 15000 +edge_1_0_+disjointig_1_0_999690 440726 455687 999690 -1 -1 12217 0.0413929
Chain
	Aln	1	+HG004_ont_1306_start_984385 0 14998 15000 -edge_1_0_+disjointig_1_0_999690 984379 999377 999690 -1 -1 12043 0.0445212
Chain
	Aln	0	-HG004_ont_1306_start_984385 1 14999 15000 +edge_1_0_+disjointig_1_0_999690 312 15310 999690 -1 -1 12043 0.0445212
Chain
	Aln	1	+HG004_ont_1307_start_115241 31 14998 15000 -edge_1_0_+disjointig_1_0_999690 115266 130233 999690 -1 -1 12223 0.0437014
Chain
	Aln	0	-HG004_ont_1307_start_115241 1 14968 15000 +edge_1_0_+disjointig_1_0_999690 869456 884423 999690 -1 -1 12223 0.0437014
Chain
	Aln	1	+HG004_ont_1308_start_874639 9 14998 15000 -edge_1_0_+disjointig_1_0_999690 874642 889631 999690 -1 -1 12464 0.04069
Chain
	Aln	0	-HG004_ont_1308_start_874639 1 14990 15000 +edge_1_0_+disjointig_1_0_999690 110058 125047 999690 -1 -1 12464 0.04069
Chain
	Aln	1	+HG004_ont_1309_start_496269 29 14964 15000 -edge_1_0_+disjointig_1_0_999690 496292 511227 999690 -1 -1 12260 0.0403211
Chain
	Aln	0	-HG004_ont_1309_start_496269 35 14970 15000 +edge_1_0_+disjointig_1_0_999690 488462 503397 999690 -1 -1 12260 0.0403211
Chain
	Aln	1	+HG004_ont_1310_start_717543 25 14981 15000 -edge_1_0_+disjointig_1_0_999690 717562 732518 999690 -1 -1 12458 0.0403569
Chain
	Aln	0	-HG004_ont_1310_start_717543 18 14974 15000 +edge_1_0_+disjointig_1_0_999690 267171 282127 999690 -1 -1 12458 0.0403569
Chain
	Aln	1	+HG004_ont_1311_start_774921 5 14998 15000 -edge_1_0_+disjointig_1_0_999690 774920 789913 999690 -1 -1 12409 0.0392733
Chain
	Aln	0	-HG004_ont_1311_start_774921 1 14994 15000 +edge_1_0_+disjointig_1_0_999690 209776 224769 999690 -1 -1 12409 0.0392733
Chain
	Aln	1	+HG004_ont_1312_start_791761 29 14998 15000 -edge_1_0_+disjointig_1_0_999690 791784 806753 999690 -1 -1 12268 0.0421681
Chain
	Aln	0	-HG004_ont_1312_start_791761 1 14970 15000 +edge_1_0_+disjointig_1_0_999690 192936 207905 999690 -1 -1 12268 0.0421681
Chain
	Aln	1	+HG004_ont_1313_start_276965 1 14998 15000 -edge_1_0_+disjointig_1_0_999690 276960 291957 999690 -1 -1 12099 0.0414549
Chain
	Aln	0	-HG004_ont_1313_start_276965 1 14998 15000 +edge_1_0_+disjointig_1_0_999690 707732 722729 999690 -1 -1 12099 0.0414549
Chain
	Aln	1	+HG004_ont_1314_start_364989 1 14998 15000 -edge_1_0_+disjointig_1_0_999690 364984 379981 999690 -1 -1 12374 0.0427143
Chain
	Aln	0	-HG004_ont_1314_start_364989 1 14998 15000 +edge_1_0_+disjointig_1_0_999690 619708 634705 999690 -1 -1 12374 0.0427143
Chain
	Aln	1	+HG004_ont_1315_start_837584 20 14998 15000 -edge_1_0_+disjointig_1_0_999690 837598 852576 999690 -1 -1 12345 0.0395827
Chain
	Aln	0	-HG004_ont_1315_start_837584 1 14979 15000 +edge_1_0_+disjointig_1_0_999690 147113 162091 999690 -1 -1 12345 0.0395827
Chain
	Aln	1	+HG004_ont_1316_start_790467 7 14986 15000 -edge_1_0_+disjointig_1_0_999690 790468 805447 999690 -1 -1 12055 0.0417345
Chain
	Aln	0	-HG004_ont_1316_start_790467 13 14992 15000 +edge_1_0_+disjointig_1_0_999690 194242 209221 999690 -1 -1 12055 0.0417345
Chain
	Aln	1	+HG004_ont_1317_start_78974 26 14998 15000 -edge_1_0_+disjointig_1_0_999690 78994 93966 999690 -1 -1 12162 0.0408589
Chain
	Aln	0	-HG004_ont_1317_start_78974 1 14973 15000 +edge_1_0_+disjointig_1_0_999690 905723 920695 999690 -1 -1 12162 0.0408589
Chain
	Aln	1	+HG004_ont_1318_start_873508 33 14982 15000 -edge_1_0_+disjointig_1_0_999690 873535 888484 999690 -1 -1 12485 0.0384008
Chain
	Aln	0	-HG004_ont_1318_start_873508 17 14966 15000 +edge_1_0_+disjointig_1_0_999690 111205 126154 999690 -1 -1 12485 0.0384008
Chain
	Aln	1	+HG004_ont_1319_start_170915 53 14998 15000 -edge_1_0_+disjointig_1_0_999690 170962 185907 999690 -1 -1 12273 0.041905
Chain
	Aln	0	-HG004_ont_1319_start_170915 1 14946 15000 +edge_1_0_+disjointig_1_0_999690 813782 828727 999690 -1 -1 12273 0.041905
Chain
	Aln	1	+HG004_ont_1320_start_968094 12 14987 15000 -edge_1_0_+disjointig_1_0_999690 968100 983075 999690 -1 -1 12403 0.0386393
Chain
	Aln	0	-HG004_ont_1320_start_968094 12 14987 15000 +edge_1_0_+disjointig_1_0_999690 16614 31589 999690 -1 -1 12403 0.0386393
Chain
	Aln	1	+HG004_ont_1321_start_39900 1 14984 15000 -edge_1_0_+disjointig_1_0_999690 39895 54878 999690 -1 -1 12346 0.0399652
Chain
	Aln	0	-HG004_ont_1321_start_39900 15 14998 15000 +edge_1_0_+disjointig_1_0_999690 944811 959794 999690 -1 -1 12346 0.0399652
Chain
	Aln	1	+HG004_ont_1322_start_433635 5 14998 15000 -edge_1_0_+disjointig_1_0_999690 433634 448627 999690 -1 -1 12341 0.0405413
Chain
	Aln	0	-HG004_ont_1322_start_433635 1 14994 15000 +edge_1_0_+disjointig_1_0_999690 551062 566055 999690 -1 -1 12341 0.0405413
Chain
	Aln	1	+HG004_ont_1324_start_439797 18 14998 15000 -edge_1_0_+disjointig_1_0_999690 439809 454789 999690 -1 -1 12453 0.0391305
Chain
	Aln	0	-HG004_ont_1324_start_439797 1 14981 15000 +edge_1_0_+disjointig_1_0_999690 544900 559880 999690 -1 -1 12453 0.0391305
Chain
	Aln	1	+HG004_ont_1323_start_496573 22 14978 15000 -edge_1_0_+disjointig_1_0_999690 496589 511545 999690 -1 -1 12217 0.0416281
Chain
	Aln	0	-HG004_ont_1323_start_496573 21 14977 15000 +edge_1_0_+disjointig_1_0_999690 488144 503100 999690 -1 -1 12217 0.0416281
Chain
	Aln	1	+HG004_ont_1325_start_470076 0 14998 15000 -edge_1_0_+disjointig_1_0_999690 470070 485068 999690 -1 -1 12455 0.0389421
Chain
	Aln	0	-HG004_ont_1325_start_470076 1 14999 15000 +edge_1_0_+disjointig_1_0_999690 514621 529619 999690 -1 -1 12455 0.0389421
Chain
	Aln	1	+HG004_ont_1326_start_700900 6 14915 15000 -edge_1_0_+disjointig_1_0_999690 700900 715809 999690 -1 -1 11668 0.0476761
Chain
	Aln	0	-HG004_ont_1326_start_700900 84 14993 15000 +edge_1_0_+disjointig_1_0_999690 283880 298789 999690 -1 -1 11668 0.0476761
Chain
	Aln	1	+HG004_ont_1327_start_470239 8 14987 15000 -edge_1_0_+disjointig_1_0_999690 470241 485220 999690 -1 -1 12541 0.037977
Chain
	Aln	0	-HG004_ont_1327_start_470239 12 14991 15000 +edge_1_0_+disjointig_1_0_999690 514469 529448 999690 -1 -1 12541 0.037977
Chain
	Aln	1	+HG004_ont_1328_start_452350 22 14995 15000 -edge_1_0_+disjointig_1_0_999690 452366 467339 999690 -1 -1 12280 0.0401899
Chain
	Aln	0	-HG004_ont_1328_start_452350 4 14977 15000 +edge_1_0_+disjointig_1_0_999690 532350 547323 999690 -1 -1 12280 0.0401899
Chain
	Aln	1	+HG004_ont_1329_start_311148 3 14988 15000 -edge_1_0_+disjointig_1_0_999690 311145 326130 999690 -1 -1 12152 0.0397412
Chain
	Aln	0	-HG004_ont_1329_start_311148 11 14996 15000 +edge_1_0_+disjointig_1_0_999690 673559 688544 999690 -1 -1 12152 0.0397412
Chain
	Aln	1	+HG004_ont_1330_start_887526 0 14980 15000 -edge_1_0_+disjointig_1_0_999690 887520 902500 999690 -1 -1 12309 0.0398683
Chain
	Aln	0	-HG004_ont_1330_start_887526 19 14999 15000 +edge_1_0_+disjointig_1_0_999690 97189 112169 999690 -1 -1 12309 0.0398683
Chain
	Aln	1	+HG004_ont_1331_start_248676 0 14991 15000 -edge_1_0_+disjointig_1_0_999690 248670 263661 999690 -1 -1 12323 0.0418135
Chain
	Aln	0	-HG004_ont_1331_start_248676 8 14999 15000 +edge_1_0_+disjointig_1_0_999690 736028 751019 999690 -1 -1 12323 0.0418135
Chain
	Aln	1	+HG004_ont_1332_start_86844 1 14998 15000 -edge_1_0_+disjointig_1_0_999690 86839 101836 999690 -1 -1 12512 0.0397266
Chain
	Aln	0	-HG004_ont_1332_start_86844 1 14998 15000 +edge_1_0_+disjointig_1_0_999690 897853 912850 999690 -1 -1 12512 0.0397266
Chain
	Aln	1	+HG004_ont_1333_start_491715 1 14998 15000 -edge_1_0_+disjointig_1_0_999690 491710 506707 999690 -1 -1 12332 0.0416377
Chain
	Aln	0	-HG004_ont_1333_start_491715 1 14998 15000 +edge_1_0_+disjointig_1_0_999690 492982 507979 999690 -1 -1 12332 0.0416377
Chain
	Aln	1	+HG004_ont_1334_start_162999 1 14998 15000 -edge_1_0_+disjointig_1_0_999690 162994 177991 999690 -1 -1 12444 0.0374589
Chain
	Aln	0	-HG004_ont_1334_start_162999 1 14998 15000 +edge_1_0_+disjointig_1_0_999690 821698 836695 999690 -1 -1 12444 0.0374589
Chain
	Aln	1	+HG004_ont_1335_start_68437 1 14998 15000 -edge_1_0_+disjointig_1_0_999690 68432 83429 999690 -1 -1 12264 0.0399118
Chain
	Aln	0	-HG004_ont_1335_start_68437 1 14998 15000 +edge_1_0_+disjointig_1_0_999690 916260 931257 999690 -1 -1 12264 0.0399118
Chain
	Aln	1	+HG004_ont_1336_start_322300 18 14998 15000 -edge_1_0_+disjointig_1_0_999690 322312 337292 999690 -1 -1 12368 0.040031
Chain
	Aln	0	-HG004_ont_1336_start_322300 1 14981 15000 +edge_1_0_+disjointig_1_0_999690 662397 677377 999690 -1 -1 12368 0.040031
Chain
	Aln	1	+HG004_ont_1338_start_41604 1 14998 15000 -edge_1_0_+disjointig_1_0_999690 41599 56596 999690 -1 -1 12211 0.041328
Chain
	Aln	0	-HG004_ont_1338_start_41604 1 14998 15000 +edge_1_0_+disjointig_1_0_999690 943093 958090 999690 -1 -1 12211 0.041328
Chain
	Aln	1	+HG004_ont_1337_start_376183 1 14998 15000 -edge_1_0_+disjointig_1_0_999690 376178 391175 999690 -1 -1 12386 0.041973
Chain
	Aln	0	-HG004_ont_1337_start_376183 1 14998 15000 +edge_1_0_+disjointig_1_0_999690 608514 623511 999690 -1 -1 12386 0.041973
Chain
	Aln	1	+HG004_ont_1339_start_419822 31 14989 15000 -edge_1_0_+disjointig_1_0_999690 419847 434805 999690 -1 -1 12238 0.039836
Chain
	Aln	0	-HG004_ont_1339_start_419822 10 14968 15000 +edge_1_0_+disjointig_1_0_999690 564884 579842 999690 -1 -1 12238 0.039836
Chain
	Aln	1	+HG004_ont_1340_start_857197 27 14998 15000 -edge_1_0_+disjointig_1_0_999690 857218 872189 999690 -1 -1 12197 0.0389731
Chain
	Aln	0	-HG004_ont_1340_start_857197 1 14972 15000 +edge_1_0_+disjointig_1_0_999690 127500 142471 999690 -1 -1 12197 0.0389731
Chain
	Aln	1	+HG004_ont_1341_start_560827 1 14988 15000 -edge_1_0_+disjointig_1_0_999690 560822 575809 999690 -1 -1 11997 0.0432699
Chain
	Aln	0	-HG004_ont_1341_start_560827 11 14998 15000 +edge_1_0_+disjointig_1_0_999690 423880 438867 999690 -1 -1 11997 0.0432699
Chain
	Aln	1	+HG004_ont_1342_start_845083 0 14998 15000 -edge_1_0_+disjointig_1_0_999690 845077 860075 999690 -1 -1 12270 0.040741
Chain
	Aln	0	-HG004_ont_1342_start_845083 1 14999 15000 +edge_1_0_+disjointig_1_0_999690 139614 154612 999690 -1 -1 12270 0.040741
Chain
	Aln	1	+HG004_ont_1343_start_207231 1 14972 15000 -edge_1_0_+disjointig_1_0_999690 207226 222197 999690 -1 -1 12294 0.0422243
Chain
	Aln	0	-HG004_ont_1343_start_207231 27 14998 15000 +edge_1_0_+disjointig_1_0_999690 777492 792463 999690 -1 -1 12294 0.0422243
Chain
	Aln	1	+HG004_ont_1344_start_652017 10 14998 15000 -edge_1_0_+disjointig_1_0_999690 652021 667009 999690 -1 -1 12035 0.0437508
Chain
	Aln	0	-HG004_ont_1344_start_652017 1 14989 15000 +edge_1_0_+disjointig_1_0_999690 332680 347668 999690 -1 -1 12035 0.0437508
Chain
	Aln	1	+HG004_ont_1345_start_197983 7 14990 15000 -edge_1_0_+disjointig_1_0_999690 197984 212967 999690 -1 -1 12271 0.0399265
Chain
	Aln	0	-HG004_ont_1345_start_197983 9 14992 15000 +edge_1_0_+disjointig_1_0_999690 786722 801705 999690 -1 -1 12271 0.0399265
Chain
	Aln	1	+HG004_ont_1346_start_906738 1 14995 15000 -edge_1_0_+disjointig_1_0_999690 906733 921727 999690 -1 -1 12211 0.0405609
Chain
	Aln	0	-HG004_ont_1346_start_906738 4 14998 15000 +edge_1_0_+disjointig_1_0_999690 77962 92956 999690 -1 -1 12211 0.0405609
Chain
	Aln	1	+HG004_ont_1347_start_35537 28 14986 15000 -edge_1_0_+disjointig_1_0_999690 35559 50517 999690 -1 -1 11961 0.043848
Chain
	Aln	0	-HG004_ont_1347_start_35537 13 14971 15000 +edge_1_0_+disjointig_1_0_999690 949172 964130 999690 -1 -1 11961 0.043848
Chain
	Aln	1	+HG004_ont_1348_start_406709 1 14991 15000 -edge_1_0_+disjointig_1_0_999690 406704 421694 999690 -1 -1 12121 0.0408745
Chain
	Aln	0	-HG004_ont_1348_start_406709 8 14998 15000 +edge_1_0_+disjointig_1_0_999690 577995 592985 999690 -1 -1 12121 0.0408745
Chain
	Aln	1	+HG004_ont_1350_start_735394 52 14998 15000 -edge_1_0_+disjointig_1_0_999690 735440 750386 999690 -1 -1 12200 0.0408354
Chain
	Aln	0	-HG004_ont_1350_start_735394 1 14947 15000 +edge_1_0_+disjointig_1_0_999690 249303 264249 999690 -1 -1 12200 0.0408354
Chain
	Aln	1	+HG004_ont_1349_start_401427 1 14992 15000 -edge_1_0_+disjointig_1_0_999690 401422 416413 999690 -1 -1 12442 0.0391355
Chain
	Aln	0	-HG004_ont_1349_start_401427 7 14998 15000 +edge_1_0_+disjointig_1_0_999690 583276 598267 999690 -1 -1 12442 0.0391355
Chain
	Aln	1	+HG004_ont_1351_start_401057 6 14998 15000 -edge_1_0_+disjointig_1_0_999690 401057 416049 999690 -1 -1 12251 0.0390098
Chain
	Aln	0	-HG004_ont_1351_start_401057 1 14993 15000 +edge_1_0_+disjointig_1_0_999690 583640 598632 999690 -1 -1 12251 0.0390098
Chain
	Aln	1	+HG004_ont_1352_start_403572 1 14944 15000 -edge_1_0_+disjointig_1_0_999690 403567 418510 999690 -1 -1 12066 0.0442466
Chain
	Aln	0	-HG004_ont_1352_start_403572 55 14998 15000 +edge_1_0_+disjointig_1_0_999690 581179 596122 999690 -1 -1 12066 0.0442466
Chain
	Aln	1	+HG004_ont_1353_start_214319 56 14985 15000 -edge_1_0_+disjointig_1_0_999690 214369 229298 999690 -1 -1 12118 0.0402819
Chain
	Aln	0	-HG004_ont_1353_start_214319 14 14943 15000 +edge_1_0_+disjointig_1_0_999690 770391 785320 999690 -1 -1 12118 0.0402819
Chain
	Aln	1	+HG004_ont_1354_start_278116 7 14984 15000 -edge_1_0_+disjointig_1_0_999690 278117 293094 999690 -1 -1 11935 0.0445392
Chain
	Aln	0	-HG004_ont_1354_start_278116 15 14992 15000 +edge_1_0_+disjointig_1_0_999690 706595 721572 999690 -1 -1 11935 0.0445392
Chain
	Aln	1	+HG004_ont_1355_start_156024 1 14982 15000 -edge_1_0_+disjointig_1_0_999690 156019 171000 999690 -1 -1 12032 0.0416705
Chain
	Aln	0	-HG004_ont_1355_start_156024 17 14998 15000 +edge_1_0_+disjointig_1_0_999690 828689 843670 999690 -1 -1 12032 0.0416705
Chain
	Aln	1	+HG004_ont_1356_start_236969 1 14998 15000 -edge_1_0_+disjointig_1_0_999690 236964 251961 999690 -1 -1 12280 0.0406587
Chain
	Aln	0	-HG004_ont_1356_start_236969 1 14998 15000 +edge_1_0_+disjointig_1_0_999690 747728 762725 999690 -1 -1 12280 0.0406587
Chain
	Aln	1	+HG004_ont_1357_start_743830 8 14998 15000 -edge_1_0_+disjointig_1_0_999690 743832 758822 999690 -1 -1 12081 0.0423392
Chain
	Aln	0	-HG004_ont_1357_start_743830 1 14991 15000 +edge_1_0_+disjointig_1_0_999690 240867 255857 999690 -1 -1 12081 0.0423392
Chain
	Aln	1	+HG004_ont_1358_start_953198 18 14998 15000 -edge_1_0_+disjointig_1_0_999690 953210 968190 999690 -1 -1 12565 0.0378015
Chain
	Aln	0	-HG004_ont_1358_start_953198 1 14981 15000 +edge_1_0_+disjointig_1_0_999690 31499 46479 999690 -1 -1 12565 0.0378015
Chain
	Aln	1	+HG004_ont_1360_start_933603 0 14998 15000 -edge_1_0_+disjointig_1_0_999690 933597 948595 999690 -1 -1 12397 0.0400009
Chain
	Aln	0	-HG004_ont_1360_start_933603 1 14999 15000 +edge_1_0_+disjointig_1_0_999690 51094 66092 999690 -1 -1 12397 0.0400009
Chain
	Aln	1	+HG004_ont_1359_start_611784 2 14998 15000 -edge_1_0_+disjointig_1_0_999690 611780 626776 999690 -1 -1 12320 0.0399698
Chain
	Aln	0	-HG004_ont_1359_start_611784 1 14997 15000 +edge_1_0_+disjointig_1_0_999690 372913 387909 999690 -1 -1 12320 0.0399698
Chain
	Aln	1	+HG004_ont_1361_start_458243 1 14981 15000 -edge_1_0_+disjointig_1_0_999690 458238 473218 999690 -1 -1 12441 0.0395906
Chain
	Aln	0	-HG004_ont_1361_start_458243 18 14998 15000 +edge_1_0_+disjointig_1_0_999690 526471 541451 999690 -1 -1 12441 0.0395906
Chain
	Aln	1	+HG004_ont_1362_start_854933 1 14998 15000 -edge_1_0_+disjointig_1_0_999690 854928 869925 999690 -1 -1 12542 0.0406118
Chain
	Aln	0	-HG004_ont_1362_start_854933 1 14998 15000 +edge_1_0_+disjointig_1_0_999690 129764 144761 999690 -1 -1 12542 0.0406118
Chain
	Aln	1	+HG004_ont_1364_start_145220 1 14998 15000 -edge_1_0_+disjointig_1_0_999690 145215 160212 999690 -1 -1 12176 0.0423747
Chain
	Aln	0	-HG004_ont_1364_start_145220 1 14998 15000 +edge_1_0_+disjointig_1_0_999690 839477 854474 999690 -1 -1 12176 0.0423747
Chain
	Aln	1	+HG004_ont_1363_start_877622 1 14998 15000 -edge_1_0_+disjointig_1_0_999690 877617 892614 999690 -1 -1 12742 0.0351755
Chain
	Aln	0	-HG004_ont_1363_start_877622 1 14998 15000 +edge_1_0_+disjointig_1_0_999690 107075 122072 999690 -1 -1 12742 0.0351755
Chain
	Aln	1	+HG004_ont_1366_start_551388 10 14998 15000 -edge_1_0_+disjointig_1_0_999690 551392 566380 999690 -1 -1 12532 0.0379599
Chain
	Aln	0	-HG004_ont_1366_start_551388 1 14989 15000 +edge_1_0_+disjointig_1_0_999690 433309 448297 999690 -1 -1 12532 0.0379599
Chain
	Aln	1	+HG004_ont_1365_start_542079 1 14998 15000 -edge_1_0_+disjointig_1_0_999690 542074 557071 999690 -1 -1 12182 0.041941
Chain
	Aln	0	-HG004_ont_1365_start_542079 1 14998 15000 +edge_1_0_+disjointig_1_0_999690 442618 457615 999690 -1 -1 12182 0.041941
Chain
	Aln	1	+HG004_ont_1367_start_556788 17 14998 15000 -edge_1_0_+disjointig_1_0_999690 556799 571780 999690 -1 -1 12151 0.0442208
Chain
	Aln	0	-HG004_ont_1367_start_556788 1 14982 15000 +edge_1_0_+disjointig_1_0_999690 427909 442890 999690 -1 -1 12151 0.0442208
Chain
	Aln	1	+HG004_ont_1368_start_8288 27 14990 15000 -edge_1_0_+disjointig_1_0_999690 8309 23272 999690 -1 -1 11999 0.0421204
Chain
	Aln	0	-HG004_ont_1368_start_8288 9 14972 15000 +edge_1_0_+disjointig_1_0_999690 976417 991380 999690 -1 -1 11999 0.0421204
Chain
	Aln	1	+HG004_ont_1370_start_699694 1 14994 15000 -edge_1_0_+disjointig_1_0_999690 699689 714682 999690 -1 -1 12142 0.0423751
Chain
	Aln	0	-HG004_ont_1370_start_699694 5 14998 15000 +edge_1_0_+disjointig_1_0_999690 285007 300000 999690 -1 -1 12142 0.0423751
Chain
	Aln	1	+HG004_ont_1369_start_283978 17 14998 15000 -edge_1_0_+disjointig_1_0_999690 283989 298970 999690 -1 -1 12125 0.0415669
Chain
	Aln	0	-HG004_ont_1369_start_283978 1 14982 15000 +edge_1_0_+disjointig_1_0_999690 700719 715700 999690 -1 -1 12125 0.0415669
Chain
	Aln	1	+HG004_ont_1371_start_707219 1 14992 15000 -edge_1_0_+disjointig_1_0_999690 707214 722205 999690 -1 -1 12192 0.0405726
Chain
	Aln	0	-HG004_ont_1371_start_707219 7 14998 15000 +edge_1_0_+disjointig_1_0_999690 277484 292475 999690 -1 -1 12192 0.0405726
Chain
	Aln	1	+HG004_ont_1372_start_842404 0 14998 15000 -edge_1_0_+disjointig_1_0_999690 842398 857396 999690 -1 -1 12273 0.0405922
Chain
	Aln	0	-HG004_ont_1372_start_842404 1 14999 15000 +edge_1_0_+disjointig_1_0_999690 142293 157291 999690 -1 -1 12273 0.0405922
Chain
	Aln	1	+HG004_ont_1373_start_857488 0 14984 15000 -edge_1_0_+disjointig_1_0_999690 857482 872466 999690 -1 -1 12365 0.0414515
Chain
	Aln	0	-HG004_ont_1373_start_857488 15 14999 15000 +edge_1_0_+disjointig_1_0_999690 127223 142207 999690 -1 -1 12365 0.0414515
Chain
	Aln	1	+HG004_ont_1374_start_526635 1 14998 15000 -edge_1_0_+disjointig_1_0_999690 526630 541627 999690 -1 -1 12548 0.038597
Chain
	Aln	0	-HG004_ont_1374_start_526635 1 14998 15000 +edge_1_0_+disjointig_1_0_999690 458062 473059 999690 -1 -1 12548 0.038597
Chain
	Aln	1	+HG004_ont_1375_start_918498 9 14997 15000 -edge_1_0_+disjointig_1_0_999690 918501 933489 999690 -1 -1 12544 0.0389561
Chain
	Aln	0	-HG004_ont_1375_start_918498 2 14990 15000 +edge_1_0_+disjointig_1_0_999690 66200 81188 999690 -1 -1 12544 0.0389561
Chain
	Aln	1	+HG004_ont_1376_start_863299 6 14984 15000 -edge_1_0_+disjointig_1_0_999690 863299 878277 999690 -1 -1 12101 0.0414915
Chain
	Aln	0	-HG004_ont_1376_start_863299 15 14993 15000 +edge_1_0_+disjointig_1_0_999690 121412 136390 999690 -1 -1 12101 0.0414915
Chain
	Aln	1	+HG004_ont_1377_start_896780 1 14998 15000 -edge_1_0_+disjointig_1_0_999690 896775 911772 999690 -1 -1 11849 0.0449368
Chain
	Aln	0	-HG004_ont_1377_start_896780 1 14998 15000 +edge_1_0_+disjointig_1_0_999690 87917 102914 999690 -1 -1 11849 0.0449368
Chain
	Aln	1	+HG004_ont_1378_start_249160 6 14998 15000 -edge_1_0_+disjointig_1_0_999690 249160 264152 999690 -1 -1 12234 0.0418894
Chain
	Aln	0	-HG004_ont_1378_start_249160 1 14993 15000 +edge_1_0_+disjointig_1_0_999690 735537 750529 999690 -1 -1 12234 0.0418894
Chain
	Aln	1	+HG004_ont_1379_start_189262 1 14998 15000 -edge_1_0_+disjointig_1_0_999690 189257 204254 999690 -1 -1 12141 0.042013
Chain
	Aln	0	-HG004_ont_1379_start_189262 1 14998 15000 +edge_1_0_+disjointig_1_0_999690 795435 810432 999690 -1 -1 12141 0.042013
Chain
	Aln	1	+HG004_ont_1380_start_847865 1 14998 15000 -edge_1_0_+disjointig_1_0_999690 847860 862857 999690 -1 -1 12269 0.0408705
Chain
	Aln	0	-HG004_ont_1380_start_847865 1 14998 15000 +edge_1_0_+disjointig_1_0_999690 136832 151829 999690 -1 -1 12269 0.0408705
Chain
	Aln	1	+HG004_ont_1381_start_432845 1 14998 15000 -edge_1_0_+disjointig_1_0_999690 432840 447837 999690 -1 -1 12121 0.0432109
Chain
	Aln	0	-HG004_ont_1381_start_432845 1 14998 15000 +edge_1_0_+disjointig_1_0_999690 551852 566849 999690 -1 -1 12121 0.0432109
Chain
	Aln	1	+HG004_ont_1382_start_420543 7 14975 15000 -edge_1_0_+disjointig_1_0_999690 420544 435512 999690 -1 -1 12131 0.0404588
Chain
	Aln	0	-HG004_ont_1382_start_420543 24 14992 15000 +edge_1_0_+disjointig_1_0_999690 564177 579145 999690 -1 -1 12131 0.0404588
Chain
	Aln	1	+HG004_ont_1383_start_758121 18 14998 15000 -edge_1_0_+disjointig_1_0_999690 758133 773113 999690 -1 -1 12092 0.0427287
Chain
	Aln	0	-HG004_ont_1383_start_758121 1 14981 15000 +edge_1_0_+disjointig_1_0_999690 226576 241556 999690 -1 -1 12092 0.0427287
Chain
	Aln	1	+HG004_ont_1384_start_72260 10 14998 15000 -edge_1_0_+disjointig_1_0_999690 72264 87252 999690 -1 -1 12455 0.0382976
Chain
	Aln	0	-HG004_ont_1384_start_72260 1 14989 15000 +edge_1_0_+disjointig_1_0_999690 912437 927425 999690 -1 -1 12455 0.0382976
Chain
	Aln	1	+HG004_ont_1385_start_867093 4 14998 15000 -edge_1_0_+disjointig_1_0_999690 867091 882085 999690 -1 -1 12344 0.0407724
Chain
	Aln	0	-HG004_ont_1385_start_867093 1 14995 15000 +edge_1_0_+disjointig_1_0_999690 117604 132598 999690 -1 -1 12344 0.0407724
Chain
	Aln	1	+HG004_ont_1386_start_133237 1 14998 15000 -edge_1_0_+disjointig_1_0_999690 133232 148229 999690 -1 -1 11925 0.0422057
Chain
	Aln	0	-HG004_ont_1386_start_133237 1 14998 15000 +edge_1_0_+disjointig_1_0_999690 851460 866457 999690 -1 -1 11925 0.0422057
Chain
	Aln	1	+HG004_ont_1388_start_206054 14 14998 15000 -edge_1_0_+disjointig_1_0_999690 206062 221046 999690 -1 -1 12410 0.0394756
Chain
	Aln	0	-HG004_ont_1388_start_206054 1 14985 15000 +edge_1_0_+disjointig_1_0_999690 778643 793627 999690 -1 -1 12410 0.0394756
Chain
	Aln	1	+HG004_ont_1389_start_508660 0 14998 15000 -edge_1_0_+disjointig_1_0_999690 508654 523652 999690 -1 -1 12264 0.0414191
Chain
	Aln	0	-HG004_ont_1389_start_508660 1 14999 15000 +edge_1_0_+disjointig_1_0_999690 476037 491035 999690 -1 -1 12264 0.0414191
Chain
	Aln	1	+HG004_ont_1387_start_152579 18 14998 15000 -edge_1_0_+disjointig_1_0_999690 152591 167571 999690 -1 -1 12520 0.0394752
Chain
	Aln	0	-HG004_ont_1387_start_152579 1 14981 15000 +edge_1_0_+disjointig_1_0_999690 832118 847098 999690 -1 -1 12520 0.0394752
Chain
	Aln	1	+HG004_ont_1390_start_728981 26 14998 15000 -edge_1_0_+disjointig_1_0_999690 729001 743973 999690 -1 -1 11878 0.0447293
Chain
	Aln	0	-HG004_ont_1390_start_728981 1 14973 15000 +edge_1_0_+disjointig_1_0_999690 255716 270688 999690 -1 -1 11878 0.0447293
Chain
	Aln	1	+HG004_ont_1392_start_873293 23 14983 15000 -edge_1_0_+disjointig_1_0_999690 873310 888270 999690 -1 -1 12426 0.0397511
Chain
	Aln	0	-HG004_ont_1392_start_873293 16 14976 15000 +edge_1_0_+disjointig_1_0_999690 111419 126379 999690 -1 -1 12426 0.0397511
Chain
	Aln	1	+HG004_ont_1391_start_768436 1 14996 15000 -edge_1_0_+disjointig_1_0_999690 768431 783426 999690 -1 -1 12463 0.0398499
Chain
	Aln	0	-HG004_ont_1391_start_768436 3 14998 15000 +edge_1_0_+disjointig_1_0_999690 216263 231258 999690 -1 -1 12463 0.0398499
Chain
	Aln	1	+HG004_ont_1393_start_18107 5 14998 15000 -edge_1_0_+disjointig_1_0_999690 18106 33099 999690 -1 -1 12124 0.0408627
Chain
	Aln	0	-HG004_ont_1393_start_18107 1 14994 15000 +edge_1_0_+disjointig_1_0_999690 966590 981583 999690 -1 -1 12124 0.0408627
Chain
	Aln	1	+HG004_ont_1394_start_264515 3 14998 15000 -edge_1_0_+disjointig_1_0_999690 264512 279507 999690 -1 -1 12302 0.0411068
Chain
	Aln	0	-HG004_ont_1394_start_264515 1 14996 15000 +edge_1_0_+disjointig_1_0_999690 720182 735177 999690 -1 -1 12302 0.0411068
Chain
	Aln	1	+HG004_ont_1395_start_594076 2 14971 15000 -edge_1_0_+disjointig_1_0_999690 594072 609041 999690 -1 -1 12541 0.040011
Chain
	Aln	0	-HG004_ont_1395_start_594076 28 14997 15000 +edge_1_0_+disjointig_1_0_999690 390648 405617 999690 -1 -1 12541 0.040011
Chain
	Aln	1	+HG004_ont_1397_start_555925 1 14990 15000 -edge_1_0_+disjointig_1_0_999690 555920 570909 999690 -1 -1 12269 0.040965
Chain
	Aln	0	-HG004_ont_1397_start_555925 9 14998 15000 +edge_1_0_+disjointig_1_0_999690 428780 443769 999690 -1 -1 12269 0.040965
Chain
	Aln	1	+HG004_ont_1396_start_407656 17 14998 15000 -edge_1_0_+disjointig_1_0_999690 407667 422648 999690 -1 -1 12188 0.0423442
Chain
	Aln	0	-HG004_ont_1396_start_407656 1 14982 15000 +edge_1_0_+disjointig_1_0_999690 577041 592022 999690 -1 -1 12188 0.0423442
Chain
	Aln	1	+HG004_ont_1398_start_77173 12 14984 15000 -edge_1_0_+disjointig_1_0_999690 77179 92151 999690 -1 -1 12136 0.041699
Chain
	Aln	0	-HG004_ont_1398_start_77173 15 14987 15000 +edge_1_0_+disjointig_1_0_999690 907538 922510 999690 -1 -1 12136 0.041699
Chain
	Aln	1	+HG004_ont_1399_start_409622 1 14978 15000 -edge_1_0_+disjointig_1_0_999690 409617 424594 999690 -1 -1 12001 0.043329
Chain
	Aln	0	-HG004_ont_1399_start_409622 21 14998 15000 +edge_1_0_+disjointig_1_0_999690 575095 590072 999690 -1 -1 12001 0.043329
Chain
	Aln	1	+HG004_ont_1401_start_84827 1 14989 15000 -edge_1_0_+disjointig_1_0_999690 84822 99810 999690 -1 -1 12468 0.0411582
Chain
	Aln	0	-HG004_ont_1401_start_84827 10 14998 15000 +edge_1_0_+disjointig_1_0_999690 899879 914867 999690 -1 -1 12468 0.0411582
Chain
	Aln	1	+HG004_ont_1402_start_53310 23 14973 15000 -edge_1_0_+disjointig_1_0_999690 53327 68277 999690 -1 -1 12322 0.0408984
Chain
	Aln	0	-HG004_ont_1402_start_53310 26 14976 15000 +edge_1_0_+disjointig_1_0_999690 931412 946362 999690 -1 -1 12322 0.0408984
Chain
	Aln	1	+HG004_ont_1400_start_397302 1 14998 15000 -edge_1_0_+disjointig_1_0_999690 397297 412294 999690 -1 -1 12442 0.0402685
Chain
	Aln	0	-HG004_ont_1400_start_397302 1 14998 15000 +edge_1_0_+disjointig_1_0_999690 587395 602392 999690 -1 -1 12442 0.0402685
Chain
	Aln	1	+HG004_ont_1403_start_566318 0 14998 15000 -edge_1_0_+disjointig_1_0_999690 566312 581310 999690 -1 -1 12254 0.0425239
Chain
	Aln	0	-HG004_ont_1403_start_566318 1 14999 15000 +edge_1_0_+disjointig_1_0_999690 418379 433377 999690 -1 -1 12254 0.0425239
Chain
	Aln	1	+HG004_ont_1406_start_498549 46 14944 15000 -edge_1_0_+disjointig_1_0_999690 498589 513487 999690 -1 -1 12261 0.0411765
Chain
	Aln	0	-HG004_ont_1406_start_498549 55 14953 15000 +edge_1_0_+disjointig_1_0_999690 486202 501100 999690 -1 -1 12261 0.0411765
Chain
	Aln	1	+HG004_ont_1404_start_379755 17 14998 15000 -edge_1_0_+disjointig_1_0_999690 379766 394747 999690 -1 -1 11886 0.042328
Chain
	Aln	0	-HG004_ont_1404_start_379755 1 14982 15000 +edge_1_0_+disjointig_1_0_999690 604942 619923 999690 -1 -1 11886 0.042328
Chain
	Aln	1	+HG004_ont_1405_start_157974 1 14998 15000 -edge_1_0_+disjointig_1_0_999690 157969 172966 999690 -1 -1 12653 0.0379279
Chain
	Aln	0	-HG004_ont_1405_start_157974 1 14998 15000 +edge_1_0_+disjointig_1_0_999690 826723 841720 999690 -1 -1 12653 0.0379279
Chain
	Aln	1	+HG004_ont_1407_start_421333 1 14998 15000 -edge_1_0_+disjointig_1_0_999690 421328 436325 999690 -1 -1 12271 0.0413597
Chain
	Aln	0	-HG004_ont_1407_start_421333 1 14998 15000 +edge_1_0_+disjointig_1_0_999690 563364 578361 999690 -1 -1 12271 0.0413597
Chain
	Aln	1	+HG004_ont_1409_start_70627 1 14998 15000 -edge_1_0_+disjointig_1_0_999690 70622 85619 999690 -1 -1 12012 0.0434485
Chain
	Aln	0	-HG004_ont_1409_start_70627 1 14998 15000 +edge_1_0_+disjointig_1_0_999690 914070 929067 999690 -1 -1 12012 0.0434485
Chain
	Aln	1	+HG004_ont_1410_start_913568 0 14992 15000 -edge_1_0_+disjointig_1_0_999690 913562 928554 999690 -1 -1 12183 0.0416579
Chain
	Aln	0	-HG004_ont_1410_start_913568 7 14999 15000 +edge_1_0_+disjointig_1_0_999690 71135 86127 999690 -1 -1 12183 0.0416579
Chain
	Aln	1	+HG004_ont_1408_start_399279 1 14998 15000 -edge_1_0_+disjointig_1_0_999690 399274 414271 999690 -1 -1 12612 0.0366928
Chain
	Aln	0	-HG004_ont_1408_start_399279 1 14998 15000 +edge_1_0_+disjointig_1_0_999690 585418 600415 999690 -1 -1 12612 0.0366928
Chain
	Aln	1	+HG004_ont_1411_start_186345 1 14994 15000 -edge_1_0_+disjointig_1_0_999690 186340 201333 999690 -1 -1 12185 0.0419013
Chain
	Aln	0	-HG004_ont_1411_start_186345 5 14998 15000 +edge_1_0_+disjointig_1_0_999690 798356 813349 999690 -1 -1 12185 0.0419013
Chain
	Aln	1	+HG004_ont_1413_start_156227 1 14993 15000 -edge_1_0_+disjointig_1_0_999690 156222 171214 999690 -1 -1 11935 0.0434043
Chain
	Aln	0	-HG004_ont_1413_start_156227 6 14998 15000 +edge_1_0_+disjointig_1_0_999690 828475 843467 999690 -1 -1 11935 0.0434043
Chain
	Aln	1	+HG004_ont_1412_start_94945 1 14998 15000 -edge_1_0_+disjointig_1_0_999690 94940 109937 999690 -1 -1 12448 0.0389914
Chain
	Aln	0	-HG004_ont_1412_start_94945 1 14998 15000 +edge_1_0_+disjointig_1_0_999690 889752 904749 999690 -1 -1 12448 0.0389914
Chain
	Aln	1	+HG004_ont_1414_start_528821 1 14998 15000 -edge_1_0_+disjointig_1_0_999690 528816 543813 999690 -1 -1 12475 0.0383029
Chain
	Aln	0	-HG004_ont_1414_start_528821 1 14998 15000 +edge_1_0_+disjointig_1_0_999690 455876 470873 999690 -1 -1 12475 0.0383029
Chain
	Aln	1	+HG004_ont_1416_start_504981 17 14988 15000 -edge_1_0_+disjointig_1_0_999690 504992 519963 999690 -1 -1 12281 0.0416871
Chain
	Aln	0	-HG004_ont_1416_start_504981 11 14982 15000 +edge_1_0_+disjointig_1_0_999690 479726 494697 999690 -1 -1 12281 0.0416871
Chain
	Aln	1	+HG004_ont_1417_start_621102 0 14986 15000 -edge_1_0_+disjointig_1_0_999690 621096 636082 999690 -1 -1 12248 0.0387659
Chain
	Aln	0	-HG004_ont_1417_start_621102 13 14999 15000 +edge_1_0_+disjointig_1_0_999690 363607 378593 999690 -1 -1 12248 0.0387659
Chain
	Aln	1	+HG004_ont_1415_start_286592 18 14978 15000 -edge_1_0_+disjointig_1_0_999690 286604 301564 999690 -1 -1 12240 0.0398284
Chain
	Aln	0	-HG004_ont_1415_start_286592 21 14981 15000 +edge_1_0_+disjointig_1_0_999690 698125 713085 999690 -1 -1 12240 0.0398284
Chain
	Aln	1	+HG004_ont_1418_start_453958 37 14980 15000 -edge_1_0_+disjointig_1_0_999690 453989 468932 999690 -1 -1 12481 0.0405014
Chain
	Aln	0	-HG004_ont_1418_start_453958 19 14962 15000 +edge_1_0_+disjointig_1_0_999690 530757 545700 999690 -1 -1 12481 0.0405014
Chain
	Aln	1	+HG004_ont_1419_start_623940 1 14998 15000 -edge_1_0_+disjointig_1_0_999690 623935 638932 999690 -1 -1 12262 0.0418131
Chain
	Aln	0	-HG004_ont_1419_start_623940 1 14998 15000 +edge_1_0_+disjointig_1_0_999690 360757 375754 999690 -1 -1 12262 0.0418131
Chain
	Aln	1	+HG004_ont_1420_start_357861 0 14998 15000 -edge_1_0_+disjointig_1_0_999690 357855 372853 999690 -1 -1 12436 0.0383595
Chain
	Aln	0	-HG004_ont_1420_start_357861 1 14999 15000 +edge_1_0_+disjointig_1_0_999690 626836 641834 999690 -1 -1 12436 0.0383595
Chain
	Aln	1	+HG004_ont_1421_start_973988 13 14998 15000 -edge_1_0_+disjointig_1_0_999690 973995 988980 999690 -1 -1 12343 0.0399963
Chain
	Aln	0	-HG004_ont_1421_start_973988 1 14986 15000 +edge_1_0_+disjointig_1_0_999690 10709 25694 999690 -1 -1 12343 0.0399963
Chain
	Aln	1	+HG004_ont_1423_start_579553 0 14998 15000 -edge_1_0_+disjointig_1_0_999690 579547 594545 999690 -1 -1 12121 0.0409059
Chain
	Aln	0	-HG004_ont_1423_start_579553 1 14999 15000 +edge_1_0_+disjointig_1_0_999690 405144 420142 999690 -1 -1 12121 0.0409059
Chain
	Aln	1	+HG004_ont_1422_start_623800 1 14998 15000 -edge_1_0_+disjointig_1_0_999690 623795 638792 999690 -1 -1 12407 0.0399196
Chain
	Aln	0	-HG004_ont_1422_start_623800 1 14998 15000 +edge_1_0_+disjointig_1_0_999690 360897 375894 999690 -1 -1 12407 0.0399196
Chain
	Aln	1	+HG004_ont_1424_start_224446 12 14983 15000 -edge_1_0_+disjointig_1_0_999690 224452 239423 999690 -1 -1 12281 0.0424583
Chain
	Aln	0	-HG004_ont_1424_start_224446 16 14987 15000 +edge_1_0_+disjointig_1_0_999690 760266 775237 999690 -1 -1 12281 0.0424583
Chain
	Aln	1	+HG004_ont_1425_start_858503 13 14998 15000 -edge_1_0_+disjointig_1_0_999690 858510 873495 999690 -1 -1 12340 0.0387923
Chain
	Aln	0	-HG004_ont_1425_start_858503 1 14986 15000 +edge_1_0_+disjointig_1_0_999690 126194 141179 999690 -1 -1 12340 0.0387923
Chain
	Aln	1	+HG004_ont_1426_start_612418 1 14997 15000 -edge_1_0_+disjointig_1_0_999690 612413 627409 999690 -1 -1 12263 0.0406626
Chain
	Aln	0	-HG004_ont_1426_start_612418 2 14998 15000 +edge_1_0_+disjointig_1_0_999690 372280 387276 999690 -1 -1 12263 0.0406626
Chain
	Aln	1	+HG004_ont_1428_start_879329 1 14998 15000 -edge_1_0_+disjointig_1_0_999690 879324 894321 999690 -1 -1 12479 0.0398578
Chain
	Aln	0	-HG004_ont_1428_start_879329 1 14998 15000 +edge_1_0_+disjointig_1_0_999690 105368 120365 999690 -1 -1 12479 0.0398578
Chain
	Aln	1	+HG004_ont_1427_start_272782 1 14998 15000 -edge_1_0_+disjointig_1_0_999690 272777 287774 999690 -1 -1 11892 0.0439101
Chain
	Aln	0	-HG004_ont_1427_start_272782 1 14998 15000 +edge_1_0_+disjointig_1_0_999690 711915 726912 999690 -1 -1 11892 0.0439101
Chain
	Aln	1	+HG004_ont_1429_start_825316 14 14990 15000 -edge_1_0_+disjointig_1_0_999690 825324 840300 999690 -1 -1 12306 0.0399997
Chain
	Aln	0	-HG004_ont_1429_start_825316 9 14985 15000 +edge_1_0_+disjointig_1_0_999690 159389 174365 999690 -1 -1 12306 0.0399997
Chain
	Aln	1	+HG004_ont_1430_start_199997 28 14957 15000 -edge_1_0_+disjointig_1_0_999690 200019 214948 999690 -1 -1 12125 0.0423902
Chain
	Aln	0	-HG004_ont_1430_start_199997 42 14971 15000 +edge_1_0_+disjointig_1_0_999690 784741 799670 999690 -1 -1 12125 0.0423902
Chain
	Aln	1	+HG004_ont_1431_start_203548 13 14998 15000 -edge_1_0_+disjointig_1_0_999690 203555 218540 999690 -1 -1 12082 0.0416703
Chain
	Aln	0	-HG004_ont_1431_start_203548 1 14986 15000 +edge_1_0_+disjointig_1_0_999690 781149 796134 999690 -1 -1 12082 0.0416703
Chain
	Aln	1	+HG004_ont_1432_start_207793 10 14998 15000 -edge_1_0_+disjointig_1_0_999690 207797 222785 999690 -1 -1 12448 0.0394452
Chain
	Aln	0	-HG004_ont_1432_start_207793 1 14989 15000 +edge_1_0_+disjointig_1_0_999690 776904 791892 999690 -1 -1 12448 0.0394452
Chain
	Aln	1	+HG004_ont_1433_start_953777 43 14998 15000 -edge_1_0_+disjointig_1_0_999690 953814 968769 999690 -1 -1 12306 0.0409181
Chain
	Aln	0	-HG004_ont_1433_start_953777 1 14956 15000 +edge_1_0_+disjointig_1_0_999690 30920 45875 999690 -1 -1 12306 0.0409181
Chain
	Aln	1	+HG004_ont_1434_start_900022 0 14982 15000 -edge_1_0_+disjointig_1_0_999690 900016 914998 999690 -1 -1 12202 0.0430132
Chain
	Aln	0	-HG004_ont_1434_start_900022 17 14999 15000 +edge_1_0_+disjointig_1_0_999690 84691 99673 999690 -1 -1 12202 0.0430132
Chain
	Aln	1	+HG004_ont_1435_start_538228 1 14981 15000 -edge_1_0_+disjointig_1_0_999690 538223 553203 999690 -1 -1 12129 0.0401474
Chain
	Aln	0	-HG004_ont_1435_start_538228 18 14998 15000 +edge_1_0_+disjointig_1_0_999690 446486 461466 999690 -1 -1 12129 0.0401474
Chain
	Aln	1	+HG004_ont_1436_start_878850 0 14998 15000 -edge_1_0_+disjointig_1_0_999690 878844 893842 999690 -1 -1 11902 0.043436
Chain
	Aln	0	-HG004_ont_1436_start_878850 1 14999 15000 +edge_1_0_+disjointig_1_0_999690 105847 120845 999690 -1 -1 11902 0.043436
Chain
	Aln	1	+HG004_ont_1437_start_308913 1 14998 15000 -edge_1_0_+disjointig_1_0_999690 308908 323905 999690 -1 -1 12536 0.0377265
Chain
	Aln	0	-HG004_ont_1437_start_308913 1 14998 15000 +edge_1_0_+disjointig_1_0_999690 675784 690781 999690 -1 -1 12536 0.0377265
Chain
	Aln	1	+HG004_ont_1438_start_706452 8 14990 15000 -edge_1_0_+disjointig_1_0_999690 706454 721436 999690 -1 -1 12422 0.0388869
Chain
	Aln	0	-HG004_ont_1438_start_706452 9 14991 15000 +edge_1_0_+disjointig_1_0_999690 278253 293235 999690 -1 -1 12422 0.0388869
Chain
	Aln	1	+HG004_ont_1439_start_923795 3 14998 15000 -edge_1_0_+disjointig_1_0_999690 923792 938787 999690 -1 -1 12082 0.0433915
Chain
	Aln	0	-HG004_ont_1439_start_923795 1 14996 15000 +edge_1_0_+disjointig_1_0_999690 60902 75897 999690 -1 -1 12082 0.0433915
Chain
	Aln	1	+HG004_ont_1440_start_538075 15 14994 15000 -edge_1_0_+disjointig_1_0_999690 538084 553063 999690 -1 -1 12662 0.0401046
Chain
	Aln	0	-HG004_ont_1440_start_538075 5 14984 15000 +edge_1_0_+disjointig_1_0_999690 446626 461605 999690 -1 -1 12662 0.0401046
Chain
	Aln	1	+HG004_ont_1441_start_38469 11 14998 15000 -edge_1_0_+disjointig_1_0_999690 38474 53461 999690 -1 -1 12285 0.0409571
Chain
	Aln	0	-HG004_ont_1441_start_38469 1 14988 15000 +edge_1_0_+disjointig_1_0_999690 946228 961215 999690 -1 -1 12285 0.0409571
Chain
	Aln	1	+HG004_ont_1442_start_17691 8 14994 15000 -edge_1_0_+disjointig_1_0_999690 17693 32679 999690 -1 -1 12046 0.0423477
Chain
	Aln	0	-HG004_ont_1442_start_17691 5 14991 15000 +edge_1_0_+disjointig_1_0_999690 967010 981996 999690 -1 -1 12046 0.0423477
Chain
	Aln	1	+HG004_ont_1443_start_165371 55 14998 15000 -edge_1_0_+disjointig_1_0_999690 165420 180363 999690 -1 -1 12199 0.0423644
Chain
	Aln	0	-HG004_ont_1443_start_165371 1 14944 15000 +edge_1_0_+disjointig_1_0_999690 819326 834269 999690 -1 -1 12199 0.0423644
Chain
	Aln	1	+HG004_ont_1444_start_489675 5 14998 15000 -edge_1_0_+disjointig_1_0_999690 489674 504667 999690 -1 -1 12368 0.0395877
Chain
	Aln	0	-HG004_ont_1444_start_489675 1 14994 15000 +edge_1_0_+disjointig_1_0_999690 495022 510015 999690 -1 -1 12368 0.0395877
Chain
	Aln	1	+HG004_ont_1445_start_42682 1 14989 15000 -edge_1_0_+disjointig_1_0_999690 42677 57665 999690 -1 -1 12223 0.0413244
Chain
	Aln	0	-HG004_ont_1445_start_42682 10 14998 15000 +edge_1_0_+disjointig_1_0_999690 942024 957012 999690 -1 -1 12223 0.0413244
Chain
	Aln	1	+HG004_ont_1446_start_91578 1 14998 15000 -edge_1_0_+disjointig_1_0_999690 91573 106570 999690 -1 -1 12404 0.038961
Chain
	Aln	0	-HG004_ont_1446_start_91578 1 14998 15000 +edge_1_0_+disjointig_1_0_999690 893119 908116 999690 -1 -1 12404 0.038961
Chain
	Aln	1	+HG004_ont_1447_start_855324 10 14989 15000 -edge_1_0_+disjointig_1_0_999690 855328 870307 999690 -1 -1 12628 0.0384055
Chain
	Aln	0	-HG004_ont_1447_start_855324 10 14989 15000 +edge_1_0_+disjointig_1_0_999690 129382 144361 999690 -1 -1 12628 0.0384055
Chain
	Aln	1	+HG004_ont_1448_start_368799 1 14998 15000 -edge_1_0_+disjointig_1_0_999690 368794 383791 999690 -1 -1 12531 0.0383631
Chain
	Aln	0	-HG004_ont_1448_start_368799 1 14998 15000 +edge_1_0_+disjointig_1_0_999690 615898 630895 999690 -1 -1 12531 0.0383631
Chain
	Aln	1	+HG004_ont_1449_start_633275 8 14989 15000 -edge_1_0_+disjointig_1_0_999690 633277 648258 999690 -1 -1 12217 0.0408392
Chain
	Aln	0	-HG004_ont_1449_start_633275 10 14991 15000 +edge_1_0_+disjointig_1_0_999690 351431 366412 999690 -1 -1 12217 0.0408392
Chain
	Aln	1	+HG004_ont_1450_start_776469 37 14998 15000 -edge_1_0_+disjointig_1_0_999690 776500 791461 999690 -1 -1 12146 0.0431268
Chain
	Aln	0	-HG004_ont_1450_start_776469 1 14962 15000 +edge_1_0_+disjointig_1_0_999690 208228 223189 999690 -1 -1 12146 0.0431268
Chain
	Aln	1	+HG004_ont_1451_start_467530 9 14998 15000 -edge_1_0_+disjointig_1_0_999690 467533 482522 999690 -1 -1 12062 0.0424886
Chain
	Aln	0	-HG004_ont_1451_start_467530 1 14990 15000 +edge_1_0_+disjointig_1_0_999690 517167 532156 999690 -1 -1 12062 0.0424886
Chain
	Aln	1	+HG004_ont_1452_start_813493 5 14998 15000 -edge_1_0_+disjointig_1_0_999690 813492 828485 999690 -1 -1 12441 0.0407606
Chain
	Aln	0	-HG004_ont_1452_start_813493 1 14994 15000 +edge_1_0_+disjointig_1_0_999690 171204 186197 999690 -1 -1 12441 0.0407606
Chain
	Aln	1	+HG004_ont_1453_start_437795 19 14998 15000 -edge_1_0_+disjointig_1_0_999690 437808 452787 999690 -1 -1 12097 0.0438643
Chain
	Aln	0	-HG004_ont_1453_start_437795 1 14980 15000 +edge_1_0_+disjointig_1_0_999690 546902 561881 999690 -1 -1 12097 0.0438643
Chain
	Aln	1	+HG004_ont_1455_start_844973 12 14998 15000 -edge_1_0_+disjointig_1_0_999690 844979 859965 999690 -1 -1 12136 0.0427847
Chain
	Aln	0	-HG004_ont_1455_start_844973 1 14987 15000 +edge_1_0_+disjointig_1_0_999690 139724 154710 999690 -1 -1 12136 0.0427847
Chain
	Aln	1	+HG004_ont_1454_start_853050 29 14998 15000 -edge_1_0_+disjointig_1_0_999690 853073 868042 999690 -1 -1 12577 0.0385097
Chain
	Aln	0	-HG004_ont_1454_start_853050 1 14970 15000 +edge_1_0_+disjointig_1_0_999690 131647 146616 999690 -1 -1 12577 0.0385097
Chain
	Aln	1	+HG004_ont_1456_start_340590 14 14998 15000 -edge_1_0_+disjointig_1_0_999690 340598 355582 999690 -1 -1 12279 0.0437021
Chain
	Aln	0	-HG004_ont_1456_start_340590 1 14985 15000 +edge_1_0_+disjointig_1_0_999690 644107 659091 999690 -1 -1 12279 0.0437021
Chain
	Aln	1	+HG004_ont_1458_start_423094 23 14998 15000 -edge_1_0_+disjointig_1_0_999690 423111 438086 999690 -1 -1 11899 0.044699
Chain
	Aln	0	-HG004_ont_1458_start_423094 1 14976 15000 +edge_1_0_+disjointig_1_0_999690 561603 576578 999690 -1 -1 11899 0.044699
Chain
	Aln	1	+HG004_ont_1457_start_681749 22 14998 15000 -edge_1_0_+disjointig_1_0_999690 681765 696741 999690 -1 -1 12178 0.0413804
Chain
	Aln	0	-HG004_ont_1457_start_681749 1 14977 15000 +edge_1_0_+disjointig_1_0_999690 302948 317924 999690 -1 -1 12178 0.0413804
Chain
	Aln	1	+HG004_ont_1459_start_126654 1 14998 15000 -edge_1_0_+disjointig_1_0_999690 126649 141646 999690 -1 -1 12212 0.0418291
Chain
	Aln	0	-HG004_ont_1459_start_126654 1 14998 15000 +edge_1_0_+disjointig_1_0_999690 858043 873040 999690 -1 -1 12212 0.0418291
Chain
	Aln	1	+HG004_ont_1460_start_29801 11 14998 15000 -edge_1_0_+disjointig_1_0_999690 29806 44793 999690 -1 -1 12201 0.0422629
Chain
	Aln	0	-HG004_ont_1460_start_29801 1 14988 15000 +edge_1_0_+disjointig_1_0_999690 954896 969883 999690 -1 -1 12201 0.0422629
Chain
	Aln	1	+HG004_ont_1461_start_348059 1 14991 15000 -edge_1_0_+disjointig_1_0_999690 348054 363044 999690 -1 -1 11826 0.0440318
Chain
	Aln	0	-HG004_ont_1461_start_348059 8 14998 15000 +edge_1_0_+disjointig_1_0_999690 636645 651635 999690 -1 -1 11826 0.0440318
Chain
	Aln	1	+HG004_ont_1462_start_431093 0 14990 15000 -edge_1_0_+disjointig_1_0_999690 431087 446077 999690 -1 -1 12357 0.0385619
Chain
	Aln	0	-HG004_ont_1462_start_431093 9 14999 15000 +edge_1_0_+disjointig_1_0_999690 553612 568602 999690 -1 -1 12357 0.0385619
Chain
	Aln	1	+HG004_ont_1463_start_32264 1 14998 15000 -edge_1_0_+disjointig_1_0_999690 32259 47256 999690 -1 -1 12239 0.0417413
Chain
	Aln	0	-HG004_ont_1463_start_32264 1 14998 15000 +edge_1_0_+disjointig_1_0_999690 952433 967430 999690 -1 -1 12239 0.0417413
Chain
	Aln	1	+HG004_ont_1464_start_498039 6 14984 15000 -edge_1_0_+disjointig_1_0_999690 498039 513017 999690 -1 -1 12396 0.0378608
Chain
	Aln	0	-HG004_ont_1464_start_498039 15 14993 15000 +edge_1_0_+disjointig_1_0_999690 486672 501650 999690 -1 -1 12396 0.0378608
Chain
	Aln	1	+HG004_ont_1465_start_894618 1 14985 15000 -edge_1_0_+disjointig_1_0_999690 894613 909597 999690 -1 -1 12469 0.0385384
Chain
	Aln	0	-HG004_ont_1465_start_894618 14 14998 15000 +edge_1_0_+disjointig_1_0_999690 90092 105076 999690 -1 -1 12469 0.0385384
Chain
	Aln	1	+HG004_ont_1466_start_441437 1 14998 15000 -edge_1_0_+disjointig_1_0_999690 441432 456429 999690 -1 -1 12172 0.0417652
Chain
	Aln	0	-HG004_ont_1466_start_441437 1 14998 15000 +edge_1_0_+disjointig_1_0_999690 543260 558257 999690 -1 -1 12172 0.0417652
Chain
	Aln	1	+HG004_ont_1467_start_81921 20 14998 15000 -edge_1_0_+disjointig_1_0_999690 81935 96913 999690 -1 -1 12507 0.0364501
Chain
	Aln	0	-HG004_ont_1467_start_81921 1 14979 15000 +edge_1_0_+disjointig_1_0_999690 902776 917754 999690 -1 -1 12507 0.0364501
Chain
	Aln	1	+HG004_ont_1468_start_85426 15 14963 15000 -edge_1_0_+disjointig_1_0_999690 85435 100383 999690 -1 -1 12226 0.0412703
Chain
	Aln	0	-HG004_ont_1468_start_85426 36 14984 15000 +edge_1_0_+disjointig_1_0_999690 899306 914254 999690 -1 -1 12226 0.0412703
Chain
	Aln	1	+HG004_ont_1469_start_98523 1 14998 15000 -edge_1_0_+disjointig_1_0_999690 98518 113515 999690 -1 -1 11895 0.0427061
Chain
	Aln	0	-HG004_ont_1469_start_98523 1 14998 15000 +edge_1_0_+disjointig_1_0_999690 886174 901171 999690 -1 -1 11895 0.0427061
Chain
	Aln	1	+HG004_ont_1470_start_549870 6 14998 15000 -edge_1_0_+disjointig_1_0_999690 549870 564862 999690 -1 -1 12345 0.0402567
Chain
	Aln	0	-HG004_ont_1470_start_549870 1 14993 15000 +edge_1_0_+disjointig_1_0_999690 434827 449819 999690 -1 -1 12345 0.0402567
Chain
	Aln	1	+HG004_ont_1471_start_274394 10 14998 15000 -edge_1_0_+disjointig_1_0_999690 274398 289386 999690 -1 -1 12409 0.0390094
Chain
	Aln	0	-HG004_ont_1471_start_274394 1 14989 15000 +edge_1_0_+disjointig_1_0_999690 710303 725291 999690 -1 -1 12409 0.0390094
Chain
	Aln	1	+HG004_ont_1472_start_549544 1 14976 15000 -edge_1_0_+disjointig_1_0_999690 549539 564514 999690 -1 -1 12298 0.0389507
Chain
	Aln	0	-HG004_ont_1472_start_549544 23 14998 15000 +edge_1_0_+disjointig_1_0_999690 435175 450150 999690 -1 -1 12298 0.0389507
Chain
	Aln	1	+HG004_ont_1474_start_435260 28 14998 15000 -edge_1_0_+disjointig_1_0_999690 435282 450252 999690 -1 -1 12314 0.0405371
Chain
	Aln	0	-HG004_ont_1474_start_435260 1 14971 15000 +edge_1_0_+disjointig_1_0_999690 549437 564407 999690 -1 -1 12314 0.0405371
Chain
	Aln	1	+HG004_ont_1473_start_618334 12 14989 15000 -edge_1_0_+disjointig_1_0_999690 618340 633317 999690 -1 -1 12144 0.0410203
Chain
	Aln	0	-HG004_ont_1473_start_618334 10 14987 15000 +edge_1_0_+disjointig_1_0_999690 366372 381349 999690 -1 -1 12144 0.0410203
Chain
	Aln	1	+HG004_ont_1475_start_326686 1 14998 15000 -edge_1_0_+disjointig_1_0_999690 326681 341678 999690 -1 -1 12483 0.0382427
Chain
	Aln	0	-HG004_ont_1475_start_326686 1 14998 15000 +edge_1_0_+disjointig_1_0_999690 658011 673008 999690 -1 -1 12483 0.0382427
Chain
	Aln	1	+HG004_ont_1476_start_610805 8 14953 15000 -edge_1_0_+disjointig_1_0_999690 610807 625752 999690 -1 -1 12377 0.0414573
Chain
	Aln	0	-HG004_ont_1476_start_610805 46 14991 15000 +edge_1_0_+disjointig_1_0_999690 373937 388882 999690 -1 -1 12377 0.0414573
Chain
	Aln	1	+HG004_ont_1477_start_683619 18 14998 15000 -edge_1_0_+disjointig_1_0_999690 683631 698611 999690 -1 -1 12026 0.0427449
Chain
	Aln	0	-HG004_ont_1477_start_683619 1 14981 15000 +edge_1_0_+disjointig_1_0_999690 301078 316058 999690 -1 -1 12026 0.0427449
Chain
	Aln	1	+HG004_ont_1478_start_874095 41 14995 15000 -edge_1_0_+disjointig_1_0_999690 874130 889084 999690 -1 -1 12173 0.0407016
Chain
	Aln	0	-HG004_ont_1478_start_874095 4 14958 15000 +edge_1_0_+disjointig_1_0_999690 110605 125559 999690 -1 -1 12173 0.0407016
Chain
	Aln	1	+HG004_ont_1479_start_158872 17 14998 15000 -edge_1_0_+disjointig_1_0_999690 158883 173864 999690 -1 -1 12220 0.0410676
Chain
	Aln	0	-HG004_ont_1479_start_158872 1 14982 15000 +edge_1_0_+disjointig_1_0_999690 825825 840806 999690 -1 -1 12220 0.0410676
Chain
	Aln	1	+HG004_ont_1480_start_174653 1 14987 15000 -edge_1_0_+disjointig_1_0_999690 174648 189634 999690 -1 -1 12061 0.0428741
Chain
	Aln	0	-HG004_ont_1480_start_174653 12 14998 15000 +edge_1_0_+disjointig_1_0_999690 810055 825041 999690 -1 -1 12061 0.0428741
Chain
	Aln	1	+HG004_ont_1482_start_953344 11 14998 15000 -edge_1_0_+disjointig_1_0_999690 953349 968336 999690 -1 -1 12375 0.0410044
Chain
	Aln	0	-HG004_ont_1482_start_953344 1 14988 15000 +edge_1_0_+disjointig_1_0_999690 31353 46340 999690 -1 -1 12375 0.0410044
Chain
	Aln	1	+HG004_ont_1481_start_798996 0 14987 15000 -edge_1_0_+disjointig_1_0_999690 798990 813977 999690 -1 -1 12224 0.0433765
Chain
	Aln	0	-HG004_ont_1481_start_798996 12 14999 15000 +edge_1_0_+disjointig_1_0_999690 185712 200699 999690 -1 -1 12224 0.0433765
Chain
	Aln	1	+HG004_ont_1483_start_328719 13 14985 15000 -edge_1_0_+disjointig_1_0_999690 328726 343698 999690 -1 -1 12166 0.0409534
Chain
	Aln	0	-HG004_ont_1483_start_328719 14 14986 15000 +edge_1_0_+disjointig_1_0_999690 655991 670963 999690 -1 -1 12166 0.0409534
Chain
	Aln	1	+HG004_ont_1484_start_885705 0 14998 15000 -edge_1_0_+disjointig_1_0_999690 885699 900697 999690 -1 -1 12495 0.0381565
Chain
	Aln	0	-HG004_ont_1484_start_885705 1 14999 15000 +edge_1_0_+disjointig_1_0_999690 98992 113990 999690 -1 -1 12495 0.0381565
Chain
	Aln	1	+HG004_ont_1485_start_49947 1 14992 15000 -edge_1_0_+disjointig_1_0_999690 49942 64933 999690 -1 -1 12705 0.0381141
Chain
	Aln	0	-HG004_ont_1485_start_49947 7 14998 15000 +edge_1_0_+disjointig_1_0_999690 934756 949747 999690 -1 -1 12705 0.0381141
Chain
	Aln	1	+HG004_ont_1486_start_695240 13 14993 15000 -edge_1_0_+disjointig_1_0_999690 695247 710227 999690 -1 -1 12332 0.0408116
Chain
	Aln	0	-HG004_ont_1486_start_695240 6 14986 15000 +edge_1_0_+disjointig_1_0_999690 289462 304442 999690 -1 -1 12332 0.0408116
Chain
	Aln	1	+HG004_ont_1487_start_299656 1 14988 15000 -edge_1_0_+disjointig_1_0_999690 299651 314638 999690 -1 -1 11953 0.0459167
Chain
	Aln	0	-HG004_ont_1487_start_299656 11 14998 15000 +edge_1_0_+disjointig_1_0_999690 685051 700038 999690 -1 -1 11953 0.0459167
Chain
	Aln	1	+HG004_ont_1488_start_614054 1 14974 15000 -edge_1_0_+disjointig_1_0_999690 614049 629022 999690 -1 -1 12340 0.0399725
Chain
	Aln	0	-HG004_ont_1488_start_614054 25 14998 15000 +edge_1_0_+disjointig_1_0_999690 370667 385640 999690 -1 -1 12340 0.0399725
Chain
	Aln	1	+HG004_ont_1490_start_182720 0 14998 15000 -edge_1_0_+disjointig_1_0_999690 182714 197712 999690 -1 -1 12393 0.0388053
Chain
	Aln	0	-HG004_ont_1490_start_182720 1 14999 15000 +edge_1_0_+disjointig_1_0_999690 801977 816975 999690 -1 -1 12393 0.0388053
Chain
	Aln	1	+HG004_ont_1489_start_165381 25 14981 15000 -edge_1_0_+disjointig_1_0_999690 165400 180356 999690 -1 -1 11782 0.0433368
Chain
	Aln	0	-HG004_ont_1489_start_165381 18 14974 15000 +edge_1_0_+disjointig_1_0_999690 819333 834289 999690 -1 -1 11782 0.0433368
Chain
	Aln	1	+HG004_ont_1491_start_793388 0 14956 15000 -edge_1_0_+disjointig_1_0_999690 793382 808338 999690 -1 -1 12175 0.041072
Chain
	Aln	0	-HG004_ont_1491_start_793388 43 14999 15000 +edge_1_0_+disjointig_1_0_999690 191351 206307 999690 -1 -1 12175 0.041072
Chain
	Aln	1	+HG004_ont_1492_start_314359 6 14971 15000 -edge_1_0_+disjointig_1_0_999690 314359 329324 999690 -1 -1 12116 0.0415758
Chain
	Aln	0	-HG004_ont_1492_start_314359 28 14993 15000 +edge_1_0_+disjointig_1_0_999690 670365 685330 999690 -1 -1 12116 0.0415758
Chain
	Aln	1	+HG004_ont_1493_start_197879 75 14998 15000 -edge_1_0_+disjointig_1_0_999690 197948 212871 999690 -1 -1 11970 0.0429772
Chain
	Aln	0	-HG004_ont_1493_start_197879 1 14924 15000 +edge_1_0_+disjointig_1_0_999690 786818 801741 999690 -1 -1 11970 0.0429772
Chain
	Aln	1	+HG004_ont_1494_start_356725 39 14998 15000 -edge_1_0_+disjointig_1_0_999690 356758 371717 999690 -1 -1 12195 0.0401738
Chain
	Aln	0	-HG004_ont_1494_start_356725 1 14960 15000 +edge_1_0_+disjointig_1_0_999690 627972 642931 999690 -1 -1 12195 0.0401738
Chain
	Aln	1	+HG004_ont_1495_start_782928 1 14998 15000 -edge_1_0_+disjointig_1_0_999690 782923 797920 999690 -1 -1 12198 0.0415581
Chain
	Aln	0	-HG004_ont_1495_start_782928 1 14998 15000 +edge_1_0_+disjointig_1_0_999690 201769 216766 999690 -1 -1 12198 0.0415581
Chain
	Aln	1	+HG004_ont_1496_start_80615 1 14991 15000 -edge_1_0_+disjointig_1_0_999690 80610 95600 999690 -1 -1 12224 0.0415784
Chain
	Aln	0	-HG004_ont_1496_start_80615 8 14998 15000 +edge_1_0_+disjointig_1_0_999690 904089 919079 999690 -1 -1 12224 0.0415784
Chain
	Aln	1	+HG004_ont_1499_start_13159 1 14992 15000 -edge_1_0_+disjointig_1_0_999690 13154 28145 999690 -1 -1 12266 0.0411226
Chain
	Aln	0	-HG004_ont_1499_start_13159 7 14998 15000 +edge_1_0_+disjointig_1_0_999690 971544 986535 999690 -1 -1 12266 0.0411226
Chain
	Aln	1	+HG004_ont_1497_start_48974 6 14986 15000 -edge_1_0_+disjointig_1_0_999690 48974 63954 999690 -1 -1 12249 0.0407096
Chain
	Aln	0	-HG004_ont_1497_start_48974 13 14993 15000 +edge_1_0_+disjointig_1_0_999690 935735 950715 999690 -1 -1 12249 0.0407096
Chain
	Aln	1	+HG004_ont_1498_start_227377 11 14998 15000 -edge_1_0_+disjointig_1_0_999690 227382 242369 999690 -1 -1 11579 0.0442111
Chain
	Aln	0	-HG004_ont_1498_start_227377 1 14988 15000 +edge_1_0_+disjointig_1_0_999690 757320 772307 999690 -1 -1 11579 0.0442111
Chain
	Aln	1	+HG004_ont_1500_start_860702 16 14980 15000 -edge_1_0_+disjointig_1_0_999690 860712 875676 999690 -1 -1 12336 0.0376565
Chain
	Aln	0	-HG004_ont_1500_start_860702 19 14983 15000 +edge_1_0_+disjointig_1_0_999690 124013 138977 999690 -1 -1 12336 0.0376565
Chain
	Aln	1	+HG004_ont_1501_start_913458 8 14993 15000 -edge_1_0_+disjointig_1_0_999690 913460 928445 999690 -1 -1 12514 0.0384441
Chain
	Aln	0	-HG004_ont_1501_start_913458 6 14991 15000 +edge_1_0_+disjointig_1_0_999690 71244 86229 999690 -1 -1 12514 0.0384441
Chain
	Aln	1	+HG004_ont_1503_start_381277 1 14995 15000 -edge_1_0_+disjointig_1_0_999690 381272 396266 999690 -1 -1 12337 0.0403268
Chain
	Aln	0	-HG004_ont_1503_start_381277 4 14998 15000 +edge_1_0_+disjointig_1_0_999690 603423 618417 999690 -1 -1 12337 0.0403268
Chain
	Aln	1	+HG004_ont_1502_start_807902 9 14996 15000 -edge_1_0_+disjointig_1_0_999690 807905 822892 999690 -1 -1 12474 0.0397336
Chain
	Aln	0	-HG004_ont_1502_start_807902 3 14990 15000 +edge_1_0_+disjointig_1_0_999690 176797 191784 999690 -1 -1 12474 0.0397336
Chain
	Aln	1	+HG004_ont_1504_start_85201 3 14995 15000 -edge_1_0_+disjointig_1_0_999690 85198 100190 999690 -1 -1 11928 0.0456032
Chain
	Aln	0	-HG004_ont_1504_start_85201 4 14996 15000 +edge_1_0_+disjointig_1_0_999690 899499 914491 999690 -1 -1 11928 0.0456032
Chain
	Aln	1	+HG004_ont_1506_start_714413 1 14998 15000 -edge_1_0_+disjointig_1_0_999690 714408 729405 999690 -1 -1 12498 0.039098
Chain
	Aln	0	-HG004_ont_1506_start_714413 1 14998 15000 +edge_1_0_+disjointig_1_0_999690 270284 285281 999690 -1 -1 12498 0.039098
Chain
	Aln	1	+HG004_ont_1505_start_328143 2 14985 15000 -edge_1_0_+disjointig_1_0_999690 328139 343122 999690 -1 -1 12398 0.0394409
Chain
	Aln	0	-HG004_ont_1505_start_328143 14 14997 15000 +edge_1_0_+disjointig_1_0_999690 656567 671550 999690 -1 -1 12398 0.0394409
Chain
	Aln	1	+HG004_ont_1507_start_4065 29 14998 15000 -edge_1_0_+disjointig_1_0_999690 4088 19057 999690 -1 -1 12469 0.0393322
Chain
	Aln	0	-HG004_ont_1507_start_4065 1 14970 15000 +edge_1_0_+disjointig_1_0_999690 980632 995601 999690 -1 -1 12469 0.0393322
Chain
	Aln	1	+HG004_ont_1508_start_842686 1 14998 15000 -edge_1_0_+disjointig_1_0_999690 842681 857678 999690 -1 -1 12025 0.0404009
Chain
	Aln	0	-HG004_ont_1508_start_842686 1 14998 15000 +edge_1_0_+disjointig_1_0_999690 142011 157008 999690 -1 -1 12025 0.0404009
Chain
	Aln	1	+HG004_ont_1509_start_963248 1 14971 15000 -edge_1_0_+disjointig_1_0_999690 963243 978213 999690 -1 -1 12320 0.0384003
Chain
	Aln	0	-HG004_ont_1509_start_963248 28 14998 15000 +edge_1_0_+disjointig_1_0_999690 21476 36446 999690 -1 -1 12320 0.0384003
Chain
	Aln	1	+HG004_ont_1510_start_579039 1 14998 15000 -edge_1_0_+disjointig_1_0_999690 579034 594031 999690 -1 -1 12257 0.0417253
Chain
	Aln	0	-HG004_ont_1510_start_579039 1 14998 15000 +edge_1_0_+disjointig_1_0_999690 405658 420655 999690 -1 -1 12257 0.0417253
Chain
	Aln	1	+HG004_ont_1511_start_174893 1 14998 15000 -edge_1_0_+disjointig_1_0_999690 174888 189885 999690 -1 -1 12256 0.0412252
Chain
	Aln	0	-HG004_ont_1511_start_174893 1 14998 15000 +edge_1_0_+disjointig_1_0_999690 809804 824801 999690 -1 -1 12256 0.0412252
Chain
	Aln	1	+HG004_ont_1512_start_441419 1 14996 15000 -edge_1_0_+disjointig_1_0_999690 441414 456409 999690 -1 -1 12056 0.0414074
Chain
	Aln	0	-HG004_ont_1512_start_441419 3 14998 15000 +edge_1_0_+disjointig_1_0_999690 543280 558275 999690 -1 -1 12056 0.0414074
Chain
	Aln	1	+HG004_ont_1513_start_918299 10 14981 15000 -edge_1_0_+disjointig_1_0_999690 918303 933274 999690 -1 -1 12202 0.0414243
Chain
	Aln	0	-HG004_ont_1513_start_918299 18 14989 15000 +edge_1_0_+disjointig_1_0_999690 66415 81386 999690 -1 -1 12202 0.0414243
Chain
	Aln	1	+HG004_ont_1514_start_278087 1 14998 15000 -edge_1_0_+disjointig_1_0_999690 278082 293079 999690 -1 -1 12338 0.0398346
Chain
	Aln	0	-HG004_ont_1514_start_278087 1 14998 15000 +edge_1_0_+disjointig_1_0_999690 706610 721607 999690 -1 -1 12338 0.0398346
Chain
	Aln	1	+HG004_ont_1515_start_896406 9 14998 15000 -edge_1_0_+disjointig_1_0_999690 896409 911398 999690 -1 -1 12257 0.0418216
Chain
	Aln	0	-HG004_ont_1515_start_896406 1 14990 15000 +edge_1_0_+disjointig_1_0_999690 88291 103280 999690 -1 -1 12257 0.0418216
Chain
	Aln	1	+HG004_ont_1517_start_925513 8 14998 15000 -edge_1_0_+disjointig_1_0_999690 925515 940505 999690 -1 -1 12288 0.0417058
Chain
	Aln	0	-HG004_ont_1517_start_925513 1 14991 15000 +edge_1_0_+disjointig_1_0_999690 59184 74174 999690 -1 -1 12288 0.0417058
Chain
	Aln	1	+HG004_ont_1516_start_436115 2 14998 15000 -edge_1_0_+disjointig_1_0_999690 436111 451107 999690 -1 -1 12278 0.0404204
Chain
	Aln	0	-HG004_ont_1516_start_436115 1 14997 15000 +edge_1_0_+disjointig_1_0_999690 548582 563578 999690 -1 -1 12278 0.0404204
Chain
	Aln	1	+HG004_ont_1518_start_934537 0 14983 15000 -edge_1_0_+disjointig_1_0_999690 934531 949514 999690 -1 -1 12117 0.0445125
Chain
	Aln	0	-HG004_ont_1518_start_934537 16 14999 15000 +edge_1_0_+disjointig_1_0_999690 50175 65158 999690 -1 -1 12117 0.0445125
Chain
	Aln	1	+HG004_ont_1519_start_739501 32 14998 15000 -edge_1_0_+disjointig_1_0_999690 739527 754493 999690 -1 -1 12164 0.042092
Chain
	Aln	0	-HG004_ont_1519_start_739501 1 14967 15000 +edge_1_0_+disjointig_1_0_999690 245196 260162 999690 -1 -1 12164 0.042092
Chain
	Aln	1	+HG004_ont_1521_start_820177 1 14991 15000 -edge_1_0_+disjointig_1_0_999690 820172 835162 999690 -1 -1 12299 0.0416182
Chain
	Aln	0	-HG004_ont_1521_start_820177 8 14998 15000 +edge_1_0_+disjointig_1_0_999690 164527 179517 999690 -1 -1 12299 0.0416182
Chain
	Aln	1	+HG004_ont_1520_start_788597 1 14989 15000 -edge_1_0_+disjointig_1_0_999690 788592 803580 999690 -1 -1 12073 0.0438334
Chain
	Aln	0	-HG004_ont_1520_start_788597 10 14998 15000 +edge_1_0_+disjointig_1_0_999690 196109 211097 999690 -1 -1 12073 0.0438334
Chain
	Aln	1	+HG004_ont_1522_start_910482 1 14985 15000 -edge_1_0_+disjointig_1_0_999690 910477 925461 999690 -1 -1 12421 0.0408824
Chain
	Aln	0	-HG004_ont_1522_start_910482 14 14998 15000 +edge_1_0_+disjointig_1_0_999690 74228 89212 999690 -1 -1 12421 0.0408824
Chain
	Aln	1	+HG004_ont_1523_start_17077 1 14998 15000 -edge_1_0_+disjointig_1_0_999690 17072 32069 999690 -1 -1 12481 0.0400899
Chain
	Aln	0	-HG004_ont_1523_start_17077 1 14998 15000 +edge_1_0_+disjointig_1_0_999690 967620 982617 999690 -1 -1 12481 0.0400899
Chain
	Aln	1	+HG004_ont_1524_start_700144 1 14969 15000 -edge_1_0_+disjointig_1_0_999690 700139 715107 999690 -1 -1 12301 0.0406311
Chain
	Aln	0	-HG004_ont_1524_start_700144 30 14998 15000 +edge_1_0_+disjointig_1_0_999690 284582 299550 999690 -1 -1 12301 0.0406311
Chain
	Aln	1	+HG004_ont_1525_start_819243 0 14998 15000 -edge_1_0_+disjointig_1_0_999690 819237 834235 999690 -1 -1 12074 0.0426858
Chain
	Aln	0	-HG004_ont_1525_start_819243 1 14999 15000 +edge_1_0_+disjointig_1_0_999690 165454 180452 999690 -1 -1 12074 0.0426858
Chain
	Aln	1	+HG004_ont_1526_start_565118 1 14995 15000 -edge_1_0_+disjointig_1_0_999690 565113 580107 999690 -1 -1 12461 0.0421296
Chain
	Aln	0	-HG004_ont_1526_start_565118 4 14998 15000 +edge_1_0_+disjointig_1_0_999690 419582 434576 999690 -1 -1 12461 0.0421296
Chain
	Aln	1	+HG004_ont_1527_start_424174 32 14990 15000 -edge_1_0_+disjointig_1_0_999690 424200 439158 999690 -1 -1 12325 0.039289
Chain
	Aln	0	-HG004_ont_1527_start_424174 9 14967 15000 +edge_1_0_+disjointig_1_0_999690 560531 575489 999690 -1 -1 12325 0.039289
Chain
	Aln	1	+HG004_ont_1528_start_304747 25 14993 15000 -edge_1_0_+disjointig_1_0_999690 304766 319734 999690 -1 -1 11959 0.0423334
Chain
	Aln	0	-HG004_ont_1528_start_304747 6 14974 15000 +edge_1_0_+disjointig_1_0_999690 679955 694923 999690 -1 -1 11959 0.0423334
Chain
	Aln	1	+HG004_ont_1529_start_859282 3 14972 15000 -edge_1_0_+disjointig_1_0_999690 859279 874248 999690 -1 -1 12293 0.0388434
Chain
	Aln	0	-HG004_ont_1529_start_859282 27 14996 15000 +edge_1_0_+disjointig_1_0_999690 125441 140410 999690 -1 -1 12293 0.0388434
Chain
	Aln	1	+HG004_ont_1530_start_462449 1 14989 15000 -edge_1_0_+disjointig_1_0_999690 462444 477432 999690 -1 -1 12072 0.0418897
Chain
	Aln	0	-HG004_ont_1530_start_462449 10 14998 15000 +edge_1_0_+disjointig_1_0_999690 522257 537245 999690 -1 -1 12072 0.0418897
Chain
	Aln	1	+HG004_ont_1531_start_978716 9 14958 15000 -edge_1_0_+disjointig_1_0_999690 978719 993668 999690 -1 -1 11875 0.045069
Chain
	Aln	0	-HG004_ont_1531_start_978716 41 14990 15000 +edge_1_0_+disjointig_1_0_999690 6021 20970 999690 -1 -1 11875 0.045069
Chain
	Aln	1	+HG004_ont_1532_start_881110 54 14998 15000 -edge_1_0_+disjointig_1_0_999690 881158 896102 999690 -1 -1 12176 0.0408906
Chain
	Aln	0	-HG004_ont_1532_start_881110 1 14945 15000 +edge_1_0_+disjointig_1_0_999690 103587 118531 999690 -1 -1 12176 0.0408906
Chain
	Aln	1	+HG004_ont_1534_start_362368 1 14998 15000 -edge_1_0_+disjointig_1_0_999690 362363 377360 999690 -1 -1 12243 0.0410752
Chain
	Aln	0	-HG004_ont_1534_start_362368 1 14998 15000 +edge_1_0_+disjointig_1_0_999690 622329 637326 999690 -1 -1 12243 0.0410752
Chain
	Aln	1	+HG004_ont_1533_start_36329 1 14994 15000 -edge_1_0_+disjointig_1_0_999690 36324 51317 999690 -1 -1 12595 0.040557
Chain
	Aln	0	-HG004_ont_1533_start_36329 5 14998 15000 +edge_1_0_+disjointig_1_0_999690 948372 963365 999690 -1 -1 12595 0.040557
Chain
	Aln	1	+HG004_ont_1535_start_58728 21 14998 15000 -edge_1_0_+disjointig_1_0_999690 58743 73720 999690 -1 -1 12570 0.0361042
Chain
	Aln	0	-HG004_ont_1535_start_58728 1 14978 15000 +edge_1_0_+disjointig_1_0_999690 925969 940946 999690 -1 -1 12570 0.0361042
Chain
	Aln	1	+HG004_ont_1537_start_397637 1 14955 15000 -edge_1_0_+disjointig_1_0_999690 397632 412586 999690 -1 -1 12537 0.0379087
Chain
	Aln	0	-HG004_ont_1537_start_397637 44 14998 15000 +edge_1_0_+disjointig_1_0_999690 587103 602057 999690 -1 -1 12537 0.0379087
Chain
	Aln	1	+HG004_ont_1536_start_580875 0 14998 15000 -edge_1_0_+disjointig_1_0_999690 580869 595867 999690 -1 -1 12175 0.0406079
Chain
	Aln	0	-HG004_ont_1536_start_580875 1 14999 15000 +edge_1_0_+disjointig_1_0_999690 403822 418820 999690 -1 -1 12175 0.0406079
Chain
	Aln	1	+HG004_ont_1538_start_34653 1 14958 15000 -edge_1_0_+disjointig_1_0_999690 34648 49605 999690 -1 -1 12192 0.0409417
Chain
	Aln	0	-HG004_ont_1538_start_34653 41 14998 15000 +edge_1_0_+disjointig_1_0_999690 950084 965041 999690 -1 -1 12192 0.0409417
Chain
	Aln	1	+HG004_ont_1539_start_845242 0 14988 15000 -edge_1_0_+disjointig_1_0_999690 845236 860224 999690 -1 -1 12434 0.0394298
Chain
	Aln	0	-HG004_ont_1539_start_845242 11 14999 15000 +edge_1_0_+disjointig_1_0_999690 139465 154453 999690 -1 -1 12434 0.0394298
Chain
	Aln	1	+HG004_ont_1541_start_859853 6 14980 15000 -edge_1_0_+disjointig_1_0_999690 859853 874827 999690 -1 -1 12214 0.0405841
Chain
	Aln	0	-HG004_ont_1541_start_859853 19 14993 15000 +edge_1_0_+disjointig_1_0_999690 124862 139836 999690 -1 -1 12214 0.0405841
Chain
	Aln	1	+HG004_ont_1540_start_132642 8 14998 15000 -edge_1_0_+disjointig_1_0_999690 132644 147634 999690 -1 -1 12640 0.0381176
Chain
	Aln	0	-HG004_ont_1540_start_132642 1 14991 15000 +edge_1_0_+disjointig_1_0_999690 852055 867045 999690 -1 -1 12640 0.0381176
Chain
	Aln	1	+HG004_ont_1542_start_572994 1 14993 15000 -edge_1_0_+disjointig_1_0_999690 572989 587981 999690 -1 -1 12217 0.0402567
Chain
	Aln	0	-HG004_ont_1542_start_572994 6 14998 15000 +edge_1_0_+disjointig_1_0_999690 411708 426700 999690 -1 -1 12217 0.0402567
Chain
	Aln	1	+HG004_ont_1543_start_16708 1 14963 15000 -edge_1_0_+disjointig_1_0_999690 16703 31665 999690 -1 -1 12361 0.0398905
Chain
	Aln	0	-HG004_ont_1543_start_16708 36 14998 15000 +edge_1_0_+disjointig_1_0_999690 968024 982986 999690 -1 -1 12361 0.0398905
Chain
	Aln	1	+HG004_ont_1544_start_866970 5 14985 15000 -edge_1_0_+disjointig_1_0_999690 866969 881949 999690 -1 -1 12308 0.0406233
Chain
	Aln	0	-HG004_ont_1544_start_866970 14 14994 15000 +edge_1_0_+disjointig_1_0_999690 117740 132720 999690 -1 -1 12308 0.0406233
Chain
	Aln	1	+HG004_ont_1546_start_983 14 14998 15000 -edge_1_0_+disjointig_1_0_999690 991 15975 999690 -1 -1 12466 0.039537
Chain
	Aln	0	-HG004_ont_1546_start_983 1 14985 15000 +edge_1_0_+disjointig_1_0_999690 983714 998698 999690 -1 -1 12466 0.039537
Chain
	Aln	1	+HG004_ont_1545_start_219393 1 14998 15000 -edge_1_0_+disjointig_1_0_999690 219388 234385 999690 -1 -1 12291 0.0390904
Chain
	Aln	0	-HG004_ont_1545_start_219393 1 14998 15000 +edge_1_0_+disjointig_1_0_999690 765304 780301 999690 -1 -1 12291 0.0390904
Chain
	Aln	1	+HG004_ont_1547_start_551150 25 14998 15000 -edge_1_0_+disjointig_1_0_999690 551169 566142 999690 -1 -1 12282 0.0393096
Chain
	Aln	0	-HG004_ont_1547_start_551150 1 14974 15000 +edge_1_0_+disjointig_1_0_999690 433547 448520 999690 -1 -1 12282 0.0393096
Chain
	Aln	1	+HG004_ont_1548_start_430063 6 14998 15000 -edge_1_0_+disjointig_1_0_999690 430063 445055 999690 -1 -1 12153 0.0417695
Chain
	Aln	0	-HG004_ont_1548_start_430063 1 14993 15000 +edge_1_0_+disjointig_1_0_999690 554634 569626 999690 -1 -1 12153 0.0417695
Chain
	Aln	1	+HG004_ont_1550_start_309666 1 14990 15000 -edge_1_0_+disjointig_1_0_999690 309661 324650 999690 -1 -1 12217 0.0413759
Chain
	Aln	0	-HG004_ont_1550_start_309666 9 14998 15000 +edge_1_0_+disjointig_1_0_999690 675039 690028 999690 -1 -1 12217 0.0413759
Chain
	Aln	1	+HG004_ont_1549_start_160784 14 14998 15000 -edge_1_0_+disjointig_1_0_999690 160792 175776 999690 -1 -1 12216 0.0412374
Chain
	Aln	0	-HG004_ont_1549_start_160784 1 14985 15000 +edge_1_0_+disjointig_1_0_999690 823913 838897 999690 -1 -1 12216 0.0412374
Chain
	Aln	1	+HG004_ont_1551_start_273210 46 14989 15000 -edge_1_0_+disjointig_1_0_999690 273250 288193 999690 -1 -1 12321 0.039138
Chain
	Aln	0	-HG004_ont_1551_start_273210 10 14953 15000 +edge_1_0_+disjointig_1_0_999690 711496 726439 999690 -1 -1 12321 0.039138
Chain
	Aln	1	+HG004_ont_1552_start_240315 3 14998 15000 -edge_1_0_+disjointig_1_0_999690 240312 255307 999690 -1 -1 12300 0.041249
Chain
	Aln	0	-HG004_ont_1552_start_240315 1 14996 15000 +edge_1_0_+disjointig_1_0_999690 744382 759377 999690 -1 -1 12300 0.041249
Chain
	Aln	1	+HG004_ont_1553_start_332033 1 14989 15000 -edge_1_0_+disjointig_1_0_999690 332028 347016 999690 -1 -1 12212 0.0399075
Chain
	Aln	0	-HG004_ont_1553_start_332033 10 14998 15000 +edge_1_0_+disjointig_1_0_999690 652673 667661 999690 -1 -1 12212 0.0399075
Chain
	Aln	1	+HG004_ont_1554_start_634004 6 14998 15000 -edge_1_0_+disjointig_1_0_999690 634004 648996 999690 -1 -1 12364 0.0402334
Chain
	Aln	0	-HG004_ont_1554_start_634004 1 14993 15000 +edge_1_0_+disjointig_1_0_999690 350693 365685 999690 -1 -1 12364 0.0402334
Chain
	Aln	1	+HG004_ont_1555_start_692412 1 14998 15000 -edge_1_0_+disjointig_1_0_999690 692407 707404 999690 -1 -1 12283 0.0402608
Chain
	Aln	0	-HG004_ont_1555_start_692412 1 14998 15000 +edge_1_0_+disjointig_1_0_999690 292285 307282 999690 -1 -1 12283 0.0402608
Chain
	Aln	1	+HG004_ont_1556_start_686861 1 14979 15000 -edge_1_0_+disjointig_1_0_999690 686856 701834 999690 -1 -1 12314 0.0410716
Chain
	Aln	0	-HG004_ont_1556_start_686861 20 14998 15000 +edge_1_0_+disjointig_1_0_999690 297855 312833 999690 -1 -1 12314 0.0410716
Chain
	Aln	1	+HG004_ont_1557_start_295433 1 14998 15000 -edge_1_0_+disjointig_1_0_999690 295428 310425 999690 -1 -1 12393 0.0384384
Chain
	Aln	0	-HG004_ont_1557_start_295433 1 14998 15000 +edge_1_0_+disjointig_1_0_999690 689264 704261 999690 -1 -1 12393 0.0384384
Chain
	Aln	1	+HG004_ont_1558_start_469382 24 14984 15000 -edge_1_0_+disjointig_1_0_999690 469400 484360 999690 -1 -1 12019 0.0436408
Chain
	Aln	0	-HG004_ont_1558_start_469382 15 14975 15000 +edge_1_0_+disjointig_1_0_999690 515329 530289 999690 -1 -1 12019 0.0436408
Chain
	Aln	1	+HG004_ont_1559_start_913897 31 14992 15000 -edge_1_0_+disjointig_1_0_999690 913922 928883 999690 -1 -1 12456 0.0405173
Chain
	Aln	0	-HG004_ont_1559_start_913897 7 14968 15000 +edge_1_0_+disjointig_1_0_999690 70806 85767 999690 -1 -1 12456 0.0405173
Chain
	Aln	1	+HG004_ont_1560_start_4814 18 14998 15000 -edge_1_0_+disjointig_1_0_999690 4826 19806 999690 -1 -1 12125 0.0447019
Chain
	Aln	0	-HG004_ont_1560_start_4814 1 14981 15000 +edge_1_0_+disjointig_1_0_999690 979883 994863 999690 -1 -1 12125 0.0447019
Chain
	Aln	1	+HG004_ont_1561_start_821963 67 14998 15000 -edge_1_0_+disjointig_1_0_999690 822024 836955 999690 -1 -1 11904 0.0422444
Chain
	Aln	0	-HG004_ont_1561_start_821963 1 14932 15000 +edge_1_0_+disjointig_1_0_999690 162734 177665 999690 -1 -1 11904 0.0422444
Chain
	Aln	1	+HG004_ont_1562_start_673879 1 14998 15000 -edge_1_0_+disjointig_1_0_999690 673874 688871 999690 -1 -1 12420 0.0411936
Chain
	Aln	0	-HG004_ont_1562_start_673879 1 14998 15000 +edge_1_0_+disjointig_1_0_999690 310818 325815 999690 -1 -1 12420 0.0411936
Chain
	Aln	1	+HG004_ont_1563_start_949538 13 14996 15000 -edge_1_0_+disjointig_1_0_999690 949545 964528 999690 -1 -1 12415 0.0407998
Chain
	Aln	0	-HG004_ont_1563_start_949538 3 14986 15000 +edge_1_0_+disjointig_1_0_999690 35161 50144 999690 -1 -1 12415 0.0407998
Chain
	Aln	1	+HG004_ont_1564_start_456242 12 14998 15000 -edge_1_0_+disjointig_1_0_999690 456248 471234 999690 -1 -1 12248 0.0403655
Chain
	Aln	0	-HG004_ont_1564_start_456242 1 14987 15000 +edge_1_0_+disjointig_1_0_999690 528455 543441 999690 -1 -1 12248 0.0403655
Chain
	Aln	1	+HG004_ont_1565_start_690966 5 14983 15000 -edge_1_0_+disjointig_1_0_999690 690965 705943 999690 -1 -1 12107 0.0433822
Chain
	Aln	0	-HG004_ont_1565_start_690966 16 14994 15000 +edge_1_0_+disjointig_1_0_999690 293746 308724 999690 -1 -1 12107 0.0433822
Chain
	Aln	1	+HG004_ont_1566_start_779121 1 14998 15000 -edge_1_0_+disjointig_1_0_999690 779116 794113 999690 -1 -1 12354 0.0408312
Chain
	Aln	0	-HG004_ont_1566_start_779121 1 14998 15000 +edge_1_0_+disjointig_1_0_999690 205576 220573 999690 -1 -1 12354 0.0408312
Chain
	Aln	1	+HG004_ont_1567_start_827105 0 14998 15000 -edge_1_0_+disjointig_1_0_999690 827099 842097 999690 -1 -1 12096 0.0446132
Chain
	Aln	0	-HG004_ont_1567_start_827105 1 14999 15000 +edge_1_0_+disjointig_1_0_999690 157592 172590 999690 -1 -1 12096 0.0446132
Chain
	Aln	1	+HG004_ont_1568_start_176284 19 14963 15000 -edge_1_0_+disjointig_1_0_999690 176297 191241 999690 -1 -1 12314 0.0405602
Chain
	Aln	0	-HG004_ont_1568_start_176284 36 14980 15000 +edge_1_0_+disjointig_1_0_999690 808448 823392 999690 -1 -1 12314 0.0405602
Chain
	Aln	1	+HG004_ont_1569_start_876027 1 14998 15000 -edge_1_0_+disjointig_1_0_999690 876022 891019 999690 -1 -1 11833 0.0430802
Chain
	Aln	0	-HG004_ont_1569_start_876027 1 14998 15000 +edge_1_0_+disjointig_1_0_999690 108670 123667 999690 -1 -1 11833 0.0430802
Chain
	Aln	1	+HG004_ont_1570_start_58781 1 14976 15000 -edge_1_0_+disjointig_1_0_999690 58776 73751 999690 -1 -1 12235 0.0396788
Chain
	Aln	0	-HG004_ont_1570_start_58781 23 14998 15000 +edge_1_0_+disjointig_1_0_999690 925938 940913 999690 -1 -1 12235 0.0396788
Chain
	Aln	1	+HG004_ont_1571_start_952347 1 14998 15000 -edge_1_0_+disjointig_1_0_999690 952342 967339 999690 -1 -1 12108 0.0439763
Chain
	Aln	0	-HG004_ont_1571_start_952347 1 14998 15000 +edge_1_0_+disjointig_1_0_999690 32350 47347 999690 -1 -1 12108 0.0439763
Chain
	Aln	1	+HG004_ont_1572_start_737473 12 14998 15000 -edge_1_0_+disjointig_1_0_999690 737479 752465 999690 -1 -1 12254 0.0406939
Chain
	Aln	0	-HG004_ont_1572_start_737473 1 14987 15000 +edge_1_0_+disjointig_1_0_999690 247224 262210 999690 -1 -1 12254 0.0406939
Chain
	Aln	1	+HG004_ont_1573_start_758286 5 14998 15000 -edge_1_0_+disjointig_1_0_999690 758285 773278 999690 -1 -1 12197 0.0410437
Chain
	Aln	0	-HG004_ont_1573_start_758286 1 14994 15000 +edge_1_0_+disjointig_1_0_999690 226411 241404 999690 -1 -1 12197 0.0410437
Chain
	Aln	1	+HG004_ont_1574_start_366948 1 14989 15000 -edge_1_0_+disjointig_1_0_999690 366943 381931 999690 -1 -1 11962 0.0408588
Chain
	Aln	0	-HG004_ont_1574_start_366948 10 14998 15000 +edge_1_0_+disjointig_1_0_999690 617758 632746 999690 -1 -1 11962 0.0408588
Chain
	Aln	1	+HG004_ont_1575_start_849652 21 14991 15000 -edge_1_0_+disjointig_1_0_999690 849667 864637 999690 -1 -1 11934 0.0437214
Chain
	Aln	0	-HG004_ont_1575_start_849652 8 14978 15000 +edge_1_0_+disjointig_1_0_999690 135052 150022 999690 -1 -1 11934 0.0437214
Chain
	Aln	1	+HG004_ont_1576_start_718061 1 14985 15000 -edge_1_0_+disjointig_1_0_999690 718056 733040 999690 -1 -1 12432 0.0407959
Chain
	Aln	0	-HG004_ont_1576_start_718061 14 14998 15000 +edge_1_0_+disjointig_1_0_999690 266649 281633 999690 -1 -1 12432 0.0407959
Chain
	Aln	1	+HG004_ont_1577_start_126352 1 14998 15000 -edge_1_0_+disjointig_1_0_999690 126347 141344 999690 -1 -1 12279 0.0412964
Chain
	Aln	0	-HG004_ont_1577_start_126352 1 14998 15000 +edge_1_0_+disjointig_1_0_999690 858345 873342 999690 -1 -1 12279 0.0412964
Chain
	Aln	1	+HG004_ont_1578_start_706095 29 14993 15000 -edge_1_0_+disjointig_1_0_999690 706118 721082 999690 -1 -1 12419 0.0409456
Chain
	Aln	0	-HG004_ont_1578_start_706095 6 14970 15000 +edge_1_0_+disjointig_1_0_999690 278607 293571 999690 -1 -1 12419 0.0409456
Chain
	Aln	1	+HG004_ont_1579_start_95076 1 14998 15000 -edge_1_0_+disjointig_1_0_999690 95071 110068 999690 -1 -1 12308 0.0394498
Chain
	Aln	0	-HG004_ont_1579_start_95076 1 14998 15000 +edge_1_0_+disjointig_1_0_999690 889621 904618 999690 -1 -1 12308 0.0394498
Chain
	Aln	1	+HG004_ont_1580_start_142936 2 14998 15000 -edge_1_0_+disjointig_1_0_999690 142932 157928 999690 -1 -1 12396 0.0410003
Chain
	Aln	0	-HG004_ont_1580_start_142936 1 14997 15000 +edge_1_0_+disjointig_1_0_999690 841761 856757 999690 -1 -1 12396 0.0410003
Chain
	Aln	1	+HG004_ont_1581_start_857753 1 14981 15000 -edge_1_0_+disjointig_1_0_999690 857748 872728 999690 -1 -1 12173 0.0411822
Chain
	Aln	0	-HG004_ont_1581_start_857753 18 14998 15000 +edge_1_0_+disjointig_1_0_999690 126961 141941 999690 -1 -1 12173 0.0411822
Chain
	Aln	1	+HG004_ont_1582_start_843122 27 14993 15000 -edge_1_0_+disjointig_1_0_999690 843143 858109 999690 -1 -1 12099 0.0421
Chain
	Aln	0	-HG004_ont_1582_start_843122 6 14972 15000 +edge_1_0_+disjointig_1_0_999690 141580 156546 999690 -1 -1 12099 0.0421
Chain
	Aln	1	+HG004_ont_1583_start_792148 1 14979 15000 -edge_1_0_+disjointig_1_0_999690 792143 807121 999690 -1 -1 12336 0.0415313
Chain
	Aln	0	-HG004_ont_1583_start_792148 20 14998 15000 +edge_1_0_+disjointig_1_0_999690 192568 207546 999690 -1 -1 12336 0.0415313
Chain
	Aln	1	+HG004_ont_1584_start_373787 30 14998 15000 -edge_1_0_+disjointig_1_0_999690 373811 388779 999690 -1 -1 12017 0.0436888
Chain
	Aln	0	-HG004_ont_1584_start_373787 1 14969 15000 +edge_1_0_+disjointig_1_0_999690 610910 625878 999690 -1 -1 12017 0.0436888
Chain
	Aln	1	+HG004_ont_1586_start_581968 0 14996 15000 -edge_1_0_+disjointig_1_0_999690 581962 596958 999690 -1 -1 12121 0.0437327
Chain
	Aln	0	-HG004_ont_1586_start_581968 3 14999 15000 +edge_1_0_+disjointig_1_0_999690 402731 417727 999690 -1 -1 12121 0.0437327
Chain
	Aln	1	+HG004_ont_1585_start_280730 1 14986 15000 -edge_1_0_+disjointig_1_0_999690 280725 295710 999690 -1 -1 12264 0.0398648
Chain
	Aln	0	-HG004_ont_1585_start_280730 13 14998 15000 +edge_1_0_+disjointig_1_0_999690 703979 718964 999690 -1 -1 12264 0.0398648
Chain
	Aln	1	+HG004_ont_1587_start_812668 0 14994 15000 -edge_1_0_+disjointig_1_0_999690 812662 827656 999690 -1 -1 12302 0.0394841
Chain
	Aln	0	-HG004_ont_1587_start_812668 5 14999 15000 +edge_1_0_+disjointig_1_0_999690 172033 187027 999690 -1 -1 12302 0.0394841
Chain
	Aln	1	+HG004_ont_1588_start_488032 9 14998 15000 -edge_1_0_+disjointig_1_0_999690 488035 503024 999690 -1 -1 12405 0.0394108
Chain
	Aln	0	-HG004_ont_1588_start_488032 1 14990 15000 +edge_1_0_+disjointig_1_0_999690 496665 511654 999690 -1 -1 12405 0.0394108
Chain
	Aln	1	+HG004_ont_1589_start_709757 1 14965 15000 -edge_1_0_+disjointig_1_0_999690 709752 724716 999690 -1 -1 12420 0.0403103
Chain
	Aln	0	-HG004_ont_1589_start_709757 34 14998 15000 +edge_1_0_+disjointig_1_0_999690 274973 289937 999690 -1 -1 12420 0.0403103
Chain
	Aln	1	+HG004_ont_1590_start_300586 13 14997 15000 -edge_1_0_+disjointig_1_0_999690 300593 315577 999690 -1 -1 12399 0.0401786
Chain
	Aln	0	-HG004_ont_1590_start_300586 2 14986 15000 +edge_1_0_+disjointig_1_0_999690 684112 699096 999690 -1 -1 12399 0.0401786
Chain
	Aln	1	+HG004_ont_1591_start_772148 10 14957 15000 -edge_1_0_+disjointig_1_0_999690 772152 787099 999690 -1 -1 12504 0.0372922
Chain
	Aln	0	-HG004_ont_1591_start_772148 42 14989 15000 +edge_1_0_+disjointig_1_0_999690 212590 227537 999690 -1 -1 12504 0.0372922
Chain
	Aln	1	+HG004_ont_1592_start_792863 89 14998 15000 -edge_1_0_+disjointig_1_0_999690 792946 807855 999690 -1 -1 12239 0.0410135
Chain
	Aln	0	-HG004_ont_1592_start_792863 1 14910 15000 +edge_1_0_+disjointig_1_0_999690 191834 206743 999690 -1 -1 12239 0.0410135
Chain
	Aln	1	+HG004_ont_1593_start_926855 0 14984 15000 -edge_1_0_+disjointig_1_0_999690 926849 941833 999690 -1 -1 12312 0.0383949
Chain
	Aln	0	-HG004_ont_1593_start_926855 15 14999 15000 +edge_1_0_+disjointig_1_0_999690 57856 72840 999690 -1 -1 12312 0.0383949
Chain
	Aln	1	+HG004_ont_1594_start_645739 26 14998 15000 -edge_1_0_+disjointig_1_0_999690 645759 660731 999690 -1 -1 12592 0.0393824
Chain
	Aln	0	-HG004_ont_1594_start_645739 1 14973 15000 +edge_1_0_+disjointig_1_0_999690 338958 353930 999690 -1 -1 12592 0.0393824
Chain
	Aln	1	+HG004_ont_1595_start_582491 49 14985 15000 -edge_1_0_+disjointig_1_0_999690 582534 597470 999690 -1 -1 12050 0.0418615
Chain
	Aln	0	-HG004_ont_1595_start_582491 14 14950 15000 +edge_1_0_+disjointig_1_0_999690 402219 417155 999690 -1 -1 12050 0.0418615
Chain
	Aln	1	+HG004_ont_1596_start_957414 1 14998 15000 -edge_1_0_+disjointig_1_0_999690 957409 972406 999690 -1 -1 12284 0.0425361
Chain
	Aln	0	-HG004_ont_1596_start_957414 1 14998 15000 +edge_1_0_+disjointig_1_0_999690 27283 42280 999690 -1 -1 12284 0.0425361
Chain
	Aln	1	+HG004_ont_1597_start_438496 1 14973 15000 -edge_1_0_+disjointig_1_0_999690 438491 453463 999690 -1 -1 12471 0.0392061
Chain
	Aln	0	-HG004_ont_1597_start_438496 26 14998 15000 +edge_1_0_+disjointig_1_0_999690 546226 561198 999690 -1 -1 12471 0.0392061
Chain
	Aln	1	+HG004_ont_1598_start_189067 1 14998 15000 -edge_1_0_+disjointig_1_0_999690 189062 204059 999690 -1 -1 12332 0.0407527
Chain
	Aln	0	-HG004_ont_1598_start_189067 1 14998 15000 +edge_1_0_+disjointig_1_0_999690 795630 810627 999690 -1 -1 12332 0.0407527
Chain
	Aln	1	+HG004_ont_1599_start_688382 0 14982 15000 -edge_1_0_+disjointig_1_0_999690 688376 703358 999690 -1 -1 12105 0.0421146
Chain
	Aln	0	-HG004_ont_1599_start_688382 17 14999 15000 +edge_1_0_+disjointig_1_0_999690 296331 311313 999690 -1 -1 12105 0.0421146
Chain
	Aln	1	+HG004_ont_1600_start_315177 1 14998 15000 -edge_1_0_+disjointig_1_0_999690 315172 330169 999690 -1 -1 12206 0.0402374
Chain
	Aln	0	-HG004_ont_1600_start_315177 1 14998 15000 +edge_1_0_+disjointig_1_0_999690 669520 684517 999690 -1 -1 12206 0.0402374
Chain
	Aln	1	+HG004_ont_1601_start_782517 10 14963 15000 -edge_1_0_+disjointig_1_0_999690 782521 797474 999690 -1 -1 12046 0.0411948
Chain
	Aln	0	-HG004_ont_1601_start_782517 36 14989 15000 +edge_1_0_+disjointig_1_0_999690 202215 217168 999690 -1 -1 12046 0.0411948
Chain
	Aln	1	+HG004_ont_1602_start_358912 3 14998 15000 -edge_1_0_+disjointig_1_0_999690 358909 373904 999690 -1 -1 12586 0.0353677
Chain
	Aln	0	-HG004_ont_1602_start_358912 1 14996 15000 +edge_1_0_+disjointig_1_0_999690 625785 640780 999690 -1 -1 12586 0.0353677
Chain
	Aln	1	+HG004_ont_1603_start_299140 0 14989 15000 -edge_1_0_+disjointig_1_0_999690 299134 314123 999690 -1 -1 12510 0.0381287
Chain
	Aln	0	-HG004_ont_1603_start_299140 10 14999 15000 +edge_1_0_+disjointig_1_0_999690 685566 700555 999690 -1 -1 12510 0.0381287
Chain
	Aln	1	+HG004_ont_1604_start_468202 31 14984 15000 -edge_1_0_+disjointig_1_0_999690 468227 483180 999690 -1 -1 12369 0.0402905
Chain
	Aln	0	-HG004_ont_1604_start_468202 15 14968 15000 +edge_1_0_+disjointig_1_0_999690 516509 531462 999690 -1 -1 12369 0.0402905
Chain
	Aln	1	+HG004_ont_1605_start_107614 18 14998 15000 -edge_1_0_+disjointig_1_0_999690 107626 122606 999690 -1 -1 12270 0.0415551
Chain
	Aln	0	-HG004_ont_1605_start_107614 1 14981 15000 +edge_1_0_+disjointig_1_0_999690 877083 892063 999690 -1 -1 12270 0.0415551
Chain
	Aln	1	+HG004_ont_1606_start_372416 19 14971 15000 -edge_1_0_+disjointig_1_0_999690 372429 387381 999690 -1 -1 12175 0.0404272
Chain
	Aln	0	-HG004_ont_1606_start_372416 28 14980 15000 +edge_1_0_+disjointig_1_0_999690 612308 627260 999690 -1 -1 12175 0.0404272
Chain
	Aln	1	+HG004_ont_1607_start_360896 1 14990 15000 -edge_1_0_+disjointig_1_0_999690 360891 375880 999690 -1 -1 12497 0.0410595
Chain
	Aln	0	-HG004_ont_1607_start_360896 9 14998 15000 +edge_1_0_+disjointig_1_0_999690 623809 638798 999690 -1 -1 12497 0.0410595
Chain
	Aln	1	+HG004_ont_1608_start_495431 25 14998 15000 -edge_1_0_+disjointig_1_0_999690 495450 510423 999690 -1 -1 12129 0.0441062
Chain
	Aln	0	-HG004_ont_1608_start_495431 1 14974 15000 +edge_1_0_+disjointig_1_0_999690 489266 504239 999690 -1 -1 12129 0.0441062
Chain
	Aln	1	+HG004_ont_1609_start_539158 14 14984 15000 -edge_1_0_+disjointig_1_0_999690 539166 554136 999690 -1 -1 12431 0.0404979
Chain
	Aln	0	-HG004_ont_1609_start_539158 15 14985 15000 +edge_1_0_+disjointig_1_0_999690 445553 460523 999690 -1 -1 12431 0.0404979
Chain
	Aln	1	+HG004_ont_1610_start_4644 17 14998 15000 -edge_1_0_+disjointig_1_0_999690 4655 19636 999690 -1 -1 12486 0.0403615
Chain
	Aln	0	-HG004_ont_1610_start_4644 1 14982 15000 +edge_1_0_+disjointig_1_0_999690 980053 995034 999690 -1 -1 12486 0.0403615
Chain
	Aln	1	+HG004_ont_1611_start_958249 17 14993 15000 -edge_1_0_+disjointig_1_0_999690 958260 973236 999690 -1 -1 12065 0.0411348
Chain
	Aln	0	-HG004_ont_1611_start_958249 6 14982 15000 +edge_1_0_+disjointig_1_0_999690 26453 41429 999690 -1 -1 12065 0.0411348
Chain
	Aln	1	+HG004_ont_1612_start_417766 7 14998 15000 -edge_1_0_+disjointig_1_0_999690 417767 432758 999690 -1 -1 12269 0.0393573
Chain
	Aln	0	-HG004_ont_1612_start_417766 1 14992 15000 +edge_1_0_+disjointig_1_0_999690 566931 581922 999690 -1 -1 12269 0.0393573
Chain
	Aln	1	+HG004_ont_1614_start_573665 12 14998 15000 -edge_1_0_+disjointig_1_0_999690 573671 588657 999690 -1 -1 12279 0.0408745
Chain
	Aln	0	-HG004_ont_1614_start_573665 1 14987 15000 +edge_1_0_+disjointig_1_0_999690 411032 426018 999690 -1 -1 12279 0.0408745
Chain
	Aln	1	+HG004_ont_1613_start_915927 12 14990 15000 -edge_1_0_+disjointig_1_0_999690 915933 930911 999690 -1 -1 12045 0.0423243
Chain
	Aln	0	-HG004_ont_1613_start_915927 9 14987 15000 +edge_1_0_+disjointig_1_0_999690 68778 83756 999690 -1 -1 12045 0.0423243
Chain
	Aln	1	+HG004_ont_1615_start_752963 1 14987 15000 -edge_1_0_+disjointig_1_0_999690 752958 767944 999690 -1 -1 12250 0.0387507
Chain
	Aln	0	-HG004_ont_1615_start_752963 12 14998 15000 +edge_1_0_+disjointig_1_0_999690 231745 246731 999690 -1 -1 12250 0.0387507
Chain
	Aln	1	+HG004_ont_1616_start_666356 13 14987 15000 -edge_1_0_+disjointig_1_0_999690 666363 681337 999690 -1 -1 12318 0.0415315
Chain
	Aln	0	-HG004_ont_1616_start_666356 12 14986 15000 +edge_1_0_+disjointig_1_0_999690 318352 333326 999690 -1 -1 12318 0.0415315
Chain
	Aln	1	+HG004_ont_1618_start_343083 10 14998 15000 -edge_1_0_+disjointig_1_0_999690 343087 358075 999690 -1 -1 12183 0.0406312
Chain
	Aln	0	-HG004_ont_1618_start_343083 1 14989 15000 +edge_1_0_+disjointig_1_0_999690 641614 656602 999690 -1 -1 12183 0.0406312
Chain
	Aln	1	+HG004_ont_1617_start_78065 19 14998 15000 -edge_1_0_+disjointig_1_0_999690 78078 93057 999690 -1 -1 12371 0.0390198
Chain
	Aln	0	-HG004_ont_1617_start_78065 1 14980 15000 +edge_1_0_+disjointig_1_0_999690 906632 921611 999690 -1 -1 12371 0.0390198
Chain
	Aln	1	+HG004_ont_1619_start_679828 15 14998 15000 -edge_1_0_+disjointig_1_0_999690 679837 694820 999690 -1 -1 12160 0.0414237
Chain
	Aln	0	-HG004_ont_1619_start_679828 1 14984 15000 +edge_1_0_+disjointig_1_0_999690 304869 319852 999690 -1 -1 12160 0.0414237
Chain
	Aln	1	+HG004_ont_1620_start_784367 6 14998 15000 -edge_1_0_+disjointig_1_0_999690 784367 799359 999690 -1 -1 11951 0.0421057
Chain
	Aln	0	-HG004_ont_1620_start_784367 1 14993 15000 +edge_1_0_+disjointig_1_0_999690 200330 215322 999690 -1 -1 11951 0.0421057
Chain
	Aln	1	+HG004_ont_1621_start_308943 1 14998 15000 -edge_1_0_+disjointig_1_0_999690 308938 323935 999690 -1 -1 12314 0.0400202
Chain
	Aln	0	-HG004_ont_1621_start_308943 1 14998 15000 +edge_1_0_+disjointig_1_0_999690 675754 690751 999690 -1 -1 12314 0.0400202
Chain
	Aln	1	+HG004_ont_1622_start_324428 1 14998 15000 -edge_1_0_+disjointig_1_0_999690 324423 339420 999690 -1 -1 11942 0.044292
Chain
	Aln	0	-HG004_ont_1622_start_324428 1 14998 15000 +edge_1_0_+disjointig_1_0_999690 660269 675266 999690 -1 -1 11942 0.044292
Chain
	Aln	1	+HG004_ont_1623_start_232440 1 14990 15000 -edge_1_0_+disjointig_1_0_999690 232435 247424 999690 -1 -1 12092 0.0423756
Chain
	Aln	0	-HG004_ont_1623_start_232440 9 14998 15000 +edge_1_0_+disjointig_1_0_999690 752265 767254 999690 -1 -1 12092 0.0423756
Chain
	Aln	1	+HG004_ont_1624_start_881390 8 14998 15000 -edge_1_0_+disjointig_1_0_999690 881392 896382 999690 -1 -1 12051 0.0424521
Chain
	Aln	0	-HG004_ont_1624_start_881390 1 14991 15000 +edge_1_0_+disjointig_1_0_999690 103307 118297 999690 -1 -1 12051 0.0424521
Chain
	Aln	1	+HG004_ont_1625_start_383571 1 14998 15000 -edge_1_0_+disjointig_1_0_999690 383566 398563 999690 -1 -1 11966 0.0433009
Chain
	Aln	0	-HG004_ont_1625_start_383571 1 14998 15000 +edge_1_0_+disjointig_1_0_999690 601126 616123 999690 -1 -1 11966 0.0433009
Chain
	Aln	1	+HG004_ont_1626_start_962501 1 14998 15000 -edge_1_0_+disjointig_1_0_999690 962496 977493 999690 -1 -1 12171 0.0406352
Chain
	Aln	0	-HG004_ont_1626_start_962501 1 14998 15000 +edge_1_0_+disjointig_1_0_999690 22196 37193 999690 -1 -1 12171 0.0406352
Chain
	Aln	1	+HG004_ont_1627_start_375528 1 14997 15000 -edge_1_0_+disjointig_1_0_999690 375523 390519 999690 -1 -1 12136 0.041158
Chain
	Aln	0	-HG004_ont_1627_start_375528 2 14998 15000 +edge_1_0_+disjointig_1_0_999690 609170 624166 999690 -1 -1 12136 0.041158
Chain
	Aln	1	+HG004_ont_1628_start_238504 13 14998 15000 -edge_1_0_+disjointig_1_0_999690 238511 253496 999690 -1 -1 12417 0.0391807
Chain
	Aln	0	-HG004_ont_1628_start_238504 1 14986 15000 +edge_1_0_+disjointig_1_0_999690 746193 761178 999690 -1 -1 12417 0.0391807
Chain
	Aln	1	+HG004_ont_1629_start_755771 0 14998 15000 -edge_1_0_+disjointig_1_0_999690 755765 770763 999690 -1 -1 12174 0.0408666
Chain
	Aln	0	-HG004_ont_1629_start_755771 1 14999 15000 +edge_1_0_+disjointig_1_0_999690 228926 243924 999690 -1 -1 12174 0.0408666
Chain
	Aln	1	+HG004_ont_1630_start_687009 2 14998 15000 -edge_1_0_+disjointig_1_0_999690 687005 702001 999690 -1 -1 12338 0.0407018
Chain
	Aln	0	-HG004_ont_1630_start_687009 1 14997 15000 +edge_1_0_+disjointig_1_0_999690 297688 312684 999690 -1 -1 12338 0.0407018
Chain
	Aln	1	+HG004_ont_1631_start_736554 5 14994 15000 -edge_1_0_+disjointig_1_0_999690 736553 751542 999690 -1 -1 12475 0.0411069
Chain
	Aln	0	-HG004_ont_1631_start_736554 5 14994 15000 +edge_1_0_+disjointig_1_0_999690 248147 263136 999690 -1 -1 12475 0.0411069
Chain
	Aln	1	+HG004_ont_1633_start_256552 1 14996 15000 -edge_1_0_+disjointig_1_0_999690 256547 271542 999690 -1 -1 12533 0.0382198
Chain
	Aln	0	-HG004_ont_1633_start_256552 3 14998 15000 +edge_1_0_+disjointig_1_0_999690 728147 743142 999690 -1 -1 12533 0.0382198
Chain
	Aln	1	+HG004_ont_1632_start_393928 18 14988 15000 -edge_1_0_+disjointig_1_0_999690 393940 408910 999690 -1 -1 12196 0.0409613
Chain
	Aln	0	-HG004_ont_1632_start_393928 11 14981 15000 +edge_1_0_+disjointig_1_0_999690 590779 605749 999690 -1 -1 12196 0.0409613
Chain
	Aln	1	+HG004_ont_1634_start_257417 1 14998 15000 -edge_1_0_+disjointig_1_0_999690 257412 272409 999690 -1 -1 12524 0.0410042
Chain
	Aln	0	-HG004_ont_1634_start_257417 1 14998 15000 +edge_1_0_+disjointig_1_0_999690 727280 742277 999690 -1 -1 12524 0.0410042
Chain
	Aln	1	+HG004_ont_1635_start_489660 0 14968 15000 -edge_1_0_+disjointig_1_0_999690 489654 504622 999690 -1 -1 12336 0.0389994
Chain
	Aln	0	-HG004_ont_1635_start_489660 31 14999 15000 +edge_1_0_+disjointig_1_0_999690 495067 510035 999690 -1 -1 12336 0.0389994
Chain
	Aln	1	+HG004_ont_1637_start_232757 1 14998 15000 -edge_1_0_+disjointig_1_0_999690 232752 247749 999690 -1 -1 12354 0.0384912
Chain
	Aln	0	-HG004_ont_1637_start_232757 1 14998 15000 +edge_1_0_+disjointig_1_0_999690 751940 766937 999690 -1 -1 12354 0.0384912
Chain
	Aln	1	+HG004_ont_1636_start_31316 4 14998 15000 -edge_1_0_+disjointig_1_0_999690 31314 46308 999690 -1 -1 12434 0.040319
Chain
	Aln	0	-HG004_ont_1636_start_31316 1 14995 15000 +edge_1_0_+disjointig_1_0_999690 953381 968375 999690 -1 -1 12434 0.040319
Chain
	Aln	1	+HG004_ont_1638_start_636168 1 14998 15000 -edge_1_0_+disjointig_1_0_999690 636163 651160 999690 -1 -1 12580 0.0369275
Chain
	Aln	0	-HG004_ont_1638_start_636168 1 14998 15000 +edge_1_0_+disjointig_1_0_999690 348529 363526 999690 -1 -1 12580 0.0369275
Chain
	Aln	1	+HG004_ont_1639_start_97445 1 14998 15000 -edge_1_0_+disjointig_1_0_999690 97440 112437 999690 -1 -1 12614 0.0371483
Chain
	Aln	0	-HG004_ont_1639_start_97445 1 14998 15000 +edge_1_0_+disjointig_1_0_999690 887252 902249 999690 -1 -1 12614 0.0371483
Chain
	Aln	1	+HG004_ont_1640_start_877366 1 14979 15000 -edge_1_0_+disjointig_1_0_999690 877361 892339 999690 -1 -1 12325 0.0401085
Chain
	Aln	0	-HG004_ont_1640_start_877366 20 14998 15000 +edge_1_0_+disjointig_1_0_999690 107350 122328 999690 -1 -1 12325 0.0401085
Chain
	Aln	1	+HG004_ont_1641_start_250575 0 14996 15000 -edge_1_0_+disjointig_1_0_999690 250569 265565 999690 -1 -1 12089 0.0443964
Chain
	Aln	0	-HG004_ont_1641_start_250575 3 14999 15000 +edge_1_0_+disjointig_1_0_999690 734124 749120 999690 -1 -1 12089 0.0443964
Chain
	Aln	1	+HG004_ont_1642_start_554467 0 14998 15000 -edge_1_0_+disjointig_1_0_999690 554461 569459 999690 -1 -1 12379 0.0405141
Chain
	Aln	0	-HG004_ont_1642_start_554467 1 14999 15000 +edge_1_0_+disjointig_1_0_999690 430230 445228 999690 -1 -1 12379 0.0405141
Chain
	Aln	1	+HG004_ont_1643_start_266050 1 14998 15000 -edge_1_0_+disjointig_1_0_999690 266045 281042 999690 -1 -1 12414 0.0431701
Chain
	Aln	0	-HG004_ont_1643_start_266050 1 14998 15000 +edge_1_0_+disjointig_1_0_999690 718647 733644 999690 -1 -1 12414 0.0431701
Chain
	Aln	1	+HG004_ont_1644_start_134015 1 14998 15000 -edge_1_0_+disjointig_1_0_999690 134010 149007 999690 -1 -1 12554 0.0402685
Chain
	Aln	0	-HG004_ont_1644_start_134015 1 14998 15000 +edge_1_0_+disjointig_1_0_999690 850682 865679 999690 -1 -1 12554 0.0402685
Chain
	Aln	1	+HG004_ont_1645_start_800315 17 14996 15000 -edge_1_0_+disjointig_1_0_999690 800326 815305 999690 -1 -1 12200 0.0386171
Chain
	Aln	0	-HG004_ont_1645_start_800315 3 14982 15000 +edge_1_0_+disjointig_1_0_999690 184384 199363 999690 -1 -1 12200 0.0386171
Chain
	Aln	1	+HG004_ont_1646_start_938172 0 14993 15000 -edge_1_0_+disjointig_1_0_999690 938166 953159 999690 -1 -1 12040 0.0441265
Chain
	Aln	0	-HG004_ont_1646_start_938172 6 14999 15000 +edge_1_0_+disjointig_1_0_999690 46530 61523 999690 -1 -1 12040 0.0441265
Chain
	Aln	1	+HG004_ont_1647_start_547311 0 14962 15000 -edge_1_0_+disjointig_1_0_999690 547305 562267 999690 -1 -1 12174 0.0409772
Chain
	Aln	0	-HG004_ont_1647_start_547311 37 14999 15000 +edge_1_0_+disjointig_1_0_999690 437422 452384 999690 -1 -1 12174 0.0409772
Chain
	Aln	1	+HG004_ont_1648_start_113406 1 14933 15000 -edge_1_0_+disjointig_1_0_999690 113401 128333 999690 -1 -1 12248 0.0387968
Chain
	Aln	0	-HG004_ont_1648_start_113406 66 14998 15000 +edge_1_0_+disjointig_1_0_999690 871356 886288 999690 -1 -1 12248 0.0387968
Chain
	Aln	1	+HG004_ont_1649_start_123819 14 14966 15000 -edge_1_0_+disjointig_1_0_999690 123827 138779 999690 -1 -1 11953 0.0418042
Chain
	Aln	0	-HG004_ont_1649_start_123819 33 14985 15000 +edge_1_0_+disjointig_1_0_999690 860910 875862 999690 -1 -1 11953 0.0418042
Chain
	Aln	1	+HG004_ont_1650_start_761041 7 14998 15000 -edge_1_0_+disjointig_1_0_999690 761042 776033 999690 -1 -1 12541 0.0380241
Chain
	Aln	0	-HG004_ont_1650_start_761041 1 14992 15000 +edge_1_0_+disjointig_1_0_999690 223656 238647 999690 -1 -1 12541 0.0380241
Chain
	Aln	1	+HG004_ont_1651_start_246286 32 14998 15000 -edge_1_0_+disjointig_1_0_999690 246312 261278 999690 -1 -1 11975 0.0424549
Chain
	Aln	0	-HG004_ont_1651_start_246286 1 14967 15000 +edge_1_0_+disjointig_1_0_999690 738411 753377 999690 -1 -1 11975 0.0424549
Chain
	Aln	1	+HG004_ont_1652_start_696355 1 14929 15000 -edge_1_0_+disjointig_1_0_999690 696350 711278 999690 -1 -1 12518 0.0389183
Chain
	Aln	0	-HG004_ont_1652_start_696355 70 14998 15000 +edge_1_0_+disjointig_1_0_999690 288411 303339 999690 -1 -1 12518 0.0389183
Chain
	Aln	1	+HG004_ont_1653_start_179942 14 14998 15000 -edge_1_0_+disjointig_1_0_999690 179950 194934 999690 -1 -1 12360 0.0390013
Chain
	Aln	0	-HG004_ont_1653_start_179942 1 14985 15000 +edge_1_0_+disjointig_1_0_999690 804755 819739 999690 -1 -1 12360 0.0390013
Chain
	Aln	1	+HG004_ont_1654_start_506031 1 14998 15000 -edge_1_0_+disjointig_1_0_999690 506026 521023 999690 -1 -1 12215 0.0414231
Chain
	Aln	0	-HG004_ont_1654_start_506031 1 14998 15000 +edge_1_0_+disjointig_1_0_999690 478666 493663 999690 -1 -1 12215 0.0414231
Chain
	Aln	1	+HG004_ont_1655_start_381730 0 14998 15000 -edge_1_0_+disjointig_1_0_999690 381724 396722 999690 -1 -1 12388 0.0376411
Chain
	Aln	0	-HG004_ont_1655_start_381730 1 14999 15000 +edge_1_0_+disjointig_1_0_999690 602967 617965 999690 -1 -1 12388 0.0376411
Chain
	Aln	1	+HG004_ont_1656_start_3855 9 14998 15000 -edge_1_0_+disjointig_1_0_999690 3858 18847 999690 -1 -1 12184 0.0412571
Chain
	Aln	0	-HG004_ont_1656_start_3855 1 14990 15000 +edge_1_0_+disjointig_1_0_999690 980842 995831 999690 -1 -1 12184 0.0412571
Chain
	Aln	1	+HG004_ont_1657_start_485182 15 14998 15000 -edge_1_0_+disjointig_1_0_999690 485191 500174 999690 -1 -1 12164 0.0415191
Chain
	Aln	0	-HG004_ont_1657_start_485182 1 14984 15000 +edge_1_0_+disjointig_1_0_999690 499515 514498 999690 -1 -1 12164 0.0415191
Chain
	Aln	1	+HG004_ont_1658_start_542745 12 14992 15000 -edge_1_0_+disjointig_1_0_999690 542751 557731 999690 -1 -1 12632 0.0383792
Chain
	Aln	0	-HG004_ont_1658_start_542745 7 14987 15000 +edge_1_0_+disjointig_1_0_999690 441958 456938 999690 -1 -1 12632 0.0383792
Chain
	Aln	1	+HG004_ont_1659_start_903732 1 14988 15000 -edge_1_0_+disjointig_1_0_999690 903727 918714 999690 -1 -1 12255 0.0411938
Chain
	Aln	0	-HG004_ont_1659_start_903732 11 14998 15000 +edge_1_0_+disjointig_1_0_999690 80975 95962 999690 -1 -1 12255 0.0411938
Chain
	Aln	1	+HG004_ont_1660_start_441769 1 14987 15000 -edge_1_0_+disjointig_1_0_999690 441764 456750 999690 -1 -1 12316 0.0405842
Chain
	Aln	0	-HG004_ont_1660_start_441769 12 14998 15000 +edge_1_0_+disjointig_1_0_999690 542939 557925 999690 -1 -1 12316 0.0405842
Chain
	Aln	1	+HG004_ont_1661_start_214071 44 14991 15000 -edge_1_0_+disjointig_1_0_999690 214109 229056 999690 -1 -1 12183 0.0410999
Chain
	Aln	0	-HG004_ont_1661_start_214071 8 14955 15000 +edge_1_0_+disjointig_1_0_999690 770633 785580 999690 -1 -1 12183 0.0410999
Chain
	Aln	1	+HG004_ont_1662_start_395840 9 14989 15000 -edge_1_0_+disjointig_1_0_999690 395843 410823 999690 -1 -1 12349 0.0398065
Chain
	Aln	0	-HG004_ont_1662_start_395840 10 14990 15000 +edge_1_0_+disjointig_1_0_999690 588866 603846 999690 -1 -1 12349 0.0398065
Chain
	Aln	1	+HG004_ont_1663_start_653444 8 14998 15000 -edge_1_0_+disjointig_1_0_999690 653446 668436 999690 -1 -1 12143 0.0423553
Chain
	Aln	0	-HG004_ont_1663_start_653444 1 14991 15000 +edge_1_0_+disjointig_1_0_999690 331253 346243 999690 -1 -1 12143 0.0423553
Chain
	Aln	1	+HG004_ont_1664_start_580202 1 14998 15000 -edge_1_0_+disjointig_1_0_999690 580197 595194 999690 -1 -1 12243 0.0404477
Chain
	Aln	0	-HG004_ont_1664_start_580202 1 14998 15000 +edge_1_0_+disjointig_1_0_999690 404495 419492 999690 -1 -1 12243 0.0404477
Chain
	Aln	1	+HG004_ont_1665_start_2813 25 14964 15000 -edge_1_0_+disjointig_1_0_999690 2832 17771 999690 -1 -1 12531 0.0376552
Chain
	Aln	0	-HG004_ont_1665_start_2813 35 14974 15000 +edge_1_0_+disjointig_1_0_999690 981918 996857 999690 -1 -1 12531 0.0376552
Chain
	Aln	1	+HG004_ont_1666_start_359117 16 14998 15000 -edge_1_0_+disjointig_1_0_999690 359127 374109 999690 -1 -1 12249 0.0408431
Chain
	Aln	0	-HG004_ont_1666_start_359117 1 14983 15000 +edge_1_0_+disjointig_1_0_999690 625580 640562 999690 -1 -1 12249 0.0408431
Chain
	Aln	1	+HG004_ont_1667_start_656694 0 14998 15000 -edge_1_0_+disjointig_1_0_999690 656688 671686 999690 -1 -1 12098 0.0440631
Chain
	Aln	0	-HG004_ont_1667_start_656694 1 14999 15000 +edge_1_0_+disjointig_1_0_999690 328003 343001 999690 -1 -1 12098 0.0440631
Chain
	Aln	1	+HG004_ont_1668_start_715008 1 14998 15000 -edge_1_0_+disjointig_1_0_999690 715003 730000 999690 -1 -1 12463 0.0398578
Chain
	Aln	0	-HG004_ont_1668_start_715008 1 14998 15000 +edge_1_0_+disjointig_1_0_999690 269689 284686 999690 -1 -1 12463 0.0398578
Chain
	Aln	1	+HG004_ont_1669_start_533474 19 14986 15000 -edge_1_0_+disjointig_1_0_999690 533487 548454 999690 -1 -1 11924 0.0427426
Chain
	Aln	0	-HG004_ont_1669_start_533474 13 14980 15000 +edge_1_0_+disjointig_1_0_999690 451235 466202 999690 -1 -1 11924 0.0427426
Chain
	Aln	1	+HG004_ont_1670_start_828735 0 14998 15000 -edge_1_0_+disjointig_1_0_999690 828729 843727 999690 -1 -1 12242 0.0405844
Chain
	Aln	0	-HG004_ont_1670_start_828735 1 14999 15000 +edge_1_0_+disjointig_1_0_999690 155962 170960 999690 -1 -1 12242 0.0405844
Chain
	Aln	1	+HG004_ont_1671_start_869212 15 14998 15000 -edge_1_0_+disjointig_1_0_999690 869221 884204 999690 -1 -1 12215 0.0420062
Chain
	Aln	0	-HG004_ont_1671_start_869212 1 14984 15000 +edge_1_0_+disjointig_1_0_999690 115485 130468 999690 -1 -1 12215 0.0420062
Chain
	Aln	1	+HG004_ont_1672_start_573348 16 14980 15000 -edge_1_0_+disjointig_1_0_999690 573358 588322 999690 -1 -1 12142 0.0418755
Chain
	Aln	0	-HG004_ont_1672_start_573348 19 14983 15000 +edge_1_0_+disjointig_1_0_999690 411367 426331 999690 -1 -1 12142 0.0418755
Chain
	Aln	1	+HG004_ont_1673_start_78075 1 14998 15000 -edge_1_0_+disjointig_1_0_999690 78070 93067 999690 -1 -1 12246 0.0411778
Chain
	Aln	0	-HG004_ont_1673_start_78075 1 14998 15000 +edge_1_0_+disjointig_1_0_999690 906622 921619 999690 -1 -1 12246 0.0411778
Chain
	Aln	1	+HG004_ont_1674_start_473248 32 14985 15000 -edge_1_0_+disjointig_1_0_999690 473274 488227 999690 -1 -1 12594 0.0409102
Chain
	Aln	0	-HG004_ont_1674_start_473248 14 14967 15000 +edge_1_0_+disjointig_1_0_999690 511462 526415 999690 -1 -1 12594 0.0409102
Chain
	Aln	1	+HG004_ont_1675_start_800126 1 14998 15000 -edge_1_0_+disjointig_1_0_999690 800121 815118 999690 -1 -1 12324 0.0408155
Chain
	Aln	0	-HG004_ont_1675_start_800126 1 14998 15000 +edge_1_0_+disjointig_1_0_999690 184571 199568 999690 -1 -1 12324 0.0408155
Chain
	Aln	1	+HG004_ont_1676_start_697628 1 14998 15000 -edge_1_0_+disjointig_1_0_999690 697623 712620 999690 -1 -1 12473 0.0380776
Chain
	Aln	0	-HG004_ont_1676_start_697628 1 14998 15000 +edge_1_0_+disjointig_1_0_999690 287069 302066 999690 -1 -1 12473 0.0380776
Chain
	Aln	1	+HG004_ont_1677_start_721639 0 14983 15000 -edge_1_0_+disjointig_1_0_999690 721633 736616 999690 -1 -1 12404 0.0398878
Chain
	Aln	0	-HG004_ont_1677_start_721639 16 14999 15000 +edge_1_0_+disjointig_1_0_999690 263073 278056 999690 -1 -1 12404 0.0398878
Chain
	Aln	1	+HG004_ont_1678_start_961581 0 14998 15000 -edge_1_0_+disjointig_1_0_999690 961575 976573 999690 -1 -1 12424 0.0407881
Chain
	Aln	0	-HG004_ont_1678_start_961581 1 14999 15000 +edge_1_0_+disjointig_1_0_999690 23116 38114 999690 -1 -1 12424 0.0407881
Chain
	Aln	1	+HG004_ont_1679_start_685212 1 14998 15000 -edge_1_0_+disjointig_1_0_999690 685207 700204 999690 -1 -1 12207 0.0414866
Chain
	Aln	0	-HG004_ont_1679_start_685212 1 14998 15000 +edge_1_0_+disjointig_1_0_999690 299485 314482 999690 -1 -1 12207 0.0414866
Chain
	Aln	1	+HG004_ont_1680_start_398348 1 14952 15000 -edge_1_0_+disjointig_1_0_999690 398343 413294 999690 -1 -1 12360 0.0411077
Chain
	Aln	0	-HG004_ont_1680_start_398348 47 14998 15000 +edge_1_0_+disjointig_1_0_999690 586395 601346 999690 -1 -1 12360 0.0411077
Chain
	Aln	1	+HG004_ont_1681_start_97256 12 14998 15000 -edge_1_0_+disjointig_1_0_999690 97262 112248 999690 -1 -1 12167 0.0441074
Chain
	Aln	0	-HG004_ont_1681_start_97256 1 14987 15000 +edge_1_0_+disjointig_1_0_999690 887441 902427 999690 -1 -1 12167 0.0441074
Chain
	Aln	1	+HG004_ont_1682_start_94502 1 14998 15000 -edge_1_0_+disjointig_1_0_999690 94497 109494 999690 -1 -1 12229 0.0411857
Chain
	Aln	0	-HG004_ont_1682_start_94502 1 14998 15000 +edge_1_0_+disjointig_1_0_999690 890195 905192 999690 -1 -1 12229 0.0411857
Chain
	Aln	1	+HG004_ont_1684_start_4885 14 14995 15000 -edge_1_0_+disjointig_1_0_999690 4893 19874 999690 -1 -1 11987 0.044121
Chain
	Aln	0	-HG004_ont_1684_start_4885 4 14985 15000 +edge_1_0_+disjointig_1_0_999690 979815 994796 999690 -1 -1 11987 0.044121
Chain
	Aln	1	+HG004_ont_1685_start_494054 10 14982 15000 -edge_1_0_+disjointig_1_0_999690 494058 509030 999690 -1 -1 12081 0.040116
Chain
	Aln	0	-HG004_ont_1685_start_494054 17 14989 15000 +edge_1_0_+disjointig_1_0_999690 490659 505631 999690 -1 -1 12081 0.040116
Chain
	Aln	1	+HG004_ont_1683_start_544457 1 14972 15000 -edge_1_0_+disjointig_1_0_999690 544452 559423 999690 -1 -1 12410 0.0404159
Chain
	Aln	0	-HG004_ont_1683_start_544457 27 14998 15000 +edge_1_0_+disjointig_1_0_999690 440266 455237 999690 -1 -1 12410 0.0404159
Chain
	Aln	1	+HG004_ont_1686_start_843937 24 14998 15000 -edge_1_0_+disjointig_1_0_999690 843955 858929 999690 -1 -1 12200 0.0417068
Chain
	Aln	0	-HG004_ont_1686_start_843937 1 14975 15000 +edge_1_0_+disjointig_1_0_999690 140760 155734 999690 -1 -1 12200 0.0417068
Chain
	Aln	1	+HG004_ont_1687_start_891269 26 14982 15000 -edge_1_0_+disjointig_1_0_999690 891289 906245 999690 -1 -1 12342 0.0421653
Chain
	Aln	0	-HG004_ont_1687_start_891269 17 14973 15000 +edge_1_0_+disjointig_1_0_999690 93444 108400 999690 -1 -1 12342 0.0421653
Chain
	Aln	1	+HG004_ont_1689_start_680140 36 14998 15000 -edge_1_0_+disjointig_1_0_999690 680170 695132 999690 -1 -1 11918 0.0435579
Chain
	Aln	0	-HG004_ont_1689_start_680140 1 14963 15000 +edge_1_0_+disjointig_1_0_999690 304557 319519 999690 -1 -1 11918 0.0435579
Chain
	Aln	1	+HG004_ont_1688_start_403062 6 14989 15000 -edge_1_0_+disjointig_1_0_999690 403062 418045 999690 -1 -1 12056 0.0431642
Chain
	Aln	0	-HG004_ont_1688_start_403062 10 14993 15000 +edge_1_0_+disjointig_1_0_999690 581644 596627 999690 -1 -1 12056 0.0431642
Chain
	Aln	1	+HG004_ont_1690_start_95679 1 14981 15000 -edge_1_0_+disjointig_1_0_999690 95674 110654 999690 -1 -1 12285 0.0385832
Chain
	Aln	0	-HG004_ont_1690_start_95679 18 14998 15000 +edge_1_0_+disjointig_1_0_999690 889035 904015 999690 -1 -1 12285 0.0385832
Chain
	Aln	1	+HG004_ont_1691_start_655284 0 14998 15000 -edge_1_0_+disjointig_1_0_999690 655278 670276 999690 -1 -1 12132 0.0399467
Chain
	Aln	0	-HG004_ont_1691_start_655284 1 14999 15000 +edge_1_0_+disjointig_1_0_999690 329413 344411 999690 -1 -1 12132 0.0399467
Chain
	Aln	1	+HG004_ont_1692_start_888092 0 14998 15000 -edge_1_0_+disjointig_1_0_999690 888086 903084 999690 -1 -1 12162 0.0417213
Chain
	Aln	0	-HG004_ont_1692_start_888092 1 14999 15000 +edge_1_0_+disjointig_1_0_999690 96605 111603 999690 -1 -1 12162 0.0417213
Chain
	Aln	1	+HG004_ont_1694_start_900946 1 14963 15000 -edge_1_0_+disjointig_1_0_999690 900941 915903 999690 -1 -1 12277 0.0400456
Chain
	Aln	0	-HG004_ont_1694_start_900946 36 14998 15000 +edge_1_0_+disjointig_1_0_999690 83786 98748 999690 -1 -1 12277 0.0400456
Chain
	Aln	1	+HG004_ont_1693_start_807116 0 14998 15000 -edge_1_0_+disjointig_1_0_999690 807110 822108 999690 -1 -1 12638 0.0388889
Chain
	Aln	0	-HG004_ont_1693_start_807116 1 14999 15000 +edge_1_0_+disjointig_1_0_999690 177581 192579 999690 -1 -1 12638 0.0388889
Chain
	Aln	1	+HG004_ont_1695_start_811926 16 14998 15000 -edge_1_0_+disjointig_1_0_999690 811936 826918 999690 -1 -1 12450 0.0415311
Chain
	Aln	0	-HG004_ont_1695_start_811926 1 14983 15000 +edge_1_0_+disjointig_1_0_999690 172771 187753 999690 -1 -1 12450 0.0415311
Chain
	Aln	1	+HG004_ont_1696_start_619105 33 14998 15000 -edge_1_0_+disjointig_1_0_999690 619132 634097 999690 -1 -1 12393 0.0406506
Chain
	Aln	0	-HG004_ont_1696_start_619105 1 14966 15000 +edge_1_0_+disjointig_1_0_999690 365592 380557 999690 -1 -1 12393 0.0406506
Chain
	Aln	1	+HG004_ont_1698_start_952720 1 14998 15000 -edge_1_0_+disjointig_1_0_999690 952715 967712 999690 -1 -1 12562 0.0393425
Chain
	Aln	0	-HG004_ont_1698_start_952720 1 14998 15000 +edge_1_0_+disjointig_1_0_999690 31977 46974 999690 -1 -1 12562 0.0393425
Chain
	Aln	1	+HG004_ont_1697_start_455433 24 14998 15000 -edge_1_0_+disjointig_1_0_999690 455451 470425 999690 -1 -1 12435 0.0393672
Chain
	Aln	0	-HG004_ont_1697_start_455433 1 14975 15000 +edge_1_0_+disjointig_1_0_999690 529264 544238 999690 -1 -1 12435 0.0393672
Chain
	Aln	1	+HG004_ont_1700_start_363286 15 14998 15000 -edge_1_0_+disjointig_1_0_999690 363295 378278 999690 -1 -1 12135 0.0426512
Chain
	Aln	0	-HG004_ont_1700_start_363286 1 14984 15000 +edge_1_0_+disjointig_1_0_999690 621411 636394 999690 -1 -1 12135 0.0426512
Chain
	Aln	1	+HG004_ont_1699_start_458651 0 14998 15000 -edge_1_0_+disjointig_1_0_999690 458645 473643 999690 -1 -1 12467 0.0407018
Chain
	Aln	0	-HG004_ont_1699_start_458651 1 14999 15000 +edge_1_0_+disjointig_1_0_999690 526046 541044 999690 -1 -1 12467 0.0407018
Chain
	Aln	1	+HG004_ont_1701_start_538616 7 14998 15000 -edge_1_0_+disjointig_1_0_999690 538617 553608 999690 -1 -1 12201 0.04215
Chain
	Aln	0	-HG004_ont_1701_start_538616 1 14992 15000 +edge_1_0_+disjointig_1_0_999690 446081 461072 999690 -1 -1 12201 0.04215
Chain
	Aln	1	+HG004_ont_1702_start_195621 1 14998 15000 -edge_1_0_+disjointig_1_0_999690 195616 210613 999690 -1 -1 12308 0.0413201
Chain
	Aln	0	-HG004_ont_1702_start_195621 1 14998 15000 +edge_1_0_+disjointig_1_0_999690 789076 804073 999690 -1 -1 12308 0.0413201
Chain
	Aln	1	+HG004_ont_1703_start_185437 10 14981 15000 -edge_1_0_+disjointig_1_0_999690 185441 200412 999690 -1 -1 12200 0.0418229
Chain
	Aln	0	-HG004_ont_1703_start_185437 18 14989 15000 +edge_1_0_+disjointig_1_0_999690 799277 814248 999690 -1 -1 12200 0.0418229
Chain
	Aln	1	+HG004_ont_1704_start_75504 26 14998 15000 -edge_1_0_+disjointig_1_0_999690 75524 90496 999690 -1 -1 12443 0.0406625
Chain
	Aln	0	-HG004_ont_1704_start_75504 1 14973 15000 +edge_1_0_+disjointig_1_0_999690 909193 924165 999690 -1 -1 12443 0.0406625
Chain
	Aln	1	+HG004_ont_1705_start_349869 1 14998 15000 -edge_1_0_+disjointig_1_0_999690 349864 364861 999690 -1 -1 11958 0.0433665
Chain
	Aln	0	-HG004_ont_1705_start_349869 1 14998 15000 +edge_1_0_+disjointig_1_0_999690 634828 649825 999690 -1 -1 11958 0.0433665
Chain
	Aln	1	+HG004_ont_1706_start_926189 0 14979 15000 -edge_1_0_+disjointig_1_0_999690 926183 941162 999690 -1 -1 12398 0.0399186
Chain
	Aln	0	-HG004_ont_1706_start_926189 20 14999 15000 +edge_1_0_+disjointig_1_0_999690 58527 73506 999690 -1 -1 12398 0.0399186
Chain
	Aln	1	+HG004_ont_1707_start_632943 16 14957 15000 -edge_1_0_+disjointig_1_0_999690 632953 647894 999690 -1 -1 12121 0.0432531
Chain
	Aln	0	-HG004_ont_1707_start_632943 42 14983 15000 +edge_1_0_+disjointig_1_0_999690 351795 366736 999690 -1 -1 12121 0.0432531
Chain
	Aln	1	+HG004_ont_1708_start_212515 13 14998 15000 -edge_1_0_+disjointig_1_0_999690 212522 227507 999690 -1 -1 12051 0.04179
Chain
	Aln	0	-HG004_ont_1708_start_212515 1 14986 15000 +edge_1_0_+disjointig_1_0_999690 772182 787167 999690 -1 -1 12051 0.04179
Chain
	Aln	1	+HG004_ont_1709_start_203919 1 14998 15000 -edge_1_0_+disjointig_1_0_999690 203914 218911 999690 -1 -1 12321 0.0391057
Chain
	Aln	0	-HG004_ont_1709_start_203919 1 14998 15000 +edge_1_0_+disjointig_1_0_999690 780778 795775 999690 -1 -1 12321 0.0391057
Chain
	Aln	1	+HG004_ont_1710_start_581581 8 14997 15000 -edge_1_0_+disjointig_1_0_999690 581583 596572 999690 -1 -1 12198 0.040643
Chain
	Aln	0	-HG004_ont_1710_start_581581 2 14991 15000 +edge_1_0_+disjointig_1_0_999690 403117 418106 999690 -1 -1 12198 0.040643
Chain
	Aln	1	+HG004_ont_1711_start_279503 4 14998 15000 -edge_1_0_+disjointig_1_0_999690 279501 294495 999690 -1 -1 12899 0.0358742
Chain
	Aln	0	-HG004_ont_1711_start_279503 1 14995 15000 +edge_1_0_+disjointig_1_0_999690 705194 720188 999690 -1 -1 12899 0.0358742
Chain
	Aln	1	+HG004_ont_1714_start_440546 1 14998 15000 -edge_1_0_+disjointig_1_0_999690 440541 455538 999690 -1 -1 12495 0.0399815
Chain
	Aln	0	-HG004_ont_1714_start_440546 1 14998 15000 +edge_1_0_+disjointig_1_0_999690 544151 559148 999690 -1 -1 12495 0.0399815
Chain
	Aln	1	+HG004_ont_1713_start_391978 1 14976 15000 -edge_1_0_+disjointig_1_0_999690 391973 406948 999690 -1 -1 11995 0.0432392
Chain
	Aln	0	-HG004_ont_1713_start_391978 23 14998 15000 +edge_1_0_+disjointig_1_0_999690 592741 607716 999690 -1 -1 11995 0.0432392
Chain
	Aln	1	+HG004_ont_1712_start_32248 1 14998 15000 -edge_1_0_+disjointig_1_0_999690 32243 47240 999690 -1 -1 12359 0.0377339
Chain
	Aln	0	-HG004_ont_1712_start_32248 1 14998 15000 +edge_1_0_+disjointig_1_0_999690 952449 967446 999690 -1 -1 12359 0.0377339
Chain
	Aln	1	+HG004_ont_1715_start_202276 1 14990 15000 -edge_1_0_+disjointig_1_0_999690 202271 217260 999690 -1 -1 12027 0.0434254
Chain
	Aln	0	-HG004_ont_1715_start_202276 9 14998 15000 +edge_1_0_+disjointig_1_0_999690 782429 797418 999690 -1 -1 12027 0.0434254
Chain
	Aln	1	+HG004_ont_1716_start_158987 12 14998 15000 -edge_1_0_+disjointig_1_0_999690 158993 173979 999690 -1 -1 12235 0.0414752
Chain
	Aln	0	-HG004_ont_1716_start_158987 1 14987 15000 +edge_1_0_+disjointig_1_0_999690 825710 840696 999690 -1 -1 12235 0.0414752
Chain
	Aln	1	+HG004_ont_1718_start_919865 14 14998 15000 -edge_1_0_+disjointig_1_0_999690 919873 934857 999690 -1 -1 12610 0.0381992
Chain
	Aln	0	-HG004_ont_1718_start_919865 1 14985 15000 +edge_1_0_+disjointig_1_0_999690 64832 79816 999690 -1 -1 12610 0.0381992
Chain
	Aln	1	+HG004_ont_1717_start_486008 46 14996 15000 -edge_1_0_+disjointig_1_0_999690 486048 500998 999690 -1 -1 12508 0.0403177
Chain
	Aln	0	-HG004_ont_1717_start_486008 3 14953 15000 +edge_1_0_+disjointig_1_0_999690 498691 513641 999690 -1 -1 12508 0.0403177
Chain
	Aln	1	+HG004_ont_1719_start_341901 1 14998 15000 -edge_1_0_+disjointig_1_0_999690 341896 356893 999690 -1 -1 12204 0.0403775
Chain
	Aln	0	-HG004_ont_1719_start_341901 1 14998 15000 +edge_1_0_+disjointig_1_0_999690 642796 657793 999690 -1 -1 12204 0.0403775
Chain
	Aln	1	+HG004_ont_1721_start_607221 1 14971 15000 -edge_1_0_+disjointig_1_0_999690 607216 622186 999690 -1 -1 12084 0.0404588
Chain
	Aln	0	-HG004_ont_1721_start_607221 28 14998 15000 +edge_1_0_+disjointig_1_0_999690 377503 392473 999690 -1 -1 12084 0.0404588
Chain
	Aln	1	+HG004_ont_1720_start_404781 4 14988 15000 -edge_1_0_+disjointig_1_0_999690 404779 419763 999690 -1 -1 12440 0.0393681
Chain
	Aln	0	-HG004_ont_1720_start_404781 11 14995 15000 +edge_1_0_+disjointig_1_0_999690 579926 594910 999690 -1 -1 12440 0.0393681
Chain
	Aln	1	+HG004_ont_1722_start_927853 8 14998 15000 -edge_1_0_+disjointig_1_0_999690 927855 942845 999690 -1 -1 12086 0.0430773
Chain
	Aln	0	-HG004_ont_1722_start_927853 1 14991 15000 +edge_1_0_+disjointig_1_0_999690 56844 71834 999690 -1 -1 12086 0.0430773
Chain
	Aln	1	+HG004_ont_1723_start_641968 0 14981 15000 -edge_1_0_+disjointig_1_0_999690 641962 656943 999690 -1 -1 12229 0.0415033
Chain
	Aln	0	-HG004_ont_1723_start_641968 18 14999 15000 +edge_1_0_+disjointig_1_0_999690 342746 357727 999690 -1 -1 12229 0.0415033
Chain
	Aln	1	+HG004_ont_1725_start_569550 0 14985 15000 -edge_1_0_+disjointig_1_0_999690 569544 584529 999690 -1 -1 12066 0.0406586
Chain
	Aln	0	-HG004_ont_1725_start_569550 14 14999 15000 +edge_1_0_+disjointig_1_0_999690 415160 430145 999690 -1 -1 12066 0.0406586
Chain
	Aln	1	+HG004_ont_1726_start_129043 5 14998 15000 -edge_1_0_+disjointig_1_0_999690 129042 144035 999690 -1 -1 12077 0.0448874
Chain
	Aln	0	-HG004_ont_1726_start_129043 1 14994 15000 +edge_1_0_+disjointig_1_0_999690 855654 870647 999690 -1 -1 12077 0.0448874
Chain
	Aln	1	+HG004_ont_1724_start_138393 18 14998 15000 -edge_1_0_+disjointig_1_0_999690 138405 153385 999690 -1 -1 12336 0.0396599
Chain
	Aln	0	-HG004_ont_1724_start_138393 1 14981 15000 +edge_1_0_+disjointig_1_0_999690 846304 861284 999690 -1 -1 12336 0.0396599
Chain
	Aln	1	+HG004_ont_1727_start_443982 1 14998 15000 -edge_1_0_+disjointig_1_0_999690 443977 458974 999690 -1 -1 12010 0.0430721
Chain
	Aln	0	-HG004_ont_1727_start_443982 1 14998 15000 +edge_1_0_+disjointig_1_0_999690 540715 555712 999690 -1 -1 12010 0.0430721
Chain
	Aln	1	+HG004_ont_1729_start_842017 27 14985 15000 -edge_1_0_+disjointig_1_0_999690 842038 856996 999690 -1 -1 12336 0.0396969
Chain
	Aln	0	-HG004_ont_1729_start_842017 14 14972 15000 +edge_1_0_+disjointig_1_0_999690 142693 157651 999690 -1 -1 12336 0.0396969
Chain
	Aln	1	+HG004_ont_1730_start_494733 1 14998 15000 -edge_1_0_+disjointig_1_0_999690 494728 509725 999690 -1 -1 12435 0.0392125
Chain
	Aln	0	-HG004_ont_1730_start_494733 1 14998 15000 +edge_1_0_+disjointig_1_0_999690 489964 504961 999690 -1 -1 12435 0.0392125
Chain
	Aln	1	+HG004_ont_1728_start_126626 11 14997 15000 -edge_1_0_+disjointig_1_0_999690 126631 141617 999690 -1 -1 12493 0.0387279
Chain
	Aln	0	-HG004_ont_1728_start_126626 2 14988 15000 +edge_1_0_+disjointig_1_0_999690 858072 873058 999690 -1 -1 12493 0.0387279
Chain
	Aln	1	+HG004_ont_1731_start_181196 19 14998 15000 -edge_1_0_+disjointig_1_0_999690 181209 196188 999690 -1 -1 12451 0.0379321
Chain
	Aln	0	-HG004_ont_1731_start_181196 1 14980 15000 +edge_1_0_+disjointig_1_0_999690 803501 818480 999690 -1 -1 12451 0.0379321
Chain
	Aln	1	+HG004_ont_1732_start_313888 1 14998 15000 -edge_1_0_+disjointig_1_0_999690 313883 328880 999690 -1 -1 12144 0.0410988
Chain
	Aln	0	-HG004_ont_1732_start_313888 1 14998 15000 +edge_1_0_+disjointig_1_0_999690 670809 685806 999690 -1 -1 12144 0.0410988
Chain
	Aln	1	+HG004_ont_1733_start_984500 17 14976 15000 -edge_1_0_+disjointig_1_0_999690 984511 999470 999690 -1 -1 12255 0.04058
Chain
	Aln	0	-HG004_ont_1733_start_984500 23 14982 15000 +edge_1_0_+disjointig_1_0_999690 219 15178 999690 -1 -1 12255 0.04058
Chain
	Aln	1	+HG004_ont_1734_start_348223 1 14982 15000 -edge_1_0_+disjointig_1_0_999690 348218 363199 999690 -1 -1 12185 0.042757
Chain
	Aln	0	-HG004_ont_1734_start_348223 17 14998 15000 +edge_1_0_+disjointig_1_0_999690 636490 651471 999690 -1 -1 12185 0.042757
Chain
	Aln	1	+HG004_ont_1736_start_169883 1 14960 15000 -edge_1_0_+disjointig_1_0_999690 169878 184837 999690 -1 -1 12590 0.0381311
Chain
	Aln	0	-HG004_ont_1736_start_169883 39 14998 15000 +edge_1_0_+disjointig_1_0_999690 814852 829811 999690 -1 -1 12590 0.0381311
Chain
	Aln	1	+HG004_ont_1737_start_943903 0 14982 15000 -edge_1_0_+disjointig_1_0_999690 943897 958879 999690 -1 -1 11984 0.0450888
Chain
	Aln	0	-HG004_ont_1737_start_943903 17 14999 15000 +edge_1_0_+disjointig_1_0_999690 40810 55792 999690 -1 -1 11984 0.0450888
Chain
	Aln	1	+HG004_ont_1735_start_268702 1 14984 15000 -edge_1_0_+disjointig_1_0_999690 268697 283680 999690 -1 -1 12442 0.0377759
Chain
	Aln	0	-HG004_ont_1735_start_268702 15 14998 15000 +edge_1_0_+disjointig_1_0_999690 716009 730992 999690 -1 -1 12442 0.0377759
Chain
	Aln	1	+HG004_ont_1738_start_639334 0 14998 15000 -edge_1_0_+disjointig_1_0_999690 639328 654326 999690 -1 -1 12168 0.0428318
Chain
	Aln	0	-HG004_ont_1738_start_639334 1 14999 15000 +edge_1_0_+disjointig_1_0_999690 345363 360361 999690 -1 -1 12168 0.0428318
Chain
	Aln	1	+HG004_ont_1740_start_940974 6 14982 15000 -edge_1_0_+disjointig_1_0_999690 940974 955950 999690 -1 -1 12284 0.040545
Chain
	Aln	0	-HG004_ont_1740_start_940974 17 14993 15000 +edge_1_0_+disjointig_1_0_999690 43739 58715 999690 -1 -1 12284 0.040545
Chain
	Aln	1	+HG004_ont_1741_start_599260 1 14998 15000 -edge_1_0_+disjointig_1_0_999690 599255 614252 999690 -1 -1 12443 0.0391514
Chain
	Aln	0	-HG004_ont_1741_start_599260 1 14998 15000 +edge_1_0_+disjointig_1_0_999690 385437 400434 999690 -1 -1 12443 0.0391514
Chain
	Aln	1	+HG004_ont_1739_start_429432 1 14998 15000 -edge_1_0_+disjointig_1_0_999690 429427 444424 999690 -1 -1 12310 0.0383405
Chain
	Aln	0	-HG004_ont_1739_start_429432 1 14998 15000 +edge_1_0_+disjointig_1_0_999690 555265 570262 999690 -1 -1 12310 0.0383405
Chain
	Aln	1	+HG004_ont_1742_start_643242 5 14983 15000 -edge_1_0_+disjointig_1_0_999690 643241 658219 999690 -1 -1 12389 0.0396135
Chain
	Aln	0	-HG004_ont_1742_start_643242 16 14994 15000 +edge_1_0_+disjointig_1_0_999690 341470 356448 999690 -1 -1 12389 0.0396135
Chain
	Aln	1	+HG004_ont_1743_start_176371 30 14967 15000 -edge_1_0_+disjointig_1_0_999690 176395 191332 999690 -1 -1 12720 0.0360195
Chain
	Aln	0	-HG004_ont_1743_start_176371 32 14969 15000 +edge_1_0_+disjointig_1_0_999690 808357 823294 999690 -1 -1 12720 0.0360195
Chain
	Aln	1	+HG004_ont_1744_start_858901 1 14998 15000 -edge_1_0_+disjointig_1_0_999690 858896 873893 999690 -1 -1 12266 0.0415263
Chain
	Aln	0	-HG004_ont_1744_start_858901 1 14998 15000 +edge_1_0_+disjointig_1_0_999690 125796 140793 999690 -1 -1 12266 0.0415263
Chain
	Aln	1	+HG004_ont_1745_start_884547 0 14987 15000 -edge_1_0_+disjointig_1_0_999690 884541 899528 999690 -1 -1 12339 0.0404085
Chain
	Aln	0	-HG004_ont_1745_start_884547 12 14999 15000 +edge_1_0_+disjointig_1_0_999690 100161 115148 999690 -1 -1 12339 0.0404085
Chain
	Aln	1	+HG004_ont_1746_start_632017 1 14998 15000 -edge_1_0_+disjointig_1_0_999690 632012 647009 999690 -1 -1 12174 0.0421333
Chain
	Aln	0	-HG004_ont_1746_start_632017 1 14998 15000 +edge_1_0_+disjointig_1_0_999690 352680 367677 999690 -1 -1 12174 0.0421333
Chain
	Aln	1	+HG004_ont_1748_start_598212 6 14998 15000 -edge_1_0_+disjointig_1_0_999690 598212 613204 999690 -1 -1 12342 0.0412847
Chain
	Aln	0	-HG004_ont_1748_start_598212 1 14993 15000 +edge_1_0_+disjointig_1_0_999690 386485 401477 999690 -1 -1 12342 0.0412847
Chain
	Aln	1	+HG004_ont_1749_start_112487 1 14990 15000 -edge_1_0_+disjointig_1_0_999690 112482 127471 999690 -1 -1 12557 0.0395951
Chain
	Aln	0	-HG004_ont_1749_start_112487 9 14998 15000 +edge_1_0_+disjointig_1_0_999690 872218 887207 999690 -1 -1 12557 0.0395951
Chain
	Aln	1	+HG004_ont_1747_start_403020 20 14998 15000 -edge_1_0_+disjointig_1_0_999690 403034 418012 999690 -1 -1 11854 0.0424454
Chain
	Aln	0	-HG004_ont_1747_start_403020 1 14979 15000 +edge_1_0_+disjointig_1_0_999690 581677 596655 999690 -1 -1 11854 0.0424454
Chain
	Aln	1	+HG004_ont_1750_start_968606 12 14998 15000 -edge_1_0_+disjointig_1_0_999690 968612 983598 999690 -1 -1 11669 0.0458785
Chain
	Aln	0	-HG004_ont_1750_start_968606 1 14987 15000 +edge_1_0_+disjointig_1_0_999690 16091 31077 999690 -1 -1 11669 0.0458785
Chain
	Aln	1	+HG004_ont_1751_start_354705 8 14998 15000 -edge_1_0_+disjointig_1_0_999690 354707 369697 999690 -1 -1 12164 0.0424441
Chain
	Aln	0	-HG004_ont_1751_start_354705 1 14991 15000 +edge_1_0_+disjointig_1_0_999690 629992 644982 999690 -1 -1 12164 0.0424441
Chain
	Aln	1	+HG004_ont_1752_start_146520 8 14998 15000 -edge_1_0_+disjointig_1_0_999690 146522 161512 999690 -1 -1 12231 0.0421621
Chain
	Aln	0	-HG004_ont_1752_start_146520 1 14991 15000 +edge_1_0_+disjointig_1_0_999690 838177 853167 999690 -1 -1 12231 0.0421621
Chain
	Aln	1	+HG004_ont_1753_start_373316 1 14998 15000 -edge_1_0_+disjointig_1_0_999690 373311 388308 999690 -1 -1 12663 0.039182
Chain
	Aln	0	-HG004_ont_1753_start_373316 1 14998 15000 +edge_1_0_+disjointig_1_0_999690 611381 626378 999690 -1 -1 12663 0.039182
Chain
	Aln	1	+HG004_ont_1754_start_28700 1 14998 15000 -edge_1_0_+disjointig_1_0_999690 28695 43692 999690 -1 -1 12244 0.0409413
Chain
	Aln	0	-HG004_ont_1754_start_28700 1 14998 15000 +edge_1_0_+disjointig_1_0_999690 955997 970994 999690 -1 -1 12244 0.0409413
Chain
	Aln	1	+HG004_ont_1755_start_319773 1 14998 15000 -edge_1_0_+disjointig_1_0_999690 319768 334765 999690 -1 -1 12679 0.0388166
Chain
	Aln	0	-HG004_ont_1755_start_319773 1 14998 15000 +edge_1_0_+disjointig_1_0_999690 664924 679921 999690 -1 -1 12679 0.0388166
Chain
	Aln	1	+HG004_ont_1756_start_457807 9 14992 15000 -edge_1_0_+disjointig_1_0_999690 457810 472793 999690 -1 -1 12574 0.0401825
Chain
	Aln	0	-HG004_ont_1756_start_457807 7 14990 15000 +edge_1_0_+disjointig_1_0_999690 526896 541879 999690 -1 -1 12574 0.0401825
Chain
	Aln	1	+HG004_ont_1757_start_421082 18 14984 15000 -edge_1_0_+disjointig_1_0_999690 421094 436060 999690 -1 -1 12047 0.0439624
Chain
	Aln	0	-HG004_ont_1757_start_421082 15 14981 15000 +edge_1_0_+disjointig_1_0_999690 563629 578595 999690 -1 -1 12047 0.0439624
Chain
	Aln	1	+HG004_ont_1758_start_544480 15 14998 15000 -edge_1_0_+disjointig_1_0_999690 544489 559472 999690 -1 -1 12486 0.0380452
Chain
	Aln	0	-HG004_ont_1758_start_544480 1 14984 15000 +edge_1_0_+disjointig_1_0_999690 440217 455200 999690 -1 -1 12486 0.0380452
Chain
	Aln	1	+HG004_ont_1759_start_601953 1 14990 15000 -edge_1_0_+disjointig_1_0_999690 601948 616937 999690 -1 -1 12014 0.0435322
Chain
	Aln	0	-HG004_ont_1759_start_601953 9 14998 15000 +edge_1_0_+disjointig_1_0_999690 382752 397741 999690 -1 -1 12014 0.0435322
Chain
	Aln	1	+HG004_ont_1760_start_126561 1 14998 15000 -edge_1_0_+disjointig_1_0_999690 126556 141553 999690 -1 -1 12321 0.0402141
Chain
	Aln	0	-HG004_ont_1760_start_126561 1 14998 15000 +edge_1_0_+disjointig_1_0_999690 858136 873133 999690 -1 -1 12321 0.0402141
Chain
	Aln	1	+HG004_ont_1761_start_706786 1 14998 15000 -edge_1_0_+disjointig_1_0_999690 706781 721778 999690 -1 -1 12159 0.0413597
Chain
	Aln	0	-HG004_ont_1761_start_706786 1 14998 15000 +edge_1_0_+disjointig_1_0_999690 277911 292908 999690 -1 -1 12159 0.0413597
Chain
	Aln	1	+HG004_ont_1762_start_713195 19 14998 15000 -edge_1_0_+disjointig_1_0_999690 713208 728187 999690 -1 -1 12354 0.0412653
Chain
	Aln	0	-HG004_ont_1762_start_713195 1 14980 15000 +edge_1_0_+disjointig_1_0_999690 271502 286481 999690 -1 -1 12354 0.0412653
Chain
	Aln	1	+HG004_ont_1763_start_591787 23 14985 15000 -edge_1_0_+disjointig_1_0_999690 591804 606766 999690 -1 -1 12563 0.038953
Chain
	Aln	0	-HG004_ont_1763_start_591787 14 14976 15000 +edge_1_0_+disjointig_1_0_999690 392923 407885 999690 -1 -1 12563 0.038953
Chain
	Aln	1	+HG004_ont_1764_start_297130 11 14966 15000 -edge_1_0_+disjointig_1_0_999690 297135 312090 999690 -1 -1 11775 0.0466366
Chain
	Aln	0	-HG004_ont_1764_start_297130 33 14988 15000 +edge_1_0_+disjointig_1_0_999690 687599 702554 999690 -1 -1 11775 0.0466366
Chain
	Aln	1	+HG004_ont_1765_start_365128 1 14980 15000 -edge_1_0_+disjointig_1_0_999690 365123 380102 999690 -1 -1 12157 0.0420707
Chain
	Aln	0	-HG004_ont_1765_start_365128 19 14998 15000 +edge_1_0_+disjointig_1_0_999690 619587 634566 999690 -1 -1 12157 0.0420707
Chain
	Aln	1	+HG004_ont_1766_start_480605 29 14993 15000 -edge_1_0_+disjointig_1_0_999690 480628 495592 999690 -1 -1 12424 0.0386794
Chain
	Aln	0	-HG004_ont_1766_start_480605 6 14970 15000 +edge_1_0_+disjointig_1_0_999690 504097 519061 999690 -1 -1 12424 0.0386794
Chain
	Aln	1	+HG004_ont_1767_start_834942 0 14994 15000 -edge_1_0_+disjointig_1_0_999690 834936 849930 999690 -1 -1 12056 0.0421698
Chain
	Aln	0	-HG004_ont_1767_start_834942 5 14999 15000 +edge_1_0_+disjointig_1_0_999690 149759 164753 999690 -1 -1 12056 0.0421698
Chain
	Aln	1	+HG004_ont_1768_start_693012 24 14992 15000 -edge_1_0_+disjointig_1_0_999690 693030 707998 999690 -1 -1 12054 0.0439122
Chain
	Aln	0	-HG004_ont_1768_start_693012 7 14975 15000 +edge_1_0_+disjointig_1_0_999690 291691 306659 999690 -1 -1 12054 0.0439122
Chain
	Aln	1	+HG004_ont_1769_start_898278 50 14998 15000 -edge_1_0_+disjointig_1_0_999690 898322 913270 999690 -1 -1 12061 0.0440412
Chain
	Aln	0	-HG004_ont_1769_start_898278 1 14949 15000 +edge_1_0_+disjointig_1_0_999690 86419 101367 999690 -1 -1 12061 0.0440412
Chain
	Aln	1	+HG004_ont_1770_start_155185 0 14978 15000 -edge_1_0_+disjointig_1_0_999690 155179 170157 999690 -1 -1 12015 0.0444092
Chain
	Aln	0	-HG004_ont_1770_start_155185 21 14999 15000 +edge_1_0_+disjointig_1_0_999690 829532 844510 999690 -1 -1 12015 0.0444092
Chain
	Aln	1	+HG004_ont_1771_start_497144 13 14998 15000 -edge_1_0_+disjointig_1_0_999690 497151 512136 999690 -1 -1 12569 0.0380305
Chain
	Aln	0	-HG004_ont_1771_start_497144 1 14986 15000 +edge_1_0_+disjointig_1_0_999690 487553 502538 999690 -1 -1 12569 0.0380305
Chain
	Aln	1	+HG004_ont_1772_start_451682 1 14984 15000 -edge_1_0_+disjointig_1_0_999690 451677 466660 999690 -1 -1 12396 0.0401981
Chain
	Aln	0	-HG004_ont_1772_start_451682 15 14998 15000 +edge_1_0_+disjointig_1_0_999690 533029 548012 999690 -1 -1 12396 0.0401981
Chain
	Aln	1	+HG004_ont_1773_start_798393 0 14981 15000 -edge_1_0_+disjointig_1_0_999690 798387 813368 999690 -1 -1 12479 0.0406664
Chain
	Aln	0	-HG004_ont_1773_start_798393 18 14999 15000 +edge_1_0_+disjointig_1_0_999690 186321 201302 999690 -1 -1 12479 0.0406664
Chain
	Aln	1	+HG004_ont_1774_start_952447 1 14983 15000 -edge_1_0_+disjointig_1_0_999690 952442 967424 999690 -1 -1 12400 0.0399149
Chain
	Aln	0	-HG004_ont_1774_start_952447 16 14998 15000 +edge_1_0_+disjointig_1_0_999690 32265 47247 999690 -1 -1 12400 0.0399149
Chain
	Aln	1	+HG004_ont_1775_start_663753 37 14998 15000 -edge_1_0_+disjointig_1_0_999690 663784 678745 999690 -1 -1 12317 0.0387512
Chain
	Aln	0	-HG004_ont_1775_start_663753 1 14962 15000 +edge_1_0_+disjointig_1_0_999690 320944 335905 999690 -1 -1 12317 0.0387512
Chain
	Aln	1	+HG004_ont_1776_start_874951 30 14998 15000 -edge_1_0_+disjointig_1_0_999690 874975 889943 999690 -1 -1 12286 0.0399993
Chain
	Aln	0	-HG004_ont_1776_start_874951 1 14969 15000 +edge_1_0_+disjointig_1_0_999690 109746 124714 999690 -1 -1 12286 0.0399993
Chain
	Aln	1	+HG004_ont_1777_start_811411 10 14988 15000 -edge_1_0_+disjointig_1_0_999690 811415 826393 999690 -1 -1 12198 0.0407252
Chain
	Aln	0	-HG004_ont_1777_start_811411 11 14989 15000 +edge_1_0_+disjointig_1_0_999690 173296 188274 999690 -1 -1 12198 0.0407252
Chain
	Aln	1	+HG004_ont_1778_start_929302 16 14998 15000 -edge_1_0_+disjointig_1_0_999690 929312 944294 999690 -1 -1 12442 0.0400854
Chain
	Aln	0	-HG004_ont_1778_start_929302 1 14983 15000 +edge_1_0_+disjointig_1_0_999690 55395 70377 999690 -1 -1 12442 0.0400854
Chain
	Aln	1	+HG004_ont_1779_start_321218 1 14982 15000 -edge_1_0_+disjointig_1_0_999690 321213 336194 999690 -1 -1 12388 0.0403771
Chain
	Aln	0	-HG004_ont_1779_start_321218 17 14998 15000 +edge_1_0_+disjointig_1_0_999690 663495 678476 999690 -1 -1 12388 0.0403771
Chain
	Aln	1	+HG004_ont_1780_start_961662 1 14983 15000 -edge_1_0_+disjointig_1_0_999690 961657 976639 999690 -1 -1 12460 0.0428666
Chain
	Aln	0	-HG004_ont_1780_start_961662 16 14998 15000 +edge_1_0_+disjointig_1_0_999690 23050 38032 999690 -1 -1 12460 0.0428666
Chain
	Aln	1	+HG004_ont_1781_start_497509 1 14968 15000 -edge_1_0_+disjointig_1_0_999690 497504 512471 999690 -1 -1 12235 0.0421683
Chain
	Aln	0	-HG004_ont_1781_start_497509 31 14998 15000 +edge_1_0_+disjointig_1_0_999690 487218 502185 999690 -1 -1 12235 0.0421683
Chain
	Aln	1	+HG004_ont_1782_start_819585 0 14998 15000 -edge_1_0_+disjointig_1_0_999690 819579 834577 999690 -1 -1 12388 0.0433868
Chain
	Aln	0	-HG004_ont_1782_start_819585 1 14999 15000 +edge_1_0_+disjointig_1_0_999690 165112 180110 999690 -1 -1 12388 0.0433868
Chain
	Aln	1	+HG004_ont_1784_start_921874 10 14998 15000 -edge_1_0_+disjointig_1_0_999690 921878 936866 999690 -1 -1 12126 0.0423555
Chain
	Aln	0	-HG004_ont_1784_start_921874 1 14989 15000 +edge_1_0_+disjointig_1_0_999690 62823 77811 999690 -1 -1 12126 0.0423555
Chain
	Aln	1	+HG004_ont_1785_start_513478 69 14987 15000 -edge_1_0_+disjointig_1_0_999690 513541 528459 999690 -1 -1 11919 0.0445756
Chain
	Aln	0	-HG004_ont_1785_start_513478 12 14930 15000 +edge_1_0_+disjointig_1_0_999690 471230 486148 999690 -1 -1 11919 0.0445756
Chain
	Aln	1	+HG004_ont_1783_start_67018 16 14998 15000 -edge_1_0_+disjointig_1_0_999690 67028 82010 999690 -1 -1 12015 0.0414278
Chain
	Aln	0	-HG004_ont_1783_start_67018 1 14983 15000 +edge_1_0_+disjointig_1_0_999690 917679 932661 999690 -1 -1 12015 0.0414278
Chain
	Aln	1	+HG004_ont_1786_start_355811 1 14998 15000 -edge_1_0_+disjointig_1_0_999690 355806 370803 999690 -1 -1 12257 0.041981
Chain
	Aln	0	-HG004_ont_1786_start_355811 1 14998 15000 +edge_1_0_+disjointig_1_0_999690 628886 643883 999690 -1 -1 12257 0.041981
Chain
	Aln	1	+HG004_ont_1787_start_547449 1 14984 15000 -edge_1_0_+disjointig_1_0_999690 547444 562427 999690 -1 -1 12161 0.0411623
Chain
	Aln	0	-HG004_ont_1787_start_547449 15 14998 15000 +edge_1_0_+disjointig_1_0_999690 437262 452245 999690 -1 -1 12161 0.0411623
Chain
	Aln	1	+HG004_ont_1788_start_249214 10 14998 15000 -edge_1_0_+disjointig_1_0_999690 249218 264206 999690 -1 -1 11932 0.0425008
Chain
	Aln	0	-HG004_ont_1788_start_249214 1 14989 15000 +edge_1_0_+disjointig_1_0_999690 735483 750471 999690 -1 -1 11932 0.0425008
Chain
	Aln	1	+HG004_ont_1789_start_294846 1 14998 15000 -edge_1_0_+disjointig_1_0_999690 294841 309838 999690 -1 -1 12488 0.0382052
Chain
	Aln	0	-HG004_ont_1789_start_294846 1 14998 15000 +edge_1_0_+disjointig_1_0_999690 689851 704848 999690 -1 -1 12488 0.0382052
Chain
	Aln	1	+HG004_ont_1790_start_593345 1 14998 15000 -edge_1_0_+disjointig_1_0_999690 593340 608337 999690 -1 -1 12238 0.0386423
Chain
	Aln	0	-HG004_ont_1790_start_593345 1 14998 15000 +edge_1_0_+disjointig_1_0_999690 391352 406349 999690 -1 -1 12238 0.0386423
Chain
	Aln	1	+HG004_ont_1791_start_718574 59 14970 15000 -edge_1_0_+disjointig_1_0_999690 718627 733538 999690 -1 -1 12145 0.0406266
Chain
	Aln	0	-HG004_ont_1791_start_718574 29 14940 15000 +edge_1_0_+disjointig_1_0_999690 266151 281062 999690 -1 -1 12145 0.0406266
Chain
	Aln	1	+HG004_ont_1792_start_87363 1 14998 15000 -edge_1_0_+disjointig_1_0_999690 87358 102355 999690 -1 -1 12227 0.0412015
Chain
	Aln	0	-HG004_ont_1792_start_87363 1 14998 15000 +edge_1_0_+disjointig_1_0_999690 897334 912331 999690 -1 -1 12227 0.0412015
Chain
	Aln	1	+HG004_ont_1793_start_590613 1 14959 15000 -edge_1_0_+disjointig_1_0_999690 590608 605566 999690 -1 -1 12423 0.0403882
Chain
	Aln	0	-HG004_ont_1793_start_590613 40 14998 15000 +edge_1_0_+disjointig_1_0_999690 394123 409081 999690 -1 -1 12423 0.0403882
Chain
	Aln	1	+HG004_ont_1794_start_462928 13 14921 15000 -edge_1_0_+disjointig_1_0_999690 462935 477843 999690 -1 -1 12249 0.0409304
Chain
	Aln	0	-HG004_ont_1794_start_462928 78 14986 15000 +edge_1_0_+disjointig_1_0_999690 521846 536754 999690 -1 -1 12249 0.0409304
Chain
	Aln	1	+HG004_ont_1795_start_431487 16 14998 15000 -edge_1_0_+disjointig_1_0_999690 431497 446479 999690 -1 -1 12038 0.0435706
Chain
	Aln	0	-HG004_ont_1795_start_431487 1 14983 15000 +edge_1_0_+disjointig_1_0_999690 553210 568192 999690 -1 -1 12038 0.0435706
Chain
	Aln	1	+HG004_ont_1796_start_295095 3 14994 15000 -edge_1_0_+disjointig_1_0_999690 295092 310083 999690 -1 -1 12482 0.0383471
Chain
	Aln	0	-HG004_ont_1796_start_295095 5 14996 15000 +edge_1_0_+disjointig_1_0_999690 689606 704597 999690 -1 -1 12482 0.0383471
Chain
	Aln	1	+HG004_ont_1797_start_495668 11 14998 15000 -edge_1_0_+disjointig_1_0_999690 495673 510660 999690 -1 -1 12374 0.0419017
Chain
	Aln	0	-HG004_ont_1797_start_495668 1 14988 15000 +edge_1_0_+disjointig_1_0_999690 489029 504016 999690 -1 -1 12374 0.0419017
Chain
	Aln	1	+HG004_ont_1798_start_822786 0 14973 15000 -edge_1_0_+disjointig_1_0_999690 822780 837753 999690 -1 -1 12014 0.0414004
Chain
	Aln	0	-HG004_ont_1798_start_822786 26 14999 15000 +edge_1_0_+disjointig_1_0_999690 161936 176909 999690 -1 -1 12014 0.0414004
Chain
	Aln	1	+HG004_ont_1799_start_739490 1 14998 15000 -edge_1_0_+disjointig_1_0_999690 739485 754482 999690 -1 -1 12273 0.0405883
Chain
	Aln	0	-HG004_ont_1799_start_739490 1 14998 15000 +edge_1_0_+disjointig_1_0_999690 245207 260204 999690 -1 -1 12273 0.0405883
Chain
	Aln	1	+HG004_ont_1801_start_747784 0 14998 15000 -edge_1_0_+disjointig_1_0_999690 747778 762776 999690 -1 -1 12080 0.0443459
Chain
	Aln	0	-HG004_ont_1801_start_747784 1 14999 15000 +edge_1_0_+disjointig_1_0_999690 236913 251911 999690 -1 -1 12080 0.0443459
Chain
	Aln	1	+HG004_ont_1800_start_650612 1 14975 15000 -edge_1_0_+disjointig_1_0_999690 650607 665581 999690 -1 -1 12285 0.0410322
Chain
	Aln	0	-HG004_ont_1800_start_650612 24 14998 15000 +edge_1_0_+disjointig_1_0_999690 334108 349082 999690 -1 -1 12285 0.0410322
Chain
	Aln	1	+HG004_ont_1802_start_442152 1 14998 15000 -edge_1_0_+disjointig_1_0_999690 442147 457144 999690 -1 -1 12457 0.0407763
Chain
	Aln	0	-HG004_ont_1802_start_442152 1 14998 15000 +edge_1_0_+disjointig_1_0_999690 542545 557542 999690 -1 -1 12457 0.0407763
Chain
	Aln	1	+HG004_ont_1803_start_518741 12 14998 15000 -edge_1_0_+disjointig_1_0_999690 518747 533733 999690 -1 -1 12314 0.0409768
Chain
	Aln	0	-HG004_ont_1803_start_518741 1 14987 15000 +edge_1_0_+disjointig_1_0_999690 465956 480942 999690 -1 -1 12314 0.0409768
Chain
	Aln	1	+HG004_ont_1804_start_790634 11 14998 15000 -edge_1_0_+disjointig_1_0_999690 790639 805626 999690 -1 -1 12092 0.0446036
Chain
	Aln	0	-HG004_ont_1804_start_790634 1 14988 15000 +edge_1_0_+disjointig_1_0_999690 194063 209050 999690 -1 -1 12092 0.0446036
Chain
	Aln	1	+HG004_ont_1805_start_492359 1 14981 15000 -edge_1_0_+disjointig_1_0_999690 492354 507334 999690 -1 -1 12197 0.0422677
Chain
	Aln	0	-HG004_ont_1805_start_492359 18 14998 15000 +edge_1_0_+disjointig_1_0_999690 492355 507335 999690 -1 -1 12197 0.0422677
Chain
	Aln	1	+HG004_ont_1806_start_766791 1 14998 15000 -edge_1_0_+disjointig_1_0_999690 766786 781783 999690 -1 -1 12584 0.0385667
Chain
	Aln	0	-HG004_ont_1806_start_766791 1 14998 15000 +edge_1_0_+disjointig_1_0_999690 217906 232903 999690 -1 -1 12584 0.0385667
Chain
	Aln	1	+HG004_ont_1807_start_66430 18 14998 15000 -edge_1_0_+disjointig_1_0_999690 66442 81422 999690 -1 -1 12472 0.0410952
Chain
	Aln	0	-HG004_ont_1807_start_66430 1 14981 15000 +edge_1_0_+disjointig_1_0_999690 918267 933247 999690 -1 -1 12472 0.0410952
Chain
	Aln	1	+HG004_ont_1808_start_652141 1 14998 15000 -edge_1_0_+disjointig_1_0_999690 652136 667133 999690 -1 -1 12386 0.0394652
Chain
	Aln	0	-HG004_ont_1808_start_652141 1 14998 15000 +edge_1_0_+disjointig_1_0_999690 332556 347553 999690 -1 -1 12386 0.0394652
Chain
	Aln	1	+HG004_ont_1809_start_952973 0 14981 15000 -edge_1_0_+disjointig_1_0_999690 952967 967948 999690 -1 -1 12125 0.0443042
Chain
	Aln	0	-HG004_ont_1809_start_952973 18 14999 15000 +edge_1_0_+disjointig_1_0_999690 31741 46722 999690 -1 -1 12125 0.0443042
Chain
	Aln	1	+HG004_ont_1810_start_58378 5 14998 15000 -edge_1_0_+disjointig_1_0_999690 58377 73370 999690 -1 -1 12184 0.0437291
Chain
	Aln	0	-HG004_ont_1810_start_58378 1 14994 15000 +edge_1_0_+disjointig_1_0_999690 926319 941312 999690 -1 -1 12184 0.0437291
Chain
	Aln	1	+HG004_ont_1811_start_522171 1 14990 15000 -edge_1_0_+disjointig_1_0_999690 522166 537155 999690 -1 -1 12270 0.0410832
Chain
	Aln	0	-HG004_ont_1811_start_522171 9 14998 15000 +edge_1_0_+disjointig_1_0_999690 462534 477523 999690 -1 -1 12270 0.0410832
Chain
	Aln	1	+HG004_ont_1812_start_663272 12 14985 15000 -edge_1_0_+disjointig_1_0_999690 663278 678251 999690 -1 -1 12073 0.0445737
Chain
	Aln	0	-HG004_ont_1812_start_663272 14 14987 15000 +edge_1_0_+disjointig_1_0_999690 321438 336411 999690 -1 -1 12073 0.0445737
Chain
	Aln	1	+HG004_ont_1813_start_825081 0 14998 15000 -edge_1_0_+disjointig_1_0_999690 825075 840073 999690 -1 -1 12146 0.0417213
Chain
	Aln	0	-HG004_ont_1813_start_825081 1 14999 15000 +edge_1_0_+disjointig_1_0_999690 159616 174614 999690 -1 -1 12146 0.0417213
Chain
	Aln	1	+HG004_ont_1814_start_233305 17 14998 15000 -edge_1_0_+disjointig_1_0_999690 233316 248297 999690 -1 -1 12272 0.041289
Chain
	Aln	0	-HG004_ont_1814_start_233305 1 14982 15000 +edge_1_0_+disjointig_1_0_999690 751392 766373 999690 -1 -1 12272 0.041289
Chain
	Aln	1	+HG004_ont_1815_start_102820 1 14997 15000 -edge_1_0_+disjointig_1_0_999690 102815 117811 999690 -1 -1 12408 0.0400317
Chain
	Aln	0	-HG004_ont_1815_start_102820 2 14998 15000 +edge_1_0_+disjointig_1_0_999690 881878 896874 999690 -1 -1 12408 0.0400317
Chain
	Aln	1	+HG004_ont_1816_start_115011 1 14998 15000 -edge_1_0_+disjointig_1_0_999690 115006 130003 999690 -1 -1 12447 0.0396111
Chain
	Aln	0	-HG004_ont_1816_start_115011 1 14998 15000 +edge_1_0_+disjointig_1_0_999690 869686 884683 999690 -1 -1 12447 0.0396111
Chain
	Aln	1	+HG004_ont_1818_start_845796 1 14998 15000 -edge_1_0_+disjointig_1_0_999690 845791 860788 999690 -1 -1 12321 0.039966
Chain
	Aln	0	-HG004_ont_1818_start_845796 1 14998 15000 +edge_1_0_+disjointig_1_0_999690 138901 153898 999690 -1 -1 12321 0.039966
Chain
	Aln	1	+HG004_ont_1817_start_483885 1 14967 15000 -edge_1_0_+disjointig_1_0_999690 483880 498846 999690 -1 -1 12011 0.041143
Chain
	Aln	0	-HG004_ont_1817_start_483885 32 14998 15000 +edge_1_0_+disjointig_1_0_999690 500843 515809 999690 -1 -1 12011 0.041143
Chain
	Aln	1	+HG004_ont_1819_start_204599 1 14992 15000 -edge_1_0_+disjointig_1_0_999690 204594 219585 999690 -1 -1 12313 0.0402528
Chain
	Aln	0	-HG004_ont_1819_start_204599 7 14998 15000 +edge_1_0_+disjointig_1_0_999690 780104 795095 999690 -1 -1 12313 0.0402528
Chain
	Aln	1	+HG004_ont_1820_start_240880 1 14998 15000 -edge_1_0_+disjointig_1_0_999690 240875 255872 999690 -1 -1 11968 0.0435471
Chain
	Aln	0	-HG004_ont_1820_start_240880 1 14998 15000 +edge_1_0_+disjointig_1_0_999690 743817 758814 999690 -1 -1 11968 0.0435471
Chain
	Aln	1	+HG004_ont_1821_start_920692 10 14998 15000 -edge_1_0_+disjointig_1_0_999690 920696 935684 999690 -1 -1 12162 0.0428413
Chain
	Aln	0	-HG004_ont_1821_start_920692 1 14989 15000 +edge_1_0_+disjointig_1_0_999690 64005 78993 999690 -1 -1 12162 0.0428413
Chain
	Aln	1	+HG004_ont_1822_start_703913 5 14995 15000 -edge_1_0_+disjointig_1_0_999690 703912 718902 999690 -1 -1 12273 0.0415704
Chain
	Aln	0	-HG004_ont_1822_start_703913 4 14994 15000 +edge_1_0_+disjointig_1_0_999690 280787 295777 999690 -1 -1 12273 0.0415704
Chain
	Aln	1	+HG004_ont_1823_start_836239 1 14979 15000 -edge_1_0_+disjointig_1_0_999690 836234 851212 999690 -1 -1 12567 0.0402173
Chain
	Aln	0	-HG004_ont_1823_start_836239 20 14998 15000 +edge_1_0_+disjointig_1_0_999690 148477 163455 999690 -1 -1 12567 0.0402173
Chain
	Aln	1	+HG004_ont_1824_start_51974 1 14984 15000 -edge_1_0_+disjointig_1_0_999690 51969 66952 999690 -1 -1 12355 0.0412731
Chain
	Aln	0	-HG004_ont_1824_start_51974 15 14998 15000 +edge_1_0_+disjointig_1_0_999690 932737 947720 999690 -1 -1 12355 0.0412731
Chain
	Aln	1	+HG004_ont_1825_start_458028 16 14994 15000 -edge_1_0_+disjointig_1_0_999690 458038 473016 999690 -1 -1 12314 0.0399456
Chain
	Aln	0	-HG004_ont_1825_start_458028 5 14983 15000 +edge_1_0_+disjointig_1_0_999690 526673 541651 999690 -1 -1 12314 0.0399456
Chain
	Aln	1	+HG004_ont_1826_start_438730 60 14998 15000 -edge_1_0_+disjointig_1_0_999690 438784 453722 999690 -1 -1 12322 0.0397264
Chain
	Aln	0	-HG004_ont_1826_start_438730 1 14939 15000 +edge_1_0_+disjointig_1_0_999690 545967 560905 999690 -1 -1 12322 0.0397264
Chain
	Aln	1	+HG004_ont_1827_start_951450 31 14982 15000 -edge_1_0_+disjointig_1_0_999690 951475 966426 999690 -1 -1 12593 0.0372412
Chain
	Aln	0	-HG004_ont_1827_start_951450 17 14968 15000 +edge_1_0_+disjointig_1_0_999690 33263 48214 999690 -1 -1 12593 0.0372412
Chain
	Aln	1	+HG004_ont_1828_start_956844 23 14998 15000 -edge_1_0_+disjointig_1_0_999690 956861 971836 999690 -1 -1 12033 0.0424094
Chain
	Aln	0	-HG004_ont_1828_start_956844 1 14976 15000 +edge_1_0_+disjointig_1_0_999690 27853 42828 999690 -1 -1 12033 0.0424094
Chain
	Aln	1	+HG004_ont_1830_start_507846 0 14998 15000 -edge_1_0_+disjointig_1_0_999690 507840 522838 999690 -1 -1 12233 0.0406548
Chain
	Aln	0	-HG004_ont_1830_start_507846 1 14999 15000 +edge_1_0_+disjointig_1_0_999690 476851 491849 999690 -1 -1 12233 0.0406548
Chain
	Aln	1	+HG004_ont_1829_start_314867 1 14984 15000 -edge_1_0_+disjointig_1_0_999690 314862 329845 999690 -1 -1 12128 0.0450927
Chain
	Aln	0	-HG004_ont_1829_start_314867 15 14998 15000 +edge_1_0_+disjointig_1_0_999690 669844 684827 999690 -1 -1 12128 0.0450927
Chain
	Aln	1	+HG004_ont_1831_start_250980 1 14977 15000 -edge_1_0_+disjointig_1_0_999690 250975 265951 999690 -1 -1 12110 0.0421795
Chain
	Aln	0	-HG004_ont_1831_start_250980 22 14998 15000 +edge_1_0_+disjointig_1_0_999690 733738 748714 999690 -1 -1 12110 0.0421795
Chain
	Aln	1	+HG004_ont_1832_start_214520 17 14998 15000 -edge_1_0_+disjointig_1_0_999690 214531 229512 999690 -1 -1 12217 0.0408392
Chain
	Aln	0	-HG004_ont_1832_start_214520 1 14982 15000 +edge_1_0_+disjointig_1_0_999690 770177 785158 999690 -1 -1 12217 0.0408392
Chain
	Aln	1	+HG004_ont_1834_start_474512 15 14987 15000 -edge_1_0_+disjointig_1_0_999690 474521 489493 999690 -1 -1 12183 0.0424784
Chain
	Aln	0	-HG004_ont_1834_start_474512 12 14984 15000 +edge_1_0_+disjointig_1_0_999690 510196 525168 999690 -1 -1 12183 0.0424784
Chain
	Aln	1	+HG004_ont_1833_start_355604 18 14998 15000 -edge_1_0_+disjointig_1_0_999690 355616 370596 999690 -1 -1 12308 0.039506
Chain
	Aln	0	-HG004_ont_1833_start_355604 1 14981 15000 +edge_1_0_+disjointig_1_0_999690 629093 644073 999690 -1 -1 12308 0.039506
Chain
	Aln	1	+HG004_ont_1835_start_429910 34 14987 15000 -edge_1_0_+disjointig_1_0_999690 429938 444891 999690 -1 -1 11994 0.0428993
Chain
	Aln	0	-HG004_ont_1835_start_429910 12 14965 15000 +edge_1_0_+disjointig_1_0_999690 554798 569751 999690 -1 -1 11994 0.0428993
Chain
	Aln	1	+HG004_ont_1836_start_847217 1 14998 15000 -edge_1_0_+disjointig_1_0_999690 847212 862209 999690 -1 -1 12418 0.039588
Chain
	Aln	0	-HG004_ont_1836_start_847217 1 14998 15000 +edge_1_0_+disjointig_1_0_999690 137480 152477 999690 -1 -1 12418 0.039588
Chain
	Aln	1	+HG004_ont_1837_start_723585 1 14984 15000 -edge_1_0_+disjointig_1_0_999690 723580 738563 999690 -1 -1 12525 0.0371598
Chain
	Aln	0	-HG004_ont_1837_start_723585 15 14998 15000 +edge_1_0_+disjointig_1_0_999690 261126 276109 999690 -1 -1 12525 0.0371598
Chain
	Aln	1	+HG004_ont_1838_start_484564 1 14986 15000 -edge_1_0_+disjointig_1_0_999690 484559 499544 999690 -1 -1 12182 0.0434507
Chain
	Aln	0	-HG004_ont_1838_start_484564 13 14998 15000 +edge_1_0_+disjointig_1_0_999690 500145 515130 999690 -1 -1 12182 0.0434507
Chain
	Aln	1	+HG004_ont_1839_start_950822 27 14998 15000 -edge_1_0_+disjointig_1_0_999690 950843 965814 999690 -1 -1 12323 0.0393554
Chain
	Aln	0	-HG004_ont_1839_start_950822 1 14972 15000 +edge_1_0_+disjointig_1_0_999690 33875 48846 999690 -1 -1 12323 0.0393554
Chain
	Aln	1	+HG004_ont_1840_start_606987 1 14982 15000 -edge_1_0_+disjointig_1_0_999690 606982 621963 999690 -1 -1 12205 0.0401824
Chain
	Aln	0	-HG004_ont_1840_start_606987 17 14998 15000 +edge_1_0_+disjointig_1_0_999690 377726 392707 999690 -1 -1 12205 0.0401824
Chain
	Aln	1	+HG004_ont_1841_start_719866 0 14983 15000 -edge_1_0_+disjointig_1_0_999690 719860 734843 999690 -1 -1 12121 0.0419902
Chain
	Aln	0	-HG004_ont_1841_start_719866 16 14999 15000 +edge_1_0_+disjointig_1_0_999690 264846 279829 999690 -1 -1 12121 0.0419902
Chain
	Aln	1	+HG004_ont_1842_start_410968 1 14981 15000 -edge_1_0_+disjointig_1_0_999690 410963 425943 999690 -1 -1 12199 0.0432916
Chain
	Aln	0	-HG004_ont_1842_start_410968 18 14998 15000 +edge_1_0_+disjointig_1_0_999690 573746 588726 999690 -1 -1 12199 0.0432916
Chain
	Aln	1	+HG004_ont_1843_start_106116 1 14998 15000 -edge_1_0_+disjointig_1_0_999690 106111 121108 999690 -1 -1 12332 0.0406274
Chain
	Aln	0	-HG004_ont_1843_start_106116 1 14998 15000 +edge_1_0_+disjointig_1_0_999690 878581 893578 999690 -1 -1 12332 0.0406274
Chain
	Aln	1	+HG004_ont_1845_start_235569 42 14990 15000 -edge_1_0_+disjointig_1_0_999690 235605 250553 999690 -1 -1 12259 0.0412624
Chain
	Aln	0	-HG004_ont_1845_start_235569 9 14957 15000 +edge_1_0_+disjointig_1_0_999690 749136 764084 999690 -1 -1 12259 0.0412624
Chain
	Aln	1	+HG004_ont_1844_start_288882 23 14998 15000 -edge_1_0_+disjointig_1_0_999690 288899 303874 999690 -1 -1 12391 0.0395863
Chain
	Aln	0	-HG004_ont_1844_start_288882 1 14976 15000 +edge_1_0_+disjointig_1_0_999690 695815 710790 999690 -1 -1 12391 0.0395863
Chain
	Aln	1	+HG004_ont_1846_start_840620 19 14989 15000 -edge_1_0_+disjointig_1_0_999690 840633 855603 999690 -1 -1 11982 0.0430641
Chain
	Aln	0	-HG004_ont_1846_start_840620 10 14980 15000 +edge_1_0_+disjointig_1_0_999690 144086 159056 999690 -1 -1 11982 0.0430641
Chain
	Aln	1	+HG004_ont_1848_start_878203 0 14998 15000 -edge_1_0_+disjointig_1_0_999690 878197 893195 999690 -1 -1 12036 0.0428643
Chain
	Aln	0	-HG004_ont_1848_start_878203 1 14999 15000 +edge_1_0_+disjointig_1_0_999690 106494 121492 999690 -1 -1 12036 0.0428643
Chain
	Aln	1	+HG004_ont_1849_start_728460 16 14998 15000 -edge_1_0_+disjointig_1_0_999690 728470 743452 999690 -1 -1 12382 0.0390697
Chain
	Aln	0	-HG004_ont_1849_start_728460 1 14983 15000 +edge_1_0_+disjointig_1_0_999690 256237 271219 999690 -1 -1 12382 0.0390697
Chain
	Aln	1	+HG004_ont_1847_start_264869 1 14968 15000 -edge_1_0_+disjointig_1_0_999690 264864 279831 999690 -1 -1 12169 0.0410363
Chain
	Aln	0	-HG004_ont_1847_start_264869 31 14998 15000 +edge_1_0_+disjointig_1_0_999690 719858 734825 999690 -1 -1 12169 0.0410363
Chain
	Aln	1	+HG004_ont_1850_start_134706 42 14986 15000 -edge_1_0_+disjointig_1_0_999690 134742 149686 999690 -1 -1 12240 0.0406387
Chain
	Aln	0	-HG004_ont_1850_start_134706 13 14957 15000 +edge_1_0_+disjointig_1_0_999690 850003 864947 999690 -1 -1 12240 0.0406387
Chain
	Aln	1	+HG004_ont_1851_start_192775 1 14958 15000 -edge_1_0_+disjointig_1_0_999690 192770 207727 999690 -1 -1 12419 0.0390554
Chain
	Aln	0	-HG004_ont_1851_start_192775 41 14998 15000 +edge_1_0_+disjointig_1_0_999690 791962 806919 999690 -1 -1 12419 0.0390554
Chain
	Aln	1	+HG004_ont_1852_start_477770 1 14998 15000 -edge_1_0_+disjointig_1_0_999690 477765 492762 999690 -1 -1 12194 0.0422298
Chain
	Aln	0	-HG004_ont_1852_start_477770 1 14998 15000 +edge_1_0_+disjointig_1_0_999690 506927 521924 999690 -1 -1 12194 0.0422298
Chain
	Aln	1	+HG004_ont_1853_start_541592 0 14998 15000 -edge_1_0_+disjointig_1_0_999690 541586 556584 999690 -1 -1 12393 0.0372482
Chain
	Aln	0	-HG004_ont_1853_start_541592 1 14999 15000 +edge_1_0_+disjointig_1_0_999690 443105 458103 999690 -1 -1 12393 0.0372482
Chain
	Aln	1	+HG004_ont_1854_start_433212 12 14998 15000 -edge_1_0_+disjointig_1_0_999690 433218 448204 999690 -1 -1 12245 0.039399
Chain
	Aln	0	-HG004_ont_1854_start_433212 1 14987 15000 +edge_1_0_+disjointig_1_0_999690 551485 566471 999690 -1 -1 12245 0.039399
Chain
	Aln	1	+HG004_ont_1855_start_659254 33 14998 15000 -edge_1_0_+disjointig_1_0_999690 659281 674246 999690 -1 -1 12546 0.0372888
Chain
	Aln	0	-HG004_ont_1855_start_659254 1 14966 15000 +edge_1_0_+disjointig_1_0_999690 325443 340408 999690 -1 -1 12546 0.0372888
Chain
	Aln	1	+HG004_ont_1856_start_704099 8 14998 15000 -edge_1_0_+disjointig_1_0_999690 704101 719091 999690 -1 -1 12580 0.0370177
Chain
	Aln	0	-HG004_ont_1856_start_704099 1 14991 15000 +edge_1_0_+disjointig_1_0_999690 280598 295588 999690 -1 -1 12580 0.0370177
Chain
	Aln	1	+HG004_ont_1857_start_625362 1 14989 15000 -edge_1_0_+disjointig_1_0_999690 625357 640345 999690 -1 -1 12019 0.0448173
Chain
	Aln	0	-HG004_ont_1857_start_625362 10 14998 15000 +edge_1_0_+disjointig_1_0_999690 359344 374332 999690 -1 -1 12019 0.0448173
Chain
	Aln	1	+HG004_ont_1858_start_563601 1 14998 15000 -edge_1_0_+disjointig_1_0_999690 563596 578593 999690 -1 -1 12174 0.0427791
Chain
	Aln	0	-HG004_ont_1858_start_563601 1 14998 15000 +edge_1_0_+disjointig_1_0_999690 421096 436093 999690 -1 -1 12174 0.0427791
Chain
	Aln	1	+HG004_ont_1859_start_96789 1 14978 15000 -edge_1_0_+disjointig_1_0_999690 96784 111761 999690 -1 -1 12134 0.0446146
Chain
	Aln	0	-HG004_ont_1859_start_96789 21 14998 15000 +edge_1_0_+disjointig_1_0_999690 887928 902905 999690 -1 -1 12134 0.0446146
Chain
	Aln	1	+HG004_ont_1860_start_536851 1 14998 15000 -edge_1_0_+disjointig_1_0_999690 536846 551843 999690 -1 -1 12380 0.0401287
Chain
	Aln	0	-HG004_ont_1860_start_536851 1 14998 15000 +edge_1_0_+disjointig_1_0_999690 447846 462843 999690 -1 -1 12380 0.0401287
Chain
	Aln	1	+HG004_ont_1861_start_590944 0 14998 15000 -edge_1_0_+disjointig_1_0_999690 590938 605936 999690 -1 -1 12173 0.0402491
Chain
	Aln	0	-HG004_ont_1861_start_590944 1 14999 15000 +edge_1_0_+disjointig_1_0_999690 393753 408751 999690 -1 -1 12173 0.0402491
Chain
	Aln	1	+HG004_ont_1862_start_134473 20 14985 15000 -edge_1_0_+disjointig_1_0_999690 134487 149452 999690 -1 -1 12361 0.0391633
Chain
	Aln	0	-HG004_ont_1862_start_134473 14 14979 15000 +edge_1_0_+disjointig_1_0_999690 850237 865202 999690 -1 -1 12361 0.0391633
Chain
	Aln	1	+HG004_ont_1863_start_98785 1 14995 15000 -edge_1_0_+disjointig_1_0_999690 98780 113774 999690 -1 -1 12266 0.0400084
Chain
	Aln	0	-HG004_ont_1863_start_98785 4 14998 15000 +edge_1_0_+disjointig_1_0_999690 885915 900909 999690 -1 -1 12266 0.0400084
Chain
	Aln	1	+HG004_ont_1864_start_28822 25 14998 15000 -edge_1_0_+disjointig_1_0_999690 28841 43814 999690 -1 -1 12034 0.0435682
Chain
	Aln	0	-HG004_ont_1864_start_28822 1 14974 15000 +edge_1_0_+disjointig_1_0_999690 955875 970848 999690 -1 -1 12034 0.0435682
Chain
	Aln	1	+HG004_ont_1865_start_107715 1 14983 15000 -edge_1_0_+disjointig_1_0_999690 107710 122692 999690 -1 -1 12750 0.0365608
Chain
	Aln	0	-HG004_ont_1865_start_107715 16 14998 15000 +edge_1_0_+disjointig_1_0_999690 876997 891979 999690 -1 -1 12750 0.0365608
Chain
	Aln	1	+HG004_ont_1866_start_278732 1 14998 15000 -edge_1_0_+disjointig_1_0_999690 278727 293724 999690 -1 -1 11854 0.0450295
Chain
	Aln	0	-HG004_ont_1866_start_278732 1 14998 15000 +edge_1_0_+disjointig_1_0_999690 705965 720962 999690 -1 -1 11854 0.0450295
Chain
	Aln	1	+HG004_ont_1867_start_129856 28 14984 15000 -edge_1_0_+disjointig_1_0_999690 129878 144834 999690 -1 -1 12244 0.0401542
Chain
	Aln	0	-HG004_ont_1867_start_129856 15 14971 15000 +edge_1_0_+disjointig_1_0_999690 854855 869811 999690 -1 -1 12244 0.0401542
Chain
	Aln	1	+HG004_ont_1868_start_552700 33 14998 15000 -edge_1_0_+disjointig_1_0_999690 552727 567692 999690 -1 -1 12076 0.0418954
Chain
	Aln	0	-HG004_ont_1868_start_552700 1 14966 15000 +edge_1_0_+disjointig_1_0_999690 431997 446962 999690 -1 -1 12076 0.0418954
Chain
	Aln	1	+HG004_ont_1869_start_626647 4 14971 15000 -edge_1_0_+disjointig_1_0_999690 626645 641612 999690 -1 -1 12251 0.0400187
Chain
	Aln	0	-HG004_ont_1869_start_626647 28 14995 15000 +edge_1_0_+disjointig_1_0_999690 358077 373044 999690 -1 -1 12251 0.0400187
Chain
	Aln	1	+HG004_ont_1870_start_76061 15 14982 15000 -edge_1_0_+disjointig_1_0_999690 76070 91037 999690 -1 -1 12145 0.041353
Chain
	Aln	0	-HG004_ont_1870_start_76061 17 14984 15000 +edge_1_0_+disjointig_1_0_999690 908652 923619 999690 -1 -1 12145 0.041353
Chain
	Aln	1	+HG004_ont_1871_start_740704 13 14998 15000 -edge_1_0_+disjointig_1_0_999690 740711 755696 999690 -1 -1 12446 0.0403149
Chain
	Aln	0	-HG004_ont_1871_start_740704 1 14986 15000 +edge_1_0_+disjointig_1_0_999690 243993 258978 999690 -1 -1 12446 0.0403149
Chain
	Aln	1	+HG004_ont_1872_start_442481 14 14998 15000 -edge_1_0_+disjointig_1_0_999690 442489 457473 999690 -1 -1 12152 0.0412374
Chain
	Aln	0	-HG004_ont_1872_start_442481 1 14985 15000 +edge_1_0_+disjointig_1_0_999690 542216 557200 999690 -1 -1 12152 0.0412374
Chain
	Aln	1	+HG004_ont_1873_start_258063 1 14998 15000 -edge_1_0_+disjointig_1_0_999690 258058 273055 999690 -1 -1 12525 0.0388925
Chain
	Aln	0	-HG004_ont_1873_start_258063 1 14998 15000 +edge_1_0_+disjointig_1_0_999690 726634 741631 999690 -1 -1 12525 0.0388925
Chain
	Aln	1	+HG004_ont_1874_start_124167 1 14990 15000 -edge_1_0_+disjointig_1_0_999690 124162 139151 999690 -1 -1 12050 0.0429755
Chain
	Aln	0	-HG004_ont_1874_start_124167 9 14998 15000 +edge_1_0_+disjointig_1_0_999690 860538 875527 999690 -1 -1 12050 0.0429755
Chain
	Aln	1	+HG004_ont_1876_start_869106 1 14998 15000 -edge_1_0_+disjointig_1_0_999690 869101 884098 999690 -1 -1 12308 0.0398191
Chain
	Aln	0	-HG004_ont_1876_start_869106 1 14998 15000 +edge_1_0_+disjointig_1_0_999690 115591 130588 999690 -1 -1 12308 0.0398191
Chain
	Aln	1	+HG004_ont_1875_start_452239 16 14988 15000 -edge_1_0_+disjointig_1_0_999690 452249 467221 999690 -1 -1 12276 0.0416033
Chain
	Aln	0	-HG004_ont_1875_start_452239 11 14983 15000 +edge_1_0_+disjointig_1_0_999690 532468 547440 999690 -1 -1 12276 0.0416033
Chain
	Aln	1	+HG004_ont_1877_start_267072 1 14998 15000 -edge_1_0_+disjointig_1_0_999690 267067 282064 999690 -1 -1 12005 0.0433747
Chain
	Aln	0	-HG004_ont_1877_start_267072 1 14998 15000 +edge_1_0_+disjointig_1_0_999690 717625 732622 999690 -1 -1 12005 0.0433747
Chain
	Aln	1	+HG004_ont_1878_start_181050 24 14998 15000 -edge_1_0_+disjointig_1_0_999690 181068 196042 999690 -1 -1 12452 0.0394824
Chain
	Aln	0	-HG004_ont_1878_start_181050 1 14975 15000 +edge_1_0_+disjointig_1_0_999690 803647 818621 999690 -1 -1 12452 0.0394824
Chain
	Aln	1	+HG004_ont_1879_start_662275 0 14998 15000 -edge_1_0_+disjointig_1_0_999690 662269 677267 999690 -1 -1 12438 0.0398076
Chain
	Aln	0	-HG004_ont_1879_start_662275 1 14999 15000 +edge_1_0_+disjointig_1_0_999690 322422 337420 999690 -1 -1 12438 0.0398076
Chain
	Aln	1	+HG004_ont_1880_start_516843 0 14981 15000 -edge_1_0_+disjointig_1_0_999690 516837 531818 999690 -1 -1 12261 0.0427895
Chain
	Aln	0	-HG004_ont_1880_start_516843 18 14999 15000 +edge_1_0_+disjointig_1_0_999690 467871 482852 999690 -1 -1 12261 0.0427895
Chain
	Aln	1	+HG004_ont_1881_start_45790 1 14968 15000 -edge_1_0_+disjointig_1_0_999690 45785 60752 999690 -1 -1 11793 0.0428972
Chain
	Aln	0	-HG004_ont_1881_start_45790 31 14998 15000 +edge_1_0_+disjointig_1_0_999690 938937 953904 999690 -1 -1 11793 0.0428972
Chain
	Aln	1	+HG004_ont_1882_start_740731 5 14998 15000 -edge_1_0_+disjointig_1_0_999690 740730 755723 999690 -1 -1 12273 0.0428691
Chain
	Aln	0	-HG004_ont_1882_start_740731 1 14994 15000 +edge_1_0_+disjointig_1_0_999690 243966 258959 999690 -1 -1 12273 0.0428691
Chain
	Aln	1	+HG004_ont_1883_start_776560 91 14998 15000 -edge_1_0_+disjointig_1_0_999690 776645 791552 999690 -1 -1 12092 0.0449628
Chain
	Aln	0	-HG004_ont_1883_start_776560 1 14908 15000 +edge_1_0_+disjointig_1_0_999690 208137 223044 999690 -1 -1 12092 0.0449628
Chain
	Aln	1	+HG004_ont_1884_start_24751 5 14998 15000 -edge_1_0_+disjointig_1_0_999690 24750 39743 999690 -1 -1 12229 0.040792
Chain
	Aln	0	-HG004_ont_1884_start_24751 1 14994 15000 +edge_1_0_+disjointig_1_0_999690 959946 974939 999690 -1 -1 12229 0.040792
Chain
	Aln	1	+HG004_ont_1885_start_127402 29 14994 15000 -edge_1_0_+disjointig_1_0_999690 127425 142390 999690 -1 -1 12355 0.0393318
Chain
	Aln	0	-HG004_ont_1885_start_127402 5 14970 15000 +edge_1_0_+disjointig_1_0_999690 857299 872264 999690 -1 -1 12355 0.0393318
Chain
	Aln	1	+HG004_ont_1886_start_470155 1 14997 15000 -edge_1_0_+disjointig_1_0_999690 470150 485146 999690 -1 -1 12598 0.039308
Chain
	Aln	0	-HG004_ont_1886_start_470155 2 14998 15000 +edge_1_0_+disjointig_1_0_999690 514543 529539 999690 -1 -1 12598 0.039308
Chain
	Aln	1	+HG004_ont_1888_start_161657 29 14998 15000 -edge_1_0_+disjointig_1_0_999690 161680 176649 999690 -1 -1 12565 0.0377583
Chain
	Aln	0	-HG004_ont_1888_start_161657 1 14970 15000 +edge_1_0_+disjointig_1_0_999690 823040 838009 999690 -1 -1 12565 0.0377583
Chain
	Aln	1	+HG004_ont_1887_start_403140 1 14994 15000 -edge_1_0_+disjointig_1_0_999690 403135 418128 999690 -1 -1 12102 0.0440104
Chain
	Aln	0	-HG004_ont_1887_start_403140 5 14998 15000 +edge_1_0_+disjointig_1_0_999690 581561 596554 999690 -1 -1 12102 0.0440104
Chain
	Aln	1	+HG004_ont_1889_start_721654 16 14998 15000 -edge_1_0_+disjointig_1_0_999690 721664 736646 999690 -1 -1 12150 0.0421387
Chain
	Aln	0	-HG004_ont_1889_start_721654 1 14983 15000 +edge_1_0_+disjointig_1_0_999690 263043 278025 999690 -1 -1 12150 0.0421387
Chain
	Aln	1	+HG004_ont_1890_start_908645 20 14982 15000 -edge_1_0_+disjointig_1_0_999690 908659 923621 999690 -1 -1 12421 0.0395506
Chain
	Aln	0	-HG004_ont_1890_start_908645 17 14979 15000 +edge_1_0_+disjointig_1_0_999690 76068 91030 999690 -1 -1 12421 0.0395506
Chain
	Aln	1	+HG004_ont_1891_start_674141 1 14996 15000 -edge_1_0_+disjointig_1_0_999690 674136 689131 999690 -1 -1 12248 0.0384381
Chain
	Aln	0	-HG004_ont_1891_start_674141 3 14998 15000 +edge_1_0_+disjointig_1_0_999690 310558 325553 999690 -1 -1 12248 0.0384381
Chain
	Aln	1	+HG004_ont_1892_start_451129 8 14989 15000 -edge_1_0_+disjointig_1_0_999690 451131 466112 999690 -1 -1 12511 0.0401669
Chain
	Aln	0	-HG004_ont_1892_start_451129 10 14991 15000 +edge_1_0_+disjointig_1_0_999690 533577 548558 999690 -1 -1 12511 0.0401669
Chain
	Aln	1	+HG004_ont_1894_start_764151 4 14998 15000 -edge_1_0_+disjointig_1_0_999690 764149 779143 999690 -1 -1 12641 0.0372917
Chain
	Aln	0	-HG004_ont_1894_start_764151 1 14995 15000 +edge_1_0_+disjointig_1_0_999690 220546 235540 999690 -1 -1 12641 0.0372917
Chain
	Aln	1	+HG004_ont_1893_start_143347 17 14982 15000 -edge_1_0_+disjointig_1_0_999690 143358 158323 999690 -1 -1 12069 0.043118
Chain
	Aln	0	-HG004_ont_1893_start_143347 17 14982 15000 +edge_1_0_+disjointig_1_0_999690 841366 856331 999690 -1 -1 12069 0.043118
Chain
	Aln	1	+HG004_ont_1895_start_255985 1 14974 15000 -edge_1_0_+disjointig_1_0_999690 255980 270953 999690 -1 -1 12200 0.0384725
Chain
	Aln	0	-HG004_ont_1895_start_255985 25 14998 15000 +edge_1_0_+disjointig_1_0_999690 728736 743709 999690 -1 -1 12200 0.0384725
Chain
	Aln	1	+HG004_ont_1896_start_942836 11 14988 15000 -edge_1_0_+disjointig_1_0_999690 942841 957818 999690 -1 -1 12367 0.0409021
Chain
	Aln	0	-HG004_ont_1896_start_942836 11 14988 15000 +edge_1_0_+disjointig_1_0_999690 41871 56848 999690 -1 -1 12367 0.0409021
Chain
	Aln	1	+HG004_ont_1897_start_936043 6 14972 15000 -edge_1_0_+disjointig_1_0_999690 936043 951009 999690 -1 -1 12251 0.0416515
Chain
	Aln	0	-HG004_ont_1897_start_936043 27 14993 15000 +edge_1_0_+disjointig_1_0_999690 48680 63646 999690 -1 -1 12251 0.0416515
Chain
	Aln	1	+HG004_ont_1898_start_896490 0 14998 15000 -edge_1_0_+disjointig_1_0_999690 896484 911482 999690 -1 -1 12264 0.0406626
Chain
	Aln	0	-HG004_ont_1898_start_896490 1 14999 15000 +edge_1_0_+disjointig_1_0_999690 88207 103205 999690 -1 -1 12264 0.0406626
Chain
	Aln	1	+HG004_ont_1899_start_125788 1 14986 15000 -edge_1_0_+disjointig_1_0_999690 125783 140768 999690 -1 -1 11984 0.0419419
Chain
	Aln	0	-HG004_ont_1899_start_125788 13 14998 15000 +edge_1_0_+disjointig_1_0_999690 858921 873906 999690 -1 -1 11984 0.0419419
Chain
	Aln	1	+HG004_ont_1900_start_848717 48 14998 15000 -edge_1_0_+disjointig_1_0_999690 848759 863709 999690 -1 -1 11795 0.0443995
Chain
	Aln	0	-HG004_ont_1900_start_848717 1 14951 15000 +edge_1_0_+disjointig_1_0_999690 135980 150930 999690 -1 -1 11795 0.0443995
Chain
	Aln	1	+HG004_ont_1901_start_963068 1 14998 15000 -edge_1_0_+disjointig_1_0_999690 963063 978060 999690 -1 -1 12213 0.0404321
Chain
	Aln	0	-HG004_ont_1901_start_963068 1 14998 15000 +edge_1_0_+disjointig_1_0_999690 21629 36626 999690 -1 -1 12213 0.0404321
Chain
	Aln	1	+HG004_ont_1902_start_10767 1 14985 15000 -edge_1_0_+disjointig_1_0_999690 10762 25746 999690 -1 -1 12074 0.0410952
Chain
	Aln	0	-HG004_ont_1902_start_10767 14 14998 15000 +edge_1_0_+disjointig_1_0_999690 973943 988927 999690 -1 -1 12074 0.0410952
Chain
	Aln	1	+HG004_ont_1903_start_227696 48 14991 15000 -edge_1_0_+disjointig_1_0_999690 227738 242681 999690 -1 -1 12232 0.041203
Chain
	Aln	0	-HG004_ont_1903_start_227696 8 14951 15000 +edge_1_0_+disjointig_1_0_999690 757008 771951 999690 -1 -1 12232 0.041203
Chain
	Aln	1	+HG004_ont_1904_start_135614 20 14998 15000 -edge_1_0_+disjointig_1_0_999690 135628 150606 999690 -1 -1 12268 0.0401784
Chain
	Aln	0	-HG004_ont_1904_start_135614 1 14979 15000 +edge_1_0_+disjointig_1_0_999690 849083 864061 999690 -1 -1 12268 0.0401784
Chain
	Aln	1	+HG004_ont_1905_start_444731 15 14987 15000 -edge_1_0_+disjointig_1_0_999690 444740 459712 999690 -1 -1 12587 0.0383252
Chain
	Aln	0	-HG004_ont_1905_start_444731 12 14984 15000 +edge_1_0_+disjointig_1_0_999690 539977 554949 999690 -1 -1 12587 0.0383252
Chain
	Aln	1	+HG004_ont_1906_start_210338 20 14967 15000 -edge_1_0_+disjointig_1_0_999690 210352 225299 999690 -1 -1 11824 0.0434824
Chain
	Aln	0	-HG004_ont_1906_start_210338 32 14979 15000 +edge_1_0_+disjointig_1_0_999690 774390 789337 999690 -1 -1 11824 0.0434824
Chain
	Aln	1	+HG004_ont_1907_start_290448 1 14998 15000 -edge_1_0_+disjointig_1_0_999690 290443 305440 999690 -1 -1 12324 0.0411936
Chain
	Aln	0	-HG004_ont_1907_start_290448 1 14998 15000 +edge_1_0_+disjointig_1_0_999690 694249 709246 999690 -1 -1 12324 0.0411936
Chain
	Aln	1	+HG004_ont_1908_start_515042 1 14998 15000 -edge_1_0_+disjointig_1_0_999690 515037 530034 999690 -1 -1 12305 0.0409649
Chain
	Aln	0	-HG004_ont_1908_start_515042 1 14998 15000 +edge_1_0_+disjointig_1_0_999690 469655 484652 999690 -1 -1 12305 0.0409649
Chain
	Aln	1	+HG004_ont_1909_start_613974 14 14982 15000 -edge_1_0_+disjointig_1_0_999690 613982 628950 999690 -1 -1 12304 0.0411113
Chain
	Aln	0	-HG004_ont_1909_start_613974 17 14985 15000 +edge_1_0_+disjointig_1_0_999690 370739 385707 999690 -1 -1 12304 0.0411113
Chain
	Aln	1	+HG004_ont_1910_start_540436 1 14998 15000 -edge_1_0_+disjointig_1_0_999690 540431 555428 999690 -1 -1 12320 0.0423747
Chain
	Aln	0	-HG004_ont_1910_start_540436 1 14998 15000 +edge_1_0_+disjointig_1_0_999690 444261 459258 999690 -1 -1 12320 0.0423747
Chain
	Aln	1	+HG004_ont_1911_start_219445 4 14998 15000 -edge_1_0_+disjointig_1_0_999690 219443 234437 999690 -1 -1 12372 0.0413083
Chain
	Aln	0	-HG004_ont_1911_start_219445 1 14995 15000 +edge_1_0_+disjointig_1_0_999690 765252 780246 999690 -1 -1 12372 0.0413083
Chain
	Aln	1	+HG004_ont_1912_start_823589 0 14998 15000 -edge_1_0_+disjointig_1_0_999690 823583 838581 999690 -1 -1 11897 0.0445379
Chain
	Aln	0	-HG004_ont_1912_start_823589 1 14999 15000 +edge_1_0_+disjointig_1_0_999690 161108 176106 999690 -1 -1 11897 0.0445379
Chain
	Aln	1	+HG004_ont_1913_start_430116 6 14995 15000 -edge_1_0_+disjointig_1_0_999690 430116 445105 999690 -1 -1 12203 0.0434254
Chain
	Aln	0	-HG004_ont_1913_start_430116 4 14993 15000 +edge_1_0_+disjointig_1_0_999690 554584 569573 999690 -1 -1 12203 0.0434254
Chain
	Aln	1	+HG004_ont_1914_start_38700 26 14985 15000 -edge_1_0_+disjointig_1_0_999690 38720 53679 999690 -1 -1 11950 0.0419841
Chain
	Aln	0	-HG004_ont_1914_start_38700 14 14973 15000 +edge_1_0_+disjointig_1_0_999690 946010 960969 999690 -1 -1 11950 0.0419841
Chain
	Aln	1	+HG004_ont_1915_start_482743 46 14998 15000 -edge_1_0_+disjointig_1_0_999690 482783 497735 999690 -1 -1 12128 0.0431078
Chain
	Aln	0	-HG004_ont_1915_start_482743 1 14953 15000 +edge_1_0_+disjointig_1_0_999690 501954 516906 999690 -1 -1 12128 0.0431078
Chain
	Aln	1	+HG004_ont_1916_start_847547 34 14993 15000 -edge_1_0_+disjointig_1_0_999690 847575 862534 999690 -1 -1 12551 0.0381837
Chain
	Aln	0	-HG004_ont_1916_start_847547 6 14965 15000 +edge_1_0_+disjointig_1_0_999690 137155 152114 999690 -1 -1 12551 0.0381837
Chain
	Aln	1	+HG004_ont_1917_start_569234 3 14998 15000 -edge_1_0_+disjointig_1_0_999690 569231 584226 999690 -1 -1 12430 0.0380323
Chain
	Aln	0	-HG004_ont_1917_start_569234 1 14996 15000 +edge_1_0_+disjointig_1_0_999690 415463 430458 999690 -1 -1 12430 0.0380323
Chain
	Aln	1	+HG004_ont_1918_start_948931 0 14998 15000 -edge_1_0_+disjointig_1_0_999690 948925 963923 999690 -1 -1 12345 0.0416655
Chain
	Aln	0	-HG004_ont_1918_start_948931 1 14999 15000 +edge_1_0_+disjointig_1_0_999690 35766 50764 999690 -1 -1 12345 0.0416655
Chain
	Aln	1	+HG004_ont_1919_start_865223 1 14998 15000 -edge_1_0_+disjointig_1_0_999690 865218 880215 999690 -1 -1 11946 0.0438605
Chain
	Aln	0	-HG004_ont_1919_start_865223 1 14998 15000 +edge_1_0_+disjointig_1_0_999690 119474 134471 999690 -1 -1 11946 0.0438605
Chain
	Aln	1	+HG004_ont_1920_start_278056 2 14998 15000 -edge_1_0_+disjointig_1_0_999690 278052 293048 999690 -1 -1 12463 0.0430274
Chain
	Aln	0	-HG004_ont_1920_start_278056 1 14997 15000 +edge_1_0_+disjointig_1_0_999690 706641 721637 999690 -1 -1 12463 0.0430274
Chain
	Aln	1	+HG004_ont_1921_start_888377 4 14993 15000 -edge_1_0_+disjointig_1_0_999690 888375 903364 999690 -1 -1 12263 0.0429347
Chain
	Aln	0	-HG004_ont_1921_start_888377 6 14995 15000 +edge_1_0_+disjointig_1_0_999690 96325 111314 999690 -1 -1 12263 0.0429347
Chain
	Aln	1	+HG004_ont_1922_start_293599 1 14981 15000 -edge_1_0_+disjointig_1_0_999690 293594 308574 999690 -1 -1 12515 0.0372219
Chain
	Aln	0	-HG004_ont_1922_start_293599 18 14998 15000 +edge_1_0_+disjointig_1_0_999690 691115 706095 999690 -1 -1 12515 0.0372219
Chain
	Aln	1	+HG004_ont_1923_start_39550 17 14960 15000 -edge_1_0_+disjointig_1_0_999690 39561 54504 999690 -1 -1 12097 0.0430642
Chain
	Aln	0	-HG004_ont_1923_start_39550 39 14982 15000 +edge_1_0_+disjointig_1_0_999690 945185 960128 999690 -1 -1 12097 0.0430642
Chain
	Aln	1	+HG004_ont_1924_start_609458 0 14998 15000 -edge_1_0_+disjointig_1_0_999690 609452 624450 999690 -1 -1 12514 0.0365943
Chain
	Aln	0	-HG004_ont_1924_start_609458 1 14999 15000 +edge_1_0_+disjointig_1_0_999690 375239 390237 999690 -1 -1 12514 0.0365943
Chain
	Aln	1	+HG004_ont_1925_start_924960 1 14998 15000 -edge_1_0_+disjointig_1_0_999690 924955 939952 999690 -1 -1 11980 0.0425361
Chain
	Aln	0	-HG004_ont_1925_start_924960 1 14998 15000 +edge_1_0_+disjointig_1_0_999690 59737 74734 999690 -1 -1 11980 0.0425361
Chain
	Aln	1	+HG004_ont_1926_start_789822 32 14998 15000 -edge_1_0_+disjointig_1_0_999690 789848 804814 999690 -1 -1 12377 0.0394125
Chain
	Aln	0	-HG004_ont_1926_start_789822 1 14967 15000 +edge_1_0_+disjointig_1_0_999690 194875 209841 999690 -1 -1 12377 0.0394125
Chain
	Aln	1	+HG004_ont_1928_start_356125 1 14982 15000 -edge_1_0_+disjointig_1_0_999690 356120 371101 999690 -1 -1 12390 0.0394945
Chain
	Aln	0	-HG004_ont_1928_start_356125 17 14998 15000 +edge_1_0_+disjointig_1_0_999690 628588 643569 999690 -1 -1 12390 0.0394945
Chain
	Aln	1	+HG004_ont_1927_start_340580 1 14992 15000 -edge_1_0_+disjointig_1_0_999690 340575 355566 999690 -1 -1 11922 0.0425935
Chain
	Aln	0	-HG004_ont_1927_start_340580 7 14998 15000 +edge_1_0_+disjointig_1_0_999690 644123 659114 999690 -1 -1 11922 0.0425935
Chain
	Aln	1	+HG004_ont_1929_start_604660 19 14992 15000 -edge_1_0_+disjointig_1_0_999690 604673 619646 999690 -1 -1 11918 0.0420391
Chain
	Aln	0	-HG004_ont_1929_start_604660 7 14980 15000 +edge_1_0_+disjointig_1_0_999690 380043 395016 999690 -1 -1 11918 0.0420391
Chain
	Aln	1	+HG004_ont_1930_start_72106 1 14998 15000 -edge_1_0_+disjointig_1_0_999690 72101 87098 999690 -1 -1 12449 0.0413439
Chain
	Aln	0	-HG004_ont_1930_start_72106 1 14998 15000 +edge_1_0_+disjointig_1_0_999690 912591 927588 999690 -1 -1 12449 0.0413439
Chain
	Aln	1	+HG004_ont_1931_start_232181 1 14998 15000 -edge_1_0_+disjointig_1_0_999690 232176 247173 999690 -1 -1 12243 0.0398269
Chain
	Aln	0	-HG004_ont_1931_start_232181 1 14998 15000 +edge_1_0_+disjointig_1_0_999690 752516 767513 999690 -1 -1 12243 0.0398269
Chain
	Aln	1	+HG004_ont_1932_start_923853 32 14989 15000 -edge_1_0_+disjointig_1_0_999690 923879 938836 999690 -1 -1 12218 0.0413692
Chain
	Aln	0	-HG004_ont_1932_start_923853 10 14967 15000 +edge_1_0_+disjointig_1_0_999690 60853 75810 999690 -1 -1 12218 0.0413692
Chain
	Aln	1	+HG004_ont_1933_start_787383 1 14994 15000 -edge_1_0_+disjointig_1_0_999690 787378 802371 999690 -1 -1 12377 0.0392733
Chain
	Aln	0	-HG004_ont_1933_start_787383 5 14998 15000 +edge_1_0_+disjointig_1_0_999690 197318 212311 999690 -1 -1 12377 0.0392733
Chain
	Aln	1	+HG004_ont_1934_start_541435 16 14982 15000 -edge_1_0_+disjointig_1_0_999690 541445 556411 999690 -1 -1 12300 0.0411351
Chain
	Aln	0	-HG004_ont_1934_start_541435 17 14983 15000 +edge_1_0_+disjointig_1_0_999690 443278 458244 999690 -1 -1 12300 0.0411351
Chain
	Aln	1	+HG004_ont_1936_start_814845 5 14973 15000 -edge_1_0_+disjointig_1_0_999690 814844 829812 999690 -1 -1 12351 0.0386421
Chain
	Aln	0	-HG004_ont_1936_start_814845 26 14994 15000 +edge_1_0_+disjointig_1_0_999690 169877 184845 999690 -1 -1 12351 0.0386421
Chain
	Aln	1	+HG004_ont_1935_start_68029 1 14998 15000 -edge_1_0_+disjointig_1_0_999690 68024 83021 999690 -1 -1 12154 0.0420371
Chain
	Aln	0	-HG004_ont_1935_start_68029 1 14998 15000 +edge_1_0_+disjointig_1_0_999690 916668 931665 999690 -1 -1 12154 0.0420371
Chain
	Aln	1	+HG004_ont_1937_start_94512 1 14998 15000 -edge_1_0_+disjointig_1_0_999690 94507 109504 999690 -1 -1 12297 0.0412805
Chain
	Aln	0	-HG004_ont_1937_start_94512 1 14998 15000 +edge_1_0_+disjointig_1_0_999690 890185 905182 999690 -1 -1 12297 0.0412805
Chain
	Aln	1	+HG004_ont_1938_start_952408 1 14998 15000 -edge_1_0_+disjointig_1_0_999690 952403 967400 999690 -1 -1 12130 0.0410831
Chain
	Aln	0	-HG004_ont_1938_start_952408 1 14998 15000 +edge_1_0_+disjointig_1_0_999690 32289 47286 999690 -1 -1 12130 0.0410831
Chain
	Aln	1	+HG004_ont_1940_start_587827 0 14998 15000 -edge_1_0_+disjointig_1_0_999690 587821 602819 999690 -1 -1 12128 0.0432885
Chain
	Aln	0	-HG004_ont_1940_start_587827 1 14999 15000 +edge_1_0_+disjointig_1_0_999690 396870 411868 999690 -1 -1 12128 0.0432885
Chain
	Aln	1	+HG004_ont_1939_start_112480 1 14991 15000 -edge_1_0_+disjointig_1_0_999690 112475 127465 999690 -1 -1 12185 0.0427923
Chain
	Aln	0	-HG004_ont_1939_start_112480 8 14998 15000 +edge_1_0_+disjointig_1_0_999690 872224 887214 999690 -1 -1 12185 0.0427923
Chain
	Aln	1	+HG004_ont_1941_start_176784 1 14994 15000 -edge_1_0_+disjointig_1_0_999690 176779 191772 999690 -1 -1 12551 0.0385586
Chain
	Aln	0	-HG004_ont_1941_start_176784 5 14998 15000 +edge_1_0_+disjointig_1_0_999690 807917 822910 999690 -1 -1 12551 0.0385586
Chain
	Aln	1	+HG004_ont_1942_start_768534 17 14998 15000 -edge_1_0_+disjointig_1_0_999690 768545 783526 999690 -1 -1 12423 0.0414874
Chain
	Aln	0	-HG004_ont_1942_start_768534 1 14982 15000 +edge_1_0_+disjointig_1_0_999690 216163 231144 999690 -1 -1 12423 0.0414874
Chain
	Aln	1	+HG004_ont_1943_start_496798 1 14998 15000 -edge_1_0_+disjointig_1_0_999690 496793 511790 999690 -1 -1 12098 0.0441921
Chain
	Aln	0	-HG004_ont_1943_start_496798 1 14998 15000 +edge_1_0_+disjointig_1_0_999690 487899 502896 999690 -1 -1 12098 0.0441921
Chain
	Aln	1	+HG004_ont_1944_start_314438 3 14998 15000 -edge_1_0_+disjointig_1_0_999690 314435 329430 999690 -1 -1 12462 0.0403541
Chain
	Aln	0	-HG004_ont_1944_start_314438 1 14996 15000 +edge_1_0_+disjointig_1_0_999690 670259 685254 999690 -1 -1 12462 0.0403541
Chain
	Aln	1	+HG004_ont_1945_start_48782 14 14998 15000 -edge_1_0_+disjointig_1_0_999690 48790 63774 999690 -1 -1 12155 0.0402097
Chain
	Aln	0	-HG004_ont_1945_start_48782 1 14985 15000 +edge_1_0_+disjointig_1_0_999690 935915 950899 999690 -1 -1 12155 0.0402097
Chain
	Aln	1	+HG004_ont_1946_start_654345 1 14998 15000 -edge_1_0_+disjointig_1_0_999690 654340 669337 999690 -1 -1 12329 0.0412805
Chain
	Aln	0	-HG004_ont_1946_start_654345 1 14998 15000 +edge_1_0_+disjointig_1_0_999690 330352 345349 999690 -1 -1 12329 0.0412805
Chain
	Aln	1	+HG004_ont_1948_start_641344 1 14990 15000 -edge_1_0_+disjointig_1_0_999690 641339 656328 999690 -1 -1 12476 0.0375463
Chain
	Aln	0	-HG004_ont_1948_start_641344 9 14998 15000 +edge_1_0_+disjointig_1_0_999690 343361 358350 999690 -1 -1 12476 0.0375463
Chain
	Aln	1	+HG004_ont_1947_start_317277 19 14994 15000 -edge_1_0_+disjointig_1_0_999690 317290 332265 999690 -1 -1 12192 0.0425469
Chain
	Aln	0	-HG004_ont_1947_start_317277 5 14980 15000 +edge_1_0_+disjointig_1_0_999690 667424 682399 999690 -1 -1 12192 0.0425469
Chain
	Aln	1	+HG004_ont_1949_start_298001 14 14998 15000 -edge_1_0_+disjointig_1_0_999690 298009 312993 999690 -1 -1 12207 0.0399305
Chain
	Aln	0	-HG004_ont_1949_start_298001 1 14985 15000 +edge_1_0_+disjointig_1_0_999690 686696 701680 999690 -1 -1 12207 0.0399305
Chain
	Aln	1	+HG004_ont_1951_start_740028 1 14989 15000 -edge_1_0_+disjointig_1_0_999690 740023 755011 999690 -1 -1 12277 0.0415308
Chain
	Aln	0	-HG004_ont_1951_start_740028 10 14998 15000 +edge_1_0_+disjointig_1_0_999690 244678 259666 999690 -1 -1 12277 0.0415308
Chain
	Aln	1	+HG004_ont_1950_start_354922 1 14998 15000 -edge_1_0_+disjointig_1_0_999690 354917 369914 999690 -1 -1 12332 0.04358
Chain
	Aln	0	-HG004_ont_1950_start_354922 1 14998 15000 +edge_1_0_+disjointig_1_0_999690 629775 644772 999690 -1 -1 12332 0.04358
Chain
	Aln	1	+HG004_ont_1952_start_243500 26 14974 15000 -edge_1_0_+disjointig_1_0_999690 243520 258468 999690 -1 -1 12326 0.0398587
Chain
	Aln	0	-HG004_ont_1952_start_243500 25 14973 15000 +edge_1_0_+disjointig_1_0_999690 741221 756169 999690 -1 -1 12326 0.0398587
Chain
	Aln	1	+HG004_ont_1953_start_728449 5 14998 15000 -edge_1_0_+disjointig_1_0_999690 728448 743441 999690 -1 -1 11994 0.0421498
Chain
	Aln	0	-HG004_ont_1953_start_728449 1 14994 15000 +edge_1_0_+disjointig_1_0_999690 256248 271241 999690 -1 -1 11994 0.0421498
Chain
	Aln	1	+HG004_ont_1956_start_913588 36 14998 15000 -edge_1_0_+disjointig_1_0_999690 913618 928580 999690 -1 -1 12148 0.0405526
Chain
	Aln	0	-HG004_ont_1956_start_913588 1 14963 15000 +edge_1_0_+disjointig_1_0_999690 71109 86071 999690 -1 -1 12148 0.0405526
Chain
	Aln	1	+HG004_ont_1955_start_629182 19 14996 15000 -edge_1_0_+disjointig_1_0_999690 629195 644172 999690 -1 -1 12323 0.0407449
Chain
	Aln	0	-HG004_ont_1955_start_629182 3 14980 15000 +edge_1_0_+disjointig_1_0_999690 355517 370494 999690 -1 -1 12323 0.0407449
Chain
	Aln	1	+HG004_ont_1954_start_158015 0 14970 15000 -edge_1_0_+disjointig_1_0_999690 158009 172979 999690 -1 -1 12114 0.042511
Chain
	Aln	0	-HG004_ont_1954_start_158015 29 14999 15000 +edge_1_0_+disjointig_1_0_999690 826710 841680 999690 -1 -1 12114 0.042511
Chain
	Aln	1	+HG004_ont_1957_start_276451 23 14981 15000 -edge_1_0_+disjointig_1_0_999690 276468 291426 999690 -1 -1 12181 0.0417958
Chain
	Aln	0	-HG004_ont_1957_start_276451 18 14976 15000 +edge_1_0_+disjointig_1_0_999690 708263 723221 999690 -1 -1 12181 0.0417958
Chain
	Aln	1	+HG004_ont_1959_start_176020 42 14998 15000 -edge_1_0_+disjointig_1_0_999690 176056 191012 999690 -1 -1 12157 0.042109
Chain
	Aln	0	-HG004_ont_1959_start_176020 1 14957 15000 +edge_1_0_+disjointig_1_0_999690 808677 823633 999690 -1 -1 12157 0.042109
Chain
	Aln	1	+HG004_ont_1958_start_792456 1 14993 15000 -edge_1_0_+disjointig_1_0_999690 792451 807443 999690 -1 -1 12611 0.0383435
Chain
	Aln	0	-HG004_ont_1958_start_792456 6 14998 15000 +edge_1_0_+disjointig_1_0_999690 192246 207238 999690 -1 -1 12611 0.0383435
Chain
	Aln	1	+HG004_ont_1960_start_371834 1 14998 15000 -edge_1_0_+disjointig_1_0_999690 371829 386826 999690 -1 -1 12642 0.0374145
Chain
	Aln	0	-HG004_ont_1960_start_371834 1 14998 15000 +edge_1_0_+disjointig_1_0_999690 612863 627860 999690 -1 -1 12642 0.0374145
Chain
	Aln	1	+HG004_ont_1962_start_404919 1 14998 15000 -edge_1_0_+disjointig_1_0_999690 404914 419911 999690 -1 -1 12326 0.0416855
Chain
	Aln	0	-HG004_ont_1962_start_404919 1 14998 15000 +edge_1_0_+disjointig_1_0_999690 579778 594775 999690 -1 -1 12326 0.0416855
Chain
	Aln	1	+HG004_ont_1961_start_73387 11 14998 15000 -edge_1_0_+disjointig_1_0_999690 73392 88379 999690 -1 -1 12233 0.040737
Chain
	Aln	0	-HG004_ont_1961_start_73387 1 14988 15000 +edge_1_0_+disjointig_1_0_999690 911310 926297 999690 -1 -1 12233 0.040737
Chain
	Aln	1	+HG004_ont_1964_start_617794 1 14991 15000 -edge_1_0_+disjointig_1_0_999690 617789 632779 999690 -1 -1 12337 0.0409374
Chain
	Aln	0	-HG004_ont_1964_start_617794 8 14998 15000 +edge_1_0_+disjointig_1_0_999690 366910 381900 999690 -1 -1 12337 0.0409374
Chain
	Aln	1	+HG004_ont_1963_start_30468 1 14998 15000 -edge_1_0_+disjointig_1_0_999690 30463 45460 999690 -1 -1 12740 0.0372812
Chain
	Aln	0	-HG004_ont_1963_start_30468 1 14998 15000 +edge_1_0_+disjointig_1_0_999690 954229 969226 999690 -1 -1 12740 0.0372812
Chain
	Aln	1	+HG004_ont_1966_start_327368 1 14970 15000 -edge_1_0_+disjointig_1_0_999690 327363 342332 999690 -1 -1 12214 0.0409416
Chain
	Aln	0	-HG004_ont_1966_start_327368 29 14998 15000 +edge_1_0_+disjointig_1_0_999690 657357 672326 999690 -1 -1 12214 0.0409416
Chain
	Aln	1	+HG004_ont_1965_start_68037 17 14998 15000 -edge_1_0_+disjointig_1_0_999690 68048 83029 999690 -1 -1 12499 0.0403849
Chain
	Aln	0	-HG004_ont_1965_start_68037 1 14982 15000 +edge_1_0_+disjointig_1_0_999690 916660 931641 999690 -1 -1 12499 0.0403849
Chain
	Aln	1	+HG004_ont_1967_start_552478 1 14986 15000 -edge_1_0_+disjointig_1_0_999690 552473 567458 999690 -1 -1 12455 0.0381656
Chain
	Aln	0	-HG004_ont_1967_start_552478 13 14998 15000 +edge_1_0_+disjointig_1_0_999690 432231 447216 999690 -1 -1 12455 0.0381656
Chain
	Aln	1	+HG004_ont_1968_start_84419 1 14991 15000 -edge_1_0_+disjointig_1_0_999690 84414 99404 999690 -1 -1 12195 0.0406704
Chain
	Aln	0	-HG004_ont_1968_start_84419 8 14998 15000 +edge_1_0_+disjointig_1_0_999690 900285 915275 999690 -1 -1 12195 0.0406704
Chain
	Aln	1	+HG004_ont_1970_start_742061 1 14998 15000 -edge_1_0_+disjointig_1_0_999690 742056 757053 999690 -1 -1 12430 0.0387635
Chain
	Aln	0	-HG004_ont_1970_start_742061 1 14998 15000 +edge_1_0_+disjointig_1_0_999690 242636 257633 999690 -1 -1 12430 0.0387635
Chain
	Aln	1	+HG004_ont_1969_start_168759 1 14998 15000 -edge_1_0_+disjointig_1_0_999690 168754 183751 999690 -1 -1 12707 0.0360015
Chain
	Aln	0	-HG004_ont_1969_start_168759 1 14998 15000 +edge_1_0_+disjointig_1_0_999690 815938 830935 999690 -1 -1 12707 0.0360015
Chain
	Aln	1	+HG004_ont_1971_start_186039 9 14998 15000 -edge_1_0_+disjointig_1_0_999690 186042 201031 999690 -1 -1 11940 0.0434829
Chain
	Aln	0	-HG004_ont_1971_start_186039 1 14990 15000 +edge_1_0_+disjointig_1_0_999690 798658 813647 999690 -1 -1 11940 0.0434829
Chain
	Aln	1	+HG004_ont_1972_start_190654 1 14964 15000 -edge_1_0_+disjointig_1_0_999690 190649 205612 999690 -1 -1 12313 0.0384257
Chain
	Aln	0	-HG004_ont_1972_start_190654 35 14998 15000 +edge_1_0_+disjointig_1_0_999690 794077 809040 999690 -1 -1 12313 0.0384257
Chain
	Aln	1	+HG004_ont_1973_start_159084 1 14998 15000 -edge_1_0_+disjointig_1_0_999690 159079 174076 999690 -1 -1 12208 0.044342
Chain
	Aln	0	-HG004_ont_1973_start_159084 1 14998 15000 +edge_1_0_+disjointig_1_0_999690 825613 840610 999690 -1 -1 12208 0.044342
Chain
	Aln	1	+HG004_ont_1974_start_969497 1 14990 15000 -edge_1_0_+disjointig_1_0_999690 969492 984481 999690 -1 -1 12232 0.0421502
Chain
	Aln	0	-HG004_ont_1974_start_969497 9 14998 15000 +edge_1_0_+disjointig_1_0_999690 15208 30197 999690 -1 -1 12232 0.0421502
Chain
	Aln	1	+HG004_ont_1975_start_762160 21 14998 15000 -edge_1_0_+disjointig_1_0_999690 762175 777152 999690 -1 -1 12383 0.0411546
Chain
	Aln	0	-HG004_ont_1975_start_762160 1 14978 15000 +edge_1_0_+disjointig_1_0_999690 222537 237514 999690 -1 -1 12383 0.0411546
Chain
	Aln	1	+HG004_ont_1976_start_408863 8 14998 15000 -edge_1_0_+disjointig_1_0_999690 408865 423855 999690 -1 -1 11944 0.0464189
Chain
	Aln	0	-HG004_ont_1976_start_408863 1 14991 15000 +edge_1_0_+disjointig_1_0_999690 575834 590824 999690 -1 -1 11944 0.0464189
Chain
	Aln	1	+HG004_ont_1978_start_976128 1 14992 15000 -edge_1_0_+disjointig_1_0_999690 976123 991114 999690 -1 -1 12193 0.0420857
Chain
	Aln	0	-HG004_ont_1978_start_976128 7 14998 15000 +edge_1_0_+disjointig_1_0_999690 8575 23566 999690 -1 -1 12193 0.0420857
Chain
	Aln	1	+HG004_ont_1977_start_738260 1 14998 15000 -edge_1_0_+disjointig_1_0_999690 738255 753252 999690 -1 -1 12308 0.0413201
Chain
	Aln	0	-HG004_ont_1977_start_738260 1 14998 15000 +edge_1_0_+disjointig_1_0_999690 246437 261434 999690 -1 -1 12308 0.0413201
Chain
	Aln	1	+HG004_ont_1979_start_91315 11 14961 15000 -edge_1_0_+disjointig_1_0_999690 91320 106270 999690 -1 -1 11753 0.0468085
Chain
	Aln	0	-HG004_ont_1979_start_91315 38 14988 15000 +edge_1_0_+disjointig_1_0_999690 893419 908369 999690 -1 -1 11753 0.0468085
Chain
	Aln	1	+HG004_ont_1980_start_674266 29 14974 15000 -edge_1_0_+disjointig_1_0_999690 674289 689234 999690 -1 -1 12476 0.0396766
Chain
	Aln	0	-HG004_ont_1980_start_674266 25 14970 15000 +edge_1_0_+disjointig_1_0_999690 310455 325400 999690 -1 -1 12476 0.0396766
Chain
	Aln	1	+HG004_ont_1981_start_517848 29 14998 15000 -edge_1_0_+disjointig_1_0_999690 517871 532840 999690 -1 -1 12296 0.0400498
Chain
	Aln	0	-HG004_ont_1981_start_517848 1 14970 15000 +edge_1_0_+disjointig_1_0_999690 466849 481818 999690 -1 -1 12296 0.0400498
Chain
	Aln	1	+HG004_ont_1983_start_107617 1 14977 15000 -edge_1_0_+disjointig_1_0_999690 107612 122588 999690 -1 -1 12534 0.037184
Chain
	Aln	0	-HG004_ont_1983_start_107617 22 14998 15000 +edge_1_0_+disjointig_1_0_999690 877101 892077 999690 -1 -1 12534 0.037184
Chain
	Aln	1	+HG004_ont_1982_start_331788 1 14998 15000 -edge_1_0_+disjointig_1_0_999690 331783 346780 999690 -1 -1 12257 0.0424957
Chain
	Aln	0	-HG004_ont_1982_start_331788 1 14998 15000 +edge_1_0_+disjointig_1_0_999690 652909 667906 999690 -1 -1 12257 0.0424957
Chain
	Aln	1	+HG004_ont_1984_start_66957 1 14996 15000 -edge_1_0_+disjointig_1_0_999690 66952 81947 999690 -1 -1 11797 0.0442924
Chain
	Aln	0	-HG004_ont_1984_start_66957 3 14998 15000 +edge_1_0_+disjointig_1_0_999690 917742 932737 999690 -1 -1 11797 0.0442924
Chain
	Aln	1	+HG004_ont_1986_start_836718 0 14983 15000 -edge_1_0_+disjointig_1_0_999690 836712 851695 999690 -1 -1 11989 0.0425378
Chain
	Aln	0	-HG004_ont_1986_start_836718 16 14999 15000 +edge_1_0_+disjointig_1_0_999690 147994 162977 999690 -1 -1 11989 0.0425378
Chain
	Aln	1	+HG004_ont_1985_start_325318 1 14998 15000 -edge_1_0_+disjointig_1_0_999690 325313 340310 999690 -1 -1 12717 0.0374515
Chain
	Aln	0	-HG004_ont_1985_start_325318 1 14998 15000 +edge_1_0_+disjointig_1_0_999690 659379 674376 999690 -1 -1 12717 0.0374515
Chain
	Aln	1	+HG004_ont_1987_start_259451 7 14998 15000 -edge_1_0_+disjointig_1_0_999690 259452 274443 999690 -1 -1 12049 0.0435154
Chain
	Aln	0	-HG004_ont_1987_start_259451 1 14992 15000 +edge_1_0_+disjointig_1_0_999690 725246 740237 999690 -1 -1 12049 0.0435154
Chain
	Aln	1	+HG004_ont_1988_start_49821 46 14946 15000 -edge_1_0_+disjointig_1_0_999690 49861 64761 999690 -1 -1 12243 0.0389532
Chain
	Aln	0	-HG004_ont_1988_start_49821 53 14953 15000 +edge_1_0_+disjointig_1_0_999690 934928 949828 999690 -1 -1 12243 0.0389532
Chain
	Aln	1	+HG004_ont_1989_start_350576 5 14971 15000 -edge_1_0_+disjointig_1_0_999690 350575 365541 999690 -1 -1 12452 0.0385963
Chain
	Aln	0	-HG004_ont_1989_start_350576 28 14994 15000 +edge_1_0_+disjointig_1_0_999690 634148 649114 999690 -1 -1 12452 0.0385963
Chain
	Aln	1	+HG004_ont_1990_start_823725 15 14998 15000 -edge_1_0_+disjointig_1_0_999690 823734 838717 999690 -1 -1 12039 0.041878
Chain
	Aln	0	-HG004_ont_1990_start_823725 1 14984 15000 +edge_1_0_+disjointig_1_0_999690 160972 175955 999690 -1 -1 12039 0.041878
Chain
	Aln	1	+HG004_ont_1991_start_465476 1 14998 15000 -edge_1_0_+disjointig_1_0_999690 465471 480468 999690 -1 -1 12530 0.0382502
Chain
	Aln	0	-HG004_ont_1991_start_465476 1 14998 15000 +edge_1_0_+disjointig_1_0_999690 519221 534218 999690 -1 -1 12530 0.0382502
Chain
	Aln	1	+HG004_ont_1992_start_264728 18 14993 15000 -edge_1_0_+disjointig_1_0_999690 264740 279715 999690 -1 -1 12375 0.0410835
Chain
	Aln	0	-HG004_ont_1992_start_264728 6 14981 15000 +edge_1_0_+disjointig_1_0_999690 719974 734949 999690 -1 -1 12375 0.0410835
Chain
	Aln	1	+HG004_ont_1993_start_578452 47 14998 15000 -edge_1_0_+disjointig_1_0_999690 578493 593444 999690 -1 -1 11916 0.0432678
Chain
	Aln	0	-HG004_ont_1993_start_578452 1 14952 15000 +edge_1_0_+disjointig_1_0_999690 406245 421196 999690 -1 -1 11916 0.0432678
Chain
	Aln	1	+HG004_ont_1994_start_250410 4 14998 15000 -edge_1_0_+disjointig_1_0_999690 250408 265402 999690 -1 -1 12357 0.0390634
Chain
	Aln	0	-HG004_ont_1994_start_250410 1 14995 15000 +edge_1_0_+disjointig_1_0_999690 734287 749281 999690 -1 -1 12357 0.0390634
Chain
	Aln	1	+HG004_ont_1995_start_155989 18 14981 15000 -edge_1_0_+disjointig_1_0_999690 156001 170964 999690 -1 -1 12568 0.0402752
Chain
	Aln	0	-HG004_ont_1995_start_155989 18 14981 15000 +edge_1_0_+disjointig_1_0_999690 828725 843688 999690 -1 -1 12568 0.0402752
Chain
	Aln	1	+HG004_ont_1996_start_437103 1 14995 15000 -edge_1_0_+disjointig_1_0_999690 437098 452092 999690 -1 -1 12353 0.041459
Chain
	Aln	0	-HG004_ont_1996_start_437103 4 14998 15000 +edge_1_0_+disjointig_1_0_999690 547597 562591 999690 -1 -1 12353 0.041459
Chain
	Aln	1	+HG004_ont_1998_start_231129 1 14998 15000 -edge_1_0_+disjointig_1_0_999690 231124 246121 999690 -1 -1 12660 0.0366928
Chain
	Aln	0	-HG004_ont_1998_start_231129 1 14998 15000 +edge_1_0_+disjointig_1_0_999690 753568 768565 999690 -1 -1 12660 0.0366928
Chain
	Aln	1	+HG004_ont_1997_start_287366 1 14998 15000 -edge_1_0_+disjointig_1_0_999690 287361 302358 999690 -1 -1 12192 0.0427629
Chain
	Aln	0	-HG004_ont_1997_start_287366 1 14998 15000 +edge_1_0_+disjointig_1_0_999690 697331 712328 999690 -1 -1 12192 0.0427629
Chain
	Aln	1	+HG004_ont_1999_start_961175 1 14960 15000 -edge_1_0_+disjointig_1_0_999690 961170 976129 999690 -1 -1 12095 0.0414646
Chain
	Aln	0	-HG004_ont_1999_start_961175 39 14998 15000 +edge_1_0_+disjointig_1_0_999690 23560 38519 999690 -1 -1 12095 0.0414646
