path	git_status	marker	protection
SV aligners call/results/variants/cutesv/work/HG002_ONT_MINIMAP2/results/chr10.pickle	UNTRACKED		PROTECTED
SV aligners call/results/variants/cutesv/work/HG002_ONT_MINIMAP2/results/chr11.pickle	UNTRACKED		PROTECTED
SV aligners call/results/variants/cutesv/work/HG002_ONT_MINIMAP2/results/chr12.pickle	UNTRACKED		PROTECTED
SV aligners call/results/variants/cutesv/work/HG002_ONT_MINIMAP2/results/chr13.pickle	UNTRACKED		PROTECTED
SV aligners call/results/variants/cutesv/work/HG002_ONT_MINIMAP2/results/chr15.pickle	UNTRACKED		PROTECTED
SV aligners call/results/variants/cutesv/work/HG002_ONT_MINIMAP2/results/chr16.pickle	UNTRACKED		PROTECTED
SV aligners call/results/variants/cutesv/work/HG002_ONT_MINIMAP2/results/chr18.pickle	UNTRACKED		PROTECTED
SV aligners call/results/variants/cutesv/work/HG002_ONT_MINIMAP2/results/chr19.pickle	UNTRACKED		PROTECTED
SV aligners call/results/variants/cutesv/work/HG002_ONT_MINIMAP2/results/chr2.pickle	UNTRACKED		PROTECTED
SV aligners call/results/variants/cutesv/work/HG002_ONT_MINIMAP2/results/chr20.pickle	UNTRACKED		PROTECTED
SV aligners call/results/variants/cutesv/work/HG002_ONT_MINIMAP2/results/chr21.pickle	UNTRACKED		PROTECTED
SV aligners call/results/variants/cutesv/work/HG002_ONT_MINIMAP2/results/chr4.pickle	UNTRACKED		PROTECTED
SV aligners call/results/variants/cutesv/work/HG002_ONT_MINIMAP2/results/chr5.pickle	UNTRACKED		PROTECTED
SV aligners call/results/variants/cutesv/work/HG002_ONT_MINIMAP2/results/chr6.pickle	UNTRACKED		PROTECTED
SV aligners call/results/variants/cutesv/work/HG002_ONT_MINIMAP2/results/chr8.pickle	UNTRACKED		PROTECTED
SV aligners call/results/variants/cutesv/work/HG002_PB_MINIMAP2/results/chr11.pickle	UNTRACKED		PROTECTED
SV aligners call/results/variants/cutesv/work/HG002_PB_MINIMAP2/results/chr12.pickle	UNTRACKED		PROTECTED
SV aligners call/results/variants/cutesv/work/HG002_PB_MINIMAP2/results/chr2.pickle	UNTRACKED		PROTECTED
SV aligners call/results/variants/cutesv/work/HG002_PB_MINIMAP2/results/chr20.pickle	UNTRACKED		PROTECTED
SV aligners call/results/variants/cutesv/work/HG002_PB_MINIMAP2/results/chr22.pickle	UNTRACKED		PROTECTED
SV aligners call/results/variants/cutesv/work/HG002_PB_MINIMAP2/results/chr3.pickle	UNTRACKED		PROTECTED
SV aligners call/results/variants/cutesv/work/HG002_PB_MINIMAP2/results/chr4.pickle	UNTRACKED		PROTECTED
SV aligners call/results/variants/cutesv/work/HG002_PB_MINIMAP2/results/chr6.pickle	UNTRACKED		PROTECTED
SV aligners call/results/variants/cutesv/work/HG002_ont_MINIMAP2/results/chr10.pickle	UNTRACKED		PROTECTED
SV aligners call/results/variants/cutesv/work/HG002_ont_MINIMAP2/results/chr11.pickle	UNTRACKED		PROTECTED
SV aligners call/results/variants/cutesv/work/HG002_ont_MINIMAP2/results/chr12.pickle	UNTRACKED		PROTECTED
SV aligners call/results/variants/cutesv/work/HG002_ont_MINIMAP2/results/chr13.pickle	UNTRACKED		PROTECTED
SV aligners call/results/variants/cutesv/work/HG002_ont_MINIMAP2/results/chr15.pickle	UNTRACKED		PROTECTED
SV aligners call/results/variants/cutesv/work/HG002_ont_MINIMAP2/results/chr16.pickle	UNTRACKED		PROTECTED
SV aligners call/results/variants/cutesv/work/HG002_ont_MINIMAP2/results/chr18.pickle	UNTRACKED		PROTECTED
SV aligners call/results/variants/cutesv/work/HG002_ont_MINIMAP2/results/chr19.pickle	UNTRACKED		PROTECTED
SV aligners call/results/variants/cutesv/work/HG002_ont_MINIMAP2/results/chr2.pickle	UNTRACKED		PROTECTED
SV aligners call/results/variants/cutesv/work/HG002_ont_MINIMAP2/results/chr20.pickle	UNTRACKED		PROTECTED
SV aligners call/results/variants/cutesv/work/HG002_ont_MINIMAP2/results/chr21.pickle	UNTRACKED		PROTECTED
SV aligners call/results/variants/cutesv/work/HG002_ont_MINIMAP2/results/chr4.pickle	UNTRACKED		PROTECTED
SV aligners call/results/variants/cutesv/work/HG002_ont_MINIMAP2/results/chr5.pickle	UNTRACKED		PROTECTED
SV aligners call/results/variants/cutesv/work/HG002_ont_MINIMAP2/results/chr6.pickle	UNTRACKED		PROTECTED
SV aligners call/results/variants/cutesv/work/HG002_ont_MINIMAP2/results/chr8.pickle	UNTRACKED		PROTECTED
SV aligners call/results/variants/cutesv/work/HG002_pb_MINIMAP2/results/chr11.pickle	UNTRACKED		PROTECTED
SV aligners call/results/variants/cutesv/work/HG002_pb_MINIMAP2/results/chr12.pickle	UNTRACKED		PROTECTED
SV aligners call/results/variants/cutesv/work/HG002_pb_MINIMAP2/results/chr2.pickle	UNTRACKED		PROTECTED
SV aligners call/results/variants/cutesv/work/HG002_pb_MINIMAP2/results/chr20.pickle	UNTRACKED		PROTECTED
SV aligners call/results/variants/cutesv/work/HG002_pb_MINIMAP2/results/chr22.pickle	UNTRACKED		PROTECTED
SV aligners call/results/variants/cutesv/work/HG002_pb_MINIMAP2/results/chr3.pickle	UNTRACKED		PROTECTED
SV aligners call/results/variants/cutesv/work/HG002_pb_MINIMAP2/results/chr4.pickle	UNTRACKED		PROTECTED
SV aligners call/results/variants/cutesv/work/HG002_pb_MINIMAP2/results/chr6.pickle	UNTRACKED		PROTECTED
alignment_analysis/logs/check_other_aligners_2026-07-30_19-44-41.log	UNTRACKED		PROTECTED
alignment_analysis/logs/minimap2_index_ont.log	UNTRACKED		PROTECTED
alignment_analysis/logs/pbmm2_align_help.txt	UNTRACKED		PROTECTED
alignment_analysis/scripts/01_count_fastq_reads.sh	TRACKED		PROTECTED
alignment_analysis/test_alignment/vg_giraffe_dryrun.stdout	UNTRACKED		PROTECTED
alignment_analysis/test_alignment/vg_giraffe_graph_test.stdout	UNTRACKED		PROTECTED
archive/migration_snapshots/20260821_114736/git_diff_cached_before.patch	UNTRACKED		
archive/unclassified/BASH.accidental_heredoc	UNTRACKED		
archive/unclassified/root_artifacts_20260821_114736/%1	UNTRACKED		
archive/unclassified/root_artifacts_20260821_114736/.tmp	UNTRACKED		
archive/unclassified/root_artifacts_20260821_114736/FETCH_HEAD	UNTRACKED		
archive/unclassified/root_artifacts_20260821_114736/Final_reports	UNTRACKED		
archive/unclassified/root_artifacts_20260821_114736/echo	UNTRACKED		
archive/unclassified/root_artifacts_20260821_114736/pbmm2	UNTRACKED		
assemblers/debug/goldrush_HG004_pb/output.fastq	UNTRACKED		PROTECTED
assemblers/debug/goldrush_gzip_fix/output.fastq	UNTRACKED		PROTECTED
assemblers/results/work/goldrush/HG004.pb/goldrush_intermediate_files/HG004_pb_goldrush_golden_path.goldpolish-polished.fa.time	UNTRACKED		PROTECTED
assemblers/results/work/goldrush_fast_smoke_20260813_175457/goldrush_intermediate_files/HG002_ont_fast_smoke_golden_path.goldpolish-polished.span2.dist500.tigmint.fa.k40.w250.z1000.ntLink.gap_fill.fa.k40.w250.z1000.verbose_mapping.tsv	UNTRACKED		PROTECTED
assemblers/results/work/goldrush_fast_smoke_20260813_175457/goldrush_intermediate_files/HG002_ont_fast_smoke_golden_path.goldpolish-polished.span2.dist500.tigmint.fa.k40.w250.z1000.ntLink.gap_fill.fa.verbose_mapping.tsv	UNTRACKED		PROTECTED
assemblers/results/work/goldrush_fast_smoke_20260813_175457/goldrush_intermediate_files/HG002_ont_fast_smoke_golden_path.goldpolish-polished.span2.dist500.tigmint.fa.k40.w250.z1000.verbose_mapping.tsv	UNTRACKED		PROTECTED
assemblers/results/work/goldrush_fast_smoke_20260813_175627/goldrush.console.log	UNTRACKED		PROTECTED
assemblers/results/work/goldrush_fast_smoke_20260813_175627/goldrush_intermediate_files/HG002_ont_fast_smoke_golden_path.goldpolish-polished.span2.dist500.tigmint.fa.k40.w250.z1000.ntLink.gap_fill.fa.k40.w250.z1000.verbose_mapping.tsv	UNTRACKED		PROTECTED
assemblers/results/work/goldrush_fast_smoke_20260813_175627/goldrush_intermediate_files/HG002_ont_fast_smoke_golden_path.goldpolish-polished.span2.dist500.tigmint.fa.k40.w250.z1000.ntLink.gap_fill.fa.verbose_mapping.tsv	UNTRACKED		PROTECTED
assemblers/results/work/goldrush_fast_smoke_20260813_175627/goldrush_intermediate_files/HG002_ont_fast_smoke_golden_path.goldpolish-polished.span2.dist500.tigmint.fa.k40.w250.z1000.verbose_mapping.tsv	UNTRACKED		PROTECTED
assemblies/flye/HG002.ont.1k/30-contigger/scaffolds_links.txt	UNTRACKED		PROTECTED
assemblies/goldrush/HG002.ont.localtest.30x/goldrush_intermediate_files/HG002.ont.localtest.30x_goldrush_silver_path_5.fq.time	UNTRACKED		PROTECTED
container_validation/sniffles2/images.txt	UNTRACKED		
docs/variant_caller_validation/docs/docker_references_static_scan.txt	UNTRACKED		
docs/variant_caller_validation/docs/docker_status_note.md	UNTRACKED		
final_report_files/2$	UNTRACKED		PROTECTED
final_report_files/final_f2_report.bbl	UNTRACKED		PROTECTED
final_report_files/snakemake-last-mile-tutorial/.snakemake/conda/7b038f340e5a002f5fcbcd07cb516192_.env_setup_done	UNTRACKED		PROTECTED
final_report_files/snakemake-last-mile-tutorial/.snakemake/conda/7b038f340e5a002f5fcbcd07cb516192_/lib/python3.13/email/mime/__init__.py	UNTRACKED		PROTECTED
final_report_files/snakemake-last-mile-tutorial/.snakemake/conda/7b038f340e5a002f5fcbcd07cb516192_/lib/python3.13/pydoc_data/__init__.py	UNTRACKED		PROTECTED
final_report_files/snakemake-last-mile-tutorial/.snakemake/conda/7b038f340e5a002f5fcbcd07cb516192_/lib/python3.13/site-packages/PyYAML-6.0.2.dist-info/REQUESTED	UNTRACKED		PROTECTED
final_report_files/snakemake-last-mile-tutorial/.snakemake/conda/7b038f340e5a002f5fcbcd07cb516192_/lib/python3.13/site-packages/dpath-2.2.0.dist-info/REQUESTED	UNTRACKED		PROTECTED
final_report_files/snakemake-last-mile-tutorial/.snakemake/conda/7b038f340e5a002f5fcbcd07cb516192_/lib/python3.13/site-packages/dpath/py.typed	UNTRACKED		PROTECTED
final_report_files/snakemake-last-mile-tutorial/.snakemake/conda/7b038f340e5a002f5fcbcd07cb516192_/lib/python3.13/site-packages/pip-24.2.dist-info/REQUESTED	UNTRACKED		PROTECTED
final_report_files/snakemake-last-mile-tutorial/.snakemake/conda/7b038f340e5a002f5fcbcd07cb516192_/lib/python3.13/site-packages/pip/_internal/operations/__init__.py	UNTRACKED		PROTECTED
final_report_files/snakemake-last-mile-tutorial/.snakemake/conda/7b038f340e5a002f5fcbcd07cb516192_/lib/python3.13/site-packages/pip/_internal/operations/build/__init__.py	UNTRACKED		PROTECTED
final_report_files/snakemake-last-mile-tutorial/.snakemake/conda/7b038f340e5a002f5fcbcd07cb516192_/lib/python3.13/site-packages/pip/_internal/resolution/__init__.py	UNTRACKED		PROTECTED
final_report_files/snakemake-last-mile-tutorial/.snakemake/conda/7b038f340e5a002f5fcbcd07cb516192_/lib/python3.13/site-packages/pip/_internal/resolution/legacy/__init__.py	UNTRACKED		PROTECTED
final_report_files/snakemake-last-mile-tutorial/.snakemake/conda/7b038f340e5a002f5fcbcd07cb516192_/lib/python3.13/site-packages/pip/_internal/resolution/resolvelib/__init__.py	UNTRACKED		PROTECTED
final_report_files/snakemake-last-mile-tutorial/.snakemake/conda/7b038f340e5a002f5fcbcd07cb516192_/lib/python3.13/site-packages/pip/_internal/utils/__init__.py	UNTRACKED		PROTECTED
final_report_files/snakemake-last-mile-tutorial/.snakemake/conda/7b038f340e5a002f5fcbcd07cb516192_/lib/python3.13/site-packages/pip/_vendor/cachecontrol/py.typed	UNTRACKED		PROTECTED
final_report_files/snakemake-last-mile-tutorial/.snakemake/conda/7b038f340e5a002f5fcbcd07cb516192_/lib/python3.13/site-packages/pip/_vendor/certifi/py.typed	UNTRACKED		PROTECTED
final_report_files/snakemake-last-mile-tutorial/.snakemake/conda/7b038f340e5a002f5fcbcd07cb516192_/lib/python3.13/site-packages/pip/_vendor/distro/py.typed	UNTRACKED		PROTECTED
final_report_files/snakemake-last-mile-tutorial/.snakemake/conda/7b038f340e5a002f5fcbcd07cb516192_/lib/python3.13/site-packages/pip/_vendor/idna/py.typed	UNTRACKED		PROTECTED
final_report_files/snakemake-last-mile-tutorial/.snakemake/conda/7b038f340e5a002f5fcbcd07cb516192_/lib/python3.13/site-packages/pip/_vendor/packaging/py.typed	UNTRACKED		PROTECTED
final_report_files/snakemake-last-mile-tutorial/.snakemake/conda/7b038f340e5a002f5fcbcd07cb516192_/lib/python3.13/site-packages/pip/_vendor/platformdirs/py.typed	UNTRACKED		PROTECTED
final_report_files/snakemake-last-mile-tutorial/.snakemake/conda/7b038f340e5a002f5fcbcd07cb516192_/lib/python3.13/site-packages/pip/_vendor/resolvelib/compat/__init__.py	UNTRACKED		PROTECTED
final_report_files/snakemake-last-mile-tutorial/.snakemake/conda/7b038f340e5a002f5fcbcd07cb516192_/lib/python3.13/site-packages/pip/_vendor/resolvelib/py.typed	UNTRACKED		PROTECTED
final_report_files/snakemake-last-mile-tutorial/.snakemake/conda/7b038f340e5a002f5fcbcd07cb516192_/lib/python3.13/site-packages/pip/_vendor/rich/py.typed	UNTRACKED		PROTECTED
final_report_files/snakemake-last-mile-tutorial/.snakemake/conda/7b038f340e5a002f5fcbcd07cb516192_/lib/python3.13/site-packages/pip/_vendor/truststore/py.typed	UNTRACKED		PROTECTED
final_report_files/snakemake-last-mile-tutorial/.snakemake/conda/7b038f340e5a002f5fcbcd07cb516192_/lib/python3.13/site-packages/pip/_vendor/urllib3/contrib/__init__.py	UNTRACKED		PROTECTED
final_report_files/snakemake-last-mile-tutorial/.snakemake/conda/7b038f340e5a002f5fcbcd07cb516192_/lib/python3.13/site-packages/pip/_vendor/urllib3/contrib/_securetransport/__init__.py	UNTRACKED		PROTECTED
final_report_files/snakemake-last-mile-tutorial/.snakemake/conda/7b038f340e5a002f5fcbcd07cb516192_/lib/python3.13/site-packages/pip/_vendor/urllib3/packages/__init__.py	UNTRACKED		PROTECTED
final_report_files/snakemake-last-mile-tutorial/.snakemake/conda/7b038f340e5a002f5fcbcd07cb516192_/lib/python3.13/site-packages/pip/_vendor/urllib3/packages/backports/__init__.py	UNTRACKED		PROTECTED
final_report_files/snakemake-last-mile-tutorial/.snakemake/conda/7b038f340e5a002f5fcbcd07cb516192_/lib/python3.13/site-packages/plac-1.4.3.dist-info/REQUESTED	UNTRACKED		PROTECTED
final_report_files/snakemake-last-mile-tutorial/.snakemake/conda/7b038f340e5a002f5fcbcd07cb516192_/lib/python3.13/site-packages/yte-1.5.4.dist-info/REQUESTED	UNTRACKED		PROTECTED
final_report_files/snakemake-last-mile-tutorial/.snakemake/conda/7b038f340e5a002f5fcbcd07cb516192_/lib/python3.13/urllib/__init__.py	UNTRACKED		PROTECTED
final_report_files/snakemake-last-mile-tutorial/.snakemake/conda/7b038f340e5a002f5fcbcd07cb516192_/ssl/certs/.keep	UNTRACKED		PROTECTED
final_report_files/snakemake-last-mile-tutorial/.snakemake/conda/aa53b0a3acb04f06c3b0eace98ae6e99_.env_setup_done	UNTRACKED		PROTECTED
final_report_files/snakemake-last-mile-tutorial/.snakemake/conda/aa53b0a3acb04f06c3b0eace98ae6e99_/etc/conda/test-files/anyio/1/tests/__init__.py	UNTRACKED		PROTECTED
final_report_files/snakemake-last-mile-tutorial/.snakemake/conda/aa53b0a3acb04f06c3b0eace98ae6e99_/etc/conda/test-files/anyio/1/tests/streams/__init__.py	UNTRACKED		PROTECTED
final_report_files/snakemake-last-mile-tutorial/.snakemake/conda/aa53b0a3acb04f06c3b0eace98ae6e99_/etc/conda/test-files/arrow/1/tests/__init__.py	UNTRACKED		PROTECTED
final_report_files/snakemake-last-mile-tutorial/.snakemake/conda/aa53b0a3acb04f06c3b0eace98ae6e99_/etc/conda/test-files/h2/1/tests/__init__.py	UNTRACKED		PROTECTED
final_report_files/snakemake-last-mile-tutorial/.snakemake/conda/aa53b0a3acb04f06c3b0eace98ae6e99_/etc/conda/test-files/idna/1/tests/__init__.py	UNTRACKED		PROTECTED
final_report_files/snakemake-last-mile-tutorial/.snakemake/conda/aa53b0a3acb04f06c3b0eace98ae6e99_/etc/conda/test-files/ipython/2/tests/__init__.py	UNTRACKED		PROTECTED
final_report_files/snakemake-last-mile-tutorial/.snakemake/conda/aa53b0a3acb04f06c3b0eace98ae6e99_/etc/conda/test-files/jupyter_client/1/tests/__init__.py	UNTRACKED		PROTECTED
final_report_files/snakemake-last-mile-tutorial/.snakemake/conda/aa53b0a3acb04f06c3b0eace98ae6e99_/etc/conda/test-files/jupyter_core/1/tests/__init__.py	UNTRACKED		PROTECTED
final_report_files/snakemake-last-mile-tutorial/.snakemake/conda/aa53b0a3acb04f06c3b0eace98ae6e99_/etc/conda/test-files/jupyter_server/1/tests/__init__.py	UNTRACKED		PROTECTED
final_report_files/snakemake-last-mile-tutorial/.snakemake/conda/aa53b0a3acb04f06c3b0eace98ae6e99_/etc/conda/test-files/jupyter_server/1/tests/auth/__init__.py	UNTRACKED		PROTECTED
final_report_files/snakemake-last-mile-tutorial/.snakemake/conda/aa53b0a3acb04f06c3b0eace98ae6e99_/etc/conda/test-files/jupyter_server/1/tests/extension/__init__.py	UNTRACKED		PROTECTED
final_report_files/snakemake-last-mile-tutorial/.snakemake/conda/aa53b0a3acb04f06c3b0eace98ae6e99_/etc/conda/test-files/jupyter_server/1/tests/namespace-package-test/test_namespace/test_package/__init__.py	UNTRACKED		PROTECTED
final_report_files/snakemake-last-mile-tutorial/.snakemake/conda/aa53b0a3acb04f06c3b0eace98ae6e99_/etc/conda/test-files/jupyter_server/1/tests/nbconvert/__init__.py	UNTRACKED		PROTECTED
final_report_files/snakemake-last-mile-tutorial/.snakemake/conda/aa53b0a3acb04f06c3b0eace98ae6e99_/etc/conda/test-files/jupyter_server/1/tests/services/__init__.py	UNTRACKED		PROTECTED
final_report_files/snakemake-last-mile-tutorial/.snakemake/conda/aa53b0a3acb04f06c3b0eace98ae6e99_/etc/conda/test-files/jupyter_server/1/tests/services/api/__init__.py	UNTRACKED		PROTECTED
final_report_files/snakemake-last-mile-tutorial/.snakemake/conda/aa53b0a3acb04f06c3b0eace98ae6e99_/etc/conda/test-files/jupyter_server/1/tests/services/config/__init__.py	UNTRACKED		PROTECTED
final_report_files/snakemake-last-mile-tutorial/.snakemake/conda/aa53b0a3acb04f06c3b0eace98ae6e99_/etc/conda/test-files/jupyter_server/1/tests/services/contents/__init__.py	UNTRACKED		PROTECTED
final_report_files/snakemake-last-mile-tutorial/.snakemake/conda/aa53b0a3acb04f06c3b0eace98ae6e99_/etc/conda/test-files/jupyter_server/1/tests/services/events/__init__.py	UNTRACKED		PROTECTED
final_report_files/snakemake-last-mile-tutorial/.snakemake/conda/aa53b0a3acb04f06c3b0eace98ae6e99_/etc/conda/test-files/jupyter_server/1/tests/services/kernels/__init__.py	UNTRACKED		PROTECTED
final_report_files/snakemake-last-mile-tutorial/.snakemake/conda/aa53b0a3acb04f06c3b0eace98ae6e99_/etc/conda/test-files/jupyter_server/1/tests/services/kernelspecs/__init__.py	UNTRACKED		PROTECTED
final_report_files/snakemake-last-mile-tutorial/.snakemake/conda/aa53b0a3acb04f06c3b0eace98ae6e99_/etc/conda/test-files/jupyter_server/1/tests/services/nbconvert/__init__.py	UNTRACKED		PROTECTED
final_report_files/snakemake-last-mile-tutorial/.snakemake/conda/aa53b0a3acb04f06c3b0eace98ae6e99_/etc/conda/test-files/jupyter_server/1/tests/services/sessions/__init__.py	UNTRACKED		PROTECTED
final_report_files/snakemake-last-mile-tutorial/.snakemake/conda/aa53b0a3acb04f06c3b0eace98ae6e99_/etc/conda/test-files/jupyter_server/1/tests/unix_sockets/__init__.py	UNTRACKED		PROTECTED
final_report_files/snakemake-last-mile-tutorial/.snakemake/conda/aa53b0a3acb04f06c3b0eace98ae6e99_/etc/conda/test-files/jupyter_server_terminals/0/tests/__init__.py	UNTRACKED		PROTECTED
final_report_files/snakemake-last-mile-tutorial/.snakemake/conda/aa53b0a3acb04f06c3b0eace98ae6e99_/etc/conda/test-files/python-fastjsonschema/1/src/tests/json_schema/__init__.py	UNTRACKED		PROTECTED
final_report_files/snakemake-last-mile-tutorial/.snakemake/conda/aa53b0a3acb04f06c3b0eace98ae6e99_/etc/conda/test-files/rfc3987-syntax/1/tests/__init__.py	UNTRACKED		PROTECTED
final_report_files/snakemake-last-mile-tutorial/.snakemake/conda/aa53b0a3acb04f06c3b0eace98ae6e99_/etc/conda/test-files/rpds-py/1/tests/__init__.py	UNTRACKED		PROTECTED
final_report_files/snakemake-last-mile-tutorial/.snakemake/conda/aa53b0a3acb04f06c3b0eace98ae6e99_/etc/conda/test-files/terminado/1/tests/__init__.py	UNTRACKED		PROTECTED
final_report_files/snakemake-last-mile-tutorial/.snakemake/conda/aa53b0a3acb04f06c3b0eace98ae6e99_/etc/conda/test-files/traitlets/1/tests/__init__.py	UNTRACKED		PROTECTED
final_report_files/snakemake-last-mile-tutorial/.snakemake/conda/aa53b0a3acb04f06c3b0eace98ae6e99_/etc/conda/test-files/traitlets/1/tests/config/__init__.py	UNTRACKED		PROTECTED
final_report_files/snakemake-last-mile-tutorial/.snakemake/conda/aa53b0a3acb04f06c3b0eace98ae6e99_/etc/conda/test-files/traitlets/1/tests/utils/__init__.py	UNTRACKED		PROTECTED
final_report_files/snakemake-last-mile-tutorial/.snakemake/conda/aa53b0a3acb04f06c3b0eace98ae6e99_/etc/conda/test-files/zipp/1/tests/__init__.py	UNTRACKED		PROTECTED
final_report_files/snakemake-last-mile-tutorial/.snakemake/conda/aa53b0a3acb04f06c3b0eace98ae6e99_/etc/conda/test-files/zipp/1/tests/compat/__init__.py	UNTRACKED		PROTECTED
final_report_files/snakemake-last-mile-tutorial/.snakemake/conda/aa53b0a3acb04f06c3b0eace98ae6e99_/lib/python3.11/email/mime/__init__.py	UNTRACKED		PROTECTED
final_report_files/snakemake-last-mile-tutorial/.snakemake/conda/aa53b0a3acb04f06c3b0eace98ae6e99_/lib/python3.11/lib2to3/tests/data/fixers/myfixes/__init__.py	UNTRACKED		PROTECTED
final_report_files/snakemake-last-mile-tutorial/.snakemake/conda/aa53b0a3acb04f06c3b0eace98ae6e99_/lib/python3.11/pydoc_data/__init__.py	UNTRACKED		PROTECTED
final_report_files/snakemake-last-mile-tutorial/.snakemake/conda/aa53b0a3acb04f06c3b0eace98ae6e99_/lib/python3.11/site-packages/IPython/core/__init__.py	UNTRACKED		PROTECTED
final_report_files/snakemake-last-mile-tutorial/.snakemake/conda/aa53b0a3acb04f06c3b0eace98ae6e99_/lib/python3.11/site-packages/IPython/extensions/deduperreload/__init__.py	UNTRACKED		PROTECTED
final_report_files/snakemake-last-mile-tutorial/.snakemake/conda/aa53b0a3acb04f06c3b0eace98ae6e99_/lib/python3.11/site-packages/IPython/py.typed	UNTRACKED		PROTECTED
final_report_files/snakemake-last-mile-tutorial/.snakemake/conda/aa53b0a3acb04f06c3b0eace98ae6e99_/lib/python3.11/site-packages/IPython/sphinxext/__init__.py	UNTRACKED		PROTECTED
final_report_files/snakemake-last-mile-tutorial/.snakemake/conda/aa53b0a3acb04f06c3b0eace98ae6e99_/lib/python3.11/site-packages/IPython/sphinxext/tests/__init__.py	UNTRACKED		PROTECTED
final_report_files/snakemake-last-mile-tutorial/.snakemake/conda/aa53b0a3acb04f06c3b0eace98ae6e99_/lib/python3.11/site-packages/IPython/terminal/__init__.py	UNTRACKED		PROTECTED
final_report_files/snakemake-last-mile-tutorial/.snakemake/conda/aa53b0a3acb04f06c3b0eace98ae6e99_/lib/python3.11/site-packages/IPython/testing/plugin/__init__.py	UNTRACKED		PROTECTED
final_report_files/snakemake-last-mile-tutorial/.snakemake/conda/aa53b0a3acb04f06c3b0eace98ae6e99_/lib/python3.11/site-packages/IPython/utils/__init__.py	UNTRACKED		PROTECTED
final_report_files/snakemake-last-mile-tutorial/.snakemake/conda/aa53b0a3acb04f06c3b0eace98ae6e99_/lib/python3.11/site-packages/PySocks-1.7.1.dist-info/REQUESTED	UNTRACKED		PROTECTED
final_report_files/snakemake-last-mile-tutorial/.snakemake/conda/aa53b0a3acb04f06c3b0eace98ae6e99_/lib/python3.11/site-packages/anyio-4.14.2.dist-info/REQUESTED	UNTRACKED		PROTECTED
final_report_files/snakemake-last-mile-tutorial/.snakemake/conda/aa53b0a3acb04f06c3b0eace98ae6e99_/lib/python3.11/site-packages/anyio/_backends/__init__.py	UNTRACKED		PROTECTED
final_report_files/snakemake-last-mile-tutorial/.snakemake/conda/aa53b0a3acb04f06c3b0eace98ae6e99_/lib/python3.11/site-packages/anyio/_core/__init__.py	UNTRACKED		PROTECTED
final_report_files/snakemake-last-mile-tutorial/.snakemake/conda/aa53b0a3acb04f06c3b0eace98ae6e99_/lib/python3.11/site-packages/anyio/py.typed	UNTRACKED		PROTECTED
final_report_files/snakemake-last-mile-tutorial/.snakemake/conda/aa53b0a3acb04f06c3b0eace98ae6e99_/lib/python3.11/site-packages/anyio/streams/__init__.py	UNTRACKED		PROTECTED
final_report_files/snakemake-last-mile-tutorial/.snakemake/conda/aa53b0a3acb04f06c3b0eace98ae6e99_/lib/python3.11/site-packages/argon2/py.typed	UNTRACKED		PROTECTED
final_report_files/snakemake-last-mile-tutorial/.snakemake/conda/aa53b0a3acb04f06c3b0eace98ae6e99_/lib/python3.11/site-packages/argon2_cffi-25.1.0.dist-info/REQUESTED	UNTRACKED		PROTECTED
final_report_files/snakemake-last-mile-tutorial/.snakemake/conda/aa53b0a3acb04f06c3b0eace98ae6e99_/lib/python3.11/site-packages/argon2_cffi_bindings-25.1.0.dist-info/REQUESTED	UNTRACKED		PROTECTED
final_report_files/snakemake-last-mile-tutorial/.snakemake/conda/aa53b0a3acb04f06c3b0eace98ae6e99_/lib/python3.11/site-packages/arrow-1.4.0.dist-info/REQUESTED	UNTRACKED		PROTECTED
final_report_files/snakemake-last-mile-tutorial/.snakemake/conda/aa53b0a3acb04f06c3b0eace98ae6e99_/lib/python3.11/site-packages/arrow/py.typed	UNTRACKED		PROTECTED
final_report_files/snakemake-last-mile-tutorial/.snakemake/conda/aa53b0a3acb04f06c3b0eace98ae6e99_/lib/python3.11/site-packages/asttokens-3.0.2.dist-info/REQUESTED	UNTRACKED		PROTECTED
final_report_files/snakemake-last-mile-tutorial/.snakemake/conda/aa53b0a3acb04f06c3b0eace98ae6e99_/lib/python3.11/site-packages/asttokens/py.typed	UNTRACKED		PROTECTED
final_report_files/snakemake-last-mile-tutorial/.snakemake/conda/aa53b0a3acb04f06c3b0eace98ae6e99_/lib/python3.11/site-packages/async_lru-2.3.0.dist-info/REQUESTED	UNTRACKED		PROTECTED
final_report_files/snakemake-last-mile-tutorial/.snakemake/conda/aa53b0a3acb04f06c3b0eace98ae6e99_/lib/python3.11/site-packages/async_lru/py.typed	UNTRACKED		PROTECTED
final_report_files/snakemake-last-mile-tutorial/.snakemake/conda/aa53b0a3acb04f06c3b0eace98ae6e99_/lib/python3.11/site-packages/attr/py.typed	UNTRACKED		PROTECTED
final_report_files/snakemake-last-mile-tutorial/.snakemake/conda/aa53b0a3acb04f06c3b0eace98ae6e99_/lib/python3.11/site-packages/attrs-26.1.0.dist-info/REQUESTED	UNTRACKED		PROTECTED
final_report_files/snakemake-last-mile-tutorial/.snakemake/conda/aa53b0a3acb04f06c3b0eace98ae6e99_/lib/python3.11/site-packages/attrs/py.typed	UNTRACKED		PROTECTED
final_report_files/snakemake-last-mile-tutorial/.snakemake/conda/aa53b0a3acb04f06c3b0eace98ae6e99_/lib/python3.11/site-packages/babel-2.18.0.dist-info/REQUESTED	UNTRACKED		PROTECTED
final_report_files/snakemake-last-mile-tutorial/.snakemake/conda/aa53b0a3acb04f06c3b0eace98ae6e99_/lib/python3.11/site-packages/backports/zstd/py.typed	UNTRACKED		PROTECTED
final_report_files/snakemake-last-mile-tutorial/.snakemake/conda/aa53b0a3acb04f06c3b0eace98ae6e99_/lib/python3.11/site-packages/backports_zstd-1.6.0.dist-info/REQUESTED	UNTRACKED		PROTECTED
final_report_files/snakemake-last-mile-tutorial/.snakemake/conda/aa53b0a3acb04f06c3b0eace98ae6e99_/lib/python3.11/site-packages/beautifulsoup4-4.15.0.dist-info/REQUESTED	UNTRACKED		PROTECTED
final_report_files/snakemake-last-mile-tutorial/.snakemake/conda/aa53b0a3acb04f06c3b0eace98ae6e99_/lib/python3.11/site-packages/bleach-6.4.0.dist-info/REQUESTED	UNTRACKED		PROTECTED
final_report_files/snakemake-last-mile-tutorial/.snakemake/conda/aa53b0a3acb04f06c3b0eace98ae6e99_/lib/python3.11/site-packages/bleach/_vendor/__init__.py	UNTRACKED		PROTECTED
final_report_files/snakemake-last-mile-tutorial/.snakemake/conda/aa53b0a3acb04f06c3b0eace98ae6e99_/lib/python3.11/site-packages/bleach/_vendor/html5lib-1.1.dist-info/REQUESTED	UNTRACKED		PROTECTED
final_report_files/snakemake-last-mile-tutorial/.snakemake/conda/aa53b0a3acb04f06c3b0eace98ae6e99_/lib/python3.11/site-packages/bleach/_vendor/html5lib/filters/__init__.py	UNTRACKED		PROTECTED
final_report_files/snakemake-last-mile-tutorial/.snakemake/conda/aa53b0a3acb04f06c3b0eace98ae6e99_/lib/python3.11/site-packages/brotli-1.2.0.dist-info/REQUESTED	UNTRACKED		PROTECTED
final_report_files/snakemake-last-mile-tutorial/.snakemake/conda/aa53b0a3acb04f06c3b0eace98ae6e99_/lib/python3.11/site-packages/bs4/py.typed	UNTRACKED		PROTECTED
final_report_files/snakemake-last-mile-tutorial/.snakemake/conda/aa53b0a3acb04f06c3b0eace98ae6e99_/lib/python3.11/site-packages/cached_property-1.5.2.dist-info/REQUESTED	UNTRACKED		PROTECTED
final_report_files/snakemake-last-mile-tutorial/.snakemake/conda/aa53b0a3acb04f06c3b0eace98ae6e99_/lib/python3.11/site-packages/certifi-2026.7.22.dist-info/REQUESTED	UNTRACKED		PROTECTED
final_report_files/snakemake-last-mile-tutorial/.snakemake/conda/aa53b0a3acb04f06c3b0eace98ae6e99_/lib/python3.11/site-packages/certifi/py.typed	UNTRACKED		PROTECTED
final_report_files/snakemake-last-mile-tutorial/.snakemake/conda/aa53b0a3acb04f06c3b0eace98ae6e99_/lib/python3.11/site-packages/certifi/tests/__init__.py	UNTRACKED		PROTECTED
final_report_files/snakemake-last-mile-tutorial/.snakemake/conda/aa53b0a3acb04f06c3b0eace98ae6e99_/lib/python3.11/site-packages/cffi-2.1.0.dist-info/REQUESTED	UNTRACKED		PROTECTED
final_report_files/snakemake-last-mile-tutorial/.snakemake/conda/aa53b0a3acb04f06c3b0eace98ae6e99_/lib/python3.11/site-packages/charset_normalizer-3.4.9.dist-info/REQUESTED	UNTRACKED		PROTECTED
final_report_files/snakemake-last-mile-tutorial/.snakemake/conda/aa53b0a3acb04f06c3b0eace98ae6e99_/lib/python3.11/site-packages/charset_normalizer/py.typed	UNTRACKED		PROTECTED
final_report_files/snakemake-last-mile-tutorial/.snakemake/conda/aa53b0a3acb04f06c3b0eace98ae6e99_/lib/python3.11/site-packages/comm-0.2.3.dist-info/REQUESTED	UNTRACKED		PROTECTED
final_report_files/snakemake-last-mile-tutorial/.snakemake/conda/aa53b0a3acb04f06c3b0eace98ae6e99_/lib/python3.11/site-packages/comm/py.typed	UNTRACKED		PROTECTED
final_report_files/snakemake-last-mile-tutorial/.snakemake/conda/aa53b0a3acb04f06c3b0eace98ae6e99_/lib/python3.11/site-packages/debugpy-1.8.21.dist-info/REQUESTED	UNTRACKED		PROTECTED
final_report_files/snakemake-last-mile-tutorial/.snakemake/conda/aa53b0a3acb04f06c3b0eace98ae6e99_/lib/python3.11/site-packages/debugpy/_vendored/pydevd/_pydev_bundle/__init__.py	UNTRACKED		PROTECTED
final_report_files/snakemake-last-mile-tutorial/.snakemake/conda/aa53b0a3acb04f06c3b0eace98ae6e99_/lib/python3.11/site-packages/debugpy/_vendored/pydevd/_pydev_runfiles/__init__.py	UNTRACKED		PROTECTED
final_report_files/snakemake-last-mile-tutorial/.snakemake/conda/aa53b0a3acb04f06c3b0eace98ae6e99_/lib/python3.11/site-packages/debugpy/_vendored/pydevd/_pydevd_bundle/__init__.py	UNTRACKED		PROTECTED
final_report_files/snakemake-last-mile-tutorial/.snakemake/conda/aa53b0a3acb04f06c3b0eace98ae6e99_/lib/python3.11/site-packages/debugpy/_vendored/pydevd/_pydevd_bundle/_debug_adapter/__init__.py	UNTRACKED		PROTECTED
final_report_files/snakemake-last-mile-tutorial/.snakemake/conda/aa53b0a3acb04f06c3b0eace98ae6e99_/lib/python3.11/site-packages/debugpy/_vendored/pydevd/_pydevd_bundle/pydevd_concurrency_analyser/__init__.py	UNTRACKED		PROTECTED
final_report_files/snakemake-last-mile-tutorial/.snakemake/conda/aa53b0a3acb04f06c3b0eace98ae6e99_/lib/python3.11/site-packages/debugpy/_vendored/pydevd/_pydevd_frame_eval/__init__.py	UNTRACKED		PROTECTED
final_report_files/snakemake-last-mile-tutorial/.snakemake/conda/aa53b0a3acb04f06c3b0eace98ae6e99_/lib/python3.11/site-packages/debugpy/_vendored/pydevd/_pydevd_frame_eval/vendored/__init__.py	UNTRACKED		PROTECTED
final_report_files/snakemake-last-mile-tutorial/.snakemake/conda/aa53b0a3acb04f06c3b0eace98ae6e99_/lib/python3.11/site-packages/debugpy/_vendored/pydevd/pydev_ipython/__init__.py	UNTRACKED		PROTECTED
final_report_files/snakemake-last-mile-tutorial/.snakemake/conda/aa53b0a3acb04f06c3b0eace98ae6e99_/lib/python3.11/site-packages/debugpy/py.typed	UNTRACKED		PROTECTED
final_report_files/snakemake-last-mile-tutorial/.snakemake/conda/aa53b0a3acb04f06c3b0eace98ae6e99_/lib/python3.11/site-packages/decorator-5.3.1.dist-info/REQUESTED	UNTRACKED		PROTECTED
final_report_files/snakemake-last-mile-tutorial/.snakemake/conda/aa53b0a3acb04f06c3b0eace98ae6e99_/lib/python3.11/site-packages/decorator/py.typed	UNTRACKED		PROTECTED
final_report_files/snakemake-last-mile-tutorial/.snakemake/conda/aa53b0a3acb04f06c3b0eace98ae6e99_/lib/python3.11/site-packages/defusedxml-0.7.1.dist-info/REQUESTED	UNTRACKED		PROTECTED
final_report_files/snakemake-last-mile-tutorial/.snakemake/conda/aa53b0a3acb04f06c3b0eace98ae6e99_/lib/python3.11/site-packages/exceptiongroup-1.3.1.dist-info/REQUESTED	UNTRACKED		PROTECTED
final_report_files/snakemake-last-mile-tutorial/.snakemake/conda/aa53b0a3acb04f06c3b0eace98ae6e99_/lib/python3.11/site-packages/exceptiongroup/py.typed	UNTRACKED		PROTECTED
final_report_files/snakemake-last-mile-tutorial/.snakemake/conda/aa53b0a3acb04f06c3b0eace98ae6e99_/lib/python3.11/site-packages/executing-2.2.1.dist-info/REQUESTED	UNTRACKED		PROTECTED
final_report_files/snakemake-last-mile-tutorial/.snakemake/conda/aa53b0a3acb04f06c3b0eace98ae6e99_/lib/python3.11/site-packages/executing/py.typed	UNTRACKED		PROTECTED
final_report_files/snakemake-last-mile-tutorial/.snakemake/conda/aa53b0a3acb04f06c3b0eace98ae6e99_/lib/python3.11/site-packages/fastjsonschema-2.21.2.dist-info/REQUESTED	UNTRACKED		PROTECTED
final_report_files/snakemake-last-mile-tutorial/.snakemake/conda/aa53b0a3acb04f06c3b0eace98ae6e99_/lib/python3.11/site-packages/fqdn-1.5.1.dist-info/REQUESTED	UNTRACKED		PROTECTED
final_report_files/snakemake-last-mile-tutorial/.snakemake/conda/aa53b0a3acb04f06c3b0eace98ae6e99_/lib/python3.11/site-packages/h11-0.16.0.dist-info/REQUESTED	UNTRACKED		PROTECTED
final_report_files/snakemake-last-mile-tutorial/.snakemake/conda/aa53b0a3acb04f06c3b0eace98ae6e99_/lib/python3.11/site-packages/h2-4.4.0.dist-info/REQUESTED	UNTRACKED		PROTECTED
final_report_files/snakemake-last-mile-tutorial/.snakemake/conda/aa53b0a3acb04f06c3b0eace98ae6e99_/lib/python3.11/site-packages/h2/py.typed	UNTRACKED		PROTECTED
final_report_files/snakemake-last-mile-tutorial/.snakemake/conda/aa53b0a3acb04f06c3b0eace98ae6e99_/lib/python3.11/site-packages/hpack-4.2.0.dist-info/REQUESTED	UNTRACKED		PROTECTED
final_report_files/snakemake-last-mile-tutorial/.snakemake/conda/aa53b0a3acb04f06c3b0eace98ae6e99_/lib/python3.11/site-packages/hpack/py.typed	UNTRACKED		PROTECTED
final_report_files/snakemake-last-mile-tutorial/.snakemake/conda/aa53b0a3acb04f06c3b0eace98ae6e99_/lib/python3.11/site-packages/httpcore-1.0.9.dist-info/REQUESTED	UNTRACKED		PROTECTED
final_report_files/snakemake-last-mile-tutorial/.snakemake/conda/aa53b0a3acb04f06c3b0eace98ae6e99_/lib/python3.11/site-packages/httpcore/_backends/__init__.py	UNTRACKED		PROTECTED
final_report_files/snakemake-last-mile-tutorial/.snakemake/conda/aa53b0a3acb04f06c3b0eace98ae6e99_/lib/python3.11/site-packages/httpcore/py.typed	UNTRACKED		PROTECTED
final_report_files/snakemake-last-mile-tutorial/.snakemake/conda/aa53b0a3acb04f06c3b0eace98ae6e99_/lib/python3.11/site-packages/httpx-0.28.1.dist-info/REQUESTED	UNTRACKED		PROTECTED
final_report_files/snakemake-last-mile-tutorial/.snakemake/conda/aa53b0a3acb04f06c3b0eace98ae6e99_/lib/python3.11/site-packages/httpx/py.typed	UNTRACKED		PROTECTED
final_report_files/snakemake-last-mile-tutorial/.snakemake/conda/aa53b0a3acb04f06c3b0eace98ae6e99_/lib/python3.11/site-packages/hyperframe-6.1.0.dist-info/REQUESTED	UNTRACKED		PROTECTED
final_report_files/snakemake-last-mile-tutorial/.snakemake/conda/aa53b0a3acb04f06c3b0eace98ae6e99_/lib/python3.11/site-packages/hyperframe/py.typed	UNTRACKED		PROTECTED
final_report_files/snakemake-last-mile-tutorial/.snakemake/conda/aa53b0a3acb04f06c3b0eace98ae6e99_/lib/python3.11/site-packages/idna-3.18.dist-info/REQUESTED	UNTRACKED		PROTECTED
final_report_files/snakemake-last-mile-tutorial/.snakemake/conda/aa53b0a3acb04f06c3b0eace98ae6e99_/lib/python3.11/site-packages/idna/py.typed	UNTRACKED		PROTECTED
final_report_files/snakemake-last-mile-tutorial/.snakemake/conda/aa53b0a3acb04f06c3b0eace98ae6e99_/lib/python3.11/site-packages/importlib_metadata-9.0.0.dist-info/REQUESTED	UNTRACKED		PROTECTED
final_report_files/snakemake-last-mile-tutorial/.snakemake/conda/aa53b0a3acb04f06c3b0eace98ae6e99_/lib/python3.11/site-packages/importlib_metadata/compat/__init__.py	UNTRACKED		PROTECTED
final_report_files/snakemake-last-mile-tutorial/.snakemake/conda/aa53b0a3acb04f06c3b0eace98ae6e99_/lib/python3.11/site-packages/importlib_metadata/py.typed	UNTRACKED		PROTECTED
final_report_files/snakemake-last-mile-tutorial/.snakemake/conda/aa53b0a3acb04f06c3b0eace98ae6e99_/lib/python3.11/site-packages/ipykernel-6.29.5.dist-info/REQUESTED	UNTRACKED		PROTECTED
final_report_files/snakemake-last-mile-tutorial/.snakemake/conda/aa53b0a3acb04f06c3b0eace98ae6e99_/lib/python3.11/site-packages/ipykernel/py.typed	UNTRACKED		PROTECTED
final_report_files/snakemake-last-mile-tutorial/.snakemake/conda/aa53b0a3acb04f06c3b0eace98ae6e99_/lib/python3.11/site-packages/ipykernel/pylab/__init__.py	UNTRACKED		PROTECTED
final_report_files/snakemake-last-mile-tutorial/.snakemake/conda/aa53b0a3acb04f06c3b0eace98ae6e99_/lib/python3.11/site-packages/ipython-9.15.0.dist-info/REQUESTED	UNTRACKED		PROTECTED
final_report_files/snakemake-last-mile-tutorial/.snakemake/conda/aa53b0a3acb04f06c3b0eace98ae6e99_/lib/python3.11/site-packages/ipython_pygments_lexers-1.1.1.dist-info/REQUESTED	UNTRACKED		PROTECTED
final_report_files/snakemake-last-mile-tutorial/.snakemake/conda/aa53b0a3acb04f06c3b0eace98ae6e99_/lib/python3.11/site-packages/isoduration-20.11.0.dist-info/REQUESTED	UNTRACKED		PROTECTED
final_report_files/snakemake-last-mile-tutorial/.snakemake/conda/aa53b0a3acb04f06c3b0eace98ae6e99_/lib/python3.11/site-packages/jedi-0.20.0.dist-info/REQUESTED	UNTRACKED		PROTECTED
final_report_files/snakemake-last-mile-tutorial/.snakemake/conda/aa53b0a3acb04f06c3b0eace98ae6e99_/lib/python3.11/site-packages/jedi/third_party/django-stubs/django-stubs/contrib/__init__.pyi	UNTRACKED		PROTECTED
final_report_files/snakemake-last-mile-tutorial/.snakemake/conda/aa53b0a3acb04f06c3b0eace98ae6e99_/lib/python3.11/site-packages/jedi/third_party/django-stubs/django-stubs/contrib/admin/templatetags/__init__.pyi	UNTRACKED		PROTECTED
final_report_files/snakemake-last-mile-tutorial/.snakemake/conda/aa53b0a3acb04f06c3b0eace98ae6e99_/lib/python3.11/site-packages/jedi/third_party/django-stubs/django-stubs/contrib/admin/views/__init__.pyi	UNTRACKED		PROTECTED
final_report_files/snakemake-last-mile-tutorial/.snakemake/conda/aa53b0a3acb04f06c3b0eace98ae6e99_/lib/python3.11/site-packages/jedi/third_party/django-stubs/django-stubs/contrib/admindocs/__init__.pyi	UNTRACKED		PROTECTED
final_report_files/snakemake-last-mile-tutorial/.snakemake/conda/aa53b0a3acb04f06c3b0eace98ae6e99_/lib/python3.11/site-packages/jedi/third_party/django-stubs/django-stubs/contrib/auth/handlers/__init__.pyi	UNTRACKED		PROTECTED
final_report_files/snakemake-last-mile-tutorial/.snakemake/conda/aa53b0a3acb04f06c3b0eace98ae6e99_/lib/python3.11/site-packages/jedi/third_party/django-stubs/django-stubs/contrib/auth/management/commands/__init__.pyi	UNTRACKED		PROTECTED
final_report_files/snakemake-last-mile-tutorial/.snakemake/conda/aa53b0a3acb04f06c3b0eace98ae6e99_/lib/python3.11/site-packages/jedi/third_party/django-stubs/django-stubs/contrib/contenttypes/__init__.pyi	UNTRACKED		PROTECTED
final_report_files/snakemake-last-mile-tutorial/.snakemake/conda/aa53b0a3acb04f06c3b0eace98ae6e99_/lib/python3.11/site-packages/jedi/third_party/django-stubs/django-stubs/contrib/contenttypes/management/commands/__init__.pyi	UNTRACKED		PROTECTED
final_report_files/snakemake-last-mile-tutorial/.snakemake/conda/aa53b0a3acb04f06c3b0eace98ae6e99_/lib/python3.11/site-packages/jedi/third_party/django-stubs/django-stubs/contrib/flatpages/__init__.pyi	UNTRACKED		PROTECTED
final_report_files/snakemake-last-mile-tutorial/.snakemake/conda/aa53b0a3acb04f06c3b0eace98ae6e99_/lib/python3.11/site-packages/jedi/third_party/django-stubs/django-stubs/contrib/flatpages/templatetags/__init__.pyi	UNTRACKED		PROTECTED
final_report_files/snakemake-last-mile-tutorial/.snakemake/conda/aa53b0a3acb04f06c3b0eace98ae6e99_/lib/python3.11/site-packages/jedi/third_party/django-stubs/django-stubs/contrib/gis/__init__.pyi	UNTRACKED		PROTECTED
final_report_files/snakemake-last-mile-tutorial/.snakemake/conda/aa53b0a3acb04f06c3b0eace98ae6e99_/lib/python3.11/site-packages/jedi/third_party/django-stubs/django-stubs/contrib/gis/db/__init__.pyi	UNTRACKED		PROTECTED
final_report_files/snakemake-last-mile-tutorial/.snakemake/conda/aa53b0a3acb04f06c3b0eace98ae6e99_/lib/python3.11/site-packages/jedi/third_party/django-stubs/django-stubs/contrib/humanize/__init__.pyi	UNTRACKED		PROTECTED
final_report_files/snakemake-last-mile-tutorial/.snakemake/conda/aa53b0a3acb04f06c3b0eace98ae6e99_/lib/python3.11/site-packages/jedi/third_party/django-stubs/django-stubs/contrib/humanize/templatetags/__init__.pyi	UNTRACKED		PROTECTED
final_report_files/snakemake-last-mile-tutorial/.snakemake/conda/aa53b0a3acb04f06c3b0eace98ae6e99_/lib/python3.11/site-packages/jedi/third_party/django-stubs/django-stubs/contrib/postgres/__init__.pyi	UNTRACKED		PROTECTED
final_report_files/snakemake-last-mile-tutorial/.snakemake/conda/aa53b0a3acb04f06c3b0eace98ae6e99_/lib/python3.11/site-packages/jedi/third_party/django-stubs/django-stubs/contrib/redirects/__init__.pyi	UNTRACKED		PROTECTED
final_report_files/snakemake-last-mile-tutorial/.snakemake/conda/aa53b0a3acb04f06c3b0eace98ae6e99_/lib/python3.11/site-packages/jedi/third_party/django-stubs/django-stubs/contrib/sessions/__init__.pyi	UNTRACKED		PROTECTED
final_report_files/snakemake-last-mile-tutorial/.snakemake/conda/aa53b0a3acb04f06c3b0eace98ae6e99_/lib/python3.11/site-packages/jedi/third_party/django-stubs/django-stubs/contrib/sessions/backends/__init__.pyi	UNTRACKED		PROTECTED
final_report_files/snakemake-last-mile-tutorial/.snakemake/conda/aa53b0a3acb04f06c3b0eace98ae6e99_/lib/python3.11/site-packages/jedi/third_party/django-stubs/django-stubs/contrib/sessions/management/__init__.pyi	UNTRACKED		PROTECTED
final_report_files/snakemake-last-mile-tutorial/.snakemake/conda/aa53b0a3acb04f06c3b0eace98ae6e99_/lib/python3.11/site-packages/jedi/third_party/django-stubs/django-stubs/contrib/sessions/management/commands/__init__.pyi	UNTRACKED		PROTECTED
final_report_files/snakemake-last-mile-tutorial/.snakemake/conda/aa53b0a3acb04f06c3b0eace98ae6e99_/lib/python3.11/site-packages/jedi/third_party/django-stubs/django-stubs/contrib/sitemaps/management/__init__.pyi	UNTRACKED		PROTECTED
final_report_files/snakemake-last-mile-tutorial/.snakemake/conda/aa53b0a3acb04f06c3b0eace98ae6e99_/lib/python3.11/site-packages/jedi/third_party/django-stubs/django-stubs/contrib/sitemaps/management/commands/__init__.pyi	UNTRACKED		PROTECTED
final_report_files/snakemake-last-mile-tutorial/.snakemake/conda/aa53b0a3acb04f06c3b0eace98ae6e99_/lib/python3.11/site-packages/jedi/third_party/django-stubs/django-stubs/contrib/sites/__init__.pyi	UNTRACKED		PROTECTED
final_report_files/snakemake-last-mile-tutorial/.snakemake/conda/aa53b0a3acb04f06c3b0eace98ae6e99_/lib/python3.11/site-packages/jedi/third_party/django-stubs/django-stubs/contrib/staticfiles/__init__.pyi	UNTRACKED		PROTECTED
final_report_files/snakemake-last-mile-tutorial/.snakemake/conda/aa53b0a3acb04f06c3b0eace98ae6e99_/lib/python3.11/site-packages/jedi/third_party/django-stubs/django-stubs/contrib/staticfiles/management/__init__.pyi	UNTRACKED		PROTECTED
final_report_files/snakemake-last-mile-tutorial/.snakemake/conda/aa53b0a3acb04f06c3b0eace98ae6e99_/lib/python3.11/site-packages/jedi/third_party/django-stubs/django-stubs/contrib/staticfiles/management/commands/__init__.pyi	UNTRACKED		PROTECTED
final_report_files/snakemake-last-mile-tutorial/.snakemake/conda/aa53b0a3acb04f06c3b0eace98ae6e99_/lib/python3.11/site-packages/jedi/third_party/django-stubs/django-stubs/contrib/staticfiles/templatetags/__init__.pyi	UNTRACKED		PROTECTED
final_report_files/snakemake-last-mile-tutorial/.snakemake/conda/aa53b0a3acb04f06c3b0eace98ae6e99_/lib/python3.11/site-packages/jedi/third_party/django-stubs/django-stubs/contrib/syndication/__init__.pyi	UNTRACKED		PROTECTED
final_report_files/snakemake-last-mile-tutorial/.snakemake/conda/aa53b0a3acb04f06c3b0eace98ae6e99_/lib/python3.11/site-packages/jedi/third_party/django-stubs/django-stubs/core/__init__.pyi	UNTRACKED		PROTECTED
final_report_files/snakemake-last-mile-tutorial/.snakemake/conda/aa53b0a3acb04f06c3b0eace98ae6e99_/lib/python3.11/site-packages/jedi/third_party/django-stubs/django-stubs/core/cache/backends/__init__.pyi	UNTRACKED		PROTECTED
final_report_files/snakemake-last-mile-tutorial/.snakemake/conda/aa53b0a3acb04f06c3b0eace98ae6e99_/lib/python3.11/site-packages/jedi/third_party/django-stubs/django-stubs/core/checks/security/__init__.pyi	UNTRACKED		PROTECTED
final_report_files/snakemake-last-mile-tutorial/.snakemake/conda/aa53b0a3acb04f06c3b0eace98ae6e99_/lib/python3.11/site-packages/jedi/third_party/django-stubs/django-stubs/core/handlers/__init__.pyi	UNTRACKED		PROTECTED
final_report_files/snakemake-last-mile-tutorial/.snakemake/conda/aa53b0a3acb04f06c3b0eace98ae6e99_/lib/python3.11/site-packages/jedi/third_party/django-stubs/django-stubs/core/mail/backends/__init__.pyi	UNTRACKED		PROTECTED
final_report_files/snakemake-last-mile-tutorial/.snakemake/conda/aa53b0a3acb04f06c3b0eace98ae6e99_/lib/python3.11/site-packages/jedi/third_party/django-stubs/django-stubs/core/management/commands/__init__.pyi	UNTRACKED		PROTECTED
final_report_files/snakemake-last-mile-tutorial/.snakemake/conda/aa53b0a3acb04f06c3b0eace98ae6e99_/lib/python3.11/site-packages/jedi/third_party/django-stubs/django-stubs/core/servers/__init__.pyi	UNTRACKED		PROTECTED
final_report_files/snakemake-last-mile-tutorial/.snakemake/conda/aa53b0a3acb04f06c3b0eace98ae6e99_/lib/python3.11/site-packages/jedi/third_party/django-stubs/django-stubs/db/backends/__init__.pyi	UNTRACKED		PROTECTED
final_report_files/snakemake-last-mile-tutorial/.snakemake/conda/aa53b0a3acb04f06c3b0eace98ae6e99_/lib/python3.11/site-packages/jedi/third_party/django-stubs/django-stubs/db/backends/base/__init__.pyi	UNTRACKED		PROTECTED
final_report_files/snakemake-last-mile-tutorial/.snakemake/conda/aa53b0a3acb04f06c3b0eace98ae6e99_/lib/python3.11/site-packages/jedi/third_party/django-stubs/django-stubs/db/backends/dummy/__init__.pyi	UNTRACKED		PROTECTED
final_report_files/snakemake-last-mile-tutorial/.snakemake/conda/aa53b0a3acb04f06c3b0eace98ae6e99_/lib/python3.11/site-packages/jedi/third_party/django-stubs/django-stubs/db/backends/mysql/__init__.pyi	UNTRACKED		PROTECTED
final_report_files/snakemake-last-mile-tutorial/.snakemake/conda/aa53b0a3acb04f06c3b0eace98ae6e99_/lib/python3.11/site-packages/jedi/third_party/django-stubs/django-stubs/db/backends/postgresql/__init__.pyi	UNTRACKED		PROTECTED
final_report_files/snakemake-last-mile-tutorial/.snakemake/conda/aa53b0a3acb04f06c3b0eace98ae6e99_/lib/python3.11/site-packages/jedi/third_party/django-stubs/django-stubs/db/backends/sqlite3/__init__.pyi	UNTRACKED		PROTECTED
final_report_files/snakemake-last-mile-tutorial/.snakemake/conda/aa53b0a3acb04f06c3b0eace98ae6e99_/lib/python3.11/site-packages/jedi/third_party/django-stubs/django-stubs/middleware/__init__.pyi	UNTRACKED		PROTECTED
final_report_files/snakemake-last-mile-tutorial/.snakemake/conda/aa53b0a3acb04f06c3b0eace98ae6e99_/lib/python3.11/site-packages/jedi/third_party/django-stubs/django-stubs/template/backends/__init__.pyi	UNTRACKED		PROTECTED
final_report_files/snakemake-last-mile-tutorial/.snakemake/conda/aa53b0a3acb04f06c3b0eace98ae6e99_/lib/python3.11/site-packages/jedi/third_party/django-stubs/django-stubs/template/loaders/__init__.pyi	UNTRACKED		PROTECTED
final_report_files/snakemake-last-mile-tutorial/.snakemake/conda/aa53b0a3acb04f06c3b0eace98ae6e99_/lib/python3.11/site-packages/jedi/third_party/django-stubs/django-stubs/templatetags/__init__.pyi	UNTRACKED		PROTECTED
final_report_files/snakemake-last-mile-tutorial/.snakemake/conda/aa53b0a3acb04f06c3b0eace98ae6e99_/lib/python3.11/site-packages/jedi/third_party/django-stubs/django-stubs/utils/__init__.pyi	UNTRACKED		PROTECTED
final_report_files/snakemake-last-mile-tutorial/.snakemake/conda/aa53b0a3acb04f06c3b0eace98ae6e99_/lib/python3.11/site-packages/jedi/third_party/django-stubs/django-stubs/views/decorators/__init__.pyi	UNTRACKED		PROTECTED
final_report_files/snakemake-last-mile-tutorial/.snakemake/conda/aa53b0a3acb04f06c3b0eace98ae6e99_/lib/python3.11/site-packages/jedi/third_party/typeshed/stdlib/compression/__init__.pyi	UNTRACKED		PROTECTED
final_report_files/snakemake-last-mile-tutorial/.snakemake/conda/aa53b0a3acb04f06c3b0eace98ae6e99_/lib/python3.11/site-packages/jedi/third_party/typeshed/stdlib/compression/_common/__init__.pyi	UNTRACKED		PROTECTED
final_report_files/snakemake-last-mile-tutorial/.snakemake/conda/aa53b0a3acb04f06c3b0eace98ae6e99_/lib/python3.11/site-packages/jedi/third_party/typeshed/stdlib/concurrent/__init__.pyi	UNTRACKED		PROTECTED
final_report_files/snakemake-last-mile-tutorial/.snakemake/conda/aa53b0a3acb04f06c3b0eace98ae6e99_/lib/python3.11/site-packages/jedi/third_party/typeshed/stdlib/distutils/command/bdist_packager.pyi	UNTRACKED		PROTECTED
final_report_files/snakemake-last-mile-tutorial/.snakemake/conda/aa53b0a3acb04f06c3b0eace98ae6e99_/lib/python3.11/site-packages/jedi/third_party/typeshed/stdlib/email/mime/__init__.pyi	UNTRACKED		PROTECTED
final_report_files/snakemake-last-mile-tutorial/.snakemake/conda/aa53b0a3acb04f06c3b0eace98ae6e99_/lib/python3.11/site-packages/jedi/third_party/typeshed/stdlib/lib2to3/__init__.pyi	UNTRACKED		PROTECTED
final_report_files/snakemake-last-mile-tutorial/.snakemake/conda/aa53b0a3acb04f06c3b0eace98ae6e99_/lib/python3.11/site-packages/jedi/third_party/typeshed/stdlib/lib2to3/fixes/__init__.pyi	UNTRACKED		PROTECTED
final_report_files/snakemake-last-mile-tutorial/.snakemake/conda/aa53b0a3acb04f06c3b0eace98ae6e99_/lib/python3.11/site-packages/jedi/third_party/typeshed/stdlib/pydoc_data/__init__.pyi	UNTRACKED		PROTECTED
final_report_files/snakemake-last-mile-tutorial/.snakemake/conda/aa53b0a3acb04f06c3b0eace98ae6e99_/lib/python3.11/site-packages/jedi/third_party/typeshed/stdlib/urllib/__init__.pyi	UNTRACKED		PROTECTED
final_report_files/snakemake-last-mile-tutorial/.snakemake/conda/aa53b0a3acb04f06c3b0eace98ae6e99_/lib/python3.11/site-packages/jedi/third_party/typeshed/stdlib/wsgiref/__init__.pyi	UNTRACKED		PROTECTED
final_report_files/snakemake-last-mile-tutorial/.snakemake/conda/aa53b0a3acb04f06c3b0eace98ae6e99_/lib/python3.11/site-packages/jedi/third_party/typeshed/stdlib/xml/etree/__init__.pyi	UNTRACKED		PROTECTED
final_report_files/snakemake-last-mile-tutorial/.snakemake/conda/aa53b0a3acb04f06c3b0eace98ae6e99_/lib/python3.11/site-packages/jedi/third_party/typeshed/stdlib/xmlrpc/__init__.pyi	UNTRACKED		PROTECTED
final_report_files/snakemake-last-mile-tutorial/.snakemake/conda/aa53b0a3acb04f06c3b0eace98ae6e99_/lib/python3.11/site-packages/jedi/third_party/typeshed/stubs/Authlib/authlib/common/__init__.pyi	UNTRACKED		PROTECTED
final_report_files/snakemake-last-mile-tutorial/.snakemake/conda/aa53b0a3acb04f06c3b0eace98ae6e99_/lib/python3.11/site-packages/jedi/third_party/typeshed/stubs/Authlib/authlib/integrations/__init__.pyi	UNTRACKED		PROTECTED
final_report_files/snakemake-last-mile-tutorial/.snakemake/conda/aa53b0a3acb04f06c3b0eace98ae6e99_/lib/python3.11/site-packages/jedi/third_party/typeshed/stubs/Authlib/authlib/oauth2/rfc8693/__init__.pyi	UNTRACKED		PROTECTED
final_report_files/snakemake-last-mile-tutorial/.snakemake/conda/aa53b0a3acb04f06c3b0eace98ae6e99_/lib/python3.11/site-packages/jedi/third_party/typeshed/stubs/Authlib/authlib/oidc/__init__.pyi	UNTRACKED		PROTECTED
final_report_files/snakemake-last-mile-tutorial/.snakemake/conda/aa53b0a3acb04f06c3b0eace98ae6e99_/lib/python3.11/site-packages/jedi/third_party/typeshed/stubs/Jetson.GPIO/Jetson/__init__.pyi	UNTRACKED		PROTECTED
final_report_files/snakemake-last-mile-tutorial/.snakemake/conda/aa53b0a3acb04f06c3b0eace98ae6e99_/lib/python3.11/site-packages/jedi/third_party/typeshed/stubs/PyMeeus/pymeeus/__init__.pyi	UNTRACKED		PROTECTED
final_report_files/snakemake-last-mile-tutorial/.snakemake/conda/aa53b0a3acb04f06c3b0eace98ae6e99_/lib/python3.11/site-packages/jedi/third_party/typeshed/stubs/PyMySQL/pymysql/constants/__init__.pyi	UNTRACKED		PROTECTED
final_report_files/snakemake-last-mile-tutorial/.snakemake/conda/aa53b0a3acb04f06c3b0eace98ae6e99_/lib/python3.11/site-packages/jedi/third_party/typeshed/stubs/RPi.GPIO/RPi/__init__.pyi	UNTRACKED		PROTECTED
final_report_files/snakemake-last-mile-tutorial/.snakemake/conda/aa53b0a3acb04f06c3b0eace98ae6e99_/lib/python3.11/site-packages/jedi/third_party/typeshed/stubs/WTForms/wtforms/csrf/__init__.pyi	UNTRACKED		PROTECTED
final_report_files/snakemake-last-mile-tutorial/.snakemake/conda/aa53b0a3acb04f06c3b0eace98ae6e99_/lib/python3.11/site-packages/jedi/third_party/typeshed/stubs/antlr4-python3-runtime/antlr4/atn/__init__.pyi	UNTRACKED		PROTECTED
final_report_files/snakemake-last-mile-tutorial/.snakemake/conda/aa53b0a3acb04f06c3b0eace98ae6e99_/lib/python3.11/site-packages/jedi/third_party/typeshed/stubs/antlr4-python3-runtime/antlr4/dfa/__init__.pyi	UNTRACKED		PROTECTED
final_report_files/snakemake-last-mile-tutorial/.snakemake/conda/aa53b0a3acb04f06c3b0eace98ae6e99_/lib/python3.11/site-packages/jedi/third_party/typeshed/stubs/antlr4-python3-runtime/antlr4/error/__init__.pyi	UNTRACKED		PROTECTED
final_report_files/snakemake-last-mile-tutorial/.snakemake/conda/aa53b0a3acb04f06c3b0eace98ae6e99_/lib/python3.11/site-packages/jedi/third_party/typeshed/stubs/antlr4-python3-runtime/antlr4/tree/__init__.pyi	UNTRACKED		PROTECTED
final_report_files/snakemake-last-mile-tutorial/.snakemake/conda/aa53b0a3acb04f06c3b0eace98ae6e99_/lib/python3.11/site-packages/jedi/third_party/typeshed/stubs/antlr4-python3-runtime/antlr4/xpath/__init__.pyi	UNTRACKED		PROTECTED
final_report_files/snakemake-last-mile-tutorial/.snakemake/conda/aa53b0a3acb04f06c3b0eace98ae6e99_/lib/python3.11/site-packages/jedi/third_party/typeshed/stubs/aws-xray-sdk/aws_xray_sdk/core/emitters/__init__.pyi	UNTRACKED		PROTECTED
final_report_files/snakemake-last-mile-tutorial/.snakemake/conda/aa53b0a3acb04f06c3b0eace98ae6e99_/lib/python3.11/site-packages/jedi/third_party/typeshed/stubs/aws-xray-sdk/aws_xray_sdk/core/exceptions/__init__.pyi	UNTRACKED		PROTECTED
final_report_files/snakemake-last-mile-tutorial/.snakemake/conda/aa53b0a3acb04f06c3b0eace98ae6e99_/lib/python3.11/site-packages/jedi/third_party/typeshed/stubs/aws-xray-sdk/aws_xray_sdk/core/models/__init__.pyi	UNTRACKED		PROTECTED
final_report_files/snakemake-last-mile-tutorial/.snakemake/conda/aa53b0a3acb04f06c3b0eace98ae6e99_/lib/python3.11/site-packages/jedi/third_party/typeshed/stubs/aws-xray-sdk/aws_xray_sdk/core/plugins/__init__.pyi	UNTRACKED		PROTECTED
final_report_files/snakemake-last-mile-tutorial/.snakemake/conda/aa53b0a3acb04f06c3b0eace98ae6e99_/lib/python3.11/site-packages/jedi/third_party/typeshed/stubs/aws-xray-sdk/aws_xray_sdk/core/sampling/__init__.pyi	UNTRACKED		PROTECTED
final_report_files/snakemake-last-mile-tutorial/.snakemake/conda/aa53b0a3acb04f06c3b0eace98ae6e99_/lib/python3.11/site-packages/jedi/third_party/typeshed/stubs/aws-xray-sdk/aws_xray_sdk/core/sampling/local/__init__.pyi	UNTRACKED		PROTECTED
final_report_files/snakemake-last-mile-tutorial/.snakemake/conda/aa53b0a3acb04f06c3b0eace98ae6e99_/lib/python3.11/site-packages/jedi/third_party/typeshed/stubs/aws-xray-sdk/aws_xray_sdk/core/streaming/__init__.pyi	UNTRACKED		PROTECTED
final_report_files/snakemake-last-mile-tutorial/.snakemake/conda/aa53b0a3acb04f06c3b0eace98ae6e99_/lib/python3.11/site-packages/jedi/third_party/typeshed/stubs/aws-xray-sdk/aws_xray_sdk/core/utils/__init__.pyi	UNTRACKED		PROTECTED
final_report_files/snakemake-last-mile-tutorial/.snakemake/conda/aa53b0a3acb04f06c3b0eace98ae6e99_/lib/python3.11/site-packages/jedi/third_party/typeshed/stubs/aws-xray-sdk/aws_xray_sdk/ext/__init__.pyi	UNTRACKED		PROTECTED
final_report_files/snakemake-last-mile-tutorial/.snakemake/conda/aa53b0a3acb04f06c3b0eace98ae6e99_/lib/python3.11/site-packages/jedi/third_party/typeshed/stubs/aws-xray-sdk/aws_xray_sdk/ext/aiohttp/__init__.pyi	UNTRACKED		PROTECTED
final_report_files/snakemake-last-mile-tutorial/.snakemake/conda/aa53b0a3acb04f06c3b0eace98ae6e99_/lib/python3.11/site-packages/jedi/third_party/typeshed/stubs/aws-xray-sdk/aws_xray_sdk/ext/bottle/__init__.pyi	UNTRACKED		PROTECTED
final_report_files/snakemake-last-mile-tutorial/.snakemake/conda/aa53b0a3acb04f06c3b0eace98ae6e99_/lib/python3.11/site-packages/jedi/third_party/typeshed/stubs/aws-xray-sdk/aws_xray_sdk/ext/flask/__init__.pyi	UNTRACKED		PROTECTED
final_report_files/snakemake-last-mile-tutorial/.snakemake/conda/aa53b0a3acb04f06c3b0eace98ae6e99_/lib/python3.11/site-packages/jedi/third_party/typeshed/stubs/aws-xray-sdk/aws_xray_sdk/ext/flask_sqlalchemy/__init__.pyi	UNTRACKED		PROTECTED
final_report_files/snakemake-last-mile-tutorial/.snakemake/conda/aa53b0a3acb04f06c3b0eace98ae6e99_/lib/python3.11/site-packages/jedi/third_party/typeshed/stubs/aws-xray-sdk/aws_xray_sdk/ext/sqlalchemy/__init__.pyi	UNTRACKED		PROTECTED
final_report_files/snakemake-last-mile-tutorial/.snakemake/conda/aa53b0a3acb04f06c3b0eace98ae6e99_/lib/python3.11/site-packages/jedi/third_party/typeshed/stubs/aws-xray-sdk/aws_xray_sdk/ext/sqlalchemy/util/__init__.pyi	UNTRACKED		PROTECTED
final_report_files/snakemake-last-mile-tutorial/.snakemake/conda/aa53b0a3acb04f06c3b0eace98ae6e99_/lib/python3.11/site-packages/jedi/third_party/typeshed/stubs/boltons/boltons/__init__.pyi	UNTRACKED		PROTECTED
final_report_files/snakemake-last-mile-tutorial/.snakemake/conda/aa53b0a3acb04f06c3b0eace98ae6e99_/lib/python3.11/site-packages/jedi/third_party/typeshed/stubs/braintree/braintree/test/__init__.pyi	UNTRACKED		PROTECTED
final_report_files/snakemake-last-mile-tutorial/.snakemake/conda/aa53b0a3acb04f06c3b0eace98ae6e99_/lib/python3.11/site-packages/jedi/third_party/typeshed/stubs/channels/channels/generic/__init__.pyi	UNTRACKED		PROTECTED
final_report_files/snakemake-last-mile-tutorial/.snakemake/conda/aa53b0a3acb04f06c3b0eace98ae6e99_/lib/python3.11/site-packages/jedi/third_party/typeshed/stubs/channels/channels/management/__init__.pyi	UNTRACKED		PROTECTED
final_report_files/snakemake-last-mile-tutorial/.snakemake/conda/aa53b0a3acb04f06c3b0eace98ae6e99_/lib/python3.11/site-packages/jedi/third_party/typeshed/stubs/channels/channels/management/commands/__init__.pyi	UNTRACKED		PROTECTED
final_report_files/snakemake-last-mile-tutorial/.snakemake/conda/aa53b0a3acb04f06c3b0eace98ae6e99_/lib/python3.11/site-packages/jedi/third_party/typeshed/stubs/channels/channels/security/__init__.pyi	UNTRACKED		PROTECTED
final_report_files/snakemake-last-mile-tutorial/.snakemake/conda/aa53b0a3acb04f06c3b0eace98ae6e99_/lib/python3.11/site-packages/jedi/third_party/typeshed/stubs/click-web/click_web/resources/__init__.pyi	UNTRACKED		PROTECTED
final_report_files/snakemake-last-mile-tutorial/.snakemake/conda/aa53b0a3acb04f06c3b0eace98ae6e99_/lib/python3.11/site-packages/jedi/third_party/typeshed/stubs/colorful/colorful/__init__.pyi	UNTRACKED		PROTECTED
final_report_files/snakemake-last-mile-tutorial/.snakemake/conda/aa53b0a3acb04f06c3b0eace98ae6e99_/lib/python3.11/site-packages/jedi/third_party/typeshed/stubs/console-menu/consolemenu/validators/__init__.pyi	UNTRACKED		PROTECTED
final_report_files/snakemake-last-mile-tutorial/.snakemake/conda/aa53b0a3acb04f06c3b0eace98ae6e99_/lib/python3.11/site-packages/jedi/third_party/typeshed/stubs/console-menu/consolemenu/version.pyi	UNTRACKED		PROTECTED
final_report_files/snakemake-last-mile-tutorial/.snakemake/conda/aa53b0a3acb04f06c3b0eace98ae6e99_/lib/python3.11/site-packages/jedi/third_party/typeshed/stubs/convertdate/convertdate/data/__init__.pyi	UNTRACKED		PROTECTED
final_report_files/snakemake-last-mile-tutorial/.snakemake/conda/aa53b0a3acb04f06c3b0eace98ae6e99_/lib/python3.11/site-packages/jedi/third_party/typeshed/stubs/dateparser/dateparser/custom_language_detection/__init__.pyi	UNTRACKED		PROTECTED
final_report_files/snakemake-last-mile-tutorial/.snakemake/conda/aa53b0a3acb04f06c3b0eace98ae6e99_/lib/python3.11/site-packages/jedi/third_party/typeshed/stubs/dateparser/dateparser_data/__init__.pyi	UNTRACKED		PROTECTED
final_report_files/snakemake-last-mile-tutorial/.snakemake/conda/aa53b0a3acb04f06c3b0eace98ae6e99_/lib/python3.11/site-packages/jedi/third_party/typeshed/stubs/django-import-export/import_export/formats/__init__.pyi	UNTRACKED		PROTECTED
final_report_files/snakemake-last-mile-tutorial/.snakemake/conda/aa53b0a3acb04f06c3b0eace98ae6e99_/lib/python3.11/site-packages/jedi/third_party/typeshed/stubs/django-import-export/import_export/templatetags/__init__.pyi	UNTRACKED		PROTECTED
final_report_files/snakemake-last-mile-tutorial/.snakemake/conda/aa53b0a3acb04f06c3b0eace98ae6e99_/lib/python3.11/site-packages/jedi/third_party/typeshed/stubs/django-import-export/management/__init__.pyi	UNTRACKED		PROTECTED
final_report_files/snakemake-last-mile-tutorial/.snakemake/conda/aa53b0a3acb04f06c3b0eace98ae6e99_/lib/python3.11/site-packages/jedi/third_party/typeshed/stubs/django-import-export/management/commands/__init__.pyi	UNTRACKED		PROTECTED
final_report_files/snakemake-last-mile-tutorial/.snakemake/conda/aa53b0a3acb04f06c3b0eace98ae6e99_/lib/python3.11/site-packages/jedi/third_party/typeshed/stubs/docker/docker/models/__init__.pyi	UNTRACKED		PROTECTED
final_report_files/snakemake-last-mile-tutorial/.snakemake/conda/aa53b0a3acb04f06c3b0eace98ae6e99_/lib/python3.11/site-packages/jedi/third_party/typeshed/stubs/flake8-simplify/flake8_simplify/rules/__init__.pyi	UNTRACKED		PROTECTED
final_report_files/snakemake-last-mile-tutorial/.snakemake/conda/aa53b0a3acb04f06c3b0eace98ae6e99_/lib/python3.11/site-packages/jedi/third_party/typeshed/stubs/flake8/flake8/api/__init__.pyi	UNTRACKED		PROTECTED
final_report_files/snakemake-last-mile-tutorial/.snakemake/conda/aa53b0a3acb04f06c3b0eace98ae6e99_/lib/python3.11/site-packages/jedi/third_party/typeshed/stubs/flake8/flake8/formatting/__init__.pyi	UNTRACKED		PROTECTED
final_report_files/snakemake-last-mile-tutorial/.snakemake/conda/aa53b0a3acb04f06c3b0eace98ae6e99_/lib/python3.11/site-packages/jedi/third_party/typeshed/stubs/flake8/flake8/main/__init__.pyi	UNTRACKED		PROTECTED
final_report_files/snakemake-last-mile-tutorial/.snakemake/conda/aa53b0a3acb04f06c3b0eace98ae6e99_/lib/python3.11/site-packages/jedi/third_party/typeshed/stubs/flake8/flake8/options/__init__.pyi	UNTRACKED		PROTECTED
final_report_files/snakemake-last-mile-tutorial/.snakemake/conda/aa53b0a3acb04f06c3b0eace98ae6e99_/lib/python3.11/site-packages/jedi/third_party/typeshed/stubs/flake8/flake8/plugins/__init__.pyi	UNTRACKED		PROTECTED
final_report_files/snakemake-last-mile-tutorial/.snakemake/conda/aa53b0a3acb04f06c3b0eace98ae6e99_/lib/python3.11/site-packages/jedi/third_party/typeshed/stubs/gevent/gevent/_ffi/__init__.pyi	UNTRACKED		PROTECTED
final_report_files/snakemake-last-mile-tutorial/.snakemake/conda/aa53b0a3acb04f06c3b0eace98ae6e99_/lib/python3.11/site-packages/jedi/third_party/typeshed/stubs/grpcio-channelz/grpc_channelz/__init__.pyi	UNTRACKED		PROTECTED
final_report_files/snakemake-last-mile-tutorial/.snakemake/conda/aa53b0a3acb04f06c3b0eace98ae6e99_/lib/python3.11/site-packages/jedi/third_party/typeshed/stubs/grpcio-channelz/grpc_channelz/v1/__init__.pyi	UNTRACKED		PROTECTED
final_report_files/snakemake-last-mile-tutorial/.snakemake/conda/aa53b0a3acb04f06c3b0eace98ae6e99_/lib/python3.11/site-packages/jedi/third_party/typeshed/stubs/grpcio-health-checking/grpc_health/__init__.pyi	UNTRACKED		PROTECTED
final_report_files/snakemake-last-mile-tutorial/.snakemake/conda/aa53b0a3acb04f06c3b0eace98ae6e99_/lib/python3.11/site-packages/jedi/third_party/typeshed/stubs/grpcio-health-checking/grpc_health/v1/__init__.pyi	UNTRACKED		PROTECTED
final_report_files/snakemake-last-mile-tutorial/.snakemake/conda/aa53b0a3acb04f06c3b0eace98ae6e99_/lib/python3.11/site-packages/jedi/third_party/typeshed/stubs/grpcio-reflection/grpc_reflection/__init__.pyi	UNTRACKED		PROTECTED
final_report_files/snakemake-last-mile-tutorial/.snakemake/conda/aa53b0a3acb04f06c3b0eace98ae6e99_/lib/python3.11/site-packages/jedi/third_party/typeshed/stubs/grpcio-reflection/grpc_reflection/v1alpha/__init__.pyi	UNTRACKED		PROTECTED
final_report_files/snakemake-last-mile-tutorial/.snakemake/conda/aa53b0a3acb04f06c3b0eace98ae6e99_/lib/python3.11/site-packages/jedi/third_party/typeshed/stubs/grpcio-status/grpc_status/__init__.pyi	UNTRACKED		PROTECTED
final_report_files/snakemake-last-mile-tutorial/.snakemake/conda/aa53b0a3acb04f06c3b0eace98ae6e99_/lib/python3.11/site-packages/jedi/third_party/typeshed/stubs/gunicorn/gunicorn/app/__init__.pyi	UNTRACKED		PROTECTED
final_report_files/snakemake-last-mile-tutorial/.snakemake/conda/aa53b0a3acb04f06c3b0eace98ae6e99_/lib/python3.11/site-packages/jedi/third_party/typeshed/stubs/gunicorn/gunicorn/instrument/__init__.pyi	UNTRACKED		PROTECTED
final_report_files/snakemake-last-mile-tutorial/.snakemake/conda/aa53b0a3acb04f06c3b0eace98ae6e99_/lib/python3.11/site-packages/jedi/third_party/typeshed/stubs/html5lib/html5lib/filters/__init__.pyi	UNTRACKED		PROTECTED
final_report_files/snakemake-last-mile-tutorial/.snakemake/conda/aa53b0a3acb04f06c3b0eace98ae6e99_/lib/python3.11/site-packages/jedi/third_party/typeshed/stubs/hvac/hvac/constants/__init__.pyi	UNTRACKED		PROTECTED
final_report_files/snakemake-last-mile-tutorial/.snakemake/conda/aa53b0a3acb04f06c3b0eace98ae6e99_/lib/python3.11/site-packages/jedi/third_party/typeshed/stubs/jwcrypto/jwcrypto/__init__.pyi	UNTRACKED		PROTECTED
final_report_files/snakemake-last-mile-tutorial/.snakemake/conda/aa53b0a3acb04f06c3b0eace98ae6e99_/lib/python3.11/site-packages/jedi/third_party/typeshed/stubs/ldap3/ldap3/core/__init__.pyi	UNTRACKED		PROTECTED
final_report_files/snakemake-last-mile-tutorial/.snakemake/conda/aa53b0a3acb04f06c3b0eace98ae6e99_/lib/python3.11/site-packages/jedi/third_party/typeshed/stubs/ldap3/ldap3/extend/microsoft/__init__.pyi	UNTRACKED		PROTECTED
final_report_files/snakemake-last-mile-tutorial/.snakemake/conda/aa53b0a3acb04f06c3b0eace98ae6e99_/lib/python3.11/site-packages/jedi/third_party/typeshed/stubs/ldap3/ldap3/extend/novell/__init__.pyi	UNTRACKED		PROTECTED
final_report_files/snakemake-last-mile-tutorial/.snakemake/conda/aa53b0a3acb04f06c3b0eace98ae6e99_/lib/python3.11/site-packages/jedi/third_party/typeshed/stubs/ldap3/ldap3/extend/standard/__init__.pyi	UNTRACKED		PROTECTED
final_report_files/snakemake-last-mile-tutorial/.snakemake/conda/aa53b0a3acb04f06c3b0eace98ae6e99_/lib/python3.11/site-packages/jedi/third_party/typeshed/stubs/ldap3/ldap3/operation/__init__.pyi	UNTRACKED		PROTECTED
final_report_files/snakemake-last-mile-tutorial/.snakemake/conda/aa53b0a3acb04f06c3b0eace98ae6e99_/lib/python3.11/site-packages/jedi/third_party/typeshed/stubs/ldap3/ldap3/protocol/__init__.pyi	UNTRACKED		PROTECTED
final_report_files/snakemake-last-mile-tutorial/.snakemake/conda/aa53b0a3acb04f06c3b0eace98ae6e99_/lib/python3.11/site-packages/jedi/third_party/typeshed/stubs/ldap3/ldap3/protocol/formatters/__init__.pyi	UNTRACKED		PROTECTED
final_report_files/snakemake-last-mile-tutorial/.snakemake/conda/aa53b0a3acb04f06c3b0eace98ae6e99_/lib/python3.11/site-packages/jedi/third_party/typeshed/stubs/ldap3/ldap3/protocol/sasl/__init__.pyi	UNTRACKED		PROTECTED
final_report_files/snakemake-last-mile-tutorial/.snakemake/conda/aa53b0a3acb04f06c3b0eace98ae6e99_/lib/python3.11/site-packages/jedi/third_party/typeshed/stubs/ldap3/ldap3/protocol/schemas/__init__.pyi	UNTRACKED		PROTECTED
final_report_files/snakemake-last-mile-tutorial/.snakemake/conda/aa53b0a3acb04f06c3b0eace98ae6e99_/lib/python3.11/site-packages/jedi/third_party/typeshed/stubs/ldap3/ldap3/strategy/__init__.pyi	UNTRACKED		PROTECTED
final_report_files/snakemake-last-mile-tutorial/.snakemake/conda/aa53b0a3acb04f06c3b0eace98ae6e99_/lib/python3.11/site-packages/jedi/third_party/typeshed/stubs/ldap3/ldap3/utils/__init__.pyi	UNTRACKED		PROTECTED
final_report_files/snakemake-last-mile-tutorial/.snakemake/conda/aa53b0a3acb04f06c3b0eace98ae6e99_/lib/python3.11/site-packages/jedi/third_party/typeshed/stubs/netaddr/netaddr/compat.pyi	UNTRACKED		PROTECTED
final_report_files/snakemake-last-mile-tutorial/.snakemake/conda/aa53b0a3acb04f06c3b0eace98ae6e99_/lib/python3.11/site-packages/jedi/third_party/typeshed/stubs/netaddr/netaddr/contrib/__init__.pyi	UNTRACKED		PROTECTED
final_report_files/snakemake-last-mile-tutorial/.snakemake/conda/aa53b0a3acb04f06c3b0eace98ae6e99_/lib/python3.11/site-packages/jedi/third_party/typeshed/stubs/oauthlib/oauthlib/openid/connect/__init__.pyi	UNTRACKED		PROTECTED
final_report_files/snakemake-last-mile-tutorial/.snakemake/conda/aa53b0a3acb04f06c3b0eace98ae6e99_/lib/python3.11/site-packages/jedi/third_party/typeshed/stubs/oauthlib/oauthlib/openid/connect/core/__init__.pyi	UNTRACKED		PROTECTED
final_report_files/snakemake-last-mile-tutorial/.snakemake/conda/aa53b0a3acb04f06c3b0eace98ae6e99_/lib/python3.11/site-packages/jedi/third_party/typeshed/stubs/openpyxl/openpyxl/packaging/__init__.pyi	UNTRACKED		PROTECTED
final_report_files/snakemake-last-mile-tutorial/.snakemake/conda/aa53b0a3acb04f06c3b0eace98ae6e99_/lib/python3.11/site-packages/jedi/third_party/typeshed/stubs/openpyxl/openpyxl/pivot/__init__.pyi	UNTRACKED		PROTECTED
final_report_files/snakemake-last-mile-tutorial/.snakemake/conda/aa53b0a3acb04f06c3b0eace98ae6e99_/lib/python3.11/site-packages/jedi/third_party/typeshed/stubs/openpyxl/openpyxl/reader/__init__.pyi	UNTRACKED		PROTECTED
final_report_files/snakemake-last-mile-tutorial/.snakemake/conda/aa53b0a3acb04f06c3b0eace98ae6e99_/lib/python3.11/site-packages/jedi/third_party/typeshed/stubs/openpyxl/openpyxl/worksheet/__init__.pyi	UNTRACKED		PROTECTED
final_report_files/snakemake-last-mile-tutorial/.snakemake/conda/aa53b0a3acb04f06c3b0eace98ae6e99_/lib/python3.11/site-packages/jedi/third_party/typeshed/stubs/openpyxl/openpyxl/writer/__init__.pyi	UNTRACKED		PROTECTED
final_report_files/snakemake-last-mile-tutorial/.snakemake/conda/aa53b0a3acb04f06c3b0eace98ae6e99_/lib/python3.11/site-packages/jedi/third_party/typeshed/stubs/opentracing/opentracing/ext/__init__.pyi	UNTRACKED		PROTECTED
final_report_files/snakemake-last-mile-tutorial/.snakemake/conda/aa53b0a3acb04f06c3b0eace98ae6e99_/lib/python3.11/site-packages/jedi/third_party/typeshed/stubs/opentracing/opentracing/harness/__init__.pyi	UNTRACKED		PROTECTED
final_report_files/snakemake-last-mile-tutorial/.snakemake/conda/aa53b0a3acb04f06c3b0eace98ae6e99_/lib/python3.11/site-packages/jedi/third_party/typeshed/stubs/peewee/playhouse/__init__.pyi	UNTRACKED		PROTECTED
final_report_files/snakemake-last-mile-tutorial/.snakemake/conda/aa53b0a3acb04f06c3b0eace98ae6e99_/lib/python3.11/site-packages/jedi/third_party/typeshed/stubs/pika/pika/adapters/utils/__init__.pyi	UNTRACKED		PROTECTED
final_report_files/snakemake-last-mile-tutorial/.snakemake/conda/aa53b0a3acb04f06c3b0eace98ae6e99_/lib/python3.11/site-packages/jedi/third_party/typeshed/stubs/pony/pony/flask/example/__init__.pyi	UNTRACKED		PROTECTED
final_report_files/snakemake-last-mile-tutorial/.snakemake/conda/aa53b0a3acb04f06c3b0eace98ae6e99_/lib/python3.11/site-packages/jedi/third_party/typeshed/stubs/pony/pony/orm/dbproviders/__init__.pyi	UNTRACKED		PROTECTED
final_report_files/snakemake-last-mile-tutorial/.snakemake/conda/aa53b0a3acb04f06c3b0eace98ae6e99_/lib/python3.11/site-packages/jedi/third_party/typeshed/stubs/pony/pony/orm/examples/__init__.pyi	UNTRACKED		PROTECTED
final_report_files/snakemake-last-mile-tutorial/.snakemake/conda/aa53b0a3acb04f06c3b0eace98ae6e99_/lib/python3.11/site-packages/jedi/third_party/typeshed/stubs/pony/pony/orm/integration/__init__.pyi	UNTRACKED		PROTECTED
final_report_files/snakemake-last-mile-tutorial/.snakemake/conda/aa53b0a3acb04f06c3b0eace98ae6e99_/lib/python3.11/site-packages/jedi/third_party/typeshed/stubs/pony/pony/thirdparty/__init__.pyi	UNTRACKED		PROTECTED
final_report_files/snakemake-last-mile-tutorial/.snakemake/conda/aa53b0a3acb04f06c3b0eace98ae6e99_/lib/python3.11/site-packages/jedi/third_party/typeshed/stubs/protobuf/google/protobuf/compiler/__init__.pyi	UNTRACKED		PROTECTED
final_report_files/snakemake-last-mile-tutorial/.snakemake/conda/aa53b0a3acb04f06c3b0eace98ae6e99_/lib/python3.11/site-packages/jedi/third_party/typeshed/stubs/protobuf/google/protobuf/internal/__init__.pyi	UNTRACKED		PROTECTED
final_report_files/snakemake-last-mile-tutorial/.snakemake/conda/aa53b0a3acb04f06c3b0eace98ae6e99_/lib/python3.11/site-packages/jedi/third_party/typeshed/stubs/protobuf/google/protobuf/internal/python_edition_defaults.pyi	UNTRACKED		PROTECTED
final_report_files/snakemake-last-mile-tutorial/.snakemake/conda/aa53b0a3acb04f06c3b0eace98ae6e99_/lib/python3.11/site-packages/jedi/third_party/typeshed/stubs/protobuf/google/protobuf/util/__init__.pyi	UNTRACKED		PROTECTED
final_report_files/snakemake-last-mile-tutorial/.snakemake/conda/aa53b0a3acb04f06c3b0eace98ae6e99_/lib/python3.11/site-packages/jedi/third_party/typeshed/stubs/pyasn1/pyasn1/codec/__init__.pyi	UNTRACKED		PROTECTED
final_report_files/snakemake-last-mile-tutorial/.snakemake/conda/aa53b0a3acb04f06c3b0eace98ae6e99_/lib/python3.11/site-packages/jedi/third_party/typeshed/stubs/pyasn1/pyasn1/codec/ber/__init__.pyi	UNTRACKED		PROTECTED
final_report_files/snakemake-last-mile-tutorial/.snakemake/conda/aa53b0a3acb04f06c3b0eace98ae6e99_/lib/python3.11/site-packages/jedi/third_party/typeshed/stubs/pyasn1/pyasn1/codec/cer/__init__.pyi	UNTRACKED		PROTECTED
final_report_files/snakemake-last-mile-tutorial/.snakemake/conda/aa53b0a3acb04f06c3b0eace98ae6e99_/lib/python3.11/site-packages/jedi/third_party/typeshed/stubs/pyasn1/pyasn1/codec/der/__init__.pyi	UNTRACKED		PROTECTED
final_report_files/snakemake-last-mile-tutorial/.snakemake/conda/aa53b0a3acb04f06c3b0eace98ae6e99_/lib/python3.11/site-packages/jedi/third_party/typeshed/stubs/pyasn1/pyasn1/codec/native/__init__.pyi	UNTRACKED		PROTECTED
final_report_files/snakemake-last-mile-tutorial/.snakemake/conda/aa53b0a3acb04f06c3b0eace98ae6e99_/lib/python3.11/site-packages/jedi/third_party/typeshed/stubs/pyasn1/pyasn1/compat/__init__.pyi	UNTRACKED		PROTECTED
final_report_files/snakemake-last-mile-tutorial/.snakemake/conda/aa53b0a3acb04f06c3b0eace98ae6e99_/lib/python3.11/site-packages/jedi/third_party/typeshed/stubs/pyasn1/pyasn1/type/__init__.pyi	UNTRACKED		PROTECTED
final_report_files/snakemake-last-mile-tutorial/.snakemake/conda/aa53b0a3acb04f06c3b0eace98ae6e99_/lib/python3.11/site-packages/jedi/third_party/typeshed/stubs/pyflakes/pyflakes/scripts/__init__.pyi	UNTRACKED		PROTECTED
final_report_files/snakemake-last-mile-tutorial/.snakemake/conda/aa53b0a3acb04f06c3b0eace98ae6e99_/lib/python3.11/site-packages/jedi/third_party/typeshed/stubs/pyinstaller/PyInstaller/depend/__init__.pyi	UNTRACKED		PROTECTED
final_report_files/snakemake-last-mile-tutorial/.snakemake/conda/aa53b0a3acb04f06c3b0eace98ae6e99_/lib/python3.11/site-packages/jedi/third_party/typeshed/stubs/pyinstaller/PyInstaller/lib/__init__.pyi	UNTRACKED		PROTECTED
final_report_files/snakemake-last-mile-tutorial/.snakemake/conda/aa53b0a3acb04f06c3b0eace98ae6e99_/lib/python3.11/site-packages/jedi/third_party/typeshed/stubs/pyinstaller/PyInstaller/lib/modulegraph/__init__.pyi	UNTRACKED		PROTECTED
final_report_files/snakemake-last-mile-tutorial/.snakemake/conda/aa53b0a3acb04f06c3b0eace98ae6e99_/lib/python3.11/site-packages/jedi/third_party/typeshed/stubs/pyinstaller/PyInstaller/utils/__init__.pyi	UNTRACKED		PROTECTED
final_report_files/snakemake-last-mile-tutorial/.snakemake/conda/aa53b0a3acb04f06c3b0eace98ae6e99_/lib/python3.11/site-packages/jedi/third_party/typeshed/stubs/pyserial/serial/tools/__init__.pyi	UNTRACKED		PROTECTED
final_report_files/snakemake-last-mile-tutorial/.snakemake/conda/aa53b0a3acb04f06c3b0eace98ae6e99_/lib/python3.11/site-packages/jedi/third_party/typeshed/stubs/pyserial/serial/urlhandler/__init__.pyi	UNTRACKED		PROTECTED
final_report_files/snakemake-last-mile-tutorial/.snakemake/conda/aa53b0a3acb04f06c3b0eace98ae6e99_/lib/python3.11/site-packages/jedi/third_party/typeshed/stubs/pywin32/pythonwin/__init__.pyi	UNTRACKED		PROTECTED
final_report_files/snakemake-last-mile-tutorial/.snakemake/conda/aa53b0a3acb04f06c3b0eace98ae6e99_/lib/python3.11/site-packages/jedi/third_party/typeshed/stubs/pywin32/win32/__init__.pyi	UNTRACKED		PROTECTED
final_report_files/snakemake-last-mile-tutorial/.snakemake/conda/aa53b0a3acb04f06c3b0eace98ae6e99_/lib/python3.11/site-packages/jedi/third_party/typeshed/stubs/pywin32/win32/lib/__init__.pyi	UNTRACKED		PROTECTED
final_report_files/snakemake-last-mile-tutorial/.snakemake/conda/aa53b0a3acb04f06c3b0eace98ae6e99_/lib/python3.11/site-packages/jedi/third_party/typeshed/stubs/pywin32/win32com/gen_py/__init__.pyi	UNTRACKED		PROTECTED
final_report_files/snakemake-last-mile-tutorial/.snakemake/conda/aa53b0a3acb04f06c3b0eace98ae6e99_/lib/python3.11/site-packages/jedi/third_party/typeshed/stubs/pywin32/win32com/server/__init__.pyi	UNTRACKED		PROTECTED
final_report_files/snakemake-last-mile-tutorial/.snakemake/conda/aa53b0a3acb04f06c3b0eace98ae6e99_/lib/python3.11/site-packages/jedi/third_party/typeshed/stubs/pywin32/win32comext/__init__.pyi	UNTRACKED		PROTECTED
final_report_files/snakemake-last-mile-tutorial/.snakemake/conda/aa53b0a3acb04f06c3b0eace98ae6e99_/lib/python3.11/site-packages/jedi/third_party/typeshed/stubs/pywin32/win32comext/authorization/__init__.pyi	UNTRACKED		PROTECTED
final_report_files/snakemake-last-mile-tutorial/.snakemake/conda/aa53b0a3acb04f06c3b0eace98ae6e99_/lib/python3.11/site-packages/jedi/third_party/typeshed/stubs/pywin32/win32comext/axcontrol/__init__.pyi	UNTRACKED		PROTECTED
final_report_files/snakemake-last-mile-tutorial/.snakemake/conda/aa53b0a3acb04f06c3b0eace98ae6e99_/lib/python3.11/site-packages/jedi/third_party/typeshed/stubs/pywin32/win32comext/axdebug/__init__.pyi	UNTRACKED		PROTECTED
final_report_files/snakemake-last-mile-tutorial/.snakemake/conda/aa53b0a3acb04f06c3b0eace98ae6e99_/lib/python3.11/site-packages/jedi/third_party/typeshed/stubs/pywin32/win32comext/axscript/__init__.pyi	UNTRACKED		PROTECTED
final_report_files/snakemake-last-mile-tutorial/.snakemake/conda/aa53b0a3acb04f06c3b0eace98ae6e99_/lib/python3.11/site-packages/jedi/third_party/typeshed/stubs/pywin32/win32comext/axscript/client/__init__.pyi	UNTRACKED		PROTECTED
final_report_files/snakemake-last-mile-tutorial/.snakemake/conda/aa53b0a3acb04f06c3b0eace98ae6e99_/lib/python3.11/site-packages/jedi/third_party/typeshed/stubs/pywin32/win32comext/axscript/server/__init__.pyi	UNTRACKED		PROTECTED
final_report_files/snakemake-last-mile-tutorial/.snakemake/conda/aa53b0a3acb04f06c3b0eace98ae6e99_/lib/python3.11/site-packages/jedi/third_party/typeshed/stubs/pywin32/win32comext/bits/__init__.pyi	UNTRACKED		PROTECTED
final_report_files/snakemake-last-mile-tutorial/.snakemake/conda/aa53b0a3acb04f06c3b0eace98ae6e99_/lib/python3.11/site-packages/jedi/third_party/typeshed/stubs/pywin32/win32comext/directsound/__init__.pyi	UNTRACKED		PROTECTED
final_report_files/snakemake-last-mile-tutorial/.snakemake/conda/aa53b0a3acb04f06c3b0eace98ae6e99_/lib/python3.11/site-packages/jedi/third_party/typeshed/stubs/pywin32/win32comext/ifilter/__init__.pyi	UNTRACKED		PROTECTED
final_report_files/snakemake-last-mile-tutorial/.snakemake/conda/aa53b0a3acb04f06c3b0eace98ae6e99_/lib/python3.11/site-packages/jedi/third_party/typeshed/stubs/pywin32/win32comext/internet/__init__.pyi	UNTRACKED		PROTECTED
final_report_files/snakemake-last-mile-tutorial/.snakemake/conda/aa53b0a3acb04f06c3b0eace98ae6e99_/lib/python3.11/site-packages/jedi/third_party/typeshed/stubs/pywin32/win32comext/mapi/__init__.pyi	UNTRACKED		PROTECTED
final_report_files/snakemake-last-mile-tutorial/.snakemake/conda/aa53b0a3acb04f06c3b0eace98ae6e99_/lib/python3.11/site-packages/jedi/third_party/typeshed/stubs/pywin32/win32comext/propsys/__init__.pyi	UNTRACKED		PROTECTED
final_report_files/snakemake-last-mile-tutorial/.snakemake/conda/aa53b0a3acb04f06c3b0eace98ae6e99_/lib/python3.11/site-packages/jedi/third_party/typeshed/stubs/pywin32/win32comext/shell/__init__.pyi	UNTRACKED		PROTECTED
final_report_files/snakemake-last-mile-tutorial/.snakemake/conda/aa53b0a3acb04f06c3b0eace98ae6e99_/lib/python3.11/site-packages/jedi/third_party/typeshed/stubs/pywin32/win32comext/taskscheduler/__init__.pyi	UNTRACKED		PROTECTED
final_report_files/snakemake-last-mile-tutorial/.snakemake/conda/aa53b0a3acb04f06c3b0eace98ae6e99_/lib/python3.11/site-packages/jedi/third_party/typeshed/stubs/qrcode/qrcode/image/__init__.pyi	UNTRACKED		PROTECTED
final_report_files/snakemake-last-mile-tutorial/.snakemake/conda/aa53b0a3acb04f06c3b0eace98ae6e99_/lib/python3.11/site-packages/jedi/third_party/typeshed/stubs/qrcode/qrcode/image/styles/__init__.pyi	UNTRACKED		PROTECTED
final_report_files/snakemake-last-mile-tutorial/.snakemake/conda/aa53b0a3acb04f06c3b0eace98ae6e99_/lib/python3.11/site-packages/jedi/third_party/typeshed/stubs/reportlab/reportlab/graphics/barcode/fourstate.pyi	UNTRACKED		PROTECTED
final_report_files/snakemake-last-mile-tutorial/.snakemake/conda/aa53b0a3acb04f06c3b0eace98ae6e99_/lib/python3.11/site-packages/jedi/third_party/typeshed/stubs/reportlab/reportlab/graphics/samples/__init__.pyi	UNTRACKED		PROTECTED
final_report_files/snakemake-last-mile-tutorial/.snakemake/conda/aa53b0a3acb04f06c3b0eace98ae6e99_/lib/python3.11/site-packages/jedi/third_party/typeshed/stubs/seaborn/seaborn/_core/__init__.pyi	UNTRACKED		PROTECTED
final_report_files/snakemake-last-mile-tutorial/.snakemake/conda/aa53b0a3acb04f06c3b0eace98ae6e99_/lib/python3.11/site-packages/jedi/third_party/typeshed/stubs/seaborn/seaborn/_marks/__init__.pyi	UNTRACKED		PROTECTED
final_report_files/snakemake-last-mile-tutorial/.snakemake/conda/aa53b0a3acb04f06c3b0eace98ae6e99_/lib/python3.11/site-packages/jedi/third_party/typeshed/stubs/seaborn/seaborn/_stats/__init__.pyi	UNTRACKED		PROTECTED
final_report_files/snakemake-last-mile-tutorial/.snakemake/conda/aa53b0a3acb04f06c3b0eace98ae6e99_/lib/python3.11/site-packages/jedi/third_party/typeshed/stubs/seaborn/seaborn/external/__init__.pyi	UNTRACKED		PROTECTED
final_report_files/snakemake-last-mile-tutorial/.snakemake/conda/aa53b0a3acb04f06c3b0eace98ae6e99_/lib/python3.11/site-packages/jedi/third_party/typeshed/stubs/setuptools/setuptools/command/__init__.pyi	UNTRACKED		PROTECTED
final_report_files/snakemake-last-mile-tutorial/.snakemake/conda/aa53b0a3acb04f06c3b0eace98ae6e99_/lib/python3.11/site-packages/jedi/third_party/typeshed/stubs/shapely/shapely/algorithms/__init__.pyi	UNTRACKED		PROTECTED
final_report_files/snakemake-last-mile-tutorial/.snakemake/conda/aa53b0a3acb04f06c3b0eace98ae6e99_/lib/python3.11/site-packages/jedi/third_party/typeshed/stubs/tensorflow/tensorflow/core/protobuf/__init__.pyi	UNTRACKED		PROTECTED
final_report_files/snakemake-last-mile-tutorial/.snakemake/conda/aa53b0a3acb04f06c3b0eace98ae6e99_/lib/python3.11/site-packages/jedi/third_party/typeshed/stubs/tensorflow/tensorflow/python/feature_column/__init__.pyi	UNTRACKED		PROTECTED
final_report_files/snakemake-last-mile-tutorial/.snakemake/conda/aa53b0a3acb04f06c3b0eace98ae6e99_/lib/python3.11/site-packages/jedi/third_party/typeshed/stubs/tensorflow/tensorflow/python/trackable/__init__.pyi	UNTRACKED		PROTECTED
final_report_files/snakemake-last-mile-tutorial/.snakemake/conda/aa53b0a3acb04f06c3b0eace98ae6e99_/lib/python3.11/site-packages/jedi/third_party/typeshed/stubs/workalendar/workalendar/__init__.pyi	UNTRACKED		PROTECTED
final_report_files/snakemake-last-mile-tutorial/.snakemake/conda/aa53b0a3acb04f06c3b0eace98ae6e99_/lib/python3.11/site-packages/jedi/third_party/typeshed/stubs/xdgenvpy/xdgenvpy/__init__.pyi	UNTRACKED		PROTECTED
final_report_files/snakemake-last-mile-tutorial/.snakemake/conda/aa53b0a3acb04f06c3b0eace98ae6e99_/lib/python3.11/site-packages/jedi/third_party/typeshed/stubs/xmldiff/xmldiff/__init__.pyi	UNTRACKED		PROTECTED
final_report_files/snakemake-last-mile-tutorial/.snakemake/conda/aa53b0a3acb04f06c3b0eace98ae6e99_/lib/python3.11/site-packages/jedi/third_party/typeshed/stubs/yt-dlp/yt_dlp/utils/jslib/__init__.pyi	UNTRACKED		PROTECTED
final_report_files/snakemake-last-mile-tutorial/.snakemake/conda/aa53b0a3acb04f06c3b0eace98ae6e99_/lib/python3.11/site-packages/jinja2-3.1.6.dist-info/REQUESTED	UNTRACKED		PROTECTED
final_report_files/snakemake-last-mile-tutorial/.snakemake/conda/aa53b0a3acb04f06c3b0eace98ae6e99_/lib/python3.11/site-packages/jinja2/py.typed	UNTRACKED		PROTECTED
final_report_files/snakemake-last-mile-tutorial/.snakemake/conda/aa53b0a3acb04f06c3b0eace98ae6e99_/lib/python3.11/site-packages/json5-0.15.0.dist-info/REQUESTED	UNTRACKED		PROTECTED
final_report_files/snakemake-last-mile-tutorial/.snakemake/conda/aa53b0a3acb04f06c3b0eace98ae6e99_/lib/python3.11/site-packages/json5/py.typed	UNTRACKED		PROTECTED
final_report_files/snakemake-last-mile-tutorial/.snakemake/conda/aa53b0a3acb04f06c3b0eace98ae6e99_/lib/python3.11/site-packages/jsonpointer-3.1.1.dist-info/REQUESTED	UNTRACKED		PROTECTED
final_report_files/snakemake-last-mile-tutorial/.snakemake/conda/aa53b0a3acb04f06c3b0eace98ae6e99_/lib/python3.11/site-packages/jsonschema-4.26.0.dist-info/REQUESTED	UNTRACKED		PROTECTED
final_report_files/snakemake-last-mile-tutorial/.snakemake/conda/aa53b0a3acb04f06c3b0eace98ae6e99_/lib/python3.11/site-packages/jsonschema/tests/__init__.py	UNTRACKED		PROTECTED
final_report_files/snakemake-last-mile-tutorial/.snakemake/conda/aa53b0a3acb04f06c3b0eace98ae6e99_/lib/python3.11/site-packages/jsonschema/tests/typing/__init__.py	UNTRACKED		PROTECTED
final_report_files/snakemake-last-mile-tutorial/.snakemake/conda/aa53b0a3acb04f06c3b0eace98ae6e99_/lib/python3.11/site-packages/jsonschema_specifications-2025.9.1.dist-info/REQUESTED	UNTRACKED		PROTECTED
final_report_files/snakemake-last-mile-tutorial/.snakemake/conda/aa53b0a3acb04f06c3b0eace98ae6e99_/lib/python3.11/site-packages/jsonschema_specifications/tests/__init__.py	UNTRACKED		PROTECTED
final_report_files/snakemake-last-mile-tutorial/.snakemake/conda/aa53b0a3acb04f06c3b0eace98ae6e99_/lib/python3.11/site-packages/jupyter_client-8.9.1.dist-info/REQUESTED	UNTRACKED		PROTECTED
final_report_files/snakemake-last-mile-tutorial/.snakemake/conda/aa53b0a3acb04f06c3b0eace98ae6e99_/lib/python3.11/site-packages/jupyter_client/py.typed	UNTRACKED		PROTECTED
final_report_files/snakemake-last-mile-tutorial/.snakemake/conda/aa53b0a3acb04f06c3b0eace98ae6e99_/lib/python3.11/site-packages/jupyter_core-5.9.1.dist-info/REQUESTED	UNTRACKED		PROTECTED
final_report_files/snakemake-last-mile-tutorial/.snakemake/conda/aa53b0a3acb04f06c3b0eace98ae6e99_/lib/python3.11/site-packages/jupyter_core/py.typed	UNTRACKED		PROTECTED
final_report_files/snakemake-last-mile-tutorial/.snakemake/conda/aa53b0a3acb04f06c3b0eace98ae6e99_/lib/python3.11/site-packages/jupyter_events-0.12.1.dist-info/REQUESTED	UNTRACKED		PROTECTED
final_report_files/snakemake-last-mile-tutorial/.snakemake/conda/aa53b0a3acb04f06c3b0eace98ae6e99_/lib/python3.11/site-packages/jupyter_events/py.typed	UNTRACKED		PROTECTED
final_report_files/snakemake-last-mile-tutorial/.snakemake/conda/aa53b0a3acb04f06c3b0eace98ae6e99_/lib/python3.11/site-packages/jupyter_lsp-2.3.1.dist-info/REQUESTED	UNTRACKED		PROTECTED
final_report_files/snakemake-last-mile-tutorial/.snakemake/conda/aa53b0a3acb04f06c3b0eace98ae6e99_/lib/python3.11/site-packages/jupyter_lsp/tests/__init__.py	UNTRACKED		PROTECTED
final_report_files/snakemake-last-mile-tutorial/.snakemake/conda/aa53b0a3acb04f06c3b0eace98ae6e99_/lib/python3.11/site-packages/jupyter_server-2.20.0.dist-info/REQUESTED	UNTRACKED		PROTECTED
final_report_files/snakemake-last-mile-tutorial/.snakemake/conda/aa53b0a3acb04f06c3b0eace98ae6e99_/lib/python3.11/site-packages/jupyter_server/base/__init__.py	UNTRACKED		PROTECTED
final_report_files/snakemake-last-mile-tutorial/.snakemake/conda/aa53b0a3acb04f06c3b0eace98ae6e99_/lib/python3.11/site-packages/jupyter_server/extension/__init__.py	UNTRACKED		PROTECTED
final_report_files/snakemake-last-mile-tutorial/.snakemake/conda/aa53b0a3acb04f06c3b0eace98ae6e99_/lib/python3.11/site-packages/jupyter_server/files/__init__.py	UNTRACKED		PROTECTED
final_report_files/snakemake-last-mile-tutorial/.snakemake/conda/aa53b0a3acb04f06c3b0eace98ae6e99_/lib/python3.11/site-packages/jupyter_server/gateway/__init__.py	UNTRACKED		PROTECTED
final_report_files/snakemake-last-mile-tutorial/.snakemake/conda/aa53b0a3acb04f06c3b0eace98ae6e99_/lib/python3.11/site-packages/jupyter_server/kernelspecs/__init__.py	UNTRACKED		PROTECTED
final_report_files/snakemake-last-mile-tutorial/.snakemake/conda/aa53b0a3acb04f06c3b0eace98ae6e99_/lib/python3.11/site-packages/jupyter_server/nbconvert/__init__.py	UNTRACKED		PROTECTED
final_report_files/snakemake-last-mile-tutorial/.snakemake/conda/aa53b0a3acb04f06c3b0eace98ae6e99_/lib/python3.11/site-packages/jupyter_server/prometheus/__init__.py	UNTRACKED		PROTECTED
final_report_files/snakemake-last-mile-tutorial/.snakemake/conda/aa53b0a3acb04f06c3b0eace98ae6e99_/lib/python3.11/site-packages/jupyter_server/py.typed	UNTRACKED		PROTECTED
final_report_files/snakemake-last-mile-tutorial/.snakemake/conda/aa53b0a3acb04f06c3b0eace98ae6e99_/lib/python3.11/site-packages/jupyter_server/services/__init__.py	UNTRACKED		PROTECTED
final_report_files/snakemake-last-mile-tutorial/.snakemake/conda/aa53b0a3acb04f06c3b0eace98ae6e99_/lib/python3.11/site-packages/jupyter_server/services/api/__init__.py	UNTRACKED		PROTECTED
final_report_files/snakemake-last-mile-tutorial/.snakemake/conda/aa53b0a3acb04f06c3b0eace98ae6e99_/lib/python3.11/site-packages/jupyter_server/services/contents/__init__.py	UNTRACKED		PROTECTED
final_report_files/snakemake-last-mile-tutorial/.snakemake/conda/aa53b0a3acb04f06c3b0eace98ae6e99_/lib/python3.11/site-packages/jupyter_server/services/events/__init__.py	UNTRACKED		PROTECTED
final_report_files/snakemake-last-mile-tutorial/.snakemake/conda/aa53b0a3acb04f06c3b0eace98ae6e99_/lib/python3.11/site-packages/jupyter_server/services/kernels/__init__.py	UNTRACKED		PROTECTED
final_report_files/snakemake-last-mile-tutorial/.snakemake/conda/aa53b0a3acb04f06c3b0eace98ae6e99_/lib/python3.11/site-packages/jupyter_server/services/kernels/connection/__init__.py	UNTRACKED		PROTECTED
final_report_files/snakemake-last-mile-tutorial/.snakemake/conda/aa53b0a3acb04f06c3b0eace98ae6e99_/lib/python3.11/site-packages/jupyter_server/services/kernelspecs/__init__.py	UNTRACKED		PROTECTED
final_report_files/snakemake-last-mile-tutorial/.snakemake/conda/aa53b0a3acb04f06c3b0eace98ae6e99_/lib/python3.11/site-packages/jupyter_server/services/nbconvert/__init__.py	UNTRACKED		PROTECTED
final_report_files/snakemake-last-mile-tutorial/.snakemake/conda/aa53b0a3acb04f06c3b0eace98ae6e99_/lib/python3.11/site-packages/jupyter_server/services/sessions/__init__.py	UNTRACKED		PROTECTED
final_report_files/snakemake-last-mile-tutorial/.snakemake/conda/aa53b0a3acb04f06c3b0eace98ae6e99_/lib/python3.11/site-packages/jupyter_server_terminals-0.5.4.dist-info/REQUESTED	UNTRACKED		PROTECTED
final_report_files/snakemake-last-mile-tutorial/.snakemake/conda/aa53b0a3acb04f06c3b0eace98ae6e99_/lib/python3.11/site-packages/jupyter_server_terminals/py.typed	UNTRACKED		PROTECTED
final_report_files/snakemake-last-mile-tutorial/.snakemake/conda/aa53b0a3acb04f06c3b0eace98ae6e99_/lib/python3.11/site-packages/jupyterlab-4.2.7.dist-info/REQUESTED	UNTRACKED		PROTECTED
final_report_files/snakemake-last-mile-tutorial/.snakemake/conda/aa53b0a3acb04f06c3b0eace98ae6e99_/lib/python3.11/site-packages/jupyterlab/tests/mock_packages/extension/yarn.lock	UNTRACKED	MARKER	PROTECTED
final_report_files/snakemake-last-mile-tutorial/.snakemake/conda/aa53b0a3acb04f06c3b0eace98ae6e99_/lib/python3.11/site-packages/jupyterlab/tests/mock_packages/mimeextension/yarn.lock	UNTRACKED	MARKER	PROTECTED
final_report_files/snakemake-last-mile-tutorial/.snakemake/conda/aa53b0a3acb04f06c3b0eace98ae6e99_/lib/python3.11/site-packages/jupyterlab/tests/mock_packages/test-hyphens/yarn.lock	UNTRACKED	MARKER	PROTECTED
final_report_files/snakemake-last-mile-tutorial/.snakemake/conda/aa53b0a3acb04f06c3b0eace98ae6e99_/lib/python3.11/site-packages/jupyterlab/themes/@jupyterlab/theme-dark-extension/index.js	UNTRACKED		PROTECTED
final_report_files/snakemake-last-mile-tutorial/.snakemake/conda/aa53b0a3acb04f06c3b0eace98ae6e99_/lib/python3.11/site-packages/jupyterlab/themes/@jupyterlab/theme-dark-high-contrast-extension/index.js	UNTRACKED		PROTECTED
final_report_files/snakemake-last-mile-tutorial/.snakemake/conda/aa53b0a3acb04f06c3b0eace98ae6e99_/lib/python3.11/site-packages/jupyterlab/themes/@jupyterlab/theme-light-extension/index.js	UNTRACKED		PROTECTED
final_report_files/snakemake-last-mile-tutorial/.snakemake/conda/aa53b0a3acb04f06c3b0eace98ae6e99_/lib/python3.11/site-packages/jupyterlab_pygments-0.3.0.dist-info/REQUESTED	UNTRACKED		PROTECTED
final_report_files/snakemake-last-mile-tutorial/.snakemake/conda/aa53b0a3acb04f06c3b0eace98ae6e99_/lib/python3.11/site-packages/jupyterlab_server-2.28.0.dist-info/REQUESTED	UNTRACKED		PROTECTED
final_report_files/snakemake-last-mile-tutorial/.snakemake/conda/aa53b0a3acb04f06c3b0eace98ae6e99_/lib/python3.11/site-packages/jupyterlab_server/py.typed	UNTRACKED		PROTECTED
final_report_files/snakemake-last-mile-tutorial/.snakemake/conda/aa53b0a3acb04f06c3b0eace98ae6e99_/lib/python3.11/site-packages/lark-1.3.1.dist-info/REQUESTED	UNTRACKED		PROTECTED
final_report_files/snakemake-last-mile-tutorial/.snakemake/conda/aa53b0a3acb04f06c3b0eace98ae6e99_/lib/python3.11/site-packages/lark/grammars/__init__.py	UNTRACKED		PROTECTED
final_report_files/snakemake-last-mile-tutorial/.snakemake/conda/aa53b0a3acb04f06c3b0eace98ae6e99_/lib/python3.11/site-packages/lark/parsers/__init__.py	UNTRACKED		PROTECTED
final_report_files/snakemake-last-mile-tutorial/.snakemake/conda/aa53b0a3acb04f06c3b0eace98ae6e99_/lib/python3.11/site-packages/lark/py.typed	UNTRACKED		PROTECTED
final_report_files/snakemake-last-mile-tutorial/.snakemake/conda/aa53b0a3acb04f06c3b0eace98ae6e99_/lib/python3.11/site-packages/markupsafe-3.0.3.dist-info/REQUESTED	UNTRACKED		PROTECTED
final_report_files/snakemake-last-mile-tutorial/.snakemake/conda/aa53b0a3acb04f06c3b0eace98ae6e99_/lib/python3.11/site-packages/markupsafe/py.typed	UNTRACKED		PROTECTED
final_report_files/snakemake-last-mile-tutorial/.snakemake/conda/aa53b0a3acb04f06c3b0eace98ae6e99_/lib/python3.11/site-packages/matplotlib_inline-0.2.2.dist-info/REQUESTED	UNTRACKED		PROTECTED
final_report_files/snakemake-last-mile-tutorial/.snakemake/conda/aa53b0a3acb04f06c3b0eace98ae6e99_/lib/python3.11/site-packages/matplotlib_inline/py.typed	UNTRACKED		PROTECTED
final_report_files/snakemake-last-mile-tutorial/.snakemake/conda/aa53b0a3acb04f06c3b0eace98ae6e99_/lib/python3.11/site-packages/mistune-3.3.4.dist-info/REQUESTED	UNTRACKED		PROTECTED
final_report_files/snakemake-last-mile-tutorial/.snakemake/conda/aa53b0a3acb04f06c3b0eace98ae6e99_/lib/python3.11/site-packages/mistune/renderers/__init__.py	UNTRACKED		PROTECTED
final_report_files/snakemake-last-mile-tutorial/.snakemake/conda/aa53b0a3acb04f06c3b0eace98ae6e99_/lib/python3.11/site-packages/nbclient-0.11.0.dist-info/REQUESTED	UNTRACKED		PROTECTED
final_report_files/snakemake-last-mile-tutorial/.snakemake/conda/aa53b0a3acb04f06c3b0eace98ae6e99_/lib/python3.11/site-packages/nbclient/py.typed	UNTRACKED		PROTECTED
final_report_files/snakemake-last-mile-tutorial/.snakemake/conda/aa53b0a3acb04f06c3b0eace98ae6e99_/lib/python3.11/site-packages/nbconvert-7.17.1.dist-info/REQUESTED	UNTRACKED		PROTECTED
final_report_files/snakemake-last-mile-tutorial/.snakemake/conda/aa53b0a3acb04f06c3b0eace98ae6e99_/lib/python3.11/site-packages/nbconvert/py.typed	UNTRACKED		PROTECTED
final_report_files/snakemake-last-mile-tutorial/.snakemake/conda/aa53b0a3acb04f06c3b0eace98ae6e99_/lib/python3.11/site-packages/nbconvert/resources/__init__.py	UNTRACKED		PROTECTED
final_report_files/snakemake-last-mile-tutorial/.snakemake/conda/aa53b0a3acb04f06c3b0eace98ae6e99_/lib/python3.11/site-packages/nbconvert/utils/__init__.py	UNTRACKED		PROTECTED
final_report_files/snakemake-last-mile-tutorial/.snakemake/conda/aa53b0a3acb04f06c3b0eace98ae6e99_/lib/python3.11/site-packages/nbformat-5.10.4.dist-info/REQUESTED	UNTRACKED		PROTECTED
final_report_files/snakemake-last-mile-tutorial/.snakemake/conda/aa53b0a3acb04f06c3b0eace98ae6e99_/lib/python3.11/site-packages/nbformat/corpus/__init__.py	UNTRACKED		PROTECTED
final_report_files/snakemake-last-mile-tutorial/.snakemake/conda/aa53b0a3acb04f06c3b0eace98ae6e99_/lib/python3.11/site-packages/nbformat/corpus/tests/__init__.py	UNTRACKED		PROTECTED
final_report_files/snakemake-last-mile-tutorial/.snakemake/conda/aa53b0a3acb04f06c3b0eace98ae6e99_/lib/python3.11/site-packages/nbformat/py.typed	UNTRACKED		PROTECTED
final_report_files/snakemake-last-mile-tutorial/.snakemake/conda/aa53b0a3acb04f06c3b0eace98ae6e99_/lib/python3.11/site-packages/nest_asyncio-1.6.0.dist-info/REQUESTED	UNTRACKED		PROTECTED
final_report_files/snakemake-last-mile-tutorial/.snakemake/conda/aa53b0a3acb04f06c3b0eace98ae6e99_/lib/python3.11/site-packages/notebook-7.2.2.dist-info/REQUESTED	UNTRACKED		PROTECTED
final_report_files/snakemake-last-mile-tutorial/.snakemake/conda/aa53b0a3acb04f06c3b0eace98ae6e99_/lib/python3.11/site-packages/notebook_shim-0.2.4.dist-info/REQUESTED	UNTRACKED		PROTECTED
final_report_files/snakemake-last-mile-tutorial/.snakemake/conda/aa53b0a3acb04f06c3b0eace98ae6e99_/lib/python3.11/site-packages/notebook_shim/tests/__init__.py	UNTRACKED		PROTECTED
final_report_files/snakemake-last-mile-tutorial/.snakemake/conda/aa53b0a3acb04f06c3b0eace98ae6e99_/lib/python3.11/site-packages/numpy-2.4.6.dist-info/REQUESTED	UNTRACKED		PROTECTED
final_report_files/snakemake-last-mile-tutorial/.snakemake/conda/aa53b0a3acb04f06c3b0eace98ae6e99_/lib/python3.11/site-packages/numpy/_pyinstaller/__init__.py	UNTRACKED		PROTECTED
final_report_files/snakemake-last-mile-tutorial/.snakemake/conda/aa53b0a3acb04f06c3b0eace98ae6e99_/lib/python3.11/site-packages/numpy/_pyinstaller/__init__.pyi	UNTRACKED		PROTECTED
final_report_files/snakemake-last-mile-tutorial/.snakemake/conda/aa53b0a3acb04f06c3b0eace98ae6e99_/lib/python3.11/site-packages/numpy/core/__init__.pyi	UNTRACKED		PROTECTED
final_report_files/snakemake-last-mile-tutorial/.snakemake/conda/aa53b0a3acb04f06c3b0eace98ae6e99_/lib/python3.11/site-packages/numpy/core/_dtype.pyi	UNTRACKED		PROTECTED
final_report_files/snakemake-last-mile-tutorial/.snakemake/conda/aa53b0a3acb04f06c3b0eace98ae6e99_/lib/python3.11/site-packages/numpy/core/_dtype_ctypes.pyi	UNTRACKED		PROTECTED
final_report_files/snakemake-last-mile-tutorial/.snakemake/conda/aa53b0a3acb04f06c3b0eace98ae6e99_/lib/python3.11/site-packages/numpy/distutils/tests/__init__.py	UNTRACKED		PROTECTED
final_report_files/snakemake-last-mile-tutorial/.snakemake/conda/aa53b0a3acb04f06c3b0eace98ae6e99_/lib/python3.11/site-packages/numpy/fft/tests/__init__.py	UNTRACKED		PROTECTED
final_report_files/snakemake-last-mile-tutorial/.snakemake/conda/aa53b0a3acb04f06c3b0eace98ae6e99_/lib/python3.11/site-packages/numpy/lib/tests/__init__.py	UNTRACKED		PROTECTED
final_report_files/snakemake-last-mile-tutorial/.snakemake/conda/aa53b0a3acb04f06c3b0eace98ae6e99_/lib/python3.11/site-packages/numpy/linalg/tests/__init__.py	UNTRACKED		PROTECTED
final_report_files/snakemake-last-mile-tutorial/.snakemake/conda/aa53b0a3acb04f06c3b0eace98ae6e99_/lib/python3.11/site-packages/numpy/ma/tests/__init__.py	UNTRACKED		PROTECTED
final_report_files/snakemake-last-mile-tutorial/.snakemake/conda/aa53b0a3acb04f06c3b0eace98ae6e99_/lib/python3.11/site-packages/numpy/matrixlib/tests/__init__.py	UNTRACKED		PROTECTED
final_report_files/snakemake-last-mile-tutorial/.snakemake/conda/aa53b0a3acb04f06c3b0eace98ae6e99_/lib/python3.11/site-packages/numpy/polynomial/tests/__init__.py	UNTRACKED		PROTECTED
final_report_files/snakemake-last-mile-tutorial/.snakemake/conda/aa53b0a3acb04f06c3b0eace98ae6e99_/lib/python3.11/site-packages/numpy/py.typed	UNTRACKED		PROTECTED
final_report_files/snakemake-last-mile-tutorial/.snakemake/conda/aa53b0a3acb04f06c3b0eace98ae6e99_/lib/python3.11/site-packages/numpy/random/tests/__init__.py	UNTRACKED		PROTECTED
final_report_files/snakemake-last-mile-tutorial/.snakemake/conda/aa53b0a3acb04f06c3b0eace98ae6e99_/lib/python3.11/site-packages/numpy/random/tests/data/__init__.py	UNTRACKED		PROTECTED
final_report_files/snakemake-last-mile-tutorial/.snakemake/conda/aa53b0a3acb04f06c3b0eace98ae6e99_/lib/python3.11/site-packages/numpy/testing/_private/__init__.py	UNTRACKED		PROTECTED
final_report_files/snakemake-last-mile-tutorial/.snakemake/conda/aa53b0a3acb04f06c3b0eace98ae6e99_/lib/python3.11/site-packages/numpy/testing/_private/__init__.pyi	UNTRACKED		PROTECTED
final_report_files/snakemake-last-mile-tutorial/.snakemake/conda/aa53b0a3acb04f06c3b0eace98ae6e99_/lib/python3.11/site-packages/numpy/testing/tests/__init__.py	UNTRACKED		PROTECTED
final_report_files/snakemake-last-mile-tutorial/.snakemake/conda/aa53b0a3acb04f06c3b0eace98ae6e99_/lib/python3.11/site-packages/numpy/tests/__init__.py	UNTRACKED		PROTECTED
final_report_files/snakemake-last-mile-tutorial/.snakemake/conda/aa53b0a3acb04f06c3b0eace98ae6e99_/lib/python3.11/site-packages/numpy/typing/tests/__init__.py	UNTRACKED		PROTECTED
final_report_files/snakemake-last-mile-tutorial/.snakemake/conda/aa53b0a3acb04f06c3b0eace98ae6e99_/lib/python3.11/site-packages/overrides-7.7.0.dist-info/REQUESTED	UNTRACKED		PROTECTED
final_report_files/snakemake-last-mile-tutorial/.snakemake/conda/aa53b0a3acb04f06c3b0eace98ae6e99_/lib/python3.11/site-packages/overrides/py.typed	UNTRACKED		PROTECTED
final_report_files/snakemake-last-mile-tutorial/.snakemake/conda/aa53b0a3acb04f06c3b0eace98ae6e99_/lib/python3.11/site-packages/packaging-26.2.dist-info/REQUESTED	UNTRACKED		PROTECTED
final_report_files/snakemake-last-mile-tutorial/.snakemake/conda/aa53b0a3acb04f06c3b0eace98ae6e99_/lib/python3.11/site-packages/packaging/py.typed	UNTRACKED		PROTECTED
final_report_files/snakemake-last-mile-tutorial/.snakemake/conda/aa53b0a3acb04f06c3b0eace98ae6e99_/lib/python3.11/site-packages/pandas-3.0.3.dist-info/REQUESTED	UNTRACKED		PROTECTED
final_report_files/snakemake-last-mile-tutorial/.snakemake/conda/aa53b0a3acb04f06c3b0eace98ae6e99_/lib/python3.11/site-packages/pandas/_libs/window/__init__.py	UNTRACKED		PROTECTED
final_report_files/snakemake-last-mile-tutorial/.snakemake/conda/aa53b0a3acb04f06c3b0eace98ae6e99_/lib/python3.11/site-packages/pandas/core/__init__.py	UNTRACKED		PROTECTED
final_report_files/snakemake-last-mile-tutorial/.snakemake/conda/aa53b0a3acb04f06c3b0eace98ae6e99_/lib/python3.11/site-packages/pandas/core/_numba/__init__.py	UNTRACKED		PROTECTED
final_report_files/snakemake-last-mile-tutorial/.snakemake/conda/aa53b0a3acb04f06c3b0eace98ae6e99_/lib/python3.11/site-packages/pandas/core/computation/__init__.py	UNTRACKED		PROTECTED
final_report_files/snakemake-last-mile-tutorial/.snakemake/conda/aa53b0a3acb04f06c3b0eace98ae6e99_/lib/python3.11/site-packages/pandas/core/dtypes/__init__.py	UNTRACKED		PROTECTED
final_report_files/snakemake-last-mile-tutorial/.snakemake/conda/aa53b0a3acb04f06c3b0eace98ae6e99_/lib/python3.11/site-packages/pandas/core/indexes/__init__.py	UNTRACKED		PROTECTED
final_report_files/snakemake-last-mile-tutorial/.snakemake/conda/aa53b0a3acb04f06c3b0eace98ae6e99_/lib/python3.11/site-packages/pandas/core/interchange/__init__.py	UNTRACKED		PROTECTED
final_report_files/snakemake-last-mile-tutorial/.snakemake/conda/aa53b0a3acb04f06c3b0eace98ae6e99_/lib/python3.11/site-packages/pandas/core/methods/__init__.py	UNTRACKED		PROTECTED
final_report_files/snakemake-last-mile-tutorial/.snakemake/conda/aa53b0a3acb04f06c3b0eace98ae6e99_/lib/python3.11/site-packages/pandas/core/reshape/__init__.py	UNTRACKED		PROTECTED
final_report_files/snakemake-last-mile-tutorial/.snakemake/conda/aa53b0a3acb04f06c3b0eace98ae6e99_/lib/python3.11/site-packages/pandas/core/sparse/__init__.py	UNTRACKED		PROTECTED
final_report_files/snakemake-last-mile-tutorial/.snakemake/conda/aa53b0a3acb04f06c3b0eace98ae6e99_/lib/python3.11/site-packages/pandas/core/tools/__init__.py	UNTRACKED		PROTECTED
final_report_files/snakemake-last-mile-tutorial/.snakemake/conda/aa53b0a3acb04f06c3b0eace98ae6e99_/lib/python3.11/site-packages/pandas/core/util/__init__.py	UNTRACKED		PROTECTED
final_report_files/snakemake-last-mile-tutorial/.snakemake/conda/aa53b0a3acb04f06c3b0eace98ae6e99_/lib/python3.11/site-packages/pandas/tests/__init__.py	UNTRACKED		PROTECTED
final_report_files/snakemake-last-mile-tutorial/.snakemake/conda/aa53b0a3acb04f06c3b0eace98ae6e99_/lib/python3.11/site-packages/pandas/tests/api/__init__.py	UNTRACKED		PROTECTED
final_report_files/snakemake-last-mile-tutorial/.snakemake/conda/aa53b0a3acb04f06c3b0eace98ae6e99_/lib/python3.11/site-packages/pandas/tests/apply/__init__.py	UNTRACKED		PROTECTED
final_report_files/snakemake-last-mile-tutorial/.snakemake/conda/aa53b0a3acb04f06c3b0eace98ae6e99_/lib/python3.11/site-packages/pandas/tests/arithmetic/__init__.py	UNTRACKED		PROTECTED
final_report_files/snakemake-last-mile-tutorial/.snakemake/conda/aa53b0a3acb04f06c3b0eace98ae6e99_/lib/python3.11/site-packages/pandas/tests/arrays/__init__.py	UNTRACKED		PROTECTED
final_report_files/snakemake-last-mile-tutorial/.snakemake/conda/aa53b0a3acb04f06c3b0eace98ae6e99_/lib/python3.11/site-packages/pandas/tests/arrays/boolean/__init__.py	UNTRACKED		PROTECTED
final_report_files/snakemake-last-mile-tutorial/.snakemake/conda/aa53b0a3acb04f06c3b0eace98ae6e99_/lib/python3.11/site-packages/pandas/tests/arrays/categorical/__init__.py	UNTRACKED		PROTECTED
final_report_files/snakemake-last-mile-tutorial/.snakemake/conda/aa53b0a3acb04f06c3b0eace98ae6e99_/lib/python3.11/site-packages/pandas/tests/arrays/datetimes/__init__.py	UNTRACKED		PROTECTED
final_report_files/snakemake-last-mile-tutorial/.snakemake/conda/aa53b0a3acb04f06c3b0eace98ae6e99_/lib/python3.11/site-packages/pandas/tests/arrays/floating/__init__.py	UNTRACKED		PROTECTED
final_report_files/snakemake-last-mile-tutorial/.snakemake/conda/aa53b0a3acb04f06c3b0eace98ae6e99_/lib/python3.11/site-packages/pandas/tests/arrays/integer/__init__.py	UNTRACKED		PROTECTED
final_report_files/snakemake-last-mile-tutorial/.snakemake/conda/aa53b0a3acb04f06c3b0eace98ae6e99_/lib/python3.11/site-packages/pandas/tests/arrays/interval/__init__.py	UNTRACKED		PROTECTED
final_report_files/snakemake-last-mile-tutorial/.snakemake/conda/aa53b0a3acb04f06c3b0eace98ae6e99_/lib/python3.11/site-packages/pandas/tests/arrays/masked/__init__.py	UNTRACKED		PROTECTED
final_report_files/snakemake-last-mile-tutorial/.snakemake/conda/aa53b0a3acb04f06c3b0eace98ae6e99_/lib/python3.11/site-packages/pandas/tests/arrays/numpy_/__init__.py	UNTRACKED		PROTECTED
final_report_files/snakemake-last-mile-tutorial/.snakemake/conda/aa53b0a3acb04f06c3b0eace98ae6e99_/lib/python3.11/site-packages/pandas/tests/arrays/period/__init__.py	UNTRACKED		PROTECTED
final_report_files/snakemake-last-mile-tutorial/.snakemake/conda/aa53b0a3acb04f06c3b0eace98ae6e99_/lib/python3.11/site-packages/pandas/tests/arrays/sparse/__init__.py	UNTRACKED		PROTECTED
final_report_files/snakemake-last-mile-tutorial/.snakemake/conda/aa53b0a3acb04f06c3b0eace98ae6e99_/lib/python3.11/site-packages/pandas/tests/arrays/string_/__init__.py	UNTRACKED		PROTECTED
final_report_files/snakemake-last-mile-tutorial/.snakemake/conda/aa53b0a3acb04f06c3b0eace98ae6e99_/lib/python3.11/site-packages/pandas/tests/arrays/timedeltas/__init__.py	UNTRACKED		PROTECTED
final_report_files/snakemake-last-mile-tutorial/.snakemake/conda/aa53b0a3acb04f06c3b0eace98ae6e99_/lib/python3.11/site-packages/pandas/tests/base/__init__.py	UNTRACKED		PROTECTED
final_report_files/snakemake-last-mile-tutorial/.snakemake/conda/aa53b0a3acb04f06c3b0eace98ae6e99_/lib/python3.11/site-packages/pandas/tests/computation/__init__.py	UNTRACKED		PROTECTED
final_report_files/snakemake-last-mile-tutorial/.snakemake/conda/aa53b0a3acb04f06c3b0eace98ae6e99_/lib/python3.11/site-packages/pandas/tests/config/__init__.py	UNTRACKED		PROTECTED
final_report_files/snakemake-last-mile-tutorial/.snakemake/conda/aa53b0a3acb04f06c3b0eace98ae6e99_/lib/python3.11/site-packages/pandas/tests/construction/__init__.py	UNTRACKED		PROTECTED
final_report_files/snakemake-last-mile-tutorial/.snakemake/conda/aa53b0a3acb04f06c3b0eace98ae6e99_/lib/python3.11/site-packages/pandas/tests/copy_view/__init__.py	UNTRACKED		PROTECTED
final_report_files/snakemake-last-mile-tutorial/.snakemake/conda/aa53b0a3acb04f06c3b0eace98ae6e99_/lib/python3.11/site-packages/pandas/tests/copy_view/index/__init__.py	UNTRACKED		PROTECTED
final_report_files/snakemake-last-mile-tutorial/.snakemake/conda/aa53b0a3acb04f06c3b0eace98ae6e99_/lib/python3.11/site-packages/pandas/tests/dtypes/__init__.py	UNTRACKED		PROTECTED
final_report_files/snakemake-last-mile-tutorial/.snakemake/conda/aa53b0a3acb04f06c3b0eace98ae6e99_/lib/python3.11/site-packages/pandas/tests/dtypes/cast/__init__.py	UNTRACKED		PROTECTED
final_report_files/snakemake-last-mile-tutorial/.snakemake/conda/aa53b0a3acb04f06c3b0eace98ae6e99_/lib/python3.11/site-packages/pandas/tests/extension/__init__.py	UNTRACKED		PROTECTED
final_report_files/snakemake-last-mile-tutorial/.snakemake/conda/aa53b0a3acb04f06c3b0eace98ae6e99_/lib/python3.11/site-packages/pandas/tests/extension/uuid/__init__.py	UNTRACKED		PROTECTED
final_report_files/snakemake-last-mile-tutorial/.snakemake/conda/aa53b0a3acb04f06c3b0eace98ae6e99_/lib/python3.11/site-packages/pandas/tests/frame/__init__.py	UNTRACKED		PROTECTED
final_report_files/snakemake-last-mile-tutorial/.snakemake/conda/aa53b0a3acb04f06c3b0eace98ae6e99_/lib/python3.11/site-packages/pandas/tests/frame/constructors/__init__.py	UNTRACKED		PROTECTED
final_report_files/snakemake-last-mile-tutorial/.snakemake/conda/aa53b0a3acb04f06c3b0eace98ae6e99_/lib/python3.11/site-packages/pandas/tests/frame/indexing/__init__.py	UNTRACKED		PROTECTED
final_report_files/snakemake-last-mile-tutorial/.snakemake/conda/aa53b0a3acb04f06c3b0eace98ae6e99_/lib/python3.11/site-packages/pandas/tests/generic/__init__.py	UNTRACKED		PROTECTED
final_report_files/snakemake-last-mile-tutorial/.snakemake/conda/aa53b0a3acb04f06c3b0eace98ae6e99_/lib/python3.11/site-packages/pandas/tests/groupby/aggregate/__init__.py	UNTRACKED		PROTECTED
final_report_files/snakemake-last-mile-tutorial/.snakemake/conda/aa53b0a3acb04f06c3b0eace98ae6e99_/lib/python3.11/site-packages/pandas/tests/groupby/methods/__init__.py	UNTRACKED		PROTECTED
final_report_files/snakemake-last-mile-tutorial/.snakemake/conda/aa53b0a3acb04f06c3b0eace98ae6e99_/lib/python3.11/site-packages/pandas/tests/groupby/transform/__init__.py	UNTRACKED		PROTECTED
final_report_files/snakemake-last-mile-tutorial/.snakemake/conda/aa53b0a3acb04f06c3b0eace98ae6e99_/lib/python3.11/site-packages/pandas/tests/indexes/__init__.py	UNTRACKED		PROTECTED
final_report_files/snakemake-last-mile-tutorial/.snakemake/conda/aa53b0a3acb04f06c3b0eace98ae6e99_/lib/python3.11/site-packages/pandas/tests/indexes/base_class/__init__.py	UNTRACKED		PROTECTED
final_report_files/snakemake-last-mile-tutorial/.snakemake/conda/aa53b0a3acb04f06c3b0eace98ae6e99_/lib/python3.11/site-packages/pandas/tests/indexes/categorical/__init__.py	UNTRACKED		PROTECTED
final_report_files/snakemake-last-mile-tutorial/.snakemake/conda/aa53b0a3acb04f06c3b0eace98ae6e99_/lib/python3.11/site-packages/pandas/tests/indexes/datetimelike_/__init__.py	UNTRACKED		PROTECTED
final_report_files/snakemake-last-mile-tutorial/.snakemake/conda/aa53b0a3acb04f06c3b0eace98ae6e99_/lib/python3.11/site-packages/pandas/tests/indexes/datetimes/__init__.py	UNTRACKED		PROTECTED
final_report_files/snakemake-last-mile-tutorial/.snakemake/conda/aa53b0a3acb04f06c3b0eace98ae6e99_/lib/python3.11/site-packages/pandas/tests/indexes/datetimes/methods/__init__.py	UNTRACKED		PROTECTED
final_report_files/snakemake-last-mile-tutorial/.snakemake/conda/aa53b0a3acb04f06c3b0eace98ae6e99_/lib/python3.11/site-packages/pandas/tests/indexes/interval/__init__.py	UNTRACKED		PROTECTED
final_report_files/snakemake-last-mile-tutorial/.snakemake/conda/aa53b0a3acb04f06c3b0eace98ae6e99_/lib/python3.11/site-packages/pandas/tests/indexes/multi/__init__.py	UNTRACKED		PROTECTED
final_report_files/snakemake-last-mile-tutorial/.snakemake/conda/aa53b0a3acb04f06c3b0eace98ae6e99_/lib/python3.11/site-packages/pandas/tests/indexes/numeric/__init__.py	UNTRACKED		PROTECTED
final_report_files/snakemake-last-mile-tutorial/.snakemake/conda/aa53b0a3acb04f06c3b0eace98ae6e99_/lib/python3.11/site-packages/pandas/tests/indexes/object/__init__.py	UNTRACKED		PROTECTED
final_report_files/snakemake-last-mile-tutorial/.snakemake/conda/aa53b0a3acb04f06c3b0eace98ae6e99_/lib/python3.11/site-packages/pandas/tests/indexes/period/__init__.py	UNTRACKED		PROTECTED
final_report_files/snakemake-last-mile-tutorial/.snakemake/conda/aa53b0a3acb04f06c3b0eace98ae6e99_/lib/python3.11/site-packages/pandas/tests/indexes/period/methods/__init__.py	UNTRACKED		PROTECTED
final_report_files/snakemake-last-mile-tutorial/.snakemake/conda/aa53b0a3acb04f06c3b0eace98ae6e99_/lib/python3.11/site-packages/pandas/tests/indexes/ranges/__init__.py	UNTRACKED		PROTECTED
final_report_files/snakemake-last-mile-tutorial/.snakemake/conda/aa53b0a3acb04f06c3b0eace98ae6e99_/lib/python3.11/site-packages/pandas/tests/indexes/string/__init__.py	UNTRACKED		PROTECTED
final_report_files/snakemake-last-mile-tutorial/.snakemake/conda/aa53b0a3acb04f06c3b0eace98ae6e99_/lib/python3.11/site-packages/pandas/tests/indexes/timedeltas/__init__.py	UNTRACKED		PROTECTED
final_report_files/snakemake-last-mile-tutorial/.snakemake/conda/aa53b0a3acb04f06c3b0eace98ae6e99_/lib/python3.11/site-packages/pandas/tests/indexes/timedeltas/methods/__init__.py	UNTRACKED		PROTECTED
final_report_files/snakemake-last-mile-tutorial/.snakemake/conda/aa53b0a3acb04f06c3b0eace98ae6e99_/lib/python3.11/site-packages/pandas/tests/indexing/__init__.py	UNTRACKED		PROTECTED
final_report_files/snakemake-last-mile-tutorial/.snakemake/conda/aa53b0a3acb04f06c3b0eace98ae6e99_/lib/python3.11/site-packages/pandas/tests/indexing/interval/__init__.py	UNTRACKED		PROTECTED
final_report_files/snakemake-last-mile-tutorial/.snakemake/conda/aa53b0a3acb04f06c3b0eace98ae6e99_/lib/python3.11/site-packages/pandas/tests/indexing/multiindex/__init__.py	UNTRACKED		PROTECTED
final_report_files/snakemake-last-mile-tutorial/.snakemake/conda/aa53b0a3acb04f06c3b0eace98ae6e99_/lib/python3.11/site-packages/pandas/tests/interchange/__init__.py	UNTRACKED		PROTECTED
final_report_files/snakemake-last-mile-tutorial/.snakemake/conda/aa53b0a3acb04f06c3b0eace98ae6e99_/lib/python3.11/site-packages/pandas/tests/internals/__init__.py	UNTRACKED		PROTECTED
final_report_files/snakemake-last-mile-tutorial/.snakemake/conda/aa53b0a3acb04f06c3b0eace98ae6e99_/lib/python3.11/site-packages/pandas/tests/io/__init__.py	UNTRACKED		PROTECTED
final_report_files/snakemake-last-mile-tutorial/.snakemake/conda/aa53b0a3acb04f06c3b0eace98ae6e99_/lib/python3.11/site-packages/pandas/tests/io/excel/__init__.py	UNTRACKED		PROTECTED
final_report_files/snakemake-last-mile-tutorial/.snakemake/conda/aa53b0a3acb04f06c3b0eace98ae6e99_/lib/python3.11/site-packages/pandas/tests/io/formats/__init__.py	UNTRACKED		PROTECTED
final_report_files/snakemake-last-mile-tutorial/.snakemake/conda/aa53b0a3acb04f06c3b0eace98ae6e99_/lib/python3.11/site-packages/pandas/tests/io/formats/style/__init__.py	UNTRACKED		PROTECTED
final_report_files/snakemake-last-mile-tutorial/.snakemake/conda/aa53b0a3acb04f06c3b0eace98ae6e99_/lib/python3.11/site-packages/pandas/tests/io/json/__init__.py	UNTRACKED		PROTECTED
final_report_files/snakemake-last-mile-tutorial/.snakemake/conda/aa53b0a3acb04f06c3b0eace98ae6e99_/lib/python3.11/site-packages/pandas/tests/io/parser/__init__.py	UNTRACKED		PROTECTED
final_report_files/snakemake-last-mile-tutorial/.snakemake/conda/aa53b0a3acb04f06c3b0eace98ae6e99_/lib/python3.11/site-packages/pandas/tests/io/parser/common/__init__.py	UNTRACKED		PROTECTED
final_report_files/snakemake-last-mile-tutorial/.snakemake/conda/aa53b0a3acb04f06c3b0eace98ae6e99_/lib/python3.11/site-packages/pandas/tests/io/parser/dtypes/__init__.py	UNTRACKED		PROTECTED
final_report_files/snakemake-last-mile-tutorial/.snakemake/conda/aa53b0a3acb04f06c3b0eace98ae6e99_/lib/python3.11/site-packages/pandas/tests/io/parser/usecols/__init__.py	UNTRACKED		PROTECTED
final_report_files/snakemake-last-mile-tutorial/.snakemake/conda/aa53b0a3acb04f06c3b0eace98ae6e99_/lib/python3.11/site-packages/pandas/tests/io/pytables/__init__.py	UNTRACKED		PROTECTED
final_report_files/snakemake-last-mile-tutorial/.snakemake/conda/aa53b0a3acb04f06c3b0eace98ae6e99_/lib/python3.11/site-packages/pandas/tests/io/pytables/common.py	UNTRACKED		PROTECTED
final_report_files/snakemake-last-mile-tutorial/.snakemake/conda/aa53b0a3acb04f06c3b0eace98ae6e99_/lib/python3.11/site-packages/pandas/tests/io/sas/__init__.py	UNTRACKED		PROTECTED
final_report_files/snakemake-last-mile-tutorial/.snakemake/conda/aa53b0a3acb04f06c3b0eace98ae6e99_/lib/python3.11/site-packages/pandas/tests/io/xml/__init__.py	UNTRACKED		PROTECTED
final_report_files/snakemake-last-mile-tutorial/.snakemake/conda/aa53b0a3acb04f06c3b0eace98ae6e99_/lib/python3.11/site-packages/pandas/tests/libs/__init__.py	UNTRACKED		PROTECTED
final_report_files/snakemake-last-mile-tutorial/.snakemake/conda/aa53b0a3acb04f06c3b0eace98ae6e99_/lib/python3.11/site-packages/pandas/tests/plotting/__init__.py	UNTRACKED		PROTECTED
final_report_files/snakemake-last-mile-tutorial/.snakemake/conda/aa53b0a3acb04f06c3b0eace98ae6e99_/lib/python3.11/site-packages/pandas/tests/plotting/frame/__init__.py	UNTRACKED		PROTECTED
final_report_files/snakemake-last-mile-tutorial/.snakemake/conda/aa53b0a3acb04f06c3b0eace98ae6e99_/lib/python3.11/site-packages/pandas/tests/resample/__init__.py	UNTRACKED		PROTECTED
final_report_files/snakemake-last-mile-tutorial/.snakemake/conda/aa53b0a3acb04f06c3b0eace98ae6e99_/lib/python3.11/site-packages/pandas/tests/reshape/__init__.py	UNTRACKED		PROTECTED
final_report_files/snakemake-last-mile-tutorial/.snakemake/conda/aa53b0a3acb04f06c3b0eace98ae6e99_/lib/python3.11/site-packages/pandas/tests/reshape/concat/__init__.py	UNTRACKED		PROTECTED
final_report_files/snakemake-last-mile-tutorial/.snakemake/conda/aa53b0a3acb04f06c3b0eace98ae6e99_/lib/python3.11/site-packages/pandas/tests/reshape/merge/__init__.py	UNTRACKED		PROTECTED
final_report_files/snakemake-last-mile-tutorial/.snakemake/conda/aa53b0a3acb04f06c3b0eace98ae6e99_/lib/python3.11/site-packages/pandas/tests/scalar/__init__.py	UNTRACKED		PROTECTED
final_report_files/snakemake-last-mile-tutorial/.snakemake/conda/aa53b0a3acb04f06c3b0eace98ae6e99_/lib/python3.11/site-packages/pandas/tests/scalar/interval/__init__.py	UNTRACKED		PROTECTED
final_report_files/snakemake-last-mile-tutorial/.snakemake/conda/aa53b0a3acb04f06c3b0eace98ae6e99_/lib/python3.11/site-packages/pandas/tests/scalar/period/__init__.py	UNTRACKED		PROTECTED
final_report_files/snakemake-last-mile-tutorial/.snakemake/conda/aa53b0a3acb04f06c3b0eace98ae6e99_/lib/python3.11/site-packages/pandas/tests/scalar/timedelta/__init__.py	UNTRACKED		PROTECTED
final_report_files/snakemake-last-mile-tutorial/.snakemake/conda/aa53b0a3acb04f06c3b0eace98ae6e99_/lib/python3.11/site-packages/pandas/tests/scalar/timedelta/methods/__init__.py	UNTRACKED		PROTECTED
final_report_files/snakemake-last-mile-tutorial/.snakemake/conda/aa53b0a3acb04f06c3b0eace98ae6e99_/lib/python3.11/site-packages/pandas/tests/scalar/timestamp/__init__.py	UNTRACKED		PROTECTED
final_report_files/snakemake-last-mile-tutorial/.snakemake/conda/aa53b0a3acb04f06c3b0eace98ae6e99_/lib/python3.11/site-packages/pandas/tests/scalar/timestamp/methods/__init__.py	UNTRACKED		PROTECTED
final_report_files/snakemake-last-mile-tutorial/.snakemake/conda/aa53b0a3acb04f06c3b0eace98ae6e99_/lib/python3.11/site-packages/pandas/tests/series/__init__.py	UNTRACKED		PROTECTED
final_report_files/snakemake-last-mile-tutorial/.snakemake/conda/aa53b0a3acb04f06c3b0eace98ae6e99_/lib/python3.11/site-packages/pandas/tests/series/accessors/__init__.py	UNTRACKED		PROTECTED
final_report_files/snakemake-last-mile-tutorial/.snakemake/conda/aa53b0a3acb04f06c3b0eace98ae6e99_/lib/python3.11/site-packages/pandas/tests/series/indexing/__init__.py	UNTRACKED		PROTECTED
final_report_files/snakemake-last-mile-tutorial/.snakemake/conda/aa53b0a3acb04f06c3b0eace98ae6e99_/lib/python3.11/site-packages/pandas/tests/tools/__init__.py	UNTRACKED		PROTECTED
final_report_files/snakemake-last-mile-tutorial/.snakemake/conda/aa53b0a3acb04f06c3b0eace98ae6e99_/lib/python3.11/site-packages/pandas/tests/tseries/__init__.py	UNTRACKED		PROTECTED
final_report_files/snakemake-last-mile-tutorial/.snakemake/conda/aa53b0a3acb04f06c3b0eace98ae6e99_/lib/python3.11/site-packages/pandas/tests/tseries/frequencies/__init__.py	UNTRACKED		PROTECTED
final_report_files/snakemake-last-mile-tutorial/.snakemake/conda/aa53b0a3acb04f06c3b0eace98ae6e99_/lib/python3.11/site-packages/pandas/tests/tseries/holiday/__init__.py	UNTRACKED		PROTECTED
final_report_files/snakemake-last-mile-tutorial/.snakemake/conda/aa53b0a3acb04f06c3b0eace98ae6e99_/lib/python3.11/site-packages/pandas/tests/tseries/offsets/__init__.py	UNTRACKED		PROTECTED
final_report_files/snakemake-last-mile-tutorial/.snakemake/conda/aa53b0a3acb04f06c3b0eace98ae6e99_/lib/python3.11/site-packages/pandas/tests/tslibs/__init__.py	UNTRACKED		PROTECTED
final_report_files/snakemake-last-mile-tutorial/.snakemake/conda/aa53b0a3acb04f06c3b0eace98ae6e99_/lib/python3.11/site-packages/pandas/tests/util/__init__.py	UNTRACKED		PROTECTED
final_report_files/snakemake-last-mile-tutorial/.snakemake/conda/aa53b0a3acb04f06c3b0eace98ae6e99_/lib/python3.11/site-packages/pandas/tests/window/__init__.py	UNTRACKED		PROTECTED
final_report_files/snakemake-last-mile-tutorial/.snakemake/conda/aa53b0a3acb04f06c3b0eace98ae6e99_/lib/python3.11/site-packages/pandas/tests/window/moments/__init__.py	UNTRACKED		PROTECTED
final_report_files/snakemake-last-mile-tutorial/.snakemake/conda/aa53b0a3acb04f06c3b0eace98ae6e99_/lib/python3.11/site-packages/pandocfilters-1.5.0.dist-info/REQUESTED	UNTRACKED		PROTECTED
final_report_files/snakemake-last-mile-tutorial/.snakemake/conda/aa53b0a3acb04f06c3b0eace98ae6e99_/lib/python3.11/site-packages/parso-0.8.7.dist-info/REQUESTED	UNTRACKED		PROTECTED
final_report_files/snakemake-last-mile-tutorial/.snakemake/conda/aa53b0a3acb04f06c3b0eace98ae6e99_/lib/python3.11/site-packages/parso/py.typed	UNTRACKED		PROTECTED
final_report_files/snakemake-last-mile-tutorial/.snakemake/conda/aa53b0a3acb04f06c3b0eace98ae6e99_/lib/python3.11/site-packages/parso/python/__init__.py	UNTRACKED		PROTECTED
final_report_files/snakemake-last-mile-tutorial/.snakemake/conda/aa53b0a3acb04f06c3b0eace98ae6e99_/lib/python3.11/site-packages/pexpect-4.9.0.dist-info/REQUESTED	UNTRACKED		PROTECTED
final_report_files/snakemake-last-mile-tutorial/.snakemake/conda/aa53b0a3acb04f06c3b0eace98ae6e99_/lib/python3.11/site-packages/platformdirs-4.11.0.dist-info/REQUESTED	UNTRACKED		PROTECTED
final_report_files/snakemake-last-mile-tutorial/.snakemake/conda/aa53b0a3acb04f06c3b0eace98ae6e99_/lib/python3.11/site-packages/platformdirs/py.typed	UNTRACKED		PROTECTED
final_report_files/snakemake-last-mile-tutorial/.snakemake/conda/aa53b0a3acb04f06c3b0eace98ae6e99_/lib/python3.11/site-packages/polars-1.1.0.dist-info/REQUESTED	UNTRACKED		PROTECTED
final_report_files/snakemake-last-mile-tutorial/.snakemake/conda/aa53b0a3acb04f06c3b0eace98ae6e99_/lib/python3.11/site-packages/polars/ml/__init__.py	UNTRACKED		PROTECTED
final_report_files/snakemake-last-mile-tutorial/.snakemake/conda/aa53b0a3acb04f06c3b0eace98ae6e99_/lib/python3.11/site-packages/polars/py.typed	UNTRACKED		PROTECTED
final_report_files/snakemake-last-mile-tutorial/.snakemake/conda/aa53b0a3acb04f06c3b0eace98ae6e99_/lib/python3.11/site-packages/prometheus_client-0.26.0.dist-info/REQUESTED	UNTRACKED		PROTECTED
final_report_files/snakemake-last-mile-tutorial/.snakemake/conda/aa53b0a3acb04f06c3b0eace98ae6e99_/lib/python3.11/site-packages/prometheus_client/bridge/__init__.py	UNTRACKED		PROTECTED
final_report_files/snakemake-last-mile-tutorial/.snakemake/conda/aa53b0a3acb04f06c3b0eace98ae6e99_/lib/python3.11/site-packages/prometheus_client/openmetrics/__init__.py	UNTRACKED		PROTECTED
final_report_files/snakemake-last-mile-tutorial/.snakemake/conda/aa53b0a3acb04f06c3b0eace98ae6e99_/lib/python3.11/site-packages/prometheus_client/py.typed	UNTRACKED		PROTECTED
final_report_files/snakemake-last-mile-tutorial/.snakemake/conda/aa53b0a3acb04f06c3b0eace98ae6e99_/lib/python3.11/site-packages/prompt_toolkit-3.0.52.dist-info/REQUESTED	UNTRACKED		PROTECTED
final_report_files/snakemake-last-mile-tutorial/.snakemake/conda/aa53b0a3acb04f06c3b0eace98ae6e99_/lib/python3.11/site-packages/prompt_toolkit/contrib/__init__.py	UNTRACKED		PROTECTED
final_report_files/snakemake-last-mile-tutorial/.snakemake/conda/aa53b0a3acb04f06c3b0eace98ae6e99_/lib/python3.11/site-packages/prompt_toolkit/key_binding/bindings/__init__.py	UNTRACKED		PROTECTED
final_report_files/snakemake-last-mile-tutorial/.snakemake/conda/aa53b0a3acb04f06c3b0eace98ae6e99_/lib/python3.11/site-packages/prompt_toolkit/py.typed	UNTRACKED		PROTECTED
final_report_files/snakemake-last-mile-tutorial/.snakemake/conda/aa53b0a3acb04f06c3b0eace98ae6e99_/lib/python3.11/site-packages/psutil-7.2.2.dist-info/REQUESTED	UNTRACKED		PROTECTED
final_report_files/snakemake-last-mile-tutorial/.snakemake/conda/aa53b0a3acb04f06c3b0eace98ae6e99_/lib/python3.11/site-packages/ptyprocess-0.7.0.dist-info/REQUESTED	UNTRACKED		PROTECTED
final_report_files/snakemake-last-mile-tutorial/.snakemake/conda/aa53b0a3acb04f06c3b0eace98ae6e99_/lib/python3.11/site-packages/pure_eval-0.2.3.dist-info/REQUESTED	UNTRACKED		PROTECTED
final_report_files/snakemake-last-mile-tutorial/.snakemake/conda/aa53b0a3acb04f06c3b0eace98ae6e99_/lib/python3.11/site-packages/pyarrow-25.0.0.dist-info/REQUESTED	UNTRACKED		PROTECTED
final_report_files/snakemake-last-mile-tutorial/.snakemake/conda/aa53b0a3acb04f06c3b0eace98ae6e99_/lib/python3.11/site-packages/pyarrow/includes/__init__.pxd	UNTRACKED		PROTECTED
final_report_files/snakemake-last-mile-tutorial/.snakemake/conda/aa53b0a3acb04f06c3b0eace98ae6e99_/lib/python3.11/site-packages/pycparser-3.0.dist-info/REQUESTED	UNTRACKED		PROTECTED
final_report_files/snakemake-last-mile-tutorial/.snakemake/conda/aa53b0a3acb04f06c3b0eace98ae6e99_/lib/python3.11/site-packages/pygments-2.20.0.dist-info/REQUESTED	UNTRACKED		PROTECTED
final_report_files/snakemake-last-mile-tutorial/.snakemake/conda/aa53b0a3acb04f06c3b0eace98ae6e99_/lib/python3.11/site-packages/python_dateutil-2.9.0.post0.dist-info/REQUESTED	UNTRACKED		PROTECTED
final_report_files/snakemake-last-mile-tutorial/.snakemake/conda/aa53b0a3acb04f06c3b0eace98ae6e99_/lib/python3.11/site-packages/python_json_logger-4.1.0.dist-info/REQUESTED	UNTRACKED		PROTECTED
final_report_files/snakemake-last-mile-tutorial/.snakemake/conda/aa53b0a3acb04f06c3b0eace98ae6e99_/lib/python3.11/site-packages/pyyaml-6.0.3.dist-info/REQUESTED	UNTRACKED		PROTECTED
final_report_files/snakemake-last-mile-tutorial/.snakemake/conda/aa53b0a3acb04f06c3b0eace98ae6e99_/lib/python3.11/site-packages/pyzmq-27.1.0.dist-info/REQUESTED	UNTRACKED		PROTECTED
final_report_files/snakemake-last-mile-tutorial/.snakemake/conda/aa53b0a3acb04f06c3b0eace98ae6e99_/lib/python3.11/site-packages/referencing-0.37.0.dist-info/REQUESTED	UNTRACKED		PROTECTED
final_report_files/snakemake-last-mile-tutorial/.snakemake/conda/aa53b0a3acb04f06c3b0eace98ae6e99_/lib/python3.11/site-packages/referencing/py.typed	UNTRACKED		PROTECTED
final_report_files/snakemake-last-mile-tutorial/.snakemake/conda/aa53b0a3acb04f06c3b0eace98ae6e99_/lib/python3.11/site-packages/referencing/tests/__init__.py	UNTRACKED		PROTECTED
final_report_files/snakemake-last-mile-tutorial/.snakemake/conda/aa53b0a3acb04f06c3b0eace98ae6e99_/lib/python3.11/site-packages/requests-2.34.2.dist-info/REQUESTED	UNTRACKED		PROTECTED
final_report_files/snakemake-last-mile-tutorial/.snakemake/conda/aa53b0a3acb04f06c3b0eace98ae6e99_/lib/python3.11/site-packages/requests/py.typed	UNTRACKED		PROTECTED
final_report_files/snakemake-last-mile-tutorial/.snakemake/conda/aa53b0a3acb04f06c3b0eace98ae6e99_/lib/python3.11/site-packages/rfc3339_validator-0.1.4.dist-info/REQUESTED	UNTRACKED		PROTECTED
final_report_files/snakemake-last-mile-tutorial/.snakemake/conda/aa53b0a3acb04f06c3b0eace98ae6e99_/lib/python3.11/site-packages/rfc3986_validator-0.1.1.dist-info/REQUESTED	UNTRACKED		PROTECTED
final_report_files/snakemake-last-mile-tutorial/.snakemake/conda/aa53b0a3acb04f06c3b0eace98ae6e99_/lib/python3.11/site-packages/rfc3987_syntax-1.1.0.dist-info/REQUESTED	UNTRACKED		PROTECTED
final_report_files/snakemake-last-mile-tutorial/.snakemake/conda/aa53b0a3acb04f06c3b0eace98ae6e99_/lib/python3.11/site-packages/rpds/py.typed	UNTRACKED		PROTECTED
final_report_files/snakemake-last-mile-tutorial/.snakemake/conda/aa53b0a3acb04f06c3b0eace98ae6e99_/lib/python3.11/site-packages/rpds_py-2026.6.3.dist-info/REQUESTED	UNTRACKED		PROTECTED
final_report_files/snakemake-last-mile-tutorial/.snakemake/conda/aa53b0a3acb04f06c3b0eace98ae6e99_/lib/python3.11/site-packages/send2trash-2.1.0.dist-info/REQUESTED	UNTRACKED		PROTECTED
final_report_files/snakemake-last-mile-tutorial/.snakemake/conda/aa53b0a3acb04f06c3b0eace98ae6e99_/lib/python3.11/site-packages/setuptools/_distutils/tests/compat/__init__.py	UNTRACKED		PROTECTED
final_report_files/snakemake-last-mile-tutorial/.snakemake/conda/aa53b0a3acb04f06c3b0eace98ae6e99_/lib/python3.11/site-packages/setuptools/_distutils/tests/test_versionpredicate.py	UNTRACKED		PROTECTED
final_report_files/snakemake-last-mile-tutorial/.snakemake/conda/aa53b0a3acb04f06c3b0eace98ae6e99_/lib/python3.11/site-packages/setuptools/_vendor/.lock	UNTRACKED	MARKER	PROTECTED
final_report_files/snakemake-last-mile-tutorial/.snakemake/conda/aa53b0a3acb04f06c3b0eace98ae6e99_/lib/python3.11/site-packages/setuptools/_vendor/autocommand-2.2.2.dist-info/REQUESTED	UNTRACKED		PROTECTED
final_report_files/snakemake-last-mile-tutorial/.snakemake/conda/aa53b0a3acb04f06c3b0eace98ae6e99_/lib/python3.11/site-packages/setuptools/_vendor/backports.tarfile-1.2.0.dist-info/REQUESTED	UNTRACKED		PROTECTED
final_report_files/snakemake-last-mile-tutorial/.snakemake/conda/aa53b0a3acb04f06c3b0eace98ae6e99_/lib/python3.11/site-packages/setuptools/_vendor/backports/tarfile/compat/__init__.py	UNTRACKED		PROTECTED
final_report_files/snakemake-last-mile-tutorial/.snakemake/conda/aa53b0a3acb04f06c3b0eace98ae6e99_/lib/python3.11/site-packages/setuptools/_vendor/importlib_metadata-8.7.1.dist-info/REQUESTED	UNTRACKED		PROTECTED
final_report_files/snakemake-last-mile-tutorial/.snakemake/conda/aa53b0a3acb04f06c3b0eace98ae6e99_/lib/python3.11/site-packages/setuptools/_vendor/importlib_metadata/compat/__init__.py	UNTRACKED		PROTECTED
final_report_files/snakemake-last-mile-tutorial/.snakemake/conda/aa53b0a3acb04f06c3b0eace98ae6e99_/lib/python3.11/site-packages/setuptools/_vendor/importlib_metadata/py.typed	UNTRACKED		PROTECTED
final_report_files/snakemake-last-mile-tutorial/.snakemake/conda/aa53b0a3acb04f06c3b0eace98ae6e99_/lib/python3.11/site-packages/setuptools/_vendor/jaraco.text-4.0.0.dist-info/REQUESTED	UNTRACKED		PROTECTED
final_report_files/snakemake-last-mile-tutorial/.snakemake/conda/aa53b0a3acb04f06c3b0eace98ae6e99_/lib/python3.11/site-packages/setuptools/_vendor/jaraco/context/py.typed	UNTRACKED		PROTECTED
final_report_files/snakemake-last-mile-tutorial/.snakemake/conda/aa53b0a3acb04f06c3b0eace98ae6e99_/lib/python3.11/site-packages/setuptools/_vendor/jaraco/functools/py.typed	UNTRACKED		PROTECTED
final_report_files/snakemake-last-mile-tutorial/.snakemake/conda/aa53b0a3acb04f06c3b0eace98ae6e99_/lib/python3.11/site-packages/setuptools/_vendor/jaraco_context-6.1.0.dist-info/REQUESTED	UNTRACKED		PROTECTED
final_report_files/snakemake-last-mile-tutorial/.snakemake/conda/aa53b0a3acb04f06c3b0eace98ae6e99_/lib/python3.11/site-packages/setuptools/_vendor/jaraco_functools-4.4.0.dist-info/REQUESTED	UNTRACKED		PROTECTED
final_report_files/snakemake-last-mile-tutorial/.snakemake/conda/aa53b0a3acb04f06c3b0eace98ae6e99_/lib/python3.11/site-packages/setuptools/_vendor/more_itertools-10.8.0.dist-info/REQUESTED	UNTRACKED		PROTECTED
final_report_files/snakemake-last-mile-tutorial/.snakemake/conda/aa53b0a3acb04f06c3b0eace98ae6e99_/lib/python3.11/site-packages/setuptools/_vendor/more_itertools/py.typed	UNTRACKED		PROTECTED
final_report_files/snakemake-last-mile-tutorial/.snakemake/conda/aa53b0a3acb04f06c3b0eace98ae6e99_/lib/python3.11/site-packages/setuptools/_vendor/packaging-26.0.dist-info/REQUESTED	UNTRACKED		PROTECTED
final_report_files/snakemake-last-mile-tutorial/.snakemake/conda/aa53b0a3acb04f06c3b0eace98ae6e99_/lib/python3.11/site-packages/setuptools/_vendor/packaging/py.typed	UNTRACKED		PROTECTED
final_report_files/snakemake-last-mile-tutorial/.snakemake/conda/aa53b0a3acb04f06c3b0eace98ae6e99_/lib/python3.11/site-packages/setuptools/_vendor/platformdirs-4.4.0.dist-info/REQUESTED	UNTRACKED		PROTECTED
final_report_files/snakemake-last-mile-tutorial/.snakemake/conda/aa53b0a3acb04f06c3b0eace98ae6e99_/lib/python3.11/site-packages/setuptools/_vendor/platformdirs/py.typed	UNTRACKED		PROTECTED
final_report_files/snakemake-last-mile-tutorial/.snakemake/conda/aa53b0a3acb04f06c3b0eace98ae6e99_/lib/python3.11/site-packages/setuptools/_vendor/tomli-2.4.0.dist-info/REQUESTED	UNTRACKED		PROTECTED
final_report_files/snakemake-last-mile-tutorial/.snakemake/conda/aa53b0a3acb04f06c3b0eace98ae6e99_/lib/python3.11/site-packages/setuptools/_vendor/wheel-0.46.3.dist-info/REQUESTED	UNTRACKED		PROTECTED
final_report_files/snakemake-last-mile-tutorial/.snakemake/conda/aa53b0a3acb04f06c3b0eace98ae6e99_/lib/python3.11/site-packages/setuptools/_vendor/zipp-3.23.0.dist-info/REQUESTED	UNTRACKED		PROTECTED
final_report_files/snakemake-last-mile-tutorial/.snakemake/conda/aa53b0a3acb04f06c3b0eace98ae6e99_/lib/python3.11/site-packages/setuptools/_vendor/zipp/compat/__init__.py	UNTRACKED		PROTECTED
final_report_files/snakemake-last-mile-tutorial/.snakemake/conda/aa53b0a3acb04f06c3b0eace98ae6e99_/lib/python3.11/site-packages/setuptools/compat/__init__.py	UNTRACKED		PROTECTED
final_report_files/snakemake-last-mile-tutorial/.snakemake/conda/aa53b0a3acb04f06c3b0eace98ae6e99_/lib/python3.11/site-packages/setuptools/tests/compat/__init__.py	UNTRACKED		PROTECTED
final_report_files/snakemake-last-mile-tutorial/.snakemake/conda/aa53b0a3acb04f06c3b0eace98ae6e99_/lib/python3.11/site-packages/setuptools/tests/config/__init__.py	UNTRACKED		PROTECTED
final_report_files/snakemake-last-mile-tutorial/.snakemake/conda/aa53b0a3acb04f06c3b0eace98ae6e99_/lib/python3.11/site-packages/setuptools/tests/integration/__init__.py	UNTRACKED		PROTECTED
final_report_files/snakemake-last-mile-tutorial/.snakemake/conda/aa53b0a3acb04f06c3b0eace98ae6e99_/lib/python3.11/site-packages/six-1.17.0.dist-info/REQUESTED	UNTRACKED		PROTECTED
final_report_files/snakemake-last-mile-tutorial/.snakemake/conda/aa53b0a3acb04f06c3b0eace98ae6e99_/lib/python3.11/site-packages/sniffio-1.3.1.dist-info/REQUESTED	UNTRACKED		PROTECTED
final_report_files/snakemake-last-mile-tutorial/.snakemake/conda/aa53b0a3acb04f06c3b0eace98ae6e99_/lib/python3.11/site-packages/sniffio/_tests/__init__.py	UNTRACKED		PROTECTED
final_report_files/snakemake-last-mile-tutorial/.snakemake/conda/aa53b0a3acb04f06c3b0eace98ae6e99_/lib/python3.11/site-packages/sniffio/py.typed	UNTRACKED		PROTECTED
final_report_files/snakemake-last-mile-tutorial/.snakemake/conda/aa53b0a3acb04f06c3b0eace98ae6e99_/lib/python3.11/site-packages/soupsieve-2.9.1.dist-info/REQUESTED	UNTRACKED		PROTECTED
final_report_files/snakemake-last-mile-tutorial/.snakemake/conda/aa53b0a3acb04f06c3b0eace98ae6e99_/lib/python3.11/site-packages/soupsieve/py.typed	UNTRACKED		PROTECTED
final_report_files/snakemake-last-mile-tutorial/.snakemake/conda/aa53b0a3acb04f06c3b0eace98ae6e99_/lib/python3.11/site-packages/stack_data-0.6.3.dist-info/REQUESTED	UNTRACKED		PROTECTED
final_report_files/snakemake-last-mile-tutorial/.snakemake/conda/aa53b0a3acb04f06c3b0eace98ae6e99_/lib/python3.11/site-packages/terminado-0.18.1.dist-info/REQUESTED	UNTRACKED		PROTECTED
final_report_files/snakemake-last-mile-tutorial/.snakemake/conda/aa53b0a3acb04f06c3b0eace98ae6e99_/lib/python3.11/site-packages/terminado/py.typed	UNTRACKED		PROTECTED
final_report_files/snakemake-last-mile-tutorial/.snakemake/conda/aa53b0a3acb04f06c3b0eace98ae6e99_/lib/python3.11/site-packages/tinycss2-1.4.0.dist-info/REQUESTED	UNTRACKED		PROTECTED
final_report_files/snakemake-last-mile-tutorial/.snakemake/conda/aa53b0a3acb04f06c3b0eace98ae6e99_/lib/python3.11/site-packages/tomli-2.4.1.dist-info/REQUESTED	UNTRACKED		PROTECTED
final_report_files/snakemake-last-mile-tutorial/.snakemake/conda/aa53b0a3acb04f06c3b0eace98ae6e99_/lib/python3.11/site-packages/tornado-6.5.7.dist-info/REQUESTED	UNTRACKED		PROTECTED
final_report_files/snakemake-last-mile-tutorial/.snakemake/conda/aa53b0a3acb04f06c3b0eace98ae6e99_/lib/python3.11/site-packages/tornado/platform/__init__.py	UNTRACKED		PROTECTED
final_report_files/snakemake-last-mile-tutorial/.snakemake/conda/aa53b0a3acb04f06c3b0eace98ae6e99_/lib/python3.11/site-packages/tornado/py.typed	UNTRACKED		PROTECTED
final_report_files/snakemake-last-mile-tutorial/.snakemake/conda/aa53b0a3acb04f06c3b0eace98ae6e99_/lib/python3.11/site-packages/tornado/test/__init__.py	UNTRACKED		PROTECTED
final_report_files/snakemake-last-mile-tutorial/.snakemake/conda/aa53b0a3acb04f06c3b0eace98ae6e99_/lib/python3.11/site-packages/traitlets-5.15.1.dist-info/REQUESTED	UNTRACKED		PROTECTED
final_report_files/snakemake-last-mile-tutorial/.snakemake/conda/aa53b0a3acb04f06c3b0eace98ae6e99_/lib/python3.11/site-packages/traitlets/py.typed	UNTRACKED		PROTECTED
final_report_files/snakemake-last-mile-tutorial/.snakemake/conda/aa53b0a3acb04f06c3b0eace98ae6e99_/lib/python3.11/site-packages/traitlets/tests/__init__.py	UNTRACKED		PROTECTED
final_report_files/snakemake-last-mile-tutorial/.snakemake/conda/aa53b0a3acb04f06c3b0eace98ae6e99_/lib/python3.11/site-packages/typing_extensions-4.16.0.dist-info/REQUESTED	UNTRACKED		PROTECTED
final_report_files/snakemake-last-mile-tutorial/.snakemake/conda/aa53b0a3acb04f06c3b0eace98ae6e99_/lib/python3.11/site-packages/typing_utils-0.1.0.dist-info/REQUESTED	UNTRACKED		PROTECTED
final_report_files/snakemake-last-mile-tutorial/.snakemake/conda/aa53b0a3acb04f06c3b0eace98ae6e99_/lib/python3.11/site-packages/tzdata-2026.3.dist-info/REQUESTED	UNTRACKED		PROTECTED
final_report_files/snakemake-last-mile-tutorial/.snakemake/conda/aa53b0a3acb04f06c3b0eace98ae6e99_/lib/python3.11/site-packages/tzdata/zoneinfo/Africa/__init__.py	UNTRACKED		PROTECTED
final_report_files/snakemake-last-mile-tutorial/.snakemake/conda/aa53b0a3acb04f06c3b0eace98ae6e99_/lib/python3.11/site-packages/tzdata/zoneinfo/America/Argentina/__init__.py	UNTRACKED		PROTECTED
final_report_files/snakemake-last-mile-tutorial/.snakemake/conda/aa53b0a3acb04f06c3b0eace98ae6e99_/lib/python3.11/site-packages/tzdata/zoneinfo/America/Indiana/__init__.py	UNTRACKED		PROTECTED
final_report_files/snakemake-last-mile-tutorial/.snakemake/conda/aa53b0a3acb04f06c3b0eace98ae6e99_/lib/python3.11/site-packages/tzdata/zoneinfo/America/Kentucky/__init__.py	UNTRACKED		PROTECTED
final_report_files/snakemake-last-mile-tutorial/.snakemake/conda/aa53b0a3acb04f06c3b0eace98ae6e99_/lib/python3.11/site-packages/tzdata/zoneinfo/America/North_Dakota/__init__.py	UNTRACKED		PROTECTED
final_report_files/snakemake-last-mile-tutorial/.snakemake/conda/aa53b0a3acb04f06c3b0eace98ae6e99_/lib/python3.11/site-packages/tzdata/zoneinfo/America/__init__.py	UNTRACKED		PROTECTED
final_report_files/snakemake-last-mile-tutorial/.snakemake/conda/aa53b0a3acb04f06c3b0eace98ae6e99_/lib/python3.11/site-packages/tzdata/zoneinfo/Antarctica/__init__.py	UNTRACKED		PROTECTED
final_report_files/snakemake-last-mile-tutorial/.snakemake/conda/aa53b0a3acb04f06c3b0eace98ae6e99_/lib/python3.11/site-packages/tzdata/zoneinfo/Arctic/__init__.py	UNTRACKED		PROTECTED
final_report_files/snakemake-last-mile-tutorial/.snakemake/conda/aa53b0a3acb04f06c3b0eace98ae6e99_/lib/python3.11/site-packages/tzdata/zoneinfo/Asia/__init__.py	UNTRACKED		PROTECTED
final_report_files/snakemake-last-mile-tutorial/.snakemake/conda/aa53b0a3acb04f06c3b0eace98ae6e99_/lib/python3.11/site-packages/tzdata/zoneinfo/Atlantic/__init__.py	UNTRACKED		PROTECTED
final_report_files/snakemake-last-mile-tutorial/.snakemake/conda/aa53b0a3acb04f06c3b0eace98ae6e99_/lib/python3.11/site-packages/tzdata/zoneinfo/Australia/__init__.py	UNTRACKED		PROTECTED
final_report_files/snakemake-last-mile-tutorial/.snakemake/conda/aa53b0a3acb04f06c3b0eace98ae6e99_/lib/python3.11/site-packages/tzdata/zoneinfo/Brazil/__init__.py	UNTRACKED		PROTECTED
final_report_files/snakemake-last-mile-tutorial/.snakemake/conda/aa53b0a3acb04f06c3b0eace98ae6e99_/lib/python3.11/site-packages/tzdata/zoneinfo/Canada/__init__.py	UNTRACKED		PROTECTED
final_report_files/snakemake-last-mile-tutorial/.snakemake/conda/aa53b0a3acb04f06c3b0eace98ae6e99_/lib/python3.11/site-packages/tzdata/zoneinfo/Chile/__init__.py	UNTRACKED		PROTECTED
final_report_files/snakemake-last-mile-tutorial/.snakemake/conda/aa53b0a3acb04f06c3b0eace98ae6e99_/lib/python3.11/site-packages/tzdata/zoneinfo/Etc/__init__.py	UNTRACKED		PROTECTED
final_report_files/snakemake-last-mile-tutorial/.snakemake/conda/aa53b0a3acb04f06c3b0eace98ae6e99_/lib/python3.11/site-packages/tzdata/zoneinfo/Europe/__init__.py	UNTRACKED		PROTECTED
final_report_files/snakemake-last-mile-tutorial/.snakemake/conda/aa53b0a3acb04f06c3b0eace98ae6e99_/lib/python3.11/site-packages/tzdata/zoneinfo/Indian/__init__.py	UNTRACKED		PROTECTED
final_report_files/snakemake-last-mile-tutorial/.snakemake/conda/aa53b0a3acb04f06c3b0eace98ae6e99_/lib/python3.11/site-packages/tzdata/zoneinfo/Mexico/__init__.py	UNTRACKED		PROTECTED
final_report_files/snakemake-last-mile-tutorial/.snakemake/conda/aa53b0a3acb04f06c3b0eace98ae6e99_/lib/python3.11/site-packages/tzdata/zoneinfo/Pacific/__init__.py	UNTRACKED		PROTECTED
final_report_files/snakemake-last-mile-tutorial/.snakemake/conda/aa53b0a3acb04f06c3b0eace98ae6e99_/lib/python3.11/site-packages/tzdata/zoneinfo/US/__init__.py	UNTRACKED		PROTECTED
final_report_files/snakemake-last-mile-tutorial/.snakemake/conda/aa53b0a3acb04f06c3b0eace98ae6e99_/lib/python3.11/site-packages/tzdata/zoneinfo/__init__.py	UNTRACKED		PROTECTED
final_report_files/snakemake-last-mile-tutorial/.snakemake/conda/aa53b0a3acb04f06c3b0eace98ae6e99_/lib/python3.11/site-packages/uri_template-1.3.0.dist-info/REQUESTED	UNTRACKED		PROTECTED
final_report_files/snakemake-last-mile-tutorial/.snakemake/conda/aa53b0a3acb04f06c3b0eace98ae6e99_/lib/python3.11/site-packages/urllib3-2.7.0.dist-info/REQUESTED	UNTRACKED		PROTECTED
final_report_files/snakemake-last-mile-tutorial/.snakemake/conda/aa53b0a3acb04f06c3b0eace98ae6e99_/lib/python3.11/site-packages/urllib3/contrib/__init__.py	UNTRACKED		PROTECTED
final_report_files/snakemake-last-mile-tutorial/.snakemake/conda/aa53b0a3acb04f06c3b0eace98ae6e99_/lib/python3.11/site-packages/vega_datasets-0.9.0.dist-info/REQUESTED	UNTRACKED		PROTECTED
final_report_files/snakemake-last-mile-tutorial/.snakemake/conda/aa53b0a3acb04f06c3b0eace98ae6e99_/lib/python3.11/site-packages/vega_datasets/tests/__init__.py	UNTRACKED		PROTECTED
final_report_files/snakemake-last-mile-tutorial/.snakemake/conda/aa53b0a3acb04f06c3b0eace98ae6e99_/lib/python3.11/site-packages/wcwidth-0.8.2.dist-info/REQUESTED	UNTRACKED		PROTECTED
final_report_files/snakemake-last-mile-tutorial/.snakemake/conda/aa53b0a3acb04f06c3b0eace98ae6e99_/lib/python3.11/site-packages/wcwidth/py.typed	UNTRACKED		PROTECTED
final_report_files/snakemake-last-mile-tutorial/.snakemake/conda/aa53b0a3acb04f06c3b0eace98ae6e99_/lib/python3.11/site-packages/webcolors-25.10.0.dist-info/REQUESTED	UNTRACKED		PROTECTED
final_report_files/snakemake-last-mile-tutorial/.snakemake/conda/aa53b0a3acb04f06c3b0eace98ae6e99_/lib/python3.11/site-packages/webencodings-0.5.1.dist-info/REQUESTED	UNTRACKED		PROTECTED
final_report_files/snakemake-last-mile-tutorial/.snakemake/conda/aa53b0a3acb04f06c3b0eace98ae6e99_/lib/python3.11/site-packages/websocket/py.typed	UNTRACKED		PROTECTED
final_report_files/snakemake-last-mile-tutorial/.snakemake/conda/aa53b0a3acb04f06c3b0eace98ae6e99_/lib/python3.11/site-packages/websocket/tests/__init__.py	UNTRACKED		PROTECTED
final_report_files/snakemake-last-mile-tutorial/.snakemake/conda/aa53b0a3acb04f06c3b0eace98ae6e99_/lib/python3.11/site-packages/websocket_client-1.9.0.dist-info/REQUESTED	UNTRACKED		PROTECTED
final_report_files/snakemake-last-mile-tutorial/.snakemake/conda/aa53b0a3acb04f06c3b0eace98ae6e99_/lib/python3.11/site-packages/zipp-4.1.0.dist-info/REQUESTED	UNTRACKED		PROTECTED
final_report_files/snakemake-last-mile-tutorial/.snakemake/conda/aa53b0a3acb04f06c3b0eace98ae6e99_/lib/python3.11/site-packages/zipp/compat/__init__.py	UNTRACKED		PROTECTED
final_report_files/snakemake-last-mile-tutorial/.snakemake/conda/aa53b0a3acb04f06c3b0eace98ae6e99_/lib/python3.11/site-packages/zmq/log/__init__.py	UNTRACKED		PROTECTED
final_report_files/snakemake-last-mile-tutorial/.snakemake/conda/aa53b0a3acb04f06c3b0eace98ae6e99_/lib/python3.11/site-packages/zmq/py.typed	UNTRACKED		PROTECTED
final_report_files/snakemake-last-mile-tutorial/.snakemake/conda/aa53b0a3acb04f06c3b0eace98ae6e99_/lib/python3.11/site-packages/zmq/utils/__init__.py	UNTRACKED		PROTECTED
final_report_files/snakemake-last-mile-tutorial/.snakemake/conda/aa53b0a3acb04f06c3b0eace98ae6e99_/lib/python3.11/urllib/__init__.py	UNTRACKED		PROTECTED
final_report_files/snakemake-last-mile-tutorial/.snakemake/conda/aa53b0a3acb04f06c3b0eace98ae6e99_/share/jupyter/lab/themes/@jupyterlab/theme-dark-extension/index.js	UNTRACKED		PROTECTED
final_report_files/snakemake-last-mile-tutorial/.snakemake/conda/aa53b0a3acb04f06c3b0eace98ae6e99_/share/jupyter/lab/themes/@jupyterlab/theme-dark-high-contrast-extension/index.js	UNTRACKED		PROTECTED
final_report_files/snakemake-last-mile-tutorial/.snakemake/conda/aa53b0a3acb04f06c3b0eace98ae6e99_/share/jupyter/lab/themes/@jupyterlab/theme-light-extension/index.js	UNTRACKED		PROTECTED
final_report_files/snakemake-last-mile-tutorial/.snakemake/conda/aa53b0a3acb04f06c3b0eace98ae6e99_/ssl/certs/.keep	UNTRACKED		PROTECTED
final_report_files/snakemake-last-mile-tutorial/.snakemake/conda/ab1b8fa18696127807d953619f6db731_.env_setup_done	UNTRACKED		PROTECTED
final_report_files/snakemake-last-mile-tutorial/.snakemake/conda/ab1b8fa18696127807d953619f6db731_/etc/conda/test-files/anyio/1/tests/__init__.py	UNTRACKED		PROTECTED
final_report_files/snakemake-last-mile-tutorial/.snakemake/conda/ab1b8fa18696127807d953619f6db731_/etc/conda/test-files/anyio/1/tests/streams/__init__.py	UNTRACKED		PROTECTED
final_report_files/snakemake-last-mile-tutorial/.snakemake/conda/ab1b8fa18696127807d953619f6db731_/etc/conda/test-files/arrow/1/tests/__init__.py	UNTRACKED		PROTECTED
final_report_files/snakemake-last-mile-tutorial/.snakemake/conda/ab1b8fa18696127807d953619f6db731_/etc/conda/test-files/h2/1/tests/__init__.py	UNTRACKED		PROTECTED
final_report_files/snakemake-last-mile-tutorial/.snakemake/conda/ab1b8fa18696127807d953619f6db731_/etc/conda/test-files/idna/1/tests/__init__.py	UNTRACKED		PROTECTED
final_report_files/snakemake-last-mile-tutorial/.snakemake/conda/ab1b8fa18696127807d953619f6db731_/etc/conda/test-files/ipykernel/1/tests/inprocess/__init__.py	UNTRACKED		PROTECTED
final_report_files/snakemake-last-mile-tutorial/.snakemake/conda/ab1b8fa18696127807d953619f6db731_/etc/conda/test-files/ipython/2/tests/__init__.py	UNTRACKED		PROTECTED
final_report_files/snakemake-last-mile-tutorial/.snakemake/conda/ab1b8fa18696127807d953619f6db731_/etc/conda/test-files/jupyter_client/1/tests/__init__.py	UNTRACKED		PROTECTED
final_report_files/snakemake-last-mile-tutorial/.snakemake/conda/ab1b8fa18696127807d953619f6db731_/etc/conda/test-files/jupyter_core/1/tests/__init__.py	UNTRACKED		PROTECTED
final_report_files/snakemake-last-mile-tutorial/.snakemake/conda/ab1b8fa18696127807d953619f6db731_/etc/conda/test-files/jupyter_server/1/tests/__init__.py	UNTRACKED		PROTECTED
final_report_files/snakemake-last-mile-tutorial/.snakemake/conda/ab1b8fa18696127807d953619f6db731_/etc/conda/test-files/jupyter_server/1/tests/auth/__init__.py	UNTRACKED		PROTECTED
final_report_files/snakemake-last-mile-tutorial/.snakemake/conda/ab1b8fa18696127807d953619f6db731_/etc/conda/test-files/jupyter_server/1/tests/extension/__init__.py	UNTRACKED		PROTECTED
final_report_files/snakemake-last-mile-tutorial/.snakemake/conda/ab1b8fa18696127807d953619f6db731_/etc/conda/test-files/jupyter_server/1/tests/namespace-package-test/test_namespace/test_package/__init__.py	UNTRACKED		PROTECTED
final_report_files/snakemake-last-mile-tutorial/.snakemake/conda/ab1b8fa18696127807d953619f6db731_/etc/conda/test-files/jupyter_server/1/tests/nbconvert/__init__.py	UNTRACKED		PROTECTED
final_report_files/snakemake-last-mile-tutorial/.snakemake/conda/ab1b8fa18696127807d953619f6db731_/etc/conda/test-files/jupyter_server/1/tests/services/__init__.py	UNTRACKED		PROTECTED
final_report_files/snakemake-last-mile-tutorial/.snakemake/conda/ab1b8fa18696127807d953619f6db731_/etc/conda/test-files/jupyter_server/1/tests/services/api/__init__.py	UNTRACKED		PROTECTED
final_report_files/snakemake-last-mile-tutorial/.snakemake/conda/ab1b8fa18696127807d953619f6db731_/etc/conda/test-files/jupyter_server/1/tests/services/config/__init__.py	UNTRACKED		PROTECTED
final_report_files/snakemake-last-mile-tutorial/.snakemake/conda/ab1b8fa18696127807d953619f6db731_/etc/conda/test-files/jupyter_server/1/tests/services/contents/__init__.py	UNTRACKED		PROTECTED
final_report_files/snakemake-last-mile-tutorial/.snakemake/conda/ab1b8fa18696127807d953619f6db731_/etc/conda/test-files/jupyter_server/1/tests/services/events/__init__.py	UNTRACKED		PROTECTED
final_report_files/snakemake-last-mile-tutorial/.snakemake/conda/ab1b8fa18696127807d953619f6db731_/etc/conda/test-files/jupyter_server/1/tests/services/kernels/__init__.py	UNTRACKED		PROTECTED
final_report_files/snakemake-last-mile-tutorial/.snakemake/conda/ab1b8fa18696127807d953619f6db731_/etc/conda/test-files/jupyter_server/1/tests/services/kernelspecs/__init__.py	UNTRACKED		PROTECTED
final_report_files/snakemake-last-mile-tutorial/.snakemake/conda/ab1b8fa18696127807d953619f6db731_/etc/conda/test-files/jupyter_server/1/tests/services/nbconvert/__init__.py	UNTRACKED		PROTECTED
final_report_files/snakemake-last-mile-tutorial/.snakemake/conda/ab1b8fa18696127807d953619f6db731_/etc/conda/test-files/jupyter_server/1/tests/services/sessions/__init__.py	UNTRACKED		PROTECTED
final_report_files/snakemake-last-mile-tutorial/.snakemake/conda/ab1b8fa18696127807d953619f6db731_/etc/conda/test-files/jupyter_server/1/tests/unix_sockets/__init__.py	UNTRACKED		PROTECTED
final_report_files/snakemake-last-mile-tutorial/.snakemake/conda/ab1b8fa18696127807d953619f6db731_/etc/conda/test-files/jupyter_server_terminals/0/tests/__init__.py	UNTRACKED		PROTECTED
final_report_files/snakemake-last-mile-tutorial/.snakemake/conda/ab1b8fa18696127807d953619f6db731_/etc/conda/test-files/python-fastjsonschema/1/src/tests/json_schema/__init__.py	UNTRACKED		PROTECTED
final_report_files/snakemake-last-mile-tutorial/.snakemake/conda/ab1b8fa18696127807d953619f6db731_/etc/conda/test-files/rfc3987-syntax/1/tests/__init__.py	UNTRACKED		PROTECTED
final_report_files/snakemake-last-mile-tutorial/.snakemake/conda/ab1b8fa18696127807d953619f6db731_/etc/conda/test-files/rpds-py/1/tests/__init__.py	UNTRACKED		PROTECTED
final_report_files/snakemake-last-mile-tutorial/.snakemake/conda/ab1b8fa18696127807d953619f6db731_/etc/conda/test-files/terminado/1/tests/__init__.py	UNTRACKED		PROTECTED
final_report_files/snakemake-last-mile-tutorial/.snakemake/conda/ab1b8fa18696127807d953619f6db731_/etc/conda/test-files/traitlets/1/tests/__init__.py	UNTRACKED		PROTECTED
final_report_files/snakemake-last-mile-tutorial/.snakemake/conda/ab1b8fa18696127807d953619f6db731_/etc/conda/test-files/traitlets/1/tests/config/__init__.py	UNTRACKED		PROTECTED
final_report_files/snakemake-last-mile-tutorial/.snakemake/conda/ab1b8fa18696127807d953619f6db731_/etc/conda/test-files/traitlets/1/tests/utils/__init__.py	UNTRACKED		PROTECTED
final_report_files/snakemake-last-mile-tutorial/.snakemake/conda/ab1b8fa18696127807d953619f6db731_/etc/conda/test-files/zipp/1/tests/__init__.py	UNTRACKED		PROTECTED
final_report_files/snakemake-last-mile-tutorial/.snakemake/conda/ab1b8fa18696127807d953619f6db731_/etc/conda/test-files/zipp/1/tests/compat/__init__.py	UNTRACKED		PROTECTED
final_report_files/snakemake-last-mile-tutorial/.snakemake/conda/ab1b8fa18696127807d953619f6db731_/lib/python3.14/compression/__init__.py	UNTRACKED		PROTECTED
final_report_files/snakemake-last-mile-tutorial/.snakemake/conda/ab1b8fa18696127807d953619f6db731_/lib/python3.14/compression/_common/__init__.py	UNTRACKED		PROTECTED
final_report_files/snakemake-last-mile-tutorial/.snakemake/conda/ab1b8fa18696127807d953619f6db731_/lib/python3.14/email/mime/__init__.py	UNTRACKED		PROTECTED
final_report_files/snakemake-last-mile-tutorial/.snakemake/conda/ab1b8fa18696127807d953619f6db731_/lib/python3.14/pydoc_data/__init__.py	UNTRACKED		PROTECTED
final_report_files/snakemake-last-mile-tutorial/.snakemake/conda/ab1b8fa18696127807d953619f6db731_/lib/python3.14/site-packages/IPython/core/__init__.py	UNTRACKED		PROTECTED
final_report_files/snakemake-last-mile-tutorial/.snakemake/conda/ab1b8fa18696127807d953619f6db731_/lib/python3.14/site-packages/IPython/extensions/deduperreload/__init__.py	UNTRACKED		PROTECTED
final_report_files/snakemake-last-mile-tutorial/.snakemake/conda/ab1b8fa18696127807d953619f6db731_/lib/python3.14/site-packages/IPython/py.typed	UNTRACKED		PROTECTED
final_report_files/snakemake-last-mile-tutorial/.snakemake/conda/ab1b8fa18696127807d953619f6db731_/lib/python3.14/site-packages/IPython/sphinxext/__init__.py	UNTRACKED		PROTECTED
final_report_files/snakemake-last-mile-tutorial/.snakemake/conda/ab1b8fa18696127807d953619f6db731_/lib/python3.14/site-packages/IPython/sphinxext/tests/__init__.py	UNTRACKED		PROTECTED
final_report_files/snakemake-last-mile-tutorial/.snakemake/conda/ab1b8fa18696127807d953619f6db731_/lib/python3.14/site-packages/IPython/terminal/__init__.py	UNTRACKED		PROTECTED
final_report_files/snakemake-last-mile-tutorial/.snakemake/conda/ab1b8fa18696127807d953619f6db731_/lib/python3.14/site-packages/IPython/testing/plugin/__init__.py	UNTRACKED		PROTECTED
final_report_files/snakemake-last-mile-tutorial/.snakemake/conda/ab1b8fa18696127807d953619f6db731_/lib/python3.14/site-packages/IPython/utils/__init__.py	UNTRACKED		PROTECTED
final_report_files/snakemake-last-mile-tutorial/.snakemake/conda/ab1b8fa18696127807d953619f6db731_/lib/python3.14/site-packages/PySocks-1.7.1.dist-info/REQUESTED	UNTRACKED		PROTECTED
final_report_files/snakemake-last-mile-tutorial/.snakemake/conda/ab1b8fa18696127807d953619f6db731_/lib/python3.14/site-packages/anyio-4.14.2.dist-info/REQUESTED	UNTRACKED		PROTECTED
final_report_files/snakemake-last-mile-tutorial/.snakemake/conda/ab1b8fa18696127807d953619f6db731_/lib/python3.14/site-packages/anyio/_backends/__init__.py	UNTRACKED		PROTECTED
final_report_files/snakemake-last-mile-tutorial/.snakemake/conda/ab1b8fa18696127807d953619f6db731_/lib/python3.14/site-packages/anyio/_core/__init__.py	UNTRACKED		PROTECTED
final_report_files/snakemake-last-mile-tutorial/.snakemake/conda/ab1b8fa18696127807d953619f6db731_/lib/python3.14/site-packages/anyio/py.typed	UNTRACKED		PROTECTED
final_report_files/snakemake-last-mile-tutorial/.snakemake/conda/ab1b8fa18696127807d953619f6db731_/lib/python3.14/site-packages/anyio/streams/__init__.py	UNTRACKED		PROTECTED
final_report_files/snakemake-last-mile-tutorial/.snakemake/conda/ab1b8fa18696127807d953619f6db731_/lib/python3.14/site-packages/argon2/py.typed	UNTRACKED		PROTECTED
final_report_files/snakemake-last-mile-tutorial/.snakemake/conda/ab1b8fa18696127807d953619f6db731_/lib/python3.14/site-packages/argon2_cffi-25.1.0.dist-info/REQUESTED	UNTRACKED		PROTECTED
final_report_files/snakemake-last-mile-tutorial/.snakemake/conda/ab1b8fa18696127807d953619f6db731_/lib/python3.14/site-packages/argon2_cffi_bindings-25.1.0.dist-info/REQUESTED	UNTRACKED		PROTECTED
final_report_files/snakemake-last-mile-tutorial/.snakemake/conda/ab1b8fa18696127807d953619f6db731_/lib/python3.14/site-packages/arrow-1.4.0.dist-info/REQUESTED	UNTRACKED		PROTECTED
final_report_files/snakemake-last-mile-tutorial/.snakemake/conda/ab1b8fa18696127807d953619f6db731_/lib/python3.14/site-packages/arrow/py.typed	UNTRACKED		PROTECTED
final_report_files/snakemake-last-mile-tutorial/.snakemake/conda/ab1b8fa18696127807d953619f6db731_/lib/python3.14/site-packages/asttokens-3.0.2.dist-info/REQUESTED	UNTRACKED		PROTECTED
final_report_files/snakemake-last-mile-tutorial/.snakemake/conda/ab1b8fa18696127807d953619f6db731_/lib/python3.14/site-packages/asttokens/py.typed	UNTRACKED		PROTECTED
final_report_files/snakemake-last-mile-tutorial/.snakemake/conda/ab1b8fa18696127807d953619f6db731_/lib/python3.14/site-packages/async_lru-2.3.0.dist-info/REQUESTED	UNTRACKED		PROTECTED
final_report_files/snakemake-last-mile-tutorial/.snakemake/conda/ab1b8fa18696127807d953619f6db731_/lib/python3.14/site-packages/async_lru/py.typed	UNTRACKED		PROTECTED
final_report_files/snakemake-last-mile-tutorial/.snakemake/conda/ab1b8fa18696127807d953619f6db731_/lib/python3.14/site-packages/attr/py.typed	UNTRACKED		PROTECTED
final_report_files/snakemake-last-mile-tutorial/.snakemake/conda/ab1b8fa18696127807d953619f6db731_/lib/python3.14/site-packages/attrs-26.1.0.dist-info/REQUESTED	UNTRACKED		PROTECTED
final_report_files/snakemake-last-mile-tutorial/.snakemake/conda/ab1b8fa18696127807d953619f6db731_/lib/python3.14/site-packages/attrs/py.typed	UNTRACKED		PROTECTED
final_report_files/snakemake-last-mile-tutorial/.snakemake/conda/ab1b8fa18696127807d953619f6db731_/lib/python3.14/site-packages/babel-2.18.0.dist-info/REQUESTED	UNTRACKED		PROTECTED
final_report_files/snakemake-last-mile-tutorial/.snakemake/conda/ab1b8fa18696127807d953619f6db731_/lib/python3.14/site-packages/beautifulsoup4-4.15.0.dist-info/REQUESTED	UNTRACKED		PROTECTED
final_report_files/snakemake-last-mile-tutorial/.snakemake/conda/ab1b8fa18696127807d953619f6db731_/lib/python3.14/site-packages/bleach-6.4.0.dist-info/REQUESTED	UNTRACKED		PROTECTED
final_report_files/snakemake-last-mile-tutorial/.snakemake/conda/ab1b8fa18696127807d953619f6db731_/lib/python3.14/site-packages/bleach/_vendor/__init__.py	UNTRACKED		PROTECTED
final_report_files/snakemake-last-mile-tutorial/.snakemake/conda/ab1b8fa18696127807d953619f6db731_/lib/python3.14/site-packages/bleach/_vendor/html5lib-1.1.dist-info/REQUESTED	UNTRACKED		PROTECTED
final_report_files/snakemake-last-mile-tutorial/.snakemake/conda/ab1b8fa18696127807d953619f6db731_/lib/python3.14/site-packages/bleach/_vendor/html5lib/filters/__init__.py	UNTRACKED		PROTECTED
final_report_files/snakemake-last-mile-tutorial/.snakemake/conda/ab1b8fa18696127807d953619f6db731_/lib/python3.14/site-packages/brotli-1.2.0.dist-info/REQUESTED	UNTRACKED		PROTECTED
final_report_files/snakemake-last-mile-tutorial/.snakemake/conda/ab1b8fa18696127807d953619f6db731_/lib/python3.14/site-packages/bs4/py.typed	UNTRACKED		PROTECTED
final_report_files/snakemake-last-mile-tutorial/.snakemake/conda/ab1b8fa18696127807d953619f6db731_/lib/python3.14/site-packages/cached_property-1.5.2.dist-info/REQUESTED	UNTRACKED		PROTECTED
final_report_files/snakemake-last-mile-tutorial/.snakemake/conda/ab1b8fa18696127807d953619f6db731_/lib/python3.14/site-packages/certifi-2026.7.22.dist-info/REQUESTED	UNTRACKED		PROTECTED
final_report_files/snakemake-last-mile-tutorial/.snakemake/conda/ab1b8fa18696127807d953619f6db731_/lib/python3.14/site-packages/certifi/py.typed	UNTRACKED		PROTECTED
final_report_files/snakemake-last-mile-tutorial/.snakemake/conda/ab1b8fa18696127807d953619f6db731_/lib/python3.14/site-packages/certifi/tests/__init__.py	UNTRACKED		PROTECTED
final_report_files/snakemake-last-mile-tutorial/.snakemake/conda/ab1b8fa18696127807d953619f6db731_/lib/python3.14/site-packages/cffi-2.1.0.dist-info/REQUESTED	UNTRACKED		PROTECTED
final_report_files/snakemake-last-mile-tutorial/.snakemake/conda/ab1b8fa18696127807d953619f6db731_/lib/python3.14/site-packages/charset_normalizer-3.4.9.dist-info/REQUESTED	UNTRACKED		PROTECTED
final_report_files/snakemake-last-mile-tutorial/.snakemake/conda/ab1b8fa18696127807d953619f6db731_/lib/python3.14/site-packages/charset_normalizer/py.typed	UNTRACKED		PROTECTED
final_report_files/snakemake-last-mile-tutorial/.snakemake/conda/ab1b8fa18696127807d953619f6db731_/lib/python3.14/site-packages/comm-0.2.3.dist-info/REQUESTED	UNTRACKED		PROTECTED
final_report_files/snakemake-last-mile-tutorial/.snakemake/conda/ab1b8fa18696127807d953619f6db731_/lib/python3.14/site-packages/comm/py.typed	UNTRACKED		PROTECTED
final_report_files/snakemake-last-mile-tutorial/.snakemake/conda/ab1b8fa18696127807d953619f6db731_/lib/python3.14/site-packages/debugpy-1.8.21.dist-info/REQUESTED	UNTRACKED		PROTECTED
final_report_files/snakemake-last-mile-tutorial/.snakemake/conda/ab1b8fa18696127807d953619f6db731_/lib/python3.14/site-packages/debugpy/_vendored/pydevd/_pydev_bundle/__init__.py	UNTRACKED		PROTECTED
final_report_files/snakemake-last-mile-tutorial/.snakemake/conda/ab1b8fa18696127807d953619f6db731_/lib/python3.14/site-packages/debugpy/_vendored/pydevd/_pydev_runfiles/__init__.py	UNTRACKED		PROTECTED
final_report_files/snakemake-last-mile-tutorial/.snakemake/conda/ab1b8fa18696127807d953619f6db731_/lib/python3.14/site-packages/debugpy/_vendored/pydevd/_pydevd_bundle/__init__.py	UNTRACKED		PROTECTED
final_report_files/snakemake-last-mile-tutorial/.snakemake/conda/ab1b8fa18696127807d953619f6db731_/lib/python3.14/site-packages/debugpy/_vendored/pydevd/_pydevd_bundle/_debug_adapter/__init__.py	UNTRACKED		PROTECTED
final_report_files/snakemake-last-mile-tutorial/.snakemake/conda/ab1b8fa18696127807d953619f6db731_/lib/python3.14/site-packages/debugpy/_vendored/pydevd/_pydevd_bundle/pydevd_concurrency_analyser/__init__.py	UNTRACKED		PROTECTED
final_report_files/snakemake-last-mile-tutorial/.snakemake/conda/ab1b8fa18696127807d953619f6db731_/lib/python3.14/site-packages/debugpy/_vendored/pydevd/_pydevd_frame_eval/__init__.py	UNTRACKED		PROTECTED
final_report_files/snakemake-last-mile-tutorial/.snakemake/conda/ab1b8fa18696127807d953619f6db731_/lib/python3.14/site-packages/debugpy/_vendored/pydevd/_pydevd_frame_eval/vendored/__init__.py	UNTRACKED		PROTECTED
final_report_files/snakemake-last-mile-tutorial/.snakemake/conda/ab1b8fa18696127807d953619f6db731_/lib/python3.14/site-packages/debugpy/_vendored/pydevd/pydev_ipython/__init__.py	UNTRACKED		PROTECTED
final_report_files/snakemake-last-mile-tutorial/.snakemake/conda/ab1b8fa18696127807d953619f6db731_/lib/python3.14/site-packages/debugpy/py.typed	UNTRACKED		PROTECTED
final_report_files/snakemake-last-mile-tutorial/.snakemake/conda/ab1b8fa18696127807d953619f6db731_/lib/python3.14/site-packages/decorator-5.3.1.dist-info/REQUESTED	UNTRACKED		PROTECTED
final_report_files/snakemake-last-mile-tutorial/.snakemake/conda/ab1b8fa18696127807d953619f6db731_/lib/python3.14/site-packages/decorator/py.typed	UNTRACKED		PROTECTED
final_report_files/snakemake-last-mile-tutorial/.snakemake/conda/ab1b8fa18696127807d953619f6db731_/lib/python3.14/site-packages/defusedxml-0.7.1.dist-info/REQUESTED	UNTRACKED		PROTECTED
final_report_files/snakemake-last-mile-tutorial/.snakemake/conda/ab1b8fa18696127807d953619f6db731_/lib/python3.14/site-packages/exceptiongroup-1.3.1.dist-info/REQUESTED	UNTRACKED		PROTECTED
final_report_files/snakemake-last-mile-tutorial/.snakemake/conda/ab1b8fa18696127807d953619f6db731_/lib/python3.14/site-packages/exceptiongroup/py.typed	UNTRACKED		PROTECTED
final_report_files/snakemake-last-mile-tutorial/.snakemake/conda/ab1b8fa18696127807d953619f6db731_/lib/python3.14/site-packages/executing-2.2.1.dist-info/REQUESTED	UNTRACKED		PROTECTED
final_report_files/snakemake-last-mile-tutorial/.snakemake/conda/ab1b8fa18696127807d953619f6db731_/lib/python3.14/site-packages/executing/py.typed	UNTRACKED		PROTECTED
final_report_files/snakemake-last-mile-tutorial/.snakemake/conda/ab1b8fa18696127807d953619f6db731_/lib/python3.14/site-packages/fastjsonschema-2.21.2.dist-info/REQUESTED	UNTRACKED		PROTECTED
final_report_files/snakemake-last-mile-tutorial/.snakemake/conda/ab1b8fa18696127807d953619f6db731_/lib/python3.14/site-packages/fqdn-1.5.1.dist-info/REQUESTED	UNTRACKED		PROTECTED
final_report_files/snakemake-last-mile-tutorial/.snakemake/conda/ab1b8fa18696127807d953619f6db731_/lib/python3.14/site-packages/h11-0.16.0.dist-info/REQUESTED	UNTRACKED		PROTECTED
final_report_files/snakemake-last-mile-tutorial/.snakemake/conda/ab1b8fa18696127807d953619f6db731_/lib/python3.14/site-packages/h2-4.4.0.dist-info/REQUESTED	UNTRACKED		PROTECTED
final_report_files/snakemake-last-mile-tutorial/.snakemake/conda/ab1b8fa18696127807d953619f6db731_/lib/python3.14/site-packages/h2/py.typed	UNTRACKED		PROTECTED
final_report_files/snakemake-last-mile-tutorial/.snakemake/conda/ab1b8fa18696127807d953619f6db731_/lib/python3.14/site-packages/hpack-4.2.0.dist-info/REQUESTED	UNTRACKED		PROTECTED
final_report_files/snakemake-last-mile-tutorial/.snakemake/conda/ab1b8fa18696127807d953619f6db731_/lib/python3.14/site-packages/hpack/py.typed	UNTRACKED		PROTECTED
final_report_files/snakemake-last-mile-tutorial/.snakemake/conda/ab1b8fa18696127807d953619f6db731_/lib/python3.14/site-packages/httpcore-1.0.9.dist-info/REQUESTED	UNTRACKED		PROTECTED
final_report_files/snakemake-last-mile-tutorial/.snakemake/conda/ab1b8fa18696127807d953619f6db731_/lib/python3.14/site-packages/httpcore/_backends/__init__.py	UNTRACKED		PROTECTED
final_report_files/snakemake-last-mile-tutorial/.snakemake/conda/ab1b8fa18696127807d953619f6db731_/lib/python3.14/site-packages/httpcore/py.typed	UNTRACKED		PROTECTED
final_report_files/snakemake-last-mile-tutorial/.snakemake/conda/ab1b8fa18696127807d953619f6db731_/lib/python3.14/site-packages/httpx-0.28.1.dist-info/REQUESTED	UNTRACKED		PROTECTED
final_report_files/snakemake-last-mile-tutorial/.snakemake/conda/ab1b8fa18696127807d953619f6db731_/lib/python3.14/site-packages/httpx/py.typed	UNTRACKED		PROTECTED
final_report_files/snakemake-last-mile-tutorial/.snakemake/conda/ab1b8fa18696127807d953619f6db731_/lib/python3.14/site-packages/hyperframe-6.1.0.dist-info/REQUESTED	UNTRACKED		PROTECTED
final_report_files/snakemake-last-mile-tutorial/.snakemake/conda/ab1b8fa18696127807d953619f6db731_/lib/python3.14/site-packages/hyperframe/py.typed	UNTRACKED		PROTECTED
final_report_files/snakemake-last-mile-tutorial/.snakemake/conda/ab1b8fa18696127807d953619f6db731_/lib/python3.14/site-packages/idna-3.18.dist-info/REQUESTED	UNTRACKED		PROTECTED
final_report_files/snakemake-last-mile-tutorial/.snakemake/conda/ab1b8fa18696127807d953619f6db731_/lib/python3.14/site-packages/idna/py.typed	UNTRACKED		PROTECTED
final_report_files/snakemake-last-mile-tutorial/.snakemake/conda/ab1b8fa18696127807d953619f6db731_/lib/python3.14/site-packages/importlib_metadata-9.0.0.dist-info/REQUESTED	UNTRACKED		PROTECTED
final_report_files/snakemake-last-mile-tutorial/.snakemake/conda/ab1b8fa18696127807d953619f6db731_/lib/python3.14/site-packages/importlib_metadata/compat/__init__.py	UNTRACKED		PROTECTED
final_report_files/snakemake-last-mile-tutorial/.snakemake/conda/ab1b8fa18696127807d953619f6db731_/lib/python3.14/site-packages/importlib_metadata/py.typed	UNTRACKED		PROTECTED
final_report_files/snakemake-last-mile-tutorial/.snakemake/conda/ab1b8fa18696127807d953619f6db731_/lib/python3.14/site-packages/ipykernel-7.3.0.dist-info/REQUESTED	UNTRACKED		PROTECTED
final_report_files/snakemake-last-mile-tutorial/.snakemake/conda/ab1b8fa18696127807d953619f6db731_/lib/python3.14/site-packages/ipykernel/py.typed	UNTRACKED		PROTECTED
final_report_files/snakemake-last-mile-tutorial/.snakemake/conda/ab1b8fa18696127807d953619f6db731_/lib/python3.14/site-packages/ipykernel/pylab/__init__.py	UNTRACKED		PROTECTED
final_report_files/snakemake-last-mile-tutorial/.snakemake/conda/ab1b8fa18696127807d953619f6db731_/lib/python3.14/site-packages/ipython-9.15.0.dist-info/REQUESTED	UNTRACKED		PROTECTED
final_report_files/snakemake-last-mile-tutorial/.snakemake/conda/ab1b8fa18696127807d953619f6db731_/lib/python3.14/site-packages/ipython_pygments_lexers-1.1.1.dist-info/REQUESTED	UNTRACKED		PROTECTED
final_report_files/snakemake-last-mile-tutorial/.snakemake/conda/ab1b8fa18696127807d953619f6db731_/lib/python3.14/site-packages/isoduration-20.11.0.dist-info/REQUESTED	UNTRACKED		PROTECTED
final_report_files/snakemake-last-mile-tutorial/.snakemake/conda/ab1b8fa18696127807d953619f6db731_/lib/python3.14/site-packages/jedi-0.20.0.dist-info/REQUESTED	UNTRACKED		PROTECTED
final_report_files/snakemake-last-mile-tutorial/.snakemake/conda/ab1b8fa18696127807d953619f6db731_/lib/python3.14/site-packages/jedi/third_party/django-stubs/django-stubs/contrib/__init__.pyi	UNTRACKED		PROTECTED
final_report_files/snakemake-last-mile-tutorial/.snakemake/conda/ab1b8fa18696127807d953619f6db731_/lib/python3.14/site-packages/jedi/third_party/django-stubs/django-stubs/contrib/admin/templatetags/__init__.pyi	UNTRACKED		PROTECTED
final_report_files/snakemake-last-mile-tutorial/.snakemake/conda/ab1b8fa18696127807d953619f6db731_/lib/python3.14/site-packages/jedi/third_party/django-stubs/django-stubs/contrib/admin/views/__init__.pyi	UNTRACKED		PROTECTED
final_report_files/snakemake-last-mile-tutorial/.snakemake/conda/ab1b8fa18696127807d953619f6db731_/lib/python3.14/site-packages/jedi/third_party/django-stubs/django-stubs/contrib/admindocs/__init__.pyi	UNTRACKED		PROTECTED
final_report_files/snakemake-last-mile-tutorial/.snakemake/conda/ab1b8fa18696127807d953619f6db731_/lib/python3.14/site-packages/jedi/third_party/django-stubs/django-stubs/contrib/auth/handlers/__init__.pyi	UNTRACKED		PROTECTED
final_report_files/snakemake-last-mile-tutorial/.snakemake/conda/ab1b8fa18696127807d953619f6db731_/lib/python3.14/site-packages/jedi/third_party/django-stubs/django-stubs/contrib/auth/management/commands/__init__.pyi	UNTRACKED		PROTECTED
final_report_files/snakemake-last-mile-tutorial/.snakemake/conda/ab1b8fa18696127807d953619f6db731_/lib/python3.14/site-packages/jedi/third_party/django-stubs/django-stubs/contrib/contenttypes/__init__.pyi	UNTRACKED		PROTECTED
final_report_files/snakemake-last-mile-tutorial/.snakemake/conda/ab1b8fa18696127807d953619f6db731_/lib/python3.14/site-packages/jedi/third_party/django-stubs/django-stubs/contrib/contenttypes/management/commands/__init__.pyi	UNTRACKED		PROTECTED
final_report_files/snakemake-last-mile-tutorial/.snakemake/conda/ab1b8fa18696127807d953619f6db731_/lib/python3.14/site-packages/jedi/third_party/django-stubs/django-stubs/contrib/flatpages/__init__.pyi	UNTRACKED		PROTECTED
final_report_files/snakemake-last-mile-tutorial/.snakemake/conda/ab1b8fa18696127807d953619f6db731_/lib/python3.14/site-packages/jedi/third_party/django-stubs/django-stubs/contrib/flatpages/templatetags/__init__.pyi	UNTRACKED		PROTECTED
final_report_files/snakemake-last-mile-tutorial/.snakemake/conda/ab1b8fa18696127807d953619f6db731_/lib/python3.14/site-packages/jedi/third_party/django-stubs/django-stubs/contrib/gis/__init__.pyi	UNTRACKED		PROTECTED
final_report_files/snakemake-last-mile-tutorial/.snakemake/conda/ab1b8fa18696127807d953619f6db731_/lib/python3.14/site-packages/jedi/third_party/django-stubs/django-stubs/contrib/gis/db/__init__.pyi	UNTRACKED		PROTECTED
final_report_files/snakemake-last-mile-tutorial/.snakemake/conda/ab1b8fa18696127807d953619f6db731_/lib/python3.14/site-packages/jedi/third_party/django-stubs/django-stubs/contrib/humanize/__init__.pyi	UNTRACKED		PROTECTED
final_report_files/snakemake-last-mile-tutorial/.snakemake/conda/ab1b8fa18696127807d953619f6db731_/lib/python3.14/site-packages/jedi/third_party/django-stubs/django-stubs/contrib/humanize/templatetags/__init__.pyi	UNTRACKED		PROTECTED
final_report_files/snakemake-last-mile-tutorial/.snakemake/conda/ab1b8fa18696127807d953619f6db731_/lib/python3.14/site-packages/jedi/third_party/django-stubs/django-stubs/contrib/postgres/__init__.pyi	UNTRACKED		PROTECTED
final_report_files/snakemake-last-mile-tutorial/.snakemake/conda/ab1b8fa18696127807d953619f6db731_/lib/python3.14/site-packages/jedi/third_party/django-stubs/django-stubs/contrib/redirects/__init__.pyi	UNTRACKED		PROTECTED
final_report_files/snakemake-last-mile-tutorial/.snakemake/conda/ab1b8fa18696127807d953619f6db731_/lib/python3.14/site-packages/jedi/third_party/django-stubs/django-stubs/contrib/sessions/__init__.pyi	UNTRACKED		PROTECTED
final_report_files/snakemake-last-mile-tutorial/.snakemake/conda/ab1b8fa18696127807d953619f6db731_/lib/python3.14/site-packages/jedi/third_party/django-stubs/django-stubs/contrib/sessions/backends/__init__.pyi	UNTRACKED		PROTECTED
final_report_files/snakemake-last-mile-tutorial/.snakemake/conda/ab1b8fa18696127807d953619f6db731_/lib/python3.14/site-packages/jedi/third_party/django-stubs/django-stubs/contrib/sessions/management/__init__.pyi	UNTRACKED		PROTECTED
final_report_files/snakemake-last-mile-tutorial/.snakemake/conda/ab1b8fa18696127807d953619f6db731_/lib/python3.14/site-packages/jedi/third_party/django-stubs/django-stubs/contrib/sessions/management/commands/__init__.pyi	UNTRACKED		PROTECTED
final_report_files/snakemake-last-mile-tutorial/.snakemake/conda/ab1b8fa18696127807d953619f6db731_/lib/python3.14/site-packages/jedi/third_party/django-stubs/django-stubs/contrib/sitemaps/management/__init__.pyi	UNTRACKED		PROTECTED
final_report_files/snakemake-last-mile-tutorial/.snakemake/conda/ab1b8fa18696127807d953619f6db731_/lib/python3.14/site-packages/jedi/third_party/django-stubs/django-stubs/contrib/sitemaps/management/commands/__init__.pyi	UNTRACKED		PROTECTED
final_report_files/snakemake-last-mile-tutorial/.snakemake/conda/ab1b8fa18696127807d953619f6db731_/lib/python3.14/site-packages/jedi/third_party/django-stubs/django-stubs/contrib/sites/__init__.pyi	UNTRACKED		PROTECTED
final_report_files/snakemake-last-mile-tutorial/.snakemake/conda/ab1b8fa18696127807d953619f6db731_/lib/python3.14/site-packages/jedi/third_party/django-stubs/django-stubs/contrib/staticfiles/__init__.pyi	UNTRACKED		PROTECTED
final_report_files/snakemake-last-mile-tutorial/.snakemake/conda/ab1b8fa18696127807d953619f6db731_/lib/python3.14/site-packages/jedi/third_party/django-stubs/django-stubs/contrib/staticfiles/management/__init__.pyi	UNTRACKED		PROTECTED
final_report_files/snakemake-last-mile-tutorial/.snakemake/conda/ab1b8fa18696127807d953619f6db731_/lib/python3.14/site-packages/jedi/third_party/django-stubs/django-stubs/contrib/staticfiles/management/commands/__init__.pyi	UNTRACKED		PROTECTED
final_report_files/snakemake-last-mile-tutorial/.snakemake/conda/ab1b8fa18696127807d953619f6db731_/lib/python3.14/site-packages/jedi/third_party/django-stubs/django-stubs/contrib/staticfiles/templatetags/__init__.pyi	UNTRACKED		PROTECTED
final_report_files/snakemake-last-mile-tutorial/.snakemake/conda/ab1b8fa18696127807d953619f6db731_/lib/python3.14/site-packages/jedi/third_party/django-stubs/django-stubs/contrib/syndication/__init__.pyi	UNTRACKED		PROTECTED
final_report_files/snakemake-last-mile-tutorial/.snakemake/conda/ab1b8fa18696127807d953619f6db731_/lib/python3.14/site-packages/jedi/third_party/django-stubs/django-stubs/core/__init__.pyi	UNTRACKED		PROTECTED
final_report_files/snakemake-last-mile-tutorial/.snakemake/conda/ab1b8fa18696127807d953619f6db731_/lib/python3.14/site-packages/jedi/third_party/django-stubs/django-stubs/core/cache/backends/__init__.pyi	UNTRACKED		PROTECTED
final_report_files/snakemake-last-mile-tutorial/.snakemake/conda/ab1b8fa18696127807d953619f6db731_/lib/python3.14/site-packages/jedi/third_party/django-stubs/django-stubs/core/checks/security/__init__.pyi	UNTRACKED		PROTECTED
final_report_files/snakemake-last-mile-tutorial/.snakemake/conda/ab1b8fa18696127807d953619f6db731_/lib/python3.14/site-packages/jedi/third_party/django-stubs/django-stubs/core/handlers/__init__.pyi	UNTRACKED		PROTECTED
final_report_files/snakemake-last-mile-tutorial/.snakemake/conda/ab1b8fa18696127807d953619f6db731_/lib/python3.14/site-packages/jedi/third_party/django-stubs/django-stubs/core/mail/backends/__init__.pyi	UNTRACKED		PROTECTED
final_report_files/snakemake-last-mile-tutorial/.snakemake/conda/ab1b8fa18696127807d953619f6db731_/lib/python3.14/site-packages/jedi/third_party/django-stubs/django-stubs/core/management/commands/__init__.pyi	UNTRACKED		PROTECTED
final_report_files/snakemake-last-mile-tutorial/.snakemake/conda/ab1b8fa18696127807d953619f6db731_/lib/python3.14/site-packages/jedi/third_party/django-stubs/django-stubs/core/servers/__init__.pyi	UNTRACKED		PROTECTED
final_report_files/snakemake-last-mile-tutorial/.snakemake/conda/ab1b8fa18696127807d953619f6db731_/lib/python3.14/site-packages/jedi/third_party/django-stubs/django-stubs/db/backends/__init__.pyi	UNTRACKED		PROTECTED
final_report_files/snakemake-last-mile-tutorial/.snakemake/conda/ab1b8fa18696127807d953619f6db731_/lib/python3.14/site-packages/jedi/third_party/django-stubs/django-stubs/db/backends/base/__init__.pyi	UNTRACKED		PROTECTED
final_report_files/snakemake-last-mile-tutorial/.snakemake/conda/ab1b8fa18696127807d953619f6db731_/lib/python3.14/site-packages/jedi/third_party/django-stubs/django-stubs/db/backends/dummy/__init__.pyi	UNTRACKED		PROTECTED
final_report_files/snakemake-last-mile-tutorial/.snakemake/conda/ab1b8fa18696127807d953619f6db731_/lib/python3.14/site-packages/jedi/third_party/django-stubs/django-stubs/db/backends/mysql/__init__.pyi	UNTRACKED		PROTECTED
final_report_files/snakemake-last-mile-tutorial/.snakemake/conda/ab1b8fa18696127807d953619f6db731_/lib/python3.14/site-packages/jedi/third_party/django-stubs/django-stubs/db/backends/postgresql/__init__.pyi	UNTRACKED		PROTECTED
final_report_files/snakemake-last-mile-tutorial/.snakemake/conda/ab1b8fa18696127807d953619f6db731_/lib/python3.14/site-packages/jedi/third_party/django-stubs/django-stubs/db/backends/sqlite3/__init__.pyi	UNTRACKED		PROTECTED
final_report_files/snakemake-last-mile-tutorial/.snakemake/conda/ab1b8fa18696127807d953619f6db731_/lib/python3.14/site-packages/jedi/third_party/django-stubs/django-stubs/middleware/__init__.pyi	UNTRACKED		PROTECTED
final_report_files/snakemake-last-mile-tutorial/.snakemake/conda/ab1b8fa18696127807d953619f6db731_/lib/python3.14/site-packages/jedi/third_party/django-stubs/django-stubs/template/backends/__init__.pyi	UNTRACKED		PROTECTED
final_report_files/snakemake-last-mile-tutorial/.snakemake/conda/ab1b8fa18696127807d953619f6db731_/lib/python3.14/site-packages/jedi/third_party/django-stubs/django-stubs/template/loaders/__init__.pyi	UNTRACKED		PROTECTED
final_report_files/snakemake-last-mile-tutorial/.snakemake/conda/ab1b8fa18696127807d953619f6db731_/lib/python3.14/site-packages/jedi/third_party/django-stubs/django-stubs/templatetags/__init__.pyi	UNTRACKED		PROTECTED
final_report_files/snakemake-last-mile-tutorial/.snakemake/conda/ab1b8fa18696127807d953619f6db731_/lib/python3.14/site-packages/jedi/third_party/django-stubs/django-stubs/utils/__init__.pyi	UNTRACKED		PROTECTED
final_report_files/snakemake-last-mile-tutorial/.snakemake/conda/ab1b8fa18696127807d953619f6db731_/lib/python3.14/site-packages/jedi/third_party/django-stubs/django-stubs/views/decorators/__init__.pyi	UNTRACKED		PROTECTED
final_report_files/snakemake-last-mile-tutorial/.snakemake/conda/ab1b8fa18696127807d953619f6db731_/lib/python3.14/site-packages/jedi/third_party/typeshed/stdlib/compression/__init__.pyi	UNTRACKED		PROTECTED
final_report_files/snakemake-last-mile-tutorial/.snakemake/conda/ab1b8fa18696127807d953619f6db731_/lib/python3.14/site-packages/jedi/third_party/typeshed/stdlib/compression/_common/__init__.pyi	UNTRACKED		PROTECTED
final_report_files/snakemake-last-mile-tutorial/.snakemake/conda/ab1b8fa18696127807d953619f6db731_/lib/python3.14/site-packages/jedi/third_party/typeshed/stdlib/concurrent/__init__.pyi	UNTRACKED		PROTECTED
final_report_files/snakemake-last-mile-tutorial/.snakemake/conda/ab1b8fa18696127807d953619f6db731_/lib/python3.14/site-packages/jedi/third_party/typeshed/stdlib/distutils/command/bdist_packager.pyi	UNTRACKED		PROTECTED
final_report_files/snakemake-last-mile-tutorial/.snakemake/conda/ab1b8fa18696127807d953619f6db731_/lib/python3.14/site-packages/jedi/third_party/typeshed/stdlib/email/mime/__init__.pyi	UNTRACKED		PROTECTED
final_report_files/snakemake-last-mile-tutorial/.snakemake/conda/ab1b8fa18696127807d953619f6db731_/lib/python3.14/site-packages/jedi/third_party/typeshed/stdlib/lib2to3/__init__.pyi	UNTRACKED		PROTECTED
final_report_files/snakemake-last-mile-tutorial/.snakemake/conda/ab1b8fa18696127807d953619f6db731_/lib/python3.14/site-packages/jedi/third_party/typeshed/stdlib/lib2to3/fixes/__init__.pyi	UNTRACKED		PROTECTED
final_report_files/snakemake-last-mile-tutorial/.snakemake/conda/ab1b8fa18696127807d953619f6db731_/lib/python3.14/site-packages/jedi/third_party/typeshed/stdlib/pydoc_data/__init__.pyi	UNTRACKED		PROTECTED
final_report_files/snakemake-last-mile-tutorial/.snakemake/conda/ab1b8fa18696127807d953619f6db731_/lib/python3.14/site-packages/jedi/third_party/typeshed/stdlib/urllib/__init__.pyi	UNTRACKED		PROTECTED
final_report_files/snakemake-last-mile-tutorial/.snakemake/conda/ab1b8fa18696127807d953619f6db731_/lib/python3.14/site-packages/jedi/third_party/typeshed/stdlib/wsgiref/__init__.pyi	UNTRACKED		PROTECTED
final_report_files/snakemake-last-mile-tutorial/.snakemake/conda/ab1b8fa18696127807d953619f6db731_/lib/python3.14/site-packages/jedi/third_party/typeshed/stdlib/xml/etree/__init__.pyi	UNTRACKED		PROTECTED
final_report_files/snakemake-last-mile-tutorial/.snakemake/conda/ab1b8fa18696127807d953619f6db731_/lib/python3.14/site-packages/jedi/third_party/typeshed/stdlib/xmlrpc/__init__.pyi	UNTRACKED		PROTECTED
final_report_files/snakemake-last-mile-tutorial/.snakemake/conda/ab1b8fa18696127807d953619f6db731_/lib/python3.14/site-packages/jedi/third_party/typeshed/stubs/Authlib/authlib/common/__init__.pyi	UNTRACKED		PROTECTED
final_report_files/snakemake-last-mile-tutorial/.snakemake/conda/ab1b8fa18696127807d953619f6db731_/lib/python3.14/site-packages/jedi/third_party/typeshed/stubs/Authlib/authlib/integrations/__init__.pyi	UNTRACKED		PROTECTED
final_report_files/snakemake-last-mile-tutorial/.snakemake/conda/ab1b8fa18696127807d953619f6db731_/lib/python3.14/site-packages/jedi/third_party/typeshed/stubs/Authlib/authlib/oauth2/rfc8693/__init__.pyi	UNTRACKED		PROTECTED
final_report_files/snakemake-last-mile-tutorial/.snakemake/conda/ab1b8fa18696127807d953619f6db731_/lib/python3.14/site-packages/jedi/third_party/typeshed/stubs/Authlib/authlib/oidc/__init__.pyi	UNTRACKED		PROTECTED
final_report_files/snakemake-last-mile-tutorial/.snakemake/conda/ab1b8fa18696127807d953619f6db731_/lib/python3.14/site-packages/jedi/third_party/typeshed/stubs/Jetson.GPIO/Jetson/__init__.pyi	UNTRACKED		PROTECTED
final_report_files/snakemake-last-mile-tutorial/.snakemake/conda/ab1b8fa18696127807d953619f6db731_/lib/python3.14/site-packages/jedi/third_party/typeshed/stubs/PyMeeus/pymeeus/__init__.pyi	UNTRACKED		PROTECTED
final_report_files/snakemake-last-mile-tutorial/.snakemake/conda/ab1b8fa18696127807d953619f6db731_/lib/python3.14/site-packages/jedi/third_party/typeshed/stubs/PyMySQL/pymysql/constants/__init__.pyi	UNTRACKED		PROTECTED
final_report_files/snakemake-last-mile-tutorial/.snakemake/conda/ab1b8fa18696127807d953619f6db731_/lib/python3.14/site-packages/jedi/third_party/typeshed/stubs/RPi.GPIO/RPi/__init__.pyi	UNTRACKED		PROTECTED
final_report_files/snakemake-last-mile-tutorial/.snakemake/conda/ab1b8fa18696127807d953619f6db731_/lib/python3.14/site-packages/jedi/third_party/typeshed/stubs/WTForms/wtforms/csrf/__init__.pyi	UNTRACKED		PROTECTED
final_report_files/snakemake-last-mile-tutorial/.snakemake/conda/ab1b8fa18696127807d953619f6db731_/lib/python3.14/site-packages/jedi/third_party/typeshed/stubs/antlr4-python3-runtime/antlr4/atn/__init__.pyi	UNTRACKED		PROTECTED
final_report_files/snakemake-last-mile-tutorial/.snakemake/conda/ab1b8fa18696127807d953619f6db731_/lib/python3.14/site-packages/jedi/third_party/typeshed/stubs/antlr4-python3-runtime/antlr4/dfa/__init__.pyi	UNTRACKED		PROTECTED
final_report_files/snakemake-last-mile-tutorial/.snakemake/conda/ab1b8fa18696127807d953619f6db731_/lib/python3.14/site-packages/jedi/third_party/typeshed/stubs/antlr4-python3-runtime/antlr4/error/__init__.pyi	UNTRACKED		PROTECTED
final_report_files/snakemake-last-mile-tutorial/.snakemake/conda/ab1b8fa18696127807d953619f6db731_/lib/python3.14/site-packages/jedi/third_party/typeshed/stubs/antlr4-python3-runtime/antlr4/tree/__init__.pyi	UNTRACKED		PROTECTED
final_report_files/snakemake-last-mile-tutorial/.snakemake/conda/ab1b8fa18696127807d953619f6db731_/lib/python3.14/site-packages/jedi/third_party/typeshed/stubs/antlr4-python3-runtime/antlr4/xpath/__init__.pyi	UNTRACKED		PROTECTED
final_report_files/snakemake-last-mile-tutorial/.snakemake/conda/ab1b8fa18696127807d953619f6db731_/lib/python3.14/site-packages/jedi/third_party/typeshed/stubs/aws-xray-sdk/aws_xray_sdk/core/emitters/__init__.pyi	UNTRACKED		PROTECTED
final_report_files/snakemake-last-mile-tutorial/.snakemake/conda/ab1b8fa18696127807d953619f6db731_/lib/python3.14/site-packages/jedi/third_party/typeshed/stubs/aws-xray-sdk/aws_xray_sdk/core/exceptions/__init__.pyi	UNTRACKED		PROTECTED
final_report_files/snakemake-last-mile-tutorial/.snakemake/conda/ab1b8fa18696127807d953619f6db731_/lib/python3.14/site-packages/jedi/third_party/typeshed/stubs/aws-xray-sdk/aws_xray_sdk/core/models/__init__.pyi	UNTRACKED		PROTECTED
final_report_files/snakemake-last-mile-tutorial/.snakemake/conda/ab1b8fa18696127807d953619f6db731_/lib/python3.14/site-packages/jedi/third_party/typeshed/stubs/aws-xray-sdk/aws_xray_sdk/core/plugins/__init__.pyi	UNTRACKED		PROTECTED
final_report_files/snakemake-last-mile-tutorial/.snakemake/conda/ab1b8fa18696127807d953619f6db731_/lib/python3.14/site-packages/jedi/third_party/typeshed/stubs/aws-xray-sdk/aws_xray_sdk/core/sampling/__init__.pyi	UNTRACKED		PROTECTED
final_report_files/snakemake-last-mile-tutorial/.snakemake/conda/ab1b8fa18696127807d953619f6db731_/lib/python3.14/site-packages/jedi/third_party/typeshed/stubs/aws-xray-sdk/aws_xray_sdk/core/sampling/local/__init__.pyi	UNTRACKED		PROTECTED
final_report_files/snakemake-last-mile-tutorial/.snakemake/conda/ab1b8fa18696127807d953619f6db731_/lib/python3.14/site-packages/jedi/third_party/typeshed/stubs/aws-xray-sdk/aws_xray_sdk/core/streaming/__init__.pyi	UNTRACKED		PROTECTED
final_report_files/snakemake-last-mile-tutorial/.snakemake/conda/ab1b8fa18696127807d953619f6db731_/lib/python3.14/site-packages/jedi/third_party/typeshed/stubs/aws-xray-sdk/aws_xray_sdk/core/utils/__init__.pyi	UNTRACKED		PROTECTED
final_report_files/snakemake-last-mile-tutorial/.snakemake/conda/ab1b8fa18696127807d953619f6db731_/lib/python3.14/site-packages/jedi/third_party/typeshed/stubs/aws-xray-sdk/aws_xray_sdk/ext/__init__.pyi	UNTRACKED		PROTECTED
final_report_files/snakemake-last-mile-tutorial/.snakemake/conda/ab1b8fa18696127807d953619f6db731_/lib/python3.14/site-packages/jedi/third_party/typeshed/stubs/aws-xray-sdk/aws_xray_sdk/ext/aiohttp/__init__.pyi	UNTRACKED		PROTECTED
final_report_files/snakemake-last-mile-tutorial/.snakemake/conda/ab1b8fa18696127807d953619f6db731_/lib/python3.14/site-packages/jedi/third_party/typeshed/stubs/aws-xray-sdk/aws_xray_sdk/ext/bottle/__init__.pyi	UNTRACKED		PROTECTED
final_report_files/snakemake-last-mile-tutorial/.snakemake/conda/ab1b8fa18696127807d953619f6db731_/lib/python3.14/site-packages/jedi/third_party/typeshed/stubs/aws-xray-sdk/aws_xray_sdk/ext/flask/__init__.pyi	UNTRACKED		PROTECTED
final_report_files/snakemake-last-mile-tutorial/.snakemake/conda/ab1b8fa18696127807d953619f6db731_/lib/python3.14/site-packages/jedi/third_party/typeshed/stubs/aws-xray-sdk/aws_xray_sdk/ext/flask_sqlalchemy/__init__.pyi	UNTRACKED		PROTECTED
final_report_files/snakemake-last-mile-tutorial/.snakemake/conda/ab1b8fa18696127807d953619f6db731_/lib/python3.14/site-packages/jedi/third_party/typeshed/stubs/aws-xray-sdk/aws_xray_sdk/ext/sqlalchemy/__init__.pyi	UNTRACKED		PROTECTED
final_report_files/snakemake-last-mile-tutorial/.snakemake/conda/ab1b8fa18696127807d953619f6db731_/lib/python3.14/site-packages/jedi/third_party/typeshed/stubs/aws-xray-sdk/aws_xray_sdk/ext/sqlalchemy/util/__init__.pyi	UNTRACKED		PROTECTED
final_report_files/snakemake-last-mile-tutorial/.snakemake/conda/ab1b8fa18696127807d953619f6db731_/lib/python3.14/site-packages/jedi/third_party/typeshed/stubs/boltons/boltons/__init__.pyi	UNTRACKED		PROTECTED
final_report_files/snakemake-last-mile-tutorial/.snakemake/conda/ab1b8fa18696127807d953619f6db731_/lib/python3.14/site-packages/jedi/third_party/typeshed/stubs/braintree/braintree/test/__init__.pyi	UNTRACKED		PROTECTED
final_report_files/snakemake-last-mile-tutorial/.snakemake/conda/ab1b8fa18696127807d953619f6db731_/lib/python3.14/site-packages/jedi/third_party/typeshed/stubs/channels/channels/generic/__init__.pyi	UNTRACKED		PROTECTED
final_report_files/snakemake-last-mile-tutorial/.snakemake/conda/ab1b8fa18696127807d953619f6db731_/lib/python3.14/site-packages/jedi/third_party/typeshed/stubs/channels/channels/management/__init__.pyi	UNTRACKED		PROTECTED
final_report_files/snakemake-last-mile-tutorial/.snakemake/conda/ab1b8fa18696127807d953619f6db731_/lib/python3.14/site-packages/jedi/third_party/typeshed/stubs/channels/channels/management/commands/__init__.pyi	UNTRACKED		PROTECTED
final_report_files/snakemake-last-mile-tutorial/.snakemake/conda/ab1b8fa18696127807d953619f6db731_/lib/python3.14/site-packages/jedi/third_party/typeshed/stubs/channels/channels/security/__init__.pyi	UNTRACKED		PROTECTED
final_report_files/snakemake-last-mile-tutorial/.snakemake/conda/ab1b8fa18696127807d953619f6db731_/lib/python3.14/site-packages/jedi/third_party/typeshed/stubs/click-web/click_web/resources/__init__.pyi	UNTRACKED		PROTECTED
final_report_files/snakemake-last-mile-tutorial/.snakemake/conda/ab1b8fa18696127807d953619f6db731_/lib/python3.14/site-packages/jedi/third_party/typeshed/stubs/colorful/colorful/__init__.pyi	UNTRACKED		PROTECTED
final_report_files/snakemake-last-mile-tutorial/.snakemake/conda/ab1b8fa18696127807d953619f6db731_/lib/python3.14/site-packages/jedi/third_party/typeshed/stubs/console-menu/consolemenu/validators/__init__.pyi	UNTRACKED		PROTECTED
final_report_files/snakemake-last-mile-tutorial/.snakemake/conda/ab1b8fa18696127807d953619f6db731_/lib/python3.14/site-packages/jedi/third_party/typeshed/stubs/console-menu/consolemenu/version.pyi	UNTRACKED		PROTECTED
final_report_files/snakemake-last-mile-tutorial/.snakemake/conda/ab1b8fa18696127807d953619f6db731_/lib/python3.14/site-packages/jedi/third_party/typeshed/stubs/convertdate/convertdate/data/__init__.pyi	UNTRACKED		PROTECTED
final_report_files/snakemake-last-mile-tutorial/.snakemake/conda/ab1b8fa18696127807d953619f6db731_/lib/python3.14/site-packages/jedi/third_party/typeshed/stubs/dateparser/dateparser/custom_language_detection/__init__.pyi	UNTRACKED		PROTECTED
final_report_files/snakemake-last-mile-tutorial/.snakemake/conda/ab1b8fa18696127807d953619f6db731_/lib/python3.14/site-packages/jedi/third_party/typeshed/stubs/dateparser/dateparser_data/__init__.pyi	UNTRACKED		PROTECTED
final_report_files/snakemake-last-mile-tutorial/.snakemake/conda/ab1b8fa18696127807d953619f6db731_/lib/python3.14/site-packages/jedi/third_party/typeshed/stubs/django-import-export/import_export/formats/__init__.pyi	UNTRACKED		PROTECTED
final_report_files/snakemake-last-mile-tutorial/.snakemake/conda/ab1b8fa18696127807d953619f6db731_/lib/python3.14/site-packages/jedi/third_party/typeshed/stubs/django-import-export/import_export/templatetags/__init__.pyi	UNTRACKED		PROTECTED
final_report_files/snakemake-last-mile-tutorial/.snakemake/conda/ab1b8fa18696127807d953619f6db731_/lib/python3.14/site-packages/jedi/third_party/typeshed/stubs/django-import-export/management/__init__.pyi	UNTRACKED		PROTECTED
final_report_files/snakemake-last-mile-tutorial/.snakemake/conda/ab1b8fa18696127807d953619f6db731_/lib/python3.14/site-packages/jedi/third_party/typeshed/stubs/django-import-export/management/commands/__init__.pyi	UNTRACKED		PROTECTED
final_report_files/snakemake-last-mile-tutorial/.snakemake/conda/ab1b8fa18696127807d953619f6db731_/lib/python3.14/site-packages/jedi/third_party/typeshed/stubs/docker/docker/models/__init__.pyi	UNTRACKED		PROTECTED
final_report_files/snakemake-last-mile-tutorial/.snakemake/conda/ab1b8fa18696127807d953619f6db731_/lib/python3.14/site-packages/jedi/third_party/typeshed/stubs/flake8-simplify/flake8_simplify/rules/__init__.pyi	UNTRACKED		PROTECTED
final_report_files/snakemake-last-mile-tutorial/.snakemake/conda/ab1b8fa18696127807d953619f6db731_/lib/python3.14/site-packages/jedi/third_party/typeshed/stubs/flake8/flake8/api/__init__.pyi	UNTRACKED		PROTECTED
final_report_files/snakemake-last-mile-tutorial/.snakemake/conda/ab1b8fa18696127807d953619f6db731_/lib/python3.14/site-packages/jedi/third_party/typeshed/stubs/flake8/flake8/formatting/__init__.pyi	UNTRACKED		PROTECTED
final_report_files/snakemake-last-mile-tutorial/.snakemake/conda/ab1b8fa18696127807d953619f6db731_/lib/python3.14/site-packages/jedi/third_party/typeshed/stubs/flake8/flake8/main/__init__.pyi	UNTRACKED		PROTECTED
final_report_files/snakemake-last-mile-tutorial/.snakemake/conda/ab1b8fa18696127807d953619f6db731_/lib/python3.14/site-packages/jedi/third_party/typeshed/stubs/flake8/flake8/options/__init__.pyi	UNTRACKED		PROTECTED
final_report_files/snakemake-last-mile-tutorial/.snakemake/conda/ab1b8fa18696127807d953619f6db731_/lib/python3.14/site-packages/jedi/third_party/typeshed/stubs/flake8/flake8/plugins/__init__.pyi	UNTRACKED		PROTECTED
final_report_files/snakemake-last-mile-tutorial/.snakemake/conda/ab1b8fa18696127807d953619f6db731_/lib/python3.14/site-packages/jedi/third_party/typeshed/stubs/gevent/gevent/_ffi/__init__.pyi	UNTRACKED		PROTECTED
final_report_files/snakemake-last-mile-tutorial/.snakemake/conda/ab1b8fa18696127807d953619f6db731_/lib/python3.14/site-packages/jedi/third_party/typeshed/stubs/grpcio-channelz/grpc_channelz/__init__.pyi	UNTRACKED		PROTECTED
final_report_files/snakemake-last-mile-tutorial/.snakemake/conda/ab1b8fa18696127807d953619f6db731_/lib/python3.14/site-packages/jedi/third_party/typeshed/stubs/grpcio-channelz/grpc_channelz/v1/__init__.pyi	UNTRACKED		PROTECTED
final_report_files/snakemake-last-mile-tutorial/.snakemake/conda/ab1b8fa18696127807d953619f6db731_/lib/python3.14/site-packages/jedi/third_party/typeshed/stubs/grpcio-health-checking/grpc_health/__init__.pyi	UNTRACKED		PROTECTED
final_report_files/snakemake-last-mile-tutorial/.snakemake/conda/ab1b8fa18696127807d953619f6db731_/lib/python3.14/site-packages/jedi/third_party/typeshed/stubs/grpcio-health-checking/grpc_health/v1/__init__.pyi	UNTRACKED		PROTECTED
final_report_files/snakemake-last-mile-tutorial/.snakemake/conda/ab1b8fa18696127807d953619f6db731_/lib/python3.14/site-packages/jedi/third_party/typeshed/stubs/grpcio-reflection/grpc_reflection/__init__.pyi	UNTRACKED		PROTECTED
final_report_files/snakemake-last-mile-tutorial/.snakemake/conda/ab1b8fa18696127807d953619f6db731_/lib/python3.14/site-packages/jedi/third_party/typeshed/stubs/grpcio-reflection/grpc_reflection/v1alpha/__init__.pyi	UNTRACKED		PROTECTED
final_report_files/snakemake-last-mile-tutorial/.snakemake/conda/ab1b8fa18696127807d953619f6db731_/lib/python3.14/site-packages/jedi/third_party/typeshed/stubs/grpcio-status/grpc_status/__init__.pyi	UNTRACKED		PROTECTED
final_report_files/snakemake-last-mile-tutorial/.snakemake/conda/ab1b8fa18696127807d953619f6db731_/lib/python3.14/site-packages/jedi/third_party/typeshed/stubs/gunicorn/gunicorn/app/__init__.pyi	UNTRACKED		PROTECTED
final_report_files/snakemake-last-mile-tutorial/.snakemake/conda/ab1b8fa18696127807d953619f6db731_/lib/python3.14/site-packages/jedi/third_party/typeshed/stubs/gunicorn/gunicorn/instrument/__init__.pyi	UNTRACKED		PROTECTED
final_report_files/snakemake-last-mile-tutorial/.snakemake/conda/ab1b8fa18696127807d953619f6db731_/lib/python3.14/site-packages/jedi/third_party/typeshed/stubs/html5lib/html5lib/filters/__init__.pyi	UNTRACKED		PROTECTED
final_report_files/snakemake-last-mile-tutorial/.snakemake/conda/ab1b8fa18696127807d953619f6db731_/lib/python3.14/site-packages/jedi/third_party/typeshed/stubs/hvac/hvac/constants/__init__.pyi	UNTRACKED		PROTECTED
final_report_files/snakemake-last-mile-tutorial/.snakemake/conda/ab1b8fa18696127807d953619f6db731_/lib/python3.14/site-packages/jedi/third_party/typeshed/stubs/jwcrypto/jwcrypto/__init__.pyi	UNTRACKED		PROTECTED
final_report_files/snakemake-last-mile-tutorial/.snakemake/conda/ab1b8fa18696127807d953619f6db731_/lib/python3.14/site-packages/jedi/third_party/typeshed/stubs/ldap3/ldap3/core/__init__.pyi	UNTRACKED		PROTECTED
final_report_files/snakemake-last-mile-tutorial/.snakemake/conda/ab1b8fa18696127807d953619f6db731_/lib/python3.14/site-packages/jedi/third_party/typeshed/stubs/ldap3/ldap3/extend/microsoft/__init__.pyi	UNTRACKED		PROTECTED
final_report_files/snakemake-last-mile-tutorial/.snakemake/conda/ab1b8fa18696127807d953619f6db731_/lib/python3.14/site-packages/jedi/third_party/typeshed/stubs/ldap3/ldap3/extend/novell/__init__.pyi	UNTRACKED		PROTECTED
final_report_files/snakemake-last-mile-tutorial/.snakemake/conda/ab1b8fa18696127807d953619f6db731_/lib/python3.14/site-packages/jedi/third_party/typeshed/stubs/ldap3/ldap3/extend/standard/__init__.pyi	UNTRACKED		PROTECTED
final_report_files/snakemake-last-mile-tutorial/.snakemake/conda/ab1b8fa18696127807d953619f6db731_/lib/python3.14/site-packages/jedi/third_party/typeshed/stubs/ldap3/ldap3/operation/__init__.pyi	UNTRACKED		PROTECTED
final_report_files/snakemake-last-mile-tutorial/.snakemake/conda/ab1b8fa18696127807d953619f6db731_/lib/python3.14/site-packages/jedi/third_party/typeshed/stubs/ldap3/ldap3/protocol/__init__.pyi	UNTRACKED		PROTECTED
final_report_files/snakemake-last-mile-tutorial/.snakemake/conda/ab1b8fa18696127807d953619f6db731_/lib/python3.14/site-packages/jedi/third_party/typeshed/stubs/ldap3/ldap3/protocol/formatters/__init__.pyi	UNTRACKED		PROTECTED
final_report_files/snakemake-last-mile-tutorial/.snakemake/conda/ab1b8fa18696127807d953619f6db731_/lib/python3.14/site-packages/jedi/third_party/typeshed/stubs/ldap3/ldap3/protocol/sasl/__init__.pyi	UNTRACKED		PROTECTED
final_report_files/snakemake-last-mile-tutorial/.snakemake/conda/ab1b8fa18696127807d953619f6db731_/lib/python3.14/site-packages/jedi/third_party/typeshed/stubs/ldap3/ldap3/protocol/schemas/__init__.pyi	UNTRACKED		PROTECTED
final_report_files/snakemake-last-mile-tutorial/.snakemake/conda/ab1b8fa18696127807d953619f6db731_/lib/python3.14/site-packages/jedi/third_party/typeshed/stubs/ldap3/ldap3/strategy/__init__.pyi	UNTRACKED		PROTECTED
final_report_files/snakemake-last-mile-tutorial/.snakemake/conda/ab1b8fa18696127807d953619f6db731_/lib/python3.14/site-packages/jedi/third_party/typeshed/stubs/ldap3/ldap3/utils/__init__.pyi	UNTRACKED		PROTECTED
final_report_files/snakemake-last-mile-tutorial/.snakemake/conda/ab1b8fa18696127807d953619f6db731_/lib/python3.14/site-packages/jedi/third_party/typeshed/stubs/netaddr/netaddr/compat.pyi	UNTRACKED		PROTECTED
final_report_files/snakemake-last-mile-tutorial/.snakemake/conda/ab1b8fa18696127807d953619f6db731_/lib/python3.14/site-packages/jedi/third_party/typeshed/stubs/netaddr/netaddr/contrib/__init__.pyi	UNTRACKED		PROTECTED
final_report_files/snakemake-last-mile-tutorial/.snakemake/conda/ab1b8fa18696127807d953619f6db731_/lib/python3.14/site-packages/jedi/third_party/typeshed/stubs/oauthlib/oauthlib/openid/connect/__init__.pyi	UNTRACKED		PROTECTED
final_report_files/snakemake-last-mile-tutorial/.snakemake/conda/ab1b8fa18696127807d953619f6db731_/lib/python3.14/site-packages/jedi/third_party/typeshed/stubs/oauthlib/oauthlib/openid/connect/core/__init__.pyi	UNTRACKED		PROTECTED
final_report_files/snakemake-last-mile-tutorial/.snakemake/conda/ab1b8fa18696127807d953619f6db731_/lib/python3.14/site-packages/jedi/third_party/typeshed/stubs/openpyxl/openpyxl/packaging/__init__.pyi	UNTRACKED		PROTECTED
final_report_files/snakemake-last-mile-tutorial/.snakemake/conda/ab1b8fa18696127807d953619f6db731_/lib/python3.14/site-packages/jedi/third_party/typeshed/stubs/openpyxl/openpyxl/pivot/__init__.pyi	UNTRACKED		PROTECTED
final_report_files/snakemake-last-mile-tutorial/.snakemake/conda/ab1b8fa18696127807d953619f6db731_/lib/python3.14/site-packages/jedi/third_party/typeshed/stubs/openpyxl/openpyxl/reader/__init__.pyi	UNTRACKED		PROTECTED
final_report_files/snakemake-last-mile-tutorial/.snakemake/conda/ab1b8fa18696127807d953619f6db731_/lib/python3.14/site-packages/jedi/third_party/typeshed/stubs/openpyxl/openpyxl/worksheet/__init__.pyi	UNTRACKED		PROTECTED
final_report_files/snakemake-last-mile-tutorial/.snakemake/conda/ab1b8fa18696127807d953619f6db731_/lib/python3.14/site-packages/jedi/third_party/typeshed/stubs/openpyxl/openpyxl/writer/__init__.pyi	UNTRACKED		PROTECTED
final_report_files/snakemake-last-mile-tutorial/.snakemake/conda/ab1b8fa18696127807d953619f6db731_/lib/python3.14/site-packages/jedi/third_party/typeshed/stubs/opentracing/opentracing/ext/__init__.pyi	UNTRACKED		PROTECTED
final_report_files/snakemake-last-mile-tutorial/.snakemake/conda/ab1b8fa18696127807d953619f6db731_/lib/python3.14/site-packages/jedi/third_party/typeshed/stubs/opentracing/opentracing/harness/__init__.pyi	UNTRACKED		PROTECTED
final_report_files/snakemake-last-mile-tutorial/.snakemake/conda/ab1b8fa18696127807d953619f6db731_/lib/python3.14/site-packages/jedi/third_party/typeshed/stubs/peewee/playhouse/__init__.pyi	UNTRACKED		PROTECTED
final_report_files/snakemake-last-mile-tutorial/.snakemake/conda/ab1b8fa18696127807d953619f6db731_/lib/python3.14/site-packages/jedi/third_party/typeshed/stubs/pika/pika/adapters/utils/__init__.pyi	UNTRACKED		PROTECTED
final_report_files/snakemake-last-mile-tutorial/.snakemake/conda/ab1b8fa18696127807d953619f6db731_/lib/python3.14/site-packages/jedi/third_party/typeshed/stubs/pony/pony/flask/example/__init__.pyi	UNTRACKED		PROTECTED
final_report_files/snakemake-last-mile-tutorial/.snakemake/conda/ab1b8fa18696127807d953619f6db731_/lib/python3.14/site-packages/jedi/third_party/typeshed/stubs/pony/pony/orm/dbproviders/__init__.pyi	UNTRACKED		PROTECTED
final_report_files/snakemake-last-mile-tutorial/.snakemake/conda/ab1b8fa18696127807d953619f6db731_/lib/python3.14/site-packages/jedi/third_party/typeshed/stubs/pony/pony/orm/examples/__init__.pyi	UNTRACKED		PROTECTED
final_report_files/snakemake-last-mile-tutorial/.snakemake/conda/ab1b8fa18696127807d953619f6db731_/lib/python3.14/site-packages/jedi/third_party/typeshed/stubs/pony/pony/orm/integration/__init__.pyi	UNTRACKED		PROTECTED
final_report_files/snakemake-last-mile-tutorial/.snakemake/conda/ab1b8fa18696127807d953619f6db731_/lib/python3.14/site-packages/jedi/third_party/typeshed/stubs/pony/pony/thirdparty/__init__.pyi	UNTRACKED		PROTECTED
final_report_files/snakemake-last-mile-tutorial/.snakemake/conda/ab1b8fa18696127807d953619f6db731_/lib/python3.14/site-packages/jedi/third_party/typeshed/stubs/protobuf/google/protobuf/compiler/__init__.pyi	UNTRACKED		PROTECTED
final_report_files/snakemake-last-mile-tutorial/.snakemake/conda/ab1b8fa18696127807d953619f6db731_/lib/python3.14/site-packages/jedi/third_party/typeshed/stubs/protobuf/google/protobuf/internal/__init__.pyi	UNTRACKED		PROTECTED
final_report_files/snakemake-last-mile-tutorial/.snakemake/conda/ab1b8fa18696127807d953619f6db731_/lib/python3.14/site-packages/jedi/third_party/typeshed/stubs/protobuf/google/protobuf/internal/python_edition_defaults.pyi	UNTRACKED		PROTECTED
final_report_files/snakemake-last-mile-tutorial/.snakemake/conda/ab1b8fa18696127807d953619f6db731_/lib/python3.14/site-packages/jedi/third_party/typeshed/stubs/protobuf/google/protobuf/util/__init__.pyi	UNTRACKED		PROTECTED
final_report_files/snakemake-last-mile-tutorial/.snakemake/conda/ab1b8fa18696127807d953619f6db731_/lib/python3.14/site-packages/jedi/third_party/typeshed/stubs/pyasn1/pyasn1/codec/__init__.pyi	UNTRACKED		PROTECTED
final_report_files/snakemake-last-mile-tutorial/.snakemake/conda/ab1b8fa18696127807d953619f6db731_/lib/python3.14/site-packages/jedi/third_party/typeshed/stubs/pyasn1/pyasn1/codec/ber/__init__.pyi	UNTRACKED		PROTECTED
final_report_files/snakemake-last-mile-tutorial/.snakemake/conda/ab1b8fa18696127807d953619f6db731_/lib/python3.14/site-packages/jedi/third_party/typeshed/stubs/pyasn1/pyasn1/codec/cer/__init__.pyi	UNTRACKED		PROTECTED
final_report_files/snakemake-last-mile-tutorial/.snakemake/conda/ab1b8fa18696127807d953619f6db731_/lib/python3.14/site-packages/jedi/third_party/typeshed/stubs/pyasn1/pyasn1/codec/der/__init__.pyi	UNTRACKED		PROTECTED
final_report_files/snakemake-last-mile-tutorial/.snakemake/conda/ab1b8fa18696127807d953619f6db731_/lib/python3.14/site-packages/jedi/third_party/typeshed/stubs/pyasn1/pyasn1/codec/native/__init__.pyi	UNTRACKED		PROTECTED
final_report_files/snakemake-last-mile-tutorial/.snakemake/conda/ab1b8fa18696127807d953619f6db731_/lib/python3.14/site-packages/jedi/third_party/typeshed/stubs/pyasn1/pyasn1/compat/__init__.pyi	UNTRACKED		PROTECTED
final_report_files/snakemake-last-mile-tutorial/.snakemake/conda/ab1b8fa18696127807d953619f6db731_/lib/python3.14/site-packages/jedi/third_party/typeshed/stubs/pyasn1/pyasn1/type/__init__.pyi	UNTRACKED		PROTECTED
final_report_files/snakemake-last-mile-tutorial/.snakemake/conda/ab1b8fa18696127807d953619f6db731_/lib/python3.14/site-packages/jedi/third_party/typeshed/stubs/pyflakes/pyflakes/scripts/__init__.pyi	UNTRACKED		PROTECTED
final_report_files/snakemake-last-mile-tutorial/.snakemake/conda/ab1b8fa18696127807d953619f6db731_/lib/python3.14/site-packages/jedi/third_party/typeshed/stubs/pyinstaller/PyInstaller/depend/__init__.pyi	UNTRACKED		PROTECTED
final_report_files/snakemake-last-mile-tutorial/.snakemake/conda/ab1b8fa18696127807d953619f6db731_/lib/python3.14/site-packages/jedi/third_party/typeshed/stubs/pyinstaller/PyInstaller/lib/__init__.pyi	UNTRACKED		PROTECTED
final_report_files/snakemake-last-mile-tutorial/.snakemake/conda/ab1b8fa18696127807d953619f6db731_/lib/python3.14/site-packages/jedi/third_party/typeshed/stubs/pyinstaller/PyInstaller/lib/modulegraph/__init__.pyi	UNTRACKED		PROTECTED
final_report_files/snakemake-last-mile-tutorial/.snakemake/conda/ab1b8fa18696127807d953619f6db731_/lib/python3.14/site-packages/jedi/third_party/typeshed/stubs/pyinstaller/PyInstaller/utils/__init__.pyi	UNTRACKED		PROTECTED
final_report_files/snakemake-last-mile-tutorial/.snakemake/conda/ab1b8fa18696127807d953619f6db731_/lib/python3.14/site-packages/jedi/third_party/typeshed/stubs/pyserial/serial/tools/__init__.pyi	UNTRACKED		PROTECTED
final_report_files/snakemake-last-mile-tutorial/.snakemake/conda/ab1b8fa18696127807d953619f6db731_/lib/python3.14/site-packages/jedi/third_party/typeshed/stubs/pyserial/serial/urlhandler/__init__.pyi	UNTRACKED		PROTECTED
final_report_files/snakemake-last-mile-tutorial/.snakemake/conda/ab1b8fa18696127807d953619f6db731_/lib/python3.14/site-packages/jedi/third_party/typeshed/stubs/pywin32/pythonwin/__init__.pyi	UNTRACKED		PROTECTED
final_report_files/snakemake-last-mile-tutorial/.snakemake/conda/ab1b8fa18696127807d953619f6db731_/lib/python3.14/site-packages/jedi/third_party/typeshed/stubs/pywin32/win32/__init__.pyi	UNTRACKED		PROTECTED
final_report_files/snakemake-last-mile-tutorial/.snakemake/conda/ab1b8fa18696127807d953619f6db731_/lib/python3.14/site-packages/jedi/third_party/typeshed/stubs/pywin32/win32/lib/__init__.pyi	UNTRACKED		PROTECTED
final_report_files/snakemake-last-mile-tutorial/.snakemake/conda/ab1b8fa18696127807d953619f6db731_/lib/python3.14/site-packages/jedi/third_party/typeshed/stubs/pywin32/win32com/gen_py/__init__.pyi	UNTRACKED		PROTECTED
final_report_files/snakemake-last-mile-tutorial/.snakemake/conda/ab1b8fa18696127807d953619f6db731_/lib/python3.14/site-packages/jedi/third_party/typeshed/stubs/pywin32/win32com/server/__init__.pyi	UNTRACKED		PROTECTED
final_report_files/snakemake-last-mile-tutorial/.snakemake/conda/ab1b8fa18696127807d953619f6db731_/lib/python3.14/site-packages/jedi/third_party/typeshed/stubs/pywin32/win32comext/__init__.pyi	UNTRACKED		PROTECTED
final_report_files/snakemake-last-mile-tutorial/.snakemake/conda/ab1b8fa18696127807d953619f6db731_/lib/python3.14/site-packages/jedi/third_party/typeshed/stubs/pywin32/win32comext/authorization/__init__.pyi	UNTRACKED		PROTECTED
final_report_files/snakemake-last-mile-tutorial/.snakemake/conda/ab1b8fa18696127807d953619f6db731_/lib/python3.14/site-packages/jedi/third_party/typeshed/stubs/pywin32/win32comext/axcontrol/__init__.pyi	UNTRACKED		PROTECTED
final_report_files/snakemake-last-mile-tutorial/.snakemake/conda/ab1b8fa18696127807d953619f6db731_/lib/python3.14/site-packages/jedi/third_party/typeshed/stubs/pywin32/win32comext/axdebug/__init__.pyi	UNTRACKED		PROTECTED
final_report_files/snakemake-last-mile-tutorial/.snakemake/conda/ab1b8fa18696127807d953619f6db731_/lib/python3.14/site-packages/jedi/third_party/typeshed/stubs/pywin32/win32comext/axscript/__init__.pyi	UNTRACKED		PROTECTED
final_report_files/snakemake-last-mile-tutorial/.snakemake/conda/ab1b8fa18696127807d953619f6db731_/lib/python3.14/site-packages/jedi/third_party/typeshed/stubs/pywin32/win32comext/axscript/client/__init__.pyi	UNTRACKED		PROTECTED
final_report_files/snakemake-last-mile-tutorial/.snakemake/conda/ab1b8fa18696127807d953619f6db731_/lib/python3.14/site-packages/jedi/third_party/typeshed/stubs/pywin32/win32comext/axscript/server/__init__.pyi	UNTRACKED		PROTECTED
final_report_files/snakemake-last-mile-tutorial/.snakemake/conda/ab1b8fa18696127807d953619f6db731_/lib/python3.14/site-packages/jedi/third_party/typeshed/stubs/pywin32/win32comext/bits/__init__.pyi	UNTRACKED		PROTECTED
final_report_files/snakemake-last-mile-tutorial/.snakemake/conda/ab1b8fa18696127807d953619f6db731_/lib/python3.14/site-packages/jedi/third_party/typeshed/stubs/pywin32/win32comext/directsound/__init__.pyi	UNTRACKED		PROTECTED
final_report_files/snakemake-last-mile-tutorial/.snakemake/conda/ab1b8fa18696127807d953619f6db731_/lib/python3.14/site-packages/jedi/third_party/typeshed/stubs/pywin32/win32comext/ifilter/__init__.pyi	UNTRACKED		PROTECTED
final_report_files/snakemake-last-mile-tutorial/.snakemake/conda/ab1b8fa18696127807d953619f6db731_/lib/python3.14/site-packages/jedi/third_party/typeshed/stubs/pywin32/win32comext/internet/__init__.pyi	UNTRACKED		PROTECTED
final_report_files/snakemake-last-mile-tutorial/.snakemake/conda/ab1b8fa18696127807d953619f6db731_/lib/python3.14/site-packages/jedi/third_party/typeshed/stubs/pywin32/win32comext/mapi/__init__.pyi	UNTRACKED		PROTECTED
final_report_files/snakemake-last-mile-tutorial/.snakemake/conda/ab1b8fa18696127807d953619f6db731_/lib/python3.14/site-packages/jedi/third_party/typeshed/stubs/pywin32/win32comext/propsys/__init__.pyi	UNTRACKED		PROTECTED
final_report_files/snakemake-last-mile-tutorial/.snakemake/conda/ab1b8fa18696127807d953619f6db731_/lib/python3.14/site-packages/jedi/third_party/typeshed/stubs/pywin32/win32comext/shell/__init__.pyi	UNTRACKED		PROTECTED
final_report_files/snakemake-last-mile-tutorial/.snakemake/conda/ab1b8fa18696127807d953619f6db731_/lib/python3.14/site-packages/jedi/third_party/typeshed/stubs/pywin32/win32comext/taskscheduler/__init__.pyi	UNTRACKED		PROTECTED
final_report_files/snakemake-last-mile-tutorial/.snakemake/conda/ab1b8fa18696127807d953619f6db731_/lib/python3.14/site-packages/jedi/third_party/typeshed/stubs/qrcode/qrcode/image/__init__.pyi	UNTRACKED		PROTECTED
final_report_files/snakemake-last-mile-tutorial/.snakemake/conda/ab1b8fa18696127807d953619f6db731_/lib/python3.14/site-packages/jedi/third_party/typeshed/stubs/qrcode/qrcode/image/styles/__init__.pyi	UNTRACKED		PROTECTED
final_report_files/snakemake-last-mile-tutorial/.snakemake/conda/ab1b8fa18696127807d953619f6db731_/lib/python3.14/site-packages/jedi/third_party/typeshed/stubs/reportlab/reportlab/graphics/barcode/fourstate.pyi	UNTRACKED		PROTECTED
final_report_files/snakemake-last-mile-tutorial/.snakemake/conda/ab1b8fa18696127807d953619f6db731_/lib/python3.14/site-packages/jedi/third_party/typeshed/stubs/reportlab/reportlab/graphics/samples/__init__.pyi	UNTRACKED		PROTECTED
final_report_files/snakemake-last-mile-tutorial/.snakemake/conda/ab1b8fa18696127807d953619f6db731_/lib/python3.14/site-packages/jedi/third_party/typeshed/stubs/seaborn/seaborn/_core/__init__.pyi	UNTRACKED		PROTECTED
final_report_files/snakemake-last-mile-tutorial/.snakemake/conda/ab1b8fa18696127807d953619f6db731_/lib/python3.14/site-packages/jedi/third_party/typeshed/stubs/seaborn/seaborn/_marks/__init__.pyi	UNTRACKED		PROTECTED
final_report_files/snakemake-last-mile-tutorial/.snakemake/conda/ab1b8fa18696127807d953619f6db731_/lib/python3.14/site-packages/jedi/third_party/typeshed/stubs/seaborn/seaborn/_stats/__init__.pyi	UNTRACKED		PROTECTED
final_report_files/snakemake-last-mile-tutorial/.snakemake/conda/ab1b8fa18696127807d953619f6db731_/lib/python3.14/site-packages/jedi/third_party/typeshed/stubs/seaborn/seaborn/external/__init__.pyi	UNTRACKED		PROTECTED
final_report_files/snakemake-last-mile-tutorial/.snakemake/conda/ab1b8fa18696127807d953619f6db731_/lib/python3.14/site-packages/jedi/third_party/typeshed/stubs/setuptools/setuptools/command/__init__.pyi	UNTRACKED		PROTECTED
final_report_files/snakemake-last-mile-tutorial/.snakemake/conda/ab1b8fa18696127807d953619f6db731_/lib/python3.14/site-packages/jedi/third_party/typeshed/stubs/shapely/shapely/algorithms/__init__.pyi	UNTRACKED		PROTECTED
final_report_files/snakemake-last-mile-tutorial/.snakemake/conda/ab1b8fa18696127807d953619f6db731_/lib/python3.14/site-packages/jedi/third_party/typeshed/stubs/tensorflow/tensorflow/core/protobuf/__init__.pyi	UNTRACKED		PROTECTED
final_report_files/snakemake-last-mile-tutorial/.snakemake/conda/ab1b8fa18696127807d953619f6db731_/lib/python3.14/site-packages/jedi/third_party/typeshed/stubs/tensorflow/tensorflow/python/feature_column/__init__.pyi	UNTRACKED		PROTECTED
final_report_files/snakemake-last-mile-tutorial/.snakemake/conda/ab1b8fa18696127807d953619f6db731_/lib/python3.14/site-packages/jedi/third_party/typeshed/stubs/tensorflow/tensorflow/python/trackable/__init__.pyi	UNTRACKED		PROTECTED
final_report_files/snakemake-last-mile-tutorial/.snakemake/conda/ab1b8fa18696127807d953619f6db731_/lib/python3.14/site-packages/jedi/third_party/typeshed/stubs/workalendar/workalendar/__init__.pyi	UNTRACKED		PROTECTED
final_report_files/snakemake-last-mile-tutorial/.snakemake/conda/ab1b8fa18696127807d953619f6db731_/lib/python3.14/site-packages/jedi/third_party/typeshed/stubs/xdgenvpy/xdgenvpy/__init__.pyi	UNTRACKED		PROTECTED
final_report_files/snakemake-last-mile-tutorial/.snakemake/conda/ab1b8fa18696127807d953619f6db731_/lib/python3.14/site-packages/jedi/third_party/typeshed/stubs/xmldiff/xmldiff/__init__.pyi	UNTRACKED		PROTECTED
final_report_files/snakemake-last-mile-tutorial/.snakemake/conda/ab1b8fa18696127807d953619f6db731_/lib/python3.14/site-packages/jedi/third_party/typeshed/stubs/yt-dlp/yt_dlp/utils/jslib/__init__.pyi	UNTRACKED		PROTECTED
final_report_files/snakemake-last-mile-tutorial/.snakemake/conda/ab1b8fa18696127807d953619f6db731_/lib/python3.14/site-packages/jinja2-3.1.6.dist-info/REQUESTED	UNTRACKED		PROTECTED
final_report_files/snakemake-last-mile-tutorial/.snakemake/conda/ab1b8fa18696127807d953619f6db731_/lib/python3.14/site-packages/jinja2/py.typed	UNTRACKED		PROTECTED
final_report_files/snakemake-last-mile-tutorial/.snakemake/conda/ab1b8fa18696127807d953619f6db731_/lib/python3.14/site-packages/json5-0.15.0.dist-info/REQUESTED	UNTRACKED		PROTECTED
final_report_files/snakemake-last-mile-tutorial/.snakemake/conda/ab1b8fa18696127807d953619f6db731_/lib/python3.14/site-packages/json5/py.typed	UNTRACKED		PROTECTED
final_report_files/snakemake-last-mile-tutorial/.snakemake/conda/ab1b8fa18696127807d953619f6db731_/lib/python3.14/site-packages/jsonpointer-3.1.1.dist-info/REQUESTED	UNTRACKED		PROTECTED
final_report_files/snakemake-last-mile-tutorial/.snakemake/conda/ab1b8fa18696127807d953619f6db731_/lib/python3.14/site-packages/jsonschema-4.26.0.dist-info/REQUESTED	UNTRACKED		PROTECTED
final_report_files/snakemake-last-mile-tutorial/.snakemake/conda/ab1b8fa18696127807d953619f6db731_/lib/python3.14/site-packages/jsonschema/tests/__init__.py	UNTRACKED		PROTECTED
final_report_files/snakemake-last-mile-tutorial/.snakemake/conda/ab1b8fa18696127807d953619f6db731_/lib/python3.14/site-packages/jsonschema/tests/typing/__init__.py	UNTRACKED		PROTECTED
final_report_files/snakemake-last-mile-tutorial/.snakemake/conda/ab1b8fa18696127807d953619f6db731_/lib/python3.14/site-packages/jsonschema_specifications-2025.9.1.dist-info/REQUESTED	UNTRACKED		PROTECTED
final_report_files/snakemake-last-mile-tutorial/.snakemake/conda/ab1b8fa18696127807d953619f6db731_/lib/python3.14/site-packages/jsonschema_specifications/tests/__init__.py	UNTRACKED		PROTECTED
final_report_files/snakemake-last-mile-tutorial/.snakemake/conda/ab1b8fa18696127807d953619f6db731_/lib/python3.14/site-packages/jupyter_client-8.9.1.dist-info/REQUESTED	UNTRACKED		PROTECTED
final_report_files/snakemake-last-mile-tutorial/.snakemake/conda/ab1b8fa18696127807d953619f6db731_/lib/python3.14/site-packages/jupyter_client/py.typed	UNTRACKED		PROTECTED
final_report_files/snakemake-last-mile-tutorial/.snakemake/conda/ab1b8fa18696127807d953619f6db731_/lib/python3.14/site-packages/jupyter_core-5.9.1.dist-info/REQUESTED	UNTRACKED		PROTECTED
final_report_files/snakemake-last-mile-tutorial/.snakemake/conda/ab1b8fa18696127807d953619f6db731_/lib/python3.14/site-packages/jupyter_core/py.typed	UNTRACKED		PROTECTED
final_report_files/snakemake-last-mile-tutorial/.snakemake/conda/ab1b8fa18696127807d953619f6db731_/lib/python3.14/site-packages/jupyter_events-0.12.1.dist-info/REQUESTED	UNTRACKED		PROTECTED
final_report_files/snakemake-last-mile-tutorial/.snakemake/conda/ab1b8fa18696127807d953619f6db731_/lib/python3.14/site-packages/jupyter_events/py.typed	UNTRACKED		PROTECTED
final_report_files/snakemake-last-mile-tutorial/.snakemake/conda/ab1b8fa18696127807d953619f6db731_/lib/python3.14/site-packages/jupyter_lsp-2.3.1.dist-info/REQUESTED	UNTRACKED		PROTECTED
final_report_files/snakemake-last-mile-tutorial/.snakemake/conda/ab1b8fa18696127807d953619f6db731_/lib/python3.14/site-packages/jupyter_lsp/tests/__init__.py	UNTRACKED		PROTECTED
final_report_files/snakemake-last-mile-tutorial/.snakemake/conda/ab1b8fa18696127807d953619f6db731_/lib/python3.14/site-packages/jupyter_server-2.20.0.dist-info/REQUESTED	UNTRACKED		PROTECTED
final_report_files/snakemake-last-mile-tutorial/.snakemake/conda/ab1b8fa18696127807d953619f6db731_/lib/python3.14/site-packages/jupyter_server/base/__init__.py	UNTRACKED		PROTECTED
final_report_files/snakemake-last-mile-tutorial/.snakemake/conda/ab1b8fa18696127807d953619f6db731_/lib/python3.14/site-packages/jupyter_server/extension/__init__.py	UNTRACKED		PROTECTED
final_report_files/snakemake-last-mile-tutorial/.snakemake/conda/ab1b8fa18696127807d953619f6db731_/lib/python3.14/site-packages/jupyter_server/files/__init__.py	UNTRACKED		PROTECTED
final_report_files/snakemake-last-mile-tutorial/.snakemake/conda/ab1b8fa18696127807d953619f6db731_/lib/python3.14/site-packages/jupyter_server/gateway/__init__.py	UNTRACKED		PROTECTED
final_report_files/snakemake-last-mile-tutorial/.snakemake/conda/ab1b8fa18696127807d953619f6db731_/lib/python3.14/site-packages/jupyter_server/kernelspecs/__init__.py	UNTRACKED		PROTECTED
final_report_files/snakemake-last-mile-tutorial/.snakemake/conda/ab1b8fa18696127807d953619f6db731_/lib/python3.14/site-packages/jupyter_server/nbconvert/__init__.py	UNTRACKED		PROTECTED
final_report_files/snakemake-last-mile-tutorial/.snakemake/conda/ab1b8fa18696127807d953619f6db731_/lib/python3.14/site-packages/jupyter_server/prometheus/__init__.py	UNTRACKED		PROTECTED
final_report_files/snakemake-last-mile-tutorial/.snakemake/conda/ab1b8fa18696127807d953619f6db731_/lib/python3.14/site-packages/jupyter_server/py.typed	UNTRACKED		PROTECTED
final_report_files/snakemake-last-mile-tutorial/.snakemake/conda/ab1b8fa18696127807d953619f6db731_/lib/python3.14/site-packages/jupyter_server/services/__init__.py	UNTRACKED		PROTECTED
final_report_files/snakemake-last-mile-tutorial/.snakemake/conda/ab1b8fa18696127807d953619f6db731_/lib/python3.14/site-packages/jupyter_server/services/api/__init__.py	UNTRACKED		PROTECTED
final_report_files/snakemake-last-mile-tutorial/.snakemake/conda/ab1b8fa18696127807d953619f6db731_/lib/python3.14/site-packages/jupyter_server/services/contents/__init__.py	UNTRACKED		PROTECTED
final_report_files/snakemake-last-mile-tutorial/.snakemake/conda/ab1b8fa18696127807d953619f6db731_/lib/python3.14/site-packages/jupyter_server/services/events/__init__.py	UNTRACKED		PROTECTED
final_report_files/snakemake-last-mile-tutorial/.snakemake/conda/ab1b8fa18696127807d953619f6db731_/lib/python3.14/site-packages/jupyter_server/services/kernels/__init__.py	UNTRACKED		PROTECTED
final_report_files/snakemake-last-mile-tutorial/.snakemake/conda/ab1b8fa18696127807d953619f6db731_/lib/python3.14/site-packages/jupyter_server/services/kernels/connection/__init__.py	UNTRACKED		PROTECTED
final_report_files/snakemake-last-mile-tutorial/.snakemake/conda/ab1b8fa18696127807d953619f6db731_/lib/python3.14/site-packages/jupyter_server/services/kernelspecs/__init__.py	UNTRACKED		PROTECTED
final_report_files/snakemake-last-mile-tutorial/.snakemake/conda/ab1b8fa18696127807d953619f6db731_/lib/python3.14/site-packages/jupyter_server/services/nbconvert/__init__.py	UNTRACKED		PROTECTED
final_report_files/snakemake-last-mile-tutorial/.snakemake/conda/ab1b8fa18696127807d953619f6db731_/lib/python3.14/site-packages/jupyter_server/services/sessions/__init__.py	UNTRACKED		PROTECTED
final_report_files/snakemake-last-mile-tutorial/.snakemake/conda/ab1b8fa18696127807d953619f6db731_/lib/python3.14/site-packages/jupyter_server_terminals-0.5.4.dist-info/REQUESTED	UNTRACKED		PROTECTED
final_report_files/snakemake-last-mile-tutorial/.snakemake/conda/ab1b8fa18696127807d953619f6db731_/lib/python3.14/site-packages/jupyter_server_terminals/py.typed	UNTRACKED		PROTECTED
final_report_files/snakemake-last-mile-tutorial/.snakemake/conda/ab1b8fa18696127807d953619f6db731_/lib/python3.14/site-packages/jupyterlab-4.2.7.dist-info/REQUESTED	UNTRACKED		PROTECTED
final_report_files/snakemake-last-mile-tutorial/.snakemake/conda/ab1b8fa18696127807d953619f6db731_/lib/python3.14/site-packages/jupyterlab/tests/mock_packages/extension/yarn.lock	UNTRACKED	MARKER	PROTECTED
final_report_files/snakemake-last-mile-tutorial/.snakemake/conda/ab1b8fa18696127807d953619f6db731_/lib/python3.14/site-packages/jupyterlab/tests/mock_packages/mimeextension/yarn.lock	UNTRACKED	MARKER	PROTECTED
final_report_files/snakemake-last-mile-tutorial/.snakemake/conda/ab1b8fa18696127807d953619f6db731_/lib/python3.14/site-packages/jupyterlab/tests/mock_packages/test-hyphens/yarn.lock	UNTRACKED	MARKER	PROTECTED
final_report_files/snakemake-last-mile-tutorial/.snakemake/conda/ab1b8fa18696127807d953619f6db731_/lib/python3.14/site-packages/jupyterlab/themes/@jupyterlab/theme-dark-extension/index.js	UNTRACKED		PROTECTED
final_report_files/snakemake-last-mile-tutorial/.snakemake/conda/ab1b8fa18696127807d953619f6db731_/lib/python3.14/site-packages/jupyterlab/themes/@jupyterlab/theme-dark-high-contrast-extension/index.js	UNTRACKED		PROTECTED
final_report_files/snakemake-last-mile-tutorial/.snakemake/conda/ab1b8fa18696127807d953619f6db731_/lib/python3.14/site-packages/jupyterlab/themes/@jupyterlab/theme-light-extension/index.js	UNTRACKED		PROTECTED
final_report_files/snakemake-last-mile-tutorial/.snakemake/conda/ab1b8fa18696127807d953619f6db731_/lib/python3.14/site-packages/jupyterlab_pygments-0.3.0.dist-info/REQUESTED	UNTRACKED		PROTECTED
final_report_files/snakemake-last-mile-tutorial/.snakemake/conda/ab1b8fa18696127807d953619f6db731_/lib/python3.14/site-packages/jupyterlab_server-2.28.0.dist-info/REQUESTED	UNTRACKED		PROTECTED
final_report_files/snakemake-last-mile-tutorial/.snakemake/conda/ab1b8fa18696127807d953619f6db731_/lib/python3.14/site-packages/jupyterlab_server/py.typed	UNTRACKED		PROTECTED
final_report_files/snakemake-last-mile-tutorial/.snakemake/conda/ab1b8fa18696127807d953619f6db731_/lib/python3.14/site-packages/lark-1.3.1.dist-info/REQUESTED	UNTRACKED		PROTECTED
final_report_files/snakemake-last-mile-tutorial/.snakemake/conda/ab1b8fa18696127807d953619f6db731_/lib/python3.14/site-packages/lark/grammars/__init__.py	UNTRACKED		PROTECTED
final_report_files/snakemake-last-mile-tutorial/.snakemake/conda/ab1b8fa18696127807d953619f6db731_/lib/python3.14/site-packages/lark/parsers/__init__.py	UNTRACKED		PROTECTED
final_report_files/snakemake-last-mile-tutorial/.snakemake/conda/ab1b8fa18696127807d953619f6db731_/lib/python3.14/site-packages/lark/py.typed	UNTRACKED		PROTECTED
final_report_files/snakemake-last-mile-tutorial/.snakemake/conda/ab1b8fa18696127807d953619f6db731_/lib/python3.14/site-packages/markupsafe-3.0.3.dist-info/REQUESTED	UNTRACKED		PROTECTED
final_report_files/snakemake-last-mile-tutorial/.snakemake/conda/ab1b8fa18696127807d953619f6db731_/lib/python3.14/site-packages/markupsafe/py.typed	UNTRACKED		PROTECTED
final_report_files/snakemake-last-mile-tutorial/.snakemake/conda/ab1b8fa18696127807d953619f6db731_/lib/python3.14/site-packages/matplotlib_inline-0.2.2.dist-info/REQUESTED	UNTRACKED		PROTECTED
final_report_files/snakemake-last-mile-tutorial/.snakemake/conda/ab1b8fa18696127807d953619f6db731_/lib/python3.14/site-packages/matplotlib_inline/py.typed	UNTRACKED		PROTECTED
final_report_files/snakemake-last-mile-tutorial/.snakemake/conda/ab1b8fa18696127807d953619f6db731_/lib/python3.14/site-packages/mistune-3.3.4.dist-info/REQUESTED	UNTRACKED		PROTECTED
final_report_files/snakemake-last-mile-tutorial/.snakemake/conda/ab1b8fa18696127807d953619f6db731_/lib/python3.14/site-packages/mistune/renderers/__init__.py	UNTRACKED		PROTECTED
final_report_files/snakemake-last-mile-tutorial/.snakemake/conda/ab1b8fa18696127807d953619f6db731_/lib/python3.14/site-packages/nbclient-0.11.0.dist-info/REQUESTED	UNTRACKED		PROTECTED
final_report_files/snakemake-last-mile-tutorial/.snakemake/conda/ab1b8fa18696127807d953619f6db731_/lib/python3.14/site-packages/nbclient/py.typed	UNTRACKED		PROTECTED
final_report_files/snakemake-last-mile-tutorial/.snakemake/conda/ab1b8fa18696127807d953619f6db731_/lib/python3.14/site-packages/nbconvert-7.17.1.dist-info/REQUESTED	UNTRACKED		PROTECTED
final_report_files/snakemake-last-mile-tutorial/.snakemake/conda/ab1b8fa18696127807d953619f6db731_/lib/python3.14/site-packages/nbconvert/py.typed	UNTRACKED		PROTECTED
final_report_files/snakemake-last-mile-tutorial/.snakemake/conda/ab1b8fa18696127807d953619f6db731_/lib/python3.14/site-packages/nbconvert/resources/__init__.py	UNTRACKED		PROTECTED
final_report_files/snakemake-last-mile-tutorial/.snakemake/conda/ab1b8fa18696127807d953619f6db731_/lib/python3.14/site-packages/nbconvert/utils/__init__.py	UNTRACKED		PROTECTED
final_report_files/snakemake-last-mile-tutorial/.snakemake/conda/ab1b8fa18696127807d953619f6db731_/lib/python3.14/site-packages/nbformat-5.10.4.dist-info/REQUESTED	UNTRACKED		PROTECTED
final_report_files/snakemake-last-mile-tutorial/.snakemake/conda/ab1b8fa18696127807d953619f6db731_/lib/python3.14/site-packages/nbformat/corpus/__init__.py	UNTRACKED		PROTECTED
final_report_files/snakemake-last-mile-tutorial/.snakemake/conda/ab1b8fa18696127807d953619f6db731_/lib/python3.14/site-packages/nbformat/corpus/tests/__init__.py	UNTRACKED		PROTECTED
final_report_files/snakemake-last-mile-tutorial/.snakemake/conda/ab1b8fa18696127807d953619f6db731_/lib/python3.14/site-packages/nbformat/py.typed	UNTRACKED		PROTECTED
final_report_files/snakemake-last-mile-tutorial/.snakemake/conda/ab1b8fa18696127807d953619f6db731_/lib/python3.14/site-packages/nest_asyncio2-1.7.2.dist-info/REQUESTED	UNTRACKED		PROTECTED
final_report_files/snakemake-last-mile-tutorial/.snakemake/conda/ab1b8fa18696127807d953619f6db731_/lib/python3.14/site-packages/notebook-7.2.2.dist-info/REQUESTED	UNTRACKED		PROTECTED
final_report_files/snakemake-last-mile-tutorial/.snakemake/conda/ab1b8fa18696127807d953619f6db731_/lib/python3.14/site-packages/notebook_shim-0.2.4.dist-info/REQUESTED	UNTRACKED		PROTECTED
final_report_files/snakemake-last-mile-tutorial/.snakemake/conda/ab1b8fa18696127807d953619f6db731_/lib/python3.14/site-packages/notebook_shim/tests/__init__.py	UNTRACKED		PROTECTED
final_report_files/snakemake-last-mile-tutorial/.snakemake/conda/ab1b8fa18696127807d953619f6db731_/lib/python3.14/site-packages/overrides-7.7.0.dist-info/REQUESTED	UNTRACKED		PROTECTED
final_report_files/snakemake-last-mile-tutorial/.snakemake/conda/ab1b8fa18696127807d953619f6db731_/lib/python3.14/site-packages/overrides/py.typed	UNTRACKED		PROTECTED
final_report_files/snakemake-last-mile-tutorial/.snakemake/conda/ab1b8fa18696127807d953619f6db731_/lib/python3.14/site-packages/packaging-26.2.dist-info/REQUESTED	UNTRACKED		PROTECTED
final_report_files/snakemake-last-mile-tutorial/.snakemake/conda/ab1b8fa18696127807d953619f6db731_/lib/python3.14/site-packages/packaging/py.typed	UNTRACKED		PROTECTED
final_report_files/snakemake-last-mile-tutorial/.snakemake/conda/ab1b8fa18696127807d953619f6db731_/lib/python3.14/site-packages/pandocfilters-1.5.0.dist-info/REQUESTED	UNTRACKED		PROTECTED
final_report_files/snakemake-last-mile-tutorial/.snakemake/conda/ab1b8fa18696127807d953619f6db731_/lib/python3.14/site-packages/parso-0.8.7.dist-info/REQUESTED	UNTRACKED		PROTECTED
final_report_files/snakemake-last-mile-tutorial/.snakemake/conda/ab1b8fa18696127807d953619f6db731_/lib/python3.14/site-packages/parso/py.typed	UNTRACKED		PROTECTED
final_report_files/snakemake-last-mile-tutorial/.snakemake/conda/ab1b8fa18696127807d953619f6db731_/lib/python3.14/site-packages/parso/python/__init__.py	UNTRACKED		PROTECTED
final_report_files/snakemake-last-mile-tutorial/.snakemake/conda/ab1b8fa18696127807d953619f6db731_/lib/python3.14/site-packages/pexpect-4.9.0.dist-info/REQUESTED	UNTRACKED		PROTECTED
final_report_files/snakemake-last-mile-tutorial/.snakemake/conda/ab1b8fa18696127807d953619f6db731_/lib/python3.14/site-packages/platformdirs-4.11.0.dist-info/REQUESTED	UNTRACKED		PROTECTED
final_report_files/snakemake-last-mile-tutorial/.snakemake/conda/ab1b8fa18696127807d953619f6db731_/lib/python3.14/site-packages/platformdirs/py.typed	UNTRACKED		PROTECTED
final_report_files/snakemake-last-mile-tutorial/.snakemake/conda/ab1b8fa18696127807d953619f6db731_/lib/python3.14/site-packages/prometheus_client-0.26.0.dist-info/REQUESTED	UNTRACKED		PROTECTED
final_report_files/snakemake-last-mile-tutorial/.snakemake/conda/ab1b8fa18696127807d953619f6db731_/lib/python3.14/site-packages/prometheus_client/bridge/__init__.py	UNTRACKED		PROTECTED
final_report_files/snakemake-last-mile-tutorial/.snakemake/conda/ab1b8fa18696127807d953619f6db731_/lib/python3.14/site-packages/prometheus_client/openmetrics/__init__.py	UNTRACKED		PROTECTED
final_report_files/snakemake-last-mile-tutorial/.snakemake/conda/ab1b8fa18696127807d953619f6db731_/lib/python3.14/site-packages/prometheus_client/py.typed	UNTRACKED		PROTECTED
final_report_files/snakemake-last-mile-tutorial/.snakemake/conda/ab1b8fa18696127807d953619f6db731_/lib/python3.14/site-packages/prompt_toolkit-3.0.52.dist-info/REQUESTED	UNTRACKED		PROTECTED
final_report_files/snakemake-last-mile-tutorial/.snakemake/conda/ab1b8fa18696127807d953619f6db731_/lib/python3.14/site-packages/prompt_toolkit/contrib/__init__.py	UNTRACKED		PROTECTED
final_report_files/snakemake-last-mile-tutorial/.snakemake/conda/ab1b8fa18696127807d953619f6db731_/lib/python3.14/site-packages/prompt_toolkit/key_binding/bindings/__init__.py	UNTRACKED		PROTECTED
final_report_files/snakemake-last-mile-tutorial/.snakemake/conda/ab1b8fa18696127807d953619f6db731_/lib/python3.14/site-packages/prompt_toolkit/py.typed	UNTRACKED		PROTECTED
final_report_files/snakemake-last-mile-tutorial/.snakemake/conda/ab1b8fa18696127807d953619f6db731_/lib/python3.14/site-packages/psutil-7.2.2.dist-info/REQUESTED	UNTRACKED		PROTECTED
final_report_files/snakemake-last-mile-tutorial/.snakemake/conda/ab1b8fa18696127807d953619f6db731_/lib/python3.14/site-packages/ptyprocess-0.7.0.dist-info/REQUESTED	UNTRACKED		PROTECTED
final_report_files/snakemake-last-mile-tutorial/.snakemake/conda/ab1b8fa18696127807d953619f6db731_/lib/python3.14/site-packages/pure_eval-0.2.3.dist-info/REQUESTED	UNTRACKED		PROTECTED
final_report_files/snakemake-last-mile-tutorial/.snakemake/conda/ab1b8fa18696127807d953619f6db731_/lib/python3.14/site-packages/pycparser-3.0.dist-info/REQUESTED	UNTRACKED		PROTECTED
final_report_files/snakemake-last-mile-tutorial/.snakemake/conda/ab1b8fa18696127807d953619f6db731_/lib/python3.14/site-packages/pygments-2.20.0.dist-info/REQUESTED	UNTRACKED		PROTECTED
final_report_files/snakemake-last-mile-tutorial/.snakemake/conda/ab1b8fa18696127807d953619f6db731_/lib/python3.14/site-packages/python_dateutil-2.9.0.post0.dist-info/REQUESTED	UNTRACKED		PROTECTED
final_report_files/snakemake-last-mile-tutorial/.snakemake/conda/ab1b8fa18696127807d953619f6db731_/lib/python3.14/site-packages/python_json_logger-4.1.0.dist-info/REQUESTED	UNTRACKED		PROTECTED
final_report_files/snakemake-last-mile-tutorial/.snakemake/conda/ab1b8fa18696127807d953619f6db731_/lib/python3.14/site-packages/pyyaml-6.0.3.dist-info/REQUESTED	UNTRACKED		PROTECTED
final_report_files/snakemake-last-mile-tutorial/.snakemake/conda/ab1b8fa18696127807d953619f6db731_/lib/python3.14/site-packages/pyzmq-27.1.0.dist-info/REQUESTED	UNTRACKED		PROTECTED
final_report_files/snakemake-last-mile-tutorial/.snakemake/conda/ab1b8fa18696127807d953619f6db731_/lib/python3.14/site-packages/referencing-0.37.0.dist-info/REQUESTED	UNTRACKED		PROTECTED
final_report_files/snakemake-last-mile-tutorial/.snakemake/conda/ab1b8fa18696127807d953619f6db731_/lib/python3.14/site-packages/referencing/py.typed	UNTRACKED		PROTECTED
final_report_files/snakemake-last-mile-tutorial/.snakemake/conda/ab1b8fa18696127807d953619f6db731_/lib/python3.14/site-packages/referencing/tests/__init__.py	UNTRACKED		PROTECTED
final_report_files/snakemake-last-mile-tutorial/.snakemake/conda/ab1b8fa18696127807d953619f6db731_/lib/python3.14/site-packages/requests-2.34.2.dist-info/REQUESTED	UNTRACKED		PROTECTED
final_report_files/snakemake-last-mile-tutorial/.snakemake/conda/ab1b8fa18696127807d953619f6db731_/lib/python3.14/site-packages/requests/py.typed	UNTRACKED		PROTECTED
final_report_files/snakemake-last-mile-tutorial/.snakemake/conda/ab1b8fa18696127807d953619f6db731_/lib/python3.14/site-packages/rfc3339_validator-0.1.4.dist-info/REQUESTED	UNTRACKED		PROTECTED
final_report_files/snakemake-last-mile-tutorial/.snakemake/conda/ab1b8fa18696127807d953619f6db731_/lib/python3.14/site-packages/rfc3986_validator-0.1.1.dist-info/REQUESTED	UNTRACKED		PROTECTED
final_report_files/snakemake-last-mile-tutorial/.snakemake/conda/ab1b8fa18696127807d953619f6db731_/lib/python3.14/site-packages/rfc3987_syntax-1.1.0.dist-info/REQUESTED	UNTRACKED		PROTECTED
final_report_files/snakemake-last-mile-tutorial/.snakemake/conda/ab1b8fa18696127807d953619f6db731_/lib/python3.14/site-packages/rpds/py.typed	UNTRACKED		PROTECTED
final_report_files/snakemake-last-mile-tutorial/.snakemake/conda/ab1b8fa18696127807d953619f6db731_/lib/python3.14/site-packages/rpds_py-2026.6.3.dist-info/REQUESTED	UNTRACKED		PROTECTED
final_report_files/snakemake-last-mile-tutorial/.snakemake/conda/ab1b8fa18696127807d953619f6db731_/lib/python3.14/site-packages/send2trash-2.1.0.dist-info/REQUESTED	UNTRACKED		PROTECTED
final_report_files/snakemake-last-mile-tutorial/.snakemake/conda/ab1b8fa18696127807d953619f6db731_/lib/python3.14/site-packages/setuptools/_distutils/tests/compat/__init__.py	UNTRACKED		PROTECTED
final_report_files/snakemake-last-mile-tutorial/.snakemake/conda/ab1b8fa18696127807d953619f6db731_/lib/python3.14/site-packages/setuptools/_distutils/tests/test_versionpredicate.py	UNTRACKED		PROTECTED
final_report_files/snakemake-last-mile-tutorial/.snakemake/conda/ab1b8fa18696127807d953619f6db731_/lib/python3.14/site-packages/setuptools/_vendor/.lock	UNTRACKED	MARKER	PROTECTED
final_report_files/snakemake-last-mile-tutorial/.snakemake/conda/ab1b8fa18696127807d953619f6db731_/lib/python3.14/site-packages/setuptools/_vendor/autocommand-2.2.2.dist-info/REQUESTED	UNTRACKED		PROTECTED
final_report_files/snakemake-last-mile-tutorial/.snakemake/conda/ab1b8fa18696127807d953619f6db731_/lib/python3.14/site-packages/setuptools/_vendor/backports.tarfile-1.2.0.dist-info/REQUESTED	UNTRACKED		PROTECTED
final_report_files/snakemake-last-mile-tutorial/.snakemake/conda/ab1b8fa18696127807d953619f6db731_/lib/python3.14/site-packages/setuptools/_vendor/backports/tarfile/compat/__init__.py	UNTRACKED		PROTECTED
final_report_files/snakemake-last-mile-tutorial/.snakemake/conda/ab1b8fa18696127807d953619f6db731_/lib/python3.14/site-packages/setuptools/_vendor/importlib_metadata-8.7.1.dist-info/REQUESTED	UNTRACKED		PROTECTED
final_report_files/snakemake-last-mile-tutorial/.snakemake/conda/ab1b8fa18696127807d953619f6db731_/lib/python3.14/site-packages/setuptools/_vendor/importlib_metadata/compat/__init__.py	UNTRACKED		PROTECTED
final_report_files/snakemake-last-mile-tutorial/.snakemake/conda/ab1b8fa18696127807d953619f6db731_/lib/python3.14/site-packages/setuptools/_vendor/importlib_metadata/py.typed	UNTRACKED		PROTECTED
final_report_files/snakemake-last-mile-tutorial/.snakemake/conda/ab1b8fa18696127807d953619f6db731_/lib/python3.14/site-packages/setuptools/_vendor/jaraco.text-4.0.0.dist-info/REQUESTED	UNTRACKED		PROTECTED
final_report_files/snakemake-last-mile-tutorial/.snakemake/conda/ab1b8fa18696127807d953619f6db731_/lib/python3.14/site-packages/setuptools/_vendor/jaraco/context/py.typed	UNTRACKED		PROTECTED
final_report_files/snakemake-last-mile-tutorial/.snakemake/conda/ab1b8fa18696127807d953619f6db731_/lib/python3.14/site-packages/setuptools/_vendor/jaraco/functools/py.typed	UNTRACKED		PROTECTED
final_report_files/snakemake-last-mile-tutorial/.snakemake/conda/ab1b8fa18696127807d953619f6db731_/lib/python3.14/site-packages/setuptools/_vendor/jaraco_context-6.1.0.dist-info/REQUESTED	UNTRACKED		PROTECTED
final_report_files/snakemake-last-mile-tutorial/.snakemake/conda/ab1b8fa18696127807d953619f6db731_/lib/python3.14/site-packages/setuptools/_vendor/jaraco_functools-4.4.0.dist-info/REQUESTED	UNTRACKED		PROTECTED
final_report_files/snakemake-last-mile-tutorial/.snakemake/conda/ab1b8fa18696127807d953619f6db731_/lib/python3.14/site-packages/setuptools/_vendor/more_itertools-10.8.0.dist-info/REQUESTED	UNTRACKED		PROTECTED
final_report_files/snakemake-last-mile-tutorial/.snakemake/conda/ab1b8fa18696127807d953619f6db731_/lib/python3.14/site-packages/setuptools/_vendor/more_itertools/py.typed	UNTRACKED		PROTECTED
final_report_files/snakemake-last-mile-tutorial/.snakemake/conda/ab1b8fa18696127807d953619f6db731_/lib/python3.14/site-packages/setuptools/_vendor/packaging-26.0.dist-info/REQUESTED	UNTRACKED		PROTECTED
final_report_files/snakemake-last-mile-tutorial/.snakemake/conda/ab1b8fa18696127807d953619f6db731_/lib/python3.14/site-packages/setuptools/_vendor/packaging/py.typed	UNTRACKED		PROTECTED
final_report_files/snakemake-last-mile-tutorial/.snakemake/conda/ab1b8fa18696127807d953619f6db731_/lib/python3.14/site-packages/setuptools/_vendor/platformdirs-4.4.0.dist-info/REQUESTED	UNTRACKED		PROTECTED
final_report_files/snakemake-last-mile-tutorial/.snakemake/conda/ab1b8fa18696127807d953619f6db731_/lib/python3.14/site-packages/setuptools/_vendor/platformdirs/py.typed	UNTRACKED		PROTECTED
final_report_files/snakemake-last-mile-tutorial/.snakemake/conda/ab1b8fa18696127807d953619f6db731_/lib/python3.14/site-packages/setuptools/_vendor/tomli-2.4.0.dist-info/REQUESTED	UNTRACKED		PROTECTED
final_report_files/snakemake-last-mile-tutorial/.snakemake/conda/ab1b8fa18696127807d953619f6db731_/lib/python3.14/site-packages/setuptools/_vendor/wheel-0.46.3.dist-info/REQUESTED	UNTRACKED		PROTECTED
final_report_files/snakemake-last-mile-tutorial/.snakemake/conda/ab1b8fa18696127807d953619f6db731_/lib/python3.14/site-packages/setuptools/_vendor/zipp-3.23.0.dist-info/REQUESTED	UNTRACKED		PROTECTED
final_report_files/snakemake-last-mile-tutorial/.snakemake/conda/ab1b8fa18696127807d953619f6db731_/lib/python3.14/site-packages/setuptools/_vendor/zipp/compat/__init__.py	UNTRACKED		PROTECTED
final_report_files/snakemake-last-mile-tutorial/.snakemake/conda/ab1b8fa18696127807d953619f6db731_/lib/python3.14/site-packages/setuptools/compat/__init__.py	UNTRACKED		PROTECTED
final_report_files/snakemake-last-mile-tutorial/.snakemake/conda/ab1b8fa18696127807d953619f6db731_/lib/python3.14/site-packages/setuptools/tests/compat/__init__.py	UNTRACKED		PROTECTED
final_report_files/snakemake-last-mile-tutorial/.snakemake/conda/ab1b8fa18696127807d953619f6db731_/lib/python3.14/site-packages/setuptools/tests/config/__init__.py	UNTRACKED		PROTECTED
final_report_files/snakemake-last-mile-tutorial/.snakemake/conda/ab1b8fa18696127807d953619f6db731_/lib/python3.14/site-packages/setuptools/tests/integration/__init__.py	UNTRACKED		PROTECTED
final_report_files/snakemake-last-mile-tutorial/.snakemake/conda/ab1b8fa18696127807d953619f6db731_/lib/python3.14/site-packages/six-1.17.0.dist-info/REQUESTED	UNTRACKED		PROTECTED
final_report_files/snakemake-last-mile-tutorial/.snakemake/conda/ab1b8fa18696127807d953619f6db731_/lib/python3.14/site-packages/sniffio-1.3.1.dist-info/REQUESTED	UNTRACKED		PROTECTED
final_report_files/snakemake-last-mile-tutorial/.snakemake/conda/ab1b8fa18696127807d953619f6db731_/lib/python3.14/site-packages/sniffio/_tests/__init__.py	UNTRACKED		PROTECTED
final_report_files/snakemake-last-mile-tutorial/.snakemake/conda/ab1b8fa18696127807d953619f6db731_/lib/python3.14/site-packages/sniffio/py.typed	UNTRACKED		PROTECTED
final_report_files/snakemake-last-mile-tutorial/.snakemake/conda/ab1b8fa18696127807d953619f6db731_/lib/python3.14/site-packages/soupsieve-2.9.1.dist-info/REQUESTED	UNTRACKED		PROTECTED
final_report_files/snakemake-last-mile-tutorial/.snakemake/conda/ab1b8fa18696127807d953619f6db731_/lib/python3.14/site-packages/soupsieve/py.typed	UNTRACKED		PROTECTED
final_report_files/snakemake-last-mile-tutorial/.snakemake/conda/ab1b8fa18696127807d953619f6db731_/lib/python3.14/site-packages/stack_data-0.6.3.dist-info/REQUESTED	UNTRACKED		PROTECTED
final_report_files/snakemake-last-mile-tutorial/.snakemake/conda/ab1b8fa18696127807d953619f6db731_/lib/python3.14/site-packages/terminado-0.18.1.dist-info/REQUESTED	UNTRACKED		PROTECTED
final_report_files/snakemake-last-mile-tutorial/.snakemake/conda/ab1b8fa18696127807d953619f6db731_/lib/python3.14/site-packages/terminado/py.typed	UNTRACKED		PROTECTED
final_report_files/snakemake-last-mile-tutorial/.snakemake/conda/ab1b8fa18696127807d953619f6db731_/lib/python3.14/site-packages/tinycss2-1.4.0.dist-info/REQUESTED	UNTRACKED		PROTECTED
final_report_files/snakemake-last-mile-tutorial/.snakemake/conda/ab1b8fa18696127807d953619f6db731_/lib/python3.14/site-packages/tomli-2.4.1.dist-info/REQUESTED	UNTRACKED		PROTECTED
final_report_files/snakemake-last-mile-tutorial/.snakemake/conda/ab1b8fa18696127807d953619f6db731_/lib/python3.14/site-packages/tornado-6.5.7.dist-info/REQUESTED	UNTRACKED		PROTECTED
final_report_files/snakemake-last-mile-tutorial/.snakemake/conda/ab1b8fa18696127807d953619f6db731_/lib/python3.14/site-packages/tornado/platform/__init__.py	UNTRACKED		PROTECTED
final_report_files/snakemake-last-mile-tutorial/.snakemake/conda/ab1b8fa18696127807d953619f6db731_/lib/python3.14/site-packages/tornado/py.typed	UNTRACKED		PROTECTED
final_report_files/snakemake-last-mile-tutorial/.snakemake/conda/ab1b8fa18696127807d953619f6db731_/lib/python3.14/site-packages/tornado/test/__init__.py	UNTRACKED		PROTECTED
final_report_files/snakemake-last-mile-tutorial/.snakemake/conda/ab1b8fa18696127807d953619f6db731_/lib/python3.14/site-packages/traitlets-5.15.1.dist-info/REQUESTED	UNTRACKED		PROTECTED
final_report_files/snakemake-last-mile-tutorial/.snakemake/conda/ab1b8fa18696127807d953619f6db731_/lib/python3.14/site-packages/traitlets/py.typed	UNTRACKED		PROTECTED
final_report_files/snakemake-last-mile-tutorial/.snakemake/conda/ab1b8fa18696127807d953619f6db731_/lib/python3.14/site-packages/traitlets/tests/__init__.py	UNTRACKED		PROTECTED
final_report_files/snakemake-last-mile-tutorial/.snakemake/conda/ab1b8fa18696127807d953619f6db731_/lib/python3.14/site-packages/typing_extensions-4.16.0.dist-info/REQUESTED	UNTRACKED		PROTECTED
final_report_files/snakemake-last-mile-tutorial/.snakemake/conda/ab1b8fa18696127807d953619f6db731_/lib/python3.14/site-packages/typing_utils-0.1.0.dist-info/REQUESTED	UNTRACKED		PROTECTED
final_report_files/snakemake-last-mile-tutorial/.snakemake/conda/ab1b8fa18696127807d953619f6db731_/lib/python3.14/site-packages/tzdata-2026.3.dist-info/REQUESTED	UNTRACKED		PROTECTED
final_report_files/snakemake-last-mile-tutorial/.snakemake/conda/ab1b8fa18696127807d953619f6db731_/lib/python3.14/site-packages/tzdata/zoneinfo/Africa/__init__.py	UNTRACKED		PROTECTED
final_report_files/snakemake-last-mile-tutorial/.snakemake/conda/ab1b8fa18696127807d953619f6db731_/lib/python3.14/site-packages/tzdata/zoneinfo/America/Argentina/__init__.py	UNTRACKED		PROTECTED
final_report_files/snakemake-last-mile-tutorial/.snakemake/conda/ab1b8fa18696127807d953619f6db731_/lib/python3.14/site-packages/tzdata/zoneinfo/America/Indiana/__init__.py	UNTRACKED		PROTECTED
final_report_files/snakemake-last-mile-tutorial/.snakemake/conda/ab1b8fa18696127807d953619f6db731_/lib/python3.14/site-packages/tzdata/zoneinfo/America/Kentucky/__init__.py	UNTRACKED		PROTECTED
final_report_files/snakemake-last-mile-tutorial/.snakemake/conda/ab1b8fa18696127807d953619f6db731_/lib/python3.14/site-packages/tzdata/zoneinfo/America/North_Dakota/__init__.py	UNTRACKED		PROTECTED
final_report_files/snakemake-last-mile-tutorial/.snakemake/conda/ab1b8fa18696127807d953619f6db731_/lib/python3.14/site-packages/tzdata/zoneinfo/America/__init__.py	UNTRACKED		PROTECTED
final_report_files/snakemake-last-mile-tutorial/.snakemake/conda/ab1b8fa18696127807d953619f6db731_/lib/python3.14/site-packages/tzdata/zoneinfo/Antarctica/__init__.py	UNTRACKED		PROTECTED
final_report_files/snakemake-last-mile-tutorial/.snakemake/conda/ab1b8fa18696127807d953619f6db731_/lib/python3.14/site-packages/tzdata/zoneinfo/Arctic/__init__.py	UNTRACKED		PROTECTED
final_report_files/snakemake-last-mile-tutorial/.snakemake/conda/ab1b8fa18696127807d953619f6db731_/lib/python3.14/site-packages/tzdata/zoneinfo/Asia/__init__.py	UNTRACKED		PROTECTED
final_report_files/snakemake-last-mile-tutorial/.snakemake/conda/ab1b8fa18696127807d953619f6db731_/lib/python3.14/site-packages/tzdata/zoneinfo/Atlantic/__init__.py	UNTRACKED		PROTECTED
final_report_files/snakemake-last-mile-tutorial/.snakemake/conda/ab1b8fa18696127807d953619f6db731_/lib/python3.14/site-packages/tzdata/zoneinfo/Australia/__init__.py	UNTRACKED		PROTECTED
final_report_files/snakemake-last-mile-tutorial/.snakemake/conda/ab1b8fa18696127807d953619f6db731_/lib/python3.14/site-packages/tzdata/zoneinfo/Brazil/__init__.py	UNTRACKED		PROTECTED
final_report_files/snakemake-last-mile-tutorial/.snakemake/conda/ab1b8fa18696127807d953619f6db731_/lib/python3.14/site-packages/tzdata/zoneinfo/Canada/__init__.py	UNTRACKED		PROTECTED
final_report_files/snakemake-last-mile-tutorial/.snakemake/conda/ab1b8fa18696127807d953619f6db731_/lib/python3.14/site-packages/tzdata/zoneinfo/Chile/__init__.py	UNTRACKED		PROTECTED
final_report_files/snakemake-last-mile-tutorial/.snakemake/conda/ab1b8fa18696127807d953619f6db731_/lib/python3.14/site-packages/tzdata/zoneinfo/Etc/__init__.py	UNTRACKED		PROTECTED
final_report_files/snakemake-last-mile-tutorial/.snakemake/conda/ab1b8fa18696127807d953619f6db731_/lib/python3.14/site-packages/tzdata/zoneinfo/Europe/__init__.py	UNTRACKED		PROTECTED
final_report_files/snakemake-last-mile-tutorial/.snakemake/conda/ab1b8fa18696127807d953619f6db731_/lib/python3.14/site-packages/tzdata/zoneinfo/Indian/__init__.py	UNTRACKED		PROTECTED
final_report_files/snakemake-last-mile-tutorial/.snakemake/conda/ab1b8fa18696127807d953619f6db731_/lib/python3.14/site-packages/tzdata/zoneinfo/Mexico/__init__.py	UNTRACKED		PROTECTED
final_report_files/snakemake-last-mile-tutorial/.snakemake/conda/ab1b8fa18696127807d953619f6db731_/lib/python3.14/site-packages/tzdata/zoneinfo/Pacific/__init__.py	UNTRACKED		PROTECTED
final_report_files/snakemake-last-mile-tutorial/.snakemake/conda/ab1b8fa18696127807d953619f6db731_/lib/python3.14/site-packages/tzdata/zoneinfo/US/__init__.py	UNTRACKED		PROTECTED
final_report_files/snakemake-last-mile-tutorial/.snakemake/conda/ab1b8fa18696127807d953619f6db731_/lib/python3.14/site-packages/tzdata/zoneinfo/__init__.py	UNTRACKED		PROTECTED
final_report_files/snakemake-last-mile-tutorial/.snakemake/conda/ab1b8fa18696127807d953619f6db731_/lib/python3.14/site-packages/uri_template-1.3.0.dist-info/REQUESTED	UNTRACKED		PROTECTED
final_report_files/snakemake-last-mile-tutorial/.snakemake/conda/ab1b8fa18696127807d953619f6db731_/lib/python3.14/site-packages/urllib3-2.7.0.dist-info/REQUESTED	UNTRACKED		PROTECTED
final_report_files/snakemake-last-mile-tutorial/.snakemake/conda/ab1b8fa18696127807d953619f6db731_/lib/python3.14/site-packages/urllib3/contrib/__init__.py	UNTRACKED		PROTECTED
final_report_files/snakemake-last-mile-tutorial/.snakemake/conda/ab1b8fa18696127807d953619f6db731_/lib/python3.14/site-packages/wcwidth-0.8.2.dist-info/REQUESTED	UNTRACKED		PROTECTED
final_report_files/snakemake-last-mile-tutorial/.snakemake/conda/ab1b8fa18696127807d953619f6db731_/lib/python3.14/site-packages/wcwidth/py.typed	UNTRACKED		PROTECTED
final_report_files/snakemake-last-mile-tutorial/.snakemake/conda/ab1b8fa18696127807d953619f6db731_/lib/python3.14/site-packages/webcolors-25.10.0.dist-info/REQUESTED	UNTRACKED		PROTECTED
final_report_files/snakemake-last-mile-tutorial/.snakemake/conda/ab1b8fa18696127807d953619f6db731_/lib/python3.14/site-packages/webencodings-0.5.1.dist-info/REQUESTED	UNTRACKED		PROTECTED
final_report_files/snakemake-last-mile-tutorial/.snakemake/conda/ab1b8fa18696127807d953619f6db731_/lib/python3.14/site-packages/websocket/py.typed	UNTRACKED		PROTECTED
final_report_files/snakemake-last-mile-tutorial/.snakemake/conda/ab1b8fa18696127807d953619f6db731_/lib/python3.14/site-packages/websocket/tests/__init__.py	UNTRACKED		PROTECTED
final_report_files/snakemake-last-mile-tutorial/.snakemake/conda/ab1b8fa18696127807d953619f6db731_/lib/python3.14/site-packages/websocket_client-1.9.0.dist-info/REQUESTED	UNTRACKED		PROTECTED
final_report_files/snakemake-last-mile-tutorial/.snakemake/conda/ab1b8fa18696127807d953619f6db731_/lib/python3.14/site-packages/zipp-4.1.0.dist-info/REQUESTED	UNTRACKED		PROTECTED
final_report_files/snakemake-last-mile-tutorial/.snakemake/conda/ab1b8fa18696127807d953619f6db731_/lib/python3.14/site-packages/zipp/compat/__init__.py	UNTRACKED		PROTECTED
final_report_files/snakemake-last-mile-tutorial/.snakemake/conda/ab1b8fa18696127807d953619f6db731_/lib/python3.14/site-packages/zmq/log/__init__.py	UNTRACKED		PROTECTED
final_report_files/snakemake-last-mile-tutorial/.snakemake/conda/ab1b8fa18696127807d953619f6db731_/lib/python3.14/site-packages/zmq/py.typed	UNTRACKED		PROTECTED
final_report_files/snakemake-last-mile-tutorial/.snakemake/conda/ab1b8fa18696127807d953619f6db731_/lib/python3.14/site-packages/zmq/utils/__init__.py	UNTRACKED		PROTECTED
final_report_files/snakemake-last-mile-tutorial/.snakemake/conda/ab1b8fa18696127807d953619f6db731_/lib/python3.14/urllib/__init__.py	UNTRACKED		PROTECTED
final_report_files/snakemake-last-mile-tutorial/.snakemake/conda/ab1b8fa18696127807d953619f6db731_/share/X11/locale/C/Compose	UNTRACKED		PROTECTED
final_report_files/snakemake-last-mile-tutorial/.snakemake/conda/ab1b8fa18696127807d953619f6db731_/share/X11/locale/am_ET.UTF-8/XI18N_OBJS	UNTRACKED		PROTECTED
final_report_files/snakemake-last-mile-tutorial/.snakemake/conda/ab1b8fa18696127807d953619f6db731_/share/X11/locale/am_ET.UTF-8/XLC_LOCALE	UNTRACKED		PROTECTED
final_report_files/snakemake-last-mile-tutorial/.snakemake/conda/ab1b8fa18696127807d953619f6db731_/share/X11/locale/cs_CZ.UTF-8/XI18N_OBJS	UNTRACKED		PROTECTED
final_report_files/snakemake-last-mile-tutorial/.snakemake/conda/ab1b8fa18696127807d953619f6db731_/share/X11/locale/cs_CZ.UTF-8/XLC_LOCALE	UNTRACKED		PROTECTED
final_report_files/snakemake-last-mile-tutorial/.snakemake/conda/ab1b8fa18696127807d953619f6db731_/share/X11/locale/el_GR.UTF-8/XI18N_OBJS	UNTRACKED		PROTECTED
final_report_files/snakemake-last-mile-tutorial/.snakemake/conda/ab1b8fa18696127807d953619f6db731_/share/X11/locale/el_GR.UTF-8/XLC_LOCALE	UNTRACKED		PROTECTED
final_report_files/snakemake-last-mile-tutorial/.snakemake/conda/ab1b8fa18696127807d953619f6db731_/share/X11/locale/fi_FI.UTF-8/XI18N_OBJS	UNTRACKED		PROTECTED
final_report_files/snakemake-last-mile-tutorial/.snakemake/conda/ab1b8fa18696127807d953619f6db731_/share/X11/locale/fi_FI.UTF-8/XLC_LOCALE	UNTRACKED		PROTECTED
final_report_files/snakemake-last-mile-tutorial/.snakemake/conda/ab1b8fa18696127807d953619f6db731_/share/X11/locale/iscii-dev/Compose	UNTRACKED		PROTECTED
final_report_files/snakemake-last-mile-tutorial/.snakemake/conda/ab1b8fa18696127807d953619f6db731_/share/X11/locale/isiri-3342/Compose	UNTRACKED		PROTECTED
final_report_files/snakemake-last-mile-tutorial/.snakemake/conda/ab1b8fa18696127807d953619f6db731_/share/X11/locale/iso8859-11/Compose	UNTRACKED		PROTECTED
final_report_files/snakemake-last-mile-tutorial/.snakemake/conda/ab1b8fa18696127807d953619f6db731_/share/X11/locale/km_KH.UTF-8/XLC_LOCALE	UNTRACKED		PROTECTED
final_report_files/snakemake-last-mile-tutorial/.snakemake/conda/ab1b8fa18696127807d953619f6db731_/share/X11/locale/microsoft-cp1251/Compose	UNTRACKED		PROTECTED
final_report_files/snakemake-last-mile-tutorial/.snakemake/conda/ab1b8fa18696127807d953619f6db731_/share/X11/locale/microsoft-cp1255/Compose	UNTRACKED		PROTECTED
final_report_files/snakemake-last-mile-tutorial/.snakemake/conda/ab1b8fa18696127807d953619f6db731_/share/X11/locale/microsoft-cp1256/Compose	UNTRACKED		PROTECTED
final_report_files/snakemake-last-mile-tutorial/.snakemake/conda/ab1b8fa18696127807d953619f6db731_/share/X11/locale/nokhchi-1/Compose	UNTRACKED		PROTECTED
final_report_files/snakemake-last-mile-tutorial/.snakemake/conda/ab1b8fa18696127807d953619f6db731_/share/X11/locale/sr_RS.UTF-8/XLC_LOCALE	UNTRACKED		PROTECTED
final_report_files/snakemake-last-mile-tutorial/.snakemake/conda/ab1b8fa18696127807d953619f6db731_/share/X11/locale/tatar-cyr/Compose	UNTRACKED		PROTECTED
final_report_files/snakemake-last-mile-tutorial/.snakemake/conda/ab1b8fa18696127807d953619f6db731_/share/X11/locale/th_TH/Compose	UNTRACKED		PROTECTED
final_report_files/snakemake-last-mile-tutorial/.snakemake/conda/ab1b8fa18696127807d953619f6db731_/share/X11/locale/tscii-0/Compose	UNTRACKED		PROTECTED
final_report_files/snakemake-last-mile-tutorial/.snakemake/conda/ab1b8fa18696127807d953619f6db731_/share/jupyter/lab/themes/@jupyterlab/theme-dark-extension/index.js	UNTRACKED		PROTECTED
final_report_files/snakemake-last-mile-tutorial/.snakemake/conda/ab1b8fa18696127807d953619f6db731_/share/jupyter/lab/themes/@jupyterlab/theme-dark-high-contrast-extension/index.js	UNTRACKED		PROTECTED
final_report_files/snakemake-last-mile-tutorial/.snakemake/conda/ab1b8fa18696127807d953619f6db731_/share/jupyter/lab/themes/@jupyterlab/theme-light-extension/index.js	UNTRACKED		PROTECTED
final_report_files/snakemake-last-mile-tutorial/.snakemake/conda/ab1b8fa18696127807d953619f6db731_/ssl/certs/.keep	UNTRACKED		PROTECTED
final_report_files/snakemake-last-mile-tutorial/.snakemake/conda/ab1b8fa18696127807d953619f6db731_/var/cache/fontconfig/.leave	UNTRACKED		PROTECTED
final_report_files/snakemake-last-mile-tutorial/.snakemake/conda/ab1b8fa18696127807d953619f6db731_/x86_64-conda-linux-gnu/lib/ldscripts/stamp	UNTRACKED		PROTECTED
final_report_files/snakemake-last-mile-tutorial/.snakemake/conda/ab1b8fa18696127807d953619f6db731_/x86_64-conda-linux-gnu/sysroot/lib64/gconv/gconv-modules.cache	UNTRACKED		PROTECTED
final_report_files/snakemake-last-mile-tutorial/.snakemake/conda/c558ed442da3733ef4c466c44f4460a7_.env_setup_done	UNTRACKED		PROTECTED
final_report_files/snakemake-last-mile-tutorial/.snakemake/conda/c558ed442da3733ef4c466c44f4460a7_/etc/conda/test-files/anyio/1/tests/__init__.py	UNTRACKED		PROTECTED
final_report_files/snakemake-last-mile-tutorial/.snakemake/conda/c558ed442da3733ef4c466c44f4460a7_/etc/conda/test-files/anyio/1/tests/streams/__init__.py	UNTRACKED		PROTECTED
final_report_files/snakemake-last-mile-tutorial/.snakemake/conda/c558ed442da3733ef4c466c44f4460a7_/etc/conda/test-files/arrow/1/tests/__init__.py	UNTRACKED		PROTECTED
final_report_files/snakemake-last-mile-tutorial/.snakemake/conda/c558ed442da3733ef4c466c44f4460a7_/etc/conda/test-files/h2/1/tests/__init__.py	UNTRACKED		PROTECTED
final_report_files/snakemake-last-mile-tutorial/.snakemake/conda/c558ed442da3733ef4c466c44f4460a7_/etc/conda/test-files/idna/1/tests/__init__.py	UNTRACKED		PROTECTED
final_report_files/snakemake-last-mile-tutorial/.snakemake/conda/c558ed442da3733ef4c466c44f4460a7_/etc/conda/test-files/ipython/2/tests/__init__.py	UNTRACKED		PROTECTED
final_report_files/snakemake-last-mile-tutorial/.snakemake/conda/c558ed442da3733ef4c466c44f4460a7_/etc/conda/test-files/jupyter_client/1/tests/__init__.py	UNTRACKED		PROTECTED
final_report_files/snakemake-last-mile-tutorial/.snakemake/conda/c558ed442da3733ef4c466c44f4460a7_/etc/conda/test-files/jupyter_core/1/tests/__init__.py	UNTRACKED		PROTECTED
final_report_files/snakemake-last-mile-tutorial/.snakemake/conda/c558ed442da3733ef4c466c44f4460a7_/etc/conda/test-files/jupyter_server/1/tests/__init__.py	UNTRACKED		PROTECTED
final_report_files/snakemake-last-mile-tutorial/.snakemake/conda/c558ed442da3733ef4c466c44f4460a7_/etc/conda/test-files/jupyter_server/1/tests/auth/__init__.py	UNTRACKED		PROTECTED
final_report_files/snakemake-last-mile-tutorial/.snakemake/conda/c558ed442da3733ef4c466c44f4460a7_/etc/conda/test-files/jupyter_server/1/tests/extension/__init__.py	UNTRACKED		PROTECTED
final_report_files/snakemake-last-mile-tutorial/.snakemake/conda/c558ed442da3733ef4c466c44f4460a7_/etc/conda/test-files/jupyter_server/1/tests/namespace-package-test/test_namespace/test_package/__init__.py	UNTRACKED		PROTECTED
final_report_files/snakemake-last-mile-tutorial/.snakemake/conda/c558ed442da3733ef4c466c44f4460a7_/etc/conda/test-files/jupyter_server/1/tests/nbconvert/__init__.py	UNTRACKED		PROTECTED
final_report_files/snakemake-last-mile-tutorial/.snakemake/conda/c558ed442da3733ef4c466c44f4460a7_/etc/conda/test-files/jupyter_server/1/tests/services/__init__.py	UNTRACKED		PROTECTED
final_report_files/snakemake-last-mile-tutorial/.snakemake/conda/c558ed442da3733ef4c466c44f4460a7_/etc/conda/test-files/jupyter_server/1/tests/services/api/__init__.py	UNTRACKED		PROTECTED
final_report_files/snakemake-last-mile-tutorial/.snakemake/conda/c558ed442da3733ef4c466c44f4460a7_/etc/conda/test-files/jupyter_server/1/tests/services/config/__init__.py	UNTRACKED		PROTECTED
final_report_files/snakemake-last-mile-tutorial/.snakemake/conda/c558ed442da3733ef4c466c44f4460a7_/etc/conda/test-files/jupyter_server/1/tests/services/contents/__init__.py	UNTRACKED		PROTECTED
final_report_files/snakemake-last-mile-tutorial/.snakemake/conda/c558ed442da3733ef4c466c44f4460a7_/etc/conda/test-files/jupyter_server/1/tests/services/events/__init__.py	UNTRACKED		PROTECTED
final_report_files/snakemake-last-mile-tutorial/.snakemake/conda/c558ed442da3733ef4c466c44f4460a7_/etc/conda/test-files/jupyter_server/1/tests/services/kernels/__init__.py	UNTRACKED		PROTECTED
final_report_files/snakemake-last-mile-tutorial/.snakemake/conda/c558ed442da3733ef4c466c44f4460a7_/etc/conda/test-files/jupyter_server/1/tests/services/kernelspecs/__init__.py	UNTRACKED		PROTECTED
final_report_files/snakemake-last-mile-tutorial/.snakemake/conda/c558ed442da3733ef4c466c44f4460a7_/etc/conda/test-files/jupyter_server/1/tests/services/nbconvert/__init__.py	UNTRACKED		PROTECTED
final_report_files/snakemake-last-mile-tutorial/.snakemake/conda/c558ed442da3733ef4c466c44f4460a7_/etc/conda/test-files/jupyter_server/1/tests/services/sessions/__init__.py	UNTRACKED		PROTECTED
final_report_files/snakemake-last-mile-tutorial/.snakemake/conda/c558ed442da3733ef4c466c44f4460a7_/etc/conda/test-files/jupyter_server/1/tests/unix_sockets/__init__.py	UNTRACKED		PROTECTED
final_report_files/snakemake-last-mile-tutorial/.snakemake/conda/c558ed442da3733ef4c466c44f4460a7_/etc/conda/test-files/jupyter_server_terminals/0/tests/__init__.py	UNTRACKED		PROTECTED
final_report_files/snakemake-last-mile-tutorial/.snakemake/conda/c558ed442da3733ef4c466c44f4460a7_/etc/conda/test-files/python-fastjsonschema/1/src/tests/json_schema/__init__.py	UNTRACKED		PROTECTED
final_report_files/snakemake-last-mile-tutorial/.snakemake/conda/c558ed442da3733ef4c466c44f4460a7_/etc/conda/test-files/rfc3987-syntax/1/tests/__init__.py	UNTRACKED		PROTECTED
final_report_files/snakemake-last-mile-tutorial/.snakemake/conda/c558ed442da3733ef4c466c44f4460a7_/etc/conda/test-files/rpds-py/1/tests/__init__.py	UNTRACKED		PROTECTED
final_report_files/snakemake-last-mile-tutorial/.snakemake/conda/c558ed442da3733ef4c466c44f4460a7_/etc/conda/test-files/terminado/1/tests/__init__.py	UNTRACKED		PROTECTED
final_report_files/snakemake-last-mile-tutorial/.snakemake/conda/c558ed442da3733ef4c466c44f4460a7_/etc/conda/test-files/traitlets/1/tests/__init__.py	UNTRACKED		PROTECTED
final_report_files/snakemake-last-mile-tutorial/.snakemake/conda/c558ed442da3733ef4c466c44f4460a7_/etc/conda/test-files/traitlets/1/tests/config/__init__.py	UNTRACKED		PROTECTED
final_report_files/snakemake-last-mile-tutorial/.snakemake/conda/c558ed442da3733ef4c466c44f4460a7_/etc/conda/test-files/traitlets/1/tests/utils/__init__.py	UNTRACKED		PROTECTED
final_report_files/snakemake-last-mile-tutorial/.snakemake/conda/c558ed442da3733ef4c466c44f4460a7_/etc/conda/test-files/zipp/1/tests/__init__.py	UNTRACKED		PROTECTED
final_report_files/snakemake-last-mile-tutorial/.snakemake/conda/c558ed442da3733ef4c466c44f4460a7_/etc/conda/test-files/zipp/1/tests/compat/__init__.py	UNTRACKED		PROTECTED
final_report_files/snakemake-last-mile-tutorial/.snakemake/conda/c558ed442da3733ef4c466c44f4460a7_/lib/node_modules/npm/.npmrc	UNTRACKED		PROTECTED
final_report_files/snakemake-last-mile-tutorial/.snakemake/conda/c558ed442da3733ef4c466c44f4460a7_/lib/node_modules/npm/node_modules/node-gyp/gyp/pylib/gyp/generator/__init__.py	UNTRACKED		PROTECTED
final_report_files/snakemake-last-mile-tutorial/.snakemake/conda/c558ed442da3733ef4c466c44f4460a7_/lib/node_modules/npm/node_modules/node-gyp/gyp/pylib/packaging/py.typed	UNTRACKED		PROTECTED
final_report_files/snakemake-last-mile-tutorial/.snakemake/conda/c558ed442da3733ef4c466c44f4460a7_/lib/node_modules/npm/node_modules/smart-buffer/docs/ROADMAP.md	UNTRACKED		PROTECTED
final_report_files/snakemake-last-mile-tutorial/.snakemake/conda/c558ed442da3733ef4c466c44f4460a7_/lib/node_modules/vega-cli/node_modules/napi-build-utils/index.md	UNTRACKED		PROTECTED
final_report_files/snakemake-last-mile-tutorial/.snakemake/conda/c558ed442da3733ef4c466c44f4460a7_/lib/node_modules/vega-cli/node_modules/node-addon-api/nothing.c	UNTRACKED		PROTECTED
final_report_files/snakemake-last-mile-tutorial/.snakemake/conda/c558ed442da3733ef4c466c44f4460a7_/lib/node_modules/vega-cli/node_modules/tar-fs/test/fixtures/d/file1	UNTRACKED		PROTECTED
final_report_files/snakemake-last-mile-tutorial/.snakemake/conda/c558ed442da3733ef4c466c44f4460a7_/lib/node_modules/vega-cli/node_modules/tar-fs/test/fixtures/d/file2	UNTRACKED		PROTECTED
final_report_files/snakemake-last-mile-tutorial/.snakemake/conda/c558ed442da3733ef4c466c44f4460a7_/lib/node_modules/vega-cli/node_modules/tar-fs/test/fixtures/d/sub-dir/file5	UNTRACKED		PROTECTED
final_report_files/snakemake-last-mile-tutorial/.snakemake/conda/c558ed442da3733ef4c466c44f4460a7_/lib/node_modules/vega-cli/node_modules/tar-fs/test/fixtures/d/sub-files/file3	UNTRACKED		PROTECTED
final_report_files/snakemake-last-mile-tutorial/.snakemake/conda/c558ed442da3733ef4c466c44f4460a7_/lib/node_modules/vega-cli/node_modules/tar-fs/test/fixtures/d/sub-files/file4	UNTRACKED		PROTECTED
final_report_files/snakemake-last-mile-tutorial/.snakemake/conda/c558ed442da3733ef4c466c44f4460a7_/lib/node_modules/vega-cli/node_modules/tar-fs/test/fixtures/e/directory/.ignore	UNTRACKED		PROTECTED
final_report_files/snakemake-last-mile-tutorial/.snakemake/conda/c558ed442da3733ef4c466c44f4460a7_/lib/node_modules/vega-cli/node_modules/tar-fs/test/fixtures/e/file	UNTRACKED		PROTECTED
final_report_files/snakemake-last-mile-tutorial/.snakemake/conda/c558ed442da3733ef4c466c44f4460a7_/lib/python3.11/email/mime/__init__.py	UNTRACKED		PROTECTED
final_report_files/snakemake-last-mile-tutorial/.snakemake/conda/c558ed442da3733ef4c466c44f4460a7_/lib/python3.11/lib2to3/tests/data/fixers/myfixes/__init__.py	UNTRACKED		PROTECTED
final_report_files/snakemake-last-mile-tutorial/.snakemake/conda/c558ed442da3733ef4c466c44f4460a7_/lib/python3.11/pydoc_data/__init__.py	UNTRACKED		PROTECTED
final_report_files/snakemake-last-mile-tutorial/.snakemake/conda/c558ed442da3733ef4c466c44f4460a7_/lib/python3.11/site-packages/IPython/core/__init__.py	UNTRACKED		PROTECTED
final_report_files/snakemake-last-mile-tutorial/.snakemake/conda/c558ed442da3733ef4c466c44f4460a7_/lib/python3.11/site-packages/IPython/extensions/deduperreload/__init__.py	UNTRACKED		PROTECTED
final_report_files/snakemake-last-mile-tutorial/.snakemake/conda/c558ed442da3733ef4c466c44f4460a7_/lib/python3.11/site-packages/IPython/py.typed	UNTRACKED		PROTECTED
final_report_files/snakemake-last-mile-tutorial/.snakemake/conda/c558ed442da3733ef4c466c44f4460a7_/lib/python3.11/site-packages/IPython/sphinxext/__init__.py	UNTRACKED		PROTECTED
final_report_files/snakemake-last-mile-tutorial/.snakemake/conda/c558ed442da3733ef4c466c44f4460a7_/lib/python3.11/site-packages/IPython/sphinxext/tests/__init__.py	UNTRACKED		PROTECTED
final_report_files/snakemake-last-mile-tutorial/.snakemake/conda/c558ed442da3733ef4c466c44f4460a7_/lib/python3.11/site-packages/IPython/terminal/__init__.py	UNTRACKED		PROTECTED
final_report_files/snakemake-last-mile-tutorial/.snakemake/conda/c558ed442da3733ef4c466c44f4460a7_/lib/python3.11/site-packages/IPython/testing/plugin/__init__.py	UNTRACKED		PROTECTED
final_report_files/snakemake-last-mile-tutorial/.snakemake/conda/c558ed442da3733ef4c466c44f4460a7_/lib/python3.11/site-packages/IPython/utils/__init__.py	UNTRACKED		PROTECTED
final_report_files/snakemake-last-mile-tutorial/.snakemake/conda/c558ed442da3733ef4c466c44f4460a7_/lib/python3.11/site-packages/PySocks-1.7.1.dist-info/REQUESTED	UNTRACKED		PROTECTED
final_report_files/snakemake-last-mile-tutorial/.snakemake/conda/c558ed442da3733ef4c466c44f4460a7_/lib/python3.11/site-packages/altair-5.3.0.dist-info/REQUESTED	UNTRACKED		PROTECTED
final_report_files/snakemake-last-mile-tutorial/.snakemake/conda/c558ed442da3733ef4c466c44f4460a7_/lib/python3.11/site-packages/altair/py.typed	UNTRACKED		PROTECTED
final_report_files/snakemake-last-mile-tutorial/.snakemake/conda/c558ed442da3733ef4c466c44f4460a7_/lib/python3.11/site-packages/altair_data_server/tests/__init__.py	UNTRACKED		PROTECTED
final_report_files/snakemake-last-mile-tutorial/.snakemake/conda/c558ed442da3733ef4c466c44f4460a7_/lib/python3.11/site-packages/altair_saver/savers/tests/__init__.py	UNTRACKED		PROTECTED
final_report_files/snakemake-last-mile-tutorial/.snakemake/conda/c558ed442da3733ef4c466c44f4460a7_/lib/python3.11/site-packages/altair_saver/tests/__init__.py	UNTRACKED		PROTECTED
final_report_files/snakemake-last-mile-tutorial/.snakemake/conda/c558ed442da3733ef4c466c44f4460a7_/lib/python3.11/site-packages/altair_viewer-0.4.0.dist-info/REQUESTED	UNTRACKED		PROTECTED
final_report_files/snakemake-last-mile-tutorial/.snakemake/conda/c558ed442da3733ef4c466c44f4460a7_/lib/python3.11/site-packages/altair_viewer/tests/__init__.py	UNTRACKED		PROTECTED
final_report_files/snakemake-last-mile-tutorial/.snakemake/conda/c558ed442da3733ef4c466c44f4460a7_/lib/python3.11/site-packages/anyio-4.14.2.dist-info/REQUESTED	UNTRACKED		PROTECTED
final_report_files/snakemake-last-mile-tutorial/.snakemake/conda/c558ed442da3733ef4c466c44f4460a7_/lib/python3.11/site-packages/anyio/_backends/__init__.py	UNTRACKED		PROTECTED
final_report_files/snakemake-last-mile-tutorial/.snakemake/conda/c558ed442da3733ef4c466c44f4460a7_/lib/python3.11/site-packages/anyio/_core/__init__.py	UNTRACKED		PROTECTED
final_report_files/snakemake-last-mile-tutorial/.snakemake/conda/c558ed442da3733ef4c466c44f4460a7_/lib/python3.11/site-packages/anyio/py.typed	UNTRACKED		PROTECTED
final_report_files/snakemake-last-mile-tutorial/.snakemake/conda/c558ed442da3733ef4c466c44f4460a7_/lib/python3.11/site-packages/anyio/streams/__init__.py	UNTRACKED		PROTECTED
final_report_files/snakemake-last-mile-tutorial/.snakemake/conda/c558ed442da3733ef4c466c44f4460a7_/lib/python3.11/site-packages/argon2/py.typed	UNTRACKED		PROTECTED
final_report_files/snakemake-last-mile-tutorial/.snakemake/conda/c558ed442da3733ef4c466c44f4460a7_/lib/python3.11/site-packages/argon2_cffi-25.1.0.dist-info/REQUESTED	UNTRACKED		PROTECTED
final_report_files/snakemake-last-mile-tutorial/.snakemake/conda/c558ed442da3733ef4c466c44f4460a7_/lib/python3.11/site-packages/argon2_cffi_bindings-25.1.0.dist-info/REQUESTED	UNTRACKED		PROTECTED
final_report_files/snakemake-last-mile-tutorial/.snakemake/conda/c558ed442da3733ef4c466c44f4460a7_/lib/python3.11/site-packages/arrow-1.4.0.dist-info/REQUESTED	UNTRACKED		PROTECTED
final_report_files/snakemake-last-mile-tutorial/.snakemake/conda/c558ed442da3733ef4c466c44f4460a7_/lib/python3.11/site-packages/arrow/py.typed	UNTRACKED		PROTECTED
final_report_files/snakemake-last-mile-tutorial/.snakemake/conda/c558ed442da3733ef4c466c44f4460a7_/lib/python3.11/site-packages/asttokens-3.0.2.dist-info/REQUESTED	UNTRACKED		PROTECTED
final_report_files/snakemake-last-mile-tutorial/.snakemake/conda/c558ed442da3733ef4c466c44f4460a7_/lib/python3.11/site-packages/asttokens/py.typed	UNTRACKED		PROTECTED
final_report_files/snakemake-last-mile-tutorial/.snakemake/conda/c558ed442da3733ef4c466c44f4460a7_/lib/python3.11/site-packages/async_lru-2.3.0.dist-info/REQUESTED	UNTRACKED		PROTECTED
final_report_files/snakemake-last-mile-tutorial/.snakemake/conda/c558ed442da3733ef4c466c44f4460a7_/lib/python3.11/site-packages/async_lru/py.typed	UNTRACKED		PROTECTED
final_report_files/snakemake-last-mile-tutorial/.snakemake/conda/c558ed442da3733ef4c466c44f4460a7_/lib/python3.11/site-packages/attr/py.typed	UNTRACKED		PROTECTED
final_report_files/snakemake-last-mile-tutorial/.snakemake/conda/c558ed442da3733ef4c466c44f4460a7_/lib/python3.11/site-packages/attrs-26.1.0.dist-info/REQUESTED	UNTRACKED		PROTECTED
final_report_files/snakemake-last-mile-tutorial/.snakemake/conda/c558ed442da3733ef4c466c44f4460a7_/lib/python3.11/site-packages/attrs/py.typed	UNTRACKED		PROTECTED
final_report_files/snakemake-last-mile-tutorial/.snakemake/conda/c558ed442da3733ef4c466c44f4460a7_/lib/python3.11/site-packages/babel-2.18.0.dist-info/REQUESTED	UNTRACKED		PROTECTED
final_report_files/snakemake-last-mile-tutorial/.snakemake/conda/c558ed442da3733ef4c466c44f4460a7_/lib/python3.11/site-packages/backports/zstd/py.typed	UNTRACKED		PROTECTED
final_report_files/snakemake-last-mile-tutorial/.snakemake/conda/c558ed442da3733ef4c466c44f4460a7_/lib/python3.11/site-packages/backports_zstd-1.6.0.dist-info/REQUESTED	UNTRACKED		PROTECTED
final_report_files/snakemake-last-mile-tutorial/.snakemake/conda/c558ed442da3733ef4c466c44f4460a7_/lib/python3.11/site-packages/beautifulsoup4-4.15.0.dist-info/REQUESTED	UNTRACKED		PROTECTED
final_report_files/snakemake-last-mile-tutorial/.snakemake/conda/c558ed442da3733ef4c466c44f4460a7_/lib/python3.11/site-packages/bleach-6.4.0.dist-info/REQUESTED	UNTRACKED		PROTECTED
final_report_files/snakemake-last-mile-tutorial/.snakemake/conda/c558ed442da3733ef4c466c44f4460a7_/lib/python3.11/site-packages/bleach/_vendor/__init__.py	UNTRACKED		PROTECTED
final_report_files/snakemake-last-mile-tutorial/.snakemake/conda/c558ed442da3733ef4c466c44f4460a7_/lib/python3.11/site-packages/bleach/_vendor/html5lib-1.1.dist-info/REQUESTED	UNTRACKED		PROTECTED
final_report_files/snakemake-last-mile-tutorial/.snakemake/conda/c558ed442da3733ef4c466c44f4460a7_/lib/python3.11/site-packages/bleach/_vendor/html5lib/filters/__init__.py	UNTRACKED		PROTECTED
final_report_files/snakemake-last-mile-tutorial/.snakemake/conda/c558ed442da3733ef4c466c44f4460a7_/lib/python3.11/site-packages/brotli-1.2.0.dist-info/REQUESTED	UNTRACKED		PROTECTED
final_report_files/snakemake-last-mile-tutorial/.snakemake/conda/c558ed442da3733ef4c466c44f4460a7_/lib/python3.11/site-packages/bs4/py.typed	UNTRACKED		PROTECTED
final_report_files/snakemake-last-mile-tutorial/.snakemake/conda/c558ed442da3733ef4c466c44f4460a7_/lib/python3.11/site-packages/cached_property-1.5.2.dist-info/REQUESTED	UNTRACKED		PROTECTED
final_report_files/snakemake-last-mile-tutorial/.snakemake/conda/c558ed442da3733ef4c466c44f4460a7_/lib/python3.11/site-packages/certifi-2026.7.22.dist-info/REQUESTED	UNTRACKED		PROTECTED
final_report_files/snakemake-last-mile-tutorial/.snakemake/conda/c558ed442da3733ef4c466c44f4460a7_/lib/python3.11/site-packages/certifi/py.typed	UNTRACKED		PROTECTED
final_report_files/snakemake-last-mile-tutorial/.snakemake/conda/c558ed442da3733ef4c466c44f4460a7_/lib/python3.11/site-packages/certifi/tests/__init__.py	UNTRACKED		PROTECTED
final_report_files/snakemake-last-mile-tutorial/.snakemake/conda/c558ed442da3733ef4c466c44f4460a7_/lib/python3.11/site-packages/cffi-2.1.0.dist-info/REQUESTED	UNTRACKED		PROTECTED
final_report_files/snakemake-last-mile-tutorial/.snakemake/conda/c558ed442da3733ef4c466c44f4460a7_/lib/python3.11/site-packages/charset_normalizer-3.4.9.dist-info/REQUESTED	UNTRACKED		PROTECTED
final_report_files/snakemake-last-mile-tutorial/.snakemake/conda/c558ed442da3733ef4c466c44f4460a7_/lib/python3.11/site-packages/charset_normalizer/py.typed	UNTRACKED		PROTECTED
final_report_files/snakemake-last-mile-tutorial/.snakemake/conda/c558ed442da3733ef4c466c44f4460a7_/lib/python3.11/site-packages/comm-0.2.3.dist-info/REQUESTED	UNTRACKED		PROTECTED
final_report_files/snakemake-last-mile-tutorial/.snakemake/conda/c558ed442da3733ef4c466c44f4460a7_/lib/python3.11/site-packages/comm/py.typed	UNTRACKED		PROTECTED
final_report_files/snakemake-last-mile-tutorial/.snakemake/conda/c558ed442da3733ef4c466c44f4460a7_/lib/python3.11/site-packages/debugpy-1.8.21.dist-info/REQUESTED	UNTRACKED		PROTECTED
final_report_files/snakemake-last-mile-tutorial/.snakemake/conda/c558ed442da3733ef4c466c44f4460a7_/lib/python3.11/site-packages/debugpy/_vendored/pydevd/_pydev_bundle/__init__.py	UNTRACKED		PROTECTED
final_report_files/snakemake-last-mile-tutorial/.snakemake/conda/c558ed442da3733ef4c466c44f4460a7_/lib/python3.11/site-packages/debugpy/_vendored/pydevd/_pydev_runfiles/__init__.py	UNTRACKED		PROTECTED
final_report_files/snakemake-last-mile-tutorial/.snakemake/conda/c558ed442da3733ef4c466c44f4460a7_/lib/python3.11/site-packages/debugpy/_vendored/pydevd/_pydevd_bundle/__init__.py	UNTRACKED		PROTECTED
final_report_files/snakemake-last-mile-tutorial/.snakemake/conda/c558ed442da3733ef4c466c44f4460a7_/lib/python3.11/site-packages/debugpy/_vendored/pydevd/_pydevd_bundle/_debug_adapter/__init__.py	UNTRACKED		PROTECTED
final_report_files/snakemake-last-mile-tutorial/.snakemake/conda/c558ed442da3733ef4c466c44f4460a7_/lib/python3.11/site-packages/debugpy/_vendored/pydevd/_pydevd_bundle/pydevd_concurrency_analyser/__init__.py	UNTRACKED		PROTECTED
final_report_files/snakemake-last-mile-tutorial/.snakemake/conda/c558ed442da3733ef4c466c44f4460a7_/lib/python3.11/site-packages/debugpy/_vendored/pydevd/_pydevd_frame_eval/__init__.py	UNTRACKED		PROTECTED
final_report_files/snakemake-last-mile-tutorial/.snakemake/conda/c558ed442da3733ef4c466c44f4460a7_/lib/python3.11/site-packages/debugpy/_vendored/pydevd/_pydevd_frame_eval/vendored/__init__.py	UNTRACKED		PROTECTED
final_report_files/snakemake-last-mile-tutorial/.snakemake/conda/c558ed442da3733ef4c466c44f4460a7_/lib/python3.11/site-packages/debugpy/_vendored/pydevd/pydev_ipython/__init__.py	UNTRACKED		PROTECTED
final_report_files/snakemake-last-mile-tutorial/.snakemake/conda/c558ed442da3733ef4c466c44f4460a7_/lib/python3.11/site-packages/debugpy/py.typed	UNTRACKED		PROTECTED
final_report_files/snakemake-last-mile-tutorial/.snakemake/conda/c558ed442da3733ef4c466c44f4460a7_/lib/python3.11/site-packages/decorator-5.3.1.dist-info/REQUESTED	UNTRACKED		PROTECTED
final_report_files/snakemake-last-mile-tutorial/.snakemake/conda/c558ed442da3733ef4c466c44f4460a7_/lib/python3.11/site-packages/decorator/py.typed	UNTRACKED		PROTECTED
final_report_files/snakemake-last-mile-tutorial/.snakemake/conda/c558ed442da3733ef4c466c44f4460a7_/lib/python3.11/site-packages/defusedxml-0.7.1.dist-info/REQUESTED	UNTRACKED		PROTECTED
final_report_files/snakemake-last-mile-tutorial/.snakemake/conda/c558ed442da3733ef4c466c44f4460a7_/lib/python3.11/site-packages/exceptiongroup-1.3.1.dist-info/REQUESTED	UNTRACKED		PROTECTED
final_report_files/snakemake-last-mile-tutorial/.snakemake/conda/c558ed442da3733ef4c466c44f4460a7_/lib/python3.11/site-packages/exceptiongroup/py.typed	UNTRACKED		PROTECTED
final_report_files/snakemake-last-mile-tutorial/.snakemake/conda/c558ed442da3733ef4c466c44f4460a7_/lib/python3.11/site-packages/executing-2.2.1.dist-info/REQUESTED	UNTRACKED		PROTECTED
final_report_files/snakemake-last-mile-tutorial/.snakemake/conda/c558ed442da3733ef4c466c44f4460a7_/lib/python3.11/site-packages/executing/py.typed	UNTRACKED		PROTECTED
final_report_files/snakemake-last-mile-tutorial/.snakemake/conda/c558ed442da3733ef4c466c44f4460a7_/lib/python3.11/site-packages/fastjsonschema-2.21.2.dist-info/REQUESTED	UNTRACKED		PROTECTED
final_report_files/snakemake-last-mile-tutorial/.snakemake/conda/c558ed442da3733ef4c466c44f4460a7_/lib/python3.11/site-packages/fqdn-1.5.1.dist-info/REQUESTED	UNTRACKED		PROTECTED
final_report_files/snakemake-last-mile-tutorial/.snakemake/conda/c558ed442da3733ef4c466c44f4460a7_/lib/python3.11/site-packages/google/protobuf/compiler/__init__.py	UNTRACKED		PROTECTED
final_report_files/snakemake-last-mile-tutorial/.snakemake/conda/c558ed442da3733ef4c466c44f4460a7_/lib/python3.11/site-packages/google/protobuf/pyext/__init__.py	UNTRACKED		PROTECTED
final_report_files/snakemake-last-mile-tutorial/.snakemake/conda/c558ed442da3733ef4c466c44f4460a7_/lib/python3.11/site-packages/google/protobuf/testdata/__init__.py	UNTRACKED		PROTECTED
final_report_files/snakemake-last-mile-tutorial/.snakemake/conda/c558ed442da3733ef4c466c44f4460a7_/lib/python3.11/site-packages/google/protobuf/util/__init__.py	UNTRACKED		PROTECTED
final_report_files/snakemake-last-mile-tutorial/.snakemake/conda/c558ed442da3733ef4c466c44f4460a7_/lib/python3.11/site-packages/h11-0.16.0.dist-info/REQUESTED	UNTRACKED		PROTECTED
final_report_files/snakemake-last-mile-tutorial/.snakemake/conda/c558ed442da3733ef4c466c44f4460a7_/lib/python3.11/site-packages/h2-4.4.0.dist-info/REQUESTED	UNTRACKED		PROTECTED
final_report_files/snakemake-last-mile-tutorial/.snakemake/conda/c558ed442da3733ef4c466c44f4460a7_/lib/python3.11/site-packages/h2/py.typed	UNTRACKED		PROTECTED
final_report_files/snakemake-last-mile-tutorial/.snakemake/conda/c558ed442da3733ef4c466c44f4460a7_/lib/python3.11/site-packages/hpack-4.2.0.dist-info/REQUESTED	UNTRACKED		PROTECTED
final_report_files/snakemake-last-mile-tutorial/.snakemake/conda/c558ed442da3733ef4c466c44f4460a7_/lib/python3.11/site-packages/hpack/py.typed	UNTRACKED		PROTECTED
final_report_files/snakemake-last-mile-tutorial/.snakemake/conda/c558ed442da3733ef4c466c44f4460a7_/lib/python3.11/site-packages/httpcore-1.0.9.dist-info/REQUESTED	UNTRACKED		PROTECTED
final_report_files/snakemake-last-mile-tutorial/.snakemake/conda/c558ed442da3733ef4c466c44f4460a7_/lib/python3.11/site-packages/httpcore/_backends/__init__.py	UNTRACKED		PROTECTED
final_report_files/snakemake-last-mile-tutorial/.snakemake/conda/c558ed442da3733ef4c466c44f4460a7_/lib/python3.11/site-packages/httpcore/py.typed	UNTRACKED		PROTECTED
final_report_files/snakemake-last-mile-tutorial/.snakemake/conda/c558ed442da3733ef4c466c44f4460a7_/lib/python3.11/site-packages/httpx-0.28.1.dist-info/REQUESTED	UNTRACKED		PROTECTED
final_report_files/snakemake-last-mile-tutorial/.snakemake/conda/c558ed442da3733ef4c466c44f4460a7_/lib/python3.11/site-packages/httpx/py.typed	UNTRACKED		PROTECTED
final_report_files/snakemake-last-mile-tutorial/.snakemake/conda/c558ed442da3733ef4c466c44f4460a7_/lib/python3.11/site-packages/hyperframe-6.1.0.dist-info/REQUESTED	UNTRACKED		PROTECTED
final_report_files/snakemake-last-mile-tutorial/.snakemake/conda/c558ed442da3733ef4c466c44f4460a7_/lib/python3.11/site-packages/hyperframe/py.typed	UNTRACKED		PROTECTED
final_report_files/snakemake-last-mile-tutorial/.snakemake/conda/c558ed442da3733ef4c466c44f4460a7_/lib/python3.11/site-packages/idna-3.18.dist-info/REQUESTED	UNTRACKED		PROTECTED
final_report_files/snakemake-last-mile-tutorial/.snakemake/conda/c558ed442da3733ef4c466c44f4460a7_/lib/python3.11/site-packages/idna/py.typed	UNTRACKED		PROTECTED
final_report_files/snakemake-last-mile-tutorial/.snakemake/conda/c558ed442da3733ef4c466c44f4460a7_/lib/python3.11/site-packages/importlib_metadata-9.0.0.dist-info/REQUESTED	UNTRACKED		PROTECTED
final_report_files/snakemake-last-mile-tutorial/.snakemake/conda/c558ed442da3733ef4c466c44f4460a7_/lib/python3.11/site-packages/importlib_metadata/compat/__init__.py	UNTRACKED		PROTECTED
final_report_files/snakemake-last-mile-tutorial/.snakemake/conda/c558ed442da3733ef4c466c44f4460a7_/lib/python3.11/site-packages/importlib_metadata/py.typed	UNTRACKED		PROTECTED
final_report_files/snakemake-last-mile-tutorial/.snakemake/conda/c558ed442da3733ef4c466c44f4460a7_/lib/python3.11/site-packages/ipykernel-6.29.5.dist-info/REQUESTED	UNTRACKED		PROTECTED
final_report_files/snakemake-last-mile-tutorial/.snakemake/conda/c558ed442da3733ef4c466c44f4460a7_/lib/python3.11/site-packages/ipykernel/py.typed	UNTRACKED		PROTECTED
final_report_files/snakemake-last-mile-tutorial/.snakemake/conda/c558ed442da3733ef4c466c44f4460a7_/lib/python3.11/site-packages/ipykernel/pylab/__init__.py	UNTRACKED		PROTECTED
final_report_files/snakemake-last-mile-tutorial/.snakemake/conda/c558ed442da3733ef4c466c44f4460a7_/lib/python3.11/site-packages/ipython-9.15.0.dist-info/REQUESTED	UNTRACKED		PROTECTED
final_report_files/snakemake-last-mile-tutorial/.snakemake/conda/c558ed442da3733ef4c466c44f4460a7_/lib/python3.11/site-packages/ipython_pygments_lexers-1.1.1.dist-info/REQUESTED	UNTRACKED		PROTECTED
final_report_files/snakemake-last-mile-tutorial/.snakemake/conda/c558ed442da3733ef4c466c44f4460a7_/lib/python3.11/site-packages/isoduration-20.11.0.dist-info/REQUESTED	UNTRACKED		PROTECTED
final_report_files/snakemake-last-mile-tutorial/.snakemake/conda/c558ed442da3733ef4c466c44f4460a7_/lib/python3.11/site-packages/jedi-0.20.0.dist-info/REQUESTED	UNTRACKED		PROTECTED
final_report_files/snakemake-last-mile-tutorial/.snakemake/conda/c558ed442da3733ef4c466c44f4460a7_/lib/python3.11/site-packages/jedi/third_party/django-stubs/django-stubs/contrib/__init__.pyi	UNTRACKED		PROTECTED
final_report_files/snakemake-last-mile-tutorial/.snakemake/conda/c558ed442da3733ef4c466c44f4460a7_/lib/python3.11/site-packages/jedi/third_party/django-stubs/django-stubs/contrib/admin/templatetags/__init__.pyi	UNTRACKED		PROTECTED
final_report_files/snakemake-last-mile-tutorial/.snakemake/conda/c558ed442da3733ef4c466c44f4460a7_/lib/python3.11/site-packages/jedi/third_party/django-stubs/django-stubs/contrib/admin/views/__init__.pyi	UNTRACKED		PROTECTED
final_report_files/snakemake-last-mile-tutorial/.snakemake/conda/c558ed442da3733ef4c466c44f4460a7_/lib/python3.11/site-packages/jedi/third_party/django-stubs/django-stubs/contrib/admindocs/__init__.pyi	UNTRACKED		PROTECTED
final_report_files/snakemake-last-mile-tutorial/.snakemake/conda/c558ed442da3733ef4c466c44f4460a7_/lib/python3.11/site-packages/jedi/third_party/django-stubs/django-stubs/contrib/auth/handlers/__init__.pyi	UNTRACKED		PROTECTED
final_report_files/snakemake-last-mile-tutorial/.snakemake/conda/c558ed442da3733ef4c466c44f4460a7_/lib/python3.11/site-packages/jedi/third_party/django-stubs/django-stubs/contrib/auth/management/commands/__init__.pyi	UNTRACKED		PROTECTED
final_report_files/snakemake-last-mile-tutorial/.snakemake/conda/c558ed442da3733ef4c466c44f4460a7_/lib/python3.11/site-packages/jedi/third_party/django-stubs/django-stubs/contrib/contenttypes/__init__.pyi	UNTRACKED		PROTECTED
final_report_files/snakemake-last-mile-tutorial/.snakemake/conda/c558ed442da3733ef4c466c44f4460a7_/lib/python3.11/site-packages/jedi/third_party/django-stubs/django-stubs/contrib/contenttypes/management/commands/__init__.pyi	UNTRACKED		PROTECTED
final_report_files/snakemake-last-mile-tutorial/.snakemake/conda/c558ed442da3733ef4c466c44f4460a7_/lib/python3.11/site-packages/jedi/third_party/django-stubs/django-stubs/contrib/flatpages/__init__.pyi	UNTRACKED		PROTECTED
final_report_files/snakemake-last-mile-tutorial/.snakemake/conda/c558ed442da3733ef4c466c44f4460a7_/lib/python3.11/site-packages/jedi/third_party/django-stubs/django-stubs/contrib/flatpages/templatetags/__init__.pyi	UNTRACKED		PROTECTED
final_report_files/snakemake-last-mile-tutorial/.snakemake/conda/c558ed442da3733ef4c466c44f4460a7_/lib/python3.11/site-packages/jedi/third_party/django-stubs/django-stubs/contrib/gis/__init__.pyi	UNTRACKED		PROTECTED
final_report_files/snakemake-last-mile-tutorial/.snakemake/conda/c558ed442da3733ef4c466c44f4460a7_/lib/python3.11/site-packages/jedi/third_party/django-stubs/django-stubs/contrib/gis/db/__init__.pyi	UNTRACKED		PROTECTED
final_report_files/snakemake-last-mile-tutorial/.snakemake/conda/c558ed442da3733ef4c466c44f4460a7_/lib/python3.11/site-packages/jedi/third_party/django-stubs/django-stubs/contrib/humanize/__init__.pyi	UNTRACKED		PROTECTED
final_report_files/snakemake-last-mile-tutorial/.snakemake/conda/c558ed442da3733ef4c466c44f4460a7_/lib/python3.11/site-packages/jedi/third_party/django-stubs/django-stubs/contrib/humanize/templatetags/__init__.pyi	UNTRACKED		PROTECTED
final_report_files/snakemake-last-mile-tutorial/.snakemake/conda/c558ed442da3733ef4c466c44f4460a7_/lib/python3.11/site-packages/jedi/third_party/django-stubs/django-stubs/contrib/postgres/__init__.pyi	UNTRACKED		PROTECTED
final_report_files/snakemake-last-mile-tutorial/.snakemake/conda/c558ed442da3733ef4c466c44f4460a7_/lib/python3.11/site-packages/jedi/third_party/django-stubs/django-stubs/contrib/redirects/__init__.pyi	UNTRACKED		PROTECTED
final_report_files/snakemake-last-mile-tutorial/.snakemake/conda/c558ed442da3733ef4c466c44f4460a7_/lib/python3.11/site-packages/jedi/third_party/django-stubs/django-stubs/contrib/sessions/__init__.pyi	UNTRACKED		PROTECTED
final_report_files/snakemake-last-mile-tutorial/.snakemake/conda/c558ed442da3733ef4c466c44f4460a7_/lib/python3.11/site-packages/jedi/third_party/django-stubs/django-stubs/contrib/sessions/backends/__init__.pyi	UNTRACKED		PROTECTED
final_report_files/snakemake-last-mile-tutorial/.snakemake/conda/c558ed442da3733ef4c466c44f4460a7_/lib/python3.11/site-packages/jedi/third_party/django-stubs/django-stubs/contrib/sessions/management/__init__.pyi	UNTRACKED		PROTECTED
final_report_files/snakemake-last-mile-tutorial/.snakemake/conda/c558ed442da3733ef4c466c44f4460a7_/lib/python3.11/site-packages/jedi/third_party/django-stubs/django-stubs/contrib/sessions/management/commands/__init__.pyi	UNTRACKED		PROTECTED
final_report_files/snakemake-last-mile-tutorial/.snakemake/conda/c558ed442da3733ef4c466c44f4460a7_/lib/python3.11/site-packages/jedi/third_party/django-stubs/django-stubs/contrib/sitemaps/management/__init__.pyi	UNTRACKED		PROTECTED
final_report_files/snakemake-last-mile-tutorial/.snakemake/conda/c558ed442da3733ef4c466c44f4460a7_/lib/python3.11/site-packages/jedi/third_party/django-stubs/django-stubs/contrib/sitemaps/management/commands/__init__.pyi	UNTRACKED		PROTECTED
final_report_files/snakemake-last-mile-tutorial/.snakemake/conda/c558ed442da3733ef4c466c44f4460a7_/lib/python3.11/site-packages/jedi/third_party/django-stubs/django-stubs/contrib/sites/__init__.pyi	UNTRACKED		PROTECTED
final_report_files/snakemake-last-mile-tutorial/.snakemake/conda/c558ed442da3733ef4c466c44f4460a7_/lib/python3.11/site-packages/jedi/third_party/django-stubs/django-stubs/contrib/staticfiles/__init__.pyi	UNTRACKED		PROTECTED
final_report_files/snakemake-last-mile-tutorial/.snakemake/conda/c558ed442da3733ef4c466c44f4460a7_/lib/python3.11/site-packages/jedi/third_party/django-stubs/django-stubs/contrib/staticfiles/management/__init__.pyi	UNTRACKED		PROTECTED
final_report_files/snakemake-last-mile-tutorial/.snakemake/conda/c558ed442da3733ef4c466c44f4460a7_/lib/python3.11/site-packages/jedi/third_party/django-stubs/django-stubs/contrib/staticfiles/management/commands/__init__.pyi	UNTRACKED		PROTECTED
final_report_files/snakemake-last-mile-tutorial/.snakemake/conda/c558ed442da3733ef4c466c44f4460a7_/lib/python3.11/site-packages/jedi/third_party/django-stubs/django-stubs/contrib/staticfiles/templatetags/__init__.pyi	UNTRACKED		PROTECTED
final_report_files/snakemake-last-mile-tutorial/.snakemake/conda/c558ed442da3733ef4c466c44f4460a7_/lib/python3.11/site-packages/jedi/third_party/django-stubs/django-stubs/contrib/syndication/__init__.pyi	UNTRACKED		PROTECTED
final_report_files/snakemake-last-mile-tutorial/.snakemake/conda/c558ed442da3733ef4c466c44f4460a7_/lib/python3.11/site-packages/jedi/third_party/django-stubs/django-stubs/core/__init__.pyi	UNTRACKED		PROTECTED
final_report_files/snakemake-last-mile-tutorial/.snakemake/conda/c558ed442da3733ef4c466c44f4460a7_/lib/python3.11/site-packages/jedi/third_party/django-stubs/django-stubs/core/cache/backends/__init__.pyi	UNTRACKED		PROTECTED
final_report_files/snakemake-last-mile-tutorial/.snakemake/conda/c558ed442da3733ef4c466c44f4460a7_/lib/python3.11/site-packages/jedi/third_party/django-stubs/django-stubs/core/checks/security/__init__.pyi	UNTRACKED		PROTECTED
final_report_files/snakemake-last-mile-tutorial/.snakemake/conda/c558ed442da3733ef4c466c44f4460a7_/lib/python3.11/site-packages/jedi/third_party/django-stubs/django-stubs/core/handlers/__init__.pyi	UNTRACKED		PROTECTED
final_report_files/snakemake-last-mile-tutorial/.snakemake/conda/c558ed442da3733ef4c466c44f4460a7_/lib/python3.11/site-packages/jedi/third_party/django-stubs/django-stubs/core/mail/backends/__init__.pyi	UNTRACKED		PROTECTED
final_report_files/snakemake-last-mile-tutorial/.snakemake/conda/c558ed442da3733ef4c466c44f4460a7_/lib/python3.11/site-packages/jedi/third_party/django-stubs/django-stubs/core/management/commands/__init__.pyi	UNTRACKED		PROTECTED
final_report_files/snakemake-last-mile-tutorial/.snakemake/conda/c558ed442da3733ef4c466c44f4460a7_/lib/python3.11/site-packages/jedi/third_party/django-stubs/django-stubs/core/servers/__init__.pyi	UNTRACKED		PROTECTED
final_report_files/snakemake-last-mile-tutorial/.snakemake/conda/c558ed442da3733ef4c466c44f4460a7_/lib/python3.11/site-packages/jedi/third_party/django-stubs/django-stubs/db/backends/__init__.pyi	UNTRACKED		PROTECTED
final_report_files/snakemake-last-mile-tutorial/.snakemake/conda/c558ed442da3733ef4c466c44f4460a7_/lib/python3.11/site-packages/jedi/third_party/django-stubs/django-stubs/db/backends/base/__init__.pyi	UNTRACKED		PROTECTED
final_report_files/snakemake-last-mile-tutorial/.snakemake/conda/c558ed442da3733ef4c466c44f4460a7_/lib/python3.11/site-packages/jedi/third_party/django-stubs/django-stubs/db/backends/dummy/__init__.pyi	UNTRACKED		PROTECTED
final_report_files/snakemake-last-mile-tutorial/.snakemake/conda/c558ed442da3733ef4c466c44f4460a7_/lib/python3.11/site-packages/jedi/third_party/django-stubs/django-stubs/db/backends/mysql/__init__.pyi	UNTRACKED		PROTECTED
final_report_files/snakemake-last-mile-tutorial/.snakemake/conda/c558ed442da3733ef4c466c44f4460a7_/lib/python3.11/site-packages/jedi/third_party/django-stubs/django-stubs/db/backends/postgresql/__init__.pyi	UNTRACKED		PROTECTED
final_report_files/snakemake-last-mile-tutorial/.snakemake/conda/c558ed442da3733ef4c466c44f4460a7_/lib/python3.11/site-packages/jedi/third_party/django-stubs/django-stubs/db/backends/sqlite3/__init__.pyi	UNTRACKED		PROTECTED
final_report_files/snakemake-last-mile-tutorial/.snakemake/conda/c558ed442da3733ef4c466c44f4460a7_/lib/python3.11/site-packages/jedi/third_party/django-stubs/django-stubs/middleware/__init__.pyi	UNTRACKED		PROTECTED
final_report_files/snakemake-last-mile-tutorial/.snakemake/conda/c558ed442da3733ef4c466c44f4460a7_/lib/python3.11/site-packages/jedi/third_party/django-stubs/django-stubs/template/backends/__init__.pyi	UNTRACKED		PROTECTED
final_report_files/snakemake-last-mile-tutorial/.snakemake/conda/c558ed442da3733ef4c466c44f4460a7_/lib/python3.11/site-packages/jedi/third_party/django-stubs/django-stubs/template/loaders/__init__.pyi	UNTRACKED		PROTECTED
final_report_files/snakemake-last-mile-tutorial/.snakemake/conda/c558ed442da3733ef4c466c44f4460a7_/lib/python3.11/site-packages/jedi/third_party/django-stubs/django-stubs/templatetags/__init__.pyi	UNTRACKED		PROTECTED
final_report_files/snakemake-last-mile-tutorial/.snakemake/conda/c558ed442da3733ef4c466c44f4460a7_/lib/python3.11/site-packages/jedi/third_party/django-stubs/django-stubs/utils/__init__.pyi	UNTRACKED		PROTECTED
final_report_files/snakemake-last-mile-tutorial/.snakemake/conda/c558ed442da3733ef4c466c44f4460a7_/lib/python3.11/site-packages/jedi/third_party/django-stubs/django-stubs/views/decorators/__init__.pyi	UNTRACKED		PROTECTED
final_report_files/snakemake-last-mile-tutorial/.snakemake/conda/c558ed442da3733ef4c466c44f4460a7_/lib/python3.11/site-packages/jedi/third_party/typeshed/stdlib/compression/__init__.pyi	UNTRACKED		PROTECTED
final_report_files/snakemake-last-mile-tutorial/.snakemake/conda/c558ed442da3733ef4c466c44f4460a7_/lib/python3.11/site-packages/jedi/third_party/typeshed/stdlib/compression/_common/__init__.pyi	UNTRACKED		PROTECTED
final_report_files/snakemake-last-mile-tutorial/.snakemake/conda/c558ed442da3733ef4c466c44f4460a7_/lib/python3.11/site-packages/jedi/third_party/typeshed/stdlib/concurrent/__init__.pyi	UNTRACKED		PROTECTED
final_report_files/snakemake-last-mile-tutorial/.snakemake/conda/c558ed442da3733ef4c466c44f4460a7_/lib/python3.11/site-packages/jedi/third_party/typeshed/stdlib/distutils/command/bdist_packager.pyi	UNTRACKED		PROTECTED
final_report_files/snakemake-last-mile-tutorial/.snakemake/conda/c558ed442da3733ef4c466c44f4460a7_/lib/python3.11/site-packages/jedi/third_party/typeshed/stdlib/email/mime/__init__.pyi	UNTRACKED		PROTECTED
final_report_files/snakemake-last-mile-tutorial/.snakemake/conda/c558ed442da3733ef4c466c44f4460a7_/lib/python3.11/site-packages/jedi/third_party/typeshed/stdlib/lib2to3/__init__.pyi	UNTRACKED		PROTECTED
final_report_files/snakemake-last-mile-tutorial/.snakemake/conda/c558ed442da3733ef4c466c44f4460a7_/lib/python3.11/site-packages/jedi/third_party/typeshed/stdlib/lib2to3/fixes/__init__.pyi	UNTRACKED		PROTECTED
final_report_files/snakemake-last-mile-tutorial/.snakemake/conda/c558ed442da3733ef4c466c44f4460a7_/lib/python3.11/site-packages/jedi/third_party/typeshed/stdlib/pydoc_data/__init__.pyi	UNTRACKED		PROTECTED
final_report_files/snakemake-last-mile-tutorial/.snakemake/conda/c558ed442da3733ef4c466c44f4460a7_/lib/python3.11/site-packages/jedi/third_party/typeshed/stdlib/urllib/__init__.pyi	UNTRACKED		PROTECTED
final_report_files/snakemake-last-mile-tutorial/.snakemake/conda/c558ed442da3733ef4c466c44f4460a7_/lib/python3.11/site-packages/jedi/third_party/typeshed/stdlib/wsgiref/__init__.pyi	UNTRACKED		PROTECTED
final_report_files/snakemake-last-mile-tutorial/.snakemake/conda/c558ed442da3733ef4c466c44f4460a7_/lib/python3.11/site-packages/jedi/third_party/typeshed/stdlib/xml/etree/__init__.pyi	UNTRACKED		PROTECTED
final_report_files/snakemake-last-mile-tutorial/.snakemake/conda/c558ed442da3733ef4c466c44f4460a7_/lib/python3.11/site-packages/jedi/third_party/typeshed/stdlib/xmlrpc/__init__.pyi	UNTRACKED		PROTECTED
final_report_files/snakemake-last-mile-tutorial/.snakemake/conda/c558ed442da3733ef4c466c44f4460a7_/lib/python3.11/site-packages/jedi/third_party/typeshed/stubs/Authlib/authlib/common/__init__.pyi	UNTRACKED		PROTECTED
final_report_files/snakemake-last-mile-tutorial/.snakemake/conda/c558ed442da3733ef4c466c44f4460a7_/lib/python3.11/site-packages/jedi/third_party/typeshed/stubs/Authlib/authlib/integrations/__init__.pyi	UNTRACKED		PROTECTED
final_report_files/snakemake-last-mile-tutorial/.snakemake/conda/c558ed442da3733ef4c466c44f4460a7_/lib/python3.11/site-packages/jedi/third_party/typeshed/stubs/Authlib/authlib/oauth2/rfc8693/__init__.pyi	UNTRACKED		PROTECTED
final_report_files/snakemake-last-mile-tutorial/.snakemake/conda/c558ed442da3733ef4c466c44f4460a7_/lib/python3.11/site-packages/jedi/third_party/typeshed/stubs/Authlib/authlib/oidc/__init__.pyi	UNTRACKED		PROTECTED
final_report_files/snakemake-last-mile-tutorial/.snakemake/conda/c558ed442da3733ef4c466c44f4460a7_/lib/python3.11/site-packages/jedi/third_party/typeshed/stubs/Jetson.GPIO/Jetson/__init__.pyi	UNTRACKED		PROTECTED
final_report_files/snakemake-last-mile-tutorial/.snakemake/conda/c558ed442da3733ef4c466c44f4460a7_/lib/python3.11/site-packages/jedi/third_party/typeshed/stubs/PyMeeus/pymeeus/__init__.pyi	UNTRACKED		PROTECTED
final_report_files/snakemake-last-mile-tutorial/.snakemake/conda/c558ed442da3733ef4c466c44f4460a7_/lib/python3.11/site-packages/jedi/third_party/typeshed/stubs/PyMySQL/pymysql/constants/__init__.pyi	UNTRACKED		PROTECTED
final_report_files/snakemake-last-mile-tutorial/.snakemake/conda/c558ed442da3733ef4c466c44f4460a7_/lib/python3.11/site-packages/jedi/third_party/typeshed/stubs/RPi.GPIO/RPi/__init__.pyi	UNTRACKED		PROTECTED
final_report_files/snakemake-last-mile-tutorial/.snakemake/conda/c558ed442da3733ef4c466c44f4460a7_/lib/python3.11/site-packages/jedi/third_party/typeshed/stubs/WTForms/wtforms/csrf/__init__.pyi	UNTRACKED		PROTECTED
final_report_files/snakemake-last-mile-tutorial/.snakemake/conda/c558ed442da3733ef4c466c44f4460a7_/lib/python3.11/site-packages/jedi/third_party/typeshed/stubs/antlr4-python3-runtime/antlr4/atn/__init__.pyi	UNTRACKED		PROTECTED
final_report_files/snakemake-last-mile-tutorial/.snakemake/conda/c558ed442da3733ef4c466c44f4460a7_/lib/python3.11/site-packages/jedi/third_party/typeshed/stubs/antlr4-python3-runtime/antlr4/dfa/__init__.pyi	UNTRACKED		PROTECTED
final_report_files/snakemake-last-mile-tutorial/.snakemake/conda/c558ed442da3733ef4c466c44f4460a7_/lib/python3.11/site-packages/jedi/third_party/typeshed/stubs/antlr4-python3-runtime/antlr4/error/__init__.pyi	UNTRACKED		PROTECTED
final_report_files/snakemake-last-mile-tutorial/.snakemake/conda/c558ed442da3733ef4c466c44f4460a7_/lib/python3.11/site-packages/jedi/third_party/typeshed/stubs/antlr4-python3-runtime/antlr4/tree/__init__.pyi	UNTRACKED		PROTECTED
final_report_files/snakemake-last-mile-tutorial/.snakemake/conda/c558ed442da3733ef4c466c44f4460a7_/lib/python3.11/site-packages/jedi/third_party/typeshed/stubs/antlr4-python3-runtime/antlr4/xpath/__init__.pyi	UNTRACKED		PROTECTED
final_report_files/snakemake-last-mile-tutorial/.snakemake/conda/c558ed442da3733ef4c466c44f4460a7_/lib/python3.11/site-packages/jedi/third_party/typeshed/stubs/aws-xray-sdk/aws_xray_sdk/core/emitters/__init__.pyi	UNTRACKED		PROTECTED
final_report_files/snakemake-last-mile-tutorial/.snakemake/conda/c558ed442da3733ef4c466c44f4460a7_/lib/python3.11/site-packages/jedi/third_party/typeshed/stubs/aws-xray-sdk/aws_xray_sdk/core/exceptions/__init__.pyi	UNTRACKED		PROTECTED
final_report_files/snakemake-last-mile-tutorial/.snakemake/conda/c558ed442da3733ef4c466c44f4460a7_/lib/python3.11/site-packages/jedi/third_party/typeshed/stubs/aws-xray-sdk/aws_xray_sdk/core/models/__init__.pyi	UNTRACKED		PROTECTED
final_report_files/snakemake-last-mile-tutorial/.snakemake/conda/c558ed442da3733ef4c466c44f4460a7_/lib/python3.11/site-packages/jedi/third_party/typeshed/stubs/aws-xray-sdk/aws_xray_sdk/core/plugins/__init__.pyi	UNTRACKED		PROTECTED
final_report_files/snakemake-last-mile-tutorial/.snakemake/conda/c558ed442da3733ef4c466c44f4460a7_/lib/python3.11/site-packages/jedi/third_party/typeshed/stubs/aws-xray-sdk/aws_xray_sdk/core/sampling/__init__.pyi	UNTRACKED		PROTECTED
final_report_files/snakemake-last-mile-tutorial/.snakemake/conda/c558ed442da3733ef4c466c44f4460a7_/lib/python3.11/site-packages/jedi/third_party/typeshed/stubs/aws-xray-sdk/aws_xray_sdk/core/sampling/local/__init__.pyi	UNTRACKED		PROTECTED
final_report_files/snakemake-last-mile-tutorial/.snakemake/conda/c558ed442da3733ef4c466c44f4460a7_/lib/python3.11/site-packages/jedi/third_party/typeshed/stubs/aws-xray-sdk/aws_xray_sdk/core/streaming/__init__.pyi	UNTRACKED		PROTECTED
final_report_files/snakemake-last-mile-tutorial/.snakemake/conda/c558ed442da3733ef4c466c44f4460a7_/lib/python3.11/site-packages/jedi/third_party/typeshed/stubs/aws-xray-sdk/aws_xray_sdk/core/utils/__init__.pyi	UNTRACKED		PROTECTED
final_report_files/snakemake-last-mile-tutorial/.snakemake/conda/c558ed442da3733ef4c466c44f4460a7_/lib/python3.11/site-packages/jedi/third_party/typeshed/stubs/aws-xray-sdk/aws_xray_sdk/ext/__init__.pyi	UNTRACKED		PROTECTED
final_report_files/snakemake-last-mile-tutorial/.snakemake/conda/c558ed442da3733ef4c466c44f4460a7_/lib/python3.11/site-packages/jedi/third_party/typeshed/stubs/aws-xray-sdk/aws_xray_sdk/ext/aiohttp/__init__.pyi	UNTRACKED		PROTECTED
final_report_files/snakemake-last-mile-tutorial/.snakemake/conda/c558ed442da3733ef4c466c44f4460a7_/lib/python3.11/site-packages/jedi/third_party/typeshed/stubs/aws-xray-sdk/aws_xray_sdk/ext/bottle/__init__.pyi	UNTRACKED		PROTECTED
final_report_files/snakemake-last-mile-tutorial/.snakemake/conda/c558ed442da3733ef4c466c44f4460a7_/lib/python3.11/site-packages/jedi/third_party/typeshed/stubs/aws-xray-sdk/aws_xray_sdk/ext/flask/__init__.pyi	UNTRACKED		PROTECTED
final_report_files/snakemake-last-mile-tutorial/.snakemake/conda/c558ed442da3733ef4c466c44f4460a7_/lib/python3.11/site-packages/jedi/third_party/typeshed/stubs/aws-xray-sdk/aws_xray_sdk/ext/flask_sqlalchemy/__init__.pyi	UNTRACKED		PROTECTED
final_report_files/snakemake-last-mile-tutorial/.snakemake/conda/c558ed442da3733ef4c466c44f4460a7_/lib/python3.11/site-packages/jedi/third_party/typeshed/stubs/aws-xray-sdk/aws_xray_sdk/ext/sqlalchemy/__init__.pyi	UNTRACKED		PROTECTED
final_report_files/snakemake-last-mile-tutorial/.snakemake/conda/c558ed442da3733ef4c466c44f4460a7_/lib/python3.11/site-packages/jedi/third_party/typeshed/stubs/aws-xray-sdk/aws_xray_sdk/ext/sqlalchemy/util/__init__.pyi	UNTRACKED		PROTECTED
final_report_files/snakemake-last-mile-tutorial/.snakemake/conda/c558ed442da3733ef4c466c44f4460a7_/lib/python3.11/site-packages/jedi/third_party/typeshed/stubs/boltons/boltons/__init__.pyi	UNTRACKED		PROTECTED
final_report_files/snakemake-last-mile-tutorial/.snakemake/conda/c558ed442da3733ef4c466c44f4460a7_/lib/python3.11/site-packages/jedi/third_party/typeshed/stubs/braintree/braintree/test/__init__.pyi	UNTRACKED		PROTECTED
final_report_files/snakemake-last-mile-tutorial/.snakemake/conda/c558ed442da3733ef4c466c44f4460a7_/lib/python3.11/site-packages/jedi/third_party/typeshed/stubs/channels/channels/generic/__init__.pyi	UNTRACKED		PROTECTED
final_report_files/snakemake-last-mile-tutorial/.snakemake/conda/c558ed442da3733ef4c466c44f4460a7_/lib/python3.11/site-packages/jedi/third_party/typeshed/stubs/channels/channels/management/__init__.pyi	UNTRACKED		PROTECTED
final_report_files/snakemake-last-mile-tutorial/.snakemake/conda/c558ed442da3733ef4c466c44f4460a7_/lib/python3.11/site-packages/jedi/third_party/typeshed/stubs/channels/channels/management/commands/__init__.pyi	UNTRACKED		PROTECTED
final_report_files/snakemake-last-mile-tutorial/.snakemake/conda/c558ed442da3733ef4c466c44f4460a7_/lib/python3.11/site-packages/jedi/third_party/typeshed/stubs/channels/channels/security/__init__.pyi	UNTRACKED		PROTECTED
final_report_files/snakemake-last-mile-tutorial/.snakemake/conda/c558ed442da3733ef4c466c44f4460a7_/lib/python3.11/site-packages/jedi/third_party/typeshed/stubs/click-web/click_web/resources/__init__.pyi	UNTRACKED		PROTECTED
final_report_files/snakemake-last-mile-tutorial/.snakemake/conda/c558ed442da3733ef4c466c44f4460a7_/lib/python3.11/site-packages/jedi/third_party/typeshed/stubs/colorful/colorful/__init__.pyi	UNTRACKED		PROTECTED
final_report_files/snakemake-last-mile-tutorial/.snakemake/conda/c558ed442da3733ef4c466c44f4460a7_/lib/python3.11/site-packages/jedi/third_party/typeshed/stubs/console-menu/consolemenu/validators/__init__.pyi	UNTRACKED		PROTECTED
final_report_files/snakemake-last-mile-tutorial/.snakemake/conda/c558ed442da3733ef4c466c44f4460a7_/lib/python3.11/site-packages/jedi/third_party/typeshed/stubs/console-menu/consolemenu/version.pyi	UNTRACKED		PROTECTED
final_report_files/snakemake-last-mile-tutorial/.snakemake/conda/c558ed442da3733ef4c466c44f4460a7_/lib/python3.11/site-packages/jedi/third_party/typeshed/stubs/convertdate/convertdate/data/__init__.pyi	UNTRACKED		PROTECTED
final_report_files/snakemake-last-mile-tutorial/.snakemake/conda/c558ed442da3733ef4c466c44f4460a7_/lib/python3.11/site-packages/jedi/third_party/typeshed/stubs/dateparser/dateparser/custom_language_detection/__init__.pyi	UNTRACKED		PROTECTED
final_report_files/snakemake-last-mile-tutorial/.snakemake/conda/c558ed442da3733ef4c466c44f4460a7_/lib/python3.11/site-packages/jedi/third_party/typeshed/stubs/dateparser/dateparser_data/__init__.pyi	UNTRACKED		PROTECTED
final_report_files/snakemake-last-mile-tutorial/.snakemake/conda/c558ed442da3733ef4c466c44f4460a7_/lib/python3.11/site-packages/jedi/third_party/typeshed/stubs/django-import-export/import_export/formats/__init__.pyi	UNTRACKED		PROTECTED
final_report_files/snakemake-last-mile-tutorial/.snakemake/conda/c558ed442da3733ef4c466c44f4460a7_/lib/python3.11/site-packages/jedi/third_party/typeshed/stubs/django-import-export/import_export/templatetags/__init__.pyi	UNTRACKED		PROTECTED
final_report_files/snakemake-last-mile-tutorial/.snakemake/conda/c558ed442da3733ef4c466c44f4460a7_/lib/python3.11/site-packages/jedi/third_party/typeshed/stubs/django-import-export/management/__init__.pyi	UNTRACKED		PROTECTED
final_report_files/snakemake-last-mile-tutorial/.snakemake/conda/c558ed442da3733ef4c466c44f4460a7_/lib/python3.11/site-packages/jedi/third_party/typeshed/stubs/django-import-export/management/commands/__init__.pyi	UNTRACKED		PROTECTED
final_report_files/snakemake-last-mile-tutorial/.snakemake/conda/c558ed442da3733ef4c466c44f4460a7_/lib/python3.11/site-packages/jedi/third_party/typeshed/stubs/docker/docker/models/__init__.pyi	UNTRACKED		PROTECTED
final_report_files/snakemake-last-mile-tutorial/.snakemake/conda/c558ed442da3733ef4c466c44f4460a7_/lib/python3.11/site-packages/jedi/third_party/typeshed/stubs/flake8-simplify/flake8_simplify/rules/__init__.pyi	UNTRACKED		PROTECTED
final_report_files/snakemake-last-mile-tutorial/.snakemake/conda/c558ed442da3733ef4c466c44f4460a7_/lib/python3.11/site-packages/jedi/third_party/typeshed/stubs/flake8/flake8/api/__init__.pyi	UNTRACKED		PROTECTED
final_report_files/snakemake-last-mile-tutorial/.snakemake/conda/c558ed442da3733ef4c466c44f4460a7_/lib/python3.11/site-packages/jedi/third_party/typeshed/stubs/flake8/flake8/formatting/__init__.pyi	UNTRACKED		PROTECTED
final_report_files/snakemake-last-mile-tutorial/.snakemake/conda/c558ed442da3733ef4c466c44f4460a7_/lib/python3.11/site-packages/jedi/third_party/typeshed/stubs/flake8/flake8/main/__init__.pyi	UNTRACKED		PROTECTED
final_report_files/snakemake-last-mile-tutorial/.snakemake/conda/c558ed442da3733ef4c466c44f4460a7_/lib/python3.11/site-packages/jedi/third_party/typeshed/stubs/flake8/flake8/options/__init__.pyi	UNTRACKED		PROTECTED
final_report_files/snakemake-last-mile-tutorial/.snakemake/conda/c558ed442da3733ef4c466c44f4460a7_/lib/python3.11/site-packages/jedi/third_party/typeshed/stubs/flake8/flake8/plugins/__init__.pyi	UNTRACKED		PROTECTED
final_report_files/snakemake-last-mile-tutorial/.snakemake/conda/c558ed442da3733ef4c466c44f4460a7_/lib/python3.11/site-packages/jedi/third_party/typeshed/stubs/gevent/gevent/_ffi/__init__.pyi	UNTRACKED		PROTECTED
final_report_files/snakemake-last-mile-tutorial/.snakemake/conda/c558ed442da3733ef4c466c44f4460a7_/lib/python3.11/site-packages/jedi/third_party/typeshed/stubs/grpcio-channelz/grpc_channelz/__init__.pyi	UNTRACKED		PROTECTED
final_report_files/snakemake-last-mile-tutorial/.snakemake/conda/c558ed442da3733ef4c466c44f4460a7_/lib/python3.11/site-packages/jedi/third_party/typeshed/stubs/grpcio-channelz/grpc_channelz/v1/__init__.pyi	UNTRACKED		PROTECTED
final_report_files/snakemake-last-mile-tutorial/.snakemake/conda/c558ed442da3733ef4c466c44f4460a7_/lib/python3.11/site-packages/jedi/third_party/typeshed/stubs/grpcio-health-checking/grpc_health/__init__.pyi	UNTRACKED		PROTECTED
final_report_files/snakemake-last-mile-tutorial/.snakemake/conda/c558ed442da3733ef4c466c44f4460a7_/lib/python3.11/site-packages/jedi/third_party/typeshed/stubs/grpcio-health-checking/grpc_health/v1/__init__.pyi	UNTRACKED		PROTECTED
final_report_files/snakemake-last-mile-tutorial/.snakemake/conda/c558ed442da3733ef4c466c44f4460a7_/lib/python3.11/site-packages/jedi/third_party/typeshed/stubs/grpcio-reflection/grpc_reflection/__init__.pyi	UNTRACKED		PROTECTED
final_report_files/snakemake-last-mile-tutorial/.snakemake/conda/c558ed442da3733ef4c466c44f4460a7_/lib/python3.11/site-packages/jedi/third_party/typeshed/stubs/grpcio-reflection/grpc_reflection/v1alpha/__init__.pyi	UNTRACKED		PROTECTED
final_report_files/snakemake-last-mile-tutorial/.snakemake/conda/c558ed442da3733ef4c466c44f4460a7_/lib/python3.11/site-packages/jedi/third_party/typeshed/stubs/grpcio-status/grpc_status/__init__.pyi	UNTRACKED		PROTECTED
final_report_files/snakemake-last-mile-tutorial/.snakemake/conda/c558ed442da3733ef4c466c44f4460a7_/lib/python3.11/site-packages/jedi/third_party/typeshed/stubs/gunicorn/gunicorn/app/__init__.pyi	UNTRACKED		PROTECTED
final_report_files/snakemake-last-mile-tutorial/.snakemake/conda/c558ed442da3733ef4c466c44f4460a7_/lib/python3.11/site-packages/jedi/third_party/typeshed/stubs/gunicorn/gunicorn/instrument/__init__.pyi	UNTRACKED		PROTECTED
final_report_files/snakemake-last-mile-tutorial/.snakemake/conda/c558ed442da3733ef4c466c44f4460a7_/lib/python3.11/site-packages/jedi/third_party/typeshed/stubs/html5lib/html5lib/filters/__init__.pyi	UNTRACKED		PROTECTED
final_report_files/snakemake-last-mile-tutorial/.snakemake/conda/c558ed442da3733ef4c466c44f4460a7_/lib/python3.11/site-packages/jedi/third_party/typeshed/stubs/hvac/hvac/constants/__init__.pyi	UNTRACKED		PROTECTED
final_report_files/snakemake-last-mile-tutorial/.snakemake/conda/c558ed442da3733ef4c466c44f4460a7_/lib/python3.11/site-packages/jedi/third_party/typeshed/stubs/jwcrypto/jwcrypto/__init__.pyi	UNTRACKED		PROTECTED
final_report_files/snakemake-last-mile-tutorial/.snakemake/conda/c558ed442da3733ef4c466c44f4460a7_/lib/python3.11/site-packages/jedi/third_party/typeshed/stubs/ldap3/ldap3/core/__init__.pyi	UNTRACKED		PROTECTED
final_report_files/snakemake-last-mile-tutorial/.snakemake/conda/c558ed442da3733ef4c466c44f4460a7_/lib/python3.11/site-packages/jedi/third_party/typeshed/stubs/ldap3/ldap3/extend/microsoft/__init__.pyi	UNTRACKED		PROTECTED
final_report_files/snakemake-last-mile-tutorial/.snakemake/conda/c558ed442da3733ef4c466c44f4460a7_/lib/python3.11/site-packages/jedi/third_party/typeshed/stubs/ldap3/ldap3/extend/novell/__init__.pyi	UNTRACKED		PROTECTED
final_report_files/snakemake-last-mile-tutorial/.snakemake/conda/c558ed442da3733ef4c466c44f4460a7_/lib/python3.11/site-packages/jedi/third_party/typeshed/stubs/ldap3/ldap3/extend/standard/__init__.pyi	UNTRACKED		PROTECTED
final_report_files/snakemake-last-mile-tutorial/.snakemake/conda/c558ed442da3733ef4c466c44f4460a7_/lib/python3.11/site-packages/jedi/third_party/typeshed/stubs/ldap3/ldap3/operation/__init__.pyi	UNTRACKED		PROTECTED
final_report_files/snakemake-last-mile-tutorial/.snakemake/conda/c558ed442da3733ef4c466c44f4460a7_/lib/python3.11/site-packages/jedi/third_party/typeshed/stubs/ldap3/ldap3/protocol/__init__.pyi	UNTRACKED		PROTECTED
final_report_files/snakemake-last-mile-tutorial/.snakemake/conda/c558ed442da3733ef4c466c44f4460a7_/lib/python3.11/site-packages/jedi/third_party/typeshed/stubs/ldap3/ldap3/protocol/formatters/__init__.pyi	UNTRACKED		PROTECTED
final_report_files/snakemake-last-mile-tutorial/.snakemake/conda/c558ed442da3733ef4c466c44f4460a7_/lib/python3.11/site-packages/jedi/third_party/typeshed/stubs/ldap3/ldap3/protocol/sasl/__init__.pyi	UNTRACKED		PROTECTED
final_report_files/snakemake-last-mile-tutorial/.snakemake/conda/c558ed442da3733ef4c466c44f4460a7_/lib/python3.11/site-packages/jedi/third_party/typeshed/stubs/ldap3/ldap3/protocol/schemas/__init__.pyi	UNTRACKED		PROTECTED
final_report_files/snakemake-last-mile-tutorial/.snakemake/conda/c558ed442da3733ef4c466c44f4460a7_/lib/python3.11/site-packages/jedi/third_party/typeshed/stubs/ldap3/ldap3/strategy/__init__.pyi	UNTRACKED		PROTECTED
final_report_files/snakemake-last-mile-tutorial/.snakemake/conda/c558ed442da3733ef4c466c44f4460a7_/lib/python3.11/site-packages/jedi/third_party/typeshed/stubs/ldap3/ldap3/utils/__init__.pyi	UNTRACKED		PROTECTED
final_report_files/snakemake-last-mile-tutorial/.snakemake/conda/c558ed442da3733ef4c466c44f4460a7_/lib/python3.11/site-packages/jedi/third_party/typeshed/stubs/netaddr/netaddr/compat.pyi	UNTRACKED		PROTECTED
final_report_files/snakemake-last-mile-tutorial/.snakemake/conda/c558ed442da3733ef4c466c44f4460a7_/lib/python3.11/site-packages/jedi/third_party/typeshed/stubs/netaddr/netaddr/contrib/__init__.pyi	UNTRACKED		PROTECTED
final_report_files/snakemake-last-mile-tutorial/.snakemake/conda/c558ed442da3733ef4c466c44f4460a7_/lib/python3.11/site-packages/jedi/third_party/typeshed/stubs/oauthlib/oauthlib/openid/connect/__init__.pyi	UNTRACKED		PROTECTED
final_report_files/snakemake-last-mile-tutorial/.snakemake/conda/c558ed442da3733ef4c466c44f4460a7_/lib/python3.11/site-packages/jedi/third_party/typeshed/stubs/oauthlib/oauthlib/openid/connect/core/__init__.pyi	UNTRACKED		PROTECTED
final_report_files/snakemake-last-mile-tutorial/.snakemake/conda/c558ed442da3733ef4c466c44f4460a7_/lib/python3.11/site-packages/jedi/third_party/typeshed/stubs/openpyxl/openpyxl/packaging/__init__.pyi	UNTRACKED		PROTECTED
final_report_files/snakemake-last-mile-tutorial/.snakemake/conda/c558ed442da3733ef4c466c44f4460a7_/lib/python3.11/site-packages/jedi/third_party/typeshed/stubs/openpyxl/openpyxl/pivot/__init__.pyi	UNTRACKED		PROTECTED
final_report_files/snakemake-last-mile-tutorial/.snakemake/conda/c558ed442da3733ef4c466c44f4460a7_/lib/python3.11/site-packages/jedi/third_party/typeshed/stubs/openpyxl/openpyxl/reader/__init__.pyi	UNTRACKED		PROTECTED
final_report_files/snakemake-last-mile-tutorial/.snakemake/conda/c558ed442da3733ef4c466c44f4460a7_/lib/python3.11/site-packages/jedi/third_party/typeshed/stubs/openpyxl/openpyxl/worksheet/__init__.pyi	UNTRACKED		PROTECTED
final_report_files/snakemake-last-mile-tutorial/.snakemake/conda/c558ed442da3733ef4c466c44f4460a7_/lib/python3.11/site-packages/jedi/third_party/typeshed/stubs/openpyxl/openpyxl/writer/__init__.pyi	UNTRACKED		PROTECTED
final_report_files/snakemake-last-mile-tutorial/.snakemake/conda/c558ed442da3733ef4c466c44f4460a7_/lib/python3.11/site-packages/jedi/third_party/typeshed/stubs/opentracing/opentracing/ext/__init__.pyi	UNTRACKED		PROTECTED
final_report_files/snakemake-last-mile-tutorial/.snakemake/conda/c558ed442da3733ef4c466c44f4460a7_/lib/python3.11/site-packages/jedi/third_party/typeshed/stubs/opentracing/opentracing/harness/__init__.pyi	UNTRACKED		PROTECTED
final_report_files/snakemake-last-mile-tutorial/.snakemake/conda/c558ed442da3733ef4c466c44f4460a7_/lib/python3.11/site-packages/jedi/third_party/typeshed/stubs/peewee/playhouse/__init__.pyi	UNTRACKED		PROTECTED
final_report_files/snakemake-last-mile-tutorial/.snakemake/conda/c558ed442da3733ef4c466c44f4460a7_/lib/python3.11/site-packages/jedi/third_party/typeshed/stubs/pika/pika/adapters/utils/__init__.pyi	UNTRACKED		PROTECTED
final_report_files/snakemake-last-mile-tutorial/.snakemake/conda/c558ed442da3733ef4c466c44f4460a7_/lib/python3.11/site-packages/jedi/third_party/typeshed/stubs/pony/pony/flask/example/__init__.pyi	UNTRACKED		PROTECTED
final_report_files/snakemake-last-mile-tutorial/.snakemake/conda/c558ed442da3733ef4c466c44f4460a7_/lib/python3.11/site-packages/jedi/third_party/typeshed/stubs/pony/pony/orm/dbproviders/__init__.pyi	UNTRACKED		PROTECTED
final_report_files/snakemake-last-mile-tutorial/.snakemake/conda/c558ed442da3733ef4c466c44f4460a7_/lib/python3.11/site-packages/jedi/third_party/typeshed/stubs/pony/pony/orm/examples/__init__.pyi	UNTRACKED		PROTECTED
final_report_files/snakemake-last-mile-tutorial/.snakemake/conda/c558ed442da3733ef4c466c44f4460a7_/lib/python3.11/site-packages/jedi/third_party/typeshed/stubs/pony/pony/orm/integration/__init__.pyi	UNTRACKED		PROTECTED
final_report_files/snakemake-last-mile-tutorial/.snakemake/conda/c558ed442da3733ef4c466c44f4460a7_/lib/python3.11/site-packages/jedi/third_party/typeshed/stubs/pony/pony/thirdparty/__init__.pyi	UNTRACKED		PROTECTED
final_report_files/snakemake-last-mile-tutorial/.snakemake/conda/c558ed442da3733ef4c466c44f4460a7_/lib/python3.11/site-packages/jedi/third_party/typeshed/stubs/protobuf/google/protobuf/compiler/__init__.pyi	UNTRACKED		PROTECTED
final_report_files/snakemake-last-mile-tutorial/.snakemake/conda/c558ed442da3733ef4c466c44f4460a7_/lib/python3.11/site-packages/jedi/third_party/typeshed/stubs/protobuf/google/protobuf/internal/__init__.pyi	UNTRACKED		PROTECTED
final_report_files/snakemake-last-mile-tutorial/.snakemake/conda/c558ed442da3733ef4c466c44f4460a7_/lib/python3.11/site-packages/jedi/third_party/typeshed/stubs/protobuf/google/protobuf/internal/python_edition_defaults.pyi	UNTRACKED		PROTECTED
final_report_files/snakemake-last-mile-tutorial/.snakemake/conda/c558ed442da3733ef4c466c44f4460a7_/lib/python3.11/site-packages/jedi/third_party/typeshed/stubs/protobuf/google/protobuf/util/__init__.pyi	UNTRACKED		PROTECTED
final_report_files/snakemake-last-mile-tutorial/.snakemake/conda/c558ed442da3733ef4c466c44f4460a7_/lib/python3.11/site-packages/jedi/third_party/typeshed/stubs/pyasn1/pyasn1/codec/__init__.pyi	UNTRACKED		PROTECTED
final_report_files/snakemake-last-mile-tutorial/.snakemake/conda/c558ed442da3733ef4c466c44f4460a7_/lib/python3.11/site-packages/jedi/third_party/typeshed/stubs/pyasn1/pyasn1/codec/ber/__init__.pyi	UNTRACKED		PROTECTED
final_report_files/snakemake-last-mile-tutorial/.snakemake/conda/c558ed442da3733ef4c466c44f4460a7_/lib/python3.11/site-packages/jedi/third_party/typeshed/stubs/pyasn1/pyasn1/codec/cer/__init__.pyi	UNTRACKED		PROTECTED
final_report_files/snakemake-last-mile-tutorial/.snakemake/conda/c558ed442da3733ef4c466c44f4460a7_/lib/python3.11/site-packages/jedi/third_party/typeshed/stubs/pyasn1/pyasn1/codec/der/__init__.pyi	UNTRACKED		PROTECTED
final_report_files/snakemake-last-mile-tutorial/.snakemake/conda/c558ed442da3733ef4c466c44f4460a7_/lib/python3.11/site-packages/jedi/third_party/typeshed/stubs/pyasn1/pyasn1/codec/native/__init__.pyi	UNTRACKED		PROTECTED
final_report_files/snakemake-last-mile-tutorial/.snakemake/conda/c558ed442da3733ef4c466c44f4460a7_/lib/python3.11/site-packages/jedi/third_party/typeshed/stubs/pyasn1/pyasn1/compat/__init__.pyi	UNTRACKED		PROTECTED
final_report_files/snakemake-last-mile-tutorial/.snakemake/conda/c558ed442da3733ef4c466c44f4460a7_/lib/python3.11/site-packages/jedi/third_party/typeshed/stubs/pyasn1/pyasn1/type/__init__.pyi	UNTRACKED		PROTECTED
final_report_files/snakemake-last-mile-tutorial/.snakemake/conda/c558ed442da3733ef4c466c44f4460a7_/lib/python3.11/site-packages/jedi/third_party/typeshed/stubs/pyflakes/pyflakes/scripts/__init__.pyi	UNTRACKED		PROTECTED
final_report_files/snakemake-last-mile-tutorial/.snakemake/conda/c558ed442da3733ef4c466c44f4460a7_/lib/python3.11/site-packages/jedi/third_party/typeshed/stubs/pyinstaller/PyInstaller/depend/__init__.pyi	UNTRACKED		PROTECTED
final_report_files/snakemake-last-mile-tutorial/.snakemake/conda/c558ed442da3733ef4c466c44f4460a7_/lib/python3.11/site-packages/jedi/third_party/typeshed/stubs/pyinstaller/PyInstaller/lib/__init__.pyi	UNTRACKED		PROTECTED
final_report_files/snakemake-last-mile-tutorial/.snakemake/conda/c558ed442da3733ef4c466c44f4460a7_/lib/python3.11/site-packages/jedi/third_party/typeshed/stubs/pyinstaller/PyInstaller/lib/modulegraph/__init__.pyi	UNTRACKED		PROTECTED
final_report_files/snakemake-last-mile-tutorial/.snakemake/conda/c558ed442da3733ef4c466c44f4460a7_/lib/python3.11/site-packages/jedi/third_party/typeshed/stubs/pyinstaller/PyInstaller/utils/__init__.pyi	UNTRACKED		PROTECTED
final_report_files/snakemake-last-mile-tutorial/.snakemake/conda/c558ed442da3733ef4c466c44f4460a7_/lib/python3.11/site-packages/jedi/third_party/typeshed/stubs/pyserial/serial/tools/__init__.pyi	UNTRACKED		PROTECTED
final_report_files/snakemake-last-mile-tutorial/.snakemake/conda/c558ed442da3733ef4c466c44f4460a7_/lib/python3.11/site-packages/jedi/third_party/typeshed/stubs/pyserial/serial/urlhandler/__init__.pyi	UNTRACKED		PROTECTED
final_report_files/snakemake-last-mile-tutorial/.snakemake/conda/c558ed442da3733ef4c466c44f4460a7_/lib/python3.11/site-packages/jedi/third_party/typeshed/stubs/pywin32/pythonwin/__init__.pyi	UNTRACKED		PROTECTED
final_report_files/snakemake-last-mile-tutorial/.snakemake/conda/c558ed442da3733ef4c466c44f4460a7_/lib/python3.11/site-packages/jedi/third_party/typeshed/stubs/pywin32/win32/__init__.pyi	UNTRACKED		PROTECTED
final_report_files/snakemake-last-mile-tutorial/.snakemake/conda/c558ed442da3733ef4c466c44f4460a7_/lib/python3.11/site-packages/jedi/third_party/typeshed/stubs/pywin32/win32/lib/__init__.pyi	UNTRACKED		PROTECTED
final_report_files/snakemake-last-mile-tutorial/.snakemake/conda/c558ed442da3733ef4c466c44f4460a7_/lib/python3.11/site-packages/jedi/third_party/typeshed/stubs/pywin32/win32com/gen_py/__init__.pyi	UNTRACKED		PROTECTED
final_report_files/snakemake-last-mile-tutorial/.snakemake/conda/c558ed442da3733ef4c466c44f4460a7_/lib/python3.11/site-packages/jedi/third_party/typeshed/stubs/pywin32/win32com/server/__init__.pyi	UNTRACKED		PROTECTED
final_report_files/snakemake-last-mile-tutorial/.snakemake/conda/c558ed442da3733ef4c466c44f4460a7_/lib/python3.11/site-packages/jedi/third_party/typeshed/stubs/pywin32/win32comext/__init__.pyi	UNTRACKED		PROTECTED
final_report_files/snakemake-last-mile-tutorial/.snakemake/conda/c558ed442da3733ef4c466c44f4460a7_/lib/python3.11/site-packages/jedi/third_party/typeshed/stubs/pywin32/win32comext/authorization/__init__.pyi	UNTRACKED		PROTECTED
final_report_files/snakemake-last-mile-tutorial/.snakemake/conda/c558ed442da3733ef4c466c44f4460a7_/lib/python3.11/site-packages/jedi/third_party/typeshed/stubs/pywin32/win32comext/axcontrol/__init__.pyi	UNTRACKED		PROTECTED
final_report_files/snakemake-last-mile-tutorial/.snakemake/conda/c558ed442da3733ef4c466c44f4460a7_/lib/python3.11/site-packages/jedi/third_party/typeshed/stubs/pywin32/win32comext/axdebug/__init__.pyi	UNTRACKED		PROTECTED
final_report_files/snakemake-last-mile-tutorial/.snakemake/conda/c558ed442da3733ef4c466c44f4460a7_/lib/python3.11/site-packages/jedi/third_party/typeshed/stubs/pywin32/win32comext/axscript/__init__.pyi	UNTRACKED		PROTECTED
final_report_files/snakemake-last-mile-tutorial/.snakemake/conda/c558ed442da3733ef4c466c44f4460a7_/lib/python3.11/site-packages/jedi/third_party/typeshed/stubs/pywin32/win32comext/axscript/client/__init__.pyi	UNTRACKED		PROTECTED
final_report_files/snakemake-last-mile-tutorial/.snakemake/conda/c558ed442da3733ef4c466c44f4460a7_/lib/python3.11/site-packages/jedi/third_party/typeshed/stubs/pywin32/win32comext/axscript/server/__init__.pyi	UNTRACKED		PROTECTED
final_report_files/snakemake-last-mile-tutorial/.snakemake/conda/c558ed442da3733ef4c466c44f4460a7_/lib/python3.11/site-packages/jedi/third_party/typeshed/stubs/pywin32/win32comext/bits/__init__.pyi	UNTRACKED		PROTECTED
final_report_files/snakemake-last-mile-tutorial/.snakemake/conda/c558ed442da3733ef4c466c44f4460a7_/lib/python3.11/site-packages/jedi/third_party/typeshed/stubs/pywin32/win32comext/directsound/__init__.pyi	UNTRACKED		PROTECTED
final_report_files/snakemake-last-mile-tutorial/.snakemake/conda/c558ed442da3733ef4c466c44f4460a7_/lib/python3.11/site-packages/jedi/third_party/typeshed/stubs/pywin32/win32comext/ifilter/__init__.pyi	UNTRACKED		PROTECTED
final_report_files/snakemake-last-mile-tutorial/.snakemake/conda/c558ed442da3733ef4c466c44f4460a7_/lib/python3.11/site-packages/jedi/third_party/typeshed/stubs/pywin32/win32comext/internet/__init__.pyi	UNTRACKED		PROTECTED
final_report_files/snakemake-last-mile-tutorial/.snakemake/conda/c558ed442da3733ef4c466c44f4460a7_/lib/python3.11/site-packages/jedi/third_party/typeshed/stubs/pywin32/win32comext/mapi/__init__.pyi	UNTRACKED		PROTECTED
final_report_files/snakemake-last-mile-tutorial/.snakemake/conda/c558ed442da3733ef4c466c44f4460a7_/lib/python3.11/site-packages/jedi/third_party/typeshed/stubs/pywin32/win32comext/propsys/__init__.pyi	UNTRACKED		PROTECTED
final_report_files/snakemake-last-mile-tutorial/.snakemake/conda/c558ed442da3733ef4c466c44f4460a7_/lib/python3.11/site-packages/jedi/third_party/typeshed/stubs/pywin32/win32comext/shell/__init__.pyi	UNTRACKED		PROTECTED
final_report_files/snakemake-last-mile-tutorial/.snakemake/conda/c558ed442da3733ef4c466c44f4460a7_/lib/python3.11/site-packages/jedi/third_party/typeshed/stubs/pywin32/win32comext/taskscheduler/__init__.pyi	UNTRACKED		PROTECTED
final_report_files/snakemake-last-mile-tutorial/.snakemake/conda/c558ed442da3733ef4c466c44f4460a7_/lib/python3.11/site-packages/jedi/third_party/typeshed/stubs/qrcode/qrcode/image/__init__.pyi	UNTRACKED		PROTECTED
final_report_files/snakemake-last-mile-tutorial/.snakemake/conda/c558ed442da3733ef4c466c44f4460a7_/lib/python3.11/site-packages/jedi/third_party/typeshed/stubs/qrcode/qrcode/image/styles/__init__.pyi	UNTRACKED		PROTECTED
final_report_files/snakemake-last-mile-tutorial/.snakemake/conda/c558ed442da3733ef4c466c44f4460a7_/lib/python3.11/site-packages/jedi/third_party/typeshed/stubs/reportlab/reportlab/graphics/barcode/fourstate.pyi	UNTRACKED		PROTECTED
final_report_files/snakemake-last-mile-tutorial/.snakemake/conda/c558ed442da3733ef4c466c44f4460a7_/lib/python3.11/site-packages/jedi/third_party/typeshed/stubs/reportlab/reportlab/graphics/samples/__init__.pyi	UNTRACKED		PROTECTED
final_report_files/snakemake-last-mile-tutorial/.snakemake/conda/c558ed442da3733ef4c466c44f4460a7_/lib/python3.11/site-packages/jedi/third_party/typeshed/stubs/seaborn/seaborn/_core/__init__.pyi	UNTRACKED		PROTECTED
final_report_files/snakemake-last-mile-tutorial/.snakemake/conda/c558ed442da3733ef4c466c44f4460a7_/lib/python3.11/site-packages/jedi/third_party/typeshed/stubs/seaborn/seaborn/_marks/__init__.pyi	UNTRACKED		PROTECTED
final_report_files/snakemake-last-mile-tutorial/.snakemake/conda/c558ed442da3733ef4c466c44f4460a7_/lib/python3.11/site-packages/jedi/third_party/typeshed/stubs/seaborn/seaborn/_stats/__init__.pyi	UNTRACKED		PROTECTED
final_report_files/snakemake-last-mile-tutorial/.snakemake/conda/c558ed442da3733ef4c466c44f4460a7_/lib/python3.11/site-packages/jedi/third_party/typeshed/stubs/seaborn/seaborn/external/__init__.pyi	UNTRACKED		PROTECTED
final_report_files/snakemake-last-mile-tutorial/.snakemake/conda/c558ed442da3733ef4c466c44f4460a7_/lib/python3.11/site-packages/jedi/third_party/typeshed/stubs/setuptools/setuptools/command/__init__.pyi	UNTRACKED		PROTECTED
final_report_files/snakemake-last-mile-tutorial/.snakemake/conda/c558ed442da3733ef4c466c44f4460a7_/lib/python3.11/site-packages/jedi/third_party/typeshed/stubs/shapely/shapely/algorithms/__init__.pyi	UNTRACKED		PROTECTED
final_report_files/snakemake-last-mile-tutorial/.snakemake/conda/c558ed442da3733ef4c466c44f4460a7_/lib/python3.11/site-packages/jedi/third_party/typeshed/stubs/tensorflow/tensorflow/core/protobuf/__init__.pyi	UNTRACKED		PROTECTED
final_report_files/snakemake-last-mile-tutorial/.snakemake/conda/c558ed442da3733ef4c466c44f4460a7_/lib/python3.11/site-packages/jedi/third_party/typeshed/stubs/tensorflow/tensorflow/python/feature_column/__init__.pyi	UNTRACKED		PROTECTED
final_report_files/snakemake-last-mile-tutorial/.snakemake/conda/c558ed442da3733ef4c466c44f4460a7_/lib/python3.11/site-packages/jedi/third_party/typeshed/stubs/tensorflow/tensorflow/python/trackable/__init__.pyi	UNTRACKED		PROTECTED
final_report_files/snakemake-last-mile-tutorial/.snakemake/conda/c558ed442da3733ef4c466c44f4460a7_/lib/python3.11/site-packages/jedi/third_party/typeshed/stubs/workalendar/workalendar/__init__.pyi	UNTRACKED		PROTECTED
final_report_files/snakemake-last-mile-tutorial/.snakemake/conda/c558ed442da3733ef4c466c44f4460a7_/lib/python3.11/site-packages/jedi/third_party/typeshed/stubs/xdgenvpy/xdgenvpy/__init__.pyi	UNTRACKED		PROTECTED
final_report_files/snakemake-last-mile-tutorial/.snakemake/conda/c558ed442da3733ef4c466c44f4460a7_/lib/python3.11/site-packages/jedi/third_party/typeshed/stubs/xmldiff/xmldiff/__init__.pyi	UNTRACKED		PROTECTED
final_report_files/snakemake-last-mile-tutorial/.snakemake/conda/c558ed442da3733ef4c466c44f4460a7_/lib/python3.11/site-packages/jedi/third_party/typeshed/stubs/yt-dlp/yt_dlp/utils/jslib/__init__.pyi	UNTRACKED		PROTECTED
final_report_files/snakemake-last-mile-tutorial/.snakemake/conda/c558ed442da3733ef4c466c44f4460a7_/lib/python3.11/site-packages/jinja2-3.1.6.dist-info/REQUESTED	UNTRACKED		PROTECTED
final_report_files/snakemake-last-mile-tutorial/.snakemake/conda/c558ed442da3733ef4c466c44f4460a7_/lib/python3.11/site-packages/jinja2/py.typed	UNTRACKED		PROTECTED
final_report_files/snakemake-last-mile-tutorial/.snakemake/conda/c558ed442da3733ef4c466c44f4460a7_/lib/python3.11/site-packages/json5-0.15.0.dist-info/REQUESTED	UNTRACKED		PROTECTED
final_report_files/snakemake-last-mile-tutorial/.snakemake/conda/c558ed442da3733ef4c466c44f4460a7_/lib/python3.11/site-packages/json5/py.typed	UNTRACKED		PROTECTED
final_report_files/snakemake-last-mile-tutorial/.snakemake/conda/c558ed442da3733ef4c466c44f4460a7_/lib/python3.11/site-packages/jsonpointer-3.1.1.dist-info/REQUESTED	UNTRACKED		PROTECTED
final_report_files/snakemake-last-mile-tutorial/.snakemake/conda/c558ed442da3733ef4c466c44f4460a7_/lib/python3.11/site-packages/jsonschema-4.26.0.dist-info/REQUESTED	UNTRACKED		PROTECTED
final_report_files/snakemake-last-mile-tutorial/.snakemake/conda/c558ed442da3733ef4c466c44f4460a7_/lib/python3.11/site-packages/jsonschema/tests/__init__.py	UNTRACKED		PROTECTED
final_report_files/snakemake-last-mile-tutorial/.snakemake/conda/c558ed442da3733ef4c466c44f4460a7_/lib/python3.11/site-packages/jsonschema/tests/typing/__init__.py	UNTRACKED		PROTECTED
final_report_files/snakemake-last-mile-tutorial/.snakemake/conda/c558ed442da3733ef4c466c44f4460a7_/lib/python3.11/site-packages/jsonschema_specifications-2025.9.1.dist-info/REQUESTED	UNTRACKED		PROTECTED
final_report_files/snakemake-last-mile-tutorial/.snakemake/conda/c558ed442da3733ef4c466c44f4460a7_/lib/python3.11/site-packages/jsonschema_specifications/tests/__init__.py	UNTRACKED		PROTECTED
final_report_files/snakemake-last-mile-tutorial/.snakemake/conda/c558ed442da3733ef4c466c44f4460a7_/lib/python3.11/site-packages/jupyter_client-8.9.1.dist-info/REQUESTED	UNTRACKED		PROTECTED
final_report_files/snakemake-last-mile-tutorial/.snakemake/conda/c558ed442da3733ef4c466c44f4460a7_/lib/python3.11/site-packages/jupyter_client/py.typed	UNTRACKED		PROTECTED
final_report_files/snakemake-last-mile-tutorial/.snakemake/conda/c558ed442da3733ef4c466c44f4460a7_/lib/python3.11/site-packages/jupyter_core-5.9.1.dist-info/REQUESTED	UNTRACKED		PROTECTED
final_report_files/snakemake-last-mile-tutorial/.snakemake/conda/c558ed442da3733ef4c466c44f4460a7_/lib/python3.11/site-packages/jupyter_core/py.typed	UNTRACKED		PROTECTED
final_report_files/snakemake-last-mile-tutorial/.snakemake/conda/c558ed442da3733ef4c466c44f4460a7_/lib/python3.11/site-packages/jupyter_events-0.12.1.dist-info/REQUESTED	UNTRACKED		PROTECTED
final_report_files/snakemake-last-mile-tutorial/.snakemake/conda/c558ed442da3733ef4c466c44f4460a7_/lib/python3.11/site-packages/jupyter_events/py.typed	UNTRACKED		PROTECTED
final_report_files/snakemake-last-mile-tutorial/.snakemake/conda/c558ed442da3733ef4c466c44f4460a7_/lib/python3.11/site-packages/jupyter_lsp-2.3.1.dist-info/REQUESTED	UNTRACKED		PROTECTED
final_report_files/snakemake-last-mile-tutorial/.snakemake/conda/c558ed442da3733ef4c466c44f4460a7_/lib/python3.11/site-packages/jupyter_lsp/tests/__init__.py	UNTRACKED		PROTECTED
final_report_files/snakemake-last-mile-tutorial/.snakemake/conda/c558ed442da3733ef4c466c44f4460a7_/lib/python3.11/site-packages/jupyter_server-2.20.0.dist-info/REQUESTED	UNTRACKED		PROTECTED
final_report_files/snakemake-last-mile-tutorial/.snakemake/conda/c558ed442da3733ef4c466c44f4460a7_/lib/python3.11/site-packages/jupyter_server/base/__init__.py	UNTRACKED		PROTECTED
final_report_files/snakemake-last-mile-tutorial/.snakemake/conda/c558ed442da3733ef4c466c44f4460a7_/lib/python3.11/site-packages/jupyter_server/extension/__init__.py	UNTRACKED		PROTECTED
final_report_files/snakemake-last-mile-tutorial/.snakemake/conda/c558ed442da3733ef4c466c44f4460a7_/lib/python3.11/site-packages/jupyter_server/files/__init__.py	UNTRACKED		PROTECTED
final_report_files/snakemake-last-mile-tutorial/.snakemake/conda/c558ed442da3733ef4c466c44f4460a7_/lib/python3.11/site-packages/jupyter_server/gateway/__init__.py	UNTRACKED		PROTECTED
final_report_files/snakemake-last-mile-tutorial/.snakemake/conda/c558ed442da3733ef4c466c44f4460a7_/lib/python3.11/site-packages/jupyter_server/kernelspecs/__init__.py	UNTRACKED		PROTECTED
final_report_files/snakemake-last-mile-tutorial/.snakemake/conda/c558ed442da3733ef4c466c44f4460a7_/lib/python3.11/site-packages/jupyter_server/nbconvert/__init__.py	UNTRACKED		PROTECTED
final_report_files/snakemake-last-mile-tutorial/.snakemake/conda/c558ed442da3733ef4c466c44f4460a7_/lib/python3.11/site-packages/jupyter_server/prometheus/__init__.py	UNTRACKED		PROTECTED
final_report_files/snakemake-last-mile-tutorial/.snakemake/conda/c558ed442da3733ef4c466c44f4460a7_/lib/python3.11/site-packages/jupyter_server/py.typed	UNTRACKED		PROTECTED
final_report_files/snakemake-last-mile-tutorial/.snakemake/conda/c558ed442da3733ef4c466c44f4460a7_/lib/python3.11/site-packages/jupyter_server/services/__init__.py	UNTRACKED		PROTECTED
final_report_files/snakemake-last-mile-tutorial/.snakemake/conda/c558ed442da3733ef4c466c44f4460a7_/lib/python3.11/site-packages/jupyter_server/services/api/__init__.py	UNTRACKED		PROTECTED
final_report_files/snakemake-last-mile-tutorial/.snakemake/conda/c558ed442da3733ef4c466c44f4460a7_/lib/python3.11/site-packages/jupyter_server/services/contents/__init__.py	UNTRACKED		PROTECTED
final_report_files/snakemake-last-mile-tutorial/.snakemake/conda/c558ed442da3733ef4c466c44f4460a7_/lib/python3.11/site-packages/jupyter_server/services/events/__init__.py	UNTRACKED		PROTECTED
final_report_files/snakemake-last-mile-tutorial/.snakemake/conda/c558ed442da3733ef4c466c44f4460a7_/lib/python3.11/site-packages/jupyter_server/services/kernels/__init__.py	UNTRACKED		PROTECTED
final_report_files/snakemake-last-mile-tutorial/.snakemake/conda/c558ed442da3733ef4c466c44f4460a7_/lib/python3.11/site-packages/jupyter_server/services/kernels/connection/__init__.py	UNTRACKED		PROTECTED
final_report_files/snakemake-last-mile-tutorial/.snakemake/conda/c558ed442da3733ef4c466c44f4460a7_/lib/python3.11/site-packages/jupyter_server/services/kernelspecs/__init__.py	UNTRACKED		PROTECTED
final_report_files/snakemake-last-mile-tutorial/.snakemake/conda/c558ed442da3733ef4c466c44f4460a7_/lib/python3.11/site-packages/jupyter_server/services/nbconvert/__init__.py	UNTRACKED		PROTECTED
final_report_files/snakemake-last-mile-tutorial/.snakemake/conda/c558ed442da3733ef4c466c44f4460a7_/lib/python3.11/site-packages/jupyter_server/services/sessions/__init__.py	UNTRACKED		PROTECTED
final_report_files/snakemake-last-mile-tutorial/.snakemake/conda/c558ed442da3733ef4c466c44f4460a7_/lib/python3.11/site-packages/jupyter_server_terminals-0.5.4.dist-info/REQUESTED	UNTRACKED		PROTECTED
final_report_files/snakemake-last-mile-tutorial/.snakemake/conda/c558ed442da3733ef4c466c44f4460a7_/lib/python3.11/site-packages/jupyter_server_terminals/py.typed	UNTRACKED		PROTECTED
final_report_files/snakemake-last-mile-tutorial/.snakemake/conda/c558ed442da3733ef4c466c44f4460a7_/lib/python3.11/site-packages/jupyterlab-4.2.7.dist-info/REQUESTED	UNTRACKED		PROTECTED
final_report_files/snakemake-last-mile-tutorial/.snakemake/conda/c558ed442da3733ef4c466c44f4460a7_/lib/python3.11/site-packages/jupyterlab/tests/mock_packages/extension/yarn.lock	UNTRACKED	MARKER	PROTECTED
final_report_files/snakemake-last-mile-tutorial/.snakemake/conda/c558ed442da3733ef4c466c44f4460a7_/lib/python3.11/site-packages/jupyterlab/tests/mock_packages/mimeextension/yarn.lock	UNTRACKED	MARKER	PROTECTED
final_report_files/snakemake-last-mile-tutorial/.snakemake/conda/c558ed442da3733ef4c466c44f4460a7_/lib/python3.11/site-packages/jupyterlab/tests/mock_packages/test-hyphens/yarn.lock	UNTRACKED	MARKER	PROTECTED
final_report_files/snakemake-last-mile-tutorial/.snakemake/conda/c558ed442da3733ef4c466c44f4460a7_/lib/python3.11/site-packages/jupyterlab/themes/@jupyterlab/theme-dark-extension/index.js	UNTRACKED		PROTECTED
final_report_files/snakemake-last-mile-tutorial/.snakemake/conda/c558ed442da3733ef4c466c44f4460a7_/lib/python3.11/site-packages/jupyterlab/themes/@jupyterlab/theme-dark-high-contrast-extension/index.js	UNTRACKED		PROTECTED
final_report_files/snakemake-last-mile-tutorial/.snakemake/conda/c558ed442da3733ef4c466c44f4460a7_/lib/python3.11/site-packages/jupyterlab/themes/@jupyterlab/theme-light-extension/index.js	UNTRACKED		PROTECTED
final_report_files/snakemake-last-mile-tutorial/.snakemake/conda/c558ed442da3733ef4c466c44f4460a7_/lib/python3.11/site-packages/jupyterlab_pygments-0.3.0.dist-info/REQUESTED	UNTRACKED		PROTECTED
final_report_files/snakemake-last-mile-tutorial/.snakemake/conda/c558ed442da3733ef4c466c44f4460a7_/lib/python3.11/site-packages/jupyterlab_server-2.28.0.dist-info/REQUESTED	UNTRACKED		PROTECTED
final_report_files/snakemake-last-mile-tutorial/.snakemake/conda/c558ed442da3733ef4c466c44f4460a7_/lib/python3.11/site-packages/jupyterlab_server/py.typed	UNTRACKED		PROTECTED
final_report_files/snakemake-last-mile-tutorial/.snakemake/conda/c558ed442da3733ef4c466c44f4460a7_/lib/python3.11/site-packages/lark-1.3.1.dist-info/REQUESTED	UNTRACKED		PROTECTED
final_report_files/snakemake-last-mile-tutorial/.snakemake/conda/c558ed442da3733ef4c466c44f4460a7_/lib/python3.11/site-packages/lark/grammars/__init__.py	UNTRACKED		PROTECTED
final_report_files/snakemake-last-mile-tutorial/.snakemake/conda/c558ed442da3733ef4c466c44f4460a7_/lib/python3.11/site-packages/lark/parsers/__init__.py	UNTRACKED		PROTECTED
final_report_files/snakemake-last-mile-tutorial/.snakemake/conda/c558ed442da3733ef4c466c44f4460a7_/lib/python3.11/site-packages/lark/py.typed	UNTRACKED		PROTECTED
final_report_files/snakemake-last-mile-tutorial/.snakemake/conda/c558ed442da3733ef4c466c44f4460a7_/lib/python3.11/site-packages/markupsafe-3.0.3.dist-info/REQUESTED	UNTRACKED		PROTECTED
final_report_files/snakemake-last-mile-tutorial/.snakemake/conda/c558ed442da3733ef4c466c44f4460a7_/lib/python3.11/site-packages/markupsafe/py.typed	UNTRACKED		PROTECTED
final_report_files/snakemake-last-mile-tutorial/.snakemake/conda/c558ed442da3733ef4c466c44f4460a7_/lib/python3.11/site-packages/matplotlib_inline-0.2.2.dist-info/REQUESTED	UNTRACKED		PROTECTED
final_report_files/snakemake-last-mile-tutorial/.snakemake/conda/c558ed442da3733ef4c466c44f4460a7_/lib/python3.11/site-packages/matplotlib_inline/py.typed	UNTRACKED		PROTECTED
final_report_files/snakemake-last-mile-tutorial/.snakemake/conda/c558ed442da3733ef4c466c44f4460a7_/lib/python3.11/site-packages/mistune-3.3.4.dist-info/REQUESTED	UNTRACKED		PROTECTED
final_report_files/snakemake-last-mile-tutorial/.snakemake/conda/c558ed442da3733ef4c466c44f4460a7_/lib/python3.11/site-packages/mistune/renderers/__init__.py	UNTRACKED		PROTECTED
final_report_files/snakemake-last-mile-tutorial/.snakemake/conda/c558ed442da3733ef4c466c44f4460a7_/lib/python3.11/site-packages/nbclient-0.11.0.dist-info/REQUESTED	UNTRACKED		PROTECTED
final_report_files/snakemake-last-mile-tutorial/.snakemake/conda/c558ed442da3733ef4c466c44f4460a7_/lib/python3.11/site-packages/nbclient/py.typed	UNTRACKED		PROTECTED
final_report_files/snakemake-last-mile-tutorial/.snakemake/conda/c558ed442da3733ef4c466c44f4460a7_/lib/python3.11/site-packages/nbconvert-7.17.1.dist-info/REQUESTED	UNTRACKED		PROTECTED
final_report_files/snakemake-last-mile-tutorial/.snakemake/conda/c558ed442da3733ef4c466c44f4460a7_/lib/python3.11/site-packages/nbconvert/py.typed	UNTRACKED		PROTECTED
final_report_files/snakemake-last-mile-tutorial/.snakemake/conda/c558ed442da3733ef4c466c44f4460a7_/lib/python3.11/site-packages/nbconvert/resources/__init__.py	UNTRACKED		PROTECTED
final_report_files/snakemake-last-mile-tutorial/.snakemake/conda/c558ed442da3733ef4c466c44f4460a7_/lib/python3.11/site-packages/nbconvert/utils/__init__.py	UNTRACKED		PROTECTED
final_report_files/snakemake-last-mile-tutorial/.snakemake/conda/c558ed442da3733ef4c466c44f4460a7_/lib/python3.11/site-packages/nbformat-5.10.4.dist-info/REQUESTED	UNTRACKED		PROTECTED
final_report_files/snakemake-last-mile-tutorial/.snakemake/conda/c558ed442da3733ef4c466c44f4460a7_/lib/python3.11/site-packages/nbformat/corpus/__init__.py	UNTRACKED		PROTECTED
final_report_files/snakemake-last-mile-tutorial/.snakemake/conda/c558ed442da3733ef4c466c44f4460a7_/lib/python3.11/site-packages/nbformat/corpus/tests/__init__.py	UNTRACKED		PROTECTED
final_report_files/snakemake-last-mile-tutorial/.snakemake/conda/c558ed442da3733ef4c466c44f4460a7_/lib/python3.11/site-packages/nbformat/py.typed	UNTRACKED		PROTECTED
final_report_files/snakemake-last-mile-tutorial/.snakemake/conda/c558ed442da3733ef4c466c44f4460a7_/lib/python3.11/site-packages/nest_asyncio-1.6.0.dist-info/REQUESTED	UNTRACKED		PROTECTED
final_report_files/snakemake-last-mile-tutorial/.snakemake/conda/c558ed442da3733ef4c466c44f4460a7_/lib/python3.11/site-packages/notebook-7.2.2.dist-info/REQUESTED	UNTRACKED		PROTECTED
final_report_files/snakemake-last-mile-tutorial/.snakemake/conda/c558ed442da3733ef4c466c44f4460a7_/lib/python3.11/site-packages/notebook_shim-0.2.4.dist-info/REQUESTED	UNTRACKED		PROTECTED
final_report_files/snakemake-last-mile-tutorial/.snakemake/conda/c558ed442da3733ef4c466c44f4460a7_/lib/python3.11/site-packages/notebook_shim/tests/__init__.py	UNTRACKED		PROTECTED
final_report_files/snakemake-last-mile-tutorial/.snakemake/conda/c558ed442da3733ef4c466c44f4460a7_/lib/python3.11/site-packages/numpy-2.4.6.dist-info/REQUESTED	UNTRACKED		PROTECTED
final_report_files/snakemake-last-mile-tutorial/.snakemake/conda/c558ed442da3733ef4c466c44f4460a7_/lib/python3.11/site-packages/numpy/_pyinstaller/__init__.py	UNTRACKED		PROTECTED
final_report_files/snakemake-last-mile-tutorial/.snakemake/conda/c558ed442da3733ef4c466c44f4460a7_/lib/python3.11/site-packages/numpy/_pyinstaller/__init__.pyi	UNTRACKED		PROTECTED
final_report_files/snakemake-last-mile-tutorial/.snakemake/conda/c558ed442da3733ef4c466c44f4460a7_/lib/python3.11/site-packages/numpy/core/__init__.pyi	UNTRACKED		PROTECTED
final_report_files/snakemake-last-mile-tutorial/.snakemake/conda/c558ed442da3733ef4c466c44f4460a7_/lib/python3.11/site-packages/numpy/core/_dtype.pyi	UNTRACKED		PROTECTED
final_report_files/snakemake-last-mile-tutorial/.snakemake/conda/c558ed442da3733ef4c466c44f4460a7_/lib/python3.11/site-packages/numpy/core/_dtype_ctypes.pyi	UNTRACKED		PROTECTED
final_report_files/snakemake-last-mile-tutorial/.snakemake/conda/c558ed442da3733ef4c466c44f4460a7_/lib/python3.11/site-packages/numpy/distutils/tests/__init__.py	UNTRACKED		PROTECTED
final_report_files/snakemake-last-mile-tutorial/.snakemake/conda/c558ed442da3733ef4c466c44f4460a7_/lib/python3.11/site-packages/numpy/fft/tests/__init__.py	UNTRACKED		PROTECTED
final_report_files/snakemake-last-mile-tutorial/.snakemake/conda/c558ed442da3733ef4c466c44f4460a7_/lib/python3.11/site-packages/numpy/lib/tests/__init__.py	UNTRACKED		PROTECTED
final_report_files/snakemake-last-mile-tutorial/.snakemake/conda/c558ed442da3733ef4c466c44f4460a7_/lib/python3.11/site-packages/numpy/linalg/tests/__init__.py	UNTRACKED		PROTECTED
final_report_files/snakemake-last-mile-tutorial/.snakemake/conda/c558ed442da3733ef4c466c44f4460a7_/lib/python3.11/site-packages/numpy/ma/tests/__init__.py	UNTRACKED		PROTECTED
final_report_files/snakemake-last-mile-tutorial/.snakemake/conda/c558ed442da3733ef4c466c44f4460a7_/lib/python3.11/site-packages/numpy/matrixlib/tests/__init__.py	UNTRACKED		PROTECTED
final_report_files/snakemake-last-mile-tutorial/.snakemake/conda/c558ed442da3733ef4c466c44f4460a7_/lib/python3.11/site-packages/numpy/polynomial/tests/__init__.py	UNTRACKED		PROTECTED
final_report_files/snakemake-last-mile-tutorial/.snakemake/conda/c558ed442da3733ef4c466c44f4460a7_/lib/python3.11/site-packages/numpy/py.typed	UNTRACKED		PROTECTED
final_report_files/snakemake-last-mile-tutorial/.snakemake/conda/c558ed442da3733ef4c466c44f4460a7_/lib/python3.11/site-packages/numpy/random/tests/__init__.py	UNTRACKED		PROTECTED
final_report_files/snakemake-last-mile-tutorial/.snakemake/conda/c558ed442da3733ef4c466c44f4460a7_/lib/python3.11/site-packages/numpy/random/tests/data/__init__.py	UNTRACKED		PROTECTED
final_report_files/snakemake-last-mile-tutorial/.snakemake/conda/c558ed442da3733ef4c466c44f4460a7_/lib/python3.11/site-packages/numpy/testing/_private/__init__.py	UNTRACKED		PROTECTED
final_report_files/snakemake-last-mile-tutorial/.snakemake/conda/c558ed442da3733ef4c466c44f4460a7_/lib/python3.11/site-packages/numpy/testing/_private/__init__.pyi	UNTRACKED		PROTECTED
final_report_files/snakemake-last-mile-tutorial/.snakemake/conda/c558ed442da3733ef4c466c44f4460a7_/lib/python3.11/site-packages/numpy/testing/tests/__init__.py	UNTRACKED		PROTECTED
final_report_files/snakemake-last-mile-tutorial/.snakemake/conda/c558ed442da3733ef4c466c44f4460a7_/lib/python3.11/site-packages/numpy/tests/__init__.py	UNTRACKED		PROTECTED
final_report_files/snakemake-last-mile-tutorial/.snakemake/conda/c558ed442da3733ef4c466c44f4460a7_/lib/python3.11/site-packages/numpy/typing/tests/__init__.py	UNTRACKED		PROTECTED
final_report_files/snakemake-last-mile-tutorial/.snakemake/conda/c558ed442da3733ef4c466c44f4460a7_/lib/python3.11/site-packages/outcome-1.3.0.post0.dist-info/REQUESTED	UNTRACKED		PROTECTED
final_report_files/snakemake-last-mile-tutorial/.snakemake/conda/c558ed442da3733ef4c466c44f4460a7_/lib/python3.11/site-packages/outcome/py.typed	UNTRACKED		PROTECTED
final_report_files/snakemake-last-mile-tutorial/.snakemake/conda/c558ed442da3733ef4c466c44f4460a7_/lib/python3.11/site-packages/overrides-7.7.0.dist-info/REQUESTED	UNTRACKED		PROTECTED
final_report_files/snakemake-last-mile-tutorial/.snakemake/conda/c558ed442da3733ef4c466c44f4460a7_/lib/python3.11/site-packages/overrides/py.typed	UNTRACKED		PROTECTED
final_report_files/snakemake-last-mile-tutorial/.snakemake/conda/c558ed442da3733ef4c466c44f4460a7_/lib/python3.11/site-packages/packaging-26.2.dist-info/REQUESTED	UNTRACKED		PROTECTED
final_report_files/snakemake-last-mile-tutorial/.snakemake/conda/c558ed442da3733ef4c466c44f4460a7_/lib/python3.11/site-packages/packaging/py.typed	UNTRACKED		PROTECTED
final_report_files/snakemake-last-mile-tutorial/.snakemake/conda/c558ed442da3733ef4c466c44f4460a7_/lib/python3.11/site-packages/pandas-3.0.3.dist-info/REQUESTED	UNTRACKED		PROTECTED
final_report_files/snakemake-last-mile-tutorial/.snakemake/conda/c558ed442da3733ef4c466c44f4460a7_/lib/python3.11/site-packages/pandas/_libs/window/__init__.py	UNTRACKED		PROTECTED
final_report_files/snakemake-last-mile-tutorial/.snakemake/conda/c558ed442da3733ef4c466c44f4460a7_/lib/python3.11/site-packages/pandas/core/__init__.py	UNTRACKED		PROTECTED
final_report_files/snakemake-last-mile-tutorial/.snakemake/conda/c558ed442da3733ef4c466c44f4460a7_/lib/python3.11/site-packages/pandas/core/_numba/__init__.py	UNTRACKED		PROTECTED
final_report_files/snakemake-last-mile-tutorial/.snakemake/conda/c558ed442da3733ef4c466c44f4460a7_/lib/python3.11/site-packages/pandas/core/computation/__init__.py	UNTRACKED		PROTECTED
final_report_files/snakemake-last-mile-tutorial/.snakemake/conda/c558ed442da3733ef4c466c44f4460a7_/lib/python3.11/site-packages/pandas/core/dtypes/__init__.py	UNTRACKED		PROTECTED
final_report_files/snakemake-last-mile-tutorial/.snakemake/conda/c558ed442da3733ef4c466c44f4460a7_/lib/python3.11/site-packages/pandas/core/indexes/__init__.py	UNTRACKED		PROTECTED
final_report_files/snakemake-last-mile-tutorial/.snakemake/conda/c558ed442da3733ef4c466c44f4460a7_/lib/python3.11/site-packages/pandas/core/interchange/__init__.py	UNTRACKED		PROTECTED
final_report_files/snakemake-last-mile-tutorial/.snakemake/conda/c558ed442da3733ef4c466c44f4460a7_/lib/python3.11/site-packages/pandas/core/methods/__init__.py	UNTRACKED		PROTECTED
final_report_files/snakemake-last-mile-tutorial/.snakemake/conda/c558ed442da3733ef4c466c44f4460a7_/lib/python3.11/site-packages/pandas/core/reshape/__init__.py	UNTRACKED		PROTECTED
final_report_files/snakemake-last-mile-tutorial/.snakemake/conda/c558ed442da3733ef4c466c44f4460a7_/lib/python3.11/site-packages/pandas/core/sparse/__init__.py	UNTRACKED		PROTECTED
final_report_files/snakemake-last-mile-tutorial/.snakemake/conda/c558ed442da3733ef4c466c44f4460a7_/lib/python3.11/site-packages/pandas/core/tools/__init__.py	UNTRACKED		PROTECTED
final_report_files/snakemake-last-mile-tutorial/.snakemake/conda/c558ed442da3733ef4c466c44f4460a7_/lib/python3.11/site-packages/pandas/core/util/__init__.py	UNTRACKED		PROTECTED
final_report_files/snakemake-last-mile-tutorial/.snakemake/conda/c558ed442da3733ef4c466c44f4460a7_/lib/python3.11/site-packages/pandas/tests/__init__.py	UNTRACKED		PROTECTED
final_report_files/snakemake-last-mile-tutorial/.snakemake/conda/c558ed442da3733ef4c466c44f4460a7_/lib/python3.11/site-packages/pandas/tests/api/__init__.py	UNTRACKED		PROTECTED
final_report_files/snakemake-last-mile-tutorial/.snakemake/conda/c558ed442da3733ef4c466c44f4460a7_/lib/python3.11/site-packages/pandas/tests/apply/__init__.py	UNTRACKED		PROTECTED
final_report_files/snakemake-last-mile-tutorial/.snakemake/conda/c558ed442da3733ef4c466c44f4460a7_/lib/python3.11/site-packages/pandas/tests/arithmetic/__init__.py	UNTRACKED		PROTECTED
final_report_files/snakemake-last-mile-tutorial/.snakemake/conda/c558ed442da3733ef4c466c44f4460a7_/lib/python3.11/site-packages/pandas/tests/arrays/__init__.py	UNTRACKED		PROTECTED
final_report_files/snakemake-last-mile-tutorial/.snakemake/conda/c558ed442da3733ef4c466c44f4460a7_/lib/python3.11/site-packages/pandas/tests/arrays/boolean/__init__.py	UNTRACKED		PROTECTED
final_report_files/snakemake-last-mile-tutorial/.snakemake/conda/c558ed442da3733ef4c466c44f4460a7_/lib/python3.11/site-packages/pandas/tests/arrays/categorical/__init__.py	UNTRACKED		PROTECTED
final_report_files/snakemake-last-mile-tutorial/.snakemake/conda/c558ed442da3733ef4c466c44f4460a7_/lib/python3.11/site-packages/pandas/tests/arrays/datetimes/__init__.py	UNTRACKED		PROTECTED
final_report_files/snakemake-last-mile-tutorial/.snakemake/conda/c558ed442da3733ef4c466c44f4460a7_/lib/python3.11/site-packages/pandas/tests/arrays/floating/__init__.py	UNTRACKED		PROTECTED
final_report_files/snakemake-last-mile-tutorial/.snakemake/conda/c558ed442da3733ef4c466c44f4460a7_/lib/python3.11/site-packages/pandas/tests/arrays/integer/__init__.py	UNTRACKED		PROTECTED
final_report_files/snakemake-last-mile-tutorial/.snakemake/conda/c558ed442da3733ef4c466c44f4460a7_/lib/python3.11/site-packages/pandas/tests/arrays/interval/__init__.py	UNTRACKED		PROTECTED
final_report_files/snakemake-last-mile-tutorial/.snakemake/conda/c558ed442da3733ef4c466c44f4460a7_/lib/python3.11/site-packages/pandas/tests/arrays/masked/__init__.py	UNTRACKED		PROTECTED
final_report_files/snakemake-last-mile-tutorial/.snakemake/conda/c558ed442da3733ef4c466c44f4460a7_/lib/python3.11/site-packages/pandas/tests/arrays/numpy_/__init__.py	UNTRACKED		PROTECTED
final_report_files/snakemake-last-mile-tutorial/.snakemake/conda/c558ed442da3733ef4c466c44f4460a7_/lib/python3.11/site-packages/pandas/tests/arrays/period/__init__.py	UNTRACKED		PROTECTED
final_report_files/snakemake-last-mile-tutorial/.snakemake/conda/c558ed442da3733ef4c466c44f4460a7_/lib/python3.11/site-packages/pandas/tests/arrays/sparse/__init__.py	UNTRACKED		PROTECTED
final_report_files/snakemake-last-mile-tutorial/.snakemake/conda/c558ed442da3733ef4c466c44f4460a7_/lib/python3.11/site-packages/pandas/tests/arrays/string_/__init__.py	UNTRACKED		PROTECTED
final_report_files/snakemake-last-mile-tutorial/.snakemake/conda/c558ed442da3733ef4c466c44f4460a7_/lib/python3.11/site-packages/pandas/tests/arrays/timedeltas/__init__.py	UNTRACKED		PROTECTED
final_report_files/snakemake-last-mile-tutorial/.snakemake/conda/c558ed442da3733ef4c466c44f4460a7_/lib/python3.11/site-packages/pandas/tests/base/__init__.py	UNTRACKED		PROTECTED
final_report_files/snakemake-last-mile-tutorial/.snakemake/conda/c558ed442da3733ef4c466c44f4460a7_/lib/python3.11/site-packages/pandas/tests/computation/__init__.py	UNTRACKED		PROTECTED
final_report_files/snakemake-last-mile-tutorial/.snakemake/conda/c558ed442da3733ef4c466c44f4460a7_/lib/python3.11/site-packages/pandas/tests/config/__init__.py	UNTRACKED		PROTECTED
final_report_files/snakemake-last-mile-tutorial/.snakemake/conda/c558ed442da3733ef4c466c44f4460a7_/lib/python3.11/site-packages/pandas/tests/construction/__init__.py	UNTRACKED		PROTECTED
final_report_files/snakemake-last-mile-tutorial/.snakemake/conda/c558ed442da3733ef4c466c44f4460a7_/lib/python3.11/site-packages/pandas/tests/copy_view/__init__.py	UNTRACKED		PROTECTED
final_report_files/snakemake-last-mile-tutorial/.snakemake/conda/c558ed442da3733ef4c466c44f4460a7_/lib/python3.11/site-packages/pandas/tests/copy_view/index/__init__.py	UNTRACKED		PROTECTED
final_report_files/snakemake-last-mile-tutorial/.snakemake/conda/c558ed442da3733ef4c466c44f4460a7_/lib/python3.11/site-packages/pandas/tests/dtypes/__init__.py	UNTRACKED		PROTECTED
final_report_files/snakemake-last-mile-tutorial/.snakemake/conda/c558ed442da3733ef4c466c44f4460a7_/lib/python3.11/site-packages/pandas/tests/dtypes/cast/__init__.py	UNTRACKED		PROTECTED
final_report_files/snakemake-last-mile-tutorial/.snakemake/conda/c558ed442da3733ef4c466c44f4460a7_/lib/python3.11/site-packages/pandas/tests/extension/__init__.py	UNTRACKED		PROTECTED
final_report_files/snakemake-last-mile-tutorial/.snakemake/conda/c558ed442da3733ef4c466c44f4460a7_/lib/python3.11/site-packages/pandas/tests/extension/uuid/__init__.py	UNTRACKED		PROTECTED
final_report_files/snakemake-last-mile-tutorial/.snakemake/conda/c558ed442da3733ef4c466c44f4460a7_/lib/python3.11/site-packages/pandas/tests/frame/__init__.py	UNTRACKED		PROTECTED
final_report_files/snakemake-last-mile-tutorial/.snakemake/conda/c558ed442da3733ef4c466c44f4460a7_/lib/python3.11/site-packages/pandas/tests/frame/constructors/__init__.py	UNTRACKED		PROTECTED
final_report_files/snakemake-last-mile-tutorial/.snakemake/conda/c558ed442da3733ef4c466c44f4460a7_/lib/python3.11/site-packages/pandas/tests/frame/indexing/__init__.py	UNTRACKED		PROTECTED
final_report_files/snakemake-last-mile-tutorial/.snakemake/conda/c558ed442da3733ef4c466c44f4460a7_/lib/python3.11/site-packages/pandas/tests/generic/__init__.py	UNTRACKED		PROTECTED
final_report_files/snakemake-last-mile-tutorial/.snakemake/conda/c558ed442da3733ef4c466c44f4460a7_/lib/python3.11/site-packages/pandas/tests/groupby/aggregate/__init__.py	UNTRACKED		PROTECTED
final_report_files/snakemake-last-mile-tutorial/.snakemake/conda/c558ed442da3733ef4c466c44f4460a7_/lib/python3.11/site-packages/pandas/tests/groupby/methods/__init__.py	UNTRACKED		PROTECTED
final_report_files/snakemake-last-mile-tutorial/.snakemake/conda/c558ed442da3733ef4c466c44f4460a7_/lib/python3.11/site-packages/pandas/tests/groupby/transform/__init__.py	UNTRACKED		PROTECTED
final_report_files/snakemake-last-mile-tutorial/.snakemake/conda/c558ed442da3733ef4c466c44f4460a7_/lib/python3.11/site-packages/pandas/tests/indexes/__init__.py	UNTRACKED		PROTECTED
final_report_files/snakemake-last-mile-tutorial/.snakemake/conda/c558ed442da3733ef4c466c44f4460a7_/lib/python3.11/site-packages/pandas/tests/indexes/base_class/__init__.py	UNTRACKED		PROTECTED
final_report_files/snakemake-last-mile-tutorial/.snakemake/conda/c558ed442da3733ef4c466c44f4460a7_/lib/python3.11/site-packages/pandas/tests/indexes/categorical/__init__.py	UNTRACKED		PROTECTED
final_report_files/snakemake-last-mile-tutorial/.snakemake/conda/c558ed442da3733ef4c466c44f4460a7_/lib/python3.11/site-packages/pandas/tests/indexes/datetimelike_/__init__.py	UNTRACKED		PROTECTED
final_report_files/snakemake-last-mile-tutorial/.snakemake/conda/c558ed442da3733ef4c466c44f4460a7_/lib/python3.11/site-packages/pandas/tests/indexes/datetimes/__init__.py	UNTRACKED		PROTECTED
final_report_files/snakemake-last-mile-tutorial/.snakemake/conda/c558ed442da3733ef4c466c44f4460a7_/lib/python3.11/site-packages/pandas/tests/indexes/datetimes/methods/__init__.py	UNTRACKED		PROTECTED
final_report_files/snakemake-last-mile-tutorial/.snakemake/conda/c558ed442da3733ef4c466c44f4460a7_/lib/python3.11/site-packages/pandas/tests/indexes/interval/__init__.py	UNTRACKED		PROTECTED
final_report_files/snakemake-last-mile-tutorial/.snakemake/conda/c558ed442da3733ef4c466c44f4460a7_/lib/python3.11/site-packages/pandas/tests/indexes/multi/__init__.py	UNTRACKED		PROTECTED
final_report_files/snakemake-last-mile-tutorial/.snakemake/conda/c558ed442da3733ef4c466c44f4460a7_/lib/python3.11/site-packages/pandas/tests/indexes/numeric/__init__.py	UNTRACKED		PROTECTED
final_report_files/snakemake-last-mile-tutorial/.snakemake/conda/c558ed442da3733ef4c466c44f4460a7_/lib/python3.11/site-packages/pandas/tests/indexes/object/__init__.py	UNTRACKED		PROTECTED
final_report_files/snakemake-last-mile-tutorial/.snakemake/conda/c558ed442da3733ef4c466c44f4460a7_/lib/python3.11/site-packages/pandas/tests/indexes/period/__init__.py	UNTRACKED		PROTECTED
final_report_files/snakemake-last-mile-tutorial/.snakemake/conda/c558ed442da3733ef4c466c44f4460a7_/lib/python3.11/site-packages/pandas/tests/indexes/period/methods/__init__.py	UNTRACKED		PROTECTED
final_report_files/snakemake-last-mile-tutorial/.snakemake/conda/c558ed442da3733ef4c466c44f4460a7_/lib/python3.11/site-packages/pandas/tests/indexes/ranges/__init__.py	UNTRACKED		PROTECTED
final_report_files/snakemake-last-mile-tutorial/.snakemake/conda/c558ed442da3733ef4c466c44f4460a7_/lib/python3.11/site-packages/pandas/tests/indexes/string/__init__.py	UNTRACKED		PROTECTED
final_report_files/snakemake-last-mile-tutorial/.snakemake/conda/c558ed442da3733ef4c466c44f4460a7_/lib/python3.11/site-packages/pandas/tests/indexes/timedeltas/__init__.py	UNTRACKED		PROTECTED
final_report_files/snakemake-last-mile-tutorial/.snakemake/conda/c558ed442da3733ef4c466c44f4460a7_/lib/python3.11/site-packages/pandas/tests/indexes/timedeltas/methods/__init__.py	UNTRACKED		PROTECTED
final_report_files/snakemake-last-mile-tutorial/.snakemake/conda/c558ed442da3733ef4c466c44f4460a7_/lib/python3.11/site-packages/pandas/tests/indexing/__init__.py	UNTRACKED		PROTECTED
final_report_files/snakemake-last-mile-tutorial/.snakemake/conda/c558ed442da3733ef4c466c44f4460a7_/lib/python3.11/site-packages/pandas/tests/indexing/interval/__init__.py	UNTRACKED		PROTECTED
final_report_files/snakemake-last-mile-tutorial/.snakemake/conda/c558ed442da3733ef4c466c44f4460a7_/lib/python3.11/site-packages/pandas/tests/indexing/multiindex/__init__.py	UNTRACKED		PROTECTED
final_report_files/snakemake-last-mile-tutorial/.snakemake/conda/c558ed442da3733ef4c466c44f4460a7_/lib/python3.11/site-packages/pandas/tests/interchange/__init__.py	UNTRACKED		PROTECTED
final_report_files/snakemake-last-mile-tutorial/.snakemake/conda/c558ed442da3733ef4c466c44f4460a7_/lib/python3.11/site-packages/pandas/tests/internals/__init__.py	UNTRACKED		PROTECTED
final_report_files/snakemake-last-mile-tutorial/.snakemake/conda/c558ed442da3733ef4c466c44f4460a7_/lib/python3.11/site-packages/pandas/tests/io/__init__.py	UNTRACKED		PROTECTED
final_report_files/snakemake-last-mile-tutorial/.snakemake/conda/c558ed442da3733ef4c466c44f4460a7_/lib/python3.11/site-packages/pandas/tests/io/excel/__init__.py	UNTRACKED		PROTECTED
final_report_files/snakemake-last-mile-tutorial/.snakemake/conda/c558ed442da3733ef4c466c44f4460a7_/lib/python3.11/site-packages/pandas/tests/io/formats/__init__.py	UNTRACKED		PROTECTED
final_report_files/snakemake-last-mile-tutorial/.snakemake/conda/c558ed442da3733ef4c466c44f4460a7_/lib/python3.11/site-packages/pandas/tests/io/formats/style/__init__.py	UNTRACKED		PROTECTED
final_report_files/snakemake-last-mile-tutorial/.snakemake/conda/c558ed442da3733ef4c466c44f4460a7_/lib/python3.11/site-packages/pandas/tests/io/json/__init__.py	UNTRACKED		PROTECTED
final_report_files/snakemake-last-mile-tutorial/.snakemake/conda/c558ed442da3733ef4c466c44f4460a7_/lib/python3.11/site-packages/pandas/tests/io/parser/__init__.py	UNTRACKED		PROTECTED
final_report_files/snakemake-last-mile-tutorial/.snakemake/conda/c558ed442da3733ef4c466c44f4460a7_/lib/python3.11/site-packages/pandas/tests/io/parser/common/__init__.py	UNTRACKED		PROTECTED
final_report_files/snakemake-last-mile-tutorial/.snakemake/conda/c558ed442da3733ef4c466c44f4460a7_/lib/python3.11/site-packages/pandas/tests/io/parser/dtypes/__init__.py	UNTRACKED		PROTECTED
final_report_files/snakemake-last-mile-tutorial/.snakemake/conda/c558ed442da3733ef4c466c44f4460a7_/lib/python3.11/site-packages/pandas/tests/io/parser/usecols/__init__.py	UNTRACKED		PROTECTED
final_report_files/snakemake-last-mile-tutorial/.snakemake/conda/c558ed442da3733ef4c466c44f4460a7_/lib/python3.11/site-packages/pandas/tests/io/pytables/__init__.py	UNTRACKED		PROTECTED
final_report_files/snakemake-last-mile-tutorial/.snakemake/conda/c558ed442da3733ef4c466c44f4460a7_/lib/python3.11/site-packages/pandas/tests/io/pytables/common.py	UNTRACKED		PROTECTED
final_report_files/snakemake-last-mile-tutorial/.snakemake/conda/c558ed442da3733ef4c466c44f4460a7_/lib/python3.11/site-packages/pandas/tests/io/sas/__init__.py	UNTRACKED		PROTECTED
final_report_files/snakemake-last-mile-tutorial/.snakemake/conda/c558ed442da3733ef4c466c44f4460a7_/lib/python3.11/site-packages/pandas/tests/io/xml/__init__.py	UNTRACKED		PROTECTED
final_report_files/snakemake-last-mile-tutorial/.snakemake/conda/c558ed442da3733ef4c466c44f4460a7_/lib/python3.11/site-packages/pandas/tests/libs/__init__.py	UNTRACKED		PROTECTED
final_report_files/snakemake-last-mile-tutorial/.snakemake/conda/c558ed442da3733ef4c466c44f4460a7_/lib/python3.11/site-packages/pandas/tests/plotting/__init__.py	UNTRACKED		PROTECTED
final_report_files/snakemake-last-mile-tutorial/.snakemake/conda/c558ed442da3733ef4c466c44f4460a7_/lib/python3.11/site-packages/pandas/tests/plotting/frame/__init__.py	UNTRACKED		PROTECTED
final_report_files/snakemake-last-mile-tutorial/.snakemake/conda/c558ed442da3733ef4c466c44f4460a7_/lib/python3.11/site-packages/pandas/tests/resample/__init__.py	UNTRACKED		PROTECTED
final_report_files/snakemake-last-mile-tutorial/.snakemake/conda/c558ed442da3733ef4c466c44f4460a7_/lib/python3.11/site-packages/pandas/tests/reshape/__init__.py	UNTRACKED		PROTECTED
final_report_files/snakemake-last-mile-tutorial/.snakemake/conda/c558ed442da3733ef4c466c44f4460a7_/lib/python3.11/site-packages/pandas/tests/reshape/concat/__init__.py	UNTRACKED		PROTECTED
final_report_files/snakemake-last-mile-tutorial/.snakemake/conda/c558ed442da3733ef4c466c44f4460a7_/lib/python3.11/site-packages/pandas/tests/reshape/merge/__init__.py	UNTRACKED		PROTECTED
final_report_files/snakemake-last-mile-tutorial/.snakemake/conda/c558ed442da3733ef4c466c44f4460a7_/lib/python3.11/site-packages/pandas/tests/scalar/__init__.py	UNTRACKED		PROTECTED
final_report_files/snakemake-last-mile-tutorial/.snakemake/conda/c558ed442da3733ef4c466c44f4460a7_/lib/python3.11/site-packages/pandas/tests/scalar/interval/__init__.py	UNTRACKED		PROTECTED
final_report_files/snakemake-last-mile-tutorial/.snakemake/conda/c558ed442da3733ef4c466c44f4460a7_/lib/python3.11/site-packages/pandas/tests/scalar/period/__init__.py	UNTRACKED		PROTECTED
final_report_files/snakemake-last-mile-tutorial/.snakemake/conda/c558ed442da3733ef4c466c44f4460a7_/lib/python3.11/site-packages/pandas/tests/scalar/timedelta/__init__.py	UNTRACKED		PROTECTED
final_report_files/snakemake-last-mile-tutorial/.snakemake/conda/c558ed442da3733ef4c466c44f4460a7_/lib/python3.11/site-packages/pandas/tests/scalar/timedelta/methods/__init__.py	UNTRACKED		PROTECTED
final_report_files/snakemake-last-mile-tutorial/.snakemake/conda/c558ed442da3733ef4c466c44f4460a7_/lib/python3.11/site-packages/pandas/tests/scalar/timestamp/__init__.py	UNTRACKED		PROTECTED
final_report_files/snakemake-last-mile-tutorial/.snakemake/conda/c558ed442da3733ef4c466c44f4460a7_/lib/python3.11/site-packages/pandas/tests/scalar/timestamp/methods/__init__.py	UNTRACKED		PROTECTED
final_report_files/snakemake-last-mile-tutorial/.snakemake/conda/c558ed442da3733ef4c466c44f4460a7_/lib/python3.11/site-packages/pandas/tests/series/__init__.py	UNTRACKED		PROTECTED
final_report_files/snakemake-last-mile-tutorial/.snakemake/conda/c558ed442da3733ef4c466c44f4460a7_/lib/python3.11/site-packages/pandas/tests/series/accessors/__init__.py	UNTRACKED		PROTECTED
final_report_files/snakemake-last-mile-tutorial/.snakemake/conda/c558ed442da3733ef4c466c44f4460a7_/lib/python3.11/site-packages/pandas/tests/series/indexing/__init__.py	UNTRACKED		PROTECTED
final_report_files/snakemake-last-mile-tutorial/.snakemake/conda/c558ed442da3733ef4c466c44f4460a7_/lib/python3.11/site-packages/pandas/tests/tools/__init__.py	UNTRACKED		PROTECTED
final_report_files/snakemake-last-mile-tutorial/.snakemake/conda/c558ed442da3733ef4c466c44f4460a7_/lib/python3.11/site-packages/pandas/tests/tseries/__init__.py	UNTRACKED		PROTECTED
final_report_files/snakemake-last-mile-tutorial/.snakemake/conda/c558ed442da3733ef4c466c44f4460a7_/lib/python3.11/site-packages/pandas/tests/tseries/frequencies/__init__.py	UNTRACKED		PROTECTED
final_report_files/snakemake-last-mile-tutorial/.snakemake/conda/c558ed442da3733ef4c466c44f4460a7_/lib/python3.11/site-packages/pandas/tests/tseries/holiday/__init__.py	UNTRACKED		PROTECTED
final_report_files/snakemake-last-mile-tutorial/.snakemake/conda/c558ed442da3733ef4c466c44f4460a7_/lib/python3.11/site-packages/pandas/tests/tseries/offsets/__init__.py	UNTRACKED		PROTECTED
final_report_files/snakemake-last-mile-tutorial/.snakemake/conda/c558ed442da3733ef4c466c44f4460a7_/lib/python3.11/site-packages/pandas/tests/tslibs/__init__.py	UNTRACKED		PROTECTED
final_report_files/snakemake-last-mile-tutorial/.snakemake/conda/c558ed442da3733ef4c466c44f4460a7_/lib/python3.11/site-packages/pandas/tests/util/__init__.py	UNTRACKED		PROTECTED
final_report_files/snakemake-last-mile-tutorial/.snakemake/conda/c558ed442da3733ef4c466c44f4460a7_/lib/python3.11/site-packages/pandas/tests/window/__init__.py	UNTRACKED		PROTECTED
final_report_files/snakemake-last-mile-tutorial/.snakemake/conda/c558ed442da3733ef4c466c44f4460a7_/lib/python3.11/site-packages/pandas/tests/window/moments/__init__.py	UNTRACKED		PROTECTED
final_report_files/snakemake-last-mile-tutorial/.snakemake/conda/c558ed442da3733ef4c466c44f4460a7_/lib/python3.11/site-packages/pandocfilters-1.5.0.dist-info/REQUESTED	UNTRACKED		PROTECTED
final_report_files/snakemake-last-mile-tutorial/.snakemake/conda/c558ed442da3733ef4c466c44f4460a7_/lib/python3.11/site-packages/parso-0.8.7.dist-info/REQUESTED	UNTRACKED		PROTECTED
final_report_files/snakemake-last-mile-tutorial/.snakemake/conda/c558ed442da3733ef4c466c44f4460a7_/lib/python3.11/site-packages/parso/py.typed	UNTRACKED		PROTECTED
final_report_files/snakemake-last-mile-tutorial/.snakemake/conda/c558ed442da3733ef4c466c44f4460a7_/lib/python3.11/site-packages/parso/python/__init__.py	UNTRACKED		PROTECTED
final_report_files/snakemake-last-mile-tutorial/.snakemake/conda/c558ed442da3733ef4c466c44f4460a7_/lib/python3.11/site-packages/pexpect-4.9.0.dist-info/REQUESTED	UNTRACKED		PROTECTED
final_report_files/snakemake-last-mile-tutorial/.snakemake/conda/c558ed442da3733ef4c466c44f4460a7_/lib/python3.11/site-packages/platformdirs-4.11.0.dist-info/REQUESTED	UNTRACKED		PROTECTED
final_report_files/snakemake-last-mile-tutorial/.snakemake/conda/c558ed442da3733ef4c466c44f4460a7_/lib/python3.11/site-packages/platformdirs/py.typed	UNTRACKED		PROTECTED
final_report_files/snakemake-last-mile-tutorial/.snakemake/conda/c558ed442da3733ef4c466c44f4460a7_/lib/python3.11/site-packages/polars-1.1.0.dist-info/REQUESTED	UNTRACKED		PROTECTED
final_report_files/snakemake-last-mile-tutorial/.snakemake/conda/c558ed442da3733ef4c466c44f4460a7_/lib/python3.11/site-packages/polars/ml/__init__.py	UNTRACKED		PROTECTED
final_report_files/snakemake-last-mile-tutorial/.snakemake/conda/c558ed442da3733ef4c466c44f4460a7_/lib/python3.11/site-packages/polars/py.typed	UNTRACKED		PROTECTED
final_report_files/snakemake-last-mile-tutorial/.snakemake/conda/c558ed442da3733ef4c466c44f4460a7_/lib/python3.11/site-packages/portpicker-1.6.0.dist-info/REQUESTED	UNTRACKED		PROTECTED
final_report_files/snakemake-last-mile-tutorial/.snakemake/conda/c558ed442da3733ef4c466c44f4460a7_/lib/python3.11/site-packages/prometheus_client-0.26.0.dist-info/REQUESTED	UNTRACKED		PROTECTED
final_report_files/snakemake-last-mile-tutorial/.snakemake/conda/c558ed442da3733ef4c466c44f4460a7_/lib/python3.11/site-packages/prometheus_client/bridge/__init__.py	UNTRACKED		PROTECTED
final_report_files/snakemake-last-mile-tutorial/.snakemake/conda/c558ed442da3733ef4c466c44f4460a7_/lib/python3.11/site-packages/prometheus_client/openmetrics/__init__.py	UNTRACKED		PROTECTED
final_report_files/snakemake-last-mile-tutorial/.snakemake/conda/c558ed442da3733ef4c466c44f4460a7_/lib/python3.11/site-packages/prometheus_client/py.typed	UNTRACKED		PROTECTED
final_report_files/snakemake-last-mile-tutorial/.snakemake/conda/c558ed442da3733ef4c466c44f4460a7_/lib/python3.11/site-packages/prompt_toolkit-3.0.52.dist-info/REQUESTED	UNTRACKED		PROTECTED
final_report_files/snakemake-last-mile-tutorial/.snakemake/conda/c558ed442da3733ef4c466c44f4460a7_/lib/python3.11/site-packages/prompt_toolkit/contrib/__init__.py	UNTRACKED		PROTECTED
final_report_files/snakemake-last-mile-tutorial/.snakemake/conda/c558ed442da3733ef4c466c44f4460a7_/lib/python3.11/site-packages/prompt_toolkit/key_binding/bindings/__init__.py	UNTRACKED		PROTECTED
final_report_files/snakemake-last-mile-tutorial/.snakemake/conda/c558ed442da3733ef4c466c44f4460a7_/lib/python3.11/site-packages/prompt_toolkit/py.typed	UNTRACKED		PROTECTED
final_report_files/snakemake-last-mile-tutorial/.snakemake/conda/c558ed442da3733ef4c466c44f4460a7_/lib/python3.11/site-packages/protobuf-7.35.1.dist-info/REQUESTED	UNTRACKED		PROTECTED
final_report_files/snakemake-last-mile-tutorial/.snakemake/conda/c558ed442da3733ef4c466c44f4460a7_/lib/python3.11/site-packages/psutil-7.2.2.dist-info/REQUESTED	UNTRACKED		PROTECTED
final_report_files/snakemake-last-mile-tutorial/.snakemake/conda/c558ed442da3733ef4c466c44f4460a7_/lib/python3.11/site-packages/ptyprocess-0.7.0.dist-info/REQUESTED	UNTRACKED		PROTECTED
final_report_files/snakemake-last-mile-tutorial/.snakemake/conda/c558ed442da3733ef4c466c44f4460a7_/lib/python3.11/site-packages/pure_eval-0.2.3.dist-info/REQUESTED	UNTRACKED		PROTECTED
final_report_files/snakemake-last-mile-tutorial/.snakemake/conda/c558ed442da3733ef4c466c44f4460a7_/lib/python3.11/site-packages/pyarrow-25.0.0.dist-info/REQUESTED	UNTRACKED		PROTECTED
final_report_files/snakemake-last-mile-tutorial/.snakemake/conda/c558ed442da3733ef4c466c44f4460a7_/lib/python3.11/site-packages/pyarrow/includes/__init__.pxd	UNTRACKED		PROTECTED
final_report_files/snakemake-last-mile-tutorial/.snakemake/conda/c558ed442da3733ef4c466c44f4460a7_/lib/python3.11/site-packages/pycparser-3.0.dist-info/REQUESTED	UNTRACKED		PROTECTED
final_report_files/snakemake-last-mile-tutorial/.snakemake/conda/c558ed442da3733ef4c466c44f4460a7_/lib/python3.11/site-packages/pygments-2.20.0.dist-info/REQUESTED	UNTRACKED		PROTECTED
final_report_files/snakemake-last-mile-tutorial/.snakemake/conda/c558ed442da3733ef4c466c44f4460a7_/lib/python3.11/site-packages/python_dateutil-2.9.0.post0.dist-info/REQUESTED	UNTRACKED		PROTECTED
final_report_files/snakemake-last-mile-tutorial/.snakemake/conda/c558ed442da3733ef4c466c44f4460a7_/lib/python3.11/site-packages/python_json_logger-4.1.0.dist-info/REQUESTED	UNTRACKED		PROTECTED
final_report_files/snakemake-last-mile-tutorial/.snakemake/conda/c558ed442da3733ef4c466c44f4460a7_/lib/python3.11/site-packages/pyyaml-6.0.3.dist-info/REQUESTED	UNTRACKED		PROTECTED
final_report_files/snakemake-last-mile-tutorial/.snakemake/conda/c558ed442da3733ef4c466c44f4460a7_/lib/python3.11/site-packages/pyzmq-27.1.0.dist-info/REQUESTED	UNTRACKED		PROTECTED
final_report_files/snakemake-last-mile-tutorial/.snakemake/conda/c558ed442da3733ef4c466c44f4460a7_/lib/python3.11/site-packages/referencing-0.37.0.dist-info/REQUESTED	UNTRACKED		PROTECTED
final_report_files/snakemake-last-mile-tutorial/.snakemake/conda/c558ed442da3733ef4c466c44f4460a7_/lib/python3.11/site-packages/referencing/py.typed	UNTRACKED		PROTECTED
final_report_files/snakemake-last-mile-tutorial/.snakemake/conda/c558ed442da3733ef4c466c44f4460a7_/lib/python3.11/site-packages/referencing/tests/__init__.py	UNTRACKED		PROTECTED
final_report_files/snakemake-last-mile-tutorial/.snakemake/conda/c558ed442da3733ef4c466c44f4460a7_/lib/python3.11/site-packages/requests-2.34.2.dist-info/REQUESTED	UNTRACKED		PROTECTED
final_report_files/snakemake-last-mile-tutorial/.snakemake/conda/c558ed442da3733ef4c466c44f4460a7_/lib/python3.11/site-packages/requests/py.typed	UNTRACKED		PROTECTED
final_report_files/snakemake-last-mile-tutorial/.snakemake/conda/c558ed442da3733ef4c466c44f4460a7_/lib/python3.11/site-packages/rfc3339_validator-0.1.4.dist-info/REQUESTED	UNTRACKED		PROTECTED
final_report_files/snakemake-last-mile-tutorial/.snakemake/conda/c558ed442da3733ef4c466c44f4460a7_/lib/python3.11/site-packages/rfc3986_validator-0.1.1.dist-info/REQUESTED	UNTRACKED		PROTECTED
final_report_files/snakemake-last-mile-tutorial/.snakemake/conda/c558ed442da3733ef4c466c44f4460a7_/lib/python3.11/site-packages/rfc3987_syntax-1.1.0.dist-info/REQUESTED	UNTRACKED		PROTECTED
final_report_files/snakemake-last-mile-tutorial/.snakemake/conda/c558ed442da3733ef4c466c44f4460a7_/lib/python3.11/site-packages/rpds/py.typed	UNTRACKED		PROTECTED
final_report_files/snakemake-last-mile-tutorial/.snakemake/conda/c558ed442da3733ef4c466c44f4460a7_/lib/python3.11/site-packages/rpds_py-2026.6.3.dist-info/REQUESTED	UNTRACKED		PROTECTED
final_report_files/snakemake-last-mile-tutorial/.snakemake/conda/c558ed442da3733ef4c466c44f4460a7_/lib/python3.11/site-packages/selenium-4.46.0.dist-info/REQUESTED	UNTRACKED		PROTECTED
final_report_files/snakemake-last-mile-tutorial/.snakemake/conda/c558ed442da3733ef4c466c44f4460a7_/lib/python3.11/site-packages/selenium/py.typed	UNTRACKED		PROTECTED
final_report_files/snakemake-last-mile-tutorial/.snakemake/conda/c558ed442da3733ef4c466c44f4460a7_/lib/python3.11/site-packages/selenium/webdriver/common/devtools/__init__.py	UNTRACKED		PROTECTED
final_report_files/snakemake-last-mile-tutorial/.snakemake/conda/c558ed442da3733ef4c466c44f4460a7_/lib/python3.11/site-packages/selenium/webdriver/common/devtools/v148/py.typed	UNTRACKED		PROTECTED
final_report_files/snakemake-last-mile-tutorial/.snakemake/conda/c558ed442da3733ef4c466c44f4460a7_/lib/python3.11/site-packages/selenium/webdriver/common/devtools/v149/py.typed	UNTRACKED		PROTECTED
final_report_files/snakemake-last-mile-tutorial/.snakemake/conda/c558ed442da3733ef4c466c44f4460a7_/lib/python3.11/site-packages/selenium/webdriver/common/devtools/v150/py.typed	UNTRACKED		PROTECTED
final_report_files/snakemake-last-mile-tutorial/.snakemake/conda/c558ed442da3733ef4c466c44f4460a7_/lib/python3.11/site-packages/send2trash-2.1.0.dist-info/REQUESTED	UNTRACKED		PROTECTED
final_report_files/snakemake-last-mile-tutorial/.snakemake/conda/c558ed442da3733ef4c466c44f4460a7_/lib/python3.11/site-packages/setuptools/_distutils/tests/compat/__init__.py	UNTRACKED		PROTECTED
final_report_files/snakemake-last-mile-tutorial/.snakemake/conda/c558ed442da3733ef4c466c44f4460a7_/lib/python3.11/site-packages/setuptools/_distutils/tests/test_versionpredicate.py	UNTRACKED		PROTECTED
final_report_files/snakemake-last-mile-tutorial/.snakemake/conda/c558ed442da3733ef4c466c44f4460a7_/lib/python3.11/site-packages/setuptools/_vendor/.lock	UNTRACKED	MARKER	PROTECTED
final_report_files/snakemake-last-mile-tutorial/.snakemake/conda/c558ed442da3733ef4c466c44f4460a7_/lib/python3.11/site-packages/setuptools/_vendor/autocommand-2.2.2.dist-info/REQUESTED	UNTRACKED		PROTECTED
final_report_files/snakemake-last-mile-tutorial/.snakemake/conda/c558ed442da3733ef4c466c44f4460a7_/lib/python3.11/site-packages/setuptools/_vendor/backports.tarfile-1.2.0.dist-info/REQUESTED	UNTRACKED		PROTECTED
final_report_files/snakemake-last-mile-tutorial/.snakemake/conda/c558ed442da3733ef4c466c44f4460a7_/lib/python3.11/site-packages/setuptools/_vendor/backports/tarfile/compat/__init__.py	UNTRACKED		PROTECTED
final_report_files/snakemake-last-mile-tutorial/.snakemake/conda/c558ed442da3733ef4c466c44f4460a7_/lib/python3.11/site-packages/setuptools/_vendor/importlib_metadata-8.7.1.dist-info/REQUESTED	UNTRACKED		PROTECTED
final_report_files/snakemake-last-mile-tutorial/.snakemake/conda/c558ed442da3733ef4c466c44f4460a7_/lib/python3.11/site-packages/setuptools/_vendor/importlib_metadata/compat/__init__.py	UNTRACKED		PROTECTED
final_report_files/snakemake-last-mile-tutorial/.snakemake/conda/c558ed442da3733ef4c466c44f4460a7_/lib/python3.11/site-packages/setuptools/_vendor/importlib_metadata/py.typed	UNTRACKED		PROTECTED
final_report_files/snakemake-last-mile-tutorial/.snakemake/conda/c558ed442da3733ef4c466c44f4460a7_/lib/python3.11/site-packages/setuptools/_vendor/jaraco.text-4.0.0.dist-info/REQUESTED	UNTRACKED		PROTECTED
final_report_files/snakemake-last-mile-tutorial/.snakemake/conda/c558ed442da3733ef4c466c44f4460a7_/lib/python3.11/site-packages/setuptools/_vendor/jaraco/context/py.typed	UNTRACKED		PROTECTED
final_report_files/snakemake-last-mile-tutorial/.snakemake/conda/c558ed442da3733ef4c466c44f4460a7_/lib/python3.11/site-packages/setuptools/_vendor/jaraco/functools/py.typed	UNTRACKED		PROTECTED
final_report_files/snakemake-last-mile-tutorial/.snakemake/conda/c558ed442da3733ef4c466c44f4460a7_/lib/python3.11/site-packages/setuptools/_vendor/jaraco_context-6.1.0.dist-info/REQUESTED	UNTRACKED		PROTECTED
final_report_files/snakemake-last-mile-tutorial/.snakemake/conda/c558ed442da3733ef4c466c44f4460a7_/lib/python3.11/site-packages/setuptools/_vendor/jaraco_functools-4.4.0.dist-info/REQUESTED	UNTRACKED		PROTECTED
final_report_files/snakemake-last-mile-tutorial/.snakemake/conda/c558ed442da3733ef4c466c44f4460a7_/lib/python3.11/site-packages/setuptools/_vendor/more_itertools-10.8.0.dist-info/REQUESTED	UNTRACKED		PROTECTED
final_report_files/snakemake-last-mile-tutorial/.snakemake/conda/c558ed442da3733ef4c466c44f4460a7_/lib/python3.11/site-packages/setuptools/_vendor/more_itertools/py.typed	UNTRACKED		PROTECTED
final_report_files/snakemake-last-mile-tutorial/.snakemake/conda/c558ed442da3733ef4c466c44f4460a7_/lib/python3.11/site-packages/setuptools/_vendor/packaging-26.0.dist-info/REQUESTED	UNTRACKED		PROTECTED
final_report_files/snakemake-last-mile-tutorial/.snakemake/conda/c558ed442da3733ef4c466c44f4460a7_/lib/python3.11/site-packages/setuptools/_vendor/packaging/py.typed	UNTRACKED		PROTECTED
final_report_files/snakemake-last-mile-tutorial/.snakemake/conda/c558ed442da3733ef4c466c44f4460a7_/lib/python3.11/site-packages/setuptools/_vendor/platformdirs-4.4.0.dist-info/REQUESTED	UNTRACKED		PROTECTED
final_report_files/snakemake-last-mile-tutorial/.snakemake/conda/c558ed442da3733ef4c466c44f4460a7_/lib/python3.11/site-packages/setuptools/_vendor/platformdirs/py.typed	UNTRACKED		PROTECTED
final_report_files/snakemake-last-mile-tutorial/.snakemake/conda/c558ed442da3733ef4c466c44f4460a7_/lib/python3.11/site-packages/setuptools/_vendor/tomli-2.4.0.dist-info/REQUESTED	UNTRACKED		PROTECTED
final_report_files/snakemake-last-mile-tutorial/.snakemake/conda/c558ed442da3733ef4c466c44f4460a7_/lib/python3.11/site-packages/setuptools/_vendor/wheel-0.46.3.dist-info/REQUESTED	UNTRACKED		PROTECTED
final_report_files/snakemake-last-mile-tutorial/.snakemake/conda/c558ed442da3733ef4c466c44f4460a7_/lib/python3.11/site-packages/setuptools/_vendor/zipp-3.23.0.dist-info/REQUESTED	UNTRACKED		PROTECTED
final_report_files/snakemake-last-mile-tutorial/.snakemake/conda/c558ed442da3733ef4c466c44f4460a7_/lib/python3.11/site-packages/setuptools/_vendor/zipp/compat/__init__.py	UNTRACKED		PROTECTED
final_report_files/snakemake-last-mile-tutorial/.snakemake/conda/c558ed442da3733ef4c466c44f4460a7_/lib/python3.11/site-packages/setuptools/compat/__init__.py	UNTRACKED		PROTECTED
final_report_files/snakemake-last-mile-tutorial/.snakemake/conda/c558ed442da3733ef4c466c44f4460a7_/lib/python3.11/site-packages/setuptools/tests/compat/__init__.py	UNTRACKED		PROTECTED
final_report_files/snakemake-last-mile-tutorial/.snakemake/conda/c558ed442da3733ef4c466c44f4460a7_/lib/python3.11/site-packages/setuptools/tests/config/__init__.py	UNTRACKED		PROTECTED
final_report_files/snakemake-last-mile-tutorial/.snakemake/conda/c558ed442da3733ef4c466c44f4460a7_/lib/python3.11/site-packages/setuptools/tests/integration/__init__.py	UNTRACKED		PROTECTED
final_report_files/snakemake-last-mile-tutorial/.snakemake/conda/c558ed442da3733ef4c466c44f4460a7_/lib/python3.11/site-packages/six-1.17.0.dist-info/REQUESTED	UNTRACKED		PROTECTED
final_report_files/snakemake-last-mile-tutorial/.snakemake/conda/c558ed442da3733ef4c466c44f4460a7_/lib/python3.11/site-packages/sniffio-1.3.1.dist-info/REQUESTED	UNTRACKED		PROTECTED
final_report_files/snakemake-last-mile-tutorial/.snakemake/conda/c558ed442da3733ef4c466c44f4460a7_/lib/python3.11/site-packages/sniffio/_tests/__init__.py	UNTRACKED		PROTECTED
final_report_files/snakemake-last-mile-tutorial/.snakemake/conda/c558ed442da3733ef4c466c44f4460a7_/lib/python3.11/site-packages/sniffio/py.typed	UNTRACKED		PROTECTED
final_report_files/snakemake-last-mile-tutorial/.snakemake/conda/c558ed442da3733ef4c466c44f4460a7_/lib/python3.11/site-packages/sortedcontainers-2.4.0.dist-info/REQUESTED	UNTRACKED		PROTECTED
final_report_files/snakemake-last-mile-tutorial/.snakemake/conda/c558ed442da3733ef4c466c44f4460a7_/lib/python3.11/site-packages/soupsieve-2.9.1.dist-info/REQUESTED	UNTRACKED		PROTECTED
final_report_files/snakemake-last-mile-tutorial/.snakemake/conda/c558ed442da3733ef4c466c44f4460a7_/lib/python3.11/site-packages/soupsieve/py.typed	UNTRACKED		PROTECTED
final_report_files/snakemake-last-mile-tutorial/.snakemake/conda/c558ed442da3733ef4c466c44f4460a7_/lib/python3.11/site-packages/stack_data-0.6.3.dist-info/REQUESTED	UNTRACKED		PROTECTED
final_report_files/snakemake-last-mile-tutorial/.snakemake/conda/c558ed442da3733ef4c466c44f4460a7_/lib/python3.11/site-packages/terminado-0.18.1.dist-info/REQUESTED	UNTRACKED		PROTECTED
final_report_files/snakemake-last-mile-tutorial/.snakemake/conda/c558ed442da3733ef4c466c44f4460a7_/lib/python3.11/site-packages/terminado/py.typed	UNTRACKED		PROTECTED
final_report_files/snakemake-last-mile-tutorial/.snakemake/conda/c558ed442da3733ef4c466c44f4460a7_/lib/python3.11/site-packages/tinycss2-1.4.0.dist-info/REQUESTED	UNTRACKED		PROTECTED
final_report_files/snakemake-last-mile-tutorial/.snakemake/conda/c558ed442da3733ef4c466c44f4460a7_/lib/python3.11/site-packages/tomli-2.4.1.dist-info/REQUESTED	UNTRACKED		PROTECTED
final_report_files/snakemake-last-mile-tutorial/.snakemake/conda/c558ed442da3733ef4c466c44f4460a7_/lib/python3.11/site-packages/toolz-1.1.0.dist-info/REQUESTED	UNTRACKED		PROTECTED
final_report_files/snakemake-last-mile-tutorial/.snakemake/conda/c558ed442da3733ef4c466c44f4460a7_/lib/python3.11/site-packages/toolz/sandbox/tests/__init__.py	UNTRACKED		PROTECTED
final_report_files/snakemake-last-mile-tutorial/.snakemake/conda/c558ed442da3733ef4c466c44f4460a7_/lib/python3.11/site-packages/toolz/tests/__init__.py	UNTRACKED		PROTECTED
final_report_files/snakemake-last-mile-tutorial/.snakemake/conda/c558ed442da3733ef4c466c44f4460a7_/lib/python3.11/site-packages/tornado-6.5.7.dist-info/REQUESTED	UNTRACKED		PROTECTED
final_report_files/snakemake-last-mile-tutorial/.snakemake/conda/c558ed442da3733ef4c466c44f4460a7_/lib/python3.11/site-packages/tornado/platform/__init__.py	UNTRACKED		PROTECTED
final_report_files/snakemake-last-mile-tutorial/.snakemake/conda/c558ed442da3733ef4c466c44f4460a7_/lib/python3.11/site-packages/tornado/py.typed	UNTRACKED		PROTECTED
final_report_files/snakemake-last-mile-tutorial/.snakemake/conda/c558ed442da3733ef4c466c44f4460a7_/lib/python3.11/site-packages/tornado/test/__init__.py	UNTRACKED		PROTECTED
final_report_files/snakemake-last-mile-tutorial/.snakemake/conda/c558ed442da3733ef4c466c44f4460a7_/lib/python3.11/site-packages/traitlets-5.15.1.dist-info/REQUESTED	UNTRACKED		PROTECTED
final_report_files/snakemake-last-mile-tutorial/.snakemake/conda/c558ed442da3733ef4c466c44f4460a7_/lib/python3.11/site-packages/traitlets/py.typed	UNTRACKED		PROTECTED
final_report_files/snakemake-last-mile-tutorial/.snakemake/conda/c558ed442da3733ef4c466c44f4460a7_/lib/python3.11/site-packages/traitlets/tests/__init__.py	UNTRACKED		PROTECTED
final_report_files/snakemake-last-mile-tutorial/.snakemake/conda/c558ed442da3733ef4c466c44f4460a7_/lib/python3.11/site-packages/trio-0.33.0.dist-info/REQUESTED	UNTRACKED		PROTECTED
final_report_files/snakemake-last-mile-tutorial/.snakemake/conda/c558ed442da3733ef4c466c44f4460a7_/lib/python3.11/site-packages/trio/_core/_tests/__init__.py	UNTRACKED		PROTECTED
final_report_files/snakemake-last-mile-tutorial/.snakemake/conda/c558ed442da3733ef4c466c44f4460a7_/lib/python3.11/site-packages/trio/_tests/__init__.py	UNTRACKED		PROTECTED
final_report_files/snakemake-last-mile-tutorial/.snakemake/conda/c558ed442da3733ef4c466c44f4460a7_/lib/python3.11/site-packages/trio/_tests/tools/__init__.py	UNTRACKED		PROTECTED
final_report_files/snakemake-last-mile-tutorial/.snakemake/conda/c558ed442da3733ef4c466c44f4460a7_/lib/python3.11/site-packages/trio/_tools/__init__.py	UNTRACKED		PROTECTED
final_report_files/snakemake-last-mile-tutorial/.snakemake/conda/c558ed442da3733ef4c466c44f4460a7_/lib/python3.11/site-packages/trio/py.typed	UNTRACKED		PROTECTED
final_report_files/snakemake-last-mile-tutorial/.snakemake/conda/c558ed442da3733ef4c466c44f4460a7_/lib/python3.11/site-packages/trio_websocket-0.12.2.dist-info/REQUESTED	UNTRACKED		PROTECTED
final_report_files/snakemake-last-mile-tutorial/.snakemake/conda/c558ed442da3733ef4c466c44f4460a7_/lib/python3.11/site-packages/trio_websocket/py.typed	UNTRACKED		PROTECTED
final_report_files/snakemake-last-mile-tutorial/.snakemake/conda/c558ed442da3733ef4c466c44f4460a7_/lib/python3.11/site-packages/typing_extensions-4.16.0.dist-info/REQUESTED	UNTRACKED		PROTECTED
final_report_files/snakemake-last-mile-tutorial/.snakemake/conda/c558ed442da3733ef4c466c44f4460a7_/lib/python3.11/site-packages/typing_utils-0.1.0.dist-info/REQUESTED	UNTRACKED		PROTECTED
final_report_files/snakemake-last-mile-tutorial/.snakemake/conda/c558ed442da3733ef4c466c44f4460a7_/lib/python3.11/site-packages/tzdata-2026.3.dist-info/REQUESTED	UNTRACKED		PROTECTED
final_report_files/snakemake-last-mile-tutorial/.snakemake/conda/c558ed442da3733ef4c466c44f4460a7_/lib/python3.11/site-packages/tzdata/zoneinfo/Africa/__init__.py	UNTRACKED		PROTECTED
final_report_files/snakemake-last-mile-tutorial/.snakemake/conda/c558ed442da3733ef4c466c44f4460a7_/lib/python3.11/site-packages/tzdata/zoneinfo/America/Argentina/__init__.py	UNTRACKED		PROTECTED
final_report_files/snakemake-last-mile-tutorial/.snakemake/conda/c558ed442da3733ef4c466c44f4460a7_/lib/python3.11/site-packages/tzdata/zoneinfo/America/Indiana/__init__.py	UNTRACKED		PROTECTED
final_report_files/snakemake-last-mile-tutorial/.snakemake/conda/c558ed442da3733ef4c466c44f4460a7_/lib/python3.11/site-packages/tzdata/zoneinfo/America/Kentucky/__init__.py	UNTRACKED		PROTECTED
final_report_files/snakemake-last-mile-tutorial/.snakemake/conda/c558ed442da3733ef4c466c44f4460a7_/lib/python3.11/site-packages/tzdata/zoneinfo/America/North_Dakota/__init__.py	UNTRACKED		PROTECTED
final_report_files/snakemake-last-mile-tutorial/.snakemake/conda/c558ed442da3733ef4c466c44f4460a7_/lib/python3.11/site-packages/tzdata/zoneinfo/America/__init__.py	UNTRACKED		PROTECTED
final_report_files/snakemake-last-mile-tutorial/.snakemake/conda/c558ed442da3733ef4c466c44f4460a7_/lib/python3.11/site-packages/tzdata/zoneinfo/Antarctica/__init__.py	UNTRACKED		PROTECTED
final_report_files/snakemake-last-mile-tutorial/.snakemake/conda/c558ed442da3733ef4c466c44f4460a7_/lib/python3.11/site-packages/tzdata/zoneinfo/Arctic/__init__.py	UNTRACKED		PROTECTED
final_report_files/snakemake-last-mile-tutorial/.snakemake/conda/c558ed442da3733ef4c466c44f4460a7_/lib/python3.11/site-packages/tzdata/zoneinfo/Asia/__init__.py	UNTRACKED		PROTECTED
final_report_files/snakemake-last-mile-tutorial/.snakemake/conda/c558ed442da3733ef4c466c44f4460a7_/lib/python3.11/site-packages/tzdata/zoneinfo/Atlantic/__init__.py	UNTRACKED		PROTECTED
final_report_files/snakemake-last-mile-tutorial/.snakemake/conda/c558ed442da3733ef4c466c44f4460a7_/lib/python3.11/site-packages/tzdata/zoneinfo/Australia/__init__.py	UNTRACKED		PROTECTED
final_report_files/snakemake-last-mile-tutorial/.snakemake/conda/c558ed442da3733ef4c466c44f4460a7_/lib/python3.11/site-packages/tzdata/zoneinfo/Brazil/__init__.py	UNTRACKED		PROTECTED
final_report_files/snakemake-last-mile-tutorial/.snakemake/conda/c558ed442da3733ef4c466c44f4460a7_/lib/python3.11/site-packages/tzdata/zoneinfo/Canada/__init__.py	UNTRACKED		PROTECTED
final_report_files/snakemake-last-mile-tutorial/.snakemake/conda/c558ed442da3733ef4c466c44f4460a7_/lib/python3.11/site-packages/tzdata/zoneinfo/Chile/__init__.py	UNTRACKED		PROTECTED
final_report_files/snakemake-last-mile-tutorial/.snakemake/conda/c558ed442da3733ef4c466c44f4460a7_/lib/python3.11/site-packages/tzdata/zoneinfo/Etc/__init__.py	UNTRACKED		PROTECTED
final_report_files/snakemake-last-mile-tutorial/.snakemake/conda/c558ed442da3733ef4c466c44f4460a7_/lib/python3.11/site-packages/tzdata/zoneinfo/Europe/__init__.py	UNTRACKED		PROTECTED
final_report_files/snakemake-last-mile-tutorial/.snakemake/conda/c558ed442da3733ef4c466c44f4460a7_/lib/python3.11/site-packages/tzdata/zoneinfo/Indian/__init__.py	UNTRACKED		PROTECTED
final_report_files/snakemake-last-mile-tutorial/.snakemake/conda/c558ed442da3733ef4c466c44f4460a7_/lib/python3.11/site-packages/tzdata/zoneinfo/Mexico/__init__.py	UNTRACKED		PROTECTED
final_report_files/snakemake-last-mile-tutorial/.snakemake/conda/c558ed442da3733ef4c466c44f4460a7_/lib/python3.11/site-packages/tzdata/zoneinfo/Pacific/__init__.py	UNTRACKED		PROTECTED
final_report_files/snakemake-last-mile-tutorial/.snakemake/conda/c558ed442da3733ef4c466c44f4460a7_/lib/python3.11/site-packages/tzdata/zoneinfo/US/__init__.py	UNTRACKED		PROTECTED
final_report_files/snakemake-last-mile-tutorial/.snakemake/conda/c558ed442da3733ef4c466c44f4460a7_/lib/python3.11/site-packages/tzdata/zoneinfo/__init__.py	UNTRACKED		PROTECTED
final_report_files/snakemake-last-mile-tutorial/.snakemake/conda/c558ed442da3733ef4c466c44f4460a7_/lib/python3.11/site-packages/uri_template-1.3.0.dist-info/REQUESTED	UNTRACKED		PROTECTED
final_report_files/snakemake-last-mile-tutorial/.snakemake/conda/c558ed442da3733ef4c466c44f4460a7_/lib/python3.11/site-packages/urllib3-2.7.0.dist-info/REQUESTED	UNTRACKED		PROTECTED
final_report_files/snakemake-last-mile-tutorial/.snakemake/conda/c558ed442da3733ef4c466c44f4460a7_/lib/python3.11/site-packages/urllib3/contrib/__init__.py	UNTRACKED		PROTECTED
final_report_files/snakemake-last-mile-tutorial/.snakemake/conda/c558ed442da3733ef4c466c44f4460a7_/lib/python3.11/site-packages/vegafusion-1.6.9.dist-info/REQUESTED	UNTRACKED		PROTECTED
final_report_files/snakemake-last-mile-tutorial/.snakemake/conda/c558ed442da3733ef4c466c44f4460a7_/lib/python3.11/site-packages/vegafusion/proto/__init__.py	UNTRACKED		PROTECTED
final_report_files/snakemake-last-mile-tutorial/.snakemake/conda/c558ed442da3733ef4c466c44f4460a7_/lib/python3.11/site-packages/vegafusion_python_embed-1.6.9.dist-info/REQUESTED	UNTRACKED		PROTECTED
final_report_files/snakemake-last-mile-tutorial/.snakemake/conda/c558ed442da3733ef4c466c44f4460a7_/lib/python3.11/site-packages/vl_convert_python-1.5.1.dist-info/REQUESTED	UNTRACKED		PROTECTED
final_report_files/snakemake-last-mile-tutorial/.snakemake/conda/c558ed442da3733ef4c466c44f4460a7_/lib/python3.11/site-packages/wcwidth-0.8.2.dist-info/REQUESTED	UNTRACKED		PROTECTED
final_report_files/snakemake-last-mile-tutorial/.snakemake/conda/c558ed442da3733ef4c466c44f4460a7_/lib/python3.11/site-packages/wcwidth/py.typed	UNTRACKED		PROTECTED
final_report_files/snakemake-last-mile-tutorial/.snakemake/conda/c558ed442da3733ef4c466c44f4460a7_/lib/python3.11/site-packages/webcolors-25.10.0.dist-info/REQUESTED	UNTRACKED		PROTECTED
final_report_files/snakemake-last-mile-tutorial/.snakemake/conda/c558ed442da3733ef4c466c44f4460a7_/lib/python3.11/site-packages/webencodings-0.5.1.dist-info/REQUESTED	UNTRACKED		PROTECTED
final_report_files/snakemake-last-mile-tutorial/.snakemake/conda/c558ed442da3733ef4c466c44f4460a7_/lib/python3.11/site-packages/websocket/py.typed	UNTRACKED		PROTECTED
final_report_files/snakemake-last-mile-tutorial/.snakemake/conda/c558ed442da3733ef4c466c44f4460a7_/lib/python3.11/site-packages/websocket/tests/__init__.py	UNTRACKED		PROTECTED
final_report_files/snakemake-last-mile-tutorial/.snakemake/conda/c558ed442da3733ef4c466c44f4460a7_/lib/python3.11/site-packages/websocket_client-1.9.0.dist-info/REQUESTED	UNTRACKED		PROTECTED
final_report_files/snakemake-last-mile-tutorial/.snakemake/conda/c558ed442da3733ef4c466c44f4460a7_/lib/python3.11/site-packages/wsproto-1.3.2.dist-info/REQUESTED	UNTRACKED		PROTECTED
final_report_files/snakemake-last-mile-tutorial/.snakemake/conda/c558ed442da3733ef4c466c44f4460a7_/lib/python3.11/site-packages/zipp-4.1.0.dist-info/REQUESTED	UNTRACKED		PROTECTED
final_report_files/snakemake-last-mile-tutorial/.snakemake/conda/c558ed442da3733ef4c466c44f4460a7_/lib/python3.11/site-packages/zipp/compat/__init__.py	UNTRACKED		PROTECTED
final_report_files/snakemake-last-mile-tutorial/.snakemake/conda/c558ed442da3733ef4c466c44f4460a7_/lib/python3.11/site-packages/zmq/log/__init__.py	UNTRACKED		PROTECTED
final_report_files/snakemake-last-mile-tutorial/.snakemake/conda/c558ed442da3733ef4c466c44f4460a7_/lib/python3.11/site-packages/zmq/py.typed	UNTRACKED		PROTECTED
final_report_files/snakemake-last-mile-tutorial/.snakemake/conda/c558ed442da3733ef4c466c44f4460a7_/lib/python3.11/site-packages/zmq/utils/__init__.py	UNTRACKED		PROTECTED
final_report_files/snakemake-last-mile-tutorial/.snakemake/conda/c558ed442da3733ef4c466c44f4460a7_/lib/python3.11/urllib/__init__.py	UNTRACKED		PROTECTED
final_report_files/snakemake-last-mile-tutorial/.snakemake/conda/c558ed442da3733ef4c466c44f4460a7_/share/X11/locale/C/Compose	UNTRACKED		PROTECTED
final_report_files/snakemake-last-mile-tutorial/.snakemake/conda/c558ed442da3733ef4c466c44f4460a7_/share/X11/locale/am_ET.UTF-8/XI18N_OBJS	UNTRACKED		PROTECTED
final_report_files/snakemake-last-mile-tutorial/.snakemake/conda/c558ed442da3733ef4c466c44f4460a7_/share/X11/locale/am_ET.UTF-8/XLC_LOCALE	UNTRACKED		PROTECTED
final_report_files/snakemake-last-mile-tutorial/.snakemake/conda/c558ed442da3733ef4c466c44f4460a7_/share/X11/locale/cs_CZ.UTF-8/XI18N_OBJS	UNTRACKED		PROTECTED
final_report_files/snakemake-last-mile-tutorial/.snakemake/conda/c558ed442da3733ef4c466c44f4460a7_/share/X11/locale/cs_CZ.UTF-8/XLC_LOCALE	UNTRACKED		PROTECTED
final_report_files/snakemake-last-mile-tutorial/.snakemake/conda/c558ed442da3733ef4c466c44f4460a7_/share/X11/locale/el_GR.UTF-8/XI18N_OBJS	UNTRACKED		PROTECTED
final_report_files/snakemake-last-mile-tutorial/.snakemake/conda/c558ed442da3733ef4c466c44f4460a7_/share/X11/locale/el_GR.UTF-8/XLC_LOCALE	UNTRACKED		PROTECTED
final_report_files/snakemake-last-mile-tutorial/.snakemake/conda/c558ed442da3733ef4c466c44f4460a7_/share/X11/locale/fi_FI.UTF-8/XI18N_OBJS	UNTRACKED		PROTECTED
final_report_files/snakemake-last-mile-tutorial/.snakemake/conda/c558ed442da3733ef4c466c44f4460a7_/share/X11/locale/fi_FI.UTF-8/XLC_LOCALE	UNTRACKED		PROTECTED
final_report_files/snakemake-last-mile-tutorial/.snakemake/conda/c558ed442da3733ef4c466c44f4460a7_/share/X11/locale/iscii-dev/Compose	UNTRACKED		PROTECTED
final_report_files/snakemake-last-mile-tutorial/.snakemake/conda/c558ed442da3733ef4c466c44f4460a7_/share/X11/locale/isiri-3342/Compose	UNTRACKED		PROTECTED
final_report_files/snakemake-last-mile-tutorial/.snakemake/conda/c558ed442da3733ef4c466c44f4460a7_/share/X11/locale/iso8859-11/Compose	UNTRACKED		PROTECTED
final_report_files/snakemake-last-mile-tutorial/.snakemake/conda/c558ed442da3733ef4c466c44f4460a7_/share/X11/locale/km_KH.UTF-8/XLC_LOCALE	UNTRACKED		PROTECTED
final_report_files/snakemake-last-mile-tutorial/.snakemake/conda/c558ed442da3733ef4c466c44f4460a7_/share/X11/locale/microsoft-cp1251/Compose	UNTRACKED		PROTECTED
final_report_files/snakemake-last-mile-tutorial/.snakemake/conda/c558ed442da3733ef4c466c44f4460a7_/share/X11/locale/microsoft-cp1255/Compose	UNTRACKED		PROTECTED
final_report_files/snakemake-last-mile-tutorial/.snakemake/conda/c558ed442da3733ef4c466c44f4460a7_/share/X11/locale/microsoft-cp1256/Compose	UNTRACKED		PROTECTED
final_report_files/snakemake-last-mile-tutorial/.snakemake/conda/c558ed442da3733ef4c466c44f4460a7_/share/X11/locale/nokhchi-1/Compose	UNTRACKED		PROTECTED
final_report_files/snakemake-last-mile-tutorial/.snakemake/conda/c558ed442da3733ef4c466c44f4460a7_/share/X11/locale/sr_RS.UTF-8/XLC_LOCALE	UNTRACKED		PROTECTED
final_report_files/snakemake-last-mile-tutorial/.snakemake/conda/c558ed442da3733ef4c466c44f4460a7_/share/X11/locale/tatar-cyr/Compose	UNTRACKED		PROTECTED
final_report_files/snakemake-last-mile-tutorial/.snakemake/conda/c558ed442da3733ef4c466c44f4460a7_/share/X11/locale/th_TH/Compose	UNTRACKED		PROTECTED
final_report_files/snakemake-last-mile-tutorial/.snakemake/conda/c558ed442da3733ef4c466c44f4460a7_/share/X11/locale/tscii-0/Compose	UNTRACKED		PROTECTED
final_report_files/snakemake-last-mile-tutorial/.snakemake/conda/c558ed442da3733ef4c466c44f4460a7_/share/jupyter/lab/themes/@jupyterlab/theme-dark-extension/index.js	UNTRACKED		PROTECTED
final_report_files/snakemake-last-mile-tutorial/.snakemake/conda/c558ed442da3733ef4c466c44f4460a7_/share/jupyter/lab/themes/@jupyterlab/theme-dark-high-contrast-extension/index.js	UNTRACKED		PROTECTED
final_report_files/snakemake-last-mile-tutorial/.snakemake/conda/c558ed442da3733ef4c466c44f4460a7_/share/jupyter/lab/themes/@jupyterlab/theme-light-extension/index.js	UNTRACKED		PROTECTED
final_report_files/snakemake-last-mile-tutorial/.snakemake/conda/c558ed442da3733ef4c466c44f4460a7_/share/vega-lite-cli/node_modules/tr46/lib/.gitkeep	UNTRACKED		PROTECTED
final_report_files/snakemake-last-mile-tutorial/.snakemake/conda/c558ed442da3733ef4c466c44f4460a7_/ssl/certs/.keep	UNTRACKED		PROTECTED
final_report_files/snakemake-last-mile-tutorial/.snakemake/conda/c558ed442da3733ef4c466c44f4460a7_/var/cache/fontconfig/.leave	UNTRACKED		PROTECTED
final_report_files/snakemake-last-mile-tutorial/logs/datavzrd.log	UNTRACKED		PROTECTED
final_report_files/snakemake-last-mile-tutorial/logs/get_data.ipynb	UNTRACKED		PROTECTED
final_report_files/snakemake-last-mile-tutorial/report/data/raw/cec0d78b8750a3d7/cars/functions.js	UNTRACKED		PROTECTED
final_report_files/snakemake-last-mile-tutorial/report_unzipped/report/data/raw/cec0d78b8750a3d7/cars/functions.js	UNTRACKED		PROTECTED
final_report_files/snakemake-last-mile-tutorial/results/tables/cars/.snakemake_timestamp	UNTRACKED		PROTECTED
final_report_files/snakemake-last-mile-tutorial/results/tables/cars/cars/functions.js	UNTRACKED		PROTECTED
final_report_files/snakemake-last-mile-tutorial/workflow/logs/get_data.ipynb	UNTRACKED		PROTECTED
final_report_files/snakemake-last-mile-tutorial/workflow/notebooks/plot_horsepower_vs_mpg.	UNTRACKED		PROTECTED
final_report_files/snakemake_aligners_benchmarking/.dryrun_inputs/graph/graph.dist	UNTRACKED		PROTECTED
final_report_files/snakemake_aligners_benchmarking/.dryrun_inputs/graph/graph.gbz	UNTRACKED		PROTECTED
final_report_files/snakemake_aligners_benchmarking/.dryrun_inputs/graph/graph.min	UNTRACKED		PROTECTED
final_report_files/snakemake_aligners_benchmarking/.snakemake/conda/8e0650d053a2f0b4997fadfcc3406f2a_.env_setup_done	UNTRACKED		PROTECTED
final_report_files/snakemake_aligners_benchmarking/.snakemake/conda/8e0650d053a2f0b4997fadfcc3406f2a_/ssl/certs/.keep	UNTRACKED		PROTECTED
final_report_files/snakemake_aligners_benchmarking/.snakemake/conda/eed6e1920eb081bd6a8ec2a4f7d710bb_.env_setup_done	UNTRACKED		PROTECTED
final_report_files/snakemake_aligners_benchmarking/.snakemake/conda/eed6e1920eb081bd6a8ec2a4f7d710bb_/etc/conda/test-files/contourpy/1/tests/__init__.py	UNTRACKED		PROTECTED
final_report_files/snakemake_aligners_benchmarking/.snakemake/conda/eed6e1920eb081bd6a8ec2a4f7d710bb_/lib/python3.11/email/mime/__init__.py	UNTRACKED		PROTECTED
final_report_files/snakemake_aligners_benchmarking/.snakemake/conda/eed6e1920eb081bd6a8ec2a4f7d710bb_/lib/python3.11/lib2to3/tests/data/fixers/myfixes/__init__.py	UNTRACKED		PROTECTED
final_report_files/snakemake_aligners_benchmarking/.snakemake/conda/eed6e1920eb081bd6a8ec2a4f7d710bb_/lib/python3.11/pydoc_data/__init__.py	UNTRACKED		PROTECTED
final_report_files/snakemake_aligners_benchmarking/.snakemake/conda/eed6e1920eb081bd6a8ec2a4f7d710bb_/lib/python3.11/site-packages/PIL/py.typed	UNTRACKED		PROTECTED
final_report_files/snakemake_aligners_benchmarking/.snakemake/conda/eed6e1920eb081bd6a8ec2a4f7d710bb_/lib/python3.11/site-packages/contourpy-1.3.3.dist-info/REQUESTED	UNTRACKED		PROTECTED
final_report_files/snakemake_aligners_benchmarking/.snakemake/conda/eed6e1920eb081bd6a8ec2a4f7d710bb_/lib/python3.11/site-packages/contourpy/py.typed	UNTRACKED		PROTECTED
final_report_files/snakemake_aligners_benchmarking/.snakemake/conda/eed6e1920eb081bd6a8ec2a4f7d710bb_/lib/python3.11/site-packages/cycler-0.12.1.dist-info/REQUESTED	UNTRACKED		PROTECTED
final_report_files/snakemake_aligners_benchmarking/.snakemake/conda/eed6e1920eb081bd6a8ec2a4f7d710bb_/lib/python3.11/site-packages/cycler/py.typed	UNTRACKED		PROTECTED
final_report_files/snakemake_aligners_benchmarking/.snakemake/conda/eed6e1920eb081bd6a8ec2a4f7d710bb_/lib/python3.11/site-packages/fontTools/colorLib/__init__.py	UNTRACKED		PROTECTED
final_report_files/snakemake_aligners_benchmarking/.snakemake/conda/eed6e1920eb081bd6a8ec2a4f7d710bb_/lib/python3.11/site-packages/fontTools/misc/plistlib/py.typed	UNTRACKED		PROTECTED
final_report_files/snakemake_aligners_benchmarking/.snakemake/conda/eed6e1920eb081bd6a8ec2a4f7d710bb_/lib/python3.11/site-packages/fontTools/varLib/avar/__init__.py	UNTRACKED		PROTECTED
final_report_files/snakemake_aligners_benchmarking/.snakemake/conda/eed6e1920eb081bd6a8ec2a4f7d710bb_/lib/python3.11/site-packages/fonttools-4.63.0.dist-info/REQUESTED	UNTRACKED		PROTECTED
final_report_files/snakemake_aligners_benchmarking/.snakemake/conda/eed6e1920eb081bd6a8ec2a4f7d710bb_/lib/python3.11/site-packages/kiwisolver-1.5.0.dist-info/REQUESTED	UNTRACKED		PROTECTED
final_report_files/snakemake_aligners_benchmarking/.snakemake/conda/eed6e1920eb081bd6a8ec2a4f7d710bb_/lib/python3.11/site-packages/kiwisolver/py.typed	UNTRACKED		PROTECTED
final_report_files/snakemake_aligners_benchmarking/.snakemake/conda/eed6e1920eb081bd6a8ec2a4f7d710bb_/lib/python3.11/site-packages/matplotlib-3.11.1.dist-info/REQUESTED	UNTRACKED		PROTECTED
final_report_files/snakemake_aligners_benchmarking/.snakemake/conda/eed6e1920eb081bd6a8ec2a4f7d710bb_/lib/python3.11/site-packages/matplotlib/_image.pyi	UNTRACKED		PROTECTED
final_report_files/snakemake_aligners_benchmarking/.snakemake/conda/eed6e1920eb081bd6a8ec2a4f7d710bb_/lib/python3.11/site-packages/matplotlib/_qhull.pyi	UNTRACKED		PROTECTED
final_report_files/snakemake_aligners_benchmarking/.snakemake/conda/eed6e1920eb081bd6a8ec2a4f7d710bb_/lib/python3.11/site-packages/matplotlib/backends/_backend_agg.pyi	UNTRACKED		PROTECTED
final_report_files/snakemake_aligners_benchmarking/.snakemake/conda/eed6e1920eb081bd6a8ec2a4f7d710bb_/lib/python3.11/site-packages/matplotlib/backends/_macosx.pyi	UNTRACKED		PROTECTED
final_report_files/snakemake_aligners_benchmarking/.snakemake/conda/eed6e1920eb081bd6a8ec2a4f7d710bb_/lib/python3.11/site-packages/matplotlib/backends/qt_editor/__init__.py	UNTRACKED		PROTECTED
final_report_files/snakemake_aligners_benchmarking/.snakemake/conda/eed6e1920eb081bd6a8ec2a4f7d710bb_/lib/python3.11/site-packages/matplotlib/py.typed	UNTRACKED		PROTECTED
final_report_files/snakemake_aligners_benchmarking/.snakemake/conda/eed6e1920eb081bd6a8ec2a4f7d710bb_/lib/python3.11/site-packages/matplotlib/sphinxext/__init__.py	UNTRACKED		PROTECTED
final_report_files/snakemake_aligners_benchmarking/.snakemake/conda/eed6e1920eb081bd6a8ec2a4f7d710bb_/lib/python3.11/site-packages/numpy-2.4.6.dist-info/REQUESTED	UNTRACKED		PROTECTED
final_report_files/snakemake_aligners_benchmarking/.snakemake/conda/eed6e1920eb081bd6a8ec2a4f7d710bb_/lib/python3.11/site-packages/numpy/_pyinstaller/__init__.py	UNTRACKED		PROTECTED
final_report_files/snakemake_aligners_benchmarking/.snakemake/conda/eed6e1920eb081bd6a8ec2a4f7d710bb_/lib/python3.11/site-packages/numpy/_pyinstaller/__init__.pyi	UNTRACKED		PROTECTED
final_report_files/snakemake_aligners_benchmarking/.snakemake/conda/eed6e1920eb081bd6a8ec2a4f7d710bb_/lib/python3.11/site-packages/numpy/core/__init__.pyi	UNTRACKED		PROTECTED
final_report_files/snakemake_aligners_benchmarking/.snakemake/conda/eed6e1920eb081bd6a8ec2a4f7d710bb_/lib/python3.11/site-packages/numpy/core/_dtype.pyi	UNTRACKED		PROTECTED
final_report_files/snakemake_aligners_benchmarking/.snakemake/conda/eed6e1920eb081bd6a8ec2a4f7d710bb_/lib/python3.11/site-packages/numpy/core/_dtype_ctypes.pyi	UNTRACKED		PROTECTED
final_report_files/snakemake_aligners_benchmarking/.snakemake/conda/eed6e1920eb081bd6a8ec2a4f7d710bb_/lib/python3.11/site-packages/numpy/distutils/tests/__init__.py	UNTRACKED		PROTECTED
final_report_files/snakemake_aligners_benchmarking/.snakemake/conda/eed6e1920eb081bd6a8ec2a4f7d710bb_/lib/python3.11/site-packages/numpy/fft/tests/__init__.py	UNTRACKED		PROTECTED
final_report_files/snakemake_aligners_benchmarking/.snakemake/conda/eed6e1920eb081bd6a8ec2a4f7d710bb_/lib/python3.11/site-packages/numpy/lib/tests/__init__.py	UNTRACKED		PROTECTED
final_report_files/snakemake_aligners_benchmarking/.snakemake/conda/eed6e1920eb081bd6a8ec2a4f7d710bb_/lib/python3.11/site-packages/numpy/linalg/tests/__init__.py	UNTRACKED		PROTECTED
final_report_files/snakemake_aligners_benchmarking/.snakemake/conda/eed6e1920eb081bd6a8ec2a4f7d710bb_/lib/python3.11/site-packages/numpy/ma/tests/__init__.py	UNTRACKED		PROTECTED
final_report_files/snakemake_aligners_benchmarking/.snakemake/conda/eed6e1920eb081bd6a8ec2a4f7d710bb_/lib/python3.11/site-packages/numpy/matrixlib/tests/__init__.py	UNTRACKED		PROTECTED
final_report_files/snakemake_aligners_benchmarking/.snakemake/conda/eed6e1920eb081bd6a8ec2a4f7d710bb_/lib/python3.11/site-packages/numpy/polynomial/tests/__init__.py	UNTRACKED		PROTECTED
final_report_files/snakemake_aligners_benchmarking/.snakemake/conda/eed6e1920eb081bd6a8ec2a4f7d710bb_/lib/python3.11/site-packages/numpy/py.typed	UNTRACKED		PROTECTED
final_report_files/snakemake_aligners_benchmarking/.snakemake/conda/eed6e1920eb081bd6a8ec2a4f7d710bb_/lib/python3.11/site-packages/numpy/random/tests/__init__.py	UNTRACKED		PROTECTED
final_report_files/snakemake_aligners_benchmarking/.snakemake/conda/eed6e1920eb081bd6a8ec2a4f7d710bb_/lib/python3.11/site-packages/numpy/random/tests/data/__init__.py	UNTRACKED		PROTECTED
final_report_files/snakemake_aligners_benchmarking/.snakemake/conda/eed6e1920eb081bd6a8ec2a4f7d710bb_/lib/python3.11/site-packages/numpy/testing/_private/__init__.py	UNTRACKED		PROTECTED
final_report_files/snakemake_aligners_benchmarking/.snakemake/conda/eed6e1920eb081bd6a8ec2a4f7d710bb_/lib/python3.11/site-packages/numpy/testing/_private/__init__.pyi	UNTRACKED		PROTECTED
final_report_files/snakemake_aligners_benchmarking/.snakemake/conda/eed6e1920eb081bd6a8ec2a4f7d710bb_/lib/python3.11/site-packages/numpy/testing/tests/__init__.py	UNTRACKED		PROTECTED
final_report_files/snakemake_aligners_benchmarking/.snakemake/conda/eed6e1920eb081bd6a8ec2a4f7d710bb_/lib/python3.11/site-packages/numpy/tests/__init__.py	UNTRACKED		PROTECTED
final_report_files/snakemake_aligners_benchmarking/.snakemake/conda/eed6e1920eb081bd6a8ec2a4f7d710bb_/lib/python3.11/site-packages/numpy/typing/tests/__init__.py	UNTRACKED		PROTECTED
final_report_files/snakemake_aligners_benchmarking/.snakemake/conda/eed6e1920eb081bd6a8ec2a4f7d710bb_/lib/python3.11/site-packages/packaging-26.2.dist-info/REQUESTED	UNTRACKED		PROTECTED
final_report_files/snakemake_aligners_benchmarking/.snakemake/conda/eed6e1920eb081bd6a8ec2a4f7d710bb_/lib/python3.11/site-packages/packaging/py.typed	UNTRACKED		PROTECTED
final_report_files/snakemake_aligners_benchmarking/.snakemake/conda/eed6e1920eb081bd6a8ec2a4f7d710bb_/lib/python3.11/site-packages/pandas-3.0.5.dist-info/REQUESTED	UNTRACKED		PROTECTED
final_report_files/snakemake_aligners_benchmarking/.snakemake/conda/eed6e1920eb081bd6a8ec2a4f7d710bb_/lib/python3.11/site-packages/pandas/_libs/window/__init__.py	UNTRACKED		PROTECTED
final_report_files/snakemake_aligners_benchmarking/.snakemake/conda/eed6e1920eb081bd6a8ec2a4f7d710bb_/lib/python3.11/site-packages/pandas/core/__init__.py	UNTRACKED		PROTECTED
final_report_files/snakemake_aligners_benchmarking/.snakemake/conda/eed6e1920eb081bd6a8ec2a4f7d710bb_/lib/python3.11/site-packages/pandas/core/_numba/__init__.py	UNTRACKED		PROTECTED
final_report_files/snakemake_aligners_benchmarking/.snakemake/conda/eed6e1920eb081bd6a8ec2a4f7d710bb_/lib/python3.11/site-packages/pandas/core/computation/__init__.py	UNTRACKED		PROTECTED
final_report_files/snakemake_aligners_benchmarking/.snakemake/conda/eed6e1920eb081bd6a8ec2a4f7d710bb_/lib/python3.11/site-packages/pandas/core/dtypes/__init__.py	UNTRACKED		PROTECTED
final_report_files/snakemake_aligners_benchmarking/.snakemake/conda/eed6e1920eb081bd6a8ec2a4f7d710bb_/lib/python3.11/site-packages/pandas/core/indexes/__init__.py	UNTRACKED		PROTECTED
final_report_files/snakemake_aligners_benchmarking/.snakemake/conda/eed6e1920eb081bd6a8ec2a4f7d710bb_/lib/python3.11/site-packages/pandas/core/interchange/__init__.py	UNTRACKED		PROTECTED
final_report_files/snakemake_aligners_benchmarking/.snakemake/conda/eed6e1920eb081bd6a8ec2a4f7d710bb_/lib/python3.11/site-packages/pandas/core/methods/__init__.py	UNTRACKED		PROTECTED
final_report_files/snakemake_aligners_benchmarking/.snakemake/conda/eed6e1920eb081bd6a8ec2a4f7d710bb_/lib/python3.11/site-packages/pandas/core/reshape/__init__.py	UNTRACKED		PROTECTED
final_report_files/snakemake_aligners_benchmarking/.snakemake/conda/eed6e1920eb081bd6a8ec2a4f7d710bb_/lib/python3.11/site-packages/pandas/core/sparse/__init__.py	UNTRACKED		PROTECTED
final_report_files/snakemake_aligners_benchmarking/.snakemake/conda/eed6e1920eb081bd6a8ec2a4f7d710bb_/lib/python3.11/site-packages/pandas/core/tools/__init__.py	UNTRACKED		PROTECTED
final_report_files/snakemake_aligners_benchmarking/.snakemake/conda/eed6e1920eb081bd6a8ec2a4f7d710bb_/lib/python3.11/site-packages/pandas/core/util/__init__.py	UNTRACKED		PROTECTED
final_report_files/snakemake_aligners_benchmarking/.snakemake/conda/eed6e1920eb081bd6a8ec2a4f7d710bb_/lib/python3.11/site-packages/pandas/tests/__init__.py	UNTRACKED		PROTECTED
final_report_files/snakemake_aligners_benchmarking/.snakemake/conda/eed6e1920eb081bd6a8ec2a4f7d710bb_/lib/python3.11/site-packages/pandas/tests/api/__init__.py	UNTRACKED		PROTECTED
final_report_files/snakemake_aligners_benchmarking/.snakemake/conda/eed6e1920eb081bd6a8ec2a4f7d710bb_/lib/python3.11/site-packages/pandas/tests/apply/__init__.py	UNTRACKED		PROTECTED
final_report_files/snakemake_aligners_benchmarking/.snakemake/conda/eed6e1920eb081bd6a8ec2a4f7d710bb_/lib/python3.11/site-packages/pandas/tests/arithmetic/__init__.py	UNTRACKED		PROTECTED
final_report_files/snakemake_aligners_benchmarking/.snakemake/conda/eed6e1920eb081bd6a8ec2a4f7d710bb_/lib/python3.11/site-packages/pandas/tests/arrays/__init__.py	UNTRACKED		PROTECTED
final_report_files/snakemake_aligners_benchmarking/.snakemake/conda/eed6e1920eb081bd6a8ec2a4f7d710bb_/lib/python3.11/site-packages/pandas/tests/arrays/boolean/__init__.py	UNTRACKED		PROTECTED
final_report_files/snakemake_aligners_benchmarking/.snakemake/conda/eed6e1920eb081bd6a8ec2a4f7d710bb_/lib/python3.11/site-packages/pandas/tests/arrays/categorical/__init__.py	UNTRACKED		PROTECTED
final_report_files/snakemake_aligners_benchmarking/.snakemake/conda/eed6e1920eb081bd6a8ec2a4f7d710bb_/lib/python3.11/site-packages/pandas/tests/arrays/datetimes/__init__.py	UNTRACKED		PROTECTED
final_report_files/snakemake_aligners_benchmarking/.snakemake/conda/eed6e1920eb081bd6a8ec2a4f7d710bb_/lib/python3.11/site-packages/pandas/tests/arrays/floating/__init__.py	UNTRACKED		PROTECTED
final_report_files/snakemake_aligners_benchmarking/.snakemake/conda/eed6e1920eb081bd6a8ec2a4f7d710bb_/lib/python3.11/site-packages/pandas/tests/arrays/integer/__init__.py	UNTRACKED		PROTECTED
final_report_files/snakemake_aligners_benchmarking/.snakemake/conda/eed6e1920eb081bd6a8ec2a4f7d710bb_/lib/python3.11/site-packages/pandas/tests/arrays/interval/__init__.py	UNTRACKED		PROTECTED
final_report_files/snakemake_aligners_benchmarking/.snakemake/conda/eed6e1920eb081bd6a8ec2a4f7d710bb_/lib/python3.11/site-packages/pandas/tests/arrays/masked/__init__.py	UNTRACKED		PROTECTED
final_report_files/snakemake_aligners_benchmarking/.snakemake/conda/eed6e1920eb081bd6a8ec2a4f7d710bb_/lib/python3.11/site-packages/pandas/tests/arrays/numpy_/__init__.py	UNTRACKED		PROTECTED
final_report_files/snakemake_aligners_benchmarking/.snakemake/conda/eed6e1920eb081bd6a8ec2a4f7d710bb_/lib/python3.11/site-packages/pandas/tests/arrays/period/__init__.py	UNTRACKED		PROTECTED
final_report_files/snakemake_aligners_benchmarking/.snakemake/conda/eed6e1920eb081bd6a8ec2a4f7d710bb_/lib/python3.11/site-packages/pandas/tests/arrays/sparse/__init__.py	UNTRACKED		PROTECTED
final_report_files/snakemake_aligners_benchmarking/.snakemake/conda/eed6e1920eb081bd6a8ec2a4f7d710bb_/lib/python3.11/site-packages/pandas/tests/arrays/string_/__init__.py	UNTRACKED		PROTECTED
final_report_files/snakemake_aligners_benchmarking/.snakemake/conda/eed6e1920eb081bd6a8ec2a4f7d710bb_/lib/python3.11/site-packages/pandas/tests/arrays/timedeltas/__init__.py	UNTRACKED		PROTECTED
final_report_files/snakemake_aligners_benchmarking/.snakemake/conda/eed6e1920eb081bd6a8ec2a4f7d710bb_/lib/python3.11/site-packages/pandas/tests/base/__init__.py	UNTRACKED		PROTECTED
final_report_files/snakemake_aligners_benchmarking/.snakemake/conda/eed6e1920eb081bd6a8ec2a4f7d710bb_/lib/python3.11/site-packages/pandas/tests/computation/__init__.py	UNTRACKED		PROTECTED
final_report_files/snakemake_aligners_benchmarking/.snakemake/conda/eed6e1920eb081bd6a8ec2a4f7d710bb_/lib/python3.11/site-packages/pandas/tests/config/__init__.py	UNTRACKED		PROTECTED
final_report_files/snakemake_aligners_benchmarking/.snakemake/conda/eed6e1920eb081bd6a8ec2a4f7d710bb_/lib/python3.11/site-packages/pandas/tests/construction/__init__.py	UNTRACKED		PROTECTED
final_report_files/snakemake_aligners_benchmarking/.snakemake/conda/eed6e1920eb081bd6a8ec2a4f7d710bb_/lib/python3.11/site-packages/pandas/tests/copy_view/__init__.py	UNTRACKED		PROTECTED
final_report_files/snakemake_aligners_benchmarking/.snakemake/conda/eed6e1920eb081bd6a8ec2a4f7d710bb_/lib/python3.11/site-packages/pandas/tests/copy_view/index/__init__.py	UNTRACKED		PROTECTED
final_report_files/snakemake_aligners_benchmarking/.snakemake/conda/eed6e1920eb081bd6a8ec2a4f7d710bb_/lib/python3.11/site-packages/pandas/tests/dtypes/__init__.py	UNTRACKED		PROTECTED
final_report_files/snakemake_aligners_benchmarking/.snakemake/conda/eed6e1920eb081bd6a8ec2a4f7d710bb_/lib/python3.11/site-packages/pandas/tests/dtypes/cast/__init__.py	UNTRACKED		PROTECTED
final_report_files/snakemake_aligners_benchmarking/.snakemake/conda/eed6e1920eb081bd6a8ec2a4f7d710bb_/lib/python3.11/site-packages/pandas/tests/extension/__init__.py	UNTRACKED		PROTECTED
final_report_files/snakemake_aligners_benchmarking/.snakemake/conda/eed6e1920eb081bd6a8ec2a4f7d710bb_/lib/python3.11/site-packages/pandas/tests/extension/uuid/__init__.py	UNTRACKED		PROTECTED
final_report_files/snakemake_aligners_benchmarking/.snakemake/conda/eed6e1920eb081bd6a8ec2a4f7d710bb_/lib/python3.11/site-packages/pandas/tests/frame/__init__.py	UNTRACKED		PROTECTED
final_report_files/snakemake_aligners_benchmarking/.snakemake/conda/eed6e1920eb081bd6a8ec2a4f7d710bb_/lib/python3.11/site-packages/pandas/tests/frame/constructors/__init__.py	UNTRACKED		PROTECTED
final_report_files/snakemake_aligners_benchmarking/.snakemake/conda/eed6e1920eb081bd6a8ec2a4f7d710bb_/lib/python3.11/site-packages/pandas/tests/frame/indexing/__init__.py	UNTRACKED		PROTECTED
final_report_files/snakemake_aligners_benchmarking/.snakemake/conda/eed6e1920eb081bd6a8ec2a4f7d710bb_/lib/python3.11/site-packages/pandas/tests/generic/__init__.py	UNTRACKED		PROTECTED
final_report_files/snakemake_aligners_benchmarking/.snakemake/conda/eed6e1920eb081bd6a8ec2a4f7d710bb_/lib/python3.11/site-packages/pandas/tests/groupby/aggregate/__init__.py	UNTRACKED		PROTECTED
final_report_files/snakemake_aligners_benchmarking/.snakemake/conda/eed6e1920eb081bd6a8ec2a4f7d710bb_/lib/python3.11/site-packages/pandas/tests/groupby/methods/__init__.py	UNTRACKED		PROTECTED
final_report_files/snakemake_aligners_benchmarking/.snakemake/conda/eed6e1920eb081bd6a8ec2a4f7d710bb_/lib/python3.11/site-packages/pandas/tests/groupby/transform/__init__.py	UNTRACKED		PROTECTED
final_report_files/snakemake_aligners_benchmarking/.snakemake/conda/eed6e1920eb081bd6a8ec2a4f7d710bb_/lib/python3.11/site-packages/pandas/tests/indexes/__init__.py	UNTRACKED		PROTECTED
final_report_files/snakemake_aligners_benchmarking/.snakemake/conda/eed6e1920eb081bd6a8ec2a4f7d710bb_/lib/python3.11/site-packages/pandas/tests/indexes/base_class/__init__.py	UNTRACKED		PROTECTED
final_report_files/snakemake_aligners_benchmarking/.snakemake/conda/eed6e1920eb081bd6a8ec2a4f7d710bb_/lib/python3.11/site-packages/pandas/tests/indexes/categorical/__init__.py	UNTRACKED		PROTECTED
final_report_files/snakemake_aligners_benchmarking/.snakemake/conda/eed6e1920eb081bd6a8ec2a4f7d710bb_/lib/python3.11/site-packages/pandas/tests/indexes/datetimelike_/__init__.py	UNTRACKED		PROTECTED
final_report_files/snakemake_aligners_benchmarking/.snakemake/conda/eed6e1920eb081bd6a8ec2a4f7d710bb_/lib/python3.11/site-packages/pandas/tests/indexes/datetimes/__init__.py	UNTRACKED		PROTECTED
final_report_files/snakemake_aligners_benchmarking/.snakemake/conda/eed6e1920eb081bd6a8ec2a4f7d710bb_/lib/python3.11/site-packages/pandas/tests/indexes/datetimes/methods/__init__.py	UNTRACKED		PROTECTED
final_report_files/snakemake_aligners_benchmarking/.snakemake/conda/eed6e1920eb081bd6a8ec2a4f7d710bb_/lib/python3.11/site-packages/pandas/tests/indexes/interval/__init__.py	UNTRACKED		PROTECTED
final_report_files/snakemake_aligners_benchmarking/.snakemake/conda/eed6e1920eb081bd6a8ec2a4f7d710bb_/lib/python3.11/site-packages/pandas/tests/indexes/multi/__init__.py	UNTRACKED		PROTECTED
final_report_files/snakemake_aligners_benchmarking/.snakemake/conda/eed6e1920eb081bd6a8ec2a4f7d710bb_/lib/python3.11/site-packages/pandas/tests/indexes/numeric/__init__.py	UNTRACKED		PROTECTED
final_report_files/snakemake_aligners_benchmarking/.snakemake/conda/eed6e1920eb081bd6a8ec2a4f7d710bb_/lib/python3.11/site-packages/pandas/tests/indexes/object/__init__.py	UNTRACKED		PROTECTED
final_report_files/snakemake_aligners_benchmarking/.snakemake/conda/eed6e1920eb081bd6a8ec2a4f7d710bb_/lib/python3.11/site-packages/pandas/tests/indexes/period/__init__.py	UNTRACKED		PROTECTED
final_report_files/snakemake_aligners_benchmarking/.snakemake/conda/eed6e1920eb081bd6a8ec2a4f7d710bb_/lib/python3.11/site-packages/pandas/tests/indexes/period/methods/__init__.py	UNTRACKED		PROTECTED
final_report_files/snakemake_aligners_benchmarking/.snakemake/conda/eed6e1920eb081bd6a8ec2a4f7d710bb_/lib/python3.11/site-packages/pandas/tests/indexes/ranges/__init__.py	UNTRACKED		PROTECTED
final_report_files/snakemake_aligners_benchmarking/.snakemake/conda/eed6e1920eb081bd6a8ec2a4f7d710bb_/lib/python3.11/site-packages/pandas/tests/indexes/string/__init__.py	UNTRACKED		PROTECTED
final_report_files/snakemake_aligners_benchmarking/.snakemake/conda/eed6e1920eb081bd6a8ec2a4f7d710bb_/lib/python3.11/site-packages/pandas/tests/indexes/timedeltas/__init__.py	UNTRACKED		PROTECTED
final_report_files/snakemake_aligners_benchmarking/.snakemake/conda/eed6e1920eb081bd6a8ec2a4f7d710bb_/lib/python3.11/site-packages/pandas/tests/indexes/timedeltas/methods/__init__.py	UNTRACKED		PROTECTED
final_report_files/snakemake_aligners_benchmarking/.snakemake/conda/eed6e1920eb081bd6a8ec2a4f7d710bb_/lib/python3.11/site-packages/pandas/tests/indexing/__init__.py	UNTRACKED		PROTECTED
final_report_files/snakemake_aligners_benchmarking/.snakemake/conda/eed6e1920eb081bd6a8ec2a4f7d710bb_/lib/python3.11/site-packages/pandas/tests/indexing/interval/__init__.py	UNTRACKED		PROTECTED
final_report_files/snakemake_aligners_benchmarking/.snakemake/conda/eed6e1920eb081bd6a8ec2a4f7d710bb_/lib/python3.11/site-packages/pandas/tests/indexing/multiindex/__init__.py	UNTRACKED		PROTECTED
final_report_files/snakemake_aligners_benchmarking/.snakemake/conda/eed6e1920eb081bd6a8ec2a4f7d710bb_/lib/python3.11/site-packages/pandas/tests/interchange/__init__.py	UNTRACKED		PROTECTED
final_report_files/snakemake_aligners_benchmarking/.snakemake/conda/eed6e1920eb081bd6a8ec2a4f7d710bb_/lib/python3.11/site-packages/pandas/tests/internals/__init__.py	UNTRACKED		PROTECTED
final_report_files/snakemake_aligners_benchmarking/.snakemake/conda/eed6e1920eb081bd6a8ec2a4f7d710bb_/lib/python3.11/site-packages/pandas/tests/io/__init__.py	UNTRACKED		PROTECTED
final_report_files/snakemake_aligners_benchmarking/.snakemake/conda/eed6e1920eb081bd6a8ec2a4f7d710bb_/lib/python3.11/site-packages/pandas/tests/io/excel/__init__.py	UNTRACKED		PROTECTED
final_report_files/snakemake_aligners_benchmarking/.snakemake/conda/eed6e1920eb081bd6a8ec2a4f7d710bb_/lib/python3.11/site-packages/pandas/tests/io/formats/__init__.py	UNTRACKED		PROTECTED
final_report_files/snakemake_aligners_benchmarking/.snakemake/conda/eed6e1920eb081bd6a8ec2a4f7d710bb_/lib/python3.11/site-packages/pandas/tests/io/formats/style/__init__.py	UNTRACKED		PROTECTED
final_report_files/snakemake_aligners_benchmarking/.snakemake/conda/eed6e1920eb081bd6a8ec2a4f7d710bb_/lib/python3.11/site-packages/pandas/tests/io/json/__init__.py	UNTRACKED		PROTECTED
final_report_files/snakemake_aligners_benchmarking/.snakemake/conda/eed6e1920eb081bd6a8ec2a4f7d710bb_/lib/python3.11/site-packages/pandas/tests/io/parser/__init__.py	UNTRACKED		PROTECTED
final_report_files/snakemake_aligners_benchmarking/.snakemake/conda/eed6e1920eb081bd6a8ec2a4f7d710bb_/lib/python3.11/site-packages/pandas/tests/io/parser/common/__init__.py	UNTRACKED		PROTECTED
final_report_files/snakemake_aligners_benchmarking/.snakemake/conda/eed6e1920eb081bd6a8ec2a4f7d710bb_/lib/python3.11/site-packages/pandas/tests/io/parser/dtypes/__init__.py	UNTRACKED		PROTECTED
final_report_files/snakemake_aligners_benchmarking/.snakemake/conda/eed6e1920eb081bd6a8ec2a4f7d710bb_/lib/python3.11/site-packages/pandas/tests/io/parser/usecols/__init__.py	UNTRACKED		PROTECTED
final_report_files/snakemake_aligners_benchmarking/.snakemake/conda/eed6e1920eb081bd6a8ec2a4f7d710bb_/lib/python3.11/site-packages/pandas/tests/io/pytables/__init__.py	UNTRACKED		PROTECTED
final_report_files/snakemake_aligners_benchmarking/.snakemake/conda/eed6e1920eb081bd6a8ec2a4f7d710bb_/lib/python3.11/site-packages/pandas/tests/io/pytables/common.py	UNTRACKED		PROTECTED
final_report_files/snakemake_aligners_benchmarking/.snakemake/conda/eed6e1920eb081bd6a8ec2a4f7d710bb_/lib/python3.11/site-packages/pandas/tests/io/sas/__init__.py	UNTRACKED		PROTECTED
final_report_files/snakemake_aligners_benchmarking/.snakemake/conda/eed6e1920eb081bd6a8ec2a4f7d710bb_/lib/python3.11/site-packages/pandas/tests/io/xml/__init__.py	UNTRACKED		PROTECTED
final_report_files/snakemake_aligners_benchmarking/.snakemake/conda/eed6e1920eb081bd6a8ec2a4f7d710bb_/lib/python3.11/site-packages/pandas/tests/libs/__init__.py	UNTRACKED		PROTECTED
final_report_files/snakemake_aligners_benchmarking/.snakemake/conda/eed6e1920eb081bd6a8ec2a4f7d710bb_/lib/python3.11/site-packages/pandas/tests/plotting/__init__.py	UNTRACKED		PROTECTED
final_report_files/snakemake_aligners_benchmarking/.snakemake/conda/eed6e1920eb081bd6a8ec2a4f7d710bb_/lib/python3.11/site-packages/pandas/tests/plotting/frame/__init__.py	UNTRACKED		PROTECTED
final_report_files/snakemake_aligners_benchmarking/.snakemake/conda/eed6e1920eb081bd6a8ec2a4f7d710bb_/lib/python3.11/site-packages/pandas/tests/resample/__init__.py	UNTRACKED		PROTECTED
final_report_files/snakemake_aligners_benchmarking/.snakemake/conda/eed6e1920eb081bd6a8ec2a4f7d710bb_/lib/python3.11/site-packages/pandas/tests/reshape/__init__.py	UNTRACKED		PROTECTED
final_report_files/snakemake_aligners_benchmarking/.snakemake/conda/eed6e1920eb081bd6a8ec2a4f7d710bb_/lib/python3.11/site-packages/pandas/tests/reshape/concat/__init__.py	UNTRACKED		PROTECTED
final_report_files/snakemake_aligners_benchmarking/.snakemake/conda/eed6e1920eb081bd6a8ec2a4f7d710bb_/lib/python3.11/site-packages/pandas/tests/reshape/merge/__init__.py	UNTRACKED		PROTECTED
final_report_files/snakemake_aligners_benchmarking/.snakemake/conda/eed6e1920eb081bd6a8ec2a4f7d710bb_/lib/python3.11/site-packages/pandas/tests/scalar/__init__.py	UNTRACKED		PROTECTED
final_report_files/snakemake_aligners_benchmarking/.snakemake/conda/eed6e1920eb081bd6a8ec2a4f7d710bb_/lib/python3.11/site-packages/pandas/tests/scalar/interval/__init__.py	UNTRACKED		PROTECTED
final_report_files/snakemake_aligners_benchmarking/.snakemake/conda/eed6e1920eb081bd6a8ec2a4f7d710bb_/lib/python3.11/site-packages/pandas/tests/scalar/period/__init__.py	UNTRACKED		PROTECTED
final_report_files/snakemake_aligners_benchmarking/.snakemake/conda/eed6e1920eb081bd6a8ec2a4f7d710bb_/lib/python3.11/site-packages/pandas/tests/scalar/timedelta/__init__.py	UNTRACKED		PROTECTED
final_report_files/snakemake_aligners_benchmarking/.snakemake/conda/eed6e1920eb081bd6a8ec2a4f7d710bb_/lib/python3.11/site-packages/pandas/tests/scalar/timedelta/methods/__init__.py	UNTRACKED		PROTECTED
final_report_files/snakemake_aligners_benchmarking/.snakemake/conda/eed6e1920eb081bd6a8ec2a4f7d710bb_/lib/python3.11/site-packages/pandas/tests/scalar/timestamp/__init__.py	UNTRACKED		PROTECTED
final_report_files/snakemake_aligners_benchmarking/.snakemake/conda/eed6e1920eb081bd6a8ec2a4f7d710bb_/lib/python3.11/site-packages/pandas/tests/scalar/timestamp/methods/__init__.py	UNTRACKED		PROTECTED
final_report_files/snakemake_aligners_benchmarking/.snakemake/conda/eed6e1920eb081bd6a8ec2a4f7d710bb_/lib/python3.11/site-packages/pandas/tests/series/__init__.py	UNTRACKED		PROTECTED
final_report_files/snakemake_aligners_benchmarking/.snakemake/conda/eed6e1920eb081bd6a8ec2a4f7d710bb_/lib/python3.11/site-packages/pandas/tests/series/accessors/__init__.py	UNTRACKED		PROTECTED
final_report_files/snakemake_aligners_benchmarking/.snakemake/conda/eed6e1920eb081bd6a8ec2a4f7d710bb_/lib/python3.11/site-packages/pandas/tests/series/indexing/__init__.py	UNTRACKED		PROTECTED
final_report_files/snakemake_aligners_benchmarking/.snakemake/conda/eed6e1920eb081bd6a8ec2a4f7d710bb_/lib/python3.11/site-packages/pandas/tests/tools/__init__.py	UNTRACKED		PROTECTED
final_report_files/snakemake_aligners_benchmarking/.snakemake/conda/eed6e1920eb081bd6a8ec2a4f7d710bb_/lib/python3.11/site-packages/pandas/tests/tseries/__init__.py	UNTRACKED		PROTECTED
final_report_files/snakemake_aligners_benchmarking/.snakemake/conda/eed6e1920eb081bd6a8ec2a4f7d710bb_/lib/python3.11/site-packages/pandas/tests/tseries/frequencies/__init__.py	UNTRACKED		PROTECTED
final_report_files/snakemake_aligners_benchmarking/.snakemake/conda/eed6e1920eb081bd6a8ec2a4f7d710bb_/lib/python3.11/site-packages/pandas/tests/tseries/holiday/__init__.py	UNTRACKED		PROTECTED
final_report_files/snakemake_aligners_benchmarking/.snakemake/conda/eed6e1920eb081bd6a8ec2a4f7d710bb_/lib/python3.11/site-packages/pandas/tests/tseries/offsets/__init__.py	UNTRACKED		PROTECTED
final_report_files/snakemake_aligners_benchmarking/.snakemake/conda/eed6e1920eb081bd6a8ec2a4f7d710bb_/lib/python3.11/site-packages/pandas/tests/tslibs/__init__.py	UNTRACKED		PROTECTED
final_report_files/snakemake_aligners_benchmarking/.snakemake/conda/eed6e1920eb081bd6a8ec2a4f7d710bb_/lib/python3.11/site-packages/pandas/tests/util/__init__.py	UNTRACKED		PROTECTED
final_report_files/snakemake_aligners_benchmarking/.snakemake/conda/eed6e1920eb081bd6a8ec2a4f7d710bb_/lib/python3.11/site-packages/pandas/tests/window/__init__.py	UNTRACKED		PROTECTED
final_report_files/snakemake_aligners_benchmarking/.snakemake/conda/eed6e1920eb081bd6a8ec2a4f7d710bb_/lib/python3.11/site-packages/pandas/tests/window/moments/__init__.py	UNTRACKED		PROTECTED
final_report_files/snakemake_aligners_benchmarking/.snakemake/conda/eed6e1920eb081bd6a8ec2a4f7d710bb_/lib/python3.11/site-packages/pillow-12.3.0.dist-info/REQUESTED	UNTRACKED		PROTECTED
final_report_files/snakemake_aligners_benchmarking/.snakemake/conda/eed6e1920eb081bd6a8ec2a4f7d710bb_/lib/python3.11/site-packages/pip-26.2.dist-info/REQUESTED	UNTRACKED		PROTECTED
final_report_files/snakemake_aligners_benchmarking/.snakemake/conda/eed6e1920eb081bd6a8ec2a4f7d710bb_/lib/python3.11/site-packages/pip/_internal/operations/__init__.py	UNTRACKED		PROTECTED
final_report_files/snakemake_aligners_benchmarking/.snakemake/conda/eed6e1920eb081bd6a8ec2a4f7d710bb_/lib/python3.11/site-packages/pip/_internal/operations/build/__init__.py	UNTRACKED		PROTECTED
final_report_files/snakemake_aligners_benchmarking/.snakemake/conda/eed6e1920eb081bd6a8ec2a4f7d710bb_/lib/python3.11/site-packages/pip/_internal/resolution/__init__.py	UNTRACKED		PROTECTED
final_report_files/snakemake_aligners_benchmarking/.snakemake/conda/eed6e1920eb081bd6a8ec2a4f7d710bb_/lib/python3.11/site-packages/pip/_internal/resolution/legacy/__init__.py	UNTRACKED		PROTECTED
final_report_files/snakemake_aligners_benchmarking/.snakemake/conda/eed6e1920eb081bd6a8ec2a4f7d710bb_/lib/python3.11/site-packages/pip/_internal/resolution/resolvelib/__init__.py	UNTRACKED		PROTECTED
final_report_files/snakemake_aligners_benchmarking/.snakemake/conda/eed6e1920eb081bd6a8ec2a4f7d710bb_/lib/python3.11/site-packages/pip/_internal/utils/__init__.py	UNTRACKED		PROTECTED
final_report_files/snakemake_aligners_benchmarking/.snakemake/conda/eed6e1920eb081bd6a8ec2a4f7d710bb_/lib/python3.11/site-packages/pip/_vendor/cachecontrol/py.typed	UNTRACKED		PROTECTED
final_report_files/snakemake_aligners_benchmarking/.snakemake/conda/eed6e1920eb081bd6a8ec2a4f7d710bb_/lib/python3.11/site-packages/pip/_vendor/certifi/py.typed	UNTRACKED		PROTECTED
final_report_files/snakemake_aligners_benchmarking/.snakemake/conda/eed6e1920eb081bd6a8ec2a4f7d710bb_/lib/python3.11/site-packages/pip/_vendor/distro/py.typed	UNTRACKED		PROTECTED
final_report_files/snakemake_aligners_benchmarking/.snakemake/conda/eed6e1920eb081bd6a8ec2a4f7d710bb_/lib/python3.11/site-packages/pip/_vendor/idna/py.typed	UNTRACKED		PROTECTED
final_report_files/snakemake_aligners_benchmarking/.snakemake/conda/eed6e1920eb081bd6a8ec2a4f7d710bb_/lib/python3.11/site-packages/pip/_vendor/packaging/py.typed	UNTRACKED		PROTECTED
final_report_files/snakemake_aligners_benchmarking/.snakemake/conda/eed6e1920eb081bd6a8ec2a4f7d710bb_/lib/python3.11/site-packages/pip/_vendor/platformdirs/py.typed	UNTRACKED		PROTECTED
final_report_files/snakemake_aligners_benchmarking/.snakemake/conda/eed6e1920eb081bd6a8ec2a4f7d710bb_/lib/python3.11/site-packages/pip/_vendor/pyproject_hooks/py.typed	UNTRACKED		PROTECTED
final_report_files/snakemake_aligners_benchmarking/.snakemake/conda/eed6e1920eb081bd6a8ec2a4f7d710bb_/lib/python3.11/site-packages/pip/_vendor/requests/py.typed	UNTRACKED		PROTECTED
final_report_files/snakemake_aligners_benchmarking/.snakemake/conda/eed6e1920eb081bd6a8ec2a4f7d710bb_/lib/python3.11/site-packages/pip/_vendor/resolvelib/py.typed	UNTRACKED		PROTECTED
final_report_files/snakemake_aligners_benchmarking/.snakemake/conda/eed6e1920eb081bd6a8ec2a4f7d710bb_/lib/python3.11/site-packages/pip/_vendor/rich/py.typed	UNTRACKED		PROTECTED
final_report_files/snakemake_aligners_benchmarking/.snakemake/conda/eed6e1920eb081bd6a8ec2a4f7d710bb_/lib/python3.11/site-packages/pip/_vendor/truststore/py.typed	UNTRACKED		PROTECTED
final_report_files/snakemake_aligners_benchmarking/.snakemake/conda/eed6e1920eb081bd6a8ec2a4f7d710bb_/lib/python3.11/site-packages/pip/_vendor/urllib3/contrib/__init__.py	UNTRACKED		PROTECTED
final_report_files/snakemake_aligners_benchmarking/.snakemake/conda/eed6e1920eb081bd6a8ec2a4f7d710bb_/lib/python3.11/site-packages/pyparsing-3.3.2.dist-info/REQUESTED	UNTRACKED		PROTECTED
final_report_files/snakemake_aligners_benchmarking/.snakemake/conda/eed6e1920eb081bd6a8ec2a4f7d710bb_/lib/python3.11/site-packages/pyparsing/ai/__init__.py	UNTRACKED		PROTECTED
final_report_files/snakemake_aligners_benchmarking/.snakemake/conda/eed6e1920eb081bd6a8ec2a4f7d710bb_/lib/python3.11/site-packages/pyparsing/ai/show_best_practices/__init__.py	UNTRACKED		PROTECTED
final_report_files/snakemake_aligners_benchmarking/.snakemake/conda/eed6e1920eb081bd6a8ec2a4f7d710bb_/lib/python3.11/site-packages/pyparsing/py.typed	UNTRACKED		PROTECTED
final_report_files/snakemake_aligners_benchmarking/.snakemake/conda/eed6e1920eb081bd6a8ec2a4f7d710bb_/lib/python3.11/site-packages/pyparsing/tools/__init__.py	UNTRACKED		PROTECTED
final_report_files/snakemake_aligners_benchmarking/.snakemake/conda/eed6e1920eb081bd6a8ec2a4f7d710bb_/lib/python3.11/site-packages/python_dateutil-2.9.0.post0.dist-info/REQUESTED	UNTRACKED		PROTECTED
final_report_files/snakemake_aligners_benchmarking/.snakemake/conda/eed6e1920eb081bd6a8ec2a4f7d710bb_/lib/python3.11/site-packages/scipy-1.17.1.dist-info/REQUESTED	UNTRACKED		PROTECTED
final_report_files/snakemake_aligners_benchmarking/.snakemake/conda/eed6e1920eb081bd6a8ec2a4f7d710bb_/lib/python3.11/site-packages/scipy/_lib/array_api_compat/dask/__init__.py	UNTRACKED		PROTECTED
final_report_files/snakemake_aligners_benchmarking/.snakemake/conda/eed6e1920eb081bd6a8ec2a4f7d710bb_/lib/python3.11/site-packages/scipy/_lib/pyprima/cobyla/__init__.py	UNTRACKED		PROTECTED
final_report_files/snakemake_aligners_benchmarking/.snakemake/conda/eed6e1920eb081bd6a8ec2a4f7d710bb_/lib/python3.11/site-packages/scipy/_lib/pyprima/common/__init__.py	UNTRACKED		PROTECTED
final_report_files/snakemake_aligners_benchmarking/.snakemake/conda/eed6e1920eb081bd6a8ec2a4f7d710bb_/lib/python3.11/site-packages/scipy/optimize/_highspy/__init__.py	UNTRACKED		PROTECTED
final_report_files/snakemake_aligners_benchmarking/.snakemake/conda/eed6e1920eb081bd6a8ec2a4f7d710bb_/lib/python3.11/site-packages/scipy/optimize/_shgo_lib/__init__.py	UNTRACKED		PROTECTED
final_report_files/snakemake_aligners_benchmarking/.snakemake/conda/eed6e1920eb081bd6a8ec2a4f7d710bb_/lib/python3.11/site-packages/scipy/special/_precompute/__init__.py	UNTRACKED		PROTECTED
final_report_files/snakemake_aligners_benchmarking/.snakemake/conda/eed6e1920eb081bd6a8ec2a4f7d710bb_/lib/python3.11/site-packages/scipy/stats/_unuran/__init__.py	UNTRACKED		PROTECTED
final_report_files/snakemake_aligners_benchmarking/.snakemake/conda/eed6e1920eb081bd6a8ec2a4f7d710bb_/lib/python3.11/site-packages/setuptools/_distutils/tests/compat/__init__.py	UNTRACKED		PROTECTED
final_report_files/snakemake_aligners_benchmarking/.snakemake/conda/eed6e1920eb081bd6a8ec2a4f7d710bb_/lib/python3.11/site-packages/setuptools/_distutils/tests/test_versionpredicate.py	UNTRACKED		PROTECTED
final_report_files/snakemake_aligners_benchmarking/.snakemake/conda/eed6e1920eb081bd6a8ec2a4f7d710bb_/lib/python3.11/site-packages/setuptools/_vendor/.lock	UNTRACKED	MARKER	PROTECTED
final_report_files/snakemake_aligners_benchmarking/.snakemake/conda/eed6e1920eb081bd6a8ec2a4f7d710bb_/lib/python3.11/site-packages/setuptools/_vendor/autocommand-2.2.2.dist-info/REQUESTED	UNTRACKED		PROTECTED
final_report_files/snakemake_aligners_benchmarking/.snakemake/conda/eed6e1920eb081bd6a8ec2a4f7d710bb_/lib/python3.11/site-packages/setuptools/_vendor/backports.tarfile-1.2.0.dist-info/REQUESTED	UNTRACKED		PROTECTED
final_report_files/snakemake_aligners_benchmarking/.snakemake/conda/eed6e1920eb081bd6a8ec2a4f7d710bb_/lib/python3.11/site-packages/setuptools/_vendor/backports/tarfile/compat/__init__.py	UNTRACKED		PROTECTED
final_report_files/snakemake_aligners_benchmarking/.snakemake/conda/eed6e1920eb081bd6a8ec2a4f7d710bb_/lib/python3.11/site-packages/setuptools/_vendor/importlib_metadata-8.7.1.dist-info/REQUESTED	UNTRACKED		PROTECTED
final_report_files/snakemake_aligners_benchmarking/.snakemake/conda/eed6e1920eb081bd6a8ec2a4f7d710bb_/lib/python3.11/site-packages/setuptools/_vendor/importlib_metadata/compat/__init__.py	UNTRACKED		PROTECTED
final_report_files/snakemake_aligners_benchmarking/.snakemake/conda/eed6e1920eb081bd6a8ec2a4f7d710bb_/lib/python3.11/site-packages/setuptools/_vendor/importlib_metadata/py.typed	UNTRACKED		PROTECTED
final_report_files/snakemake_aligners_benchmarking/.snakemake/conda/eed6e1920eb081bd6a8ec2a4f7d710bb_/lib/python3.11/site-packages/setuptools/_vendor/jaraco.text-4.0.0.dist-info/REQUESTED	UNTRACKED		PROTECTED
final_report_files/snakemake_aligners_benchmarking/.snakemake/conda/eed6e1920eb081bd6a8ec2a4f7d710bb_/lib/python3.11/site-packages/setuptools/_vendor/jaraco/context/py.typed	UNTRACKED		PROTECTED
final_report_files/snakemake_aligners_benchmarking/.snakemake/conda/eed6e1920eb081bd6a8ec2a4f7d710bb_/lib/python3.11/site-packages/setuptools/_vendor/jaraco/functools/py.typed	UNTRACKED		PROTECTED
final_report_files/snakemake_aligners_benchmarking/.snakemake/conda/eed6e1920eb081bd6a8ec2a4f7d710bb_/lib/python3.11/site-packages/setuptools/_vendor/jaraco_context-6.1.0.dist-info/REQUESTED	UNTRACKED		PROTECTED
final_report_files/snakemake_aligners_benchmarking/.snakemake/conda/eed6e1920eb081bd6a8ec2a4f7d710bb_/lib/python3.11/site-packages/setuptools/_vendor/jaraco_functools-4.4.0.dist-info/REQUESTED	UNTRACKED		PROTECTED
final_report_files/snakemake_aligners_benchmarking/.snakemake/conda/eed6e1920eb081bd6a8ec2a4f7d710bb_/lib/python3.11/site-packages/setuptools/_vendor/more_itertools-10.8.0.dist-info/REQUESTED	UNTRACKED		PROTECTED
final_report_files/snakemake_aligners_benchmarking/.snakemake/conda/eed6e1920eb081bd6a8ec2a4f7d710bb_/lib/python3.11/site-packages/setuptools/_vendor/more_itertools/py.typed	UNTRACKED		PROTECTED
final_report_files/snakemake_aligners_benchmarking/.snakemake/conda/eed6e1920eb081bd6a8ec2a4f7d710bb_/lib/python3.11/site-packages/setuptools/_vendor/packaging-26.0.dist-info/REQUESTED	UNTRACKED		PROTECTED
final_report_files/snakemake_aligners_benchmarking/.snakemake/conda/eed6e1920eb081bd6a8ec2a4f7d710bb_/lib/python3.11/site-packages/setuptools/_vendor/packaging/py.typed	UNTRACKED		PROTECTED
final_report_files/snakemake_aligners_benchmarking/.snakemake/conda/eed6e1920eb081bd6a8ec2a4f7d710bb_/lib/python3.11/site-packages/setuptools/_vendor/platformdirs-4.4.0.dist-info/REQUESTED	UNTRACKED		PROTECTED
final_report_files/snakemake_aligners_benchmarking/.snakemake/conda/eed6e1920eb081bd6a8ec2a4f7d710bb_/lib/python3.11/site-packages/setuptools/_vendor/platformdirs/py.typed	UNTRACKED		PROTECTED
final_report_files/snakemake_aligners_benchmarking/.snakemake/conda/eed6e1920eb081bd6a8ec2a4f7d710bb_/lib/python3.11/site-packages/setuptools/_vendor/tomli-2.4.0.dist-info/REQUESTED	UNTRACKED		PROTECTED
final_report_files/snakemake_aligners_benchmarking/.snakemake/conda/eed6e1920eb081bd6a8ec2a4f7d710bb_/lib/python3.11/site-packages/setuptools/_vendor/wheel-0.46.3.dist-info/REQUESTED	UNTRACKED		PROTECTED
final_report_files/snakemake_aligners_benchmarking/.snakemake/conda/eed6e1920eb081bd6a8ec2a4f7d710bb_/lib/python3.11/site-packages/setuptools/_vendor/zipp-3.23.0.dist-info/REQUESTED	UNTRACKED		PROTECTED
final_report_files/snakemake_aligners_benchmarking/.snakemake/conda/eed6e1920eb081bd6a8ec2a4f7d710bb_/lib/python3.11/site-packages/setuptools/_vendor/zipp/compat/__init__.py	UNTRACKED		PROTECTED
final_report_files/snakemake_aligners_benchmarking/.snakemake/conda/eed6e1920eb081bd6a8ec2a4f7d710bb_/lib/python3.11/site-packages/setuptools/compat/__init__.py	UNTRACKED		PROTECTED
final_report_files/snakemake_aligners_benchmarking/.snakemake/conda/eed6e1920eb081bd6a8ec2a4f7d710bb_/lib/python3.11/site-packages/setuptools/tests/compat/__init__.py	UNTRACKED		PROTECTED
final_report_files/snakemake_aligners_benchmarking/.snakemake/conda/eed6e1920eb081bd6a8ec2a4f7d710bb_/lib/python3.11/site-packages/setuptools/tests/config/__init__.py	UNTRACKED		PROTECTED
final_report_files/snakemake_aligners_benchmarking/.snakemake/conda/eed6e1920eb081bd6a8ec2a4f7d710bb_/lib/python3.11/site-packages/setuptools/tests/integration/__init__.py	UNTRACKED		PROTECTED
final_report_files/snakemake_aligners_benchmarking/.snakemake/conda/eed6e1920eb081bd6a8ec2a4f7d710bb_/lib/python3.11/site-packages/six-1.17.0.dist-info/REQUESTED	UNTRACKED		PROTECTED
final_report_files/snakemake_aligners_benchmarking/.snakemake/conda/eed6e1920eb081bd6a8ec2a4f7d710bb_/lib/python3.11/site-packages/unicodedata2-17.0.1.dist-info/REQUESTED	UNTRACKED		PROTECTED
final_report_files/snakemake_aligners_benchmarking/.snakemake/conda/eed6e1920eb081bd6a8ec2a4f7d710bb_/lib/python3.11/urllib/__init__.py	UNTRACKED		PROTECTED
final_report_files/snakemake_aligners_benchmarking/.snakemake/conda/eed6e1920eb081bd6a8ec2a4f7d710bb_/share/X11/locale/C/Compose	UNTRACKED		PROTECTED
final_report_files/snakemake_aligners_benchmarking/.snakemake/conda/eed6e1920eb081bd6a8ec2a4f7d710bb_/share/X11/locale/am_ET.UTF-8/XI18N_OBJS	UNTRACKED		PROTECTED
final_report_files/snakemake_aligners_benchmarking/.snakemake/conda/eed6e1920eb081bd6a8ec2a4f7d710bb_/share/X11/locale/am_ET.UTF-8/XLC_LOCALE	UNTRACKED		PROTECTED
final_report_files/snakemake_aligners_benchmarking/.snakemake/conda/eed6e1920eb081bd6a8ec2a4f7d710bb_/share/X11/locale/cs_CZ.UTF-8/XI18N_OBJS	UNTRACKED		PROTECTED
final_report_files/snakemake_aligners_benchmarking/.snakemake/conda/eed6e1920eb081bd6a8ec2a4f7d710bb_/share/X11/locale/cs_CZ.UTF-8/XLC_LOCALE	UNTRACKED		PROTECTED
final_report_files/snakemake_aligners_benchmarking/.snakemake/conda/eed6e1920eb081bd6a8ec2a4f7d710bb_/share/X11/locale/el_GR.UTF-8/XI18N_OBJS	UNTRACKED		PROTECTED
final_report_files/snakemake_aligners_benchmarking/.snakemake/conda/eed6e1920eb081bd6a8ec2a4f7d710bb_/share/X11/locale/el_GR.UTF-8/XLC_LOCALE	UNTRACKED		PROTECTED
final_report_files/snakemake_aligners_benchmarking/.snakemake/conda/eed6e1920eb081bd6a8ec2a4f7d710bb_/share/X11/locale/fi_FI.UTF-8/XI18N_OBJS	UNTRACKED		PROTECTED
final_report_files/snakemake_aligners_benchmarking/.snakemake/conda/eed6e1920eb081bd6a8ec2a4f7d710bb_/share/X11/locale/fi_FI.UTF-8/XLC_LOCALE	UNTRACKED		PROTECTED
final_report_files/snakemake_aligners_benchmarking/.snakemake/conda/eed6e1920eb081bd6a8ec2a4f7d710bb_/share/X11/locale/iscii-dev/Compose	UNTRACKED		PROTECTED
final_report_files/snakemake_aligners_benchmarking/.snakemake/conda/eed6e1920eb081bd6a8ec2a4f7d710bb_/share/X11/locale/isiri-3342/Compose	UNTRACKED		PROTECTED
final_report_files/snakemake_aligners_benchmarking/.snakemake/conda/eed6e1920eb081bd6a8ec2a4f7d710bb_/share/X11/locale/iso8859-11/Compose	UNTRACKED		PROTECTED
final_report_files/snakemake_aligners_benchmarking/.snakemake/conda/eed6e1920eb081bd6a8ec2a4f7d710bb_/share/X11/locale/km_KH.UTF-8/XLC_LOCALE	UNTRACKED		PROTECTED
final_report_files/snakemake_aligners_benchmarking/.snakemake/conda/eed6e1920eb081bd6a8ec2a4f7d710bb_/share/X11/locale/microsoft-cp1251/Compose	UNTRACKED		PROTECTED
final_report_files/snakemake_aligners_benchmarking/.snakemake/conda/eed6e1920eb081bd6a8ec2a4f7d710bb_/share/X11/locale/microsoft-cp1255/Compose	UNTRACKED		PROTECTED
final_report_files/snakemake_aligners_benchmarking/.snakemake/conda/eed6e1920eb081bd6a8ec2a4f7d710bb_/share/X11/locale/microsoft-cp1256/Compose	UNTRACKED		PROTECTED
final_report_files/snakemake_aligners_benchmarking/.snakemake/conda/eed6e1920eb081bd6a8ec2a4f7d710bb_/share/X11/locale/nokhchi-1/Compose	UNTRACKED		PROTECTED
final_report_files/snakemake_aligners_benchmarking/.snakemake/conda/eed6e1920eb081bd6a8ec2a4f7d710bb_/share/X11/locale/sr_RS.UTF-8/XLC_LOCALE	UNTRACKED		PROTECTED
final_report_files/snakemake_aligners_benchmarking/.snakemake/conda/eed6e1920eb081bd6a8ec2a4f7d710bb_/share/X11/locale/tatar-cyr/Compose	UNTRACKED		PROTECTED
final_report_files/snakemake_aligners_benchmarking/.snakemake/conda/eed6e1920eb081bd6a8ec2a4f7d710bb_/share/X11/locale/th_TH/Compose	UNTRACKED		PROTECTED
final_report_files/snakemake_aligners_benchmarking/.snakemake/conda/eed6e1920eb081bd6a8ec2a4f7d710bb_/share/X11/locale/tscii-0/Compose	UNTRACKED		PROTECTED
final_report_files/snakemake_aligners_benchmarking/.snakemake/conda/eed6e1920eb081bd6a8ec2a4f7d710bb_/ssl/certs/.keep	UNTRACKED		PROTECTED
final_report_files/snakemake_aligners_benchmarking/.snakemake/conda/eed6e1920eb081bd6a8ec2a4f7d710bb_/var/cache/fontconfig/.leave	UNTRACKED		PROTECTED
final_report_files/snakemake_aligners_benchmarking/.snakemake/conda/eed6e1920eb081bd6a8ec2a4f7d710bb_/x86_64-conda-linux-gnu/sysroot/lib64/gconv/gconv-modules.cache	UNTRACKED		PROTECTED
final_report_files/snakemake_aligners_benchmarking/.snakemake/log/2026-07-29T103607.888359.snakemake.log	UNTRACKED		PROTECTED
final_report_files/snakemake_aligners_benchmarking/.snakemake/manual_envs/vg_giraffe/ssl/certs/.keep	UNTRACKED		PROTECTED
final_report_files/snakemake_aligners_benchmarking/.vacmap_repro_test/lib/perl5/5.32/core_perl/perllocal.pod	UNTRACKED		PROTECTED
final_report_files/snakemake_aligners_benchmarking/.vacmap_repro_test/lib/perl5/5.32/site_perl/.conda-build.keep	UNTRACKED		PROTECTED
final_report_files/snakemake_aligners_benchmarking/.vacmap_repro_test/lib/perl5/5.32/vendor_perl/.conda-build.keep	UNTRACKED		PROTECTED
final_report_files/snakemake_aligners_benchmarking/.vacmap_repro_test/lib/perl5/site_perl/.conda-build.keep	UNTRACKED		PROTECTED
final_report_files/snakemake_aligners_benchmarking/.vacmap_repro_test/lib/perl5/vendor_perl/.conda-build.keep	UNTRACKED		PROTECTED
final_report_files/snakemake_aligners_benchmarking/.vacmap_repro_test/lib/python3.10/email/mime/__init__.py	UNTRACKED		PROTECTED
final_report_files/snakemake_aligners_benchmarking/.vacmap_repro_test/lib/python3.10/ensurepip/_bundled/__init__.py	UNTRACKED		PROTECTED
final_report_files/snakemake_aligners_benchmarking/.vacmap_repro_test/lib/python3.10/lib2to3/tests/data/fixers/myfixes/__init__.py	UNTRACKED		PROTECTED
final_report_files/snakemake_aligners_benchmarking/.vacmap_repro_test/lib/python3.10/pydoc_data/__init__.py	UNTRACKED		PROTECTED
final_report_files/snakemake_aligners_benchmarking/.vacmap_repro_test/lib/python3.10/site-packages/Bio/py.typed	UNTRACKED		PROTECTED
final_report_files/snakemake_aligners_benchmarking/.vacmap_repro_test/lib/python3.10/site-packages/BioSQL/py.typed	UNTRACKED		PROTECTED
final_report_files/snakemake_aligners_benchmarking/.vacmap_repro_test/lib/python3.10/site-packages/Cython/py.typed	UNTRACKED		PROTECTED
final_report_files/snakemake_aligners_benchmarking/.vacmap_repro_test/lib/python3.10/site-packages/PIL/py.typed	UNTRACKED		PROTECTED
final_report_files/snakemake_aligners_benchmarking/.vacmap_repro_test/lib/python3.10/site-packages/PySide6/scripts/__init__.py	UNTRACKED		PROTECTED
final_report_files/snakemake_aligners_benchmarking/.vacmap_repro_test/lib/python3.10/site-packages/biopython-1.86.dist-info/REQUESTED	UNTRACKED		PROTECTED
final_report_files/snakemake_aligners_benchmarking/.vacmap_repro_test/lib/python3.10/site-packages/contourpy-1.3.2.dist-info/REQUESTED	UNTRACKED		PROTECTED
final_report_files/snakemake_aligners_benchmarking/.vacmap_repro_test/lib/python3.10/site-packages/contourpy/py.typed	UNTRACKED		PROTECTED
final_report_files/snakemake_aligners_benchmarking/.vacmap_repro_test/lib/python3.10/site-packages/cycler-0.12.1.dist-info/REQUESTED	UNTRACKED		PROTECTED
final_report_files/snakemake_aligners_benchmarking/.vacmap_repro_test/lib/python3.10/site-packages/cycler/py.typed	UNTRACKED		PROTECTED
final_report_files/snakemake_aligners_benchmarking/.vacmap_repro_test/lib/python3.10/site-packages/cython-3.2.9.dist-info/REQUESTED	UNTRACKED		PROTECTED
final_report_files/snakemake_aligners_benchmarking/.vacmap_repro_test/lib/python3.10/site-packages/edlib-1.3.9.dist-info/REQUESTED	UNTRACKED		PROTECTED
final_report_files/snakemake_aligners_benchmarking/.vacmap_repro_test/lib/python3.10/site-packages/fontTools/colorLib/__init__.py	UNTRACKED		PROTECTED
final_report_files/snakemake_aligners_benchmarking/.vacmap_repro_test/lib/python3.10/site-packages/fontTools/misc/plistlib/py.typed	UNTRACKED		PROTECTED
final_report_files/snakemake_aligners_benchmarking/.vacmap_repro_test/lib/python3.10/site-packages/fontTools/varLib/avar/__init__.py	UNTRACKED		PROTECTED
final_report_files/snakemake_aligners_benchmarking/.vacmap_repro_test/lib/python3.10/site-packages/fonttools-4.63.0.dist-info/REQUESTED	UNTRACKED		PROTECTED
final_report_files/snakemake_aligners_benchmarking/.vacmap_repro_test/lib/python3.10/site-packages/kiwisolver-1.5.0.dist-info/REQUESTED	UNTRACKED		PROTECTED
final_report_files/snakemake_aligners_benchmarking/.vacmap_repro_test/lib/python3.10/site-packages/kiwisolver/py.typed	UNTRACKED		PROTECTED
final_report_files/snakemake_aligners_benchmarking/.vacmap_repro_test/lib/python3.10/site-packages/matplotlib-3.10.8.dist-info/REQUESTED	UNTRACKED		PROTECTED
final_report_files/snakemake_aligners_benchmarking/.vacmap_repro_test/lib/python3.10/site-packages/matplotlib/_image.pyi	UNTRACKED		PROTECTED
final_report_files/snakemake_aligners_benchmarking/.vacmap_repro_test/lib/python3.10/site-packages/matplotlib/_qhull.pyi	UNTRACKED		PROTECTED
final_report_files/snakemake_aligners_benchmarking/.vacmap_repro_test/lib/python3.10/site-packages/matplotlib/backends/_backend_agg.pyi	UNTRACKED		PROTECTED
final_report_files/snakemake_aligners_benchmarking/.vacmap_repro_test/lib/python3.10/site-packages/matplotlib/backends/_macosx.pyi	UNTRACKED		PROTECTED
final_report_files/snakemake_aligners_benchmarking/.vacmap_repro_test/lib/python3.10/site-packages/matplotlib/backends/qt_editor/__init__.py	UNTRACKED		PROTECTED
final_report_files/snakemake_aligners_benchmarking/.vacmap_repro_test/lib/python3.10/site-packages/matplotlib/py.typed	UNTRACKED		PROTECTED
final_report_files/snakemake_aligners_benchmarking/.vacmap_repro_test/lib/python3.10/site-packages/matplotlib/sphinxext/__init__.py	UNTRACKED		PROTECTED
final_report_files/snakemake_aligners_benchmarking/.vacmap_repro_test/lib/python3.10/site-packages/numba-0.63.1.dist-info/REQUESTED	UNTRACKED		PROTECTED
final_report_files/snakemake_aligners_benchmarking/.vacmap_repro_test/lib/python3.10/site-packages/numba/core/__init__.py	UNTRACKED		PROTECTED
final_report_files/snakemake_aligners_benchmarking/.vacmap_repro_test/lib/python3.10/site-packages/numba/core/annotations/__init__.py	UNTRACKED		PROTECTED
final_report_files/snakemake_aligners_benchmarking/.vacmap_repro_test/lib/python3.10/site-packages/numba/core/unsafe/__init__.py	UNTRACKED		PROTECTED
final_report_files/snakemake_aligners_benchmarking/.vacmap_repro_test/lib/python3.10/site-packages/numba/cpython/__init__.py	UNTRACKED		PROTECTED
final_report_files/snakemake_aligners_benchmarking/.vacmap_repro_test/lib/python3.10/site-packages/numba/cpython/unsafe/__init__.py	UNTRACKED		PROTECTED
final_report_files/snakemake_aligners_benchmarking/.vacmap_repro_test/lib/python3.10/site-packages/numba/cuda/kernels/__init__.py	UNTRACKED		PROTECTED
final_report_files/snakemake_aligners_benchmarking/.vacmap_repro_test/lib/python3.10/site-packages/numba/cuda/tests/data/__init__.py	UNTRACKED		PROTECTED
final_report_files/snakemake_aligners_benchmarking/.vacmap_repro_test/lib/python3.10/site-packages/numba/cuda/tests/doc_examples/ffi/__init__.py	UNTRACKED		PROTECTED
final_report_files/snakemake_aligners_benchmarking/.vacmap_repro_test/lib/python3.10/site-packages/numba/misc/__init__.py	UNTRACKED		PROTECTED
final_report_files/snakemake_aligners_benchmarking/.vacmap_repro_test/lib/python3.10/site-packages/numba/misc/help/__init__.py	UNTRACKED		PROTECTED
final_report_files/snakemake_aligners_benchmarking/.vacmap_repro_test/lib/python3.10/site-packages/numba/np/__init__.py	UNTRACKED		PROTECTED
final_report_files/snakemake_aligners_benchmarking/.vacmap_repro_test/lib/python3.10/site-packages/numba/np/math/__init__.py	UNTRACKED		PROTECTED
final_report_files/snakemake_aligners_benchmarking/.vacmap_repro_test/lib/python3.10/site-packages/numba/np/polynomial/__init__.py	UNTRACKED		PROTECTED
final_report_files/snakemake_aligners_benchmarking/.vacmap_repro_test/lib/python3.10/site-packages/numba/np/random/__init__.py	UNTRACKED		PROTECTED
final_report_files/snakemake_aligners_benchmarking/.vacmap_repro_test/lib/python3.10/site-packages/numba/np/unsafe/__init__.py	UNTRACKED		PROTECTED
final_report_files/snakemake_aligners_benchmarking/.vacmap_repro_test/lib/python3.10/site-packages/numba/scripts/__init__.py	UNTRACKED		PROTECTED
final_report_files/snakemake_aligners_benchmarking/.vacmap_repro_test/lib/python3.10/site-packages/numba/stencils/__init__.py	UNTRACKED		PROTECTED
final_report_files/snakemake_aligners_benchmarking/.vacmap_repro_test/lib/python3.10/site-packages/numba/tests/pycc_distutils_usecase/__init__.py	UNTRACKED		PROTECTED
final_report_files/snakemake_aligners_benchmarking/.vacmap_repro_test/lib/python3.10/site-packages/numba/tests/pycc_distutils_usecase/nested/__init__.py	UNTRACKED		PROTECTED
final_report_files/snakemake_aligners_benchmarking/.vacmap_repro_test/lib/python3.10/site-packages/numba/typed/py.typed	UNTRACKED		PROTECTED
final_report_files/snakemake_aligners_benchmarking/.vacmap_repro_test/lib/python3.10/site-packages/numpy-2.2.6.dist-info/REQUESTED	UNTRACKED		PROTECTED
final_report_files/snakemake_aligners_benchmarking/.vacmap_repro_test/lib/python3.10/site-packages/numpy/_pyinstaller/__init__.py	UNTRACKED		PROTECTED
final_report_files/snakemake_aligners_benchmarking/.vacmap_repro_test/lib/python3.10/site-packages/numpy/_pyinstaller/__init__.pyi	UNTRACKED		PROTECTED
final_report_files/snakemake_aligners_benchmarking/.vacmap_repro_test/lib/python3.10/site-packages/numpy/compat/tests/__init__.py	UNTRACKED		PROTECTED
final_report_files/snakemake_aligners_benchmarking/.vacmap_repro_test/lib/python3.10/site-packages/numpy/core/__init__.pyi	UNTRACKED		PROTECTED
final_report_files/snakemake_aligners_benchmarking/.vacmap_repro_test/lib/python3.10/site-packages/numpy/core/_dtype.pyi	UNTRACKED		PROTECTED
final_report_files/snakemake_aligners_benchmarking/.vacmap_repro_test/lib/python3.10/site-packages/numpy/core/_dtype_ctypes.pyi	UNTRACKED		PROTECTED
final_report_files/snakemake_aligners_benchmarking/.vacmap_repro_test/lib/python3.10/site-packages/numpy/distutils/tests/__init__.py	UNTRACKED		PROTECTED
final_report_files/snakemake_aligners_benchmarking/.vacmap_repro_test/lib/python3.10/site-packages/numpy/fft/tests/__init__.py	UNTRACKED		PROTECTED
final_report_files/snakemake_aligners_benchmarking/.vacmap_repro_test/lib/python3.10/site-packages/numpy/lib/tests/__init__.py	UNTRACKED		PROTECTED
final_report_files/snakemake_aligners_benchmarking/.vacmap_repro_test/lib/python3.10/site-packages/numpy/linalg/tests/__init__.py	UNTRACKED		PROTECTED
final_report_files/snakemake_aligners_benchmarking/.vacmap_repro_test/lib/python3.10/site-packages/numpy/ma/tests/__init__.py	UNTRACKED		PROTECTED
final_report_files/snakemake_aligners_benchmarking/.vacmap_repro_test/lib/python3.10/site-packages/numpy/matrixlib/tests/__init__.py	UNTRACKED		PROTECTED
final_report_files/snakemake_aligners_benchmarking/.vacmap_repro_test/lib/python3.10/site-packages/numpy/polynomial/tests/__init__.py	UNTRACKED		PROTECTED
final_report_files/snakemake_aligners_benchmarking/.vacmap_repro_test/lib/python3.10/site-packages/numpy/py.typed	UNTRACKED		PROTECTED
final_report_files/snakemake_aligners_benchmarking/.vacmap_repro_test/lib/python3.10/site-packages/numpy/random/tests/__init__.py	UNTRACKED		PROTECTED
final_report_files/snakemake_aligners_benchmarking/.vacmap_repro_test/lib/python3.10/site-packages/numpy/random/tests/data/__init__.py	UNTRACKED		PROTECTED
final_report_files/snakemake_aligners_benchmarking/.vacmap_repro_test/lib/python3.10/site-packages/numpy/testing/_private/__init__.py	UNTRACKED		PROTECTED
final_report_files/snakemake_aligners_benchmarking/.vacmap_repro_test/lib/python3.10/site-packages/numpy/testing/_private/__init__.pyi	UNTRACKED		PROTECTED
final_report_files/snakemake_aligners_benchmarking/.vacmap_repro_test/lib/python3.10/site-packages/numpy/testing/tests/__init__.py	UNTRACKED		PROTECTED
final_report_files/snakemake_aligners_benchmarking/.vacmap_repro_test/lib/python3.10/site-packages/numpy/tests/__init__.py	UNTRACKED		PROTECTED
final_report_files/snakemake_aligners_benchmarking/.vacmap_repro_test/lib/python3.10/site-packages/numpy/typing/tests/__init__.py	UNTRACKED		PROTECTED
final_report_files/snakemake_aligners_benchmarking/.vacmap_repro_test/lib/python3.10/site-packages/packaging-26.3.dist-info/REQUESTED	UNTRACKED		PROTECTED
final_report_files/snakemake_aligners_benchmarking/.vacmap_repro_test/lib/python3.10/site-packages/packaging/py.typed	UNTRACKED		PROTECTED
final_report_files/snakemake_aligners_benchmarking/.vacmap_repro_test/lib/python3.10/site-packages/pandas-2.3.3.dist-info/REQUESTED	UNTRACKED		PROTECTED
final_report_files/snakemake_aligners_benchmarking/.vacmap_repro_test/lib/python3.10/site-packages/pandas/_libs/window/__init__.py	UNTRACKED		PROTECTED
final_report_files/snakemake_aligners_benchmarking/.vacmap_repro_test/lib/python3.10/site-packages/pandas/core/__init__.py	UNTRACKED		PROTECTED
final_report_files/snakemake_aligners_benchmarking/.vacmap_repro_test/lib/python3.10/site-packages/pandas/core/_numba/__init__.py	UNTRACKED		PROTECTED
final_report_files/snakemake_aligners_benchmarking/.vacmap_repro_test/lib/python3.10/site-packages/pandas/core/computation/__init__.py	UNTRACKED		PROTECTED
final_report_files/snakemake_aligners_benchmarking/.vacmap_repro_test/lib/python3.10/site-packages/pandas/core/dtypes/__init__.py	UNTRACKED		PROTECTED
final_report_files/snakemake_aligners_benchmarking/.vacmap_repro_test/lib/python3.10/site-packages/pandas/core/indexes/__init__.py	UNTRACKED		PROTECTED
final_report_files/snakemake_aligners_benchmarking/.vacmap_repro_test/lib/python3.10/site-packages/pandas/core/interchange/__init__.py	UNTRACKED		PROTECTED
final_report_files/snakemake_aligners_benchmarking/.vacmap_repro_test/lib/python3.10/site-packages/pandas/core/methods/__init__.py	UNTRACKED		PROTECTED
final_report_files/snakemake_aligners_benchmarking/.vacmap_repro_test/lib/python3.10/site-packages/pandas/core/reshape/__init__.py	UNTRACKED		PROTECTED
final_report_files/snakemake_aligners_benchmarking/.vacmap_repro_test/lib/python3.10/site-packages/pandas/core/sparse/__init__.py	UNTRACKED		PROTECTED
final_report_files/snakemake_aligners_benchmarking/.vacmap_repro_test/lib/python3.10/site-packages/pandas/core/tools/__init__.py	UNTRACKED		PROTECTED
final_report_files/snakemake_aligners_benchmarking/.vacmap_repro_test/lib/python3.10/site-packages/pandas/core/util/__init__.py	UNTRACKED		PROTECTED
final_report_files/snakemake_aligners_benchmarking/.vacmap_repro_test/lib/python3.10/site-packages/pandas/tests/__init__.py	UNTRACKED		PROTECTED
final_report_files/snakemake_aligners_benchmarking/.vacmap_repro_test/lib/python3.10/site-packages/pandas/tests/api/__init__.py	UNTRACKED		PROTECTED
final_report_files/snakemake_aligners_benchmarking/.vacmap_repro_test/lib/python3.10/site-packages/pandas/tests/apply/__init__.py	UNTRACKED		PROTECTED
final_report_files/snakemake_aligners_benchmarking/.vacmap_repro_test/lib/python3.10/site-packages/pandas/tests/arithmetic/__init__.py	UNTRACKED		PROTECTED
final_report_files/snakemake_aligners_benchmarking/.vacmap_repro_test/lib/python3.10/site-packages/pandas/tests/arrays/__init__.py	UNTRACKED		PROTECTED
final_report_files/snakemake_aligners_benchmarking/.vacmap_repro_test/lib/python3.10/site-packages/pandas/tests/arrays/boolean/__init__.py	UNTRACKED		PROTECTED
final_report_files/snakemake_aligners_benchmarking/.vacmap_repro_test/lib/python3.10/site-packages/pandas/tests/arrays/categorical/__init__.py	UNTRACKED		PROTECTED
final_report_files/snakemake_aligners_benchmarking/.vacmap_repro_test/lib/python3.10/site-packages/pandas/tests/arrays/datetimes/__init__.py	UNTRACKED		PROTECTED
final_report_files/snakemake_aligners_benchmarking/.vacmap_repro_test/lib/python3.10/site-packages/pandas/tests/arrays/floating/__init__.py	UNTRACKED		PROTECTED
final_report_files/snakemake_aligners_benchmarking/.vacmap_repro_test/lib/python3.10/site-packages/pandas/tests/arrays/integer/__init__.py	UNTRACKED		PROTECTED
final_report_files/snakemake_aligners_benchmarking/.vacmap_repro_test/lib/python3.10/site-packages/pandas/tests/arrays/interval/__init__.py	UNTRACKED		PROTECTED
final_report_files/snakemake_aligners_benchmarking/.vacmap_repro_test/lib/python3.10/site-packages/pandas/tests/arrays/masked/__init__.py	UNTRACKED		PROTECTED
final_report_files/snakemake_aligners_benchmarking/.vacmap_repro_test/lib/python3.10/site-packages/pandas/tests/arrays/numpy_/__init__.py	UNTRACKED		PROTECTED
final_report_files/snakemake_aligners_benchmarking/.vacmap_repro_test/lib/python3.10/site-packages/pandas/tests/arrays/period/__init__.py	UNTRACKED		PROTECTED
final_report_files/snakemake_aligners_benchmarking/.vacmap_repro_test/lib/python3.10/site-packages/pandas/tests/arrays/sparse/__init__.py	UNTRACKED		PROTECTED
final_report_files/snakemake_aligners_benchmarking/.vacmap_repro_test/lib/python3.10/site-packages/pandas/tests/arrays/string_/__init__.py	UNTRACKED		PROTECTED
final_report_files/snakemake_aligners_benchmarking/.vacmap_repro_test/lib/python3.10/site-packages/pandas/tests/arrays/timedeltas/__init__.py	UNTRACKED		PROTECTED
final_report_files/snakemake_aligners_benchmarking/.vacmap_repro_test/lib/python3.10/site-packages/pandas/tests/base/__init__.py	UNTRACKED		PROTECTED
final_report_files/snakemake_aligners_benchmarking/.vacmap_repro_test/lib/python3.10/site-packages/pandas/tests/computation/__init__.py	UNTRACKED		PROTECTED
final_report_files/snakemake_aligners_benchmarking/.vacmap_repro_test/lib/python3.10/site-packages/pandas/tests/config/__init__.py	UNTRACKED		PROTECTED
final_report_files/snakemake_aligners_benchmarking/.vacmap_repro_test/lib/python3.10/site-packages/pandas/tests/construction/__init__.py	UNTRACKED		PROTECTED
final_report_files/snakemake_aligners_benchmarking/.vacmap_repro_test/lib/python3.10/site-packages/pandas/tests/copy_view/__init__.py	UNTRACKED		PROTECTED
final_report_files/snakemake_aligners_benchmarking/.vacmap_repro_test/lib/python3.10/site-packages/pandas/tests/copy_view/index/__init__.py	UNTRACKED		PROTECTED
final_report_files/snakemake_aligners_benchmarking/.vacmap_repro_test/lib/python3.10/site-packages/pandas/tests/dtypes/__init__.py	UNTRACKED		PROTECTED
final_report_files/snakemake_aligners_benchmarking/.vacmap_repro_test/lib/python3.10/site-packages/pandas/tests/dtypes/cast/__init__.py	UNTRACKED		PROTECTED
final_report_files/snakemake_aligners_benchmarking/.vacmap_repro_test/lib/python3.10/site-packages/pandas/tests/extension/__init__.py	UNTRACKED		PROTECTED
final_report_files/snakemake_aligners_benchmarking/.vacmap_repro_test/lib/python3.10/site-packages/pandas/tests/frame/__init__.py	UNTRACKED		PROTECTED
final_report_files/snakemake_aligners_benchmarking/.vacmap_repro_test/lib/python3.10/site-packages/pandas/tests/frame/constructors/__init__.py	UNTRACKED		PROTECTED
final_report_files/snakemake_aligners_benchmarking/.vacmap_repro_test/lib/python3.10/site-packages/pandas/tests/frame/indexing/__init__.py	UNTRACKED		PROTECTED
final_report_files/snakemake_aligners_benchmarking/.vacmap_repro_test/lib/python3.10/site-packages/pandas/tests/generic/__init__.py	UNTRACKED		PROTECTED
final_report_files/snakemake_aligners_benchmarking/.vacmap_repro_test/lib/python3.10/site-packages/pandas/tests/groupby/aggregate/__init__.py	UNTRACKED		PROTECTED
final_report_files/snakemake_aligners_benchmarking/.vacmap_repro_test/lib/python3.10/site-packages/pandas/tests/groupby/methods/__init__.py	UNTRACKED		PROTECTED
final_report_files/snakemake_aligners_benchmarking/.vacmap_repro_test/lib/python3.10/site-packages/pandas/tests/groupby/transform/__init__.py	UNTRACKED		PROTECTED
final_report_files/snakemake_aligners_benchmarking/.vacmap_repro_test/lib/python3.10/site-packages/pandas/tests/indexes/__init__.py	UNTRACKED		PROTECTED
final_report_files/snakemake_aligners_benchmarking/.vacmap_repro_test/lib/python3.10/site-packages/pandas/tests/indexes/base_class/__init__.py	UNTRACKED		PROTECTED
final_report_files/snakemake_aligners_benchmarking/.vacmap_repro_test/lib/python3.10/site-packages/pandas/tests/indexes/categorical/__init__.py	UNTRACKED		PROTECTED
final_report_files/snakemake_aligners_benchmarking/.vacmap_repro_test/lib/python3.10/site-packages/pandas/tests/indexes/datetimelike_/__init__.py	UNTRACKED		PROTECTED
final_report_files/snakemake_aligners_benchmarking/.vacmap_repro_test/lib/python3.10/site-packages/pandas/tests/indexes/datetimes/__init__.py	UNTRACKED		PROTECTED
final_report_files/snakemake_aligners_benchmarking/.vacmap_repro_test/lib/python3.10/site-packages/pandas/tests/indexes/datetimes/methods/__init__.py	UNTRACKED		PROTECTED
final_report_files/snakemake_aligners_benchmarking/.vacmap_repro_test/lib/python3.10/site-packages/pandas/tests/indexes/interval/__init__.py	UNTRACKED		PROTECTED
final_report_files/snakemake_aligners_benchmarking/.vacmap_repro_test/lib/python3.10/site-packages/pandas/tests/indexes/multi/__init__.py	UNTRACKED		PROTECTED
final_report_files/snakemake_aligners_benchmarking/.vacmap_repro_test/lib/python3.10/site-packages/pandas/tests/indexes/numeric/__init__.py	UNTRACKED		PROTECTED
final_report_files/snakemake_aligners_benchmarking/.vacmap_repro_test/lib/python3.10/site-packages/pandas/tests/indexes/object/__init__.py	UNTRACKED		PROTECTED
final_report_files/snakemake_aligners_benchmarking/.vacmap_repro_test/lib/python3.10/site-packages/pandas/tests/indexes/period/__init__.py	UNTRACKED		PROTECTED
final_report_files/snakemake_aligners_benchmarking/.vacmap_repro_test/lib/python3.10/site-packages/pandas/tests/indexes/period/methods/__init__.py	UNTRACKED		PROTECTED
final_report_files/snakemake_aligners_benchmarking/.vacmap_repro_test/lib/python3.10/site-packages/pandas/tests/indexes/ranges/__init__.py	UNTRACKED		PROTECTED
final_report_files/snakemake_aligners_benchmarking/.vacmap_repro_test/lib/python3.10/site-packages/pandas/tests/indexes/string/__init__.py	UNTRACKED		PROTECTED
final_report_files/snakemake_aligners_benchmarking/.vacmap_repro_test/lib/python3.10/site-packages/pandas/tests/indexes/timedeltas/__init__.py	UNTRACKED		PROTECTED
final_report_files/snakemake_aligners_benchmarking/.vacmap_repro_test/lib/python3.10/site-packages/pandas/tests/indexes/timedeltas/methods/__init__.py	UNTRACKED		PROTECTED
final_report_files/snakemake_aligners_benchmarking/.vacmap_repro_test/lib/python3.10/site-packages/pandas/tests/indexing/__init__.py	UNTRACKED		PROTECTED
final_report_files/snakemake_aligners_benchmarking/.vacmap_repro_test/lib/python3.10/site-packages/pandas/tests/indexing/interval/__init__.py	UNTRACKED		PROTECTED
final_report_files/snakemake_aligners_benchmarking/.vacmap_repro_test/lib/python3.10/site-packages/pandas/tests/indexing/multiindex/__init__.py	UNTRACKED		PROTECTED
final_report_files/snakemake_aligners_benchmarking/.vacmap_repro_test/lib/python3.10/site-packages/pandas/tests/interchange/__init__.py	UNTRACKED		PROTECTED
final_report_files/snakemake_aligners_benchmarking/.vacmap_repro_test/lib/python3.10/site-packages/pandas/tests/internals/__init__.py	UNTRACKED		PROTECTED
final_report_files/snakemake_aligners_benchmarking/.vacmap_repro_test/lib/python3.10/site-packages/pandas/tests/io/__init__.py	UNTRACKED		PROTECTED
final_report_files/snakemake_aligners_benchmarking/.vacmap_repro_test/lib/python3.10/site-packages/pandas/tests/io/excel/__init__.py	UNTRACKED		PROTECTED
final_report_files/snakemake_aligners_benchmarking/.vacmap_repro_test/lib/python3.10/site-packages/pandas/tests/io/formats/__init__.py	UNTRACKED		PROTECTED
final_report_files/snakemake_aligners_benchmarking/.vacmap_repro_test/lib/python3.10/site-packages/pandas/tests/io/formats/style/__init__.py	UNTRACKED		PROTECTED
final_report_files/snakemake_aligners_benchmarking/.vacmap_repro_test/lib/python3.10/site-packages/pandas/tests/io/json/__init__.py	UNTRACKED		PROTECTED
final_report_files/snakemake_aligners_benchmarking/.vacmap_repro_test/lib/python3.10/site-packages/pandas/tests/io/parser/__init__.py	UNTRACKED		PROTECTED
final_report_files/snakemake_aligners_benchmarking/.vacmap_repro_test/lib/python3.10/site-packages/pandas/tests/io/parser/common/__init__.py	UNTRACKED		PROTECTED
final_report_files/snakemake_aligners_benchmarking/.vacmap_repro_test/lib/python3.10/site-packages/pandas/tests/io/parser/dtypes/__init__.py	UNTRACKED		PROTECTED
final_report_files/snakemake_aligners_benchmarking/.vacmap_repro_test/lib/python3.10/site-packages/pandas/tests/io/parser/usecols/__init__.py	UNTRACKED		PROTECTED
final_report_files/snakemake_aligners_benchmarking/.vacmap_repro_test/lib/python3.10/site-packages/pandas/tests/io/pytables/__init__.py	UNTRACKED		PROTECTED
final_report_files/snakemake_aligners_benchmarking/.vacmap_repro_test/lib/python3.10/site-packages/pandas/tests/io/sas/__init__.py	UNTRACKED		PROTECTED
final_report_files/snakemake_aligners_benchmarking/.vacmap_repro_test/lib/python3.10/site-packages/pandas/tests/io/xml/__init__.py	UNTRACKED		PROTECTED
final_report_files/snakemake_aligners_benchmarking/.vacmap_repro_test/lib/python3.10/site-packages/pandas/tests/libs/__init__.py	UNTRACKED		PROTECTED
final_report_files/snakemake_aligners_benchmarking/.vacmap_repro_test/lib/python3.10/site-packages/pandas/tests/plotting/__init__.py	UNTRACKED		PROTECTED
final_report_files/snakemake_aligners_benchmarking/.vacmap_repro_test/lib/python3.10/site-packages/pandas/tests/plotting/frame/__init__.py	UNTRACKED		PROTECTED
final_report_files/snakemake_aligners_benchmarking/.vacmap_repro_test/lib/python3.10/site-packages/pandas/tests/resample/__init__.py	UNTRACKED		PROTECTED
final_report_files/snakemake_aligners_benchmarking/.vacmap_repro_test/lib/python3.10/site-packages/pandas/tests/reshape/__init__.py	UNTRACKED		PROTECTED
final_report_files/snakemake_aligners_benchmarking/.vacmap_repro_test/lib/python3.10/site-packages/pandas/tests/reshape/concat/__init__.py	UNTRACKED		PROTECTED
final_report_files/snakemake_aligners_benchmarking/.vacmap_repro_test/lib/python3.10/site-packages/pandas/tests/reshape/merge/__init__.py	UNTRACKED		PROTECTED
final_report_files/snakemake_aligners_benchmarking/.vacmap_repro_test/lib/python3.10/site-packages/pandas/tests/scalar/__init__.py	UNTRACKED		PROTECTED
final_report_files/snakemake_aligners_benchmarking/.vacmap_repro_test/lib/python3.10/site-packages/pandas/tests/scalar/interval/__init__.py	UNTRACKED		PROTECTED
final_report_files/snakemake_aligners_benchmarking/.vacmap_repro_test/lib/python3.10/site-packages/pandas/tests/scalar/period/__init__.py	UNTRACKED		PROTECTED
final_report_files/snakemake_aligners_benchmarking/.vacmap_repro_test/lib/python3.10/site-packages/pandas/tests/scalar/timedelta/__init__.py	UNTRACKED		PROTECTED
final_report_files/snakemake_aligners_benchmarking/.vacmap_repro_test/lib/python3.10/site-packages/pandas/tests/scalar/timedelta/methods/__init__.py	UNTRACKED		PROTECTED
final_report_files/snakemake_aligners_benchmarking/.vacmap_repro_test/lib/python3.10/site-packages/pandas/tests/scalar/timestamp/__init__.py	UNTRACKED		PROTECTED
final_report_files/snakemake_aligners_benchmarking/.vacmap_repro_test/lib/python3.10/site-packages/pandas/tests/scalar/timestamp/methods/__init__.py	UNTRACKED		PROTECTED
final_report_files/snakemake_aligners_benchmarking/.vacmap_repro_test/lib/python3.10/site-packages/pandas/tests/series/__init__.py	UNTRACKED		PROTECTED
final_report_files/snakemake_aligners_benchmarking/.vacmap_repro_test/lib/python3.10/site-packages/pandas/tests/series/accessors/__init__.py	UNTRACKED		PROTECTED
final_report_files/snakemake_aligners_benchmarking/.vacmap_repro_test/lib/python3.10/site-packages/pandas/tests/series/indexing/__init__.py	UNTRACKED		PROTECTED
final_report_files/snakemake_aligners_benchmarking/.vacmap_repro_test/lib/python3.10/site-packages/pandas/tests/tools/__init__.py	UNTRACKED		PROTECTED
final_report_files/snakemake_aligners_benchmarking/.vacmap_repro_test/lib/python3.10/site-packages/pandas/tests/tseries/__init__.py	UNTRACKED		PROTECTED
final_report_files/snakemake_aligners_benchmarking/.vacmap_repro_test/lib/python3.10/site-packages/pandas/tests/tseries/frequencies/__init__.py	UNTRACKED		PROTECTED
final_report_files/snakemake_aligners_benchmarking/.vacmap_repro_test/lib/python3.10/site-packages/pandas/tests/tseries/holiday/__init__.py	UNTRACKED		PROTECTED
final_report_files/snakemake_aligners_benchmarking/.vacmap_repro_test/lib/python3.10/site-packages/pandas/tests/tseries/offsets/__init__.py	UNTRACKED		PROTECTED
final_report_files/snakemake_aligners_benchmarking/.vacmap_repro_test/lib/python3.10/site-packages/pandas/tests/tslibs/__init__.py	UNTRACKED		PROTECTED
final_report_files/snakemake_aligners_benchmarking/.vacmap_repro_test/lib/python3.10/site-packages/pandas/tests/util/__init__.py	UNTRACKED		PROTECTED
final_report_files/snakemake_aligners_benchmarking/.vacmap_repro_test/lib/python3.10/site-packages/pandas/tests/window/__init__.py	UNTRACKED		PROTECTED
final_report_files/snakemake_aligners_benchmarking/.vacmap_repro_test/lib/python3.10/site-packages/pandas/tests/window/moments/__init__.py	UNTRACKED		PROTECTED
final_report_files/snakemake_aligners_benchmarking/.vacmap_repro_test/lib/python3.10/site-packages/pillow-12.1.1.dist-info/REQUESTED	UNTRACKED		PROTECTED
final_report_files/snakemake_aligners_benchmarking/.vacmap_repro_test/lib/python3.10/site-packages/pip-25.3.dist-info/REQUESTED	UNTRACKED		PROTECTED
final_report_files/snakemake_aligners_benchmarking/.vacmap_repro_test/lib/python3.10/site-packages/pip/_internal/operations/__init__.py	UNTRACKED		PROTECTED
final_report_files/snakemake_aligners_benchmarking/.vacmap_repro_test/lib/python3.10/site-packages/pip/_internal/operations/build/__init__.py	UNTRACKED		PROTECTED
final_report_files/snakemake_aligners_benchmarking/.vacmap_repro_test/lib/python3.10/site-packages/pip/_internal/resolution/__init__.py	UNTRACKED		PROTECTED
final_report_files/snakemake_aligners_benchmarking/.vacmap_repro_test/lib/python3.10/site-packages/pip/_internal/resolution/legacy/__init__.py	UNTRACKED		PROTECTED
final_report_files/snakemake_aligners_benchmarking/.vacmap_repro_test/lib/python3.10/site-packages/pip/_internal/resolution/resolvelib/__init__.py	UNTRACKED		PROTECTED
final_report_files/snakemake_aligners_benchmarking/.vacmap_repro_test/lib/python3.10/site-packages/pip/_internal/utils/__init__.py	UNTRACKED		PROTECTED
final_report_files/snakemake_aligners_benchmarking/.vacmap_repro_test/lib/python3.10/site-packages/pip/_vendor/cachecontrol/py.typed	UNTRACKED		PROTECTED
final_report_files/snakemake_aligners_benchmarking/.vacmap_repro_test/lib/python3.10/site-packages/pip/_vendor/certifi/py.typed	UNTRACKED		PROTECTED
final_report_files/snakemake_aligners_benchmarking/.vacmap_repro_test/lib/python3.10/site-packages/pip/_vendor/dependency_groups/py.typed	UNTRACKED		PROTECTED
final_report_files/snakemake_aligners_benchmarking/.vacmap_repro_test/lib/python3.10/site-packages/pip/_vendor/distro/py.typed	UNTRACKED		PROTECTED
final_report_files/snakemake_aligners_benchmarking/.vacmap_repro_test/lib/python3.10/site-packages/pip/_vendor/idna/py.typed	UNTRACKED		PROTECTED
final_report_files/snakemake_aligners_benchmarking/.vacmap_repro_test/lib/python3.10/site-packages/pip/_vendor/packaging/py.typed	UNTRACKED		PROTECTED
final_report_files/snakemake_aligners_benchmarking/.vacmap_repro_test/lib/python3.10/site-packages/pip/_vendor/platformdirs/py.typed	UNTRACKED		PROTECTED
final_report_files/snakemake_aligners_benchmarking/.vacmap_repro_test/lib/python3.10/site-packages/pip/_vendor/pyproject_hooks/py.typed	UNTRACKED		PROTECTED
final_report_files/snakemake_aligners_benchmarking/.vacmap_repro_test/lib/python3.10/site-packages/pip/_vendor/resolvelib/py.typed	UNTRACKED		PROTECTED
final_report_files/snakemake_aligners_benchmarking/.vacmap_repro_test/lib/python3.10/site-packages/pip/_vendor/rich/py.typed	UNTRACKED		PROTECTED
final_report_files/snakemake_aligners_benchmarking/.vacmap_repro_test/lib/python3.10/site-packages/pip/_vendor/truststore/py.typed	UNTRACKED		PROTECTED
final_report_files/snakemake_aligners_benchmarking/.vacmap_repro_test/lib/python3.10/site-packages/pip/_vendor/urllib3/contrib/__init__.py	UNTRACKED		PROTECTED
final_report_files/snakemake_aligners_benchmarking/.vacmap_repro_test/lib/python3.10/site-packages/pip/_vendor/urllib3/contrib/_securetransport/__init__.py	UNTRACKED		PROTECTED
final_report_files/snakemake_aligners_benchmarking/.vacmap_repro_test/lib/python3.10/site-packages/pip/_vendor/urllib3/packages/__init__.py	UNTRACKED		PROTECTED
final_report_files/snakemake_aligners_benchmarking/.vacmap_repro_test/lib/python3.10/site-packages/pip/_vendor/urllib3/packages/backports/__init__.py	UNTRACKED		PROTECTED
final_report_files/snakemake_aligners_benchmarking/.vacmap_repro_test/lib/python3.10/site-packages/pkg_resources/_vendor/__init__.py	UNTRACKED		PROTECTED
final_report_files/snakemake_aligners_benchmarking/.vacmap_repro_test/lib/python3.10/site-packages/pkg_resources/_vendor/jaraco/__init__.py	UNTRACKED		PROTECTED
final_report_files/snakemake_aligners_benchmarking/.vacmap_repro_test/lib/python3.10/site-packages/psutil-7.2.1.dist-info/REQUESTED	UNTRACKED		PROTECTED
final_report_files/snakemake_aligners_benchmarking/.vacmap_repro_test/lib/python3.10/site-packages/pyparsing-3.3.2.dist-info/REQUESTED	UNTRACKED		PROTECTED
final_report_files/snakemake_aligners_benchmarking/.vacmap_repro_test/lib/python3.10/site-packages/pyparsing/ai/__init__.py	UNTRACKED		PROTECTED
final_report_files/snakemake_aligners_benchmarking/.vacmap_repro_test/lib/python3.10/site-packages/pyparsing/ai/show_best_practices/__init__.py	UNTRACKED		PROTECTED
final_report_files/snakemake_aligners_benchmarking/.vacmap_repro_test/lib/python3.10/site-packages/pyparsing/py.typed	UNTRACKED		PROTECTED
final_report_files/snakemake_aligners_benchmarking/.vacmap_repro_test/lib/python3.10/site-packages/pyparsing/tools/__init__.py	UNTRACKED		PROTECTED
final_report_files/snakemake_aligners_benchmarking/.vacmap_repro_test/lib/python3.10/site-packages/pysam/include/__init__.py	UNTRACKED		PROTECTED
final_report_files/snakemake_aligners_benchmarking/.vacmap_repro_test/lib/python3.10/site-packages/pysam/libcvcf.pyi	UNTRACKED		PROTECTED
final_report_files/snakemake_aligners_benchmarking/.vacmap_repro_test/lib/python3.10/site-packages/pysam/py.typed	UNTRACKED		PROTECTED
final_report_files/snakemake_aligners_benchmarking/.vacmap_repro_test/lib/python3.10/site-packages/python_dateutil-2.9.0.post0.dist-info/REQUESTED	UNTRACKED		PROTECTED
final_report_files/snakemake_aligners_benchmarking/.vacmap_repro_test/lib/python3.10/site-packages/pytz-2026.3.post1.dist-info/REQUESTED	UNTRACKED		PROTECTED
final_report_files/snakemake_aligners_benchmarking/.vacmap_repro_test/lib/python3.10/site-packages/setuptools/_vendor/__init__.py	UNTRACKED		PROTECTED
final_report_files/snakemake_aligners_benchmarking/.vacmap_repro_test/lib/python3.10/site-packages/setuptools/_vendor/jaraco/__init__.py	UNTRACKED		PROTECTED
final_report_files/snakemake_aligners_benchmarking/.vacmap_repro_test/lib/python3.10/site-packages/six-1.17.0.dist-info/REQUESTED	UNTRACKED		PROTECTED
final_report_files/snakemake_aligners_benchmarking/.vacmap_repro_test/lib/python3.10/site-packages/tornado-6.5.8.dist-info/REQUESTED	UNTRACKED		PROTECTED
final_report_files/snakemake_aligners_benchmarking/.vacmap_repro_test/lib/python3.10/site-packages/tornado/platform/__init__.py	UNTRACKED		PROTECTED
final_report_files/snakemake_aligners_benchmarking/.vacmap_repro_test/lib/python3.10/site-packages/tornado/py.typed	UNTRACKED		PROTECTED
final_report_files/snakemake_aligners_benchmarking/.vacmap_repro_test/lib/python3.10/site-packages/tornado/test/__init__.py	UNTRACKED		PROTECTED
final_report_files/snakemake_aligners_benchmarking/.vacmap_repro_test/lib/python3.10/site-packages/tzdata-2026.3.dist-info/REQUESTED	UNTRACKED		PROTECTED
final_report_files/snakemake_aligners_benchmarking/.vacmap_repro_test/lib/python3.10/site-packages/tzdata/zoneinfo/Africa/__init__.py	UNTRACKED		PROTECTED
final_report_files/snakemake_aligners_benchmarking/.vacmap_repro_test/lib/python3.10/site-packages/tzdata/zoneinfo/America/Argentina/__init__.py	UNTRACKED		PROTECTED
final_report_files/snakemake_aligners_benchmarking/.vacmap_repro_test/lib/python3.10/site-packages/tzdata/zoneinfo/America/Indiana/__init__.py	UNTRACKED		PROTECTED
final_report_files/snakemake_aligners_benchmarking/.vacmap_repro_test/lib/python3.10/site-packages/tzdata/zoneinfo/America/Kentucky/__init__.py	UNTRACKED		PROTECTED
final_report_files/snakemake_aligners_benchmarking/.vacmap_repro_test/lib/python3.10/site-packages/tzdata/zoneinfo/America/North_Dakota/__init__.py	UNTRACKED		PROTECTED
final_report_files/snakemake_aligners_benchmarking/.vacmap_repro_test/lib/python3.10/site-packages/tzdata/zoneinfo/America/__init__.py	UNTRACKED		PROTECTED
final_report_files/snakemake_aligners_benchmarking/.vacmap_repro_test/lib/python3.10/site-packages/tzdata/zoneinfo/Antarctica/__init__.py	UNTRACKED		PROTECTED
final_report_files/snakemake_aligners_benchmarking/.vacmap_repro_test/lib/python3.10/site-packages/tzdata/zoneinfo/Arctic/__init__.py	UNTRACKED		PROTECTED
final_report_files/snakemake_aligners_benchmarking/.vacmap_repro_test/lib/python3.10/site-packages/tzdata/zoneinfo/Asia/__init__.py	UNTRACKED		PROTECTED
final_report_files/snakemake_aligners_benchmarking/.vacmap_repro_test/lib/python3.10/site-packages/tzdata/zoneinfo/Atlantic/__init__.py	UNTRACKED		PROTECTED
final_report_files/snakemake_aligners_benchmarking/.vacmap_repro_test/lib/python3.10/site-packages/tzdata/zoneinfo/Australia/__init__.py	UNTRACKED		PROTECTED
final_report_files/snakemake_aligners_benchmarking/.vacmap_repro_test/lib/python3.10/site-packages/tzdata/zoneinfo/Brazil/__init__.py	UNTRACKED		PROTECTED
final_report_files/snakemake_aligners_benchmarking/.vacmap_repro_test/lib/python3.10/site-packages/tzdata/zoneinfo/Canada/__init__.py	UNTRACKED		PROTECTED
final_report_files/snakemake_aligners_benchmarking/.vacmap_repro_test/lib/python3.10/site-packages/tzdata/zoneinfo/Chile/__init__.py	UNTRACKED		PROTECTED
final_report_files/snakemake_aligners_benchmarking/.vacmap_repro_test/lib/python3.10/site-packages/tzdata/zoneinfo/Etc/__init__.py	UNTRACKED		PROTECTED
final_report_files/snakemake_aligners_benchmarking/.vacmap_repro_test/lib/python3.10/site-packages/tzdata/zoneinfo/Europe/__init__.py	UNTRACKED		PROTECTED
final_report_files/snakemake_aligners_benchmarking/.vacmap_repro_test/lib/python3.10/site-packages/tzdata/zoneinfo/Indian/__init__.py	UNTRACKED		PROTECTED
final_report_files/snakemake_aligners_benchmarking/.vacmap_repro_test/lib/python3.10/site-packages/tzdata/zoneinfo/Mexico/__init__.py	UNTRACKED		PROTECTED
final_report_files/snakemake_aligners_benchmarking/.vacmap_repro_test/lib/python3.10/site-packages/tzdata/zoneinfo/Pacific/__init__.py	UNTRACKED		PROTECTED
final_report_files/snakemake_aligners_benchmarking/.vacmap_repro_test/lib/python3.10/site-packages/tzdata/zoneinfo/US/__init__.py	UNTRACKED		PROTECTED
final_report_files/snakemake_aligners_benchmarking/.vacmap_repro_test/lib/python3.10/site-packages/tzdata/zoneinfo/__init__.py	UNTRACKED		PROTECTED
final_report_files/snakemake_aligners_benchmarking/.vacmap_repro_test/lib/python3.10/site-packages/unicodedata2-17.0.1.dist-info/REQUESTED	UNTRACKED		PROTECTED
final_report_files/snakemake_aligners_benchmarking/.vacmap_repro_test/lib/python3.10/urllib/__init__.py	UNTRACKED		PROTECTED
final_report_files/snakemake_aligners_benchmarking/.vacmap_repro_test/share/X11/locale/C/Compose	UNTRACKED		PROTECTED
final_report_files/snakemake_aligners_benchmarking/.vacmap_repro_test/share/X11/locale/am_ET.UTF-8/XI18N_OBJS	UNTRACKED		PROTECTED
final_report_files/snakemake_aligners_benchmarking/.vacmap_repro_test/share/X11/locale/am_ET.UTF-8/XLC_LOCALE	UNTRACKED		PROTECTED
final_report_files/snakemake_aligners_benchmarking/.vacmap_repro_test/share/X11/locale/cs_CZ.UTF-8/XI18N_OBJS	UNTRACKED		PROTECTED
final_report_files/snakemake_aligners_benchmarking/.vacmap_repro_test/share/X11/locale/cs_CZ.UTF-8/XLC_LOCALE	UNTRACKED		PROTECTED
final_report_files/snakemake_aligners_benchmarking/.vacmap_repro_test/share/X11/locale/el_GR.UTF-8/XI18N_OBJS	UNTRACKED		PROTECTED
final_report_files/snakemake_aligners_benchmarking/.vacmap_repro_test/share/X11/locale/el_GR.UTF-8/XLC_LOCALE	UNTRACKED		PROTECTED
final_report_files/snakemake_aligners_benchmarking/.vacmap_repro_test/share/X11/locale/fi_FI.UTF-8/XI18N_OBJS	UNTRACKED		PROTECTED
final_report_files/snakemake_aligners_benchmarking/.vacmap_repro_test/share/X11/locale/fi_FI.UTF-8/XLC_LOCALE	UNTRACKED		PROTECTED
final_report_files/snakemake_aligners_benchmarking/.vacmap_repro_test/share/X11/locale/iscii-dev/Compose	UNTRACKED		PROTECTED
final_report_files/snakemake_aligners_benchmarking/.vacmap_repro_test/share/X11/locale/isiri-3342/Compose	UNTRACKED		PROTECTED
final_report_files/snakemake_aligners_benchmarking/.vacmap_repro_test/share/X11/locale/iso8859-11/Compose	UNTRACKED		PROTECTED
final_report_files/snakemake_aligners_benchmarking/.vacmap_repro_test/share/X11/locale/km_KH.UTF-8/XLC_LOCALE	UNTRACKED		PROTECTED
final_report_files/snakemake_aligners_benchmarking/.vacmap_repro_test/share/X11/locale/microsoft-cp1251/Compose	UNTRACKED		PROTECTED
final_report_files/snakemake_aligners_benchmarking/.vacmap_repro_test/share/X11/locale/microsoft-cp1255/Compose	UNTRACKED		PROTECTED
final_report_files/snakemake_aligners_benchmarking/.vacmap_repro_test/share/X11/locale/microsoft-cp1256/Compose	UNTRACKED		PROTECTED
final_report_files/snakemake_aligners_benchmarking/.vacmap_repro_test/share/X11/locale/nokhchi-1/Compose	UNTRACKED		PROTECTED
final_report_files/snakemake_aligners_benchmarking/.vacmap_repro_test/share/X11/locale/sr_RS.UTF-8/XLC_LOCALE	UNTRACKED		PROTECTED
final_report_files/snakemake_aligners_benchmarking/.vacmap_repro_test/share/X11/locale/tatar-cyr/Compose	UNTRACKED		PROTECTED
final_report_files/snakemake_aligners_benchmarking/.vacmap_repro_test/share/X11/locale/th_TH/Compose	UNTRACKED		PROTECTED
final_report_files/snakemake_aligners_benchmarking/.vacmap_repro_test/share/X11/locale/tscii-0/Compose	UNTRACKED		PROTECTED
final_report_files/snakemake_aligners_benchmarking/.vacmap_repro_test/share/man/man3/sasl.3	UNTRACKED		PROTECTED
final_report_files/snakemake_aligners_benchmarking/.vacmap_repro_test/share/man/man3/sasl_authorize_t.3	UNTRACKED		PROTECTED
final_report_files/snakemake_aligners_benchmarking/.vacmap_repro_test/share/man/man3/sasl_auxprop.3	UNTRACKED		PROTECTED
final_report_files/snakemake_aligners_benchmarking/.vacmap_repro_test/share/man/man3/sasl_auxprop_getctx.3	UNTRACKED		PROTECTED
final_report_files/snakemake_aligners_benchmarking/.vacmap_repro_test/share/man/man3/sasl_auxprop_request.3	UNTRACKED		PROTECTED
final_report_files/snakemake_aligners_benchmarking/.vacmap_repro_test/share/man/man3/sasl_callbacks.3	UNTRACKED		PROTECTED
final_report_files/snakemake_aligners_benchmarking/.vacmap_repro_test/share/man/man3/sasl_canon_user_t.3	UNTRACKED		PROTECTED
final_report_files/snakemake_aligners_benchmarking/.vacmap_repro_test/share/man/man3/sasl_chalprompt_t.3	UNTRACKED		PROTECTED
final_report_files/snakemake_aligners_benchmarking/.vacmap_repro_test/share/man/man3/sasl_checkapop.3	UNTRACKED		PROTECTED
final_report_files/snakemake_aligners_benchmarking/.vacmap_repro_test/share/man/man3/sasl_checkpass.3	UNTRACKED		PROTECTED
final_report_files/snakemake_aligners_benchmarking/.vacmap_repro_test/share/man/man3/sasl_client_init.3	UNTRACKED		PROTECTED
final_report_files/snakemake_aligners_benchmarking/.vacmap_repro_test/share/man/man3/sasl_client_new.3	UNTRACKED		PROTECTED
final_report_files/snakemake_aligners_benchmarking/.vacmap_repro_test/share/man/man3/sasl_client_start.3	UNTRACKED		PROTECTED
final_report_files/snakemake_aligners_benchmarking/.vacmap_repro_test/share/man/man3/sasl_client_step.3	UNTRACKED		PROTECTED
final_report_files/snakemake_aligners_benchmarking/.vacmap_repro_test/share/man/man3/sasl_decode.3	UNTRACKED		PROTECTED
final_report_files/snakemake_aligners_benchmarking/.vacmap_repro_test/share/man/man3/sasl_dispose.3	UNTRACKED		PROTECTED
final_report_files/snakemake_aligners_benchmarking/.vacmap_repro_test/share/man/man3/sasl_done.3	UNTRACKED		PROTECTED
final_report_files/snakemake_aligners_benchmarking/.vacmap_repro_test/share/man/man3/sasl_encode.3	UNTRACKED		PROTECTED
final_report_files/snakemake_aligners_benchmarking/.vacmap_repro_test/share/man/man3/sasl_encodev.3	UNTRACKED		PROTECTED
final_report_files/snakemake_aligners_benchmarking/.vacmap_repro_test/share/man/man3/sasl_errdetail.3	UNTRACKED		PROTECTED
final_report_files/snakemake_aligners_benchmarking/.vacmap_repro_test/share/man/man3/sasl_errors.3	UNTRACKED		PROTECTED
final_report_files/snakemake_aligners_benchmarking/.vacmap_repro_test/share/man/man3/sasl_errstring.3	UNTRACKED		PROTECTED
final_report_files/snakemake_aligners_benchmarking/.vacmap_repro_test/share/man/man3/sasl_getconfpath_t.3	UNTRACKED		PROTECTED
final_report_files/snakemake_aligners_benchmarking/.vacmap_repro_test/share/man/man3/sasl_getopt_t.3	UNTRACKED		PROTECTED
final_report_files/snakemake_aligners_benchmarking/.vacmap_repro_test/share/man/man3/sasl_getpath_t.3	UNTRACKED		PROTECTED
final_report_files/snakemake_aligners_benchmarking/.vacmap_repro_test/share/man/man3/sasl_getprop.3	UNTRACKED		PROTECTED
final_report_files/snakemake_aligners_benchmarking/.vacmap_repro_test/share/man/man3/sasl_getrealm_t.3	UNTRACKED		PROTECTED
final_report_files/snakemake_aligners_benchmarking/.vacmap_repro_test/share/man/man3/sasl_getsecret_t.3	UNTRACKED		PROTECTED
final_report_files/snakemake_aligners_benchmarking/.vacmap_repro_test/share/man/man3/sasl_getsimple_t.3	UNTRACKED		PROTECTED
final_report_files/snakemake_aligners_benchmarking/.vacmap_repro_test/share/man/man3/sasl_global_listmech.3	UNTRACKED		PROTECTED
final_report_files/snakemake_aligners_benchmarking/.vacmap_repro_test/share/man/man3/sasl_idle.3	UNTRACKED		PROTECTED
final_report_files/snakemake_aligners_benchmarking/.vacmap_repro_test/share/man/man3/sasl_listmech.3	UNTRACKED		PROTECTED
final_report_files/snakemake_aligners_benchmarking/.vacmap_repro_test/share/man/man3/sasl_log_t.3	UNTRACKED		PROTECTED
final_report_files/snakemake_aligners_benchmarking/.vacmap_repro_test/share/man/man3/sasl_server_init.3	UNTRACKED		PROTECTED
final_report_files/snakemake_aligners_benchmarking/.vacmap_repro_test/share/man/man3/sasl_server_new.3	UNTRACKED		PROTECTED
final_report_files/snakemake_aligners_benchmarking/.vacmap_repro_test/share/man/man3/sasl_server_start.3	UNTRACKED		PROTECTED
final_report_files/snakemake_aligners_benchmarking/.vacmap_repro_test/share/man/man3/sasl_server_step.3	UNTRACKED		PROTECTED
final_report_files/snakemake_aligners_benchmarking/.vacmap_repro_test/share/man/man3/sasl_server_userdb_checkpass_t.3	UNTRACKED		PROTECTED
final_report_files/snakemake_aligners_benchmarking/.vacmap_repro_test/share/man/man3/sasl_server_userdb_setpass_t.3	UNTRACKED		PROTECTED
final_report_files/snakemake_aligners_benchmarking/.vacmap_repro_test/share/man/man3/sasl_setpass.3	UNTRACKED		PROTECTED
final_report_files/snakemake_aligners_benchmarking/.vacmap_repro_test/share/man/man3/sasl_setprop.3	UNTRACKED		PROTECTED
final_report_files/snakemake_aligners_benchmarking/.vacmap_repro_test/share/man/man3/sasl_user_exists.3	UNTRACKED		PROTECTED
final_report_files/snakemake_aligners_benchmarking/.vacmap_repro_test/share/man/man3/sasl_verifyfile_t.3	UNTRACKED		PROTECTED
final_report_files/snakemake_aligners_benchmarking/.vacmap_repro_test/ssl/certs/.keep	UNTRACKED		PROTECTED
final_report_files/snakemake_aligners_benchmarking/.vacmap_repro_test/var/cache/fontconfig/.leave	UNTRACKED		PROTECTED
final_report_files/snakemake_aligners_benchmarking/.vacmap_repro_test/x86_64-conda-linux-gnu/sysroot/lib64/gconv/gconv-modules.cache	UNTRACKED		PROTECTED
final_report_files/snakemake_aligners_benchmarking/[17	UNTRACKED		PROTECTED
final_report_files/snakemake_aligners_benchmarking/data/reference_from_graph/GRCh38.from_graph.fasta	UNTRACKED		PROTECTED
final_report_files/snakemake_aligners_benchmarking/output.calmd.bam	UNTRACKED		PROTECTED
final_report_files/snakemake_aligners_benchmarking/results/bam/HG002.ont.vg_giraffe.new.bam	UNTRACKED		PROTECTED
final_report_files/snakemake_aligners_benchmarking/results/bam/HG002.pb.vg_giraffe.new.bam	UNTRACKED		PROTECTED
final_report_files/snakemake_aligners_benchmarking/results/logs/HG002.pb.vg_giraffe.calmd.log	UNTRACKED		PROTECTED
final_report_files/snakemake_aligners_benchmarking/results/logs/vg_giraffe_calmd/HG002.ont.vg_giraffe.calmd.log	UNTRACKED		PROTECTED
final_report_files/snakemake_aligners_benchmarking/results/logs/vg_giraffe_calmd/HG002.pb.vg_giraffe.calmd.log	UNTRACKED		PROTECTED
final_report_files/snakemake_aligners_benchmarking/results/logs/vg_giraffe_calmd/HG003.ont.vg_giraffe.calmd.log	UNTRACKED		PROTECTED
final_report_files/snakemake_aligners_benchmarking/results/logs/vg_giraffe_calmd/HG003.pb.vg_giraffe.calmd.log	UNTRACKED		PROTECTED
final_report_files/snakemake_aligners_benchmarking/results/logs/vg_giraffe_calmd/HG004.ont.vg_giraffe.calmd.log	UNTRACKED		PROTECTED
final_report_files/snakemake_aligners_benchmarking/results/logs/vg_giraffe_calmd/HG004.pb.vg_giraffe.calmd.log	UNTRACKED		PROTECTED
final_report_files/snakemake_aligners_benchmarking/results/vacmap_manual_test/HG002.ont.vacmap.H.sorted.stats.txt	UNTRACKED		PROTECTED
final_report_files/snakemake_aligners_benchmarking/tools/VACmap/.git/gk/config	UNTRACKED		PROTECTED
final_report_files/snakemake_aligners_benchmarking/tools/VACmap/build/lib/vacmap/__init__.py	UNTRACKED		PROTECTED
final_report_files/snakemake_aligners_benchmarking/tools/VACmap/src/vacmap/__init__.py	UNTRACKED		PROTECTED
final_report_files/snakemake_assemblers_benchmarking/snakemake_assemblers_benchmarking/.conda/hg002_extract_htslib124/lib/python3.11/email/mime/__init__.py	UNTRACKED		PROTECTED
final_report_files/snakemake_assemblers_benchmarking/snakemake_assemblers_benchmarking/.conda/hg002_extract_htslib124/lib/python3.11/lib2to3/tests/data/fixers/myfixes/__init__.py	UNTRACKED		PROTECTED
final_report_files/snakemake_assemblers_benchmarking/snakemake_assemblers_benchmarking/.conda/hg002_extract_htslib124/lib/python3.11/pydoc_data/__init__.py	UNTRACKED		PROTECTED
final_report_files/snakemake_assemblers_benchmarking/snakemake_assemblers_benchmarking/.conda/hg002_extract_htslib124/lib/python3.11/urllib/__init__.py	UNTRACKED		PROTECTED
final_report_files/snakemake_assemblers_benchmarking/snakemake_assemblers_benchmarking/.conda/hg002_extract_htslib124/ssl/certs/.keep	UNTRACKED		PROTECTED
final_report_files/snakemake_assemblers_benchmarking/snakemake_assemblers_benchmarking/.snakemake/conda/214640c6bd7ea03aa1bd9afdf749c484_.env_setup_done	UNTRACKED		PROTECTED
final_report_files/snakemake_assemblers_benchmarking/snakemake_assemblers_benchmarking/.snakemake/conda/214640c6bd7ea03aa1bd9afdf749c484_/etc/conda/test-files/h2/1/tests/__init__.py	UNTRACKED		PROTECTED
final_report_files/snakemake_assemblers_benchmarking/snakemake_assemblers_benchmarking/.snakemake/conda/214640c6bd7ea03aa1bd9afdf749c484_/etc/conda/test-files/idna/1/tests/__init__.py	UNTRACKED		PROTECTED
final_report_files/snakemake_assemblers_benchmarking/snakemake_assemblers_benchmarking/.snakemake/conda/214640c6bd7ea03aa1bd9afdf749c484_/etc/conda/test-files/jupyter_core/1/tests/__init__.py	UNTRACKED		PROTECTED
final_report_files/snakemake_assemblers_benchmarking/snakemake_assemblers_benchmarking/.snakemake/conda/214640c6bd7ea03aa1bd9afdf749c484_/etc/conda/test-files/python-fastjsonschema/1/src/tests/json_schema/__init__.py	UNTRACKED		PROTECTED
final_report_files/snakemake_assemblers_benchmarking/snakemake_assemblers_benchmarking/.snakemake/conda/214640c6bd7ea03aa1bd9afdf749c484_/etc/conda/test-files/rpds-py/1/tests/__init__.py	UNTRACKED		PROTECTED
final_report_files/snakemake_assemblers_benchmarking/snakemake_assemblers_benchmarking/.snakemake/conda/214640c6bd7ea03aa1bd9afdf749c484_/etc/conda/test-files/traitlets/1/tests/__init__.py	UNTRACKED		PROTECTED
final_report_files/snakemake_assemblers_benchmarking/snakemake_assemblers_benchmarking/.snakemake/conda/214640c6bd7ea03aa1bd9afdf749c484_/etc/conda/test-files/traitlets/1/tests/config/__init__.py	UNTRACKED		PROTECTED
final_report_files/snakemake_assemblers_benchmarking/snakemake_assemblers_benchmarking/.snakemake/conda/214640c6bd7ea03aa1bd9afdf749c484_/etc/conda/test-files/traitlets/1/tests/utils/__init__.py	UNTRACKED		PROTECTED
final_report_files/snakemake_assemblers_benchmarking/snakemake_assemblers_benchmarking/.snakemake/conda/214640c6bd7ea03aa1bd9afdf749c484_/lib/perl5/5.32/core_perl/perllocal.pod	UNTRACKED		PROTECTED
final_report_files/snakemake_assemblers_benchmarking/snakemake_assemblers_benchmarking/.snakemake/conda/214640c6bd7ea03aa1bd9afdf749c484_/lib/perl5/5.32/site_perl/.conda-build.keep	UNTRACKED		PROTECTED
final_report_files/snakemake_assemblers_benchmarking/snakemake_assemblers_benchmarking/.snakemake/conda/214640c6bd7ea03aa1bd9afdf749c484_/lib/perl5/5.32/vendor_perl/.conda-build.keep	UNTRACKED		PROTECTED
final_report_files/snakemake_assemblers_benchmarking/snakemake_assemblers_benchmarking/.snakemake/conda/214640c6bd7ea03aa1bd9afdf749c484_/lib/perl5/site_perl/.conda-build.keep	UNTRACKED		PROTECTED
final_report_files/snakemake_assemblers_benchmarking/snakemake_assemblers_benchmarking/.snakemake/conda/214640c6bd7ea03aa1bd9afdf749c484_/lib/perl5/vendor_perl/.conda-build.keep	UNTRACKED		PROTECTED
final_report_files/snakemake_assemblers_benchmarking/snakemake_assemblers_benchmarking/.snakemake/conda/214640c6bd7ea03aa1bd9afdf749c484_/lib/python3.11/email/mime/__init__.py	UNTRACKED		PROTECTED
final_report_files/snakemake_assemblers_benchmarking/snakemake_assemblers_benchmarking/.snakemake/conda/214640c6bd7ea03aa1bd9afdf749c484_/lib/python3.11/lib2to3/tests/data/fixers/myfixes/__init__.py	UNTRACKED		PROTECTED
final_report_files/snakemake_assemblers_benchmarking/snakemake_assemblers_benchmarking/.snakemake/conda/214640c6bd7ea03aa1bd9afdf749c484_/lib/python3.11/pydoc_data/__init__.py	UNTRACKED		PROTECTED
final_report_files/snakemake_assemblers_benchmarking/snakemake_assemblers_benchmarking/.snakemake/conda/214640c6bd7ea03aa1bd9afdf749c484_/lib/python3.11/site-packages/Bio/py.typed	UNTRACKED		PROTECTED
final_report_files/snakemake_assemblers_benchmarking/snakemake_assemblers_benchmarking/.snakemake/conda/214640c6bd7ea03aa1bd9afdf749c484_/lib/python3.11/site-packages/BioSQL/py.typed	UNTRACKED		PROTECTED
final_report_files/snakemake_assemblers_benchmarking/snakemake_assemblers_benchmarking/.snakemake/conda/214640c6bd7ea03aa1bd9afdf749c484_/lib/python3.11/site-packages/PuLP-2.7.0.dist-info/REQUESTED	UNTRACKED		PROTECTED
final_report_files/snakemake_assemblers_benchmarking/snakemake_assemblers_benchmarking/.snakemake/conda/214640c6bd7ea03aa1bd9afdf749c484_/lib/python3.11/site-packages/PySocks-1.7.1.dist-info/REQUESTED	UNTRACKED		PROTECTED
final_report_files/snakemake_assemblers_benchmarking/snakemake_assemblers_benchmarking/.snakemake/conda/214640c6bd7ea03aa1bd9afdf749c484_/lib/python3.11/site-packages/amply-0.1.7.dist-info/REQUESTED	UNTRACKED		PROTECTED
final_report_files/snakemake_assemblers_benchmarking/snakemake_assemblers_benchmarking/.snakemake/conda/214640c6bd7ea03aa1bd9afdf749c484_/lib/python3.11/site-packages/appdirs-1.4.4.dist-info/REQUESTED	UNTRACKED		PROTECTED
final_report_files/snakemake_assemblers_benchmarking/snakemake_assemblers_benchmarking/.snakemake/conda/214640c6bd7ea03aa1bd9afdf749c484_/lib/python3.11/site-packages/argparse_dataclass-2.0.0.dist-info/REQUESTED	UNTRACKED		PROTECTED
final_report_files/snakemake_assemblers_benchmarking/snakemake_assemblers_benchmarking/.snakemake/conda/214640c6bd7ea03aa1bd9afdf749c484_/lib/python3.11/site-packages/attr/py.typed	UNTRACKED		PROTECTED
final_report_files/snakemake_assemblers_benchmarking/snakemake_assemblers_benchmarking/.snakemake/conda/214640c6bd7ea03aa1bd9afdf749c484_/lib/python3.11/site-packages/attrs-26.1.0.dist-info/REQUESTED	UNTRACKED		PROTECTED
final_report_files/snakemake_assemblers_benchmarking/snakemake_assemblers_benchmarking/.snakemake/conda/214640c6bd7ea03aa1bd9afdf749c484_/lib/python3.11/site-packages/attrs/py.typed	UNTRACKED		PROTECTED
final_report_files/snakemake_assemblers_benchmarking/snakemake_assemblers_benchmarking/.snakemake/conda/214640c6bd7ea03aa1bd9afdf749c484_/lib/python3.11/site-packages/backports/zstd/py.typed	UNTRACKED		PROTECTED
final_report_files/snakemake_assemblers_benchmarking/snakemake_assemblers_benchmarking/.snakemake/conda/214640c6bd7ea03aa1bd9afdf749c484_/lib/python3.11/site-packages/backports_zstd-1.6.0.dist-info/REQUESTED	UNTRACKED		PROTECTED
final_report_files/snakemake_assemblers_benchmarking/snakemake_assemblers_benchmarking/.snakemake/conda/214640c6bd7ea03aa1bd9afdf749c484_/lib/python3.11/site-packages/biopython-1.87.dist-info/REQUESTED	UNTRACKED		PROTECTED
final_report_files/snakemake_assemblers_benchmarking/snakemake_assemblers_benchmarking/.snakemake/conda/214640c6bd7ea03aa1bd9afdf749c484_/lib/python3.11/site-packages/brotli-1.2.0.dist-info/REQUESTED	UNTRACKED		PROTECTED
final_report_files/snakemake_assemblers_benchmarking/snakemake_assemblers_benchmarking/.snakemake/conda/214640c6bd7ea03aa1bd9afdf749c484_/lib/python3.11/site-packages/certifi-2026.7.22.dist-info/REQUESTED	UNTRACKED		PROTECTED
final_report_files/snakemake_assemblers_benchmarking/snakemake_assemblers_benchmarking/.snakemake/conda/214640c6bd7ea03aa1bd9afdf749c484_/lib/python3.11/site-packages/certifi/py.typed	UNTRACKED		PROTECTED
final_report_files/snakemake_assemblers_benchmarking/snakemake_assemblers_benchmarking/.snakemake/conda/214640c6bd7ea03aa1bd9afdf749c484_/lib/python3.11/site-packages/certifi/tests/__init__.py	UNTRACKED		PROTECTED
final_report_files/snakemake_assemblers_benchmarking/snakemake_assemblers_benchmarking/.snakemake/conda/214640c6bd7ea03aa1bd9afdf749c484_/lib/python3.11/site-packages/charset_normalizer-3.4.9.dist-info/REQUESTED	UNTRACKED		PROTECTED
final_report_files/snakemake_assemblers_benchmarking/snakemake_assemblers_benchmarking/.snakemake/conda/214640c6bd7ea03aa1bd9afdf749c484_/lib/python3.11/site-packages/charset_normalizer/py.typed	UNTRACKED		PROTECTED
final_report_files/snakemake_assemblers_benchmarking/snakemake_assemblers_benchmarking/.snakemake/conda/214640c6bd7ea03aa1bd9afdf749c484_/lib/python3.11/site-packages/configargparse-1.7.5.dist-info/REQUESTED	UNTRACKED		PROTECTED
final_report_files/snakemake_assemblers_benchmarking/snakemake_assemblers_benchmarking/.snakemake/conda/214640c6bd7ea03aa1bd9afdf749c484_/lib/python3.11/site-packages/connection_pool-0.0.3.dist-info/REQUESTED	UNTRACKED		PROTECTED
final_report_files/snakemake_assemblers_benchmarking/snakemake_assemblers_benchmarking/.snakemake/conda/214640c6bd7ea03aa1bd9afdf749c484_/lib/python3.11/site-packages/datrie-0.8.3.dist-info/REQUESTED	UNTRACKED		PROTECTED
final_report_files/snakemake_assemblers_benchmarking/snakemake_assemblers_benchmarking/.snakemake/conda/214640c6bd7ea03aa1bd9afdf749c484_/lib/python3.11/site-packages/docutils-0.23.dist-info/REQUESTED	UNTRACKED		PROTECTED
final_report_files/snakemake_assemblers_benchmarking/snakemake_assemblers_benchmarking/.snakemake/conda/214640c6bd7ea03aa1bd9afdf749c484_/lib/python3.11/site-packages/dpath-2.2.0.dist-info/REQUESTED	UNTRACKED		PROTECTED
final_report_files/snakemake_assemblers_benchmarking/snakemake_assemblers_benchmarking/.snakemake/conda/214640c6bd7ea03aa1bd9afdf749c484_/lib/python3.11/site-packages/dpath/py.typed	UNTRACKED		PROTECTED
final_report_files/snakemake_assemblers_benchmarking/snakemake_assemblers_benchmarking/.snakemake/conda/214640c6bd7ea03aa1bd9afdf749c484_/lib/python3.11/site-packages/fastjsonschema-2.22.1.dist-info/REQUESTED	UNTRACKED		PROTECTED
final_report_files/snakemake_assemblers_benchmarking/snakemake_assemblers_benchmarking/.snakemake/conda/214640c6bd7ea03aa1bd9afdf749c484_/lib/python3.11/site-packages/git/py.typed	UNTRACKED		PROTECTED
final_report_files/snakemake_assemblers_benchmarking/snakemake_assemblers_benchmarking/.snakemake/conda/214640c6bd7ea03aa1bd9afdf749c484_/lib/python3.11/site-packages/gitdb-4.0.12.dist-info/REQUESTED	UNTRACKED		PROTECTED
final_report_files/snakemake_assemblers_benchmarking/snakemake_assemblers_benchmarking/.snakemake/conda/214640c6bd7ea03aa1bd9afdf749c484_/lib/python3.11/site-packages/gitdb/utils/__init__.py	UNTRACKED		PROTECTED
final_report_files/snakemake_assemblers_benchmarking/snakemake_assemblers_benchmarking/.snakemake/conda/214640c6bd7ea03aa1bd9afdf749c484_/lib/python3.11/site-packages/gitpython-3.1.57.dist-info/REQUESTED	UNTRACKED		PROTECTED
final_report_files/snakemake_assemblers_benchmarking/snakemake_assemblers_benchmarking/.snakemake/conda/214640c6bd7ea03aa1bd9afdf749c484_/lib/python3.11/site-packages/google/protobuf/compiler/__init__.py	UNTRACKED		PROTECTED
final_report_files/snakemake_assemblers_benchmarking/snakemake_assemblers_benchmarking/.snakemake/conda/214640c6bd7ea03aa1bd9afdf749c484_/lib/python3.11/site-packages/google/protobuf/pyext/__init__.py	UNTRACKED		PROTECTED
final_report_files/snakemake_assemblers_benchmarking/snakemake_assemblers_benchmarking/.snakemake/conda/214640c6bd7ea03aa1bd9afdf749c484_/lib/python3.11/site-packages/google/protobuf/util/__init__.py	UNTRACKED		PROTECTED
final_report_files/snakemake_assemblers_benchmarking/snakemake_assemblers_benchmarking/.snakemake/conda/214640c6bd7ea03aa1bd9afdf749c484_/lib/python3.11/site-packages/h2-4.4.1.dist-info/REQUESTED	UNTRACKED		PROTECTED
final_report_files/snakemake_assemblers_benchmarking/snakemake_assemblers_benchmarking/.snakemake/conda/214640c6bd7ea03aa1bd9afdf749c484_/lib/python3.11/site-packages/h2/py.typed	UNTRACKED		PROTECTED
final_report_files/snakemake_assemblers_benchmarking/snakemake_assemblers_benchmarking/.snakemake/conda/214640c6bd7ea03aa1bd9afdf749c484_/lib/python3.11/site-packages/hpack-4.2.0.dist-info/REQUESTED	UNTRACKED		PROTECTED
final_report_files/snakemake_assemblers_benchmarking/snakemake_assemblers_benchmarking/.snakemake/conda/214640c6bd7ea03aa1bd9afdf749c484_/lib/python3.11/site-packages/hpack/py.typed	UNTRACKED		PROTECTED
final_report_files/snakemake_assemblers_benchmarking/snakemake_assemblers_benchmarking/.snakemake/conda/214640c6bd7ea03aa1bd9afdf749c484_/lib/python3.11/site-packages/humanfriendly-10.0.dist-info/REQUESTED	UNTRACKED		PROTECTED
final_report_files/snakemake_assemblers_benchmarking/snakemake_assemblers_benchmarking/.snakemake/conda/214640c6bd7ea03aa1bd9afdf749c484_/lib/python3.11/site-packages/hyperframe-6.1.0.dist-info/REQUESTED	UNTRACKED		PROTECTED
final_report_files/snakemake_assemblers_benchmarking/snakemake_assemblers_benchmarking/.snakemake/conda/214640c6bd7ea03aa1bd9afdf749c484_/lib/python3.11/site-packages/hyperframe/py.typed	UNTRACKED		PROTECTED
final_report_files/snakemake_assemblers_benchmarking/snakemake_assemblers_benchmarking/.snakemake/conda/214640c6bd7ea03aa1bd9afdf749c484_/lib/python3.11/site-packages/idna-3.18.dist-info/REQUESTED	UNTRACKED		PROTECTED
final_report_files/snakemake_assemblers_benchmarking/snakemake_assemblers_benchmarking/.snakemake/conda/214640c6bd7ea03aa1bd9afdf749c484_/lib/python3.11/site-packages/idna/py.typed	UNTRACKED		PROTECTED
final_report_files/snakemake_assemblers_benchmarking/snakemake_assemblers_benchmarking/.snakemake/conda/214640c6bd7ea03aa1bd9afdf749c484_/lib/python3.11/site-packages/jinja2-3.1.6.dist-info/REQUESTED	UNTRACKED		PROTECTED
final_report_files/snakemake_assemblers_benchmarking/snakemake_assemblers_benchmarking/.snakemake/conda/214640c6bd7ea03aa1bd9afdf749c484_/lib/python3.11/site-packages/jinja2/py.typed	UNTRACKED		PROTECTED
final_report_files/snakemake_assemblers_benchmarking/snakemake_assemblers_benchmarking/.snakemake/conda/214640c6bd7ea03aa1bd9afdf749c484_/lib/python3.11/site-packages/jsonschema-4.26.0.dist-info/REQUESTED	UNTRACKED		PROTECTED
final_report_files/snakemake_assemblers_benchmarking/snakemake_assemblers_benchmarking/.snakemake/conda/214640c6bd7ea03aa1bd9afdf749c484_/lib/python3.11/site-packages/jsonschema/tests/__init__.py	UNTRACKED		PROTECTED
final_report_files/snakemake_assemblers_benchmarking/snakemake_assemblers_benchmarking/.snakemake/conda/214640c6bd7ea03aa1bd9afdf749c484_/lib/python3.11/site-packages/jsonschema/tests/typing/__init__.py	UNTRACKED		PROTECTED
final_report_files/snakemake_assemblers_benchmarking/snakemake_assemblers_benchmarking/.snakemake/conda/214640c6bd7ea03aa1bd9afdf749c484_/lib/python3.11/site-packages/jsonschema_specifications-2025.9.1.dist-info/REQUESTED	UNTRACKED		PROTECTED
final_report_files/snakemake_assemblers_benchmarking/snakemake_assemblers_benchmarking/.snakemake/conda/214640c6bd7ea03aa1bd9afdf749c484_/lib/python3.11/site-packages/jsonschema_specifications/tests/__init__.py	UNTRACKED		PROTECTED
final_report_files/snakemake_assemblers_benchmarking/snakemake_assemblers_benchmarking/.snakemake/conda/214640c6bd7ea03aa1bd9afdf749c484_/lib/python3.11/site-packages/jupyter_core-5.9.1.dist-info/REQUESTED	UNTRACKED		PROTECTED
final_report_files/snakemake_assemblers_benchmarking/snakemake_assemblers_benchmarking/.snakemake/conda/214640c6bd7ea03aa1bd9afdf749c484_/lib/python3.11/site-packages/jupyter_core/py.typed	UNTRACKED		PROTECTED
final_report_files/snakemake_assemblers_benchmarking/snakemake_assemblers_benchmarking/.snakemake/conda/214640c6bd7ea03aa1bd9afdf749c484_/lib/python3.11/site-packages/markupsafe-3.0.3.dist-info/REQUESTED	UNTRACKED		PROTECTED
final_report_files/snakemake_assemblers_benchmarking/snakemake_assemblers_benchmarking/.snakemake/conda/214640c6bd7ea03aa1bd9afdf749c484_/lib/python3.11/site-packages/markupsafe/py.typed	UNTRACKED		PROTECTED
final_report_files/snakemake_assemblers_benchmarking/snakemake_assemblers_benchmarking/.snakemake/conda/214640c6bd7ea03aa1bd9afdf749c484_/lib/python3.11/site-packages/nbformat-5.10.4.dist-info/REQUESTED	UNTRACKED		PROTECTED
final_report_files/snakemake_assemblers_benchmarking/snakemake_assemblers_benchmarking/.snakemake/conda/214640c6bd7ea03aa1bd9afdf749c484_/lib/python3.11/site-packages/nbformat/corpus/__init__.py	UNTRACKED		PROTECTED
final_report_files/snakemake_assemblers_benchmarking/snakemake_assemblers_benchmarking/.snakemake/conda/214640c6bd7ea03aa1bd9afdf749c484_/lib/python3.11/site-packages/nbformat/corpus/tests/__init__.py	UNTRACKED		PROTECTED
final_report_files/snakemake_assemblers_benchmarking/snakemake_assemblers_benchmarking/.snakemake/conda/214640c6bd7ea03aa1bd9afdf749c484_/lib/python3.11/site-packages/nbformat/py.typed	UNTRACKED		PROTECTED
final_report_files/snakemake_assemblers_benchmarking/snakemake_assemblers_benchmarking/.snakemake/conda/214640c6bd7ea03aa1bd9afdf749c484_/lib/python3.11/site-packages/networkx-3.5.dist-info/REQUESTED	UNTRACKED		PROTECTED
final_report_files/snakemake_assemblers_benchmarking/snakemake_assemblers_benchmarking/.snakemake/conda/214640c6bd7ea03aa1bd9afdf749c484_/lib/python3.11/site-packages/networkx/algorithms/approximation/tests/__init__.py	UNTRACKED		PROTECTED
final_report_files/snakemake_assemblers_benchmarking/snakemake_assemblers_benchmarking/.snakemake/conda/214640c6bd7ea03aa1bd9afdf749c484_/lib/python3.11/site-packages/networkx/algorithms/assortativity/tests/__init__.py	UNTRACKED		PROTECTED
final_report_files/snakemake_assemblers_benchmarking/snakemake_assemblers_benchmarking/.snakemake/conda/214640c6bd7ea03aa1bd9afdf749c484_/lib/python3.11/site-packages/networkx/algorithms/bipartite/tests/__init__.py	UNTRACKED		PROTECTED
final_report_files/snakemake_assemblers_benchmarking/snakemake_assemblers_benchmarking/.snakemake/conda/214640c6bd7ea03aa1bd9afdf749c484_/lib/python3.11/site-packages/networkx/algorithms/centrality/tests/__init__.py	UNTRACKED		PROTECTED
final_report_files/snakemake_assemblers_benchmarking/snakemake_assemblers_benchmarking/.snakemake/conda/214640c6bd7ea03aa1bd9afdf749c484_/lib/python3.11/site-packages/networkx/algorithms/coloring/tests/__init__.py	UNTRACKED		PROTECTED
final_report_files/snakemake_assemblers_benchmarking/snakemake_assemblers_benchmarking/.snakemake/conda/214640c6bd7ea03aa1bd9afdf749c484_/lib/python3.11/site-packages/networkx/algorithms/community/tests/__init__.py	UNTRACKED		PROTECTED
final_report_files/snakemake_assemblers_benchmarking/snakemake_assemblers_benchmarking/.snakemake/conda/214640c6bd7ea03aa1bd9afdf749c484_/lib/python3.11/site-packages/networkx/algorithms/components/tests/__init__.py	UNTRACKED		PROTECTED
final_report_files/snakemake_assemblers_benchmarking/snakemake_assemblers_benchmarking/.snakemake/conda/214640c6bd7ea03aa1bd9afdf749c484_/lib/python3.11/site-packages/networkx/algorithms/connectivity/tests/__init__.py	UNTRACKED		PROTECTED
final_report_files/snakemake_assemblers_benchmarking/snakemake_assemblers_benchmarking/.snakemake/conda/214640c6bd7ea03aa1bd9afdf749c484_/lib/python3.11/site-packages/networkx/algorithms/flow/tests/__init__.py	UNTRACKED		PROTECTED
final_report_files/snakemake_assemblers_benchmarking/snakemake_assemblers_benchmarking/.snakemake/conda/214640c6bd7ea03aa1bd9afdf749c484_/lib/python3.11/site-packages/networkx/algorithms/isomorphism/tests/__init__.py	UNTRACKED		PROTECTED
final_report_files/snakemake_assemblers_benchmarking/snakemake_assemblers_benchmarking/.snakemake/conda/214640c6bd7ea03aa1bd9afdf749c484_/lib/python3.11/site-packages/networkx/algorithms/link_analysis/tests/__init__.py	UNTRACKED		PROTECTED
final_report_files/snakemake_assemblers_benchmarking/snakemake_assemblers_benchmarking/.snakemake/conda/214640c6bd7ea03aa1bd9afdf749c484_/lib/python3.11/site-packages/networkx/algorithms/operators/tests/__init__.py	UNTRACKED		PROTECTED
final_report_files/snakemake_assemblers_benchmarking/snakemake_assemblers_benchmarking/.snakemake/conda/214640c6bd7ea03aa1bd9afdf749c484_/lib/python3.11/site-packages/networkx/algorithms/shortest_paths/tests/__init__.py	UNTRACKED		PROTECTED
final_report_files/snakemake_assemblers_benchmarking/snakemake_assemblers_benchmarking/.snakemake/conda/214640c6bd7ea03aa1bd9afdf749c484_/lib/python3.11/site-packages/networkx/algorithms/tests/__init__.py	UNTRACKED		PROTECTED
final_report_files/snakemake_assemblers_benchmarking/snakemake_assemblers_benchmarking/.snakemake/conda/214640c6bd7ea03aa1bd9afdf749c484_/lib/python3.11/site-packages/networkx/algorithms/traversal/tests/__init__.py	UNTRACKED		PROTECTED
final_report_files/snakemake_assemblers_benchmarking/snakemake_assemblers_benchmarking/.snakemake/conda/214640c6bd7ea03aa1bd9afdf749c484_/lib/python3.11/site-packages/networkx/algorithms/tree/tests/__init__.py	UNTRACKED		PROTECTED
final_report_files/snakemake_assemblers_benchmarking/snakemake_assemblers_benchmarking/.snakemake/conda/214640c6bd7ea03aa1bd9afdf749c484_/lib/python3.11/site-packages/networkx/classes/tests/__init__.py	UNTRACKED		PROTECTED
final_report_files/snakemake_assemblers_benchmarking/snakemake_assemblers_benchmarking/.snakemake/conda/214640c6bd7ea03aa1bd9afdf749c484_/lib/python3.11/site-packages/networkx/drawing/tests/__init__.py	UNTRACKED		PROTECTED
final_report_files/snakemake_assemblers_benchmarking/snakemake_assemblers_benchmarking/.snakemake/conda/214640c6bd7ea03aa1bd9afdf749c484_/lib/python3.11/site-packages/networkx/generators/tests/__init__.py	UNTRACKED		PROTECTED
final_report_files/snakemake_assemblers_benchmarking/snakemake_assemblers_benchmarking/.snakemake/conda/214640c6bd7ea03aa1bd9afdf749c484_/lib/python3.11/site-packages/networkx/linalg/tests/__init__.py	UNTRACKED		PROTECTED
final_report_files/snakemake_assemblers_benchmarking/snakemake_assemblers_benchmarking/.snakemake/conda/214640c6bd7ea03aa1bd9afdf749c484_/lib/python3.11/site-packages/networkx/readwrite/json_graph/tests/__init__.py	UNTRACKED		PROTECTED
final_report_files/snakemake_assemblers_benchmarking/snakemake_assemblers_benchmarking/.snakemake/conda/214640c6bd7ea03aa1bd9afdf749c484_/lib/python3.11/site-packages/networkx/readwrite/tests/__init__.py	UNTRACKED		PROTECTED
final_report_files/snakemake_assemblers_benchmarking/snakemake_assemblers_benchmarking/.snakemake/conda/214640c6bd7ea03aa1bd9afdf749c484_/lib/python3.11/site-packages/networkx/tests/__init__.py	UNTRACKED		PROTECTED
final_report_files/snakemake_assemblers_benchmarking/snakemake_assemblers_benchmarking/.snakemake/conda/214640c6bd7ea03aa1bd9afdf749c484_/lib/python3.11/site-packages/networkx/utils/tests/__init__.py	UNTRACKED		PROTECTED
final_report_files/snakemake_assemblers_benchmarking/snakemake_assemblers_benchmarking/.snakemake/conda/214640c6bd7ea03aa1bd9afdf749c484_/lib/python3.11/site-packages/numpy-2.4.6.dist-info/REQUESTED	UNTRACKED		PROTECTED
final_report_files/snakemake_assemblers_benchmarking/snakemake_assemblers_benchmarking/.snakemake/conda/214640c6bd7ea03aa1bd9afdf749c484_/lib/python3.11/site-packages/numpy/_pyinstaller/__init__.py	UNTRACKED		PROTECTED
final_report_files/snakemake_assemblers_benchmarking/snakemake_assemblers_benchmarking/.snakemake/conda/214640c6bd7ea03aa1bd9afdf749c484_/lib/python3.11/site-packages/numpy/_pyinstaller/__init__.pyi	UNTRACKED		PROTECTED
final_report_files/snakemake_assemblers_benchmarking/snakemake_assemblers_benchmarking/.snakemake/conda/214640c6bd7ea03aa1bd9afdf749c484_/lib/python3.11/site-packages/numpy/core/__init__.pyi	UNTRACKED		PROTECTED
final_report_files/snakemake_assemblers_benchmarking/snakemake_assemblers_benchmarking/.snakemake/conda/214640c6bd7ea03aa1bd9afdf749c484_/lib/python3.11/site-packages/numpy/core/_dtype.pyi	UNTRACKED		PROTECTED
final_report_files/snakemake_assemblers_benchmarking/snakemake_assemblers_benchmarking/.snakemake/conda/214640c6bd7ea03aa1bd9afdf749c484_/lib/python3.11/site-packages/numpy/core/_dtype_ctypes.pyi	UNTRACKED		PROTECTED
final_report_files/snakemake_assemblers_benchmarking/snakemake_assemblers_benchmarking/.snakemake/conda/214640c6bd7ea03aa1bd9afdf749c484_/lib/python3.11/site-packages/numpy/distutils/tests/__init__.py	UNTRACKED		PROTECTED
final_report_files/snakemake_assemblers_benchmarking/snakemake_assemblers_benchmarking/.snakemake/conda/214640c6bd7ea03aa1bd9afdf749c484_/lib/python3.11/site-packages/numpy/fft/tests/__init__.py	UNTRACKED		PROTECTED
final_report_files/snakemake_assemblers_benchmarking/snakemake_assemblers_benchmarking/.snakemake/conda/214640c6bd7ea03aa1bd9afdf749c484_/lib/python3.11/site-packages/numpy/lib/tests/__init__.py	UNTRACKED		PROTECTED
final_report_files/snakemake_assemblers_benchmarking/snakemake_assemblers_benchmarking/.snakemake/conda/214640c6bd7ea03aa1bd9afdf749c484_/lib/python3.11/site-packages/numpy/linalg/tests/__init__.py	UNTRACKED		PROTECTED
final_report_files/snakemake_assemblers_benchmarking/snakemake_assemblers_benchmarking/.snakemake/conda/214640c6bd7ea03aa1bd9afdf749c484_/lib/python3.11/site-packages/numpy/ma/tests/__init__.py	UNTRACKED		PROTECTED
final_report_files/snakemake_assemblers_benchmarking/snakemake_assemblers_benchmarking/.snakemake/conda/214640c6bd7ea03aa1bd9afdf749c484_/lib/python3.11/site-packages/numpy/matrixlib/tests/__init__.py	UNTRACKED		PROTECTED
final_report_files/snakemake_assemblers_benchmarking/snakemake_assemblers_benchmarking/.snakemake/conda/214640c6bd7ea03aa1bd9afdf749c484_/lib/python3.11/site-packages/numpy/polynomial/tests/__init__.py	UNTRACKED		PROTECTED
final_report_files/snakemake_assemblers_benchmarking/snakemake_assemblers_benchmarking/.snakemake/conda/214640c6bd7ea03aa1bd9afdf749c484_/lib/python3.11/site-packages/numpy/py.typed	UNTRACKED		PROTECTED
final_report_files/snakemake_assemblers_benchmarking/snakemake_assemblers_benchmarking/.snakemake/conda/214640c6bd7ea03aa1bd9afdf749c484_/lib/python3.11/site-packages/numpy/random/tests/__init__.py	UNTRACKED		PROTECTED
final_report_files/snakemake_assemblers_benchmarking/snakemake_assemblers_benchmarking/.snakemake/conda/214640c6bd7ea03aa1bd9afdf749c484_/lib/python3.11/site-packages/numpy/random/tests/data/__init__.py	UNTRACKED		PROTECTED
final_report_files/snakemake_assemblers_benchmarking/snakemake_assemblers_benchmarking/.snakemake/conda/214640c6bd7ea03aa1bd9afdf749c484_/lib/python3.11/site-packages/numpy/testing/_private/__init__.py	UNTRACKED		PROTECTED
final_report_files/snakemake_assemblers_benchmarking/snakemake_assemblers_benchmarking/.snakemake/conda/214640c6bd7ea03aa1bd9afdf749c484_/lib/python3.11/site-packages/numpy/testing/_private/__init__.pyi	UNTRACKED		PROTECTED
final_report_files/snakemake_assemblers_benchmarking/snakemake_assemblers_benchmarking/.snakemake/conda/214640c6bd7ea03aa1bd9afdf749c484_/lib/python3.11/site-packages/numpy/testing/tests/__init__.py	UNTRACKED		PROTECTED
final_report_files/snakemake_assemblers_benchmarking/snakemake_assemblers_benchmarking/.snakemake/conda/214640c6bd7ea03aa1bd9afdf749c484_/lib/python3.11/site-packages/numpy/tests/__init__.py	UNTRACKED		PROTECTED
final_report_files/snakemake_assemblers_benchmarking/snakemake_assemblers_benchmarking/.snakemake/conda/214640c6bd7ea03aa1bd9afdf749c484_/lib/python3.11/site-packages/numpy/typing/tests/__init__.py	UNTRACKED		PROTECTED
final_report_files/snakemake_assemblers_benchmarking/snakemake_assemblers_benchmarking/.snakemake/conda/214640c6bd7ea03aa1bd9afdf749c484_/lib/python3.11/site-packages/packaging-26.2.dist-info/REQUESTED	UNTRACKED		PROTECTED
final_report_files/snakemake_assemblers_benchmarking/snakemake_assemblers_benchmarking/.snakemake/conda/214640c6bd7ea03aa1bd9afdf749c484_/lib/python3.11/site-packages/packaging/py.typed	UNTRACKED		PROTECTED
final_report_files/snakemake_assemblers_benchmarking/snakemake_assemblers_benchmarking/.snakemake/conda/214640c6bd7ea03aa1bd9afdf749c484_/lib/python3.11/site-packages/parasail-1.3.4.dist-info/REQUESTED	UNTRACKED		PROTECTED
final_report_files/snakemake_assemblers_benchmarking/snakemake_assemblers_benchmarking/.snakemake/conda/214640c6bd7ea03aa1bd9afdf749c484_/lib/python3.11/site-packages/pkg_resources/py.typed	UNTRACKED		PROTECTED
final_report_files/snakemake_assemblers_benchmarking/snakemake_assemblers_benchmarking/.snakemake/conda/214640c6bd7ea03aa1bd9afdf749c484_/lib/python3.11/site-packages/pkg_resources/tests/__init__.py	UNTRACKED		PROTECTED
final_report_files/snakemake_assemblers_benchmarking/snakemake_assemblers_benchmarking/.snakemake/conda/214640c6bd7ea03aa1bd9afdf749c484_/lib/python3.11/site-packages/pkg_resources/tests/data/my-test-package-source/setup.cfg	UNTRACKED		PROTECTED
final_report_files/snakemake_assemblers_benchmarking/snakemake_assemblers_benchmarking/.snakemake/conda/214640c6bd7ea03aa1bd9afdf749c484_/lib/python3.11/site-packages/platformdirs-4.11.0.dist-info/REQUESTED	UNTRACKED		PROTECTED
final_report_files/snakemake_assemblers_benchmarking/snakemake_assemblers_benchmarking/.snakemake/conda/214640c6bd7ea03aa1bd9afdf749c484_/lib/python3.11/site-packages/platformdirs/py.typed	UNTRACKED		PROTECTED
final_report_files/snakemake_assemblers_benchmarking/snakemake_assemblers_benchmarking/.snakemake/conda/214640c6bd7ea03aa1bd9afdf749c484_/lib/python3.11/site-packages/protobuf-4.25.3.dist-info/REQUESTED	UNTRACKED		PROTECTED
final_report_files/snakemake_assemblers_benchmarking/snakemake_assemblers_benchmarking/.snakemake/conda/214640c6bd7ea03aa1bd9afdf749c484_/lib/python3.11/site-packages/psutil-7.2.2.dist-info/REQUESTED	UNTRACKED		PROTECTED
final_report_files/snakemake_assemblers_benchmarking/snakemake_assemblers_benchmarking/.snakemake/conda/214640c6bd7ea03aa1bd9afdf749c484_/lib/python3.11/site-packages/pulp/solverdir/__init__.py	UNTRACKED		PROTECTED
final_report_files/snakemake_assemblers_benchmarking/snakemake_assemblers_benchmarking/.snakemake/conda/214640c6bd7ea03aa1bd9afdf749c484_/lib/python3.11/site-packages/pulp/solverdir/cbc/linux/32/__init__.py	UNTRACKED		PROTECTED
final_report_files/snakemake_assemblers_benchmarking/snakemake_assemblers_benchmarking/.snakemake/conda/214640c6bd7ea03aa1bd9afdf749c484_/lib/python3.11/site-packages/pulp/solverdir/cbc/linux/64/__init__.py	UNTRACKED		PROTECTED
final_report_files/snakemake_assemblers_benchmarking/snakemake_assemblers_benchmarking/.snakemake/conda/214640c6bd7ea03aa1bd9afdf749c484_/lib/python3.11/site-packages/pulp/solverdir/cbc/osx/64/__init__.py	UNTRACKED		PROTECTED
final_report_files/snakemake_assemblers_benchmarking/snakemake_assemblers_benchmarking/.snakemake/conda/214640c6bd7ea03aa1bd9afdf749c484_/lib/python3.11/site-packages/pulp/solverdir/cbc/win/32/__init__.py	UNTRACKED		PROTECTED
final_report_files/snakemake_assemblers_benchmarking/snakemake_assemblers_benchmarking/.snakemake/conda/214640c6bd7ea03aa1bd9afdf749c484_/lib/python3.11/site-packages/pulp/solverdir/cbc/win/64/__init__.py	UNTRACKED		PROTECTED
final_report_files/snakemake_assemblers_benchmarking/snakemake_assemblers_benchmarking/.snakemake/conda/214640c6bd7ea03aa1bd9afdf749c484_/lib/python3.11/site-packages/pyparsing-3.3.2.dist-info/REQUESTED	UNTRACKED		PROTECTED
final_report_files/snakemake_assemblers_benchmarking/snakemake_assemblers_benchmarking/.snakemake/conda/214640c6bd7ea03aa1bd9afdf749c484_/lib/python3.11/site-packages/pyparsing/ai/__init__.py	UNTRACKED		PROTECTED
final_report_files/snakemake_assemblers_benchmarking/snakemake_assemblers_benchmarking/.snakemake/conda/214640c6bd7ea03aa1bd9afdf749c484_/lib/python3.11/site-packages/pyparsing/ai/show_best_practices/__init__.py	UNTRACKED		PROTECTED
final_report_files/snakemake_assemblers_benchmarking/snakemake_assemblers_benchmarking/.snakemake/conda/214640c6bd7ea03aa1bd9afdf749c484_/lib/python3.11/site-packages/pyparsing/py.typed	UNTRACKED		PROTECTED
final_report_files/snakemake_assemblers_benchmarking/snakemake_assemblers_benchmarking/.snakemake/conda/214640c6bd7ea03aa1bd9afdf749c484_/lib/python3.11/site-packages/pyparsing/tools/__init__.py	UNTRACKED		PROTECTED
final_report_files/snakemake_assemblers_benchmarking/snakemake_assemblers_benchmarking/.snakemake/conda/214640c6bd7ea03aa1bd9afdf749c484_/lib/python3.11/site-packages/pysam/include/__init__.py	UNTRACKED		PROTECTED
final_report_files/snakemake_assemblers_benchmarking/snakemake_assemblers_benchmarking/.snakemake/conda/214640c6bd7ea03aa1bd9afdf749c484_/lib/python3.11/site-packages/pysam/libcvcf.pyi	UNTRACKED		PROTECTED
final_report_files/snakemake_assemblers_benchmarking/snakemake_assemblers_benchmarking/.snakemake/conda/214640c6bd7ea03aa1bd9afdf749c484_/lib/python3.11/site-packages/pysam/py.typed	UNTRACKED		PROTECTED
final_report_files/snakemake_assemblers_benchmarking/snakemake_assemblers_benchmarking/.snakemake/conda/214640c6bd7ea03aa1bd9afdf749c484_/lib/python3.11/site-packages/pyyaml-6.0.3.dist-info/REQUESTED	UNTRACKED		PROTECTED
final_report_files/snakemake_assemblers_benchmarking/snakemake_assemblers_benchmarking/.snakemake/conda/214640c6bd7ea03aa1bd9afdf749c484_/lib/python3.11/site-packages/referencing-0.37.0.dist-info/REQUESTED	UNTRACKED		PROTECTED
final_report_files/snakemake_assemblers_benchmarking/snakemake_assemblers_benchmarking/.snakemake/conda/214640c6bd7ea03aa1bd9afdf749c484_/lib/python3.11/site-packages/referencing/py.typed	UNTRACKED		PROTECTED
final_report_files/snakemake_assemblers_benchmarking/snakemake_assemblers_benchmarking/.snakemake/conda/214640c6bd7ea03aa1bd9afdf749c484_/lib/python3.11/site-packages/referencing/tests/__init__.py	UNTRACKED		PROTECTED
final_report_files/snakemake_assemblers_benchmarking/snakemake_assemblers_benchmarking/.snakemake/conda/214640c6bd7ea03aa1bd9afdf749c484_/lib/python3.11/site-packages/requests-2.34.2.dist-info/REQUESTED	UNTRACKED		PROTECTED
final_report_files/snakemake_assemblers_benchmarking/snakemake_assemblers_benchmarking/.snakemake/conda/214640c6bd7ea03aa1bd9afdf749c484_/lib/python3.11/site-packages/requests/py.typed	UNTRACKED		PROTECTED
final_report_files/snakemake_assemblers_benchmarking/snakemake_assemblers_benchmarking/.snakemake/conda/214640c6bd7ea03aa1bd9afdf749c484_/lib/python3.11/site-packages/reretry-0.11.8.dist-info/REQUESTED	UNTRACKED		PROTECTED
final_report_files/snakemake_assemblers_benchmarking/snakemake_assemblers_benchmarking/.snakemake/conda/214640c6bd7ea03aa1bd9afdf749c484_/lib/python3.11/site-packages/rpds/py.typed	UNTRACKED		PROTECTED
final_report_files/snakemake_assemblers_benchmarking/snakemake_assemblers_benchmarking/.snakemake/conda/214640c6bd7ea03aa1bd9afdf749c484_/lib/python3.11/site-packages/rpds_py-2026.6.3.dist-info/REQUESTED	UNTRACKED		PROTECTED
final_report_files/snakemake_assemblers_benchmarking/snakemake_assemblers_benchmarking/.snakemake/conda/214640c6bd7ea03aa1bd9afdf749c484_/lib/python3.11/site-packages/setuptools/_distutils/tests/compat/__init__.py	UNTRACKED		PROTECTED
final_report_files/snakemake_assemblers_benchmarking/snakemake_assemblers_benchmarking/.snakemake/conda/214640c6bd7ea03aa1bd9afdf749c484_/lib/python3.11/site-packages/setuptools/_distutils/tests/test_versionpredicate.py	UNTRACKED		PROTECTED
final_report_files/snakemake_assemblers_benchmarking/snakemake_assemblers_benchmarking/.snakemake/conda/214640c6bd7ea03aa1bd9afdf749c484_/lib/python3.11/site-packages/setuptools/_vendor/.lock	UNTRACKED	MARKER	PROTECTED
final_report_files/snakemake_assemblers_benchmarking/snakemake_assemblers_benchmarking/.snakemake/conda/214640c6bd7ea03aa1bd9afdf749c484_/lib/python3.11/site-packages/setuptools/_vendor/autocommand-2.2.2.dist-info/REQUESTED	UNTRACKED		PROTECTED
final_report_files/snakemake_assemblers_benchmarking/snakemake_assemblers_benchmarking/.snakemake/conda/214640c6bd7ea03aa1bd9afdf749c484_/lib/python3.11/site-packages/setuptools/_vendor/backports.tarfile-1.2.0.dist-info/REQUESTED	UNTRACKED		PROTECTED
final_report_files/snakemake_assemblers_benchmarking/snakemake_assemblers_benchmarking/.snakemake/conda/214640c6bd7ea03aa1bd9afdf749c484_/lib/python3.11/site-packages/setuptools/_vendor/backports/tarfile/compat/__init__.py	UNTRACKED		PROTECTED
final_report_files/snakemake_assemblers_benchmarking/snakemake_assemblers_benchmarking/.snakemake/conda/214640c6bd7ea03aa1bd9afdf749c484_/lib/python3.11/site-packages/setuptools/_vendor/importlib_metadata-8.7.1.dist-info/REQUESTED	UNTRACKED		PROTECTED
final_report_files/snakemake_assemblers_benchmarking/snakemake_assemblers_benchmarking/.snakemake/conda/214640c6bd7ea03aa1bd9afdf749c484_/lib/python3.11/site-packages/setuptools/_vendor/importlib_metadata/compat/__init__.py	UNTRACKED		PROTECTED
final_report_files/snakemake_assemblers_benchmarking/snakemake_assemblers_benchmarking/.snakemake/conda/214640c6bd7ea03aa1bd9afdf749c484_/lib/python3.11/site-packages/setuptools/_vendor/importlib_metadata/py.typed	UNTRACKED		PROTECTED
final_report_files/snakemake_assemblers_benchmarking/snakemake_assemblers_benchmarking/.snakemake/conda/214640c6bd7ea03aa1bd9afdf749c484_/lib/python3.11/site-packages/setuptools/_vendor/jaraco.text-4.0.0.dist-info/REQUESTED	UNTRACKED		PROTECTED
final_report_files/snakemake_assemblers_benchmarking/snakemake_assemblers_benchmarking/.snakemake/conda/214640c6bd7ea03aa1bd9afdf749c484_/lib/python3.11/site-packages/setuptools/_vendor/jaraco/context/py.typed	UNTRACKED		PROTECTED
final_report_files/snakemake_assemblers_benchmarking/snakemake_assemblers_benchmarking/.snakemake/conda/214640c6bd7ea03aa1bd9afdf749c484_/lib/python3.11/site-packages/setuptools/_vendor/jaraco/functools/py.typed	UNTRACKED		PROTECTED
final_report_files/snakemake_assemblers_benchmarking/snakemake_assemblers_benchmarking/.snakemake/conda/214640c6bd7ea03aa1bd9afdf749c484_/lib/python3.11/site-packages/setuptools/_vendor/jaraco_context-6.1.0.dist-info/REQUESTED	UNTRACKED		PROTECTED
final_report_files/snakemake_assemblers_benchmarking/snakemake_assemblers_benchmarking/.snakemake/conda/214640c6bd7ea03aa1bd9afdf749c484_/lib/python3.11/site-packages/setuptools/_vendor/jaraco_functools-4.4.0.dist-info/REQUESTED	UNTRACKED		PROTECTED
final_report_files/snakemake_assemblers_benchmarking/snakemake_assemblers_benchmarking/.snakemake/conda/214640c6bd7ea03aa1bd9afdf749c484_/lib/python3.11/site-packages/setuptools/_vendor/more_itertools-10.8.0.dist-info/REQUESTED	UNTRACKED		PROTECTED
final_report_files/snakemake_assemblers_benchmarking/snakemake_assemblers_benchmarking/.snakemake/conda/214640c6bd7ea03aa1bd9afdf749c484_/lib/python3.11/site-packages/setuptools/_vendor/more_itertools/py.typed	UNTRACKED		PROTECTED
final_report_files/snakemake_assemblers_benchmarking/snakemake_assemblers_benchmarking/.snakemake/conda/214640c6bd7ea03aa1bd9afdf749c484_/lib/python3.11/site-packages/setuptools/_vendor/packaging-26.0.dist-info/REQUESTED	UNTRACKED		PROTECTED
final_report_files/snakemake_assemblers_benchmarking/snakemake_assemblers_benchmarking/.snakemake/conda/214640c6bd7ea03aa1bd9afdf749c484_/lib/python3.11/site-packages/setuptools/_vendor/packaging/py.typed	UNTRACKED		PROTECTED
final_report_files/snakemake_assemblers_benchmarking/snakemake_assemblers_benchmarking/.snakemake/conda/214640c6bd7ea03aa1bd9afdf749c484_/lib/python3.11/site-packages/setuptools/_vendor/platformdirs-4.4.0.dist-info/REQUESTED	UNTRACKED		PROTECTED
final_report_files/snakemake_assemblers_benchmarking/snakemake_assemblers_benchmarking/.snakemake/conda/214640c6bd7ea03aa1bd9afdf749c484_/lib/python3.11/site-packages/setuptools/_vendor/platformdirs/py.typed	UNTRACKED		PROTECTED
final_report_files/snakemake_assemblers_benchmarking/snakemake_assemblers_benchmarking/.snakemake/conda/214640c6bd7ea03aa1bd9afdf749c484_/lib/python3.11/site-packages/setuptools/_vendor/tomli-2.4.0.dist-info/REQUESTED	UNTRACKED		PROTECTED
final_report_files/snakemake_assemblers_benchmarking/snakemake_assemblers_benchmarking/.snakemake/conda/214640c6bd7ea03aa1bd9afdf749c484_/lib/python3.11/site-packages/setuptools/_vendor/wheel-0.46.3.dist-info/REQUESTED	UNTRACKED		PROTECTED
final_report_files/snakemake_assemblers_benchmarking/snakemake_assemblers_benchmarking/.snakemake/conda/214640c6bd7ea03aa1bd9afdf749c484_/lib/python3.11/site-packages/setuptools/_vendor/zipp-3.23.0.dist-info/REQUESTED	UNTRACKED		PROTECTED
final_report_files/snakemake_assemblers_benchmarking/snakemake_assemblers_benchmarking/.snakemake/conda/214640c6bd7ea03aa1bd9afdf749c484_/lib/python3.11/site-packages/setuptools/_vendor/zipp/compat/__init__.py	UNTRACKED		PROTECTED
final_report_files/snakemake_assemblers_benchmarking/snakemake_assemblers_benchmarking/.snakemake/conda/214640c6bd7ea03aa1bd9afdf749c484_/lib/python3.11/site-packages/setuptools/compat/__init__.py	UNTRACKED		PROTECTED
final_report_files/snakemake_assemblers_benchmarking/snakemake_assemblers_benchmarking/.snakemake/conda/214640c6bd7ea03aa1bd9afdf749c484_/lib/python3.11/site-packages/setuptools/tests/compat/__init__.py	UNTRACKED		PROTECTED
final_report_files/snakemake_assemblers_benchmarking/snakemake_assemblers_benchmarking/.snakemake/conda/214640c6bd7ea03aa1bd9afdf749c484_/lib/python3.11/site-packages/setuptools/tests/config/__init__.py	UNTRACKED		PROTECTED
final_report_files/snakemake_assemblers_benchmarking/snakemake_assemblers_benchmarking/.snakemake/conda/214640c6bd7ea03aa1bd9afdf749c484_/lib/python3.11/site-packages/setuptools/tests/integration/__init__.py	UNTRACKED		PROTECTED
final_report_files/snakemake_assemblers_benchmarking/snakemake_assemblers_benchmarking/.snakemake/conda/214640c6bd7ea03aa1bd9afdf749c484_/lib/python3.11/site-packages/smart_open-8.0.1.dist-info/REQUESTED	UNTRACKED		PROTECTED
final_report_files/snakemake_assemblers_benchmarking/snakemake_assemblers_benchmarking/.snakemake/conda/214640c6bd7ea03aa1bd9afdf749c484_/lib/python3.11/site-packages/smart_open/py.typed	UNTRACKED		PROTECTED
final_report_files/snakemake_assemblers_benchmarking/snakemake_assemblers_benchmarking/.snakemake/conda/214640c6bd7ea03aa1bd9afdf749c484_/lib/python3.11/site-packages/smmap-5.0.3.dist-info/REQUESTED	UNTRACKED		PROTECTED
final_report_files/snakemake_assemblers_benchmarking/snakemake_assemblers_benchmarking/.snakemake/conda/214640c6bd7ea03aa1bd9afdf749c484_/lib/python3.11/site-packages/smmap/test/__init__.py	UNTRACKED		PROTECTED
final_report_files/snakemake_assemblers_benchmarking/snakemake_assemblers_benchmarking/.snakemake/conda/214640c6bd7ea03aa1bd9afdf749c484_/lib/python3.11/site-packages/snakemake-7.32.4.dist-info/AUTHORS.rst	UNTRACKED		PROTECTED
final_report_files/snakemake_assemblers_benchmarking/snakemake_assemblers_benchmarking/.snakemake/conda/214640c6bd7ea03aa1bd9afdf749c484_/lib/python3.11/site-packages/snakemake-7.32.4.dist-info/REQUESTED	UNTRACKED		PROTECTED
final_report_files/snakemake_assemblers_benchmarking/snakemake_assemblers_benchmarking/.snakemake/conda/214640c6bd7ea03aa1bd9afdf749c484_/lib/python3.11/site-packages/snakemake/deployment/__init__.py	UNTRACKED		PROTECTED
final_report_files/snakemake_assemblers_benchmarking/snakemake_assemblers_benchmarking/.snakemake/conda/214640c6bd7ea03aa1bd9afdf749c484_/lib/python3.11/site-packages/snakemake/executors/slurm/__init__.py	UNTRACKED		PROTECTED
final_report_files/snakemake_assemblers_benchmarking/snakemake_assemblers_benchmarking/.snakemake/conda/214640c6bd7ea03aa1bd9afdf749c484_/lib/python3.11/site-packages/snakemake/report/template/__init__.py	UNTRACKED		PROTECTED
final_report_files/snakemake_assemblers_benchmarking/snakemake_assemblers_benchmarking/.snakemake/conda/214640c6bd7ea03aa1bd9afdf749c484_/lib/python3.11/site-packages/snakemake/report/template/components/__init__.py	UNTRACKED		PROTECTED
final_report_files/snakemake_assemblers_benchmarking/snakemake_assemblers_benchmarking/.snakemake/conda/214640c6bd7ea03aa1bd9afdf749c484_/lib/python3.11/site-packages/snakemake/unit_tests/templates/__init__.py	UNTRACKED		PROTECTED
final_report_files/snakemake_assemblers_benchmarking/snakemake_assemblers_benchmarking/.snakemake/conda/214640c6bd7ea03aa1bd9afdf749c484_/lib/python3.11/site-packages/stopit-1.1.2.dist-info/REQUESTED	UNTRACKED		PROTECTED
final_report_files/snakemake_assemblers_benchmarking/snakemake_assemblers_benchmarking/.snakemake/conda/214640c6bd7ea03aa1bd9afdf749c484_/lib/python3.11/site-packages/tabulate-0.10.0.dist-info/REQUESTED	UNTRACKED		PROTECTED
final_report_files/snakemake_assemblers_benchmarking/snakemake_assemblers_benchmarking/.snakemake/conda/214640c6bd7ea03aa1bd9afdf749c484_/lib/python3.11/site-packages/throttler-1.2.2.dist-info/REQUESTED	UNTRACKED		PROTECTED
final_report_files/snakemake_assemblers_benchmarking/snakemake_assemblers_benchmarking/.snakemake/conda/214640c6bd7ea03aa1bd9afdf749c484_/lib/python3.11/site-packages/toml-0.10.2.dist-info/REQUESTED	UNTRACKED		PROTECTED
final_report_files/snakemake_assemblers_benchmarking/snakemake_assemblers_benchmarking/.snakemake/conda/214640c6bd7ea03aa1bd9afdf749c484_/lib/python3.11/site-packages/toposort-1.10.dist-info/REQUESTED	UNTRACKED		PROTECTED
final_report_files/snakemake_assemblers_benchmarking/snakemake_assemblers_benchmarking/.snakemake/conda/214640c6bd7ea03aa1bd9afdf749c484_/lib/python3.11/site-packages/traitlets-5.16.1.dist-info/REQUESTED	UNTRACKED		PROTECTED
final_report_files/snakemake_assemblers_benchmarking/snakemake_assemblers_benchmarking/.snakemake/conda/214640c6bd7ea03aa1bd9afdf749c484_/lib/python3.11/site-packages/traitlets/py.typed	UNTRACKED		PROTECTED
final_report_files/snakemake_assemblers_benchmarking/snakemake_assemblers_benchmarking/.snakemake/conda/214640c6bd7ea03aa1bd9afdf749c484_/lib/python3.11/site-packages/traitlets/tests/__init__.py	UNTRACKED		PROTECTED
final_report_files/snakemake_assemblers_benchmarking/snakemake_assemblers_benchmarking/.snakemake/conda/214640c6bd7ea03aa1bd9afdf749c484_/lib/python3.11/site-packages/typing_extensions-4.16.0.dist-info/REQUESTED	UNTRACKED		PROTECTED
final_report_files/snakemake_assemblers_benchmarking/snakemake_assemblers_benchmarking/.snakemake/conda/214640c6bd7ea03aa1bd9afdf749c484_/lib/python3.11/site-packages/urllib3-2.7.0.dist-info/REQUESTED	UNTRACKED		PROTECTED
final_report_files/snakemake_assemblers_benchmarking/snakemake_assemblers_benchmarking/.snakemake/conda/214640c6bd7ea03aa1bd9afdf749c484_/lib/python3.11/site-packages/urllib3/contrib/__init__.py	UNTRACKED		PROTECTED
final_report_files/snakemake_assemblers_benchmarking/snakemake_assemblers_benchmarking/.snakemake/conda/214640c6bd7ea03aa1bd9afdf749c484_/lib/python3.11/site-packages/wrapt-2.3.0.dist-info/REQUESTED	UNTRACKED		PROTECTED
final_report_files/snakemake_assemblers_benchmarking/snakemake_assemblers_benchmarking/.snakemake/conda/214640c6bd7ea03aa1bd9afdf749c484_/lib/python3.11/site-packages/yte-1.9.4.dist-info/REQUESTED	UNTRACKED		PROTECTED
final_report_files/snakemake_assemblers_benchmarking/snakemake_assemblers_benchmarking/.snakemake/conda/214640c6bd7ea03aa1bd9afdf749c484_/lib/python3.11/urllib/__init__.py	UNTRACKED		PROTECTED
final_report_files/snakemake_assemblers_benchmarking/snakemake_assemblers_benchmarking/.snakemake/conda/214640c6bd7ea03aa1bd9afdf749c484_/ssl/certs/.keep	UNTRACKED		PROTECTED
final_report_files/snakemake_assemblers_benchmarking/snakemake_assemblers_benchmarking/.snakemake/conda/214640c6bd7ea03aa1bd9afdf749c484_/x86_64-conda-linux-gnu/sysroot/lib64/gconv/gconv-modules.cache	UNTRACKED		PROTECTED
final_report_files/snakemake_assemblers_benchmarking/snakemake_assemblers_benchmarking/.snakemake/conda/97b9f9c8283c62dedf87884172e5715e_.env_setup_done	UNTRACKED		PROTECTED
final_report_files/snakemake_assemblers_benchmarking/snakemake_assemblers_benchmarking/.snakemake/conda/b7e368898dd31c80dbf249ab343a5e82_.env_setup_done	UNTRACKED		PROTECTED
final_report_files/snakemake_assemblers_benchmarking/snakemake_assemblers_benchmarking/.snakemake/conda/b7e368898dd31c80dbf249ab343a5e82_/etc/conda/test-files/annotated-doc/1/tests/__init__.py	UNTRACKED		PROTECTED
final_report_files/snakemake_assemblers_benchmarking/snakemake_assemblers_benchmarking/.snakemake/conda/b7e368898dd31c80dbf249ab343a5e82_/etc/conda/test-files/h2/1/tests/__init__.py	UNTRACKED		PROTECTED
final_report_files/snakemake_assemblers_benchmarking/snakemake_assemblers_benchmarking/.snakemake/conda/b7e368898dd31c80dbf249ab343a5e82_/etc/conda/test-files/idna/1/tests/__init__.py	UNTRACKED		PROTECTED
final_report_files/snakemake_assemblers_benchmarking/snakemake_assemblers_benchmarking/.snakemake/conda/b7e368898dd31c80dbf249ab343a5e82_/etc/conda/test-files/jupyter_core/1/tests/__init__.py	UNTRACKED		PROTECTED
final_report_files/snakemake_assemblers_benchmarking/snakemake_assemblers_benchmarking/.snakemake/conda/b7e368898dd31c80dbf249ab343a5e82_/etc/conda/test-files/python-fastjsonschema/1/src/tests/json_schema/__init__.py	UNTRACKED		PROTECTED
final_report_files/snakemake_assemblers_benchmarking/snakemake_assemblers_benchmarking/.snakemake/conda/b7e368898dd31c80dbf249ab343a5e82_/etc/conda/test-files/rpds-py/1/tests/__init__.py	UNTRACKED		PROTECTED
final_report_files/snakemake_assemblers_benchmarking/snakemake_assemblers_benchmarking/.snakemake/conda/b7e368898dd31c80dbf249ab343a5e82_/etc/conda/test-files/traitlets/1/tests/__init__.py	UNTRACKED		PROTECTED
final_report_files/snakemake_assemblers_benchmarking/snakemake_assemblers_benchmarking/.snakemake/conda/b7e368898dd31c80dbf249ab343a5e82_/etc/conda/test-files/traitlets/1/tests/config/__init__.py	UNTRACKED		PROTECTED
final_report_files/snakemake_assemblers_benchmarking/snakemake_assemblers_benchmarking/.snakemake/conda/b7e368898dd31c80dbf249ab343a5e82_/etc/conda/test-files/traitlets/1/tests/utils/__init__.py	UNTRACKED		PROTECTED
final_report_files/snakemake_assemblers_benchmarking/snakemake_assemblers_benchmarking/.snakemake/conda/b7e368898dd31c80dbf249ab343a5e82_/etc/conda/test-files/typer/1/docs_src/app_dir/__init__.py	UNTRACKED		PROTECTED
final_report_files/snakemake_assemblers_benchmarking/snakemake_assemblers_benchmarking/.snakemake/conda/b7e368898dd31c80dbf249ab343a5e82_/etc/conda/test-files/typer/1/docs_src/arguments/__init__.py	UNTRACKED		PROTECTED
final_report_files/snakemake_assemblers_benchmarking/snakemake_assemblers_benchmarking/.snakemake/conda/b7e368898dd31c80dbf249ab343a5e82_/etc/conda/test-files/typer/1/docs_src/arguments/default/__init__.py	UNTRACKED		PROTECTED
final_report_files/snakemake_assemblers_benchmarking/snakemake_assemblers_benchmarking/.snakemake/conda/b7e368898dd31c80dbf249ab343a5e82_/etc/conda/test-files/typer/1/docs_src/arguments/envvar/__init__.py	UNTRACKED		PROTECTED
final_report_files/snakemake_assemblers_benchmarking/snakemake_assemblers_benchmarking/.snakemake/conda/b7e368898dd31c80dbf249ab343a5e82_/etc/conda/test-files/typer/1/docs_src/arguments/help/__init__.py	UNTRACKED		PROTECTED
final_report_files/snakemake_assemblers_benchmarking/snakemake_assemblers_benchmarking/.snakemake/conda/b7e368898dd31c80dbf249ab343a5e82_/etc/conda/test-files/typer/1/docs_src/arguments/optional/__init__.py	UNTRACKED		PROTECTED
final_report_files/snakemake_assemblers_benchmarking/snakemake_assemblers_benchmarking/.snakemake/conda/b7e368898dd31c80dbf249ab343a5e82_/etc/conda/test-files/typer/1/docs_src/commands/__init__.py	UNTRACKED		PROTECTED
final_report_files/snakemake_assemblers_benchmarking/snakemake_assemblers_benchmarking/.snakemake/conda/b7e368898dd31c80dbf249ab343a5e82_/etc/conda/test-files/typer/1/docs_src/commands/arguments/__init__.py	UNTRACKED		PROTECTED
final_report_files/snakemake_assemblers_benchmarking/snakemake_assemblers_benchmarking/.snakemake/conda/b7e368898dd31c80dbf249ab343a5e82_/etc/conda/test-files/typer/1/docs_src/commands/callback/__init__.py	UNTRACKED		PROTECTED
final_report_files/snakemake_assemblers_benchmarking/snakemake_assemblers_benchmarking/.snakemake/conda/b7e368898dd31c80dbf249ab343a5e82_/etc/conda/test-files/typer/1/docs_src/commands/context/__init__.py	UNTRACKED		PROTECTED
final_report_files/snakemake_assemblers_benchmarking/snakemake_assemblers_benchmarking/.snakemake/conda/b7e368898dd31c80dbf249ab343a5e82_/etc/conda/test-files/typer/1/docs_src/commands/help/__init__.py	UNTRACKED		PROTECTED
final_report_files/snakemake_assemblers_benchmarking/snakemake_assemblers_benchmarking/.snakemake/conda/b7e368898dd31c80dbf249ab343a5e82_/etc/conda/test-files/typer/1/docs_src/commands/index/__init__.py	UNTRACKED		PROTECTED
final_report_files/snakemake_assemblers_benchmarking/snakemake_assemblers_benchmarking/.snakemake/conda/b7e368898dd31c80dbf249ab343a5e82_/etc/conda/test-files/typer/1/docs_src/commands/name/__init__.py	UNTRACKED		PROTECTED
final_report_files/snakemake_assemblers_benchmarking/snakemake_assemblers_benchmarking/.snakemake/conda/b7e368898dd31c80dbf249ab343a5e82_/etc/conda/test-files/typer/1/docs_src/commands/one_or_multiple/__init__.py	UNTRACKED		PROTECTED
final_report_files/snakemake_assemblers_benchmarking/snakemake_assemblers_benchmarking/.snakemake/conda/b7e368898dd31c80dbf249ab343a5e82_/etc/conda/test-files/typer/1/docs_src/commands/options/__init__.py	UNTRACKED		PROTECTED
final_report_files/snakemake_assemblers_benchmarking/snakemake_assemblers_benchmarking/.snakemake/conda/b7e368898dd31c80dbf249ab343a5e82_/etc/conda/test-files/typer/1/docs_src/exceptions/__init__.py	UNTRACKED		PROTECTED
final_report_files/snakemake_assemblers_benchmarking/snakemake_assemblers_benchmarking/.snakemake/conda/b7e368898dd31c80dbf249ab343a5e82_/etc/conda/test-files/typer/1/docs_src/first_steps/__init__.py	UNTRACKED		PROTECTED
final_report_files/snakemake_assemblers_benchmarking/snakemake_assemblers_benchmarking/.snakemake/conda/b7e368898dd31c80dbf249ab343a5e82_/etc/conda/test-files/typer/1/docs_src/launch/__init__.py	UNTRACKED		PROTECTED
final_report_files/snakemake_assemblers_benchmarking/snakemake_assemblers_benchmarking/.snakemake/conda/b7e368898dd31c80dbf249ab343a5e82_/etc/conda/test-files/typer/1/docs_src/multiple_values/__init__.py	UNTRACKED		PROTECTED
final_report_files/snakemake_assemblers_benchmarking/snakemake_assemblers_benchmarking/.snakemake/conda/b7e368898dd31c80dbf249ab343a5e82_/etc/conda/test-files/typer/1/docs_src/multiple_values/arguments_with_multiple_values/__init__.py	UNTRACKED		PROTECTED
final_report_files/snakemake_assemblers_benchmarking/snakemake_assemblers_benchmarking/.snakemake/conda/b7e368898dd31c80dbf249ab343a5e82_/etc/conda/test-files/typer/1/docs_src/multiple_values/multiple_options/__init__.py	UNTRACKED		PROTECTED
final_report_files/snakemake_assemblers_benchmarking/snakemake_assemblers_benchmarking/.snakemake/conda/b7e368898dd31c80dbf249ab343a5e82_/etc/conda/test-files/typer/1/docs_src/multiple_values/options_with_multiple_values/__init__.py	UNTRACKED		PROTECTED
final_report_files/snakemake_assemblers_benchmarking/snakemake_assemblers_benchmarking/.snakemake/conda/b7e368898dd31c80dbf249ab343a5e82_/etc/conda/test-files/typer/1/docs_src/one_file_per_command/__init__.py	UNTRACKED		PROTECTED
final_report_files/snakemake_assemblers_benchmarking/snakemake_assemblers_benchmarking/.snakemake/conda/b7e368898dd31c80dbf249ab343a5e82_/etc/conda/test-files/typer/1/docs_src/one_file_per_command/app_py310/__init__.py	UNTRACKED		PROTECTED
final_report_files/snakemake_assemblers_benchmarking/snakemake_assemblers_benchmarking/.snakemake/conda/b7e368898dd31c80dbf249ab343a5e82_/etc/conda/test-files/typer/1/docs_src/options/__init__.py	UNTRACKED		PROTECTED
final_report_files/snakemake_assemblers_benchmarking/snakemake_assemblers_benchmarking/.snakemake/conda/b7e368898dd31c80dbf249ab343a5e82_/etc/conda/test-files/typer/1/docs_src/options/callback/__init__.py	UNTRACKED		PROTECTED
final_report_files/snakemake_assemblers_benchmarking/snakemake_assemblers_benchmarking/.snakemake/conda/b7e368898dd31c80dbf249ab343a5e82_/etc/conda/test-files/typer/1/docs_src/options/help/__init__.py	UNTRACKED		PROTECTED
final_report_files/snakemake_assemblers_benchmarking/snakemake_assemblers_benchmarking/.snakemake/conda/b7e368898dd31c80dbf249ab343a5e82_/etc/conda/test-files/typer/1/docs_src/options/name/__init__.py	UNTRACKED		PROTECTED
final_report_files/snakemake_assemblers_benchmarking/snakemake_assemblers_benchmarking/.snakemake/conda/b7e368898dd31c80dbf249ab343a5e82_/etc/conda/test-files/typer/1/docs_src/options/password/__init__.py	UNTRACKED		PROTECTED
final_report_files/snakemake_assemblers_benchmarking/snakemake_assemblers_benchmarking/.snakemake/conda/b7e368898dd31c80dbf249ab343a5e82_/etc/conda/test-files/typer/1/docs_src/options/prompt/__init__.py	UNTRACKED		PROTECTED
final_report_files/snakemake_assemblers_benchmarking/snakemake_assemblers_benchmarking/.snakemake/conda/b7e368898dd31c80dbf249ab343a5e82_/etc/conda/test-files/typer/1/docs_src/options/required/__init__.py	UNTRACKED		PROTECTED
final_report_files/snakemake_assemblers_benchmarking/snakemake_assemblers_benchmarking/.snakemake/conda/b7e368898dd31c80dbf249ab343a5e82_/etc/conda/test-files/typer/1/docs_src/options/version/__init__.py	UNTRACKED		PROTECTED
final_report_files/snakemake_assemblers_benchmarking/snakemake_assemblers_benchmarking/.snakemake/conda/b7e368898dd31c80dbf249ab343a5e82_/etc/conda/test-files/typer/1/docs_src/options_autocompletion/__init__.py	UNTRACKED		PROTECTED
final_report_files/snakemake_assemblers_benchmarking/snakemake_assemblers_benchmarking/.snakemake/conda/b7e368898dd31c80dbf249ab343a5e82_/etc/conda/test-files/typer/1/docs_src/parameter_types/__init__.py	UNTRACKED		PROTECTED
final_report_files/snakemake_assemblers_benchmarking/snakemake_assemblers_benchmarking/.snakemake/conda/b7e368898dd31c80dbf249ab343a5e82_/etc/conda/test-files/typer/1/docs_src/parameter_types/bool/__init__.py	UNTRACKED		PROTECTED
final_report_files/snakemake_assemblers_benchmarking/snakemake_assemblers_benchmarking/.snakemake/conda/b7e368898dd31c80dbf249ab343a5e82_/etc/conda/test-files/typer/1/docs_src/parameter_types/custom_types/__init__.py	UNTRACKED		PROTECTED
final_report_files/snakemake_assemblers_benchmarking/snakemake_assemblers_benchmarking/.snakemake/conda/b7e368898dd31c80dbf249ab343a5e82_/etc/conda/test-files/typer/1/docs_src/parameter_types/datetime/__init__.py	UNTRACKED		PROTECTED
final_report_files/snakemake_assemblers_benchmarking/snakemake_assemblers_benchmarking/.snakemake/conda/b7e368898dd31c80dbf249ab343a5e82_/etc/conda/test-files/typer/1/docs_src/parameter_types/enum/__init__.py	UNTRACKED		PROTECTED
final_report_files/snakemake_assemblers_benchmarking/snakemake_assemblers_benchmarking/.snakemake/conda/b7e368898dd31c80dbf249ab343a5e82_/etc/conda/test-files/typer/1/docs_src/parameter_types/file/__init__.py	UNTRACKED		PROTECTED
final_report_files/snakemake_assemblers_benchmarking/snakemake_assemblers_benchmarking/.snakemake/conda/b7e368898dd31c80dbf249ab343a5e82_/etc/conda/test-files/typer/1/docs_src/parameter_types/index/__init__.py	UNTRACKED		PROTECTED
final_report_files/snakemake_assemblers_benchmarking/snakemake_assemblers_benchmarking/.snakemake/conda/b7e368898dd31c80dbf249ab343a5e82_/etc/conda/test-files/typer/1/docs_src/parameter_types/number/__init__.py	UNTRACKED		PROTECTED
final_report_files/snakemake_assemblers_benchmarking/snakemake_assemblers_benchmarking/.snakemake/conda/b7e368898dd31c80dbf249ab343a5e82_/etc/conda/test-files/typer/1/docs_src/parameter_types/path/__init__.py	UNTRACKED		PROTECTED
final_report_files/snakemake_assemblers_benchmarking/snakemake_assemblers_benchmarking/.snakemake/conda/b7e368898dd31c80dbf249ab343a5e82_/etc/conda/test-files/typer/1/docs_src/parameter_types/uuid/__init__.py	UNTRACKED		PROTECTED
final_report_files/snakemake_assemblers_benchmarking/snakemake_assemblers_benchmarking/.snakemake/conda/b7e368898dd31c80dbf249ab343a5e82_/etc/conda/test-files/typer/1/docs_src/printing/__init__.py	UNTRACKED		PROTECTED
final_report_files/snakemake_assemblers_benchmarking/snakemake_assemblers_benchmarking/.snakemake/conda/b7e368898dd31c80dbf249ab343a5e82_/etc/conda/test-files/typer/1/docs_src/progressbar/__init__.py	UNTRACKED		PROTECTED
final_report_files/snakemake_assemblers_benchmarking/snakemake_assemblers_benchmarking/.snakemake/conda/b7e368898dd31c80dbf249ab343a5e82_/etc/conda/test-files/typer/1/docs_src/prompt/__init__.py	UNTRACKED		PROTECTED
final_report_files/snakemake_assemblers_benchmarking/snakemake_assemblers_benchmarking/.snakemake/conda/b7e368898dd31c80dbf249ab343a5e82_/etc/conda/test-files/typer/1/docs_src/subcommands/__init__.py	UNTRACKED		PROTECTED
final_report_files/snakemake_assemblers_benchmarking/snakemake_assemblers_benchmarking/.snakemake/conda/b7e368898dd31c80dbf249ab343a5e82_/etc/conda/test-files/typer/1/docs_src/subcommands/callback_override/__init__.py	UNTRACKED		PROTECTED
final_report_files/snakemake_assemblers_benchmarking/snakemake_assemblers_benchmarking/.snakemake/conda/b7e368898dd31c80dbf249ab343a5e82_/etc/conda/test-files/typer/1/docs_src/subcommands/name_help/__init__.py	UNTRACKED		PROTECTED
final_report_files/snakemake_assemblers_benchmarking/snakemake_assemblers_benchmarking/.snakemake/conda/b7e368898dd31c80dbf249ab343a5e82_/etc/conda/test-files/typer/1/docs_src/subcommands/tutorial001_py310/__init__.py	UNTRACKED		PROTECTED
final_report_files/snakemake_assemblers_benchmarking/snakemake_assemblers_benchmarking/.snakemake/conda/b7e368898dd31c80dbf249ab343a5e82_/etc/conda/test-files/typer/1/docs_src/subcommands/tutorial002_py310/__init__.py	UNTRACKED		PROTECTED
final_report_files/snakemake_assemblers_benchmarking/snakemake_assemblers_benchmarking/.snakemake/conda/b7e368898dd31c80dbf249ab343a5e82_/etc/conda/test-files/typer/1/docs_src/subcommands/tutorial003_py310/__init__.py	UNTRACKED		PROTECTED
final_report_files/snakemake_assemblers_benchmarking/snakemake_assemblers_benchmarking/.snakemake/conda/b7e368898dd31c80dbf249ab343a5e82_/etc/conda/test-files/typer/1/docs_src/terminating/__init__.py	UNTRACKED		PROTECTED
final_report_files/snakemake_assemblers_benchmarking/snakemake_assemblers_benchmarking/.snakemake/conda/b7e368898dd31c80dbf249ab343a5e82_/etc/conda/test-files/typer/1/docs_src/testing/__init__.py	UNTRACKED		PROTECTED
final_report_files/snakemake_assemblers_benchmarking/snakemake_assemblers_benchmarking/.snakemake/conda/b7e368898dd31c80dbf249ab343a5e82_/etc/conda/test-files/typer/1/docs_src/testing/app01_py310/__init__.py	UNTRACKED		PROTECTED
final_report_files/snakemake_assemblers_benchmarking/snakemake_assemblers_benchmarking/.snakemake/conda/b7e368898dd31c80dbf249ab343a5e82_/etc/conda/test-files/typer/1/docs_src/testing/app02_an_py310/__init__.py	UNTRACKED		PROTECTED
final_report_files/snakemake_assemblers_benchmarking/snakemake_assemblers_benchmarking/.snakemake/conda/b7e368898dd31c80dbf249ab343a5e82_/etc/conda/test-files/typer/1/docs_src/testing/app02_py310/__init__.py	UNTRACKED		PROTECTED
final_report_files/snakemake_assemblers_benchmarking/snakemake_assemblers_benchmarking/.snakemake/conda/b7e368898dd31c80dbf249ab343a5e82_/etc/conda/test-files/typer/1/docs_src/testing/app03_py310/__init__.py	UNTRACKED		PROTECTED
final_report_files/snakemake_assemblers_benchmarking/snakemake_assemblers_benchmarking/.snakemake/conda/b7e368898dd31c80dbf249ab343a5e82_/etc/conda/test-files/typer/1/docs_src/typer_app/__init__.py	UNTRACKED		PROTECTED
final_report_files/snakemake_assemblers_benchmarking/snakemake_assemblers_benchmarking/.snakemake/conda/b7e368898dd31c80dbf249ab343a5e82_/etc/conda/test-files/typer/1/tests/__init__.py	UNTRACKED		PROTECTED
final_report_files/snakemake_assemblers_benchmarking/snakemake_assemblers_benchmarking/.snakemake/conda/b7e368898dd31c80dbf249ab343a5e82_/etc/conda/test-files/typer/1/tests/assets/__init__.py	UNTRACKED		PROTECTED
final_report_files/snakemake_assemblers_benchmarking/snakemake_assemblers_benchmarking/.snakemake/conda/b7e368898dd31c80dbf249ab343a5e82_/etc/conda/test-files/typer/1/tests/assets/cli/__init__.py	UNTRACKED		PROTECTED
final_report_files/snakemake_assemblers_benchmarking/snakemake_assemblers_benchmarking/.snakemake/conda/b7e368898dd31c80dbf249ab343a5e82_/etc/conda/test-files/typer/1/tests/assets/cli/empty_script.py	UNTRACKED		PROTECTED
final_report_files/snakemake_assemblers_benchmarking/snakemake_assemblers_benchmarking/.snakemake/conda/b7e368898dd31c80dbf249ab343a5e82_/etc/conda/test-files/typer/1/tests/test_cli/__init__.py	UNTRACKED		PROTECTED
final_report_files/snakemake_assemblers_benchmarking/snakemake_assemblers_benchmarking/.snakemake/conda/b7e368898dd31c80dbf249ab343a5e82_/etc/conda/test-files/typer/1/tests/test_completion/__init__.py	UNTRACKED		PROTECTED
final_report_files/snakemake_assemblers_benchmarking/snakemake_assemblers_benchmarking/.snakemake/conda/b7e368898dd31c80dbf249ab343a5e82_/etc/conda/test-files/typer/1/tests/test_tutorial/__init__.py	UNTRACKED		PROTECTED
final_report_files/snakemake_assemblers_benchmarking/snakemake_assemblers_benchmarking/.snakemake/conda/b7e368898dd31c80dbf249ab343a5e82_/etc/conda/test-files/typer/1/tests/test_tutorial/test_app_dir/__init__.py	UNTRACKED		PROTECTED
final_report_files/snakemake_assemblers_benchmarking/snakemake_assemblers_benchmarking/.snakemake/conda/b7e368898dd31c80dbf249ab343a5e82_/etc/conda/test-files/typer/1/tests/test_tutorial/test_arguments/__init__.py	UNTRACKED		PROTECTED
final_report_files/snakemake_assemblers_benchmarking/snakemake_assemblers_benchmarking/.snakemake/conda/b7e368898dd31c80dbf249ab343a5e82_/etc/conda/test-files/typer/1/tests/test_tutorial/test_arguments/test_default/__init__.py	UNTRACKED		PROTECTED
final_report_files/snakemake_assemblers_benchmarking/snakemake_assemblers_benchmarking/.snakemake/conda/b7e368898dd31c80dbf249ab343a5e82_/etc/conda/test-files/typer/1/tests/test_tutorial/test_arguments/test_envvar/__init__.py	UNTRACKED		PROTECTED
final_report_files/snakemake_assemblers_benchmarking/snakemake_assemblers_benchmarking/.snakemake/conda/b7e368898dd31c80dbf249ab343a5e82_/etc/conda/test-files/typer/1/tests/test_tutorial/test_arguments/test_help/__init__.py	UNTRACKED		PROTECTED
final_report_files/snakemake_assemblers_benchmarking/snakemake_assemblers_benchmarking/.snakemake/conda/b7e368898dd31c80dbf249ab343a5e82_/etc/conda/test-files/typer/1/tests/test_tutorial/test_arguments/test_optional/__init__.py	UNTRACKED		PROTECTED
final_report_files/snakemake_assemblers_benchmarking/snakemake_assemblers_benchmarking/.snakemake/conda/b7e368898dd31c80dbf249ab343a5e82_/etc/conda/test-files/typer/1/tests/test_tutorial/test_commands/__init__.py	UNTRACKED		PROTECTED
final_report_files/snakemake_assemblers_benchmarking/snakemake_assemblers_benchmarking/.snakemake/conda/b7e368898dd31c80dbf249ab343a5e82_/etc/conda/test-files/typer/1/tests/test_tutorial/test_commands/test_arguments/__init__.py	UNTRACKED		PROTECTED
final_report_files/snakemake_assemblers_benchmarking/snakemake_assemblers_benchmarking/.snakemake/conda/b7e368898dd31c80dbf249ab343a5e82_/etc/conda/test-files/typer/1/tests/test_tutorial/test_commands/test_callback/__init__.py	UNTRACKED		PROTECTED
final_report_files/snakemake_assemblers_benchmarking/snakemake_assemblers_benchmarking/.snakemake/conda/b7e368898dd31c80dbf249ab343a5e82_/etc/conda/test-files/typer/1/tests/test_tutorial/test_commands/test_context/__init__.py	UNTRACKED		PROTECTED
final_report_files/snakemake_assemblers_benchmarking/snakemake_assemblers_benchmarking/.snakemake/conda/b7e368898dd31c80dbf249ab343a5e82_/etc/conda/test-files/typer/1/tests/test_tutorial/test_commands/test_help/__init__.py	UNTRACKED		PROTECTED
final_report_files/snakemake_assemblers_benchmarking/snakemake_assemblers_benchmarking/.snakemake/conda/b7e368898dd31c80dbf249ab343a5e82_/etc/conda/test-files/typer/1/tests/test_tutorial/test_commands/test_index/__init__.py	UNTRACKED		PROTECTED
final_report_files/snakemake_assemblers_benchmarking/snakemake_assemblers_benchmarking/.snakemake/conda/b7e368898dd31c80dbf249ab343a5e82_/etc/conda/test-files/typer/1/tests/test_tutorial/test_commands/test_name/__init__.py	UNTRACKED		PROTECTED
final_report_files/snakemake_assemblers_benchmarking/snakemake_assemblers_benchmarking/.snakemake/conda/b7e368898dd31c80dbf249ab343a5e82_/etc/conda/test-files/typer/1/tests/test_tutorial/test_commands/test_one_or_multiple/__init__.py	UNTRACKED		PROTECTED
final_report_files/snakemake_assemblers_benchmarking/snakemake_assemblers_benchmarking/.snakemake/conda/b7e368898dd31c80dbf249ab343a5e82_/etc/conda/test-files/typer/1/tests/test_tutorial/test_commands/test_options/__init__.py	UNTRACKED		PROTECTED
final_report_files/snakemake_assemblers_benchmarking/snakemake_assemblers_benchmarking/.snakemake/conda/b7e368898dd31c80dbf249ab343a5e82_/etc/conda/test-files/typer/1/tests/test_tutorial/test_exceptions/__init__.py	UNTRACKED		PROTECTED
final_report_files/snakemake_assemblers_benchmarking/snakemake_assemblers_benchmarking/.snakemake/conda/b7e368898dd31c80dbf249ab343a5e82_/etc/conda/test-files/typer/1/tests/test_tutorial/test_first_steps/__init__.py	UNTRACKED		PROTECTED
final_report_files/snakemake_assemblers_benchmarking/snakemake_assemblers_benchmarking/.snakemake/conda/b7e368898dd31c80dbf249ab343a5e82_/etc/conda/test-files/typer/1/tests/test_tutorial/test_multiple_values/__init__.py	UNTRACKED		PROTECTED
final_report_files/snakemake_assemblers_benchmarking/snakemake_assemblers_benchmarking/.snakemake/conda/b7e368898dd31c80dbf249ab343a5e82_/etc/conda/test-files/typer/1/tests/test_tutorial/test_multiple_values/test_arguments_with_multiple_values/__init__.py	UNTRACKED		PROTECTED
final_report_files/snakemake_assemblers_benchmarking/snakemake_assemblers_benchmarking/.snakemake/conda/b7e368898dd31c80dbf249ab343a5e82_/etc/conda/test-files/typer/1/tests/test_tutorial/test_multiple_values/test_multiple_options/__init__.py	UNTRACKED		PROTECTED
final_report_files/snakemake_assemblers_benchmarking/snakemake_assemblers_benchmarking/.snakemake/conda/b7e368898dd31c80dbf249ab343a5e82_/etc/conda/test-files/typer/1/tests/test_tutorial/test_multiple_values/test_options_with_multiple_values/__init__.py	UNTRACKED		PROTECTED
final_report_files/snakemake_assemblers_benchmarking/snakemake_assemblers_benchmarking/.snakemake/conda/b7e368898dd31c80dbf249ab343a5e82_/etc/conda/test-files/typer/1/tests/test_tutorial/test_one_file_per_command/__init__.py	UNTRACKED		PROTECTED
final_report_files/snakemake_assemblers_benchmarking/snakemake_assemblers_benchmarking/.snakemake/conda/b7e368898dd31c80dbf249ab343a5e82_/etc/conda/test-files/typer/1/tests/test_tutorial/test_options/__init__.py	UNTRACKED		PROTECTED
final_report_files/snakemake_assemblers_benchmarking/snakemake_assemblers_benchmarking/.snakemake/conda/b7e368898dd31c80dbf249ab343a5e82_/etc/conda/test-files/typer/1/tests/test_tutorial/test_options/test_callback/__init__.py	UNTRACKED		PROTECTED
final_report_files/snakemake_assemblers_benchmarking/snakemake_assemblers_benchmarking/.snakemake/conda/b7e368898dd31c80dbf249ab343a5e82_/etc/conda/test-files/typer/1/tests/test_tutorial/test_options/test_help/__init__.py	UNTRACKED		PROTECTED
final_report_files/snakemake_assemblers_benchmarking/snakemake_assemblers_benchmarking/.snakemake/conda/b7e368898dd31c80dbf249ab343a5e82_/etc/conda/test-files/typer/1/tests/test_tutorial/test_options/test_name/__init__.py	UNTRACKED		PROTECTED
final_report_files/snakemake_assemblers_benchmarking/snakemake_assemblers_benchmarking/.snakemake/conda/b7e368898dd31c80dbf249ab343a5e82_/etc/conda/test-files/typer/1/tests/test_tutorial/test_options/test_password/__init__.py	UNTRACKED		PROTECTED
final_report_files/snakemake_assemblers_benchmarking/snakemake_assemblers_benchmarking/.snakemake/conda/b7e368898dd31c80dbf249ab343a5e82_/etc/conda/test-files/typer/1/tests/test_tutorial/test_options/test_prompt/__init__.py	UNTRACKED		PROTECTED
final_report_files/snakemake_assemblers_benchmarking/snakemake_assemblers_benchmarking/.snakemake/conda/b7e368898dd31c80dbf249ab343a5e82_/etc/conda/test-files/typer/1/tests/test_tutorial/test_options/test_required/__init__.py	UNTRACKED		PROTECTED
final_report_files/snakemake_assemblers_benchmarking/snakemake_assemblers_benchmarking/.snakemake/conda/b7e368898dd31c80dbf249ab343a5e82_/etc/conda/test-files/typer/1/tests/test_tutorial/test_options/test_version/__init__.py	UNTRACKED		PROTECTED
final_report_files/snakemake_assemblers_benchmarking/snakemake_assemblers_benchmarking/.snakemake/conda/b7e368898dd31c80dbf249ab343a5e82_/etc/conda/test-files/typer/1/tests/test_tutorial/test_options_autocompletion/__init__.py	UNTRACKED		PROTECTED
final_report_files/snakemake_assemblers_benchmarking/snakemake_assemblers_benchmarking/.snakemake/conda/b7e368898dd31c80dbf249ab343a5e82_/etc/conda/test-files/typer/1/tests/test_tutorial/test_parameter_types/__init__.py	UNTRACKED		PROTECTED
final_report_files/snakemake_assemblers_benchmarking/snakemake_assemblers_benchmarking/.snakemake/conda/b7e368898dd31c80dbf249ab343a5e82_/etc/conda/test-files/typer/1/tests/test_tutorial/test_parameter_types/test_bool/__init__.py	UNTRACKED		PROTECTED
final_report_files/snakemake_assemblers_benchmarking/snakemake_assemblers_benchmarking/.snakemake/conda/b7e368898dd31c80dbf249ab343a5e82_/etc/conda/test-files/typer/1/tests/test_tutorial/test_parameter_types/test_custom_types/__init__.py	UNTRACKED		PROTECTED
final_report_files/snakemake_assemblers_benchmarking/snakemake_assemblers_benchmarking/.snakemake/conda/b7e368898dd31c80dbf249ab343a5e82_/etc/conda/test-files/typer/1/tests/test_tutorial/test_parameter_types/test_datetime/__init__.py	UNTRACKED		PROTECTED
final_report_files/snakemake_assemblers_benchmarking/snakemake_assemblers_benchmarking/.snakemake/conda/b7e368898dd31c80dbf249ab343a5e82_/etc/conda/test-files/typer/1/tests/test_tutorial/test_parameter_types/test_enum/__init__.py	UNTRACKED		PROTECTED
final_report_files/snakemake_assemblers_benchmarking/snakemake_assemblers_benchmarking/.snakemake/conda/b7e368898dd31c80dbf249ab343a5e82_/etc/conda/test-files/typer/1/tests/test_tutorial/test_parameter_types/test_file/__init__.py	UNTRACKED		PROTECTED
final_report_files/snakemake_assemblers_benchmarking/snakemake_assemblers_benchmarking/.snakemake/conda/b7e368898dd31c80dbf249ab343a5e82_/etc/conda/test-files/typer/1/tests/test_tutorial/test_parameter_types/test_index/__init__.py	UNTRACKED		PROTECTED
final_report_files/snakemake_assemblers_benchmarking/snakemake_assemblers_benchmarking/.snakemake/conda/b7e368898dd31c80dbf249ab343a5e82_/etc/conda/test-files/typer/1/tests/test_tutorial/test_parameter_types/test_number/__init__.py	UNTRACKED		PROTECTED
final_report_files/snakemake_assemblers_benchmarking/snakemake_assemblers_benchmarking/.snakemake/conda/b7e368898dd31c80dbf249ab343a5e82_/etc/conda/test-files/typer/1/tests/test_tutorial/test_parameter_types/test_path/__init__.py	UNTRACKED		PROTECTED
final_report_files/snakemake_assemblers_benchmarking/snakemake_assemblers_benchmarking/.snakemake/conda/b7e368898dd31c80dbf249ab343a5e82_/etc/conda/test-files/typer/1/tests/test_tutorial/test_parameter_types/test_uuid/__init__.py	UNTRACKED		PROTECTED
final_report_files/snakemake_assemblers_benchmarking/snakemake_assemblers_benchmarking/.snakemake/conda/b7e368898dd31c80dbf249ab343a5e82_/etc/conda/test-files/typer/1/tests/test_tutorial/test_printing/__init__.py	UNTRACKED		PROTECTED
final_report_files/snakemake_assemblers_benchmarking/snakemake_assemblers_benchmarking/.snakemake/conda/b7e368898dd31c80dbf249ab343a5e82_/etc/conda/test-files/typer/1/tests/test_tutorial/test_progressbar/__init__.py	UNTRACKED		PROTECTED
final_report_files/snakemake_assemblers_benchmarking/snakemake_assemblers_benchmarking/.snakemake/conda/b7e368898dd31c80dbf249ab343a5e82_/etc/conda/test-files/typer/1/tests/test_tutorial/test_prompt/__init__.py	UNTRACKED		PROTECTED
final_report_files/snakemake_assemblers_benchmarking/snakemake_assemblers_benchmarking/.snakemake/conda/b7e368898dd31c80dbf249ab343a5e82_/etc/conda/test-files/typer/1/tests/test_tutorial/test_subcommands/__init__.py	UNTRACKED		PROTECTED
final_report_files/snakemake_assemblers_benchmarking/snakemake_assemblers_benchmarking/.snakemake/conda/b7e368898dd31c80dbf249ab343a5e82_/etc/conda/test-files/typer/1/tests/test_tutorial/test_subcommands/test_callback_override/__init__.py	UNTRACKED		PROTECTED
final_report_files/snakemake_assemblers_benchmarking/snakemake_assemblers_benchmarking/.snakemake/conda/b7e368898dd31c80dbf249ab343a5e82_/etc/conda/test-files/typer/1/tests/test_tutorial/test_subcommands/test_name_help/__init__.py	UNTRACKED		PROTECTED
final_report_files/snakemake_assemblers_benchmarking/snakemake_assemblers_benchmarking/.snakemake/conda/b7e368898dd31c80dbf249ab343a5e82_/etc/conda/test-files/typer/1/tests/test_tutorial/test_terminating/__init__.py	UNTRACKED		PROTECTED
final_report_files/snakemake_assemblers_benchmarking/snakemake_assemblers_benchmarking/.snakemake/conda/b7e368898dd31c80dbf249ab343a5e82_/etc/conda/test-files/typer/1/tests/test_tutorial/test_testing/__init__.py	UNTRACKED		PROTECTED
final_report_files/snakemake_assemblers_benchmarking/snakemake_assemblers_benchmarking/.snakemake/conda/b7e368898dd31c80dbf249ab343a5e82_/etc/conda/test-files/typer/1/tests/test_tutorial/test_typer_app/__init__.py	UNTRACKED		PROTECTED
final_report_files/snakemake_assemblers_benchmarking/snakemake_assemblers_benchmarking/.snakemake/conda/b7e368898dd31c80dbf249ab343a5e82_/lib/perl5/5.32/core_perl/perllocal.pod	UNTRACKED		PROTECTED
final_report_files/snakemake_assemblers_benchmarking/snakemake_assemblers_benchmarking/.snakemake/conda/b7e368898dd31c80dbf249ab343a5e82_/lib/perl5/5.32/site_perl/.conda-build.keep	UNTRACKED		PROTECTED
final_report_files/snakemake_assemblers_benchmarking/snakemake_assemblers_benchmarking/.snakemake/conda/b7e368898dd31c80dbf249ab343a5e82_/lib/perl5/5.32/vendor_perl/.conda-build.keep	UNTRACKED		PROTECTED
final_report_files/snakemake_assemblers_benchmarking/snakemake_assemblers_benchmarking/.snakemake/conda/b7e368898dd31c80dbf249ab343a5e82_/lib/perl5/site_perl/.conda-build.keep	UNTRACKED		PROTECTED
final_report_files/snakemake_assemblers_benchmarking/snakemake_assemblers_benchmarking/.snakemake/conda/b7e368898dd31c80dbf249ab343a5e82_/lib/perl5/vendor_perl/.conda-build.keep	UNTRACKED		PROTECTED
final_report_files/snakemake_assemblers_benchmarking/snakemake_assemblers_benchmarking/.snakemake/conda/b7e368898dd31c80dbf249ab343a5e82_/lib/python3.12/email/mime/__init__.py	UNTRACKED		PROTECTED
final_report_files/snakemake_assemblers_benchmarking/snakemake_assemblers_benchmarking/.snakemake/conda/b7e368898dd31c80dbf249ab343a5e82_/lib/python3.12/pydoc_data/__init__.py	UNTRACKED		PROTECTED
final_report_files/snakemake_assemblers_benchmarking/snakemake_assemblers_benchmarking/.snakemake/conda/b7e368898dd31c80dbf249ab343a5e82_/lib/python3.12/site-packages/PySocks-1.7.1.dist-info/REQUESTED	UNTRACKED		PROTECTED
final_report_files/snakemake_assemblers_benchmarking/snakemake_assemblers_benchmarking/.snakemake/conda/b7e368898dd31c80dbf249ab343a5e82_/lib/python3.12/site-packages/amply-0.1.7.dist-info/REQUESTED	UNTRACKED		PROTECTED
final_report_files/snakemake_assemblers_benchmarking/snakemake_assemblers_benchmarking/.snakemake/conda/b7e368898dd31c80dbf249ab343a5e82_/lib/python3.12/site-packages/annotated_doc-0.0.5.dist-info/REQUESTED	UNTRACKED		PROTECTED
final_report_files/snakemake_assemblers_benchmarking/snakemake_assemblers_benchmarking/.snakemake/conda/b7e368898dd31c80dbf249ab343a5e82_/lib/python3.12/site-packages/annotated_doc/py.typed	UNTRACKED		PROTECTED
final_report_files/snakemake_assemblers_benchmarking/snakemake_assemblers_benchmarking/.snakemake/conda/b7e368898dd31c80dbf249ab343a5e82_/lib/python3.12/site-packages/annotated_types-0.8.0.dist-info/REQUESTED	UNTRACKED		PROTECTED
final_report_files/snakemake_assemblers_benchmarking/snakemake_assemblers_benchmarking/.snakemake/conda/b7e368898dd31c80dbf249ab343a5e82_/lib/python3.12/site-packages/annotated_types/py.typed	UNTRACKED		PROTECTED
final_report_files/snakemake_assemblers_benchmarking/snakemake_assemblers_benchmarking/.snakemake/conda/b7e368898dd31c80dbf249ab343a5e82_/lib/python3.12/site-packages/argparse_dataclass-2.0.0.dist-info/REQUESTED	UNTRACKED		PROTECTED
final_report_files/snakemake_assemblers_benchmarking/snakemake_assemblers_benchmarking/.snakemake/conda/b7e368898dd31c80dbf249ab343a5e82_/lib/python3.12/site-packages/attr/py.typed	UNTRACKED		PROTECTED
final_report_files/snakemake_assemblers_benchmarking/snakemake_assemblers_benchmarking/.snakemake/conda/b7e368898dd31c80dbf249ab343a5e82_/lib/python3.12/site-packages/attrs-26.1.0.dist-info/REQUESTED	UNTRACKED		PROTECTED
final_report_files/snakemake_assemblers_benchmarking/snakemake_assemblers_benchmarking/.snakemake/conda/b7e368898dd31c80dbf249ab343a5e82_/lib/python3.12/site-packages/attrs/py.typed	UNTRACKED		PROTECTED
final_report_files/snakemake_assemblers_benchmarking/snakemake_assemblers_benchmarking/.snakemake/conda/b7e368898dd31c80dbf249ab343a5e82_/lib/python3.12/site-packages/backports/zstd/py.typed	UNTRACKED		PROTECTED
final_report_files/snakemake_assemblers_benchmarking/snakemake_assemblers_benchmarking/.snakemake/conda/b7e368898dd31c80dbf249ab343a5e82_/lib/python3.12/site-packages/backports_zstd-1.6.0.dist-info/REQUESTED	UNTRACKED		PROTECTED
final_report_files/snakemake_assemblers_benchmarking/snakemake_assemblers_benchmarking/.snakemake/conda/b7e368898dd31c80dbf249ab343a5e82_/lib/python3.12/site-packages/brotli-1.2.0.dist-info/REQUESTED	UNTRACKED		PROTECTED
final_report_files/snakemake_assemblers_benchmarking/snakemake_assemblers_benchmarking/.snakemake/conda/b7e368898dd31c80dbf249ab343a5e82_/lib/python3.12/site-packages/btllib-1.7.8.dist-info/REQUESTED	UNTRACKED		PROTECTED
final_report_files/snakemake_assemblers_benchmarking/snakemake_assemblers_benchmarking/.snakemake/conda/b7e368898dd31c80dbf249ab343a5e82_/lib/python3.12/site-packages/certifi-2026.7.22.dist-info/REQUESTED	UNTRACKED		PROTECTED
final_report_files/snakemake_assemblers_benchmarking/snakemake_assemblers_benchmarking/.snakemake/conda/b7e368898dd31c80dbf249ab343a5e82_/lib/python3.12/site-packages/certifi/py.typed	UNTRACKED		PROTECTED
final_report_files/snakemake_assemblers_benchmarking/snakemake_assemblers_benchmarking/.snakemake/conda/b7e368898dd31c80dbf249ab343a5e82_/lib/python3.12/site-packages/certifi/tests/__init__.py	UNTRACKED		PROTECTED
final_report_files/snakemake_assemblers_benchmarking/snakemake_assemblers_benchmarking/.snakemake/conda/b7e368898dd31c80dbf249ab343a5e82_/lib/python3.12/site-packages/charset_normalizer-3.4.9.dist-info/REQUESTED	UNTRACKED		PROTECTED
final_report_files/snakemake_assemblers_benchmarking/snakemake_assemblers_benchmarking/.snakemake/conda/b7e368898dd31c80dbf249ab343a5e82_/lib/python3.12/site-packages/charset_normalizer/py.typed	UNTRACKED		PROTECTED
final_report_files/snakemake_assemblers_benchmarking/snakemake_assemblers_benchmarking/.snakemake/conda/b7e368898dd31c80dbf249ab343a5e82_/lib/python3.12/site-packages/colorama-0.4.6.dist-info/REQUESTED	UNTRACKED		PROTECTED
final_report_files/snakemake_assemblers_benchmarking/snakemake_assemblers_benchmarking/.snakemake/conda/b7e368898dd31c80dbf249ab343a5e82_/lib/python3.12/site-packages/coloredlogs-15.0.1.dist-info/REQUESTED	UNTRACKED		PROTECTED
final_report_files/snakemake_assemblers_benchmarking/snakemake_assemblers_benchmarking/.snakemake/conda/b7e368898dd31c80dbf249ab343a5e82_/lib/python3.12/site-packages/conda_inject-1.3.2.dist-info/REQUESTED	UNTRACKED		PROTECTED
final_report_files/snakemake_assemblers_benchmarking/snakemake_assemblers_benchmarking/.snakemake/conda/b7e368898dd31c80dbf249ab343a5e82_/lib/python3.12/site-packages/configargparse-1.7.5.dist-info/REQUESTED	UNTRACKED		PROTECTED
final_report_files/snakemake_assemblers_benchmarking/snakemake_assemblers_benchmarking/.snakemake/conda/b7e368898dd31c80dbf249ab343a5e82_/lib/python3.12/site-packages/connection_pool-0.0.3.dist-info/REQUESTED	UNTRACKED		PROTECTED
final_report_files/snakemake_assemblers_benchmarking/snakemake_assemblers_benchmarking/.snakemake/conda/b7e368898dd31c80dbf249ab343a5e82_/lib/python3.12/site-packages/docutils-0.22.4.dist-info/REQUESTED	UNTRACKED		PROTECTED
final_report_files/snakemake_assemblers_benchmarking/snakemake_assemblers_benchmarking/.snakemake/conda/b7e368898dd31c80dbf249ab343a5e82_/lib/python3.12/site-packages/dpath-2.2.0.dist-info/REQUESTED	UNTRACKED		PROTECTED
final_report_files/snakemake_assemblers_benchmarking/snakemake_assemblers_benchmarking/.snakemake/conda/b7e368898dd31c80dbf249ab343a5e82_/lib/python3.12/site-packages/dpath/py.typed	UNTRACKED		PROTECTED
final_report_files/snakemake_assemblers_benchmarking/snakemake_assemblers_benchmarking/.snakemake/conda/b7e368898dd31c80dbf249ab343a5e82_/lib/python3.12/site-packages/eido-0.2.6.dist-info/REQUESTED	UNTRACKED		PROTECTED
final_report_files/snakemake_assemblers_benchmarking/snakemake_assemblers_benchmarking/.snakemake/conda/b7e368898dd31c80dbf249ab343a5e82_/lib/python3.12/site-packages/fastjsonschema-2.22.1.dist-info/REQUESTED	UNTRACKED		PROTECTED
final_report_files/snakemake_assemblers_benchmarking/snakemake_assemblers_benchmarking/.snakemake/conda/b7e368898dd31c80dbf249ab343a5e82_/lib/python3.12/site-packages/git/py.typed	UNTRACKED		PROTECTED
final_report_files/snakemake_assemblers_benchmarking/snakemake_assemblers_benchmarking/.snakemake/conda/b7e368898dd31c80dbf249ab343a5e82_/lib/python3.12/site-packages/gitdb-4.0.12.dist-info/REQUESTED	UNTRACKED		PROTECTED
final_report_files/snakemake_assemblers_benchmarking/snakemake_assemblers_benchmarking/.snakemake/conda/b7e368898dd31c80dbf249ab343a5e82_/lib/python3.12/site-packages/gitdb/utils/__init__.py	UNTRACKED		PROTECTED
final_report_files/snakemake_assemblers_benchmarking/snakemake_assemblers_benchmarking/.snakemake/conda/b7e368898dd31c80dbf249ab343a5e82_/lib/python3.12/site-packages/gitpython-3.1.57.dist-info/REQUESTED	UNTRACKED		PROTECTED
final_report_files/snakemake_assemblers_benchmarking/snakemake_assemblers_benchmarking/.snakemake/conda/b7e368898dd31c80dbf249ab343a5e82_/lib/python3.12/site-packages/greenlet-3.5.4.dist-info/REQUESTED	UNTRACKED		PROTECTED
final_report_files/snakemake_assemblers_benchmarking/snakemake_assemblers_benchmarking/.snakemake/conda/b7e368898dd31c80dbf249ab343a5e82_/lib/python3.12/site-packages/greenlet/platform/__init__.py	UNTRACKED		PROTECTED
final_report_files/snakemake_assemblers_benchmarking/snakemake_assemblers_benchmarking/.snakemake/conda/b7e368898dd31c80dbf249ab343a5e82_/lib/python3.12/site-packages/h2-4.4.0.dist-info/REQUESTED	UNTRACKED		PROTECTED
final_report_files/snakemake_assemblers_benchmarking/snakemake_assemblers_benchmarking/.snakemake/conda/b7e368898dd31c80dbf249ab343a5e82_/lib/python3.12/site-packages/h2/py.typed	UNTRACKED		PROTECTED
final_report_files/snakemake_assemblers_benchmarking/snakemake_assemblers_benchmarking/.snakemake/conda/b7e368898dd31c80dbf249ab343a5e82_/lib/python3.12/site-packages/hpack-4.2.0.dist-info/REQUESTED	UNTRACKED		PROTECTED
final_report_files/snakemake_assemblers_benchmarking/snakemake_assemblers_benchmarking/.snakemake/conda/b7e368898dd31c80dbf249ab343a5e82_/lib/python3.12/site-packages/hpack/py.typed	UNTRACKED		PROTECTED
final_report_files/snakemake_assemblers_benchmarking/snakemake_assemblers_benchmarking/.snakemake/conda/b7e368898dd31c80dbf249ab343a5e82_/lib/python3.12/site-packages/humanfriendly-10.0.dist-info/REQUESTED	UNTRACKED		PROTECTED
final_report_files/snakemake_assemblers_benchmarking/snakemake_assemblers_benchmarking/.snakemake/conda/b7e368898dd31c80dbf249ab343a5e82_/lib/python3.12/site-packages/hyperframe-6.1.0.dist-info/REQUESTED	UNTRACKED		PROTECTED
final_report_files/snakemake_assemblers_benchmarking/snakemake_assemblers_benchmarking/.snakemake/conda/b7e368898dd31c80dbf249ab343a5e82_/lib/python3.12/site-packages/hyperframe/py.typed	UNTRACKED		PROTECTED
final_report_files/snakemake_assemblers_benchmarking/snakemake_assemblers_benchmarking/.snakemake/conda/b7e368898dd31c80dbf249ab343a5e82_/lib/python3.12/site-packages/idna-3.18.dist-info/REQUESTED	UNTRACKED		PROTECTED
final_report_files/snakemake_assemblers_benchmarking/snakemake_assemblers_benchmarking/.snakemake/conda/b7e368898dd31c80dbf249ab343a5e82_/lib/python3.12/site-packages/idna/py.typed	UNTRACKED		PROTECTED
final_report_files/snakemake_assemblers_benchmarking/snakemake_assemblers_benchmarking/.snakemake/conda/b7e368898dd31c80dbf249ab343a5e82_/lib/python3.12/site-packages/igraph-1.0.0.dist-info/REQUESTED	UNTRACKED		PROTECTED
final_report_files/snakemake_assemblers_benchmarking/snakemake_assemblers_benchmarking/.snakemake/conda/b7e368898dd31c80dbf249ab343a5e82_/lib/python3.12/site-packages/igraph/drawing/matplotlib/__init__.py	UNTRACKED		PROTECTED
final_report_files/snakemake_assemblers_benchmarking/snakemake_assemblers_benchmarking/.snakemake/conda/b7e368898dd31c80dbf249ab343a5e82_/lib/python3.12/site-packages/igraph/drawing/plotly/__init__.py	UNTRACKED		PROTECTED
final_report_files/snakemake_assemblers_benchmarking/snakemake_assemblers_benchmarking/.snakemake/conda/b7e368898dd31c80dbf249ab343a5e82_/lib/python3.12/site-packages/immutables-0.21.dist-info/REQUESTED	UNTRACKED		PROTECTED
final_report_files/snakemake_assemblers_benchmarking/snakemake_assemblers_benchmarking/.snakemake/conda/b7e368898dd31c80dbf249ab343a5e82_/lib/python3.12/site-packages/intervaltree-3.1.0.dist-info/REQUESTED	UNTRACKED		PROTECTED
final_report_files/snakemake_assemblers_benchmarking/snakemake_assemblers_benchmarking/.snakemake/conda/b7e368898dd31c80dbf249ab343a5e82_/lib/python3.12/site-packages/jinja2-3.1.6.dist-info/REQUESTED	UNTRACKED		PROTECTED
final_report_files/snakemake_assemblers_benchmarking/snakemake_assemblers_benchmarking/.snakemake/conda/b7e368898dd31c80dbf249ab343a5e82_/lib/python3.12/site-packages/jinja2/py.typed	UNTRACKED		PROTECTED
final_report_files/snakemake_assemblers_benchmarking/snakemake_assemblers_benchmarking/.snakemake/conda/b7e368898dd31c80dbf249ab343a5e82_/lib/python3.12/site-packages/jsonschema-4.26.0.dist-info/REQUESTED	UNTRACKED		PROTECTED
final_report_files/snakemake_assemblers_benchmarking/snakemake_assemblers_benchmarking/.snakemake/conda/b7e368898dd31c80dbf249ab343a5e82_/lib/python3.12/site-packages/jsonschema/tests/__init__.py	UNTRACKED		PROTECTED
final_report_files/snakemake_assemblers_benchmarking/snakemake_assemblers_benchmarking/.snakemake/conda/b7e368898dd31c80dbf249ab343a5e82_/lib/python3.12/site-packages/jsonschema/tests/typing/__init__.py	UNTRACKED		PROTECTED
final_report_files/snakemake_assemblers_benchmarking/snakemake_assemblers_benchmarking/.snakemake/conda/b7e368898dd31c80dbf249ab343a5e82_/lib/python3.12/site-packages/jsonschema_specifications-2025.9.1.dist-info/REQUESTED	UNTRACKED		PROTECTED
final_report_files/snakemake_assemblers_benchmarking/snakemake_assemblers_benchmarking/.snakemake/conda/b7e368898dd31c80dbf249ab343a5e82_/lib/python3.12/site-packages/jsonschema_specifications/tests/__init__.py	UNTRACKED		PROTECTED
final_report_files/snakemake_assemblers_benchmarking/snakemake_assemblers_benchmarking/.snakemake/conda/b7e368898dd31c80dbf249ab343a5e82_/lib/python3.12/site-packages/jupyter_core-5.9.1.dist-info/REQUESTED	UNTRACKED		PROTECTED
final_report_files/snakemake_assemblers_benchmarking/snakemake_assemblers_benchmarking/.snakemake/conda/b7e368898dd31c80dbf249ab343a5e82_/lib/python3.12/site-packages/jupyter_core/py.typed	UNTRACKED		PROTECTED
final_report_files/snakemake_assemblers_benchmarking/snakemake_assemblers_benchmarking/.snakemake/conda/b7e368898dd31c80dbf249ab343a5e82_/lib/python3.12/site-packages/logmuse-0.3.0.dist-info/REQUESTED	UNTRACKED		PROTECTED
final_report_files/snakemake_assemblers_benchmarking/snakemake_assemblers_benchmarking/.snakemake/conda/b7e368898dd31c80dbf249ab343a5e82_/lib/python3.12/site-packages/markdown_it/cli/__init__.py	UNTRACKED		PROTECTED
final_report_files/snakemake_assemblers_benchmarking/snakemake_assemblers_benchmarking/.snakemake/conda/b7e368898dd31c80dbf249ab343a5e82_/lib/python3.12/site-packages/markdown_it/common/__init__.py	UNTRACKED		PROTECTED
final_report_files/snakemake_assemblers_benchmarking/snakemake_assemblers_benchmarking/.snakemake/conda/b7e368898dd31c80dbf249ab343a5e82_/lib/python3.12/site-packages/markdown_it_py-4.2.0.dist-info/REQUESTED	UNTRACKED		PROTECTED
final_report_files/snakemake_assemblers_benchmarking/snakemake_assemblers_benchmarking/.snakemake/conda/b7e368898dd31c80dbf249ab343a5e82_/lib/python3.12/site-packages/markupsafe-3.0.3.dist-info/REQUESTED	UNTRACKED		PROTECTED
final_report_files/snakemake_assemblers_benchmarking/snakemake_assemblers_benchmarking/.snakemake/conda/b7e368898dd31c80dbf249ab343a5e82_/lib/python3.12/site-packages/markupsafe/py.typed	UNTRACKED		PROTECTED
final_report_files/snakemake_assemblers_benchmarking/snakemake_assemblers_benchmarking/.snakemake/conda/b7e368898dd31c80dbf249ab343a5e82_/lib/python3.12/site-packages/mdurl-0.1.2.dist-info/REQUESTED	UNTRACKED		PROTECTED
final_report_files/snakemake_assemblers_benchmarking/snakemake_assemblers_benchmarking/.snakemake/conda/b7e368898dd31c80dbf249ab343a5e82_/lib/python3.12/site-packages/nbformat-5.10.4.dist-info/REQUESTED	UNTRACKED		PROTECTED
final_report_files/snakemake_assemblers_benchmarking/snakemake_assemblers_benchmarking/.snakemake/conda/b7e368898dd31c80dbf249ab343a5e82_/lib/python3.12/site-packages/nbformat/corpus/__init__.py	UNTRACKED		PROTECTED
final_report_files/snakemake_assemblers_benchmarking/snakemake_assemblers_benchmarking/.snakemake/conda/b7e368898dd31c80dbf249ab343a5e82_/lib/python3.12/site-packages/nbformat/corpus/tests/__init__.py	UNTRACKED		PROTECTED
final_report_files/snakemake_assemblers_benchmarking/snakemake_assemblers_benchmarking/.snakemake/conda/b7e368898dd31c80dbf249ab343a5e82_/lib/python3.12/site-packages/nbformat/py.typed	UNTRACKED		PROTECTED
final_report_files/snakemake_assemblers_benchmarking/snakemake_assemblers_benchmarking/.snakemake/conda/b7e368898dd31c80dbf249ab343a5e82_/lib/python3.12/site-packages/numpy-2.5.1.dist-info/REQUESTED	UNTRACKED		PROTECTED
final_report_files/snakemake_assemblers_benchmarking/snakemake_assemblers_benchmarking/.snakemake/conda/b7e368898dd31c80dbf249ab343a5e82_/lib/python3.12/site-packages/numpy/_pyinstaller/__init__.py	UNTRACKED		PROTECTED
final_report_files/snakemake_assemblers_benchmarking/snakemake_assemblers_benchmarking/.snakemake/conda/b7e368898dd31c80dbf249ab343a5e82_/lib/python3.12/site-packages/numpy/_pyinstaller/__init__.pyi	UNTRACKED		PROTECTED
final_report_files/snakemake_assemblers_benchmarking/snakemake_assemblers_benchmarking/.snakemake/conda/b7e368898dd31c80dbf249ab343a5e82_/lib/python3.12/site-packages/numpy/core/_dtype.pyi	UNTRACKED		PROTECTED
final_report_files/snakemake_assemblers_benchmarking/snakemake_assemblers_benchmarking/.snakemake/conda/b7e368898dd31c80dbf249ab343a5e82_/lib/python3.12/site-packages/numpy/core/_dtype_ctypes.pyi	UNTRACKED		PROTECTED
final_report_files/snakemake_assemblers_benchmarking/snakemake_assemblers_benchmarking/.snakemake/conda/b7e368898dd31c80dbf249ab343a5e82_/lib/python3.12/site-packages/numpy/fft/tests/__init__.py	UNTRACKED		PROTECTED
final_report_files/snakemake_assemblers_benchmarking/snakemake_assemblers_benchmarking/.snakemake/conda/b7e368898dd31c80dbf249ab343a5e82_/lib/python3.12/site-packages/numpy/lib/tests/__init__.py	UNTRACKED		PROTECTED
final_report_files/snakemake_assemblers_benchmarking/snakemake_assemblers_benchmarking/.snakemake/conda/b7e368898dd31c80dbf249ab343a5e82_/lib/python3.12/site-packages/numpy/linalg/tests/__init__.py	UNTRACKED		PROTECTED
final_report_files/snakemake_assemblers_benchmarking/snakemake_assemblers_benchmarking/.snakemake/conda/b7e368898dd31c80dbf249ab343a5e82_/lib/python3.12/site-packages/numpy/ma/tests/__init__.py	UNTRACKED		PROTECTED
final_report_files/snakemake_assemblers_benchmarking/snakemake_assemblers_benchmarking/.snakemake/conda/b7e368898dd31c80dbf249ab343a5e82_/lib/python3.12/site-packages/numpy/matrixlib/tests/__init__.py	UNTRACKED		PROTECTED
final_report_files/snakemake_assemblers_benchmarking/snakemake_assemblers_benchmarking/.snakemake/conda/b7e368898dd31c80dbf249ab343a5e82_/lib/python3.12/site-packages/numpy/polynomial/tests/__init__.py	UNTRACKED		PROTECTED
final_report_files/snakemake_assemblers_benchmarking/snakemake_assemblers_benchmarking/.snakemake/conda/b7e368898dd31c80dbf249ab343a5e82_/lib/python3.12/site-packages/numpy/py.typed	UNTRACKED		PROTECTED
final_report_files/snakemake_assemblers_benchmarking/snakemake_assemblers_benchmarking/.snakemake/conda/b7e368898dd31c80dbf249ab343a5e82_/lib/python3.12/site-packages/numpy/random/tests/__init__.py	UNTRACKED		PROTECTED
final_report_files/snakemake_assemblers_benchmarking/snakemake_assemblers_benchmarking/.snakemake/conda/b7e368898dd31c80dbf249ab343a5e82_/lib/python3.12/site-packages/numpy/random/tests/data/__init__.py	UNTRACKED		PROTECTED
final_report_files/snakemake_assemblers_benchmarking/snakemake_assemblers_benchmarking/.snakemake/conda/b7e368898dd31c80dbf249ab343a5e82_/lib/python3.12/site-packages/numpy/testing/_private/__init__.py	UNTRACKED		PROTECTED
final_report_files/snakemake_assemblers_benchmarking/snakemake_assemblers_benchmarking/.snakemake/conda/b7e368898dd31c80dbf249ab343a5e82_/lib/python3.12/site-packages/numpy/testing/_private/__init__.pyi	UNTRACKED		PROTECTED
final_report_files/snakemake_assemblers_benchmarking/snakemake_assemblers_benchmarking/.snakemake/conda/b7e368898dd31c80dbf249ab343a5e82_/lib/python3.12/site-packages/numpy/testing/tests/__init__.py	UNTRACKED		PROTECTED
final_report_files/snakemake_assemblers_benchmarking/snakemake_assemblers_benchmarking/.snakemake/conda/b7e368898dd31c80dbf249ab343a5e82_/lib/python3.12/site-packages/numpy/tests/__init__.py	UNTRACKED		PROTECTED
final_report_files/snakemake_assemblers_benchmarking/snakemake_assemblers_benchmarking/.snakemake/conda/b7e368898dd31c80dbf249ab343a5e82_/lib/python3.12/site-packages/numpy/typing/tests/__init__.py	UNTRACKED		PROTECTED
final_report_files/snakemake_assemblers_benchmarking/snakemake_assemblers_benchmarking/.snakemake/conda/b7e368898dd31c80dbf249ab343a5e82_/lib/python3.12/site-packages/packaging-25.0.dist-info/REQUESTED	UNTRACKED		PROTECTED
final_report_files/snakemake_assemblers_benchmarking/snakemake_assemblers_benchmarking/.snakemake/conda/b7e368898dd31c80dbf249ab343a5e82_/lib/python3.12/site-packages/packaging/py.typed	UNTRACKED		PROTECTED
final_report_files/snakemake_assemblers_benchmarking/snakemake_assemblers_benchmarking/.snakemake/conda/b7e368898dd31c80dbf249ab343a5e82_/lib/python3.12/site-packages/pandas-3.0.5.dist-info/REQUESTED	UNTRACKED		PROTECTED
final_report_files/snakemake_assemblers_benchmarking/snakemake_assemblers_benchmarking/.snakemake/conda/b7e368898dd31c80dbf249ab343a5e82_/lib/python3.12/site-packages/pandas/_libs/window/__init__.py	UNTRACKED		PROTECTED
final_report_files/snakemake_assemblers_benchmarking/snakemake_assemblers_benchmarking/.snakemake/conda/b7e368898dd31c80dbf249ab343a5e82_/lib/python3.12/site-packages/pandas/core/__init__.py	UNTRACKED		PROTECTED
final_report_files/snakemake_assemblers_benchmarking/snakemake_assemblers_benchmarking/.snakemake/conda/b7e368898dd31c80dbf249ab343a5e82_/lib/python3.12/site-packages/pandas/core/_numba/__init__.py	UNTRACKED		PROTECTED
final_report_files/snakemake_assemblers_benchmarking/snakemake_assemblers_benchmarking/.snakemake/conda/b7e368898dd31c80dbf249ab343a5e82_/lib/python3.12/site-packages/pandas/core/computation/__init__.py	UNTRACKED		PROTECTED
final_report_files/snakemake_assemblers_benchmarking/snakemake_assemblers_benchmarking/.snakemake/conda/b7e368898dd31c80dbf249ab343a5e82_/lib/python3.12/site-packages/pandas/core/dtypes/__init__.py	UNTRACKED		PROTECTED
final_report_files/snakemake_assemblers_benchmarking/snakemake_assemblers_benchmarking/.snakemake/conda/b7e368898dd31c80dbf249ab343a5e82_/lib/python3.12/site-packages/pandas/core/indexes/__init__.py	UNTRACKED		PROTECTED
final_report_files/snakemake_assemblers_benchmarking/snakemake_assemblers_benchmarking/.snakemake/conda/b7e368898dd31c80dbf249ab343a5e82_/lib/python3.12/site-packages/pandas/core/interchange/__init__.py	UNTRACKED		PROTECTED
final_report_files/snakemake_assemblers_benchmarking/snakemake_assemblers_benchmarking/.snakemake/conda/b7e368898dd31c80dbf249ab343a5e82_/lib/python3.12/site-packages/pandas/core/methods/__init__.py	UNTRACKED		PROTECTED
final_report_files/snakemake_assemblers_benchmarking/snakemake_assemblers_benchmarking/.snakemake/conda/b7e368898dd31c80dbf249ab343a5e82_/lib/python3.12/site-packages/pandas/core/reshape/__init__.py	UNTRACKED		PROTECTED
final_report_files/snakemake_assemblers_benchmarking/snakemake_assemblers_benchmarking/.snakemake/conda/b7e368898dd31c80dbf249ab343a5e82_/lib/python3.12/site-packages/pandas/core/sparse/__init__.py	UNTRACKED		PROTECTED
final_report_files/snakemake_assemblers_benchmarking/snakemake_assemblers_benchmarking/.snakemake/conda/b7e368898dd31c80dbf249ab343a5e82_/lib/python3.12/site-packages/pandas/core/tools/__init__.py	UNTRACKED		PROTECTED
final_report_files/snakemake_assemblers_benchmarking/snakemake_assemblers_benchmarking/.snakemake/conda/b7e368898dd31c80dbf249ab343a5e82_/lib/python3.12/site-packages/pandas/core/util/__init__.py	UNTRACKED		PROTECTED
final_report_files/snakemake_assemblers_benchmarking/snakemake_assemblers_benchmarking/.snakemake/conda/b7e368898dd31c80dbf249ab343a5e82_/lib/python3.12/site-packages/pandas/tests/__init__.py	UNTRACKED		PROTECTED
final_report_files/snakemake_assemblers_benchmarking/snakemake_assemblers_benchmarking/.snakemake/conda/b7e368898dd31c80dbf249ab343a5e82_/lib/python3.12/site-packages/pandas/tests/api/__init__.py	UNTRACKED		PROTECTED
final_report_files/snakemake_assemblers_benchmarking/snakemake_assemblers_benchmarking/.snakemake/conda/b7e368898dd31c80dbf249ab343a5e82_/lib/python3.12/site-packages/pandas/tests/apply/__init__.py	UNTRACKED		PROTECTED
final_report_files/snakemake_assemblers_benchmarking/snakemake_assemblers_benchmarking/.snakemake/conda/b7e368898dd31c80dbf249ab343a5e82_/lib/python3.12/site-packages/pandas/tests/arithmetic/__init__.py	UNTRACKED		PROTECTED
final_report_files/snakemake_assemblers_benchmarking/snakemake_assemblers_benchmarking/.snakemake/conda/b7e368898dd31c80dbf249ab343a5e82_/lib/python3.12/site-packages/pandas/tests/arrays/__init__.py	UNTRACKED		PROTECTED
final_report_files/snakemake_assemblers_benchmarking/snakemake_assemblers_benchmarking/.snakemake/conda/b7e368898dd31c80dbf249ab343a5e82_/lib/python3.12/site-packages/pandas/tests/arrays/boolean/__init__.py	UNTRACKED		PROTECTED
final_report_files/snakemake_assemblers_benchmarking/snakemake_assemblers_benchmarking/.snakemake/conda/b7e368898dd31c80dbf249ab343a5e82_/lib/python3.12/site-packages/pandas/tests/arrays/categorical/__init__.py	UNTRACKED		PROTECTED
final_report_files/snakemake_assemblers_benchmarking/snakemake_assemblers_benchmarking/.snakemake/conda/b7e368898dd31c80dbf249ab343a5e82_/lib/python3.12/site-packages/pandas/tests/arrays/datetimes/__init__.py	UNTRACKED		PROTECTED
final_report_files/snakemake_assemblers_benchmarking/snakemake_assemblers_benchmarking/.snakemake/conda/b7e368898dd31c80dbf249ab343a5e82_/lib/python3.12/site-packages/pandas/tests/arrays/floating/__init__.py	UNTRACKED		PROTECTED
final_report_files/snakemake_assemblers_benchmarking/snakemake_assemblers_benchmarking/.snakemake/conda/b7e368898dd31c80dbf249ab343a5e82_/lib/python3.12/site-packages/pandas/tests/arrays/integer/__init__.py	UNTRACKED		PROTECTED
final_report_files/snakemake_assemblers_benchmarking/snakemake_assemblers_benchmarking/.snakemake/conda/b7e368898dd31c80dbf249ab343a5e82_/lib/python3.12/site-packages/pandas/tests/arrays/interval/__init__.py	UNTRACKED		PROTECTED
final_report_files/snakemake_assemblers_benchmarking/snakemake_assemblers_benchmarking/.snakemake/conda/b7e368898dd31c80dbf249ab343a5e82_/lib/python3.12/site-packages/pandas/tests/arrays/masked/__init__.py	UNTRACKED		PROTECTED
final_report_files/snakemake_assemblers_benchmarking/snakemake_assemblers_benchmarking/.snakemake/conda/b7e368898dd31c80dbf249ab343a5e82_/lib/python3.12/site-packages/pandas/tests/arrays/numpy_/__init__.py	UNTRACKED		PROTECTED
final_report_files/snakemake_assemblers_benchmarking/snakemake_assemblers_benchmarking/.snakemake/conda/b7e368898dd31c80dbf249ab343a5e82_/lib/python3.12/site-packages/pandas/tests/arrays/period/__init__.py	UNTRACKED		PROTECTED
final_report_files/snakemake_assemblers_benchmarking/snakemake_assemblers_benchmarking/.snakemake/conda/b7e368898dd31c80dbf249ab343a5e82_/lib/python3.12/site-packages/pandas/tests/arrays/sparse/__init__.py	UNTRACKED		PROTECTED
final_report_files/snakemake_assemblers_benchmarking/snakemake_assemblers_benchmarking/.snakemake/conda/b7e368898dd31c80dbf249ab343a5e82_/lib/python3.12/site-packages/pandas/tests/arrays/string_/__init__.py	UNTRACKED		PROTECTED
final_report_files/snakemake_assemblers_benchmarking/snakemake_assemblers_benchmarking/.snakemake/conda/b7e368898dd31c80dbf249ab343a5e82_/lib/python3.12/site-packages/pandas/tests/arrays/timedeltas/__init__.py	UNTRACKED		PROTECTED
final_report_files/snakemake_assemblers_benchmarking/snakemake_assemblers_benchmarking/.snakemake/conda/b7e368898dd31c80dbf249ab343a5e82_/lib/python3.12/site-packages/pandas/tests/base/__init__.py	UNTRACKED		PROTECTED
final_report_files/snakemake_assemblers_benchmarking/snakemake_assemblers_benchmarking/.snakemake/conda/b7e368898dd31c80dbf249ab343a5e82_/lib/python3.12/site-packages/pandas/tests/computation/__init__.py	UNTRACKED		PROTECTED
final_report_files/snakemake_assemblers_benchmarking/snakemake_assemblers_benchmarking/.snakemake/conda/b7e368898dd31c80dbf249ab343a5e82_/lib/python3.12/site-packages/pandas/tests/config/__init__.py	UNTRACKED		PROTECTED
final_report_files/snakemake_assemblers_benchmarking/snakemake_assemblers_benchmarking/.snakemake/conda/b7e368898dd31c80dbf249ab343a5e82_/lib/python3.12/site-packages/pandas/tests/construction/__init__.py	UNTRACKED		PROTECTED
final_report_files/snakemake_assemblers_benchmarking/snakemake_assemblers_benchmarking/.snakemake/conda/b7e368898dd31c80dbf249ab343a5e82_/lib/python3.12/site-packages/pandas/tests/copy_view/__init__.py	UNTRACKED		PROTECTED
final_report_files/snakemake_assemblers_benchmarking/snakemake_assemblers_benchmarking/.snakemake/conda/b7e368898dd31c80dbf249ab343a5e82_/lib/python3.12/site-packages/pandas/tests/copy_view/index/__init__.py	UNTRACKED		PROTECTED
final_report_files/snakemake_assemblers_benchmarking/snakemake_assemblers_benchmarking/.snakemake/conda/b7e368898dd31c80dbf249ab343a5e82_/lib/python3.12/site-packages/pandas/tests/dtypes/__init__.py	UNTRACKED		PROTECTED
final_report_files/snakemake_assemblers_benchmarking/snakemake_assemblers_benchmarking/.snakemake/conda/b7e368898dd31c80dbf249ab343a5e82_/lib/python3.12/site-packages/pandas/tests/dtypes/cast/__init__.py	UNTRACKED		PROTECTED
final_report_files/snakemake_assemblers_benchmarking/snakemake_assemblers_benchmarking/.snakemake/conda/b7e368898dd31c80dbf249ab343a5e82_/lib/python3.12/site-packages/pandas/tests/extension/__init__.py	UNTRACKED		PROTECTED
final_report_files/snakemake_assemblers_benchmarking/snakemake_assemblers_benchmarking/.snakemake/conda/b7e368898dd31c80dbf249ab343a5e82_/lib/python3.12/site-packages/pandas/tests/extension/uuid/__init__.py	UNTRACKED		PROTECTED
final_report_files/snakemake_assemblers_benchmarking/snakemake_assemblers_benchmarking/.snakemake/conda/b7e368898dd31c80dbf249ab343a5e82_/lib/python3.12/site-packages/pandas/tests/frame/__init__.py	UNTRACKED		PROTECTED
final_report_files/snakemake_assemblers_benchmarking/snakemake_assemblers_benchmarking/.snakemake/conda/b7e368898dd31c80dbf249ab343a5e82_/lib/python3.12/site-packages/pandas/tests/frame/constructors/__init__.py	UNTRACKED		PROTECTED
final_report_files/snakemake_assemblers_benchmarking/snakemake_assemblers_benchmarking/.snakemake/conda/b7e368898dd31c80dbf249ab343a5e82_/lib/python3.12/site-packages/pandas/tests/frame/indexing/__init__.py	UNTRACKED		PROTECTED
final_report_files/snakemake_assemblers_benchmarking/snakemake_assemblers_benchmarking/.snakemake/conda/b7e368898dd31c80dbf249ab343a5e82_/lib/python3.12/site-packages/pandas/tests/generic/__init__.py	UNTRACKED		PROTECTED
final_report_files/snakemake_assemblers_benchmarking/snakemake_assemblers_benchmarking/.snakemake/conda/b7e368898dd31c80dbf249ab343a5e82_/lib/python3.12/site-packages/pandas/tests/groupby/aggregate/__init__.py	UNTRACKED		PROTECTED
final_report_files/snakemake_assemblers_benchmarking/snakemake_assemblers_benchmarking/.snakemake/conda/b7e368898dd31c80dbf249ab343a5e82_/lib/python3.12/site-packages/pandas/tests/groupby/methods/__init__.py	UNTRACKED		PROTECTED
final_report_files/snakemake_assemblers_benchmarking/snakemake_assemblers_benchmarking/.snakemake/conda/b7e368898dd31c80dbf249ab343a5e82_/lib/python3.12/site-packages/pandas/tests/groupby/transform/__init__.py	UNTRACKED		PROTECTED
final_report_files/snakemake_assemblers_benchmarking/snakemake_assemblers_benchmarking/.snakemake/conda/b7e368898dd31c80dbf249ab343a5e82_/lib/python3.12/site-packages/pandas/tests/indexes/__init__.py	UNTRACKED		PROTECTED
final_report_files/snakemake_assemblers_benchmarking/snakemake_assemblers_benchmarking/.snakemake/conda/b7e368898dd31c80dbf249ab343a5e82_/lib/python3.12/site-packages/pandas/tests/indexes/base_class/__init__.py	UNTRACKED		PROTECTED
final_report_files/snakemake_assemblers_benchmarking/snakemake_assemblers_benchmarking/.snakemake/conda/b7e368898dd31c80dbf249ab343a5e82_/lib/python3.12/site-packages/pandas/tests/indexes/categorical/__init__.py	UNTRACKED		PROTECTED
final_report_files/snakemake_assemblers_benchmarking/snakemake_assemblers_benchmarking/.snakemake/conda/b7e368898dd31c80dbf249ab343a5e82_/lib/python3.12/site-packages/pandas/tests/indexes/datetimelike_/__init__.py	UNTRACKED		PROTECTED
final_report_files/snakemake_assemblers_benchmarking/snakemake_assemblers_benchmarking/.snakemake/conda/b7e368898dd31c80dbf249ab343a5e82_/lib/python3.12/site-packages/pandas/tests/indexes/datetimes/__init__.py	UNTRACKED		PROTECTED
final_report_files/snakemake_assemblers_benchmarking/snakemake_assemblers_benchmarking/.snakemake/conda/b7e368898dd31c80dbf249ab343a5e82_/lib/python3.12/site-packages/pandas/tests/indexes/datetimes/methods/__init__.py	UNTRACKED		PROTECTED
final_report_files/snakemake_assemblers_benchmarking/snakemake_assemblers_benchmarking/.snakemake/conda/b7e368898dd31c80dbf249ab343a5e82_/lib/python3.12/site-packages/pandas/tests/indexes/interval/__init__.py	UNTRACKED		PROTECTED
final_report_files/snakemake_assemblers_benchmarking/snakemake_assemblers_benchmarking/.snakemake/conda/b7e368898dd31c80dbf249ab343a5e82_/lib/python3.12/site-packages/pandas/tests/indexes/multi/__init__.py	UNTRACKED		PROTECTED
final_report_files/snakemake_assemblers_benchmarking/snakemake_assemblers_benchmarking/.snakemake/conda/b7e368898dd31c80dbf249ab343a5e82_/lib/python3.12/site-packages/pandas/tests/indexes/numeric/__init__.py	UNTRACKED		PROTECTED
final_report_files/snakemake_assemblers_benchmarking/snakemake_assemblers_benchmarking/.snakemake/conda/b7e368898dd31c80dbf249ab343a5e82_/lib/python3.12/site-packages/pandas/tests/indexes/object/__init__.py	UNTRACKED		PROTECTED
final_report_files/snakemake_assemblers_benchmarking/snakemake_assemblers_benchmarking/.snakemake/conda/b7e368898dd31c80dbf249ab343a5e82_/lib/python3.12/site-packages/pandas/tests/indexes/period/__init__.py	UNTRACKED		PROTECTED
final_report_files/snakemake_assemblers_benchmarking/snakemake_assemblers_benchmarking/.snakemake/conda/b7e368898dd31c80dbf249ab343a5e82_/lib/python3.12/site-packages/pandas/tests/indexes/period/methods/__init__.py	UNTRACKED		PROTECTED
final_report_files/snakemake_assemblers_benchmarking/snakemake_assemblers_benchmarking/.snakemake/conda/b7e368898dd31c80dbf249ab343a5e82_/lib/python3.12/site-packages/pandas/tests/indexes/ranges/__init__.py	UNTRACKED		PROTECTED
final_report_files/snakemake_assemblers_benchmarking/snakemake_assemblers_benchmarking/.snakemake/conda/b7e368898dd31c80dbf249ab343a5e82_/lib/python3.12/site-packages/pandas/tests/indexes/string/__init__.py	UNTRACKED		PROTECTED
final_report_files/snakemake_assemblers_benchmarking/snakemake_assemblers_benchmarking/.snakemake/conda/b7e368898dd31c80dbf249ab343a5e82_/lib/python3.12/site-packages/pandas/tests/indexes/timedeltas/__init__.py	UNTRACKED		PROTECTED
final_report_files/snakemake_assemblers_benchmarking/snakemake_assemblers_benchmarking/.snakemake/conda/b7e368898dd31c80dbf249ab343a5e82_/lib/python3.12/site-packages/pandas/tests/indexes/timedeltas/methods/__init__.py	UNTRACKED		PROTECTED
final_report_files/snakemake_assemblers_benchmarking/snakemake_assemblers_benchmarking/.snakemake/conda/b7e368898dd31c80dbf249ab343a5e82_/lib/python3.12/site-packages/pandas/tests/indexing/__init__.py	UNTRACKED		PROTECTED
final_report_files/snakemake_assemblers_benchmarking/snakemake_assemblers_benchmarking/.snakemake/conda/b7e368898dd31c80dbf249ab343a5e82_/lib/python3.12/site-packages/pandas/tests/indexing/interval/__init__.py	UNTRACKED		PROTECTED
final_report_files/snakemake_assemblers_benchmarking/snakemake_assemblers_benchmarking/.snakemake/conda/b7e368898dd31c80dbf249ab343a5e82_/lib/python3.12/site-packages/pandas/tests/indexing/multiindex/__init__.py	UNTRACKED		PROTECTED
final_report_files/snakemake_assemblers_benchmarking/snakemake_assemblers_benchmarking/.snakemake/conda/b7e368898dd31c80dbf249ab343a5e82_/lib/python3.12/site-packages/pandas/tests/interchange/__init__.py	UNTRACKED		PROTECTED
final_report_files/snakemake_assemblers_benchmarking/snakemake_assemblers_benchmarking/.snakemake/conda/b7e368898dd31c80dbf249ab343a5e82_/lib/python3.12/site-packages/pandas/tests/internals/__init__.py	UNTRACKED		PROTECTED
final_report_files/snakemake_assemblers_benchmarking/snakemake_assemblers_benchmarking/.snakemake/conda/b7e368898dd31c80dbf249ab343a5e82_/lib/python3.12/site-packages/pandas/tests/io/__init__.py	UNTRACKED		PROTECTED
final_report_files/snakemake_assemblers_benchmarking/snakemake_assemblers_benchmarking/.snakemake/conda/b7e368898dd31c80dbf249ab343a5e82_/lib/python3.12/site-packages/pandas/tests/io/excel/__init__.py	UNTRACKED		PROTECTED
final_report_files/snakemake_assemblers_benchmarking/snakemake_assemblers_benchmarking/.snakemake/conda/b7e368898dd31c80dbf249ab343a5e82_/lib/python3.12/site-packages/pandas/tests/io/formats/__init__.py	UNTRACKED		PROTECTED
final_report_files/snakemake_assemblers_benchmarking/snakemake_assemblers_benchmarking/.snakemake/conda/b7e368898dd31c80dbf249ab343a5e82_/lib/python3.12/site-packages/pandas/tests/io/formats/style/__init__.py	UNTRACKED		PROTECTED
final_report_files/snakemake_assemblers_benchmarking/snakemake_assemblers_benchmarking/.snakemake/conda/b7e368898dd31c80dbf249ab343a5e82_/lib/python3.12/site-packages/pandas/tests/io/json/__init__.py	UNTRACKED		PROTECTED
final_report_files/snakemake_assemblers_benchmarking/snakemake_assemblers_benchmarking/.snakemake/conda/b7e368898dd31c80dbf249ab343a5e82_/lib/python3.12/site-packages/pandas/tests/io/parser/__init__.py	UNTRACKED		PROTECTED
final_report_files/snakemake_assemblers_benchmarking/snakemake_assemblers_benchmarking/.snakemake/conda/b7e368898dd31c80dbf249ab343a5e82_/lib/python3.12/site-packages/pandas/tests/io/parser/common/__init__.py	UNTRACKED		PROTECTED
final_report_files/snakemake_assemblers_benchmarking/snakemake_assemblers_benchmarking/.snakemake/conda/b7e368898dd31c80dbf249ab343a5e82_/lib/python3.12/site-packages/pandas/tests/io/parser/dtypes/__init__.py	UNTRACKED		PROTECTED
final_report_files/snakemake_assemblers_benchmarking/snakemake_assemblers_benchmarking/.snakemake/conda/b7e368898dd31c80dbf249ab343a5e82_/lib/python3.12/site-packages/pandas/tests/io/parser/usecols/__init__.py	UNTRACKED		PROTECTED
final_report_files/snakemake_assemblers_benchmarking/snakemake_assemblers_benchmarking/.snakemake/conda/b7e368898dd31c80dbf249ab343a5e82_/lib/python3.12/site-packages/pandas/tests/io/pytables/__init__.py	UNTRACKED		PROTECTED
final_report_files/snakemake_assemblers_benchmarking/snakemake_assemblers_benchmarking/.snakemake/conda/b7e368898dd31c80dbf249ab343a5e82_/lib/python3.12/site-packages/pandas/tests/io/pytables/common.py	UNTRACKED		PROTECTED
final_report_files/snakemake_assemblers_benchmarking/snakemake_assemblers_benchmarking/.snakemake/conda/b7e368898dd31c80dbf249ab343a5e82_/lib/python3.12/site-packages/pandas/tests/io/sas/__init__.py	UNTRACKED		PROTECTED
final_report_files/snakemake_assemblers_benchmarking/snakemake_assemblers_benchmarking/.snakemake/conda/b7e368898dd31c80dbf249ab343a5e82_/lib/python3.12/site-packages/pandas/tests/io/xml/__init__.py	UNTRACKED		PROTECTED
final_report_files/snakemake_assemblers_benchmarking/snakemake_assemblers_benchmarking/.snakemake/conda/b7e368898dd31c80dbf249ab343a5e82_/lib/python3.12/site-packages/pandas/tests/libs/__init__.py	UNTRACKED		PROTECTED
final_report_files/snakemake_assemblers_benchmarking/snakemake_assemblers_benchmarking/.snakemake/conda/b7e368898dd31c80dbf249ab343a5e82_/lib/python3.12/site-packages/pandas/tests/plotting/__init__.py	UNTRACKED		PROTECTED
final_report_files/snakemake_assemblers_benchmarking/snakemake_assemblers_benchmarking/.snakemake/conda/b7e368898dd31c80dbf249ab343a5e82_/lib/python3.12/site-packages/pandas/tests/plotting/frame/__init__.py	UNTRACKED		PROTECTED
final_report_files/snakemake_assemblers_benchmarking/snakemake_assemblers_benchmarking/.snakemake/conda/b7e368898dd31c80dbf249ab343a5e82_/lib/python3.12/site-packages/pandas/tests/resample/__init__.py	UNTRACKED		PROTECTED
final_report_files/snakemake_assemblers_benchmarking/snakemake_assemblers_benchmarking/.snakemake/conda/b7e368898dd31c80dbf249ab343a5e82_/lib/python3.12/site-packages/pandas/tests/reshape/__init__.py	UNTRACKED		PROTECTED
final_report_files/snakemake_assemblers_benchmarking/snakemake_assemblers_benchmarking/.snakemake/conda/b7e368898dd31c80dbf249ab343a5e82_/lib/python3.12/site-packages/pandas/tests/reshape/concat/__init__.py	UNTRACKED		PROTECTED
final_report_files/snakemake_assemblers_benchmarking/snakemake_assemblers_benchmarking/.snakemake/conda/b7e368898dd31c80dbf249ab343a5e82_/lib/python3.12/site-packages/pandas/tests/reshape/merge/__init__.py	UNTRACKED		PROTECTED
final_report_files/snakemake_assemblers_benchmarking/snakemake_assemblers_benchmarking/.snakemake/conda/b7e368898dd31c80dbf249ab343a5e82_/lib/python3.12/site-packages/pandas/tests/scalar/__init__.py	UNTRACKED		PROTECTED
final_report_files/snakemake_assemblers_benchmarking/snakemake_assemblers_benchmarking/.snakemake/conda/b7e368898dd31c80dbf249ab343a5e82_/lib/python3.12/site-packages/pandas/tests/scalar/interval/__init__.py	UNTRACKED		PROTECTED
final_report_files/snakemake_assemblers_benchmarking/snakemake_assemblers_benchmarking/.snakemake/conda/b7e368898dd31c80dbf249ab343a5e82_/lib/python3.12/site-packages/pandas/tests/scalar/period/__init__.py	UNTRACKED		PROTECTED
final_report_files/snakemake_assemblers_benchmarking/snakemake_assemblers_benchmarking/.snakemake/conda/b7e368898dd31c80dbf249ab343a5e82_/lib/python3.12/site-packages/pandas/tests/scalar/timedelta/__init__.py	UNTRACKED		PROTECTED
final_report_files/snakemake_assemblers_benchmarking/snakemake_assemblers_benchmarking/.snakemake/conda/b7e368898dd31c80dbf249ab343a5e82_/lib/python3.12/site-packages/pandas/tests/scalar/timedelta/methods/__init__.py	UNTRACKED		PROTECTED
final_report_files/snakemake_assemblers_benchmarking/snakemake_assemblers_benchmarking/.snakemake/conda/b7e368898dd31c80dbf249ab343a5e82_/lib/python3.12/site-packages/pandas/tests/scalar/timestamp/__init__.py	UNTRACKED		PROTECTED
final_report_files/snakemake_assemblers_benchmarking/snakemake_assemblers_benchmarking/.snakemake/conda/b7e368898dd31c80dbf249ab343a5e82_/lib/python3.12/site-packages/pandas/tests/scalar/timestamp/methods/__init__.py	UNTRACKED		PROTECTED
final_report_files/snakemake_assemblers_benchmarking/snakemake_assemblers_benchmarking/.snakemake/conda/b7e368898dd31c80dbf249ab343a5e82_/lib/python3.12/site-packages/pandas/tests/series/__init__.py	UNTRACKED		PROTECTED
final_report_files/snakemake_assemblers_benchmarking/snakemake_assemblers_benchmarking/.snakemake/conda/b7e368898dd31c80dbf249ab343a5e82_/lib/python3.12/site-packages/pandas/tests/series/accessors/__init__.py	UNTRACKED		PROTECTED
final_report_files/snakemake_assemblers_benchmarking/snakemake_assemblers_benchmarking/.snakemake/conda/b7e368898dd31c80dbf249ab343a5e82_/lib/python3.12/site-packages/pandas/tests/series/indexing/__init__.py	UNTRACKED		PROTECTED
final_report_files/snakemake_assemblers_benchmarking/snakemake_assemblers_benchmarking/.snakemake/conda/b7e368898dd31c80dbf249ab343a5e82_/lib/python3.12/site-packages/pandas/tests/tools/__init__.py	UNTRACKED		PROTECTED
final_report_files/snakemake_assemblers_benchmarking/snakemake_assemblers_benchmarking/.snakemake/conda/b7e368898dd31c80dbf249ab343a5e82_/lib/python3.12/site-packages/pandas/tests/tseries/__init__.py	UNTRACKED		PROTECTED
final_report_files/snakemake_assemblers_benchmarking/snakemake_assemblers_benchmarking/.snakemake/conda/b7e368898dd31c80dbf249ab343a5e82_/lib/python3.12/site-packages/pandas/tests/tseries/frequencies/__init__.py	UNTRACKED		PROTECTED
final_report_files/snakemake_assemblers_benchmarking/snakemake_assemblers_benchmarking/.snakemake/conda/b7e368898dd31c80dbf249ab343a5e82_/lib/python3.12/site-packages/pandas/tests/tseries/holiday/__init__.py	UNTRACKED		PROTECTED
final_report_files/snakemake_assemblers_benchmarking/snakemake_assemblers_benchmarking/.snakemake/conda/b7e368898dd31c80dbf249ab343a5e82_/lib/python3.12/site-packages/pandas/tests/tseries/offsets/__init__.py	UNTRACKED		PROTECTED
final_report_files/snakemake_assemblers_benchmarking/snakemake_assemblers_benchmarking/.snakemake/conda/b7e368898dd31c80dbf249ab343a5e82_/lib/python3.12/site-packages/pandas/tests/tslibs/__init__.py	UNTRACKED		PROTECTED
final_report_files/snakemake_assemblers_benchmarking/snakemake_assemblers_benchmarking/.snakemake/conda/b7e368898dd31c80dbf249ab343a5e82_/lib/python3.12/site-packages/pandas/tests/util/__init__.py	UNTRACKED		PROTECTED
final_report_files/snakemake_assemblers_benchmarking/snakemake_assemblers_benchmarking/.snakemake/conda/b7e368898dd31c80dbf249ab343a5e82_/lib/python3.12/site-packages/pandas/tests/window/__init__.py	UNTRACKED		PROTECTED
final_report_files/snakemake_assemblers_benchmarking/snakemake_assemblers_benchmarking/.snakemake/conda/b7e368898dd31c80dbf249ab343a5e82_/lib/python3.12/site-packages/pandas/tests/window/moments/__init__.py	UNTRACKED		PROTECTED
final_report_files/snakemake_assemblers_benchmarking/snakemake_assemblers_benchmarking/.snakemake/conda/b7e368898dd31c80dbf249ab343a5e82_/lib/python3.12/site-packages/pephubclient-0.4.4.dist-info/REQUESTED	UNTRACKED		PROTECTED
final_report_files/snakemake_assemblers_benchmarking/snakemake_assemblers_benchmarking/.snakemake/conda/b7e368898dd31c80dbf249ab343a5e82_/lib/python3.12/site-packages/pephubclient/modules/__init__.py	UNTRACKED		PROTECTED
final_report_files/snakemake_assemblers_benchmarking/snakemake_assemblers_benchmarking/.snakemake/conda/b7e368898dd31c80dbf249ab343a5e82_/lib/python3.12/site-packages/pephubclient/pephub_oauth/__init__.py	UNTRACKED		PROTECTED
final_report_files/snakemake_assemblers_benchmarking/snakemake_assemblers_benchmarking/.snakemake/conda/b7e368898dd31c80dbf249ab343a5e82_/lib/python3.12/site-packages/peppy-0.40.8.dist-info/REQUESTED	UNTRACKED		PROTECTED
final_report_files/snakemake_assemblers_benchmarking/snakemake_assemblers_benchmarking/.snakemake/conda/b7e368898dd31c80dbf249ab343a5e82_/lib/python3.12/site-packages/platformdirs-4.11.0.dist-info/REQUESTED	UNTRACKED		PROTECTED
final_report_files/snakemake_assemblers_benchmarking/snakemake_assemblers_benchmarking/.snakemake/conda/b7e368898dd31c80dbf249ab343a5e82_/lib/python3.12/site-packages/platformdirs/py.typed	UNTRACKED		PROTECTED
final_report_files/snakemake_assemblers_benchmarking/snakemake_assemblers_benchmarking/.snakemake/conda/b7e368898dd31c80dbf249ab343a5e82_/lib/python3.12/site-packages/psutil-7.2.2.dist-info/REQUESTED	UNTRACKED		PROTECTED
final_report_files/snakemake_assemblers_benchmarking/snakemake_assemblers_benchmarking/.snakemake/conda/b7e368898dd31c80dbf249ab343a5e82_/lib/python3.12/site-packages/pulp-2.8.0.dist-info/REQUESTED	UNTRACKED		PROTECTED
final_report_files/snakemake_assemblers_benchmarking/snakemake_assemblers_benchmarking/.snakemake/conda/b7e368898dd31c80dbf249ab343a5e82_/lib/python3.12/site-packages/pulp/solverdir/__init__.py	UNTRACKED		PROTECTED
final_report_files/snakemake_assemblers_benchmarking/snakemake_assemblers_benchmarking/.snakemake/conda/b7e368898dd31c80dbf249ab343a5e82_/lib/python3.12/site-packages/pybedtools-0.12.0.dist-info/REQUESTED	UNTRACKED		PROTECTED
final_report_files/snakemake_assemblers_benchmarking/snakemake_assemblers_benchmarking/.snakemake/conda/b7e368898dd31c80dbf249ab343a5e82_/lib/python3.12/site-packages/pybedtools/test/data/__init__.py	UNTRACKED		PROTECTED
final_report_files/snakemake_assemblers_benchmarking/snakemake_assemblers_benchmarking/.snakemake/conda/b7e368898dd31c80dbf249ab343a5e82_/lib/python3.12/site-packages/pydantic-2.13.4.dist-info/REQUESTED	UNTRACKED		PROTECTED
final_report_files/snakemake_assemblers_benchmarking/snakemake_assemblers_benchmarking/.snakemake/conda/b7e368898dd31c80dbf249ab343a5e82_/lib/python3.12/site-packages/pydantic/_internal/__init__.py	UNTRACKED		PROTECTED
final_report_files/snakemake_assemblers_benchmarking/snakemake_assemblers_benchmarking/.snakemake/conda/b7e368898dd31c80dbf249ab343a5e82_/lib/python3.12/site-packages/pydantic/deprecated/__init__.py	UNTRACKED		PROTECTED
final_report_files/snakemake_assemblers_benchmarking/snakemake_assemblers_benchmarking/.snakemake/conda/b7e368898dd31c80dbf249ab343a5e82_/lib/python3.12/site-packages/pydantic/py.typed	UNTRACKED		PROTECTED
final_report_files/snakemake_assemblers_benchmarking/snakemake_assemblers_benchmarking/.snakemake/conda/b7e368898dd31c80dbf249ab343a5e82_/lib/python3.12/site-packages/pydantic/v1/py.typed	UNTRACKED		PROTECTED
final_report_files/snakemake_assemblers_benchmarking/snakemake_assemblers_benchmarking/.snakemake/conda/b7e368898dd31c80dbf249ab343a5e82_/lib/python3.12/site-packages/pydantic_core-2.46.4.dist-info/REQUESTED	UNTRACKED		PROTECTED
final_report_files/snakemake_assemblers_benchmarking/snakemake_assemblers_benchmarking/.snakemake/conda/b7e368898dd31c80dbf249ab343a5e82_/lib/python3.12/site-packages/pydantic_core/py.typed	UNTRACKED		PROTECTED
final_report_files/snakemake_assemblers_benchmarking/snakemake_assemblers_benchmarking/.snakemake/conda/b7e368898dd31c80dbf249ab343a5e82_/lib/python3.12/site-packages/pygments-2.20.0.dist-info/REQUESTED	UNTRACKED		PROTECTED
final_report_files/snakemake_assemblers_benchmarking/snakemake_assemblers_benchmarking/.snakemake/conda/b7e368898dd31c80dbf249ab343a5e82_/lib/python3.12/site-packages/pyparsing-3.3.2.dist-info/REQUESTED	UNTRACKED		PROTECTED
final_report_files/snakemake_assemblers_benchmarking/snakemake_assemblers_benchmarking/.snakemake/conda/b7e368898dd31c80dbf249ab343a5e82_/lib/python3.12/site-packages/pyparsing/ai/__init__.py	UNTRACKED		PROTECTED
final_report_files/snakemake_assemblers_benchmarking/snakemake_assemblers_benchmarking/.snakemake/conda/b7e368898dd31c80dbf249ab343a5e82_/lib/python3.12/site-packages/pyparsing/ai/show_best_practices/__init__.py	UNTRACKED		PROTECTED
final_report_files/snakemake_assemblers_benchmarking/snakemake_assemblers_benchmarking/.snakemake/conda/b7e368898dd31c80dbf249ab343a5e82_/lib/python3.12/site-packages/pyparsing/py.typed	UNTRACKED		PROTECTED
final_report_files/snakemake_assemblers_benchmarking/snakemake_assemblers_benchmarking/.snakemake/conda/b7e368898dd31c80dbf249ab343a5e82_/lib/python3.12/site-packages/pyparsing/tools/__init__.py	UNTRACKED		PROTECTED
final_report_files/snakemake_assemblers_benchmarking/snakemake_assemblers_benchmarking/.snakemake/conda/b7e368898dd31c80dbf249ab343a5e82_/lib/python3.12/site-packages/pysam/include/__init__.py	UNTRACKED		PROTECTED
final_report_files/snakemake_assemblers_benchmarking/snakemake_assemblers_benchmarking/.snakemake/conda/b7e368898dd31c80dbf249ab343a5e82_/lib/python3.12/site-packages/pysam/libcvcf.pyi	UNTRACKED		PROTECTED
final_report_files/snakemake_assemblers_benchmarking/snakemake_assemblers_benchmarking/.snakemake/conda/b7e368898dd31c80dbf249ab343a5e82_/lib/python3.12/site-packages/pysam/py.typed	UNTRACKED		PROTECTED
final_report_files/snakemake_assemblers_benchmarking/snakemake_assemblers_benchmarking/.snakemake/conda/b7e368898dd31c80dbf249ab343a5e82_/lib/python3.12/site-packages/python_dateutil-2.9.0.post0.dist-info/REQUESTED	UNTRACKED		PROTECTED
final_report_files/snakemake_assemblers_benchmarking/snakemake_assemblers_benchmarking/.snakemake/conda/b7e368898dd31c80dbf249ab343a5e82_/lib/python3.12/site-packages/pyyaml-6.0.3.dist-info/REQUESTED	UNTRACKED		PROTECTED
final_report_files/snakemake_assemblers_benchmarking/snakemake_assemblers_benchmarking/.snakemake/conda/b7e368898dd31c80dbf249ab343a5e82_/lib/python3.12/site-packages/referencing-0.37.0.dist-info/REQUESTED	UNTRACKED		PROTECTED
final_report_files/snakemake_assemblers_benchmarking/snakemake_assemblers_benchmarking/.snakemake/conda/b7e368898dd31c80dbf249ab343a5e82_/lib/python3.12/site-packages/referencing/py.typed	UNTRACKED		PROTECTED
final_report_files/snakemake_assemblers_benchmarking/snakemake_assemblers_benchmarking/.snakemake/conda/b7e368898dd31c80dbf249ab343a5e82_/lib/python3.12/site-packages/referencing/tests/__init__.py	UNTRACKED		PROTECTED
final_report_files/snakemake_assemblers_benchmarking/snakemake_assemblers_benchmarking/.snakemake/conda/b7e368898dd31c80dbf249ab343a5e82_/lib/python3.12/site-packages/requests-2.34.2.dist-info/REQUESTED	UNTRACKED		PROTECTED
final_report_files/snakemake_assemblers_benchmarking/snakemake_assemblers_benchmarking/.snakemake/conda/b7e368898dd31c80dbf249ab343a5e82_/lib/python3.12/site-packages/requests/py.typed	UNTRACKED		PROTECTED
final_report_files/snakemake_assemblers_benchmarking/snakemake_assemblers_benchmarking/.snakemake/conda/b7e368898dd31c80dbf249ab343a5e82_/lib/python3.12/site-packages/rich-15.0.0.dist-info/REQUESTED	UNTRACKED		PROTECTED
final_report_files/snakemake_assemblers_benchmarking/snakemake_assemblers_benchmarking/.snakemake/conda/b7e368898dd31c80dbf249ab343a5e82_/lib/python3.12/site-packages/rich/py.typed	UNTRACKED		PROTECTED
final_report_files/snakemake_assemblers_benchmarking/snakemake_assemblers_benchmarking/.snakemake/conda/b7e368898dd31c80dbf249ab343a5e82_/lib/python3.12/site-packages/rpds/py.typed	UNTRACKED		PROTECTED
final_report_files/snakemake_assemblers_benchmarking/snakemake_assemblers_benchmarking/.snakemake/conda/b7e368898dd31c80dbf249ab343a5e82_/lib/python3.12/site-packages/rpds_py-2026.6.3.dist-info/REQUESTED	UNTRACKED		PROTECTED
final_report_files/snakemake_assemblers_benchmarking/snakemake_assemblers_benchmarking/.snakemake/conda/b7e368898dd31c80dbf249ab343a5e82_/lib/python3.12/site-packages/shellingham-1.5.4.dist-info/REQUESTED	UNTRACKED		PROTECTED
final_report_files/snakemake_assemblers_benchmarking/snakemake_assemblers_benchmarking/.snakemake/conda/b7e368898dd31c80dbf249ab343a5e82_/lib/python3.12/site-packages/six-1.17.0.dist-info/REQUESTED	UNTRACKED		PROTECTED
final_report_files/snakemake_assemblers_benchmarking/snakemake_assemblers_benchmarking/.snakemake/conda/b7e368898dd31c80dbf249ab343a5e82_/lib/python3.12/site-packages/slack/py.typed	UNTRACKED		PROTECTED
final_report_files/snakemake_assemblers_benchmarking/snakemake_assemblers_benchmarking/.snakemake/conda/b7e368898dd31c80dbf249ab343a5e82_/lib/python3.12/site-packages/slack_sdk-3.43.0.dist-info/REQUESTED	UNTRACKED		PROTECTED
final_report_files/snakemake_assemblers_benchmarking/snakemake_assemblers_benchmarking/.snakemake/conda/b7e368898dd31c80dbf249ab343a5e82_/lib/python3.12/site-packages/slack_sdk/py.typed	UNTRACKED		PROTECTED
final_report_files/snakemake_assemblers_benchmarking/snakemake_assemblers_benchmarking/.snakemake/conda/b7e368898dd31c80dbf249ab343a5e82_/lib/python3.12/site-packages/slack_sdk/socket_mode/logger/__init__.py	UNTRACKED		PROTECTED
final_report_files/snakemake_assemblers_benchmarking/snakemake_assemblers_benchmarking/.snakemake/conda/b7e368898dd31c80dbf249ab343a5e82_/lib/python3.12/site-packages/smart_open-7.7.1.dist-info/REQUESTED	UNTRACKED		PROTECTED
final_report_files/snakemake_assemblers_benchmarking/snakemake_assemblers_benchmarking/.snakemake/conda/b7e368898dd31c80dbf249ab343a5e82_/lib/python3.12/site-packages/smmap-5.0.3.dist-info/REQUESTED	UNTRACKED		PROTECTED
final_report_files/snakemake_assemblers_benchmarking/snakemake_assemblers_benchmarking/.snakemake/conda/b7e368898dd31c80dbf249ab343a5e82_/lib/python3.12/site-packages/smmap/test/__init__.py	UNTRACKED		PROTECTED
final_report_files/snakemake_assemblers_benchmarking/snakemake_assemblers_benchmarking/.snakemake/conda/b7e368898dd31c80dbf249ab343a5e82_/lib/python3.12/site-packages/snakemake-9.24.0.dist-info/REQUESTED	UNTRACKED		PROTECTED
final_report_files/snakemake_assemblers_benchmarking/snakemake_assemblers_benchmarking/.snakemake/conda/b7e368898dd31c80dbf249ab343a5e82_/lib/python3.12/site-packages/snakemake/common/tests/testcases/__init__.py	UNTRACKED		PROTECTED
final_report_files/snakemake_assemblers_benchmarking/snakemake_assemblers_benchmarking/.snakemake/conda/b7e368898dd31c80dbf249ab343a5e82_/lib/python3.12/site-packages/snakemake/common/tests/testcases/groups/__init__.py	UNTRACKED		PROTECTED
final_report_files/snakemake_assemblers_benchmarking/snakemake_assemblers_benchmarking/.snakemake/conda/b7e368898dd31c80dbf249ab343a5e82_/lib/python3.12/site-packages/snakemake/common/tests/testcases/simple/__init__.py	UNTRACKED		PROTECTED
final_report_files/snakemake_assemblers_benchmarking/snakemake_assemblers_benchmarking/.snakemake/conda/b7e368898dd31c80dbf249ab343a5e82_/lib/python3.12/site-packages/snakemake/deployment/__init__.py	UNTRACKED		PROTECTED
final_report_files/snakemake_assemblers_benchmarking/snakemake_assemblers_benchmarking/.snakemake/conda/b7e368898dd31c80dbf249ab343a5e82_/lib/python3.12/site-packages/snakemake/report/html_reporter/template/__init__.py	UNTRACKED		PROTECTED
final_report_files/snakemake_assemblers_benchmarking/snakemake_assemblers_benchmarking/.snakemake/conda/b7e368898dd31c80dbf249ab343a5e82_/lib/python3.12/site-packages/snakemake/report/html_reporter/template/components/__init__.py	UNTRACKED		PROTECTED
final_report_files/snakemake_assemblers_benchmarking/snakemake_assemblers_benchmarking/.snakemake/conda/b7e368898dd31c80dbf249ab343a5e82_/lib/python3.12/site-packages/snakemake/scheduling/__init__.py	UNTRACKED		PROTECTED
final_report_files/snakemake_assemblers_benchmarking/snakemake_assemblers_benchmarking/.snakemake/conda/b7e368898dd31c80dbf249ab343a5e82_/lib/python3.12/site-packages/snakemake/settings/__init__.py	UNTRACKED		PROTECTED
final_report_files/snakemake_assemblers_benchmarking/snakemake_assemblers_benchmarking/.snakemake/conda/b7e368898dd31c80dbf249ab343a5e82_/lib/python3.12/site-packages/snakemake/unit_tests/templates/__init__.py	UNTRACKED		PROTECTED
final_report_files/snakemake_assemblers_benchmarking/snakemake_assemblers_benchmarking/.snakemake/conda/b7e368898dd31c80dbf249ab343a5e82_/lib/python3.12/site-packages/snakemake_interface_common-1.23.0.dist-info/REQUESTED	UNTRACKED		PROTECTED
final_report_files/snakemake_assemblers_benchmarking/snakemake_assemblers_benchmarking/.snakemake/conda/b7e368898dd31c80dbf249ab343a5e82_/lib/python3.12/site-packages/snakemake_interface_common/py.typed	UNTRACKED		PROTECTED
final_report_files/snakemake_assemblers_benchmarking/snakemake_assemblers_benchmarking/.snakemake/conda/b7e368898dd31c80dbf249ab343a5e82_/lib/python3.12/site-packages/snakemake_interface_executor_plugins-9.4.0.dist-info/REQUESTED	UNTRACKED		PROTECTED
final_report_files/snakemake_assemblers_benchmarking/snakemake_assemblers_benchmarking/.snakemake/conda/b7e368898dd31c80dbf249ab343a5e82_/lib/python3.12/site-packages/snakemake_interface_logger_plugins-2.1.0.dist-info/REQUESTED	UNTRACKED		PROTECTED
final_report_files/snakemake_assemblers_benchmarking/snakemake_assemblers_benchmarking/.snakemake/conda/b7e368898dd31c80dbf249ab343a5e82_/lib/python3.12/site-packages/snakemake_interface_logger_plugins/__init__.py	UNTRACKED		PROTECTED
final_report_files/snakemake_assemblers_benchmarking/snakemake_assemblers_benchmarking/.snakemake/conda/b7e368898dd31c80dbf249ab343a5e82_/lib/python3.12/site-packages/snakemake_interface_logger_plugins/py.typed	UNTRACKED		PROTECTED
final_report_files/snakemake_assemblers_benchmarking/snakemake_assemblers_benchmarking/.snakemake/conda/b7e368898dd31c80dbf249ab343a5e82_/lib/python3.12/site-packages/snakemake_interface_report_plugins-1.3.0.dist-info/REQUESTED	UNTRACKED		PROTECTED
final_report_files/snakemake_assemblers_benchmarking/snakemake_assemblers_benchmarking/.snakemake/conda/b7e368898dd31c80dbf249ab343a5e82_/lib/python3.12/site-packages/snakemake_interface_report_plugins/__init__.py	UNTRACKED		PROTECTED
final_report_files/snakemake_assemblers_benchmarking/snakemake_assemblers_benchmarking/.snakemake/conda/b7e368898dd31c80dbf249ab343a5e82_/lib/python3.12/site-packages/snakemake_interface_scheduler_plugins-2.0.2.dist-info/REQUESTED	UNTRACKED		PROTECTED
final_report_files/snakemake_assemblers_benchmarking/snakemake_assemblers_benchmarking/.snakemake/conda/b7e368898dd31c80dbf249ab343a5e82_/lib/python3.12/site-packages/snakemake_interface_scheduler_plugins/__init__.py	UNTRACKED		PROTECTED
final_report_files/snakemake_assemblers_benchmarking/snakemake_assemblers_benchmarking/.snakemake/conda/b7e368898dd31c80dbf249ab343a5e82_/lib/python3.12/site-packages/snakemake_interface_scheduler_plugins/interfaces/__init__.py	UNTRACKED		PROTECTED
final_report_files/snakemake_assemblers_benchmarking/snakemake_assemblers_benchmarking/.snakemake/conda/b7e368898dd31c80dbf249ab343a5e82_/lib/python3.12/site-packages/snakemake_interface_storage_plugins-4.4.1.dist-info/REQUESTED	UNTRACKED		PROTECTED
final_report_files/snakemake_assemblers_benchmarking/snakemake_assemblers_benchmarking/.snakemake/conda/b7e368898dd31c80dbf249ab343a5e82_/lib/python3.12/site-packages/snakemake_interface_storage_plugins/__init__.py	UNTRACKED		PROTECTED
final_report_files/snakemake_assemblers_benchmarking/snakemake_assemblers_benchmarking/.snakemake/conda/b7e368898dd31c80dbf249ab343a5e82_/lib/python3.12/site-packages/sortedcontainers-2.4.0.dist-info/REQUESTED	UNTRACKED		PROTECTED
final_report_files/snakemake_assemblers_benchmarking/snakemake_assemblers_benchmarking/.snakemake/conda/b7e368898dd31c80dbf249ab343a5e82_/lib/python3.12/site-packages/sqlalchemy-2.0.51.dist-info/REQUESTED	UNTRACKED		PROTECTED
final_report_files/snakemake_assemblers_benchmarking/snakemake_assemblers_benchmarking/.snakemake/conda/b7e368898dd31c80dbf249ab343a5e82_/lib/python3.12/site-packages/sqlalchemy/py.typed	UNTRACKED		PROTECTED
final_report_files/snakemake_assemblers_benchmarking/snakemake_assemblers_benchmarking/.snakemake/conda/b7e368898dd31c80dbf249ab343a5e82_/lib/python3.12/site-packages/sqlmodel-0.0.37.dist-info/REQUESTED	UNTRACKED		PROTECTED
final_report_files/snakemake_assemblers_benchmarking/snakemake_assemblers_benchmarking/.snakemake/conda/b7e368898dd31c80dbf249ab343a5e82_/lib/python3.12/site-packages/sqlmodel/ext/__init__.py	UNTRACKED		PROTECTED
final_report_files/snakemake_assemblers_benchmarking/snakemake_assemblers_benchmarking/.snakemake/conda/b7e368898dd31c80dbf249ab343a5e82_/lib/python3.12/site-packages/sqlmodel/ext/asyncio/__init__.py	UNTRACKED		PROTECTED
final_report_files/snakemake_assemblers_benchmarking/snakemake_assemblers_benchmarking/.snakemake/conda/b7e368898dd31c80dbf249ab343a5e82_/lib/python3.12/site-packages/sqlmodel/orm/__init__.py	UNTRACKED		PROTECTED
final_report_files/snakemake_assemblers_benchmarking/snakemake_assemblers_benchmarking/.snakemake/conda/b7e368898dd31c80dbf249ab343a5e82_/lib/python3.12/site-packages/sqlmodel/py.typed	UNTRACKED		PROTECTED
final_report_files/snakemake_assemblers_benchmarking/snakemake_assemblers_benchmarking/.snakemake/conda/b7e368898dd31c80dbf249ab343a5e82_/lib/python3.12/site-packages/sqlmodel/sql/__init__.py	UNTRACKED		PROTECTED
final_report_files/snakemake_assemblers_benchmarking/snakemake_assemblers_benchmarking/.snakemake/conda/b7e368898dd31c80dbf249ab343a5e82_/lib/python3.12/site-packages/tabulate-0.10.0.dist-info/REQUESTED	UNTRACKED		PROTECTED
final_report_files/snakemake_assemblers_benchmarking/snakemake_assemblers_benchmarking/.snakemake/conda/b7e368898dd31c80dbf249ab343a5e82_/lib/python3.12/site-packages/tenacity-9.1.4.dist-info/REQUESTED	UNTRACKED		PROTECTED
final_report_files/snakemake_assemblers_benchmarking/snakemake_assemblers_benchmarking/.snakemake/conda/b7e368898dd31c80dbf249ab343a5e82_/lib/python3.12/site-packages/tenacity/py.typed	UNTRACKED		PROTECTED
final_report_files/snakemake_assemblers_benchmarking/snakemake_assemblers_benchmarking/.snakemake/conda/b7e368898dd31c80dbf249ab343a5e82_/lib/python3.12/site-packages/texttable-1.7.0.dist-info/REQUESTED	UNTRACKED		PROTECTED
final_report_files/snakemake_assemblers_benchmarking/snakemake_assemblers_benchmarking/.snakemake/conda/b7e368898dd31c80dbf249ab343a5e82_/lib/python3.12/site-packages/throttler-1.2.2.dist-info/REQUESTED	UNTRACKED		PROTECTED
final_report_files/snakemake_assemblers_benchmarking/snakemake_assemblers_benchmarking/.snakemake/conda/b7e368898dd31c80dbf249ab343a5e82_/lib/python3.12/site-packages/toml-0.10.2.dist-info/REQUESTED	UNTRACKED		PROTECTED
final_report_files/snakemake_assemblers_benchmarking/snakemake_assemblers_benchmarking/.snakemake/conda/b7e368898dd31c80dbf249ab343a5e82_/lib/python3.12/site-packages/traitlets-5.16.0.dist-info/REQUESTED	UNTRACKED		PROTECTED
final_report_files/snakemake_assemblers_benchmarking/snakemake_assemblers_benchmarking/.snakemake/conda/b7e368898dd31c80dbf249ab343a5e82_/lib/python3.12/site-packages/traitlets/py.typed	UNTRACKED		PROTECTED
final_report_files/snakemake_assemblers_benchmarking/snakemake_assemblers_benchmarking/.snakemake/conda/b7e368898dd31c80dbf249ab343a5e82_/lib/python3.12/site-packages/traitlets/tests/__init__.py	UNTRACKED		PROTECTED
final_report_files/snakemake_assemblers_benchmarking/snakemake_assemblers_benchmarking/.snakemake/conda/b7e368898dd31c80dbf249ab343a5e82_/lib/python3.12/site-packages/typer-0.27.0.dist-info/REQUESTED	UNTRACKED		PROTECTED
final_report_files/snakemake_assemblers_benchmarking/snakemake_assemblers_benchmarking/.snakemake/conda/b7e368898dd31c80dbf249ab343a5e82_/lib/python3.12/site-packages/typer/_click/py.typed	UNTRACKED		PROTECTED
final_report_files/snakemake_assemblers_benchmarking/snakemake_assemblers_benchmarking/.snakemake/conda/b7e368898dd31c80dbf249ab343a5e82_/lib/python3.12/site-packages/typer/py.typed	UNTRACKED		PROTECTED
final_report_files/snakemake_assemblers_benchmarking/snakemake_assemblers_benchmarking/.snakemake/conda/b7e368898dd31c80dbf249ab343a5e82_/lib/python3.12/site-packages/typing_extensions-4.16.0.dist-info/REQUESTED	UNTRACKED		PROTECTED
final_report_files/snakemake_assemblers_benchmarking/snakemake_assemblers_benchmarking/.snakemake/conda/b7e368898dd31c80dbf249ab343a5e82_/lib/python3.12/site-packages/typing_inspection-0.4.2.dist-info/REQUESTED	UNTRACKED		PROTECTED
final_report_files/snakemake_assemblers_benchmarking/snakemake_assemblers_benchmarking/.snakemake/conda/b7e368898dd31c80dbf249ab343a5e82_/lib/python3.12/site-packages/typing_inspection/__init__.py	UNTRACKED		PROTECTED
final_report_files/snakemake_assemblers_benchmarking/snakemake_assemblers_benchmarking/.snakemake/conda/b7e368898dd31c80dbf249ab343a5e82_/lib/python3.12/site-packages/typing_inspection/py.typed	UNTRACKED		PROTECTED
final_report_files/snakemake_assemblers_benchmarking/snakemake_assemblers_benchmarking/.snakemake/conda/b7e368898dd31c80dbf249ab343a5e82_/lib/python3.12/site-packages/ubiquerg-0.9.3.dist-info/REQUESTED	UNTRACKED		PROTECTED
final_report_files/snakemake_assemblers_benchmarking/snakemake_assemblers_benchmarking/.snakemake/conda/b7e368898dd31c80dbf249ab343a5e82_/lib/python3.12/site-packages/urllib3-2.7.0.dist-info/REQUESTED	UNTRACKED		PROTECTED
final_report_files/snakemake_assemblers_benchmarking/snakemake_assemblers_benchmarking/.snakemake/conda/b7e368898dd31c80dbf249ab343a5e82_/lib/python3.12/site-packages/urllib3/contrib/__init__.py	UNTRACKED		PROTECTED
final_report_files/snakemake_assemblers_benchmarking/snakemake_assemblers_benchmarking/.snakemake/conda/b7e368898dd31c80dbf249ab343a5e82_/lib/python3.12/site-packages/wrapt-1.17.3.dist-info/REQUESTED	UNTRACKED		PROTECTED
final_report_files/snakemake_assemblers_benchmarking/snakemake_assemblers_benchmarking/.snakemake/conda/b7e368898dd31c80dbf249ab343a5e82_/lib/python3.12/site-packages/yte-1.9.4.dist-info/REQUESTED	UNTRACKED		PROTECTED
final_report_files/snakemake_assemblers_benchmarking/snakemake_assemblers_benchmarking/.snakemake/conda/b7e368898dd31c80dbf249ab343a5e82_/lib/python3.12/urllib/__init__.py	UNTRACKED		PROTECTED
final_report_files/snakemake_assemblers_benchmarking/snakemake_assemblers_benchmarking/.snakemake/conda/b7e368898dd31c80dbf249ab343a5e82_/ssl/certs/.keep	UNTRACKED		PROTECTED
final_report_files/snakemake_assemblers_benchmarking/snakemake_assemblers_benchmarking/.snakemake/conda/b7e368898dd31c80dbf249ab343a5e82_/x86_64-conda-linux-gnu/sysroot/lib64/gconv/gconv-modules.cache	UNTRACKED		PROTECTED
final_report_files/snakemake_assemblers_benchmarking/snakemake_assemblers_benchmarking/.snakemake/conda/dfbc42397cacfda0de66d505d3cd37e5_.env_setup_done	UNTRACKED		PROTECTED
final_report_files/snakemake_assemblers_benchmarking/snakemake_assemblers_benchmarking/.snakemake/conda/fc65294765920755e60b8a362445088e_.env_setup_done	UNTRACKED		PROTECTED
final_report_files/snakemake_assemblers_benchmarking/snakemake_assemblers_benchmarking/.snakemake/conda/fc65294765920755e60b8a362445088e_/lib/python3.13/email/mime/__init__.py	UNTRACKED		PROTECTED
final_report_files/snakemake_assemblers_benchmarking/snakemake_assemblers_benchmarking/.snakemake/conda/fc65294765920755e60b8a362445088e_/lib/python3.13/pydoc_data/__init__.py	UNTRACKED		PROTECTED
final_report_files/snakemake_assemblers_benchmarking/snakemake_assemblers_benchmarking/.snakemake/conda/fc65294765920755e60b8a362445088e_/lib/python3.13/site-packages/flye-2.9.6.dist-info/REQUESTED	UNTRACKED		PROTECTED
final_report_files/snakemake_assemblers_benchmarking/snakemake_assemblers_benchmarking/.snakemake/conda/fc65294765920755e60b8a362445088e_/lib/python3.13/site-packages/flye/__init__.py	UNTRACKED		PROTECTED
final_report_files/snakemake_assemblers_benchmarking/snakemake_assemblers_benchmarking/.snakemake/conda/fc65294765920755e60b8a362445088e_/lib/python3.13/site-packages/flye/assembly/__init__.py	UNTRACKED		PROTECTED
final_report_files/snakemake_assemblers_benchmarking/snakemake_assemblers_benchmarking/.snakemake/conda/fc65294765920755e60b8a362445088e_/lib/python3.13/site-packages/flye/config/__init__.py	UNTRACKED		PROTECTED
final_report_files/snakemake_assemblers_benchmarking/snakemake_assemblers_benchmarking/.snakemake/conda/fc65294765920755e60b8a362445088e_/lib/python3.13/site-packages/flye/polishing/__init__.py	UNTRACKED		PROTECTED
final_report_files/snakemake_assemblers_benchmarking/snakemake_assemblers_benchmarking/.snakemake/conda/fc65294765920755e60b8a362445088e_/lib/python3.13/site-packages/flye/repeat_graph/__init__.py	UNTRACKED		PROTECTED
final_report_files/snakemake_assemblers_benchmarking/snakemake_assemblers_benchmarking/.snakemake/conda/fc65294765920755e60b8a362445088e_/lib/python3.13/site-packages/flye/short_plasmids/__init__.py	UNTRACKED		PROTECTED
final_report_files/snakemake_assemblers_benchmarking/snakemake_assemblers_benchmarking/.snakemake/conda/fc65294765920755e60b8a362445088e_/lib/python3.13/site-packages/flye/tests/__init__.py	UNTRACKED		PROTECTED
final_report_files/snakemake_assemblers_benchmarking/snakemake_assemblers_benchmarking/.snakemake/conda/fc65294765920755e60b8a362445088e_/lib/python3.13/site-packages/flye/trestle/__init__.py	UNTRACKED		PROTECTED
final_report_files/snakemake_assemblers_benchmarking/snakemake_assemblers_benchmarking/.snakemake/conda/fc65294765920755e60b8a362445088e_/lib/python3.13/site-packages/flye/utils/__init__.py	UNTRACKED		PROTECTED
final_report_files/snakemake_assemblers_benchmarking/snakemake_assemblers_benchmarking/.snakemake/conda/fc65294765920755e60b8a362445088e_/lib/python3.13/urllib/__init__.py	UNTRACKED		PROTECTED
final_report_files/snakemake_assemblers_benchmarking/snakemake_assemblers_benchmarking/.snakemake/conda/fc65294765920755e60b8a362445088e_/ssl/certs/.keep	UNTRACKED		PROTECTED
final_report_files/snakemake_assemblers_benchmarking/snakemake_assemblers_benchmarking/.snakemake/conda/fd6a9e2929f4f9664be92c40214bb0b3_.env_setup_done	UNTRACKED		PROTECTED
final_report_files/snakemake_assemblers_benchmarking/snakemake_assemblers_benchmarking/.snakemake/conda/fd6a9e2929f4f9664be92c40214bb0b3_/lib/perl5/5.32/core_perl/perllocal.pod	UNTRACKED		PROTECTED
final_report_files/snakemake_assemblers_benchmarking/snakemake_assemblers_benchmarking/.snakemake/conda/fd6a9e2929f4f9664be92c40214bb0b3_/lib/perl5/5.32/site_perl/.conda-build.keep	UNTRACKED		PROTECTED
final_report_files/snakemake_assemblers_benchmarking/snakemake_assemblers_benchmarking/.snakemake/conda/fd6a9e2929f4f9664be92c40214bb0b3_/lib/perl5/5.32/vendor_perl/.conda-build.keep	UNTRACKED		PROTECTED
final_report_files/snakemake_assemblers_benchmarking/snakemake_assemblers_benchmarking/.snakemake/conda/fd6a9e2929f4f9664be92c40214bb0b3_/lib/perl5/site_perl/.conda-build.keep	UNTRACKED		PROTECTED
final_report_files/snakemake_assemblers_benchmarking/snakemake_assemblers_benchmarking/.snakemake/conda/fd6a9e2929f4f9664be92c40214bb0b3_/lib/perl5/vendor_perl/.conda-build.keep	UNTRACKED		PROTECTED
final_report_files/snakemake_assemblers_benchmarking/snakemake_assemblers_benchmarking/.snakemake/conda/fd6a9e2929f4f9664be92c40214bb0b3_/lib/python3.13/email/mime/__init__.py	UNTRACKED		PROTECTED
final_report_files/snakemake_assemblers_benchmarking/snakemake_assemblers_benchmarking/.snakemake/conda/fd6a9e2929f4f9664be92c40214bb0b3_/lib/python3.13/pydoc_data/__init__.py	UNTRACKED		PROTECTED
final_report_files/snakemake_assemblers_benchmarking/snakemake_assemblers_benchmarking/.snakemake/conda/fd6a9e2929f4f9664be92c40214bb0b3_/lib/python3.13/site-packages/btllib-1.7.8.dist-info/REQUESTED	UNTRACKED		PROTECTED
final_report_files/snakemake_assemblers_benchmarking/snakemake_assemblers_benchmarking/.snakemake/conda/fd6a9e2929f4f9664be92c40214bb0b3_/lib/python3.13/site-packages/igraph-1.0.0.dist-info/REQUESTED	UNTRACKED		PROTECTED
final_report_files/snakemake_assemblers_benchmarking/snakemake_assemblers_benchmarking/.snakemake/conda/fd6a9e2929f4f9664be92c40214bb0b3_/lib/python3.13/site-packages/igraph/drawing/matplotlib/__init__.py	UNTRACKED		PROTECTED
final_report_files/snakemake_assemblers_benchmarking/snakemake_assemblers_benchmarking/.snakemake/conda/fd6a9e2929f4f9664be92c40214bb0b3_/lib/python3.13/site-packages/igraph/drawing/plotly/__init__.py	UNTRACKED		PROTECTED
final_report_files/snakemake_assemblers_benchmarking/snakemake_assemblers_benchmarking/.snakemake/conda/fd6a9e2929f4f9664be92c40214bb0b3_/lib/python3.13/site-packages/numpy-2.5.1.dist-info/REQUESTED	UNTRACKED		PROTECTED
final_report_files/snakemake_assemblers_benchmarking/snakemake_assemblers_benchmarking/.snakemake/conda/fd6a9e2929f4f9664be92c40214bb0b3_/lib/python3.13/site-packages/numpy/_pyinstaller/__init__.py	UNTRACKED		PROTECTED
final_report_files/snakemake_assemblers_benchmarking/snakemake_assemblers_benchmarking/.snakemake/conda/fd6a9e2929f4f9664be92c40214bb0b3_/lib/python3.13/site-packages/numpy/_pyinstaller/__init__.pyi	UNTRACKED		PROTECTED
final_report_files/snakemake_assemblers_benchmarking/snakemake_assemblers_benchmarking/.snakemake/conda/fd6a9e2929f4f9664be92c40214bb0b3_/lib/python3.13/site-packages/numpy/core/_dtype.pyi	UNTRACKED		PROTECTED
final_report_files/snakemake_assemblers_benchmarking/snakemake_assemblers_benchmarking/.snakemake/conda/fd6a9e2929f4f9664be92c40214bb0b3_/lib/python3.13/site-packages/numpy/core/_dtype_ctypes.pyi	UNTRACKED		PROTECTED
final_report_files/snakemake_assemblers_benchmarking/snakemake_assemblers_benchmarking/.snakemake/conda/fd6a9e2929f4f9664be92c40214bb0b3_/lib/python3.13/site-packages/numpy/fft/tests/__init__.py	UNTRACKED		PROTECTED
final_report_files/snakemake_assemblers_benchmarking/snakemake_assemblers_benchmarking/.snakemake/conda/fd6a9e2929f4f9664be92c40214bb0b3_/lib/python3.13/site-packages/numpy/lib/tests/__init__.py	UNTRACKED		PROTECTED
final_report_files/snakemake_assemblers_benchmarking/snakemake_assemblers_benchmarking/.snakemake/conda/fd6a9e2929f4f9664be92c40214bb0b3_/lib/python3.13/site-packages/numpy/linalg/tests/__init__.py	UNTRACKED		PROTECTED
final_report_files/snakemake_assemblers_benchmarking/snakemake_assemblers_benchmarking/.snakemake/conda/fd6a9e2929f4f9664be92c40214bb0b3_/lib/python3.13/site-packages/numpy/ma/tests/__init__.py	UNTRACKED		PROTECTED
final_report_files/snakemake_assemblers_benchmarking/snakemake_assemblers_benchmarking/.snakemake/conda/fd6a9e2929f4f9664be92c40214bb0b3_/lib/python3.13/site-packages/numpy/matrixlib/tests/__init__.py	UNTRACKED		PROTECTED
final_report_files/snakemake_assemblers_benchmarking/snakemake_assemblers_benchmarking/.snakemake/conda/fd6a9e2929f4f9664be92c40214bb0b3_/lib/python3.13/site-packages/numpy/polynomial/tests/__init__.py	UNTRACKED		PROTECTED
final_report_files/snakemake_assemblers_benchmarking/snakemake_assemblers_benchmarking/.snakemake/conda/fd6a9e2929f4f9664be92c40214bb0b3_/lib/python3.13/site-packages/numpy/py.typed	UNTRACKED		PROTECTED
final_report_files/snakemake_assemblers_benchmarking/snakemake_assemblers_benchmarking/.snakemake/conda/fd6a9e2929f4f9664be92c40214bb0b3_/lib/python3.13/site-packages/numpy/random/tests/__init__.py	UNTRACKED		PROTECTED
final_report_files/snakemake_assemblers_benchmarking/snakemake_assemblers_benchmarking/.snakemake/conda/fd6a9e2929f4f9664be92c40214bb0b3_/lib/python3.13/site-packages/numpy/random/tests/data/__init__.py	UNTRACKED		PROTECTED
final_report_files/snakemake_assemblers_benchmarking/snakemake_assemblers_benchmarking/.snakemake/conda/fd6a9e2929f4f9664be92c40214bb0b3_/lib/python3.13/site-packages/numpy/testing/_private/__init__.py	UNTRACKED		PROTECTED
final_report_files/snakemake_assemblers_benchmarking/snakemake_assemblers_benchmarking/.snakemake/conda/fd6a9e2929f4f9664be92c40214bb0b3_/lib/python3.13/site-packages/numpy/testing/_private/__init__.pyi	UNTRACKED		PROTECTED
final_report_files/snakemake_assemblers_benchmarking/snakemake_assemblers_benchmarking/.snakemake/conda/fd6a9e2929f4f9664be92c40214bb0b3_/lib/python3.13/site-packages/numpy/testing/tests/__init__.py	UNTRACKED		PROTECTED
final_report_files/snakemake_assemblers_benchmarking/snakemake_assemblers_benchmarking/.snakemake/conda/fd6a9e2929f4f9664be92c40214bb0b3_/lib/python3.13/site-packages/numpy/tests/__init__.py	UNTRACKED		PROTECTED
final_report_files/snakemake_assemblers_benchmarking/snakemake_assemblers_benchmarking/.snakemake/conda/fd6a9e2929f4f9664be92c40214bb0b3_/lib/python3.13/site-packages/numpy/typing/tests/__init__.py	UNTRACKED		PROTECTED
final_report_files/snakemake_assemblers_benchmarking/snakemake_assemblers_benchmarking/.snakemake/conda/fd6a9e2929f4f9664be92c40214bb0b3_/lib/python3.13/site-packages/texttable-1.7.0.dist-info/REQUESTED	UNTRACKED		PROTECTED
final_report_files/snakemake_assemblers_benchmarking/snakemake_assemblers_benchmarking/.snakemake/conda/fd6a9e2929f4f9664be92c40214bb0b3_/lib/python3.13/urllib/__init__.py	UNTRACKED		PROTECTED
final_report_files/snakemake_assemblers_benchmarking/snakemake_assemblers_benchmarking/.snakemake/conda/fd6a9e2929f4f9664be92c40214bb0b3_/ssl/certs/.keep	UNTRACKED		PROTECTED
final_report_files/snakemake_assemblers_benchmarking/snakemake_assemblers_benchmarking/1	UNTRACKED		PROTECTED
final_report_files/snakemake_assemblers_benchmarking/snakemake_assemblers_benchmarking/benchmark_chr21_real/results/assembler_benchmark/work/goldrush/HG002.pb/goldrush_intermediate_files/HG002_pb_goldrush_silver_path_5.fq.time	UNTRACKED		PROTECTED
final_report_files/snakemake_assemblers_benchmarking/snakemake_assemblers_benchmarking/benchmark_chr21_real/results/container_validation/verkko2_ecoli_container/0-correction/configureFindErrors.err	UNTRACKED		PROTECTED
final_report_files/snakemake_assemblers_benchmarking/snakemake_assemblers_benchmarking/benchmark_chr21_real/results/container_validation/verkko2_ecoli_container/0-correction/configureFindErrors.finished	UNTRACKED		PROTECTED
final_report_files/snakemake_assemblers_benchmarking/snakemake_assemblers_benchmarking/benchmark_chr21_real/results/container_validation/verkko2_ecoli_container/0-correction/hifi.ovlStore/.snakemake_timestamp	UNTRACKED		PROTECTED
final_report_files/snakemake_assemblers_benchmarking/snakemake_assemblers_benchmarking/benchmark_chr21_real/results/container_validation/verkko2_ecoli_container/0-correction/hifi.seqStore/.snakemake_timestamp	UNTRACKED		PROTECTED
final_report_files/snakemake_assemblers_benchmarking/snakemake_assemblers_benchmarking/benchmark_chr21_real/results/container_validation/verkko2_ecoli_container/0-correction/hifi.seqStore/homopolymerCompression	UNTRACKED		PROTECTED
final_report_files/snakemake_assemblers_benchmarking/snakemake_assemblers_benchmarking/benchmark_chr21_real/results/container_validation/verkko2_ecoli_container/2-processGraph/gaps-hifi-1.gaf	UNTRACKED		PROTECTED
final_report_files/snakemake_assemblers_benchmarking/snakemake_assemblers_benchmarking/benchmark_chr21_real/results/container_validation/verkko2_ecoli_container/2-processGraph/gaps-hifi-2.gaf	UNTRACKED		PROTECTED
final_report_files/snakemake_assemblers_benchmarking/snakemake_assemblers_benchmarking/benchmark_chr21_real/results/container_validation/verkko2_ecoli_container/2-processGraph/gaps-hifi-3.gaf	UNTRACKED		PROTECTED
final_report_files/snakemake_assemblers_benchmarking/snakemake_assemblers_benchmarking/benchmark_chr21_real/results/container_validation/verkko2_ecoli_container/2-processGraph/haplofix-mapping.txt	UNTRACKED		PROTECTED
final_report_files/snakemake_assemblers_benchmarking/snakemake_assemblers_benchmarking/benchmark_chr21_real/results/container_validation/verkko2_ecoli_container/2-processGraph/unroll_mapping_1.txt	UNTRACKED		PROTECTED
final_report_files/snakemake_assemblers_benchmarking/snakemake_assemblers_benchmarking/benchmark_chr21_real/results/container_validation/verkko2_ecoli_container/3-align/combineONT.err	UNTRACKED		PROTECTED
final_report_files/snakemake_assemblers_benchmarking/snakemake_assemblers_benchmarking/benchmark_chr21_real/results/container_validation/verkko2_ecoli_container/3-align/splitONT.finished	UNTRACKED		PROTECTED
final_report_files/snakemake_assemblers_benchmarking/snakemake_assemblers_benchmarking/benchmark_chr21_real/results/container_validation/verkko2_ecoli_container/3-alignTips/aligned001.gaf	UNTRACKED		PROTECTED
final_report_files/snakemake_assemblers_benchmarking/snakemake_assemblers_benchmarking/benchmark_chr21_real/results/container_validation/verkko2_ecoli_container/3-alignTips/alns-ont.gaf	UNTRACKED		PROTECTED
final_report_files/snakemake_assemblers_benchmarking/snakemake_assemblers_benchmarking/benchmark_chr21_real/results/container_validation/verkko2_ecoli_container/3-alignTips/combineONT.err	UNTRACKED		PROTECTED
final_report_files/snakemake_assemblers_benchmarking/snakemake_assemblers_benchmarking/benchmark_chr21_real/results/container_validation/verkko2_ecoli_container/3-alignTips/find_tips.err	UNTRACKED		PROTECTED
final_report_files/snakemake_assemblers_benchmarking/snakemake_assemblers_benchmarking/benchmark_chr21_real/results/container_validation/verkko2_ecoli_container/3-alignTips/splitONT.finished	UNTRACKED		PROTECTED
final_report_files/snakemake_assemblers_benchmarking/snakemake_assemblers_benchmarking/benchmark_chr21_real/results/container_validation/verkko2_ecoli_container/3-alignTips/tip_reads.ids	UNTRACKED		PROTECTED
final_report_files/snakemake_assemblers_benchmarking/snakemake_assemblers_benchmarking/benchmark_chr21_real/results/container_validation/verkko2_ecoli_container/3-alignTips/tips.ids	UNTRACKED		PROTECTED
final_report_files/snakemake_assemblers_benchmarking/snakemake_assemblers_benchmarking/benchmark_chr21_real/results/container_validation/verkko2_ecoli_container/4-processONT/alns-graphalign-gap1.gaf	UNTRACKED		PROTECTED
final_report_files/snakemake_assemblers_benchmarking/snakemake_assemblers_benchmarking/benchmark_chr21_real/results/container_validation/verkko2_ecoli_container/4-processONT/alns-ont-gap1.gaf	UNTRACKED		PROTECTED
final_report_files/snakemake_assemblers_benchmarking/snakemake_assemblers_benchmarking/benchmark_chr21_real/results/container_validation/verkko2_ecoli_container/4-processONT/alns-ont-gap2.gaf	UNTRACKED		PROTECTED
final_report_files/snakemake_assemblers_benchmarking/snakemake_assemblers_benchmarking/benchmark_chr21_real/results/container_validation/verkko2_ecoli_container/4-processONT/alns-ont-gap3.gaf	UNTRACKED		PROTECTED
final_report_files/snakemake_assemblers_benchmarking/snakemake_assemblers_benchmarking/benchmark_chr21_real/results/container_validation/verkko2_ecoli_container/4-processONT/alns-ont-gap4.gaf	UNTRACKED		PROTECTED
final_report_files/snakemake_assemblers_benchmarking/snakemake_assemblers_benchmarking/benchmark_chr21_real/results/container_validation/verkko2_ecoli_container/4-processONT/bridge_mapping.txt	UNTRACKED		PROTECTED
final_report_files/snakemake_assemblers_benchmarking/snakemake_assemblers_benchmarking/benchmark_chr21_real/results/container_validation/verkko2_ecoli_container/4-processONT/bridges_fixcrosslink.txt	UNTRACKED		PROTECTED
final_report_files/snakemake_assemblers_benchmarking/snakemake_assemblers_benchmarking/benchmark_chr21_real/results/container_validation/verkko2_ecoli_container/4-processONT/bridging_seq_all.txt	UNTRACKED		PROTECTED
final_report_files/snakemake_assemblers_benchmarking/snakemake_assemblers_benchmarking/benchmark_chr21_real/results/container_validation/verkko2_ecoli_container/4-processONT/bridging_seq_diploidfix_all.txt	UNTRACKED		PROTECTED
final_report_files/snakemake_assemblers_benchmarking/snakemake_assemblers_benchmarking/benchmark_chr21_real/results/container_validation/verkko2_ecoli_container/4-processONT/bridging_seq_forbidden.txt	UNTRACKED		PROTECTED
final_report_files/snakemake_assemblers_benchmarking/snakemake_assemblers_benchmarking/benchmark_chr21_real/results/container_validation/verkko2_ecoli_container/4-processONT/bridging_seq_picked.txt	UNTRACKED		PROTECTED
final_report_files/snakemake_assemblers_benchmarking/snakemake_assemblers_benchmarking/benchmark_chr21_real/results/container_validation/verkko2_ecoli_container/4-processONT/bridging_seq_picked_all.txt	UNTRACKED		PROTECTED
final_report_files/snakemake_assemblers_benchmarking/snakemake_assemblers_benchmarking/benchmark_chr21_real/results/container_validation/verkko2_ecoli_container/4-processONT/chop-info.txt	UNTRACKED		PROTECTED
final_report_files/snakemake_assemblers_benchmarking/snakemake_assemblers_benchmarking/benchmark_chr21_real/results/container_validation/verkko2_ecoli_container/4-processONT/chop-mapping.txt	UNTRACKED		PROTECTED
final_report_files/snakemake_assemblers_benchmarking/snakemake_assemblers_benchmarking/benchmark_chr21_real/results/container_validation/verkko2_ecoli_container/4-processONT/forbidden_crosslinks.txt	UNTRACKED		PROTECTED
final_report_files/snakemake_assemblers_benchmarking/snakemake_assemblers_benchmarking/benchmark_chr21_real/results/container_validation/verkko2_ecoli_container/4-processONT/forbidden_minority_bridges.txt	UNTRACKED		PROTECTED
final_report_files/snakemake_assemblers_benchmarking/snakemake_assemblers_benchmarking/benchmark_chr21_real/results/container_validation/verkko2_ecoli_container/4-processONT/gaps-ont.gaf	UNTRACKED		PROTECTED
final_report_files/snakemake_assemblers_benchmarking/snakemake_assemblers_benchmarking/benchmark_chr21_real/results/container_validation/verkko2_ecoli_container/4-processONT/selected-winnowmap.ids	UNTRACKED		PROTECTED
final_report_files/snakemake_assemblers_benchmarking/snakemake_assemblers_benchmarking/benchmark_chr21_real/results/container_validation/verkko2_ecoli_container/4-processONT/unroll_mapping_2.txt	UNTRACKED		PROTECTED
final_report_files/snakemake_assemblers_benchmarking/snakemake_assemblers_benchmarking/benchmark_chr21_real/results/container_validation/verkko2_ecoli_container/5-untip/popinfo_round1.err	UNTRACKED		PROTECTED
final_report_files/snakemake_assemblers_benchmarking/snakemake_assemblers_benchmarking/benchmark_chr21_real/results/container_validation/verkko2_ecoli_container/5-untip/popinfo_round2.err	UNTRACKED		PROTECTED
final_report_files/snakemake_assemblers_benchmarking/snakemake_assemblers_benchmarking/benchmark_chr21_real/results/container_validation/verkko2_ecoli_container/6-layoutContigs/createLayoutInputs.err	UNTRACKED		PROTECTED
final_report_files/snakemake_assemblers_benchmarking/snakemake_assemblers_benchmarking/benchmark_chr21_real/results/container_validation/verkko2_ecoli_container/6-layoutContigs/gaps.txt	UNTRACKED		PROTECTED
final_report_files/snakemake_assemblers_benchmarking/snakemake_assemblers_benchmarking/benchmark_chr21_real/results/container_validation/verkko2_ecoli_container/6-layoutContigs/ont-gapfill.txt	UNTRACKED		PROTECTED
final_report_files/snakemake_assemblers_benchmarking/snakemake_assemblers_benchmarking/benchmark_chr21_real/results/container_validation/verkko2_ecoli_container/6-layoutContigs/unitig-popped.layout.scfmap.dropped	UNTRACKED		PROTECTED
final_report_files/snakemake_assemblers_benchmarking/snakemake_assemblers_benchmarking/benchmark_chr21_real/results/container_validation/verkko2_ecoli_container/6-layoutContigs/unitig_initial.layout.scfmap.dropped	UNTRACKED		PROTECTED
final_report_files/snakemake_assemblers_benchmarking/snakemake_assemblers_benchmarking/benchmark_chr21_real/results/container_validation/verkko2_ecoli_container/7-consensus/assembly.disconnected.fasta	UNTRACKED		PROTECTED
final_report_files/snakemake_assemblers_benchmarking/snakemake_assemblers_benchmarking/benchmark_chr21_real/results/container_validation/verkko2_ecoli_container/7-consensus/assembly.disconnected.ids	UNTRACKED		PROTECTED
final_report_files/snakemake_assemblers_benchmarking/snakemake_assemblers_benchmarking/benchmark_chr21_real/results/container_validation/verkko2_ecoli_container/7-consensus/extractONT.err	UNTRACKED		PROTECTED
final_report_files/snakemake_assemblers_benchmarking/snakemake_assemblers_benchmarking/benchmark_chr21_real/results/container_validation/verkko2_ecoli_container/7-consensus/ont_subset.extract	UNTRACKED		PROTECTED
final_report_files/snakemake_assemblers_benchmarking/snakemake_assemblers_benchmarking/benchmark_chr21_real/results/container_validation/verkko2_ecoli_container/7-consensus/ont_subset.fasta.gz	UNTRACKED		PROTECTED
final_report_files/snakemake_assemblers_benchmarking/snakemake_assemblers_benchmarking/benchmark_chr21_real/results/container_validation/verkko2_ecoli_container/7-consensus/packages.finished	UNTRACKED		PROTECTED
final_report_files/snakemake_assemblers_benchmarking/snakemake_assemblers_benchmarking/benchmark_chr21_real/results/container_validation/verkko2_ecoli_container/7-consensus/screen-assembly.err	UNTRACKED		PROTECTED
final_report_files/snakemake_assemblers_benchmarking/snakemake_assemblers_benchmarking/benchmark_chr21_real/results/container_validation/verkko2_ecoli_container/7-consensus/unitig-popped.haplotype1.fasta	UNTRACKED		PROTECTED
final_report_files/snakemake_assemblers_benchmarking/snakemake_assemblers_benchmarking/benchmark_chr21_real/results/container_validation/verkko2_ecoli_container/7-consensus/unitig-popped.haplotype2.fasta	UNTRACKED		PROTECTED
final_report_files/snakemake_assemblers_benchmarking/snakemake_assemblers_benchmarking/benchmark_chr21_real/results/container_validation/verkko2_ecoli_container/7-consensus/unitig-popped.unassigned.fasta	UNTRACKED		PROTECTED
final_report_files/snakemake_assemblers_benchmarking/snakemake_assemblers_benchmarking/benchmark_chr21_real/results/container_validation/verkko2_ecoli_container/assembly.disconnected.fasta	UNTRACKED		PROTECTED
final_report_files/snakemake_assemblers_benchmarking/snakemake_assemblers_benchmarking/benchmark_chr21_real/results/container_validation/verkko2_ecoli_container/emptyfile	UNTRACKED		PROTECTED
final_report_files/snakemake_assemblers_benchmarking/snakemake_assemblers_benchmarking/benchmark_chr21_real/results/logs/extraction/HG002.hifi.window22.htslib124.count.txt	UNTRACKED		PROTECTED
final_report_files/snakemake_assemblers_benchmarking/snakemake_assemblers_benchmarking/benchmark_chr21_real/results/logs/extraction/HG002_hifi_chr21_chunks/window_001_attempt_1.log	UNTRACKED		PROTECTED
final_report_files/snakemake_assemblers_benchmarking/snakemake_assemblers_benchmarking/benchmark_chr21_real/results/logs/extraction/HG002_hifi_chr21_chunks/window_002_attempt_1.log	UNTRACKED		PROTECTED
final_report_files/snakemake_assemblers_benchmarking/snakemake_assemblers_benchmarking/benchmark_chr21_real/results/logs/extraction/HG002_hifi_chr21_chunks/window_003_attempt_1.log	UNTRACKED		PROTECTED
final_report_files/snakemake_assemblers_benchmarking/snakemake_assemblers_benchmarking/benchmark_chr21_real/results/logs/extraction/HG002_hifi_chr21_chunks/window_004_attempt_1.log	UNTRACKED		PROTECTED
final_report_files/snakemake_assemblers_benchmarking/snakemake_assemblers_benchmarking/benchmark_chr21_real/results/logs/extraction/HG002_hifi_chr21_chunks/window_005_attempt_2.log	UNTRACKED		PROTECTED
final_report_files/snakemake_assemblers_benchmarking/snakemake_assemblers_benchmarking/benchmark_chr21_real/results/logs/extraction/HG002_hifi_chr21_chunks/window_006_attempt_3.log	UNTRACKED		PROTECTED
final_report_files/snakemake_assemblers_benchmarking/snakemake_assemblers_benchmarking/benchmark_chr21_real/results/logs/extraction/HG002_hifi_chr21_chunks/window_007_attempt_2.log	UNTRACKED		PROTECTED
final_report_files/snakemake_assemblers_benchmarking/snakemake_assemblers_benchmarking/benchmark_chr21_real/results/logs/extraction/HG002_hifi_chr21_chunks/window_008_attempt_1.log	UNTRACKED		PROTECTED
final_report_files/snakemake_assemblers_benchmarking/snakemake_assemblers_benchmarking/benchmark_chr21_real/results/logs/extraction/HG002_hifi_chr21_chunks/window_009_attempt_2.log	UNTRACKED		PROTECTED
final_report_files/snakemake_assemblers_benchmarking/snakemake_assemblers_benchmarking/benchmark_chr21_real/results/logs/extraction/HG002_hifi_chr21_chunks/window_010_attempt_2.log	UNTRACKED		PROTECTED
final_report_files/snakemake_assemblers_benchmarking/snakemake_assemblers_benchmarking/benchmark_chr21_real/results/logs/extraction/HG002_hifi_chr21_chunks/window_011_attempt_1.log	UNTRACKED		PROTECTED
final_report_files/snakemake_assemblers_benchmarking/snakemake_assemblers_benchmarking/benchmark_chr21_real/results/logs/extraction/HG002_hifi_chr21_chunks/window_012_attempt_1.log	UNTRACKED		PROTECTED
final_report_files/snakemake_assemblers_benchmarking/snakemake_assemblers_benchmarking/benchmark_chr21_real/results/logs/extraction/HG002_hifi_chr21_chunks/window_013_attempt_1.log	UNTRACKED		PROTECTED
final_report_files/snakemake_assemblers_benchmarking/snakemake_assemblers_benchmarking/benchmark_chr21_real/results/logs/extraction/HG002_hifi_chr21_chunks/window_014_attempt_1.log	UNTRACKED		PROTECTED
final_report_files/snakemake_assemblers_benchmarking/snakemake_assemblers_benchmarking/benchmark_chr21_real/results/logs/extraction/HG002_hifi_chr21_chunks/window_015_attempt_1.log	UNTRACKED		PROTECTED
final_report_files/snakemake_assemblers_benchmarking/snakemake_assemblers_benchmarking/benchmark_chr21_real/results/logs/extraction/HG002_hifi_chr21_chunks/window_016_attempt_2.log	UNTRACKED		PROTECTED
final_report_files/snakemake_assemblers_benchmarking/snakemake_assemblers_benchmarking/benchmark_chr21_real/results/logs/extraction/HG002_hifi_chr21_chunks/window_017_attempt_3.log	UNTRACKED		PROTECTED
final_report_files/snakemake_assemblers_benchmarking/snakemake_assemblers_benchmarking/benchmark_chr21_real/results/logs/extraction/HG002_hifi_chr21_chunks/window_018_attempt_2.log	UNTRACKED		PROTECTED
final_report_files/snakemake_assemblers_benchmarking/snakemake_assemblers_benchmarking/benchmark_chr21_real/results/logs/extraction/HG002_hifi_chr21_chunks/window_019_attempt_1.log	UNTRACKED		PROTECTED
final_report_files/snakemake_assemblers_benchmarking/snakemake_assemblers_benchmarking/benchmark_chr21_real/results/logs/extraction/HG002_hifi_chr21_chunks/window_020_attempt_1.log	UNTRACKED		PROTECTED
final_report_files/snakemake_assemblers_benchmarking/snakemake_assemblers_benchmarking/benchmark_chr21_real/results/logs/extraction/HG002_hifi_chr21_chunks/window_021_attempt_3.log	UNTRACKED		PROTECTED
final_report_files/snakemake_assemblers_benchmarking/snakemake_assemblers_benchmarking/benchmark_chr21_real/results/logs/extraction/HG002_hifi_chr21_chunks/window_022_attempt_1.log	UNTRACKED		PROTECTED
final_report_files/snakemake_assemblers_benchmarking/snakemake_assemblers_benchmarking/benchmark_chr21_real/results/logs/extraction/HG002_hifi_chr21_chunks/window_023_attempt_1.log	UNTRACKED		PROTECTED
final_report_files/snakemake_assemblers_benchmarking/snakemake_assemblers_benchmarking/benchmark_chr21_real/results/logs/extraction/HG002_hifi_chr21_chunks/window_024_attempt_1.log	UNTRACKED		PROTECTED
final_report_files/snakemake_assemblers_benchmarking/snakemake_assemblers_benchmarking/benchmark_chr21_real/results/logs/extraction/HG002_hifi_chr21_chunks/window_025_attempt_1.log	UNTRACKED		PROTECTED
final_report_files/snakemake_assemblers_benchmarking/snakemake_assemblers_benchmarking/benchmark_chr21_real/results/logs/extraction/HG002_hifi_chr21_chunks/window_026_attempt_1.log	UNTRACKED		PROTECTED
final_report_files/snakemake_assemblers_benchmarking/snakemake_assemblers_benchmarking/benchmark_chr21_real/results/logs/extraction/HG002_hifi_chr21_chunks/window_027_attempt_1.log	UNTRACKED		PROTECTED
final_report_files/snakemake_assemblers_benchmarking/snakemake_assemblers_benchmarking/benchmark_chr21_real/results/logs/extraction/HG002_hifi_chr21_chunks/window_028_attempt_1.log	UNTRACKED		PROTECTED
final_report_files/snakemake_assemblers_benchmarking/snakemake_assemblers_benchmarking/benchmark_chr21_real/results/logs/extraction/HG002_hifi_chr21_chunks/window_029_attempt_1.log	UNTRACKED		PROTECTED
final_report_files/snakemake_assemblers_benchmarking/snakemake_assemblers_benchmarking/benchmark_chr21_real/results/logs/extraction/HG002_hifi_chr21_chunks/window_030_attempt_1.log	UNTRACKED		PROTECTED
final_report_files/snakemake_assemblers_benchmarking/snakemake_assemblers_benchmarking/benchmark_chr21_real/results/logs/extraction/HG002_hifi_chr21_chunks/window_031_attempt_1.log	UNTRACKED		PROTECTED
final_report_files/snakemake_assemblers_benchmarking/snakemake_assemblers_benchmarking/benchmark_chr21_real/results/logs/extraction/HG002_hifi_chr21_chunks/window_032_attempt_1.log	UNTRACKED		PROTECTED
final_report_files/snakemake_assemblers_benchmarking/snakemake_assemblers_benchmarking/benchmark_chr21_real/results/logs/extraction/HG002_hifi_chr21_chunks/window_033_attempt_1.log	UNTRACKED		PROTECTED
final_report_files/snakemake_assemblers_benchmarking/snakemake_assemblers_benchmarking/benchmark_chr21_real/results/logs/extraction/HG002_hifi_chr21_chunks/window_034_attempt_1.log	UNTRACKED		PROTECTED
final_report_files/snakemake_assemblers_benchmarking/snakemake_assemblers_benchmarking/benchmark_chr21_real/results/logs/extraction/HG002_hifi_chr21_chunks/window_035_attempt_1.log	UNTRACKED		PROTECTED
final_report_files/snakemake_assemblers_benchmarking/snakemake_assemblers_benchmarking/benchmark_chr21_real/results/logs/extraction/HG002_hifi_chr21_chunks/window_036_attempt_1.log	UNTRACKED		PROTECTED
final_report_files/snakemake_assemblers_benchmarking/snakemake_assemblers_benchmarking/benchmark_chr21_real/results/logs/extraction/HG002_hifi_chr21_chunks/window_037_attempt_1.log	UNTRACKED		PROTECTED
final_report_files/snakemake_assemblers_benchmarking/snakemake_assemblers_benchmarking/benchmark_chr21_real/results/logs/extraction/HG002_hifi_chr21_chunks/window_038_attempt_1.log	UNTRACKED		PROTECTED
final_report_files/snakemake_assemblers_benchmarking/snakemake_assemblers_benchmarking/benchmark_chr21_real/results/logs/extraction/HG002_hifi_chr21_chunks/window_039_attempt_1.log	UNTRACKED		PROTECTED
final_report_files/snakemake_assemblers_benchmarking/snakemake_assemblers_benchmarking/benchmark_chr21_real/results/logs/extraction/HG002_hifi_chr21_chunks/window_040_attempt_1.log	UNTRACKED		PROTECTED
final_report_files/snakemake_assemblers_benchmarking/snakemake_assemblers_benchmarking/benchmark_chr21_real/results/logs/extraction/HG002_hifi_chr21_chunks/window_041_attempt_1.log	UNTRACKED		PROTECTED
final_report_files/snakemake_assemblers_benchmarking/snakemake_assemblers_benchmarking/benchmark_chr21_real/results/logs/extraction/HG002_hifi_chr21_chunks/window_042_attempt_1.log	UNTRACKED		PROTECTED
final_report_files/snakemake_assemblers_benchmarking/snakemake_assemblers_benchmarking/benchmark_chr21_real/results/logs/extraction/HG002_hifi_chr21_chunks/window_043_attempt_1.log	UNTRACKED		PROTECTED
final_report_files/snakemake_assemblers_benchmarking/snakemake_assemblers_benchmarking/benchmark_chr21_real/results/logs/extraction/HG002_hifi_chr21_chunks/window_044_attempt_1.log	UNTRACKED		PROTECTED
final_report_files/snakemake_assemblers_benchmarking/snakemake_assemblers_benchmarking/benchmark_chr21_real/results/logs/extraction/HG002_hifi_chr21_chunks/window_045_attempt_1.log	UNTRACKED		PROTECTED
final_report_files/snakemake_assemblers_benchmarking/snakemake_assemblers_benchmarking/benchmark_chr21_real/results/logs/extraction/HG002_hifi_chr21_chunks/window_046_attempt_1.log	UNTRACKED		PROTECTED
final_report_files/snakemake_assemblers_benchmarking/snakemake_assemblers_benchmarking/benchmark_chr21_real/results/logs/extraction/HG002_hifi_chr21_chunks/window_047_attempt_1.log	UNTRACKED		PROTECTED
final_report_files/snakemake_assemblers_benchmarking/snakemake_assemblers_benchmarking/benchmark_chr21_real/scripts/getting-started-todo-app/backend/src/static/.gitkeep	UNTRACKED		PROTECTED
final_report_files/snakemake_assemblers_benchmarking/snakemake_assemblers_benchmarking/benchmark_chr21_real/scripts/getting-started-todo-app/todo-list-app/.dockerfile	UNTRACKED		PROTECTED
final_report_files/snakemake_assemblers_benchmarking/snakemake_assemblers_benchmarking/benchmark_chr21_real/scripts/getting-started-todo-app/todo-list-app/.dockerignore.accidental_backup/exit/.npmignore	UNTRACKED		PROTECTED
final_report_files/snakemake_assemblers_benchmarking/snakemake_assemblers_benchmarking/benchmark_chr21_real/scripts/getting-started-todo-app/todo-list-app/.dockerignore.accidental_backup/mime/.npmignore	UNTRACKED		PROTECTED
final_report_files/snakemake_assemblers_benchmarking/snakemake_assemblers_benchmarking/benchmark_chr21_real/scripts/getting-started-todo-app/todo-list-app/.dockerignore.accidental_backup/mysql2/lib/auth_plugins/index.js	UNTRACKED		PROTECTED
final_report_files/snakemake_assemblers_benchmarking/snakemake_assemblers_benchmarking/benchmark_chr21_real/scripts/getting-started-todo-app/todo-list-app/.dockerignore.accidental_backup/node-addon-api/nothing.c	UNTRACKED		PROTECTED
final_report_files/snakemake_assemblers_benchmarking/snakemake_assemblers_benchmarking/benchmark_chr21_real/scripts/getting-started-todo-app/todo-list-app/.dockerignore.accidental_backup/node-gyp/gyp/pylib/gyp/generator/__init__.py	UNTRACKED		PROTECTED
final_report_files/snakemake_assemblers_benchmarking/snakemake_assemblers_benchmarking/benchmark_chr21_real/scripts/getting-started-todo-app/todo-list-app/.dockerignore.accidental_backup/resolve/test/pathfilter/deep_ref/main.js	UNTRACKED		PROTECTED
final_report_files/snakemake_assemblers_benchmarking/snakemake_assemblers_benchmarking/benchmark_chr21_real/scripts/getting-started-todo-app/todo-list-app/.dockerignore.accidental_backup/resolve/test/resolver/baz/doom.js	UNTRACKED		PROTECTED
final_report_files/snakemake_assemblers_benchmarking/snakemake_assemblers_benchmarking/benchmark_chr21_real/scripts/getting-started-todo-app/todo-list-app/.dockerignore.accidental_backup/resolve/test/resolver/browser_field/a.js	UNTRACKED		PROTECTED
final_report_files/snakemake_assemblers_benchmarking/snakemake_assemblers_benchmarking/benchmark_chr21_real/scripts/getting-started-todo-app/todo-list-app/.dockerignore.accidental_backup/resolve/test/resolver/browser_field/b.js	UNTRACKED		PROTECTED
final_report_files/snakemake_assemblers_benchmarking/snakemake_assemblers_benchmarking/benchmark_chr21_real/scripts/getting-started-todo-app/todo-list-app/.dockerignore.accidental_backup/resolve/test/resolver/false_main/index.js	UNTRACKED		PROTECTED
final_report_files/snakemake_assemblers_benchmarking/snakemake_assemblers_benchmarking/benchmark_chr21_real/scripts/getting-started-todo-app/todo-list-app/.dockerignore.accidental_backup/resolve/test/resolver/malformed_package_json/index.js	UNTRACKED		PROTECTED
final_report_files/snakemake_assemblers_benchmarking/snakemake_assemblers_benchmarking/benchmark_chr21_real/scripts/getting-started-todo-app/todo-list-app/.dockerignore.accidental_backup/resolve/test/resolver/mug.coffee	UNTRACKED		PROTECTED
final_report_files/snakemake_assemblers_benchmarking/snakemake_assemblers_benchmarking/benchmark_chr21_real/scripts/getting-started-todo-app/todo-list-app/.dockerignore.accidental_backup/resolve/test/resolver/mug.js	UNTRACKED		PROTECTED
final_report_files/snakemake_assemblers_benchmarking/snakemake_assemblers_benchmarking/benchmark_chr21_real/scripts/getting-started-todo-app/todo-list-app/.dockerignore.accidental_backup/resolve/test/resolver/multirepo/packages/package-b/index.js	UNTRACKED		PROTECTED
final_report_files/snakemake_assemblers_benchmarking/snakemake_assemblers_benchmarking/benchmark_chr21_real/scripts/getting-started-todo-app/todo-list-app/.dockerignore.accidental_backup/resolve/test/resolver/other_path/lib/other-lib.js	UNTRACKED		PROTECTED
final_report_files/snakemake_assemblers_benchmarking/snakemake_assemblers_benchmarking/benchmark_chr21_real/scripts/getting-started-todo-app/todo-list-app/.dockerignore.accidental_backup/resolve/test/resolver/other_path/root.js	UNTRACKED		PROTECTED
final_report_files/snakemake_assemblers_benchmarking/snakemake_assemblers_benchmarking/benchmark_chr21_real/scripts/getting-started-todo-app/todo-list-app/.dockerignore.accidental_backup/resolve/test/resolver/symlinked/_/node_modules/foo.js	UNTRACKED		PROTECTED
final_report_files/snakemake_assemblers_benchmarking/snakemake_assemblers_benchmarking/benchmark_chr21_real/scripts/getting-started-todo-app/todo-list-app/.dockerignore.accidental_backup/resolve/test/resolver/symlinked/_/symlink_target/.gitkeep	UNTRACKED		PROTECTED
final_report_files/snakemake_assemblers_benchmarking/snakemake_assemblers_benchmarking/benchmark_chr21_real/scripts/getting-started-todo-app/todo-list-app/.dockerignore.accidental_backup/resolve/test/shadowed_core/node_modules/util/index.js	UNTRACKED		PROTECTED
final_report_files/snakemake_assemblers_benchmarking/snakemake_assemblers_benchmarking/benchmark_chr21_real/scripts/getting-started-todo-app/todo-list-app/.dockerignore.accidental_backup/seq-queue/lib/.npmignore	UNTRACKED		PROTECTED
final_report_files/snakemake_assemblers_benchmarking/snakemake_assemblers_benchmarking/benchmark_chr21_real/scripts/getting-started-todo-app/todo-list-app/.dockerignore.accidental_backup/smart-buffer/docs/ROADMAP.md	UNTRACKED		PROTECTED
final_report_files/snakemake_assemblers_benchmarking/snakemake_assemblers_benchmarking/benchmark_chr21_real/scripts/getting-started-todo-app/todo-list-app/.dockerignore.accidental_backup/touch/node_modules/nopt/.gitignore	UNTRACKED		PROTECTED
final_report_files/snakemake_assemblers_benchmarking/snakemake_assemblers_benchmarking/benchmark_chr21_real/scripts/getting-started-todo-app/todo-list-app/.dockerignore.accidental_backup/tr46/lib/.gitkeep	UNTRACKED		PROTECTED
final_report_files/snakemake_assemblers_benchmarking/snakemake_assemblers_benchmarking/results/assemblies/HG002.ont.flye/30-contigger/scaffolds_links.txt	UNTRACKED		PROTECTED
final_report_files/snakemake_assemblers_benchmarking/snakemake_assemblers_benchmarking/results/assemblies/HG002.pb.flye/30-contigger/scaffolds_links.txt	UNTRACKED		PROTECTED
final_report_files/snakemake_assemblers_benchmarking/snakemake_assemblers_benchmarking/results/assemblies/HG003.ont.flye/30-contigger/scaffolds_links.txt	UNTRACKED		PROTECTED
final_report_files/snakemake_assemblers_benchmarking/snakemake_assemblers_benchmarking/results/assemblies/HG003.pb.flye/30-contigger/scaffolds_links.txt	UNTRACKED		PROTECTED
final_report_files/snakemake_assemblers_benchmarking/snakemake_assemblers_benchmarking/results/assemblies/HG004.ont.flye/30-contigger/scaffolds_links.txt	UNTRACKED		PROTECTED
final_report_files/snakemake_assemblers_benchmarking/snakemake_assemblers_benchmarking/results/assemblies/HG004.pb.flye/30-contigger/scaffolds_links.txt	UNTRACKED		PROTECTED
final_report_files/snakemake_assemblers_benchmarking/snakemake_assemblers_benchmarking/results/logs/HG002.ont.1k.chromosome_distribution.log	UNTRACKED		PROTECTED
final_report_files/snakemake_assemblers_benchmarking/snakemake_assemblers_benchmarking/results/smoke_test/ntlink/HG002.pb/work/draft.fasta.k32.w100.z1000.stitch.path	UNTRACKED		PROTECTED
final_report_files/snakemake_assemblers_benchmarking/snakemake_assemblers_benchmarking/results/smoke_test/ntlink/HG002.pb/work/draft.fasta.k32.w100.z1000.trimmed_scafs.path	UNTRACKED		PROTECTED
final_report_files/snakemake_assemblers_benchmarking/snakemake_assemblers_benchmarking/results/smoke_test/ntlink/HG003.ont/work/draft.fasta.k32.w100.z1000.stitch.path	UNTRACKED		PROTECTED
final_report_files/snakemake_assemblers_benchmarking/snakemake_assemblers_benchmarking/results/smoke_test/ntlink/HG003.ont/work/draft.fasta.k32.w100.z1000.trimmed_scafs.path	UNTRACKED		PROTECTED
final_report_files/snakemake_assemblers_benchmarking/snakemake_assemblers_benchmarking/results/smoke_test/ntlink/HG003.pb/work/draft.fasta.k32.w100.z1000.stitch.path	UNTRACKED		PROTECTED
final_report_files/snakemake_assemblers_benchmarking/snakemake_assemblers_benchmarking/results/smoke_test/ntlink/HG003.pb/work/draft.fasta.k32.w100.z1000.trimmed_scafs.path	UNTRACKED		PROTECTED
final_report_files/snakemake_assemblers_benchmarking/snakemake_assemblers_benchmarking/results/smoke_test/ntlink/HG004.ont/work/draft.fasta.k32.w100.z1000.stitch.path	UNTRACKED		PROTECTED
final_report_files/snakemake_assemblers_benchmarking/snakemake_assemblers_benchmarking/results/smoke_test/ntlink/HG004.ont/work/draft.fasta.k32.w100.z1000.trimmed_scafs.path	UNTRACKED		PROTECTED
final_report_files/snakemake_assemblers_benchmarking/snakemake_assemblers_benchmarking/results/smoke_test/ntlink/HG004.pb/work/draft.fasta.k32.w100.z1000.stitch.path	UNTRACKED		PROTECTED
final_report_files/snakemake_assemblers_benchmarking/snakemake_assemblers_benchmarking/results/smoke_test/ntlink/HG004.pb/work/draft.fasta.k32.w100.z1000.trimmed_scafs.path	UNTRACKED		PROTECTED
final_report_files/snakemake_assemblers_benchmarking/snakemake_assemblers_benchmarking/results/smoke_test/verkko/HG002/work/0-correction/configureFindErrors.err	UNTRACKED		PROTECTED
final_report_files/snakemake_assemblers_benchmarking/snakemake_assemblers_benchmarking/results/smoke_test/verkko/HG002/work/0-correction/configureFindErrors.finished	UNTRACKED		PROTECTED
final_report_files/snakemake_assemblers_benchmarking/snakemake_assemblers_benchmarking/results/smoke_test/verkko/HG002/work/0-correction/hifi.ovlStore/.snakemake_timestamp	UNTRACKED		PROTECTED
final_report_files/snakemake_assemblers_benchmarking/snakemake_assemblers_benchmarking/results/smoke_test/verkko/HG002/work/0-correction/hifi.seqStore/.snakemake_timestamp	UNTRACKED		PROTECTED
final_report_files/snakemake_assemblers_benchmarking/snakemake_assemblers_benchmarking/results/smoke_test/verkko/HG002/work/0-correction/hifi.seqStore/errorLog	UNTRACKED		PROTECTED
final_report_files/snakemake_assemblers_benchmarking/snakemake_assemblers_benchmarking/results/smoke_test/verkko/HG002/work/0-correction/hifi.seqStore/homopolymerCompression	UNTRACKED		PROTECTED
final_report_files/snakemake_assemblers_benchmarking/snakemake_assemblers_benchmarking/results/smoke_test/verkko/HG002/work/2-processGraph/combined-edges-uniques.gfa	UNTRACKED		PROTECTED
final_report_files/snakemake_assemblers_benchmarking/snakemake_assemblers_benchmarking/results/smoke_test/verkko/HG002/work/2-processGraph/gaps-hifi-1.gaf	UNTRACKED		PROTECTED
final_report_files/snakemake_assemblers_benchmarking/snakemake_assemblers_benchmarking/results/smoke_test/verkko/HG002/work/2-processGraph/gaps-hifi-2.gaf	UNTRACKED		PROTECTED
final_report_files/snakemake_assemblers_benchmarking/snakemake_assemblers_benchmarking/results/smoke_test/verkko/HG002/work/2-processGraph/gaps-hifi-3.gaf	UNTRACKED		PROTECTED
final_report_files/snakemake_assemblers_benchmarking/snakemake_assemblers_benchmarking/results/smoke_test/verkko/HG002/work/2-processGraph/haplofix-mapping.txt	UNTRACKED		PROTECTED
final_report_files/snakemake_assemblers_benchmarking/snakemake_assemblers_benchmarking/results/smoke_test/verkko/HG002/work/3-align/splitONT.finished	UNTRACKED		PROTECTED
final_report_files/snakemake_assemblers_benchmarking/snakemake_assemblers_benchmarking/results/smoke_test/verkko/HG002/work/7-consensus/extractONT.err	UNTRACKED		PROTECTED
final_report_files/snakemake_assemblers_benchmarking/snakemake_assemblers_benchmarking/results/smoke_test/verkko/HG002/work/7-consensus/ont_subset.extract	UNTRACKED		PROTECTED
final_report_files/snakemake_assemblers_benchmarking/snakemake_assemblers_benchmarking/results/smoke_test/verkko/HG002/work/7-consensus/ont_subset.fasta.gz	UNTRACKED		PROTECTED
final_report_files/snakemake_assemblers_benchmarking/snakemake_assemblers_benchmarking/results/smoke_test/verkko/HG002/work/emptyfile	UNTRACKED		PROTECTED
final_report_files/snakemake_assemblers_benchmarking/snakemake_assemblers_benchmarking/results/smoke_test_assemblies/HG002.ont.flye/30-contigger/scaffolds_links.txt	UNTRACKED		PROTECTED
final_report_files/snakemake_assemblers_benchmarking/snakemake_assemblers_benchmarking/results/smoke_test_assemblies/HG004.pb.flye/00-assembly/draft_assembly.fasta	UNTRACKED		PROTECTED
final_report_files/snakemake_assemblers_benchmarking/snakemake_assemblers_benchmarking/results/validation_external/verkko_ecoli/ecoli/work/0-correction/configureFindErrors.err	UNTRACKED		PROTECTED
final_report_files/snakemake_assemblers_benchmarking/snakemake_assemblers_benchmarking/results/validation_external/verkko_ecoli/ecoli/work/0-correction/configureFindErrors.finished	UNTRACKED		PROTECTED
final_report_files/snakemake_assemblers_benchmarking/snakemake_assemblers_benchmarking/results/validation_external/verkko_ecoli/ecoli/work/0-correction/hifi.ovlStore/.snakemake_timestamp	UNTRACKED		PROTECTED
final_report_files/snakemake_assemblers_benchmarking/snakemake_assemblers_benchmarking/results/validation_external/verkko_ecoli/ecoli/work/0-correction/hifi.seqStore/.snakemake_timestamp	UNTRACKED		PROTECTED
final_report_files/snakemake_assemblers_benchmarking/snakemake_assemblers_benchmarking/results/validation_external/verkko_ecoli/ecoli/work/0-correction/hifi.seqStore/homopolymerCompression	UNTRACKED		PROTECTED
final_report_files/snakemake_assemblers_benchmarking/snakemake_assemblers_benchmarking/results/validation_external/verkko_ecoli/ecoli/work/2-processGraph/gaps-hifi-1.gaf	UNTRACKED		PROTECTED
final_report_files/snakemake_assemblers_benchmarking/snakemake_assemblers_benchmarking/results/validation_external/verkko_ecoli/ecoli/work/2-processGraph/gaps-hifi-2.gaf	UNTRACKED		PROTECTED
final_report_files/snakemake_assemblers_benchmarking/snakemake_assemblers_benchmarking/results/validation_external/verkko_ecoli/ecoli/work/2-processGraph/gaps-hifi-3.gaf	UNTRACKED		PROTECTED
final_report_files/snakemake_assemblers_benchmarking/snakemake_assemblers_benchmarking/results/validation_external/verkko_ecoli/ecoli/work/2-processGraph/haplofix-mapping.txt	UNTRACKED		PROTECTED
final_report_files/snakemake_assemblers_benchmarking/snakemake_assemblers_benchmarking/results/validation_external/verkko_ecoli/ecoli/work/2-processGraph/unroll_mapping_1.txt	UNTRACKED		PROTECTED
final_report_files/snakemake_assemblers_benchmarking/snakemake_assemblers_benchmarking/results/validation_external/verkko_ecoli/ecoli/work/3-align/combineONT.err	UNTRACKED		PROTECTED
final_report_files/snakemake_assemblers_benchmarking/snakemake_assemblers_benchmarking/results/validation_external/verkko_ecoli/ecoli/work/3-align/splitONT.finished	UNTRACKED		PROTECTED
final_report_files/snakemake_assemblers_benchmarking/snakemake_assemblers_benchmarking/results/validation_external/verkko_ecoli/ecoli/work/3-alignTips/aligned001.gaf	UNTRACKED		PROTECTED
final_report_files/snakemake_assemblers_benchmarking/snakemake_assemblers_benchmarking/results/validation_external/verkko_ecoli/ecoli/work/3-alignTips/alns-ont.gaf	UNTRACKED		PROTECTED
final_report_files/snakemake_assemblers_benchmarking/snakemake_assemblers_benchmarking/results/validation_external/verkko_ecoli/ecoli/work/3-alignTips/combineONT.err	UNTRACKED		PROTECTED
final_report_files/snakemake_assemblers_benchmarking/snakemake_assemblers_benchmarking/results/validation_external/verkko_ecoli/ecoli/work/3-alignTips/find_tips.err	UNTRACKED		PROTECTED
final_report_files/snakemake_assemblers_benchmarking/snakemake_assemblers_benchmarking/results/validation_external/verkko_ecoli/ecoli/work/3-alignTips/splitONT.finished	UNTRACKED		PROTECTED
final_report_files/snakemake_assemblers_benchmarking/snakemake_assemblers_benchmarking/results/validation_external/verkko_ecoli/ecoli/work/3-alignTips/tip_reads.ids	UNTRACKED		PROTECTED
final_report_files/snakemake_assemblers_benchmarking/snakemake_assemblers_benchmarking/results/validation_external/verkko_ecoli/ecoli/work/3-alignTips/tips.ids	UNTRACKED		PROTECTED
final_report_files/snakemake_assemblers_benchmarking/snakemake_assemblers_benchmarking/results/validation_external/verkko_ecoli/ecoli/work/4-processONT/alns-graphalign-gap1.gaf	UNTRACKED		PROTECTED
final_report_files/snakemake_assemblers_benchmarking/snakemake_assemblers_benchmarking/results/validation_external/verkko_ecoli/ecoli/work/4-processONT/alns-ont-gap1.gaf	UNTRACKED		PROTECTED
final_report_files/snakemake_assemblers_benchmarking/snakemake_assemblers_benchmarking/results/validation_external/verkko_ecoli/ecoli/work/4-processONT/alns-ont-gap2.gaf	UNTRACKED		PROTECTED
final_report_files/snakemake_assemblers_benchmarking/snakemake_assemblers_benchmarking/results/validation_external/verkko_ecoli/ecoli/work/4-processONT/alns-ont-gap3.gaf	UNTRACKED		PROTECTED
final_report_files/snakemake_assemblers_benchmarking/snakemake_assemblers_benchmarking/results/validation_external/verkko_ecoli/ecoli/work/4-processONT/alns-ont-gap4.gaf	UNTRACKED		PROTECTED
final_report_files/snakemake_assemblers_benchmarking/snakemake_assemblers_benchmarking/results/validation_external/verkko_ecoli/ecoli/work/4-processONT/bridge_mapping.txt	UNTRACKED		PROTECTED
final_report_files/snakemake_assemblers_benchmarking/snakemake_assemblers_benchmarking/results/validation_external/verkko_ecoli/ecoli/work/4-processONT/bridges_fixcrosslink.txt	UNTRACKED		PROTECTED
final_report_files/snakemake_assemblers_benchmarking/snakemake_assemblers_benchmarking/results/validation_external/verkko_ecoli/ecoli/work/4-processONT/bridging_seq_all.txt	UNTRACKED		PROTECTED
final_report_files/snakemake_assemblers_benchmarking/snakemake_assemblers_benchmarking/results/validation_external/verkko_ecoli/ecoli/work/4-processONT/bridging_seq_diploidfix_all.txt	UNTRACKED		PROTECTED
final_report_files/snakemake_assemblers_benchmarking/snakemake_assemblers_benchmarking/results/validation_external/verkko_ecoli/ecoli/work/4-processONT/bridging_seq_forbidden.txt	UNTRACKED		PROTECTED
final_report_files/snakemake_assemblers_benchmarking/snakemake_assemblers_benchmarking/results/validation_external/verkko_ecoli/ecoli/work/4-processONT/bridging_seq_picked.txt	UNTRACKED		PROTECTED
final_report_files/snakemake_assemblers_benchmarking/snakemake_assemblers_benchmarking/results/validation_external/verkko_ecoli/ecoli/work/4-processONT/bridging_seq_picked_all.txt	UNTRACKED		PROTECTED
final_report_files/snakemake_assemblers_benchmarking/snakemake_assemblers_benchmarking/results/validation_external/verkko_ecoli/ecoli/work/4-processONT/chop-info.txt	UNTRACKED		PROTECTED
final_report_files/snakemake_assemblers_benchmarking/snakemake_assemblers_benchmarking/results/validation_external/verkko_ecoli/ecoli/work/4-processONT/chop-mapping.txt	UNTRACKED		PROTECTED
final_report_files/snakemake_assemblers_benchmarking/snakemake_assemblers_benchmarking/results/validation_external/verkko_ecoli/ecoli/work/4-processONT/forbidden_crosslinks.txt	UNTRACKED		PROTECTED
final_report_files/snakemake_assemblers_benchmarking/snakemake_assemblers_benchmarking/results/validation_external/verkko_ecoli/ecoli/work/4-processONT/forbidden_minority_bridges.txt	UNTRACKED		PROTECTED
final_report_files/snakemake_assemblers_benchmarking/snakemake_assemblers_benchmarking/results/validation_external/verkko_ecoli/ecoli/work/4-processONT/gaps-ont.gaf	UNTRACKED		PROTECTED
final_report_files/snakemake_assemblers_benchmarking/snakemake_assemblers_benchmarking/results/validation_external/verkko_ecoli/ecoli/work/4-processONT/selected-winnowmap.ids	UNTRACKED		PROTECTED
final_report_files/snakemake_assemblers_benchmarking/snakemake_assemblers_benchmarking/results/validation_external/verkko_ecoli/ecoli/work/4-processONT/unroll_mapping_2.txt	UNTRACKED		PROTECTED
final_report_files/snakemake_assemblers_benchmarking/snakemake_assemblers_benchmarking/results/validation_external/verkko_ecoli/ecoli/work/5-untip/popinfo_round1.err	UNTRACKED		PROTECTED
final_report_files/snakemake_assemblers_benchmarking/snakemake_assemblers_benchmarking/results/validation_external/verkko_ecoli/ecoli/work/5-untip/popinfo_round2.err	UNTRACKED		PROTECTED
final_report_files/snakemake_assemblers_benchmarking/snakemake_assemblers_benchmarking/results/validation_external/verkko_ecoli/ecoli/work/6-layoutContigs/createLayoutInputs.err	UNTRACKED		PROTECTED
final_report_files/snakemake_assemblers_benchmarking/snakemake_assemblers_benchmarking/results/validation_external/verkko_ecoli/ecoli/work/6-layoutContigs/gaps.txt	UNTRACKED		PROTECTED
final_report_files/snakemake_assemblers_benchmarking/snakemake_assemblers_benchmarking/results/validation_external/verkko_ecoli/ecoli/work/6-layoutContigs/ont-gapfill.txt	UNTRACKED		PROTECTED
final_report_files/snakemake_assemblers_benchmarking/snakemake_assemblers_benchmarking/results/validation_external/verkko_ecoli/ecoli/work/6-layoutContigs/unitig-popped.layout.scfmap.dropped	UNTRACKED		PROTECTED
final_report_files/snakemake_assemblers_benchmarking/snakemake_assemblers_benchmarking/results/validation_external/verkko_ecoli/ecoli/work/6-layoutContigs/unitig_initial.layout.scfmap.dropped	UNTRACKED		PROTECTED
final_report_files/snakemake_assemblers_benchmarking/snakemake_assemblers_benchmarking/results/validation_external/verkko_ecoli/ecoli/work/7-consensus/assembly.disconnected.fasta	UNTRACKED		PROTECTED
final_report_files/snakemake_assemblers_benchmarking/snakemake_assemblers_benchmarking/results/validation_external/verkko_ecoli/ecoli/work/7-consensus/assembly.disconnected.ids	UNTRACKED		PROTECTED
final_report_files/snakemake_assemblers_benchmarking/snakemake_assemblers_benchmarking/results/validation_external/verkko_ecoli/ecoli/work/7-consensus/extractONT.err	UNTRACKED		PROTECTED
final_report_files/snakemake_assemblers_benchmarking/snakemake_assemblers_benchmarking/results/validation_external/verkko_ecoli/ecoli/work/7-consensus/ont_subset.extract	UNTRACKED		PROTECTED
final_report_files/snakemake_assemblers_benchmarking/snakemake_assemblers_benchmarking/results/validation_external/verkko_ecoli/ecoli/work/7-consensus/ont_subset.fasta.gz	UNTRACKED		PROTECTED
final_report_files/snakemake_assemblers_benchmarking/snakemake_assemblers_benchmarking/results/validation_external/verkko_ecoli/ecoli/work/7-consensus/packages.finished	UNTRACKED		PROTECTED
final_report_files/snakemake_assemblers_benchmarking/snakemake_assemblers_benchmarking/results/validation_external/verkko_ecoli/ecoli/work/7-consensus/screen-assembly.err	UNTRACKED		PROTECTED
final_report_files/snakemake_assemblers_benchmarking/snakemake_assemblers_benchmarking/results/validation_external/verkko_ecoli/ecoli/work/7-consensus/unitig-popped.haplotype1.fasta	UNTRACKED		PROTECTED
final_report_files/snakemake_assemblers_benchmarking/snakemake_assemblers_benchmarking/results/validation_external/verkko_ecoli/ecoli/work/7-consensus/unitig-popped.haplotype2.fasta	UNTRACKED		PROTECTED
final_report_files/snakemake_assemblers_benchmarking/snakemake_assemblers_benchmarking/results/validation_external/verkko_ecoli/ecoli/work/7-consensus/unitig-popped.unassigned.fasta	UNTRACKED		PROTECTED
final_report_files/snakemake_assemblers_benchmarking/snakemake_assemblers_benchmarking/results/validation_external/verkko_ecoli/ecoli/work/assembly.disconnected.fasta	UNTRACKED		PROTECTED
final_report_files/snakemake_assemblers_benchmarking/snakemake_assemblers_benchmarking/results/validation_external/verkko_ecoli/ecoli/work/emptyfile	UNTRACKED		PROTECTED
final_report_files/snakemake_assemblers_benchmarking/snakemake_assemblers_benchmarking/scripts/build_individual_assembler_images.py	UNTRACKED		PROTECTED
truvari/HG002.ont.1k.hg38.mm2-ont.cuteSV/refine.log.txt	TRACKED		PROTECTED
truvari/HG002.ont.1k.hg38.mm2-ont.sniffles2/refine.log.txt	TRACKED		PROTECTED
truvari/HG002.ont.1k.hg38.mm2-pb.cuteSV/refine.log.txt	TRACKED		PROTECTED
truvari/HG002.ont.1k.hg38.mm2-pb.sniffles2/refine.log.txt	TRACKED		PROTECTED
truvari/HG002.ont.1k.hg38.pbmm2-ont.cuteSV/refine.log.txt	TRACKED		PROTECTED
truvari/HG002.ont.1k.hg38.pbmm2-ont.pbsv/refine.log.txt	TRACKED		PROTECTED
truvari/HG002.ont.1k.hg38.pbmm2-ont.sniffles2/refine.log.txt	TRACKED		PROTECTED
truvari/HG002.ont.1k.hg38.pbmm2-pb.cuteSV/refine.log.txt	TRACKED		PROTECTED
truvari/HG002.ont.1k.hg38.pbmm2-pb.pbsv/refine.log.txt	TRACKED		PROTECTED
truvari/HG002.ont.1k.hg38.pbmm2-pb.sniffles2/refine.log.txt	TRACKED		PROTECTED
truvari/HG002.ont.30x.hg38.mm2-ont.cuteSV/refine.log.txt	TRACKED		PROTECTED
truvari/HG002.ont.30x.hg38.mm2-ont.sniffles2/refine.log.txt	TRACKED		PROTECTED
truvari/HG002.ont.30x.hg38.mm2-pb.cuteSV/refine.log.txt	TRACKED		PROTECTED
truvari/HG002.ont.30x.hg38.mm2-pb.sniffles2/refine.log.txt	TRACKED		PROTECTED
truvari/HG002.ont.30x.hg38.pbmm2-ont.cuteSV/refine.log.txt	TRACKED		PROTECTED
truvari/HG002.ont.30x.hg38.pbmm2-ont.pbsv/refine.log.txt	TRACKED		PROTECTED
truvari/HG002.ont.30x.hg38.pbmm2-ont.sniffles2/refine.log.txt	TRACKED		PROTECTED
truvari/HG002.ont.30x.hg38.pbmm2-pb.cuteSV/refine.log.txt	TRACKED		PROTECTED
truvari/HG002.ont.30x.hg38.pbmm2-pb.pbsv/refine.log.txt	TRACKED		PROTECTED
truvari/HG002.ont.30x.hg38.pbmm2-pb.sawfish/refine.log.txt	TRACKED		PROTECTED
truvari/HG002.ont.30x.hg38.pbmm2-pb.sniffles2/refine.log.txt	TRACKED		PROTECTED
truvari/HG002.pb.1k.hg38.mm2-ont.cuteSV/refine.log.txt	TRACKED		PROTECTED
truvari/HG002.pb.1k.hg38.mm2-ont.sniffles2/refine.log.txt	TRACKED		PROTECTED
truvari/HG002.pb.1k.hg38.mm2-pb.cuteSV/refine.log.txt	TRACKED		PROTECTED
truvari/HG002.pb.1k.hg38.mm2-pb.sniffles2/refine.log.txt	TRACKED		PROTECTED
truvari/HG002.pb.1k.hg38.pbmm2-ont.cuteSV/refine.log.txt	TRACKED		PROTECTED
truvari/HG002.pb.1k.hg38.pbmm2-ont.pbsv/refine.log.txt	TRACKED		PROTECTED
truvari/HG002.pb.1k.hg38.pbmm2-ont.sawfish/refine.log.txt	TRACKED		PROTECTED
truvari/HG002.pb.1k.hg38.pbmm2-ont.sniffles2/refine.log.txt	TRACKED		PROTECTED
truvari/HG002.pb.1k.hg38.pbmm2-pb.cuteSV/refine.log.txt	TRACKED		PROTECTED
truvari/HG002.pb.1k.hg38.pbmm2-pb.pbsv/refine.log.txt	TRACKED		PROTECTED
truvari/HG002.pb.1k.hg38.pbmm2-pb.sawfish/refine.log.txt	TRACKED		PROTECTED
truvari/HG002.pb.1k.hg38.pbmm2-pb.sniffles2/refine.log.txt	TRACKED		PROTECTED
truvari/HG002.pb.30x.hg38.mm2-ont.cuteSV/refine.log.txt	TRACKED		PROTECTED
truvari/HG002.pb.30x.hg38.mm2-ont.sniffles2/refine.log.txt	TRACKED		PROTECTED
truvari/HG002.pb.30x.hg38.mm2-pb.cuteSV/refine.log.txt	TRACKED		PROTECTED
truvari/HG002.pb.30x.hg38.mm2-pb.sniffles2/refine.log.txt	TRACKED		PROTECTED
truvari/HG002.pb.30x.hg38.pbmm2-ont.cuteSV/refine.log.txt	TRACKED		PROTECTED
truvari/HG002.pb.30x.hg38.pbmm2-ont.pbsv/refine.log.txt	TRACKED		PROTECTED
truvari/HG002.pb.30x.hg38.pbmm2-ont.sawfish/refine.log.txt	TRACKED		PROTECTED
truvari/HG002.pb.30x.hg38.pbmm2-ont.sniffles2/refine.log.txt	TRACKED		PROTECTED
truvari/HG002.pb.30x.hg38.pbmm2-pb.cuteSV/refine.log.txt	TRACKED		PROTECTED
truvari/HG002.pb.30x.hg38.pbmm2-pb.pbsv/refine.log.txt	TRACKED		PROTECTED
truvari/HG002.pb.30x.hg38.pbmm2-pb.sawfish/refine.log.txt	TRACKED		PROTECTED
truvari/HG002.pb.30x.hg38.pbmm2-pb.sniffles2/refine.log.txt	TRACKED		PROTECTED
variant_caller_validation/docs/docker_references.txt	UNTRACKED		
