Chain
	Aln	1	+HG003_ont_2_start_963728 58 14998 15000 -edge_1_0_+disjointig_1_0_998763 962906 977846 998763 -1 -1 12135 0.0399435
Chain
	Aln	0	-HG003_ont_2_start_963728 1 14941 15000 +edge_1_0_+disjointig_1_0_998763 20916 35856 998763 -1 -1 12135 0.0399435
Chain
	Aln	1	+HG003_ont_0_start_502393 1 14987 15000 -edge_1_0_+disjointig_1_0_998763 501514 516500 998763 -1 -1 12737 0.0356266
Chain
	Aln	0	-HG003_ont_0_start_502393 12 14998 15000 +edge_1_0_+disjointig_1_0_998763 482262 497248 998763 -1 -1 12737 0.0356266
Chain
	Aln	1	+HG003_ont_3_start_16279 9 14998 15000 -edge_1_0_+disjointig_1_0_998763 15408 30397 998763 -1 -1 12361 0.0401206
Chain
	Aln	0	-HG003_ont_3_start_16279 1 14990 15000 +edge_1_0_+disjointig_1_0_998763 968365 983354 998763 -1 -1 12361 0.0401206
Chain
	Aln	1	+HG003_ont_4_start_809502 5 14998 15000 -edge_1_0_+disjointig_1_0_998763 808627 823620 998763 -1 -1 12175 0.044602
Chain
	Aln	0	-HG003_ont_4_start_809502 1 14994 15000 +edge_1_0_+disjointig_1_0_998763 175142 190135 998763 -1 -1 12175 0.044602
Chain
	Aln	1	+HG003_ont_5_start_248930 1 14998 15000 -edge_1_0_+disjointig_1_0_998763 248051 263048 998763 -1 -1 12313 0.0405258
Chain
	Aln	0	-HG003_ont_5_start_248930 1 14998 15000 +edge_1_0_+disjointig_1_0_998763 735714 750711 998763 -1 -1 12313 0.0405258
Chain
	Aln	1	+HG003_ont_6_start_729257 1 14985 15000 -edge_1_0_+disjointig_1_0_998763 728378 743362 998763 -1 -1 12548 0.0365248
Chain
	Aln	0	-HG003_ont_6_start_729257 14 14998 15000 +edge_1_0_+disjointig_1_0_998763 255400 270384 998763 -1 -1 12548 0.0365248
Chain
	Aln	1	+HG003_ont_1_start_319256 15 14998 15000 -edge_1_0_+disjointig_1_0_998763 318391 333374 998763 -1 -1 12140 0.0422231
Chain
	Aln	0	-HG003_ont_1_start_319256 1 14984 15000 +edge_1_0_+disjointig_1_0_998763 665388 680371 998763 -1 -1 12140 0.0422231
Chain
	Aln	1	+HG003_ont_7_start_365778 1 14992 15000 -edge_1_0_+disjointig_1_0_998763 364899 379890 998763 -1 -1 12196 0.0415505
Chain
	Aln	0	-HG003_ont_7_start_365778 7 14998 15000 +edge_1_0_+disjointig_1_0_998763 618872 633863 998763 -1 -1 12196 0.0415505
Chain
	Aln	1	+HG003_ont_8_start_710965 1 14984 15000 -edge_1_0_+disjointig_1_0_998763 710086 725069 998763 -1 -1 12489 0.0394793
Chain
	Aln	0	-HG003_ont_8_start_710965 15 14998 15000 +edge_1_0_+disjointig_1_0_998763 273693 288676 998763 -1 -1 12489 0.0394793
Chain
	Aln	1	+HG003_ont_9_start_176314 1 14998 15000 -edge_1_0_+disjointig_1_0_998763 175435 190432 998763 -1 -1 11829 0.0445674
Chain
	Aln	0	-HG003_ont_9_start_176314 1 14998 15000 +edge_1_0_+disjointig_1_0_998763 808330 823327 998763 -1 -1 11829 0.0445674
Chain
	Aln	1	+HG003_ont_10_start_392527 13 14998 15000 -edge_1_0_+disjointig_1_0_998763 391660 406645 998763 -1 -1 12456 0.0396179
Chain
	Aln	0	-HG003_ont_10_start_392527 1 14986 15000 +edge_1_0_+disjointig_1_0_998763 592117 607102 998763 -1 -1 12456 0.0396179
Chain
	Aln	1	+HG003_ont_11_start_448100 17 14998 15000 -edge_1_0_+disjointig_1_0_998763 447237 462218 998763 -1 -1 12105 0.0413445
Chain
	Aln	0	-HG003_ont_11_start_448100 1 14982 15000 +edge_1_0_+disjointig_1_0_998763 536544 551525 998763 -1 -1 12105 0.0413445
Chain
	Aln	1	+HG003_ont_12_start_647580 3 14998 15000 -edge_1_0_+disjointig_1_0_998763 646703 661698 998763 -1 -1 12536 0.0383176
Chain
	Aln	0	-HG003_ont_12_start_647580 1 14996 15000 +edge_1_0_+disjointig_1_0_998763 337064 352059 998763 -1 -1 12536 0.0383176
Chain
	Aln	1	+HG003_ont_13_start_137790 1 14984 15000 -edge_1_0_+disjointig_1_0_998763 136911 151894 998763 -1 -1 12430 0.0416943
Chain
	Aln	0	-HG003_ont_13_start_137790 15 14998 15000 +edge_1_0_+disjointig_1_0_998763 846868 861851 998763 -1 -1 12430 0.0416943
Chain
	Aln	1	+HG003_ont_14_start_765864 1 14992 15000 -edge_1_0_+disjointig_1_0_998763 764985 779976 998763 -1 -1 12245 0.0410359
Chain
	Aln	0	-HG003_ont_14_start_765864 7 14998 15000 +edge_1_0_+disjointig_1_0_998763 218786 233777 998763 -1 -1 12245 0.0410359
Chain
	Aln	1	+HG003_ont_15_start_165583 93 14982 15000 -edge_1_0_+disjointig_1_0_998763 164796 179685 998763 -1 -1 12244 0.0428267
Chain
	Aln	0	-HG003_ont_15_start_165583 17 14906 15000 +edge_1_0_+disjointig_1_0_998763 819077 833966 998763 -1 -1 12244 0.0428267
Chain
	Aln	1	+HG003_ont_16_start_823474 0 14997 15000 -edge_1_0_+disjointig_1_0_998763 822594 837591 998763 -1 -1 12255 0.0411067
Chain
	Aln	0	-HG003_ont_16_start_823474 2 14999 15000 +edge_1_0_+disjointig_1_0_998763 161171 176168 998763 -1 -1 12255 0.0411067
Chain
	Aln	1	+HG003_ont_17_start_598028 27 14972 15000 -edge_1_0_+disjointig_1_0_998763 597175 612120 998763 -1 -1 12321 0.0408866
Chain
	Aln	0	-HG003_ont_17_start_598028 27 14972 15000 +edge_1_0_+disjointig_1_0_998763 386642 401587 998763 -1 -1 12321 0.0408866
Chain
	Aln	1	+HG003_ont_18_start_531146 0 14971 15000 -edge_1_0_+disjointig_1_0_998763 530266 545237 998763 -1 -1 12315 0.0395398
Chain
	Aln	0	-HG003_ont_18_start_531146 28 14999 15000 +edge_1_0_+disjointig_1_0_998763 453525 468496 998763 -1 -1 12315 0.0395398
Chain
	Aln	1	+HG003_ont_19_start_524500 34 14989 15000 -edge_1_0_+disjointig_1_0_998763 523654 538609 998763 -1 -1 12026 0.0443606
Chain
	Aln	0	-HG003_ont_19_start_524500 10 14965 15000 +edge_1_0_+disjointig_1_0_998763 460153 475108 998763 -1 -1 12026 0.0443606
Chain
	Aln	1	+HG003_ont_20_start_328837 1 14998 15000 -edge_1_0_+disjointig_1_0_998763 327958 342955 998763 -1 -1 12208 0.0414787
Chain
	Aln	0	-HG003_ont_20_start_328837 1 14998 15000 +edge_1_0_+disjointig_1_0_998763 655807 670804 998763 -1 -1 12208 0.0414787
Chain
	Aln	1	+HG003_ont_21_start_131351 24 14950 15000 -edge_1_0_+disjointig_1_0_998763 130495 145421 998763 -1 -1 12704 0.0364429
Chain
	Aln	0	-HG003_ont_21_start_131351 49 14975 15000 +edge_1_0_+disjointig_1_0_998763 853341 868267 998763 -1 -1 12704 0.0364429
Chain
	Aln	1	+HG003_ont_22_start_391459 1 14992 15000 -edge_1_0_+disjointig_1_0_998763 390580 405571 998763 -1 -1 12747 0.0386415
Chain
	Aln	0	-HG003_ont_22_start_391459 7 14998 15000 +edge_1_0_+disjointig_1_0_998763 593191 608182 998763 -1 -1 12747 0.0386415
Chain
	Aln	1	+HG003_ont_23_start_127308 1 14987 15000 -edge_1_0_+disjointig_1_0_998763 126429 141415 998763 -1 -1 12258 0.0407881
Chain
	Aln	0	-HG003_ont_23_start_127308 12 14998 15000 +edge_1_0_+disjointig_1_0_998763 857347 872333 998763 -1 -1 12258 0.0407881
Chain
	Aln	1	+HG003_ont_24_start_926936 21 14997 15000 -edge_1_0_+disjointig_1_0_998763 926077 941053 998763 -1 -1 12334 0.0380777
Chain
	Aln	0	-HG003_ont_24_start_926936 2 14978 15000 +edge_1_0_+disjointig_1_0_998763 57709 72685 998763 -1 -1 12334 0.0380777
Chain
	Aln	1	+HG003_ont_25_start_650740 16 14998 15000 -edge_1_0_+disjointig_1_0_998763 649876 664858 998763 -1 -1 12070 0.0426554
Chain
	Aln	0	-HG003_ont_25_start_650740 1 14983 15000 +edge_1_0_+disjointig_1_0_998763 333904 348886 998763 -1 -1 12070 0.0426554
Chain
	Aln	1	+HG003_ont_26_start_58688 1 14983 15000 -edge_1_0_+disjointig_1_0_998763 57809 72791 998763 -1 -1 12442 0.0398375
Chain
	Aln	0	-HG003_ont_26_start_58688 16 14998 15000 +edge_1_0_+disjointig_1_0_998763 925971 940953 998763 -1 -1 12442 0.0398375
Chain
	Aln	1	+HG003_ont_27_start_414320 0 14995 15000 -edge_1_0_+disjointig_1_0_998763 413440 428435 998763 -1 -1 12371 0.04069
Chain
	Aln	0	-HG003_ont_27_start_414320 4 14999 15000 +edge_1_0_+disjointig_1_0_998763 570327 585322 998763 -1 -1 12371 0.04069
Chain
	Aln	1	+HG003_ont_28_start_266230 1 14991 15000 -edge_1_0_+disjointig_1_0_998763 265351 280341 998763 -1 -1 12384 0.0399463
Chain
	Aln	0	-HG003_ont_28_start_266230 8 14998 15000 +edge_1_0_+disjointig_1_0_998763 718421 733411 998763 -1 -1 12384 0.0399463
Chain
	Aln	1	+HG003_ont_29_start_469490 1 14998 15000 -edge_1_0_+disjointig_1_0_998763 468611 483608 998763 -1 -1 12276 0.0410673
Chain
	Aln	0	-HG003_ont_29_start_469490 1 14998 15000 +edge_1_0_+disjointig_1_0_998763 515154 530151 998763 -1 -1 12276 0.0410673
Chain
	Aln	1	+HG003_ont_30_start_832121 21 14998 15000 -edge_1_0_+disjointig_1_0_998763 831262 846239 998763 -1 -1 12683 0.0366802
Chain
	Aln	0	-HG003_ont_30_start_832121 1 14978 15000 +edge_1_0_+disjointig_1_0_998763 152523 167500 998763 -1 -1 12683 0.0366802
Chain
	Aln	1	+HG003_ont_31_start_411761 2 14998 15000 -edge_1_0_+disjointig_1_0_998763 410883 425879 998763 -1 -1 12280 0.0409059
Chain
	Aln	0	-HG003_ont_31_start_411761 1 14997 15000 +edge_1_0_+disjointig_1_0_998763 572883 587879 998763 -1 -1 12280 0.0409059
Chain
	Aln	1	+HG003_ont_32_start_96329 14 14998 15000 -edge_1_0_+disjointig_1_0_998763 95463 110447 998763 -1 -1 11934 0.0432499
Chain
	Aln	0	-HG003_ont_32_start_96329 1 14985 15000 +edge_1_0_+disjointig_1_0_998763 888315 903299 998763 -1 -1 11934 0.0432499
Chain
	Aln	1	+HG003_ont_33_start_52636 1 14977 15000 -edge_1_0_+disjointig_1_0_998763 51757 66733 998763 -1 -1 12091 0.0418186
Chain
	Aln	0	-HG003_ont_33_start_52636 22 14998 15000 +edge_1_0_+disjointig_1_0_998763 932029 947005 998763 -1 -1 12091 0.0418186
Chain
	Aln	1	+HG003_ont_34_start_69727 12 14997 15000 -edge_1_0_+disjointig_1_0_998763 68859 83844 998763 -1 -1 12497 0.0409178
Chain
	Aln	0	-HG003_ont_34_start_69727 2 14987 15000 +edge_1_0_+disjointig_1_0_998763 914918 929903 998763 -1 -1 12497 0.0409178
Chain
	Aln	1	+HG003_ont_35_start_805151 1 14998 15000 -edge_1_0_+disjointig_1_0_998763 804272 819269 998763 -1 -1 12467 0.0400744
Chain
	Aln	0	-HG003_ont_35_start_805151 1 14998 15000 +edge_1_0_+disjointig_1_0_998763 179493 194490 998763 -1 -1 12467 0.0400744
Chain
	Aln	1	+HG003_ont_36_start_663817 0 14928 15000 -edge_1_0_+disjointig_1_0_998763 662937 677865 998763 -1 -1 12339 0.0396792
Chain
	Aln	0	-HG003_ont_36_start_663817 71 14999 15000 +edge_1_0_+disjointig_1_0_998763 320897 335825 998763 -1 -1 12339 0.0396792
Chain
	Aln	1	+HG003_ont_37_start_142500 24 14992 15000 -edge_1_0_+disjointig_1_0_998763 141644 156612 998763 -1 -1 12105 0.045093
Chain
	Aln	0	-HG003_ont_37_start_142500 7 14975 15000 +edge_1_0_+disjointig_1_0_998763 842150 857118 998763 -1 -1 12105 0.045093
Chain
	Aln	1	+HG003_ont_38_start_238819 12 14998 15000 -edge_1_0_+disjointig_1_0_998763 237951 252937 998763 -1 -1 12232 0.0402409
Chain
	Aln	0	-HG003_ont_38_start_238819 1 14987 15000 +edge_1_0_+disjointig_1_0_998763 745825 760811 998763 -1 -1 12232 0.0402409
Chain
	Aln	1	+HG003_ont_39_start_259877 14 14998 15000 -edge_1_0_+disjointig_1_0_998763 259011 273995 998763 -1 -1 12094 0.043119
Chain
	Aln	0	-HG003_ont_39_start_259877 1 14985 15000 +edge_1_0_+disjointig_1_0_998763 724767 739751 998763 -1 -1 12094 0.043119
Chain
	Aln	1	+HG003_ont_40_start_640335 1 14991 15000 -edge_1_0_+disjointig_1_0_998763 639456 654446 998763 -1 -1 12165 0.0441397
Chain
	Aln	0	-HG003_ont_40_start_640335 8 14998 15000 +edge_1_0_+disjointig_1_0_998763 344316 359306 998763 -1 -1 12165 0.0441397
Chain
	Aln	1	+HG003_ont_41_start_294741 1 14997 15000 -edge_1_0_+disjointig_1_0_998763 293862 308858 998763 -1 -1 12281 0.040024
Chain
	Aln	0	-HG003_ont_41_start_294741 2 14998 15000 +edge_1_0_+disjointig_1_0_998763 689904 704900 998763 -1 -1 12281 0.040024
Chain
	Aln	1	+HG003_ont_42_start_965343 0 14987 15000 -edge_1_0_+disjointig_1_0_998763 964463 979450 998763 -1 -1 11985 0.0445617
Chain
	Aln	0	-HG003_ont_42_start_965343 12 14999 15000 +edge_1_0_+disjointig_1_0_998763 19312 34299 998763 -1 -1 11985 0.0445617
Chain
	Aln	1	+HG003_ont_43_start_866077 13 14998 15000 -edge_1_0_+disjointig_1_0_998763 865210 880195 998763 -1 -1 12342 0.0393874
Chain
	Aln	0	-HG003_ont_43_start_866077 1 14986 15000 +edge_1_0_+disjointig_1_0_998763 118567 133552 998763 -1 -1 12342 0.0393874
Chain
	Aln	1	+HG003_ont_44_start_14579 1 14993 15000 -edge_1_0_+disjointig_1_0_998763 13700 28692 998763 -1 -1 12089 0.0428001
Chain
	Aln	0	-HG003_ont_44_start_14579 6 14998 15000 +edge_1_0_+disjointig_1_0_998763 970070 985062 998763 -1 -1 12089 0.0428001
Chain
	Aln	1	+HG003_ont_45_start_223361 0 14998 15000 -edge_1_0_+disjointig_1_0_998763 222481 237479 998763 -1 -1 12237 0.0429212
Chain
	Aln	0	-HG003_ont_45_start_223361 1 14999 15000 +edge_1_0_+disjointig_1_0_998763 761283 776281 998763 -1 -1 12237 0.0429212
Chain
	Aln	1	+HG003_ont_46_start_231311 1 14979 15000 -edge_1_0_+disjointig_1_0_998763 230432 245410 998763 -1 -1 12020 0.0422679
Chain
	Aln	0	-HG003_ont_46_start_231311 20 14998 15000 +edge_1_0_+disjointig_1_0_998763 753352 768330 998763 -1 -1 12020 0.0422679
Chain
	Aln	1	+HG003_ont_47_start_531012 1 14998 15000 -edge_1_0_+disjointig_1_0_998763 530133 545130 998763 -1 -1 11997 0.0447686
Chain
	Aln	0	-HG003_ont_47_start_531012 1 14998 15000 +edge_1_0_+disjointig_1_0_998763 453632 468629 998763 -1 -1 11997 0.0447686
Chain
	Aln	1	+HG003_ont_48_start_857464 8 14954 15000 -edge_1_0_+disjointig_1_0_998763 856592 871538 998763 -1 -1 11952 0.0426925
Chain
	Aln	0	-HG003_ont_48_start_857464 45 14991 15000 +edge_1_0_+disjointig_1_0_998763 127224 142170 998763 -1 -1 11952 0.0426925
Chain
	Aln	1	+HG003_ont_49_start_24189 1 14998 15000 -edge_1_0_+disjointig_1_0_998763 23310 38307 998763 -1 -1 11908 0.0436459
Chain
	Aln	0	-HG003_ont_49_start_24189 1 14998 15000 +edge_1_0_+disjointig_1_0_998763 960455 975452 998763 -1 -1 11908 0.0436459
Chain
	Aln	1	+HG003_ont_50_start_189989 22 14964 15000 -edge_1_0_+disjointig_1_0_998763 189131 204073 998763 -1 -1 12305 0.0404974
Chain
	Aln	0	-HG003_ont_50_start_189989 35 14977 15000 +edge_1_0_+disjointig_1_0_998763 794689 809631 998763 -1 -1 12305 0.0404974
Chain
	Aln	1	+HG003_ont_52_start_866090 4 14964 15000 -edge_1_0_+disjointig_1_0_998763 865214 880174 998763 -1 -1 12121 0.041389
Chain
	Aln	0	-HG003_ont_52_start_866090 35 14995 15000 +edge_1_0_+disjointig_1_0_998763 118588 133548 998763 -1 -1 12121 0.041389
Chain
	Aln	1	+HG003_ont_53_start_800659 12 14994 15000 -edge_1_0_+disjointig_1_0_998763 799791 814773 998763 -1 -1 12188 0.0432585
Chain
	Aln	0	-HG003_ont_53_start_800659 5 14987 15000 +edge_1_0_+disjointig_1_0_998763 183989 198971 998763 -1 -1 12188 0.0432585
Chain
	Aln	1	+HG003_ont_54_start_617378 0 14998 15000 -edge_1_0_+disjointig_1_0_998763 616498 631496 998763 -1 -1 12023 0.0428399
Chain
	Aln	0	-HG003_ont_54_start_617378 1 14999 15000 +edge_1_0_+disjointig_1_0_998763 367266 382264 998763 -1 -1 12023 0.0428399
Chain
	Aln	1	+HG003_ont_55_start_854806 25 14998 15000 -edge_1_0_+disjointig_1_0_998763 853951 868924 998763 -1 -1 12269 0.0407763
Chain
	Aln	0	-HG003_ont_55_start_854806 1 14974 15000 +edge_1_0_+disjointig_1_0_998763 129838 144811 998763 -1 -1 12269 0.0407763
Chain
	Aln	1	+HG003_ont_57_start_865889 1 14980 15000 -edge_1_0_+disjointig_1_0_998763 865010 879989 998763 -1 -1 12344 0.0427572
Chain
	Aln	0	-HG003_ont_57_start_865889 19 14998 15000 +edge_1_0_+disjointig_1_0_998763 118773 133752 998763 -1 -1 12344 0.0427572
Chain
	Aln	1	+HG003_ont_56_start_388597 27 14955 15000 -edge_1_0_+disjointig_1_0_998763 387744 402672 998763 -1 -1 12161 0.0424835
Chain
	Aln	0	-HG003_ont_56_start_388597 44 14972 15000 +edge_1_0_+disjointig_1_0_998763 596090 611018 998763 -1 -1 12161 0.0424835
Chain
	Aln	1	+HG003_ont_58_start_951714 11 14985 15000 -edge_1_0_+disjointig_1_0_998763 950845 965819 998763 -1 -1 12269 0.0414122
Chain
	Aln	0	-HG003_ont_58_start_951714 14 14988 15000 +edge_1_0_+disjointig_1_0_998763 32943 47917 998763 -1 -1 12269 0.0414122
Chain
	Aln	1	+HG003_ont_60_start_377323 6 14979 15000 -edge_1_0_+disjointig_1_0_998763 376449 391422 998763 -1 -1 12245 0.0443395
Chain
	Aln	0	-HG003_ont_60_start_377323 20 14993 15000 +edge_1_0_+disjointig_1_0_998763 607340 622313 998763 -1 -1 12245 0.0443395
Chain
	Aln	1	+HG003_ont_59_start_123064 31 14965 15000 -edge_1_0_+disjointig_1_0_998763 122215 137149 998763 -1 -1 12391 0.039302
Chain
	Aln	0	-HG003_ont_59_start_123064 34 14968 15000 +edge_1_0_+disjointig_1_0_998763 861613 876547 998763 -1 -1 12391 0.039302
Chain
	Aln	1	+HG003_ont_51_start_179367 1 14990 15000 -edge_1_0_+disjointig_1_0_998763 178488 193477 998763 -1 -1 12172 0.042118
Chain
	Aln	0	-HG003_ont_51_start_179367 9 14998 15000 +edge_1_0_+disjointig_1_0_998763 805285 820274 998763 -1 -1 12172 0.042118
Chain
	Aln	1	+HG003_ont_61_start_177338 9 14998 15000 -edge_1_0_+disjointig_1_0_998763 176467 191456 998763 -1 -1 12112 0.0410674
Chain
	Aln	0	-HG003_ont_61_start_177338 1 14990 15000 +edge_1_0_+disjointig_1_0_998763 807306 822295 998763 -1 -1 12112 0.0410674
Chain
	Aln	1	+HG003_ont_62_start_392996 0 14998 15000 -edge_1_0_+disjointig_1_0_998763 392116 407114 998763 -1 -1 12117 0.0424674
Chain
	Aln	0	-HG003_ont_62_start_392996 1 14999 15000 +edge_1_0_+disjointig_1_0_998763 591648 606646 998763 -1 -1 12117 0.0424674
Chain
	Aln	1	+HG003_ont_63_start_869922 1 14998 15000 -edge_1_0_+disjointig_1_0_998763 869043 884040 998763 -1 -1 12517 0.0379878
Chain
	Aln	0	-HG003_ont_63_start_869922 1 14998 15000 +edge_1_0_+disjointig_1_0_998763 114722 129719 998763 -1 -1 12517 0.0379878
Chain
	Aln	1	+HG003_ont_64_start_932563 1 14998 15000 -edge_1_0_+disjointig_1_0_998763 931684 946681 998763 -1 -1 12449 0.0405883
Chain
	Aln	0	-HG003_ont_64_start_932563 1 14998 15000 +edge_1_0_+disjointig_1_0_998763 52081 67078 998763 -1 -1 12449 0.0405883
Chain
	Aln	1	+HG003_ont_65_start_611654 2 14977 15000 -edge_1_0_+disjointig_1_0_998763 610776 625751 998763 -1 -1 12147 0.0420069
Chain
	Aln	0	-HG003_ont_65_start_611654 22 14997 15000 +edge_1_0_+disjointig_1_0_998763 373011 387986 998763 -1 -1 12147 0.0420069
Chain
	Aln	1	+HG003_ont_66_start_615354 0 14925 15000 -edge_1_0_+disjointig_1_0_998763 614474 629399 998763 -1 -1 12066 0.0420755
Chain
	Aln	0	-HG003_ont_66_start_615354 74 14999 15000 +edge_1_0_+disjointig_1_0_998763 369363 384288 998763 -1 -1 12066 0.0420755
Chain
	Aln	1	+HG003_ont_67_start_541786 1 14988 15000 -edge_1_0_+disjointig_1_0_998763 540907 555894 998763 -1 -1 12360 0.0412492
Chain
	Aln	0	-HG003_ont_67_start_541786 11 14998 15000 +edge_1_0_+disjointig_1_0_998763 442868 457855 998763 -1 -1 12360 0.0412492
Chain
	Aln	1	+HG003_ont_68_start_38909 1 14979 15000 -edge_1_0_+disjointig_1_0_998763 38030 53008 998763 -1 -1 12468 0.0396212
Chain
	Aln	0	-HG003_ont_68_start_38909 20 14998 15000 +edge_1_0_+disjointig_1_0_998763 945754 960732 998763 -1 -1 12468 0.0396212
Chain
	Aln	1	+HG003_ont_69_start_233991 26 14994 15000 -edge_1_0_+disjointig_1_0_998763 233137 248105 998763 -1 -1 12282 0.0402793
Chain
	Aln	0	-HG003_ont_69_start_233991 5 14973 15000 +edge_1_0_+disjointig_1_0_998763 750657 765625 998763 -1 -1 12282 0.0402793
Chain
	Aln	1	+HG003_ont_70_start_937831 1 14967 15000 -edge_1_0_+disjointig_1_0_998763 936952 951918 998763 -1 -1 12298 0.0396511
Chain
	Aln	0	-HG003_ont_70_start_937831 32 14998 15000 +edge_1_0_+disjointig_1_0_998763 46844 61810 998763 -1 -1 12298 0.0396511
Chain
	Aln	1	+HG003_ont_71_start_115585 32 14994 15000 -edge_1_0_+disjointig_1_0_998763 114737 129699 998763 -1 -1 12317 0.0411114
Chain
	Aln	0	-HG003_ont_71_start_115585 5 14967 15000 +edge_1_0_+disjointig_1_0_998763 869063 884025 998763 -1 -1 12317 0.0411114
Chain
	Aln	1	+HG003_ont_72_start_678244 18 14998 15000 -edge_1_0_+disjointig_1_0_998763 677382 692362 998763 -1 -1 12476 0.0389551
Chain
	Aln	0	-HG003_ont_72_start_678244 1 14981 15000 +edge_1_0_+disjointig_1_0_998763 306400 321380 998763 -1 -1 12476 0.0389551
Chain
	Aln	1	+HG003_ont_73_start_835669 3 14948 15000 -edge_1_0_+disjointig_1_0_998763 834792 849737 998763 -1 -1 12640 0.0397694
Chain
	Aln	0	-HG003_ont_73_start_835669 51 14996 15000 +edge_1_0_+disjointig_1_0_998763 149025 163970 998763 -1 -1 12640 0.0397694
Chain
	Aln	1	+HG003_ont_74_start_211036 10 14998 15000 -edge_1_0_+disjointig_1_0_998763 210166 225154 998763 -1 -1 12284 0.0422427
Chain
	Aln	0	-HG003_ont_74_start_211036 1 14989 15000 +edge_1_0_+disjointig_1_0_998763 773608 788596 998763 -1 -1 12284 0.0422427
Chain
	Aln	1	+HG003_ont_75_start_70163 1 14973 15000 -edge_1_0_+disjointig_1_0_998763 69284 84256 998763 -1 -1 12389 0.0417229
Chain
	Aln	0	-HG003_ont_75_start_70163 26 14998 15000 +edge_1_0_+disjointig_1_0_998763 914506 929478 998763 -1 -1 12389 0.0417229
Chain
	Aln	1	+HG003_ont_76_start_375242 1 14996 15000 -edge_1_0_+disjointig_1_0_998763 374363 389358 998763 -1 -1 12380 0.0396263
Chain
	Aln	0	-HG003_ont_76_start_375242 3 14998 15000 +edge_1_0_+disjointig_1_0_998763 609404 624399 998763 -1 -1 12380 0.0396263
Chain
	Aln	1	+HG003_ont_77_start_36389 18 14993 15000 -edge_1_0_+disjointig_1_0_998763 35527 50502 998763 -1 -1 12450 0.0382842
Chain
	Aln	0	-HG003_ont_77_start_36389 6 14981 15000 +edge_1_0_+disjointig_1_0_998763 948260 963235 998763 -1 -1 12450 0.0382842
Chain
	Aln	1	+HG003_ont_78_start_693236 47 14998 15000 -edge_1_0_+disjointig_1_0_998763 692403 707354 998763 -1 -1 11866 0.0432843
Chain
	Aln	0	-HG003_ont_78_start_693236 1 14952 15000 +edge_1_0_+disjointig_1_0_998763 291408 306359 998763 -1 -1 11866 0.0432843
Chain
	Aln	1	+HG003_ont_79_start_857862 36 14977 15000 -edge_1_0_+disjointig_1_0_998763 857018 871959 998763 -1 -1 12357 0.039963
Chain
	Aln	0	-HG003_ont_79_start_857862 22 14963 15000 +edge_1_0_+disjointig_1_0_998763 126803 141744 998763 -1 -1 12357 0.039963
Chain
	Aln	1	+HG003_ont_80_start_691525 0 14980 15000 -edge_1_0_+disjointig_1_0_998763 690645 705625 998763 -1 -1 12307 0.0410084
Chain
	Aln	0	-HG003_ont_80_start_691525 19 14999 15000 +edge_1_0_+disjointig_1_0_998763 293137 308117 998763 -1 -1 12307 0.0410084
Chain
	Aln	1	+HG003_ont_81_start_240253 36 14998 15000 -edge_1_0_+disjointig_1_0_998763 239409 254371 998763 -1 -1 12292 0.0414366
Chain
	Aln	0	-HG003_ont_81_start_240253 1 14963 15000 +edge_1_0_+disjointig_1_0_998763 744391 759353 998763 -1 -1 12292 0.0414366
Chain
	Aln	1	+HG003_ont_83_start_356016 1 14988 15000 -edge_1_0_+disjointig_1_0_998763 355137 370124 998763 -1 -1 11987 0.0436149
Chain
	Aln	0	-HG003_ont_83_start_356016 11 14998 15000 +edge_1_0_+disjointig_1_0_998763 628638 643625 998763 -1 -1 11987 0.0436149
Chain
	Aln	1	+HG003_ont_82_start_398471 1 14998 15000 -edge_1_0_+disjointig_1_0_998763 397592 412589 998763 -1 -1 12482 0.0405805
Chain
	Aln	0	-HG003_ont_82_start_398471 1 14998 15000 +edge_1_0_+disjointig_1_0_998763 586173 601170 998763 -1 -1 12482 0.0405805
Chain
	Aln	1	+HG003_ont_84_start_35452 43 14990 15000 -edge_1_0_+disjointig_1_0_998763 34615 49562 998763 -1 -1 12256 0.0425665
Chain
	Aln	0	-HG003_ont_84_start_35452 9 14956 15000 +edge_1_0_+disjointig_1_0_998763 949200 964147 998763 -1 -1 12256 0.0425665
Chain
	Aln	1	+HG003_ont_85_start_312256 1 14993 15000 -edge_1_0_+disjointig_1_0_998763 311377 326369 998763 -1 -1 12366 0.0409689
Chain
	Aln	0	-HG003_ont_85_start_312256 6 14998 15000 +edge_1_0_+disjointig_1_0_998763 672393 687385 998763 -1 -1 12366 0.0409689
Chain
	Aln	1	+HG003_ont_86_start_698151 1 14989 15000 -edge_1_0_+disjointig_1_0_998763 697272 712260 998763 -1 -1 12117 0.0419137
Chain
	Aln	0	-HG003_ont_86_start_698151 10 14998 15000 +edge_1_0_+disjointig_1_0_998763 286502 301490 998763 -1 -1 12117 0.0419137
Chain
	Aln	1	+HG003_ont_87_start_984645 12 14998 15000 -edge_1_0_+disjointig_1_0_998763 983777 998761 998763 -1 -1 12080 0.0404201
Chain
	Aln	0	-HG003_ont_87_start_984645 1 14987 15000 +edge_1_0_+disjointig_1_0_998763 1 14985 998763 -1 -1 12080 0.0404201
Chain
	Aln	1	+HG003_ont_88_start_879667 1 14979 15000 -edge_1_0_+disjointig_1_0_998763 878788 893766 998763 -1 -1 12210 0.0402562
Chain
	Aln	0	-HG003_ont_88_start_879667 20 14998 15000 +edge_1_0_+disjointig_1_0_998763 104996 119974 998763 -1 -1 12210 0.0402562
Chain
	Aln	1	+HG003_ont_89_start_123137 1 14987 15000 -edge_1_0_+disjointig_1_0_998763 122258 137244 998763 -1 -1 12400 0.0377429
Chain
	Aln	0	-HG003_ont_89_start_123137 12 14998 15000 +edge_1_0_+disjointig_1_0_998763 861518 876504 998763 -1 -1 12400 0.0377429
Chain
	Aln	1	+HG003_ont_91_start_374245 1 14998 15000 -edge_1_0_+disjointig_1_0_998763 373366 388363 998763 -1 -1 11988 0.0436459
Chain
	Aln	0	-HG003_ont_91_start_374245 1 14998 15000 +edge_1_0_+disjointig_1_0_998763 610399 625396 998763 -1 -1 11988 0.0436459
Chain
	Aln	1	+HG003_ont_90_start_825025 0 14998 15000 -edge_1_0_+disjointig_1_0_998763 824145 839143 998763 -1 -1 12393 0.0391706
Chain
	Aln	0	-HG003_ont_90_start_825025 1 14999 15000 +edge_1_0_+disjointig_1_0_998763 159619 174617 998763 -1 -1 12393 0.0391706
Chain
	Aln	1	+HG003_ont_92_start_654105 0 14998 15000 -edge_1_0_+disjointig_1_0_998763 653225 668223 998763 -1 -1 12519 0.0389421
Chain
	Aln	0	-HG003_ont_92_start_654105 1 14999 15000 +edge_1_0_+disjointig_1_0_998763 330539 345537 998763 -1 -1 12519 0.0389421
Chain
	Aln	1	+HG003_ont_93_start_617038 42 14991 15000 -edge_1_0_+disjointig_1_0_998763 616200 631149 998763 -1 -1 12172 0.0408157
Chain
	Aln	0	-HG003_ont_93_start_617038 8 14957 15000 +edge_1_0_+disjointig_1_0_998763 367613 382562 998763 -1 -1 12172 0.0408157
Chain
	Aln	1	+HG003_ont_94_start_433485 26 14998 15000 -edge_1_0_+disjointig_1_0_998763 432631 447603 998763 -1 -1 12299 0.0401626
Chain
	Aln	0	-HG003_ont_94_start_433485 1 14973 15000 +edge_1_0_+disjointig_1_0_998763 551159 566131 998763 -1 -1 12299 0.0401626
Chain
	Aln	1	+HG003_ont_95_start_428703 4 14998 15000 -edge_1_0_+disjointig_1_0_998763 427827 442821 998763 -1 -1 11858 0.045119
Chain
	Aln	0	-HG003_ont_95_start_428703 1 14995 15000 +edge_1_0_+disjointig_1_0_998763 555941 570935 998763 -1 -1 11858 0.045119
Chain
	Aln	1	+HG003_ont_96_start_881518 1 14998 15000 -edge_1_0_+disjointig_1_0_998763 880639 895636 998763 -1 -1 12186 0.0407684
Chain
	Aln	0	-HG003_ont_96_start_881518 1 14998 15000 +edge_1_0_+disjointig_1_0_998763 103126 118123 998763 -1 -1 12186 0.0407684
Chain
	Aln	1	+HG003_ont_97_start_541687 1 14990 15000 -edge_1_0_+disjointig_1_0_998763 540808 555797 998763 -1 -1 12112 0.0413204
Chain
	Aln	0	-HG003_ont_97_start_541687 9 14998 15000 +edge_1_0_+disjointig_1_0_998763 442965 457954 998763 -1 -1 12112 0.0413204
Chain
	Aln	1	+HG003_ont_98_start_293168 1 14984 15000 -edge_1_0_+disjointig_1_0_998763 292289 307272 998763 -1 -1 12349 0.0394486
Chain
	Aln	0	-HG003_ont_98_start_293168 15 14998 15000 +edge_1_0_+disjointig_1_0_998763 691490 706473 998763 -1 -1 12349 0.0394486
Chain
	Aln	1	+HG003_ont_99_start_481380 0 14995 15000 -edge_1_0_+disjointig_1_0_998763 480500 495495 998763 -1 -1 12135 0.041162
Chain
	Aln	0	-HG003_ont_99_start_481380 4 14999 15000 +edge_1_0_+disjointig_1_0_998763 503267 518262 998763 -1 -1 12135 0.041162
Chain
	Aln	1	+HG003_ont_100_start_599415 13 14998 15000 -edge_1_0_+disjointig_1_0_998763 598548 613533 998763 -1 -1 12412 0.0408313
Chain
	Aln	0	-HG003_ont_100_start_599415 1 14986 15000 +edge_1_0_+disjointig_1_0_998763 385229 400214 998763 -1 -1 12412 0.0408313
Chain
	Aln	1	+HG003_ont_101_start_684639 17 14998 15000 -edge_1_0_+disjointig_1_0_998763 683776 698757 998763 -1 -1 12125 0.0424653
Chain
	Aln	0	-HG003_ont_101_start_684639 1 14982 15000 +edge_1_0_+disjointig_1_0_998763 300005 314986 998763 -1 -1 12125 0.0424653
Chain
	Aln	1	+HG003_ont_102_start_679404 1 14979 15000 -edge_1_0_+disjointig_1_0_998763 678525 693503 998763 -1 -1 12653 0.0374957
Chain
	Aln	0	-HG003_ont_102_start_679404 20 14998 15000 +edge_1_0_+disjointig_1_0_998763 305259 320237 998763 -1 -1 12653 0.0374957
Chain
	Aln	1	+HG003_ont_104_start_690913 22 14998 15000 -edge_1_0_+disjointig_1_0_998763 690055 705031 998763 -1 -1 11881 0.0449892
Chain
	Aln	0	-HG003_ont_104_start_690913 1 14977 15000 +edge_1_0_+disjointig_1_0_998763 293731 308707 998763 -1 -1 11881 0.0449892
Chain
	Aln	1	+HG003_ont_103_start_35206 1 14991 15000 -edge_1_0_+disjointig_1_0_998763 34327 49317 998763 -1 -1 12058 0.0411187
Chain
	Aln	0	-HG003_ont_103_start_35206 8 14998 15000 +edge_1_0_+disjointig_1_0_998763 949445 964435 998763 -1 -1 12058 0.0411187
Chain
	Aln	1	+HG003_ont_105_start_542690 1 14998 15000 -edge_1_0_+disjointig_1_0_998763 541811 556808 998763 -1 -1 12397 0.0402452
Chain
	Aln	0	-HG003_ont_105_start_542690 1 14998 15000 +edge_1_0_+disjointig_1_0_998763 441954 456951 998763 -1 -1 12397 0.0402452
Chain
	Aln	1	+HG003_ont_106_start_713582 15 14998 15000 -edge_1_0_+disjointig_1_0_998763 712717 727700 998763 -1 -1 12124 0.0393336
Chain
	Aln	0	-HG003_ont_106_start_713582 1 14984 15000 +edge_1_0_+disjointig_1_0_998763 271062 286045 998763 -1 -1 12124 0.0393336
Chain
	Aln	1	+HG003_ont_107_start_708820 22 14998 15000 -edge_1_0_+disjointig_1_0_998763 707962 722938 998763 -1 -1 12504 0.0417147
Chain
	Aln	0	-HG003_ont_107_start_708820 1 14977 15000 +edge_1_0_+disjointig_1_0_998763 275824 290800 998763 -1 -1 12504 0.0417147
Chain
	Aln	1	+HG003_ont_108_start_120890 3 14998 15000 -edge_1_0_+disjointig_1_0_998763 120013 135008 998763 -1 -1 12482 0.0382424
Chain
	Aln	0	-HG003_ont_108_start_120890 1 14996 15000 +edge_1_0_+disjointig_1_0_998763 863754 878749 998763 -1 -1 12482 0.0382424
Chain
	Aln	1	+HG003_ont_109_start_350027 1 14967 15000 -edge_1_0_+disjointig_1_0_998763 349148 364114 998763 -1 -1 12255 0.0402324
Chain
	Aln	0	-HG003_ont_109_start_350027 32 14998 15000 +edge_1_0_+disjointig_1_0_998763 634648 649614 998763 -1 -1 12255 0.0402324
Chain
	Aln	1	+HG003_ont_110_start_366075 1 14997 15000 -edge_1_0_+disjointig_1_0_998763 365196 380192 998763 -1 -1 12235 0.0413875
Chain
	Aln	0	-HG003_ont_110_start_366075 2 14998 15000 +edge_1_0_+disjointig_1_0_998763 618570 633566 998763 -1 -1 12235 0.0413875
Chain
	Aln	1	+HG003_ont_111_start_227040 32 14994 15000 -edge_1_0_+disjointig_1_0_998763 226192 241154 998763 -1 -1 12466 0.0398208
Chain
	Aln	0	-HG003_ont_111_start_227040 5 14967 15000 +edge_1_0_+disjointig_1_0_998763 757608 772570 998763 -1 -1 12466 0.0398208
Chain
	Aln	1	+HG003_ont_112_start_945672 27 14998 15000 -edge_1_0_+disjointig_1_0_998763 944819 959790 998763 -1 -1 11964 0.0423049
Chain
	Aln	0	-HG003_ont_112_start_945672 1 14972 15000 +edge_1_0_+disjointig_1_0_998763 38972 53943 998763 -1 -1 11964 0.0423049
Chain
	Aln	1	+HG003_ont_113_start_201860 17 14990 15000 -edge_1_0_+disjointig_1_0_998763 200997 215970 998763 -1 -1 12325 0.0407135
Chain
	Aln	0	-HG003_ont_113_start_201860 9 14982 15000 +edge_1_0_+disjointig_1_0_998763 782792 797765 998763 -1 -1 12325 0.0407135
Chain
	Aln	1	+HG003_ont_114_start_462270 1 14983 15000 -edge_1_0_+disjointig_1_0_998763 461391 476373 998763 -1 -1 12110 0.042332
Chain
	Aln	0	-HG003_ont_114_start_462270 16 14998 15000 +edge_1_0_+disjointig_1_0_998763 522389 537371 998763 -1 -1 12110 0.042332
Chain
	Aln	1	+HG003_ont_115_start_562769 48 14998 15000 -edge_1_0_+disjointig_1_0_998763 561937 576887 998763 -1 -1 12434 0.0385486
Chain
	Aln	0	-HG003_ont_115_start_562769 1 14951 15000 +edge_1_0_+disjointig_1_0_998763 421875 436825 998763 -1 -1 12434 0.0385486
Chain
	Aln	1	+HG003_ont_116_start_553347 10 14990 15000 -edge_1_0_+disjointig_1_0_998763 552477 567457 998763 -1 -1 12337 0.037951
Chain
	Aln	0	-HG003_ont_116_start_553347 9 14989 15000 +edge_1_0_+disjointig_1_0_998763 431305 446285 998763 -1 -1 12337 0.037951
Chain
	Aln	1	+HG003_ont_117_start_5455 1 14998 15000 -edge_1_0_+disjointig_1_0_998763 4576 19573 998763 -1 -1 12130 0.042617
Chain
	Aln	0	-HG003_ont_117_start_5455 1 14998 15000 +edge_1_0_+disjointig_1_0_998763 979189 994186 998763 -1 -1 12130 0.042617
Chain
	Aln	1	+HG003_ont_118_start_603696 1 14982 15000 -edge_1_0_+disjointig_1_0_998763 602817 617798 998763 -1 -1 12087 0.0421268
Chain
	Aln	0	-HG003_ont_118_start_603696 17 14998 15000 +edge_1_0_+disjointig_1_0_998763 380964 395945 998763 -1 -1 12087 0.0421268
Chain
	Aln	1	+HG003_ont_119_start_401828 1 14992 15000 -edge_1_0_+disjointig_1_0_998763 400949 415940 998763 -1 -1 12370 0.0416938
Chain
	Aln	0	-HG003_ont_119_start_401828 7 14998 15000 +edge_1_0_+disjointig_1_0_998763 582822 597813 998763 -1 -1 12370 0.0416938
Chain
	Aln	1	+HG003_ont_120_start_348215 0 14981 15000 -edge_1_0_+disjointig_1_0_998763 347335 362316 998763 -1 -1 11944 0.0430256
Chain
	Aln	0	-HG003_ont_120_start_348215 18 14999 15000 +edge_1_0_+disjointig_1_0_998763 636446 651427 998763 -1 -1 11944 0.0430256
Chain
	Aln	1	+HG003_ont_121_start_69651 3 14998 15000 -edge_1_0_+disjointig_1_0_998763 68774 83769 998763 -1 -1 12287 0.0427632
Chain
	Aln	0	-HG003_ont_121_start_69651 1 14996 15000 +edge_1_0_+disjointig_1_0_998763 914993 929988 998763 -1 -1 12287 0.0427632
Chain
	Aln	1	+HG003_ont_122_start_59567 1 14998 15000 -edge_1_0_+disjointig_1_0_998763 58688 73685 998763 -1 -1 12036 0.0441755
Chain
	Aln	0	-HG003_ont_122_start_59567 1 14998 15000 +edge_1_0_+disjointig_1_0_998763 925077 940074 998763 -1 -1 12036 0.0441755
Chain
	Aln	1	+HG003_ont_123_start_540767 15 14986 15000 -edge_1_0_+disjointig_1_0_998763 539902 554873 998763 -1 -1 11881 0.0447001
Chain
	Aln	0	-HG003_ont_123_start_540767 13 14984 15000 +edge_1_0_+disjointig_1_0_998763 443889 458860 998763 -1 -1 11881 0.0447001
Chain
	Aln	1	+HG003_ont_124_start_189957 28 14991 15000 -edge_1_0_+disjointig_1_0_998763 189105 204068 998763 -1 -1 12310 0.0395469
Chain
	Aln	0	-HG003_ont_124_start_189957 8 14971 15000 +edge_1_0_+disjointig_1_0_998763 794694 809657 998763 -1 -1 12310 0.0395469
Chain
	Aln	1	+HG003_ont_125_start_675450 7 14971 15000 -edge_1_0_+disjointig_1_0_998763 674577 689541 998763 -1 -1 12678 0.0372552
Chain
	Aln	0	-HG003_ont_125_start_675450 28 14992 15000 +edge_1_0_+disjointig_1_0_998763 309221 324185 998763 -1 -1 12678 0.0372552
Chain
	Aln	1	+HG003_ont_126_start_629063 1 14998 15000 -edge_1_0_+disjointig_1_0_998763 628184 643181 998763 -1 -1 12174 0.0414946
Chain
	Aln	0	-HG003_ont_126_start_629063 1 14998 15000 +edge_1_0_+disjointig_1_0_998763 355581 370578 998763 -1 -1 12174 0.0414946
Chain
	Aln	1	+HG003_ont_128_start_50955 1 14998 15000 -edge_1_0_+disjointig_1_0_998763 50076 65073 998763 -1 -1 12026 0.041909
Chain
	Aln	0	-HG003_ont_128_start_50955 1 14998 15000 +edge_1_0_+disjointig_1_0_998763 933689 948686 998763 -1 -1 12026 0.041909
Chain
	Aln	1	+HG003_ont_127_start_398806 1 14998 15000 -edge_1_0_+disjointig_1_0_998763 397927 412924 998763 -1 -1 12154 0.0433337
Chain
	Aln	0	-HG003_ont_127_start_398806 1 14998 15000 +edge_1_0_+disjointig_1_0_998763 585838 600835 998763 -1 -1 12154 0.0433337
Chain
	Aln	1	+HG003_ont_129_start_920752 0 14995 15000 -edge_1_0_+disjointig_1_0_998763 919872 934867 998763 -1 -1 12417 0.0376516
Chain
	Aln	0	-HG003_ont_129_start_920752 4 14999 15000 +edge_1_0_+disjointig_1_0_998763 63895 78890 998763 -1 -1 12417 0.0376516
Chain
	Aln	1	+HG003_ont_130_start_137114 20 14934 15000 -edge_1_0_+disjointig_1_0_998763 136254 151168 998763 -1 -1 12270 0.0392924
Chain
	Aln	0	-HG003_ont_130_start_137114 65 14979 15000 +edge_1_0_+disjointig_1_0_998763 847594 862508 998763 -1 -1 12270 0.0392924
Chain
	Aln	1	+HG003_ont_132_start_978875 0 14998 15000 -edge_1_0_+disjointig_1_0_998763 977995 992993 998763 -1 -1 12142 0.043436
Chain
	Aln	0	-HG003_ont_132_start_978875 1 14999 15000 +edge_1_0_+disjointig_1_0_998763 5769 20767 998763 -1 -1 12142 0.043436
Chain
	Aln	1	+HG003_ont_131_start_596178 1 14980 15000 -edge_1_0_+disjointig_1_0_998763 595299 610278 998763 -1 -1 12132 0.0426598
Chain
	Aln	0	-HG003_ont_131_start_596178 19 14998 15000 +edge_1_0_+disjointig_1_0_998763 388484 403463 998763 -1 -1 12132 0.0426598
Chain
	Aln	1	+HG003_ont_133_start_281809 32 14988 15000 -edge_1_0_+disjointig_1_0_998763 280961 295917 998763 -1 -1 12219 0.0404742
Chain
	Aln	0	-HG003_ont_133_start_281809 11 14967 15000 +edge_1_0_+disjointig_1_0_998763 702845 717801 998763 -1 -1 12219 0.0404742
Chain
	Aln	1	+HG003_ont_134_start_381901 5 14998 15000 -edge_1_0_+disjointig_1_0_998763 381026 396019 998763 -1 -1 12117 0.0427067
Chain
	Aln	0	-HG003_ont_134_start_381901 1 14994 15000 +edge_1_0_+disjointig_1_0_998763 602743 617736 998763 -1 -1 12117 0.0427067
Chain
	Aln	1	+HG003_ont_135_start_950828 0 14998 15000 -edge_1_0_+disjointig_1_0_998763 949948 964946 998763 -1 -1 12361 0.0390486
Chain
	Aln	0	-HG003_ont_135_start_950828 1 14999 15000 +edge_1_0_+disjointig_1_0_998763 33816 48814 998763 -1 -1 12361 0.0390486
Chain
	Aln	1	+HG003_ont_136_start_634424 1 14970 15000 -edge_1_0_+disjointig_1_0_998763 633545 648514 998763 -1 -1 12349 0.0371048
Chain
	Aln	0	-HG003_ont_136_start_634424 29 14998 15000 +edge_1_0_+disjointig_1_0_998763 350248 365217 998763 -1 -1 12349 0.0371048
Chain
	Aln	1	+HG003_ont_137_start_490949 1 14998 15000 -edge_1_0_+disjointig_1_0_998763 490070 505067 998763 -1 -1 12830 0.0358066
Chain
	Aln	0	-HG003_ont_137_start_490949 1 14998 15000 +edge_1_0_+disjointig_1_0_998763 493695 508692 998763 -1 -1 12830 0.0358066
Chain
	Aln	1	+HG003_ont_138_start_617603 28 14979 15000 -edge_1_0_+disjointig_1_0_998763 616751 631702 998763 -1 -1 12000 0.0423231
Chain
	Aln	0	-HG003_ont_138_start_617603 20 14971 15000 +edge_1_0_+disjointig_1_0_998763 367060 382011 998763 -1 -1 12000 0.0423231
Chain
	Aln	1	+HG003_ont_139_start_276919 1 14979 15000 -edge_1_0_+disjointig_1_0_998763 276040 291018 998763 -1 -1 12491 0.0387117
Chain
	Aln	0	-HG003_ont_139_start_276919 20 14998 15000 +edge_1_0_+disjointig_1_0_998763 707744 722722 998763 -1 -1 12491 0.0387117
Chain
	Aln	1	+HG003_ont_140_start_391595 9 14998 15000 -edge_1_0_+disjointig_1_0_998763 390724 405713 998763 -1 -1 12207 0.0404475
Chain
	Aln	0	-HG003_ont_140_start_391595 1 14990 15000 +edge_1_0_+disjointig_1_0_998763 593049 608038 998763 -1 -1 12207 0.0404475
Chain
	Aln	1	+HG003_ont_141_start_238674 17 14998 15000 -edge_1_0_+disjointig_1_0_998763 237811 252792 998763 -1 -1 12455 0.0387538
Chain
	Aln	0	-HG003_ont_141_start_238674 1 14982 15000 +edge_1_0_+disjointig_1_0_998763 745970 760951 998763 -1 -1 12455 0.0387538
Chain
	Aln	1	+HG003_ont_142_start_559038 1 14998 15000 -edge_1_0_+disjointig_1_0_998763 558159 573156 998763 -1 -1 12378 0.0400202
Chain
	Aln	0	-HG003_ont_142_start_559038 1 14998 15000 +edge_1_0_+disjointig_1_0_998763 425606 440603 998763 -1 -1 12378 0.0400202
Chain
	Aln	1	+HG003_ont_143_start_667857 0 14998 15000 -edge_1_0_+disjointig_1_0_998763 666977 681975 998763 -1 -1 12591 0.0399854
Chain
	Aln	0	-HG003_ont_143_start_667857 1 14999 15000 +edge_1_0_+disjointig_1_0_998763 316787 331785 998763 -1 -1 12591 0.0399854
Chain
	Aln	1	+HG003_ont_144_start_490700 1 14989 15000 -edge_1_0_+disjointig_1_0_998763 489821 504809 998763 -1 -1 11954 0.0429716
Chain
	Aln	0	-HG003_ont_144_start_490700 10 14998 15000 +edge_1_0_+disjointig_1_0_998763 493953 508941 998763 -1 -1 11954 0.0429716
Chain
	Aln	1	+HG003_ont_145_start_250698 9 14975 15000 -edge_1_0_+disjointig_1_0_998763 249827 264793 998763 -1 -1 12079 0.0408589
Chain
	Aln	0	-HG003_ont_145_start_250698 24 14990 15000 +edge_1_0_+disjointig_1_0_998763 733969 748935 998763 -1 -1 12079 0.0408589
Chain
	Aln	1	+HG003_ont_146_start_435313 1 14978 15000 -edge_1_0_+disjointig_1_0_998763 434434 449411 998763 -1 -1 12372 0.0388825
Chain
	Aln	0	-HG003_ont_146_start_435313 21 14998 15000 +edge_1_0_+disjointig_1_0_998763 549351 564328 998763 -1 -1 12372 0.0388825
Chain
	Aln	1	+HG003_ont_147_start_960547 16 14987 15000 -edge_1_0_+disjointig_1_0_998763 959683 974654 998763 -1 -1 12314 0.0397943
Chain
	Aln	0	-HG003_ont_147_start_960547 12 14983 15000 +edge_1_0_+disjointig_1_0_998763 24108 39079 998763 -1 -1 12314 0.0397943
Chain
	Aln	1	+HG003_ont_148_start_336586 34 14990 15000 -edge_1_0_+disjointig_1_0_998763 335740 350696 998763 -1 -1 12241 0.0414369
Chain
	Aln	0	-HG003_ont_148_start_336586 9 14965 15000 +edge_1_0_+disjointig_1_0_998763 648066 663022 998763 -1 -1 12241 0.0414369
Chain
	Aln	1	+HG003_ont_149_start_512977 0 14990 15000 -edge_1_0_+disjointig_1_0_998763 512097 527087 998763 -1 -1 12368 0.0393304
Chain
	Aln	0	-HG003_ont_149_start_512977 9 14999 15000 +edge_1_0_+disjointig_1_0_998763 471675 486665 998763 -1 -1 12368 0.0393304
Chain
	Aln	1	+HG003_ont_150_start_515172 24 14958 15000 -edge_1_0_+disjointig_1_0_998763 514316 529250 998763 -1 -1 12244 0.0413264
Chain
	Aln	0	-HG003_ont_150_start_515172 41 14975 15000 +edge_1_0_+disjointig_1_0_998763 469512 484446 998763 -1 -1 12244 0.0413264
Chain
	Aln	1	+HG003_ont_151_start_350985 1 14998 15000 -edge_1_0_+disjointig_1_0_998763 350106 365103 998763 -1 -1 12005 0.0404321
Chain
	Aln	0	-HG003_ont_151_start_350985 1 14998 15000 +edge_1_0_+disjointig_1_0_998763 633659 648656 998763 -1 -1 12005 0.0404321
Chain
	Aln	1	+HG003_ont_152_start_830047 1 14994 15000 -edge_1_0_+disjointig_1_0_998763 829168 844161 998763 -1 -1 12322 0.0413203
Chain
	Aln	0	-HG003_ont_152_start_830047 5 14998 15000 +edge_1_0_+disjointig_1_0_998763 154601 169594 998763 -1 -1 12322 0.0413203
Chain
	Aln	1	+HG003_ont_153_start_756223 29 14995 15000 -edge_1_0_+disjointig_1_0_998763 755372 770338 998763 -1 -1 12430 0.0426574
Chain
	Aln	0	-HG003_ont_153_start_756223 4 14970 15000 +edge_1_0_+disjointig_1_0_998763 228424 243390 998763 -1 -1 12430 0.0426574
Chain
	Aln	1	+HG003_ont_154_start_96217 26 14998 15000 -edge_1_0_+disjointig_1_0_998763 95363 110335 998763 -1 -1 12405 0.0387336
Chain
	Aln	0	-HG003_ont_154_start_96217 1 14973 15000 +edge_1_0_+disjointig_1_0_998763 888427 903399 998763 -1 -1 12405 0.0387336
Chain
	Aln	1	+HG003_ont_155_start_770282 1 14965 15000 -edge_1_0_+disjointig_1_0_998763 769403 784367 998763 -1 -1 12170 0.0420359
Chain
	Aln	0	-HG003_ont_155_start_770282 34 14998 15000 +edge_1_0_+disjointig_1_0_998763 214395 229359 998763 -1 -1 12170 0.0420359
Chain
	Aln	1	+HG003_ont_156_start_902184 18 14998 15000 -edge_1_0_+disjointig_1_0_998763 901322 916302 998763 -1 -1 12447 0.041293
Chain
	Aln	0	-HG003_ont_156_start_902184 1 14981 15000 +edge_1_0_+disjointig_1_0_998763 82460 97440 998763 -1 -1 12447 0.041293
Chain
	Aln	1	+HG003_ont_157_start_471990 0 14988 15000 -edge_1_0_+disjointig_1_0_998763 471110 486098 998763 -1 -1 12136 0.0426627
Chain
	Aln	0	-HG003_ont_157_start_471990 11 14999 15000 +edge_1_0_+disjointig_1_0_998763 512664 527652 998763 -1 -1 12136 0.0426627
Chain
	Aln	1	+HG003_ont_158_start_977219 1 14998 15000 -edge_1_0_+disjointig_1_0_998763 976340 991337 998763 -1 -1 12146 0.0454017
Chain
	Aln	0	-HG003_ont_158_start_977219 1 14998 15000 +edge_1_0_+disjointig_1_0_998763 7425 22422 998763 -1 -1 12146 0.0454017
Chain
	Aln	1	+HG003_ont_159_start_710654 5 14998 15000 -edge_1_0_+disjointig_1_0_998763 709779 724772 998763 -1 -1 12143 0.0440684
Chain
	Aln	0	-HG003_ont_159_start_710654 1 14994 15000 +edge_1_0_+disjointig_1_0_998763 273990 288983 998763 -1 -1 12143 0.0440684
Chain
	Aln	1	+HG003_ont_160_start_662118 30 14982 15000 -edge_1_0_+disjointig_1_0_998763 661268 676220 998763 -1 -1 12716 0.0395807
Chain
	Aln	0	-HG003_ont_160_start_662118 17 14969 15000 +edge_1_0_+disjointig_1_0_998763 322542 337494 998763 -1 -1 12716 0.0395807
Chain
	Aln	1	+HG003_ont_161_start_718636 9 14983 15000 -edge_1_0_+disjointig_1_0_998763 717765 732739 998763 -1 -1 12050 0.0435721
Chain
	Aln	0	-HG003_ont_161_start_718636 16 14990 15000 +edge_1_0_+disjointig_1_0_998763 266023 280997 998763 -1 -1 12050 0.0435721
Chain
	Aln	1	+HG003_ont_162_start_728688 9 14980 15000 -edge_1_0_+disjointig_1_0_998763 727817 742788 998763 -1 -1 12148 0.0422404
Chain
	Aln	0	-HG003_ont_162_start_728688 19 14990 15000 +edge_1_0_+disjointig_1_0_998763 255974 270945 998763 -1 -1 12148 0.0422404
Chain
	Aln	1	+HG003_ont_163_start_368528 1 14985 15000 -edge_1_0_+disjointig_1_0_998763 367649 382633 998763 -1 -1 12223 0.0411821
Chain
	Aln	0	-HG003_ont_163_start_368528 14 14998 15000 +edge_1_0_+disjointig_1_0_998763 616129 631113 998763 -1 -1 12223 0.0411821
Chain
	Aln	1	+HG003_ont_165_start_373250 1 14998 15000 -edge_1_0_+disjointig_1_0_998763 372371 387368 998763 -1 -1 12179 0.041582
Chain
	Aln	0	-HG003_ont_165_start_373250 1 14998 15000 +edge_1_0_+disjointig_1_0_998763 611394 626391 998763 -1 -1 12179 0.041582
Chain
	Aln	1	+HG003_ont_164_start_509173 4 14989 15000 -edge_1_0_+disjointig_1_0_998763 508297 523282 998763 -1 -1 12398 0.0399421
Chain
	Aln	0	-HG003_ont_164_start_509173 10 14995 15000 +edge_1_0_+disjointig_1_0_998763 475480 490465 998763 -1 -1 12398 0.0399421
Chain
	Aln	1	+HG003_ont_166_start_178378 1 14998 15000 -edge_1_0_+disjointig_1_0_998763 177499 192496 998763 -1 -1 12322 0.0421012
Chain
	Aln	0	-HG003_ont_166_start_178378 1 14998 15000 +edge_1_0_+disjointig_1_0_998763 806266 821263 998763 -1 -1 12322 0.0421012
Chain
	Aln	1	+HG003_ont_167_start_781351 31 14972 15000 -edge_1_0_+disjointig_1_0_998763 780502 795443 998763 -1 -1 12182 0.0418491
Chain
	Aln	0	-HG003_ont_167_start_781351 27 14968 15000 +edge_1_0_+disjointig_1_0_998763 203319 218260 998763 -1 -1 12182 0.0418491
Chain
	Aln	1	+HG003_ont_168_start_466888 2 14993 15000 -edge_1_0_+disjointig_1_0_998763 466010 481001 998763 -1 -1 12366 0.0402139
Chain
	Aln	0	-HG003_ont_168_start_466888 6 14997 15000 +edge_1_0_+disjointig_1_0_998763 517761 532752 998763 -1 -1 12366 0.0402139
Chain
	Aln	1	+HG003_ont_169_start_204193 1 14998 15000 -edge_1_0_+disjointig_1_0_998763 203314 218311 998763 -1 -1 12755 0.0369348
Chain
	Aln	0	-HG003_ont_169_start_204193 1 14998 15000 +edge_1_0_+disjointig_1_0_998763 780451 795448 998763 -1 -1 12755 0.0369348
Chain
	Aln	1	+HG003_ont_170_start_812275 1 14997 15000 -edge_1_0_+disjointig_1_0_998763 811396 826392 998763 -1 -1 12570 0.0396457
Chain
	Aln	0	-HG003_ont_170_start_812275 2 14998 15000 +edge_1_0_+disjointig_1_0_998763 172370 187366 998763 -1 -1 12570 0.0396457
Chain
	Aln	1	+HG003_ont_171_start_318670 1 14982 15000 -edge_1_0_+disjointig_1_0_998763 317791 332772 998763 -1 -1 12622 0.0379774
Chain
	Aln	0	-HG003_ont_171_start_318670 17 14998 15000 +edge_1_0_+disjointig_1_0_998763 665990 680971 998763 -1 -1 12622 0.0379774
Chain
	Aln	1	+HG003_ont_172_start_437900 21 14998 15000 -edge_1_0_+disjointig_1_0_998763 437041 452018 998763 -1 -1 12499 0.0418865
Chain
	Aln	0	-HG003_ont_172_start_437900 1 14978 15000 +edge_1_0_+disjointig_1_0_998763 546744 561721 998763 -1 -1 12499 0.0418865
Chain
	Aln	1	+HG003_ont_173_start_348292 6 14998 15000 -edge_1_0_+disjointig_1_0_998763 347418 362410 998763 -1 -1 12451 0.0388274
Chain
	Aln	0	-HG003_ont_173_start_348292 1 14993 15000 +edge_1_0_+disjointig_1_0_998763 636352 651344 998763 -1 -1 12451 0.0388274
Chain
	Aln	1	+HG003_ont_174_start_301865 16 14995 15000 -edge_1_0_+disjointig_1_0_998763 301001 315980 998763 -1 -1 12250 0.0376409
Chain
	Aln	0	-HG003_ont_174_start_301865 4 14983 15000 +edge_1_0_+disjointig_1_0_998763 682782 697761 998763 -1 -1 12250 0.0376409
Chain
	Aln	1	+HG003_ont_175_start_519596 3 14998 15000 -edge_1_0_+disjointig_1_0_998763 518719 533714 998763 -1 -1 11937 0.0433997
Chain
	Aln	0	-HG003_ont_175_start_519596 1 14996 15000 +edge_1_0_+disjointig_1_0_998763 465048 480043 998763 -1 -1 11937 0.0433997
Chain
	Aln	1	+HG003_ont_176_start_225843 5 14998 15000 -edge_1_0_+disjointig_1_0_998763 224968 239961 998763 -1 -1 12191 0.0404632
Chain
	Aln	0	-HG003_ont_176_start_225843 1 14994 15000 +edge_1_0_+disjointig_1_0_998763 758801 773794 998763 -1 -1 12191 0.0404632
Chain
	Aln	1	+HG003_ont_177_start_718517 1 14984 15000 -edge_1_0_+disjointig_1_0_998763 717638 732621 998763 -1 -1 12364 0.0404474
Chain
	Aln	0	-HG003_ont_177_start_718517 15 14998 15000 +edge_1_0_+disjointig_1_0_998763 266141 281124 998763 -1 -1 12364 0.0404474
Chain
	Aln	1	+HG003_ont_178_start_269119 15 14994 15000 -edge_1_0_+disjointig_1_0_998763 268254 283233 998763 -1 -1 12253 0.0424574
Chain
	Aln	0	-HG003_ont_178_start_269119 5 14984 15000 +edge_1_0_+disjointig_1_0_998763 715529 730508 998763 -1 -1 12253 0.0424574
Chain
	Aln	1	+HG003_ont_179_start_443144 28 14998 15000 -edge_1_0_+disjointig_1_0_998763 442292 457262 998763 -1 -1 12585 0.0367847
Chain
	Aln	0	-HG003_ont_179_start_443144 1 14971 15000 +edge_1_0_+disjointig_1_0_998763 541500 556470 998763 -1 -1 12585 0.0367847
Chain
	Aln	1	+HG003_ont_180_start_795772 0 14998 15000 -edge_1_0_+disjointig_1_0_998763 794892 809890 998763 -1 -1 12339 0.0395843
Chain
	Aln	0	-HG003_ont_180_start_795772 1 14999 15000 +edge_1_0_+disjointig_1_0_998763 188872 203870 998763 -1 -1 12339 0.0395843
Chain
	Aln	1	+HG003_ont_181_start_90573 1 14996 15000 -edge_1_0_+disjointig_1_0_998763 89694 104689 998763 -1 -1 12451 0.0383552
Chain
	Aln	0	-HG003_ont_181_start_90573 3 14998 15000 +edge_1_0_+disjointig_1_0_998763 894073 909068 998763 -1 -1 12451 0.0383552
Chain
	Aln	1	+HG003_ont_182_start_54649 21 14992 15000 -edge_1_0_+disjointig_1_0_998763 53790 68761 998763 -1 -1 12326 0.0408235
Chain
	Aln	0	-HG003_ont_182_start_54649 7 14978 15000 +edge_1_0_+disjointig_1_0_998763 930001 944972 998763 -1 -1 12326 0.0408235
Chain
	Aln	1	+HG003_ont_183_start_533721 5 14984 15000 -edge_1_0_+disjointig_1_0_998763 532846 547825 998763 -1 -1 12140 0.0436412
Chain
	Aln	0	-HG003_ont_183_start_533721 15 14994 15000 +edge_1_0_+disjointig_1_0_998763 450937 465916 998763 -1 -1 12140 0.0436412
Chain
	Aln	1	+HG003_ont_184_start_783925 16 14967 15000 -edge_1_0_+disjointig_1_0_998763 783061 798012 998763 -1 -1 12036 0.042033
Chain
	Aln	0	-HG003_ont_184_start_783925 32 14983 15000 +edge_1_0_+disjointig_1_0_998763 200750 215701 998763 -1 -1 12036 0.042033
Chain
	Aln	1	+HG003_ont_185_start_38509 1 14995 15000 -edge_1_0_+disjointig_1_0_998763 37630 52624 998763 -1 -1 12429 0.0407331
Chain
	Aln	0	-HG003_ont_185_start_38509 4 14998 15000 +edge_1_0_+disjointig_1_0_998763 946138 961132 998763 -1 -1 12429 0.0407331
Chain
	Aln	1	+HG003_ont_186_start_293130 16 14981 15000 -edge_1_0_+disjointig_1_0_998763 292266 307231 998763 -1 -1 12346 0.0419114
Chain
	Aln	0	-HG003_ont_186_start_293130 18 14983 15000 +edge_1_0_+disjointig_1_0_998763 691531 706496 998763 -1 -1 12346 0.0419114
Chain
	Aln	1	+HG003_ont_187_start_46388 1 14984 15000 -edge_1_0_+disjointig_1_0_998763 45509 60492 998763 -1 -1 12393 0.0407213
Chain
	Aln	0	-HG003_ont_187_start_46388 15 14998 15000 +edge_1_0_+disjointig_1_0_998763 938270 953253 998763 -1 -1 12393 0.0407213
Chain
	Aln	1	+HG003_ont_189_start_906359 16 14982 15000 -edge_1_0_+disjointig_1_0_998763 905495 920461 998763 -1 -1 12336 0.0409771
Chain
	Aln	0	-HG003_ont_189_start_906359 17 14983 15000 +edge_1_0_+disjointig_1_0_998763 78301 93267 998763 -1 -1 12336 0.0409771
Chain
	Aln	1	+HG003_ont_188_start_539371 0 14964 15000 -edge_1_0_+disjointig_1_0_998763 538491 553455 998763 -1 -1 12299 0.0421565
Chain
	Aln	0	-HG003_ont_188_start_539371 35 14999 15000 +edge_1_0_+disjointig_1_0_998763 445307 460271 998763 -1 -1 12299 0.0421565
Chain
	Aln	1	+HG003_ont_190_start_858781 26 14998 15000 -edge_1_0_+disjointig_1_0_998763 857927 872899 998763 -1 -1 12193 0.0414998
Chain
	Aln	0	-HG003_ont_190_start_858781 1 14973 15000 +edge_1_0_+disjointig_1_0_998763 125863 140835 998763 -1 -1 12193 0.0414998
Chain
	Aln	1	+HG003_ont_191_start_804652 14 14971 15000 -edge_1_0_+disjointig_1_0_998763 803786 818743 998763 -1 -1 12080 0.0417039
Chain
	Aln	0	-HG003_ont_191_start_804652 28 14985 15000 +edge_1_0_+disjointig_1_0_998763 180019 194976 998763 -1 -1 12080 0.0417039
Chain
	Aln	1	+HG003_ont_192_start_268591 13 14981 15000 -edge_1_0_+disjointig_1_0_998763 267724 282692 998763 -1 -1 12249 0.0421883
Chain
	Aln	0	-HG003_ont_192_start_268591 18 14986 15000 +edge_1_0_+disjointig_1_0_998763 716070 731038 998763 -1 -1 12249 0.0421883
Chain
	Aln	1	+HG003_ont_193_start_154409 22 14998 15000 -edge_1_0_+disjointig_1_0_998763 153551 168527 998763 -1 -1 12387 0.039992
Chain
	Aln	0	-HG003_ont_193_start_154409 1 14977 15000 +edge_1_0_+disjointig_1_0_998763 830235 845211 998763 -1 -1 12387 0.039992
Chain
	Aln	1	+HG003_ont_194_start_654102 22 14998 15000 -edge_1_0_+disjointig_1_0_998763 653244 668220 998763 -1 -1 12256 0.0422923
Chain
	Aln	0	-HG003_ont_194_start_654102 1 14977 15000 +edge_1_0_+disjointig_1_0_998763 330542 345518 998763 -1 -1 12256 0.0422923
Chain
	Aln	1	+HG003_ont_195_start_612144 0 14998 15000 -edge_1_0_+disjointig_1_0_998763 611264 626262 998763 -1 -1 12417 0.0405922
Chain
	Aln	0	-HG003_ont_195_start_612144 1 14999 15000 +edge_1_0_+disjointig_1_0_998763 372500 387498 998763 -1 -1 12417 0.0405922
Chain
	Aln	1	+HG003_ont_196_start_879789 2 14998 15000 -edge_1_0_+disjointig_1_0_998763 878911 893907 998763 -1 -1 12642 0.0381262
Chain
	Aln	0	-HG003_ont_196_start_879789 1 14997 15000 +edge_1_0_+disjointig_1_0_998763 104855 119851 998763 -1 -1 12642 0.0381262
Chain
	Aln	1	+HG003_ont_197_start_448889 1 14998 15000 -edge_1_0_+disjointig_1_0_998763 448010 463007 998763 -1 -1 12479 0.0382728
Chain
	Aln	0	-HG003_ont_197_start_448889 1 14998 15000 +edge_1_0_+disjointig_1_0_998763 535755 550752 998763 -1 -1 12479 0.0382728
Chain
	Aln	1	+HG003_ont_198_start_625432 5 14986 15000 -edge_1_0_+disjointig_1_0_998763 624557 639538 998763 -1 -1 12150 0.0391268
Chain
	Aln	0	-HG003_ont_198_start_625432 13 14994 15000 +edge_1_0_+disjointig_1_0_998763 359224 374205 998763 -1 -1 12150 0.0391268
Chain
	Aln	1	+HG003_ont_199_start_713892 17 14998 15000 -edge_1_0_+disjointig_1_0_998763 713029 728010 998763 -1 -1 12343 0.0381499
Chain
	Aln	0	-HG003_ont_199_start_713892 1 14982 15000 +edge_1_0_+disjointig_1_0_998763 270752 285733 998763 -1 -1 12343 0.0381499
Chain
	Aln	1	+HG003_ont_200_start_186866 5 14970 15000 -edge_1_0_+disjointig_1_0_998763 185991 200956 998763 -1 -1 12098 0.0422329
Chain
	Aln	0	-HG003_ont_200_start_186866 29 14994 15000 +edge_1_0_+disjointig_1_0_998763 797806 812771 998763 -1 -1 12098 0.0422329
Chain
	Aln	1	+HG003_ont_201_start_972329 12 14998 15000 -edge_1_0_+disjointig_1_0_998763 971461 986447 998763 -1 -1 12186 0.0425092
Chain
	Aln	0	-HG003_ont_201_start_972329 1 14987 15000 +edge_1_0_+disjointig_1_0_998763 12315 27301 998763 -1 -1 12186 0.0425092
Chain
	Aln	1	+HG003_ont_202_start_811917 12 14998 15000 -edge_1_0_+disjointig_1_0_998763 811049 826035 998763 -1 -1 12196 0.0446667
Chain
	Aln	0	-HG003_ont_202_start_811917 1 14987 15000 +edge_1_0_+disjointig_1_0_998763 172727 187713 998763 -1 -1 12196 0.0446667
Chain
	Aln	1	+HG003_ont_203_start_612762 1 14993 15000 -edge_1_0_+disjointig_1_0_998763 611883 626875 998763 -1 -1 12519 0.038797
Chain
	Aln	0	-HG003_ont_203_start_612762 6 14998 15000 +edge_1_0_+disjointig_1_0_998763 371887 386879 998763 -1 -1 12519 0.038797
Chain
	Aln	1	+HG003_ont_204_start_212158 8 14998 15000 -edge_1_0_+disjointig_1_0_998763 211286 226276 998763 -1 -1 12180 0.0409138
Chain
	Aln	0	-HG003_ont_204_start_212158 1 14991 15000 +edge_1_0_+disjointig_1_0_998763 772486 787476 998763 -1 -1 12180 0.0409138
Chain
	Aln	1	+HG003_ont_205_start_161680 1 14998 15000 -edge_1_0_+disjointig_1_0_998763 160801 175798 998763 -1 -1 12287 0.041997
Chain
	Aln	0	-HG003_ont_205_start_161680 1 14998 15000 +edge_1_0_+disjointig_1_0_998763 822964 837961 998763 -1 -1 12287 0.041997
Chain
	Aln	1	+HG003_ont_206_start_590507 0 14998 15000 -edge_1_0_+disjointig_1_0_998763 589627 604625 998763 -1 -1 12285 0.0411264
Chain
	Aln	0	-HG003_ont_206_start_590507 1 14999 15000 +edge_1_0_+disjointig_1_0_998763 394137 409135 998763 -1 -1 12285 0.0411264
Chain
	Aln	1	+HG003_ont_208_start_110815 11 14998 15000 -edge_1_0_+disjointig_1_0_998763 109946 124933 998763 -1 -1 12460 0.0383766
Chain
	Aln	0	-HG003_ont_208_start_110815 1 14988 15000 +edge_1_0_+disjointig_1_0_998763 873829 888816 998763 -1 -1 12460 0.0383766
Chain
	Aln	1	+HG003_ont_209_start_148898 1 14988 15000 -edge_1_0_+disjointig_1_0_998763 148019 163006 998763 -1 -1 12208 0.0419498
Chain
	Aln	0	-HG003_ont_209_start_148898 11 14998 15000 +edge_1_0_+disjointig_1_0_998763 835756 850743 998763 -1 -1 12208 0.0419498
Chain
	Aln	1	+HG003_ont_207_start_702048 6 14978 15000 -edge_1_0_+disjointig_1_0_998763 701174 716146 998763 -1 -1 12342 0.0374053
Chain
	Aln	0	-HG003_ont_207_start_702048 21 14993 15000 +edge_1_0_+disjointig_1_0_998763 282616 297588 998763 -1 -1 12342 0.0374053
Chain
	Aln	1	+HG003_ont_210_start_819604 6 14998 15000 -edge_1_0_+disjointig_1_0_998763 818730 833722 998763 -1 -1 12543 0.0388577
Chain
	Aln	0	-HG003_ont_210_start_819604 1 14993 15000 +edge_1_0_+disjointig_1_0_998763 165040 180032 998763 -1 -1 12543 0.0388577
Chain
	Aln	1	+HG003_ont_213_start_129973 1 14968 15000 -edge_1_0_+disjointig_1_0_998763 129094 144061 998763 -1 -1 12592 0.0396088
Chain
	Aln	0	-HG003_ont_213_start_129973 31 14998 15000 +edge_1_0_+disjointig_1_0_998763 854701 869668 998763 -1 -1 12592 0.0396088
Chain
	Aln	1	+HG003_ont_211_start_710959 16 14979 15000 -edge_1_0_+disjointig_1_0_998763 710095 725058 998763 -1 -1 12392 0.0404001
Chain
	Aln	0	-HG003_ont_211_start_710959 20 14983 15000 +edge_1_0_+disjointig_1_0_998763 273704 288667 998763 -1 -1 12392 0.0404001
Chain
	Aln	1	+HG003_ont_212_start_803033 0 14998 15000 -edge_1_0_+disjointig_1_0_998763 802153 817151 998763 -1 -1 12133 0.04157
Chain
	Aln	0	-HG003_ont_212_start_803033 1 14999 15000 +edge_1_0_+disjointig_1_0_998763 181611 196609 998763 -1 -1 12133 0.04157
Chain
	Aln	1	+HG003_ont_214_start_356671 24 14998 15000 -edge_1_0_+disjointig_1_0_998763 355815 370789 998763 -1 -1 12111 0.0391528
Chain
	Aln	0	-HG003_ont_214_start_356671 1 14975 15000 +edge_1_0_+disjointig_1_0_998763 627973 642947 998763 -1 -1 12111 0.0391528
Chain
	Aln	1	+HG003_ont_215_start_549969 1 14998 15000 -edge_1_0_+disjointig_1_0_998763 549090 564087 998763 -1 -1 12176 0.0416059
Chain
	Aln	0	-HG003_ont_215_start_549969 1 14998 15000 +edge_1_0_+disjointig_1_0_998763 434675 449672 998763 -1 -1 12176 0.0416059
Chain
	Aln	1	+HG003_ont_216_start_657733 0 14996 15000 -edge_1_0_+disjointig_1_0_998763 656853 671849 998763 -1 -1 12304 0.0419851
Chain
	Aln	0	-HG003_ont_216_start_657733 3 14999 15000 +edge_1_0_+disjointig_1_0_998763 326913 341909 998763 -1 -1 12304 0.0419851
Chain
	Aln	1	+HG003_ont_217_start_826029 5 14998 15000 -edge_1_0_+disjointig_1_0_998763 825154 840147 998763 -1 -1 12189 0.0427716
Chain
	Aln	0	-HG003_ont_217_start_826029 1 14994 15000 +edge_1_0_+disjointig_1_0_998763 158615 173608 998763 -1 -1 12189 0.0427716
Chain
	Aln	1	+HG003_ont_218_start_857152 14 14998 15000 -edge_1_0_+disjointig_1_0_998763 856286 871270 998763 -1 -1 12349 0.0384779
Chain
	Aln	0	-HG003_ont_218_start_857152 1 14985 15000 +edge_1_0_+disjointig_1_0_998763 127492 142476 998763 -1 -1 12349 0.0384779
Chain
	Aln	1	+HG003_ont_219_start_570394 42 14978 15000 -edge_1_0_+disjointig_1_0_998763 569556 584492 998763 -1 -1 12302 0.0424097
Chain
	Aln	0	-HG003_ont_219_start_570394 21 14957 15000 +edge_1_0_+disjointig_1_0_998763 414270 429206 998763 -1 -1 12302 0.0424097
Chain
	Aln	1	+HG003_ont_220_start_47987 1 14998 15000 -edge_1_0_+disjointig_1_0_998763 47108 62105 998763 -1 -1 12355 0.0395804
Chain
	Aln	0	-HG003_ont_220_start_47987 1 14998 15000 +edge_1_0_+disjointig_1_0_998763 936657 951654 998763 -1 -1 12355 0.0395804
Chain
	Aln	1	+HG003_ont_221_start_542120 1 14982 15000 -edge_1_0_+disjointig_1_0_998763 541241 556222 998763 -1 -1 12319 0.0404161
Chain
	Aln	0	-HG003_ont_221_start_542120 17 14998 15000 +edge_1_0_+disjointig_1_0_998763 442540 457521 998763 -1 -1 12319 0.0404161
Chain
	Aln	1	+HG003_ont_222_start_195582 10 14998 15000 -edge_1_0_+disjointig_1_0_998763 194712 209700 998763 -1 -1 12288 0.0419537
Chain
	Aln	0	-HG003_ont_222_start_195582 1 14989 15000 +edge_1_0_+disjointig_1_0_998763 789062 804050 998763 -1 -1 12288 0.0419537
Chain
	Aln	1	+HG003_ont_223_start_289888 1 14998 15000 -edge_1_0_+disjointig_1_0_998763 289009 304006 998763 -1 -1 12510 0.0380402
Chain
	Aln	0	-HG003_ont_223_start_289888 1 14998 15000 +edge_1_0_+disjointig_1_0_998763 694756 709753 998763 -1 -1 12510 0.0380402
Chain
	Aln	1	+HG003_ont_224_start_843409 4 14998 15000 -edge_1_0_+disjointig_1_0_998763 842533 857527 998763 -1 -1 12297 0.0430685
Chain
	Aln	0	-HG003_ont_224_start_843409 1 14995 15000 +edge_1_0_+disjointig_1_0_998763 141235 156229 998763 -1 -1 12297 0.0430685
Chain
	Aln	1	+HG003_ont_225_start_31256 1 14998 15000 -edge_1_0_+disjointig_1_0_998763 30377 45374 998763 -1 -1 12108 0.0416377
Chain
	Aln	0	-HG003_ont_225_start_31256 1 14998 15000 +edge_1_0_+disjointig_1_0_998763 953388 968385 998763 -1 -1 12108 0.0416377
Chain
	Aln	1	+HG003_ont_226_start_187144 1 14998 15000 -edge_1_0_+disjointig_1_0_998763 186265 201262 998763 -1 -1 12437 0.0408077
Chain
	Aln	0	-HG003_ont_226_start_187144 1 14998 15000 +edge_1_0_+disjointig_1_0_998763 797500 812497 998763 -1 -1 12437 0.0408077
Chain
	Aln	1	+HG003_ont_227_start_159718 14 14987 15000 -edge_1_0_+disjointig_1_0_998763 158852 173825 998763 -1 -1 12281 0.0401821
Chain
	Aln	0	-HG003_ont_227_start_159718 12 14985 15000 +edge_1_0_+disjointig_1_0_998763 824937 839910 998763 -1 -1 12281 0.0401821
Chain
	Aln	1	+HG003_ont_229_start_248307 13 14998 15000 -edge_1_0_+disjointig_1_0_998763 247440 262425 998763 -1 -1 12398 0.0400661
Chain
	Aln	0	-HG003_ont_229_start_248307 1 14986 15000 +edge_1_0_+disjointig_1_0_998763 736337 751322 998763 -1 -1 12398 0.0400661
Chain
	Aln	1	+HG003_ont_228_start_329829 1 14979 15000 -edge_1_0_+disjointig_1_0_998763 328950 343928 998763 -1 -1 12259 0.0416348
Chain
	Aln	0	-HG003_ont_228_start_329829 20 14998 15000 +edge_1_0_+disjointig_1_0_998763 654834 669812 998763 -1 -1 12259 0.0416348
Chain
	Aln	1	+HG003_ont_230_start_874073 1 14981 15000 -edge_1_0_+disjointig_1_0_998763 873194 888174 998763 -1 -1 12107 0.0428669
Chain
	Aln	0	-HG003_ont_230_start_874073 18 14998 15000 +edge_1_0_+disjointig_1_0_998763 110588 125568 998763 -1 -1 12107 0.0428669
Chain
	Aln	1	+HG003_ont_231_start_812796 0 14998 15000 -edge_1_0_+disjointig_1_0_998763 811916 826914 998763 -1 -1 12413 0.0398771
Chain
	Aln	0	-HG003_ont_231_start_812796 1 14999 15000 +edge_1_0_+disjointig_1_0_998763 171848 186846 998763 -1 -1 12413 0.0398771
Chain
	Aln	1	+HG003_ont_233_start_622868 1 14998 15000 -edge_1_0_+disjointig_1_0_998763 621989 636986 998763 -1 -1 12100 0.0424715
Chain
	Aln	0	-HG003_ont_233_start_622868 1 14998 15000 +edge_1_0_+disjointig_1_0_998763 361776 376773 998763 -1 -1 12100 0.0424715
Chain
	Aln	1	+HG003_ont_234_start_812737 21 14998 15000 -edge_1_0_+disjointig_1_0_998763 811878 826855 998763 -1 -1 12433 0.0393943
Chain
	Aln	0	-HG003_ont_234_start_812737 1 14978 15000 +edge_1_0_+disjointig_1_0_998763 171907 186884 998763 -1 -1 12433 0.0393943
Chain
	Aln	1	+HG003_ont_232_start_707007 11 14990 15000 -edge_1_0_+disjointig_1_0_998763 706138 721117 998763 -1 -1 12494 0.0399186
Chain
	Aln	0	-HG003_ont_232_start_707007 9 14988 15000 +edge_1_0_+disjointig_1_0_998763 277645 292624 998763 -1 -1 12494 0.0399186
Chain
	Aln	1	+HG003_ont_235_start_345851 22 14998 15000 -edge_1_0_+disjointig_1_0_998763 344993 359969 998763 -1 -1 12349 0.0397908
Chain
	Aln	0	-HG003_ont_235_start_345851 1 14977 15000 +edge_1_0_+disjointig_1_0_998763 638793 653769 998763 -1 -1 12349 0.0397908
Chain
	Aln	1	+HG003_ont_236_start_859444 48 14969 15000 -edge_1_0_+disjointig_1_0_998763 858612 873533 998763 -1 -1 12616 0.0383889
Chain
	Aln	0	-HG003_ont_236_start_859444 30 14951 15000 +edge_1_0_+disjointig_1_0_998763 125229 140150 998763 -1 -1 12616 0.0383889
Chain
	Aln	1	+HG003_ont_237_start_168909 5 14992 15000 -edge_1_0_+disjointig_1_0_998763 168034 183021 998763 -1 -1 12438 0.0391504
Chain
	Aln	0	-HG003_ont_237_start_168909 7 14994 15000 +edge_1_0_+disjointig_1_0_998763 815741 830728 998763 -1 -1 12438 0.0391504
Chain
	Aln	1	+HG003_ont_238_start_247224 1 14991 15000 -edge_1_0_+disjointig_1_0_998763 246345 261335 998763 -1 -1 12287 0.0426139
Chain
	Aln	0	-HG003_ont_238_start_247224 8 14998 15000 +edge_1_0_+disjointig_1_0_998763 737427 752417 998763 -1 -1 12287 0.0426139
Chain
	Aln	1	+HG003_ont_239_start_189773 1 14989 15000 -edge_1_0_+disjointig_1_0_998763 188894 203882 998763 -1 -1 12330 0.0416183
Chain
	Aln	0	-HG003_ont_239_start_189773 10 14998 15000 +edge_1_0_+disjointig_1_0_998763 794880 809868 998763 -1 -1 12330 0.0416183
Chain
	Aln	1	+HG003_ont_240_start_153811 14 14998 15000 -edge_1_0_+disjointig_1_0_998763 152945 167929 998763 -1 -1 12076 0.0404513
Chain
	Aln	0	-HG003_ont_240_start_153811 1 14985 15000 +edge_1_0_+disjointig_1_0_998763 830833 845817 998763 -1 -1 12076 0.0404513
Chain
	Aln	1	+HG003_ont_241_start_421970 1 14998 15000 -edge_1_0_+disjointig_1_0_998763 421091 436088 998763 -1 -1 12510 0.0392507
Chain
	Aln	0	-HG003_ont_241_start_421970 1 14998 15000 +edge_1_0_+disjointig_1_0_998763 562674 577671 998763 -1 -1 12510 0.0392507
Chain
	Aln	1	+HG003_ont_242_start_505091 1 14998 15000 -edge_1_0_+disjointig_1_0_998763 504212 519209 998763 -1 -1 12503 0.0399196
Chain
	Aln	0	-HG003_ont_242_start_505091 1 14998 15000 +edge_1_0_+disjointig_1_0_998763 479553 494550 998763 -1 -1 12503 0.0399196
Chain
	Aln	1	+HG003_ont_243_start_178762 1 14983 15000 -edge_1_0_+disjointig_1_0_998763 177883 192865 998763 -1 -1 12329 0.0430214
Chain
	Aln	0	-HG003_ont_243_start_178762 16 14998 15000 +edge_1_0_+disjointig_1_0_998763 805897 820879 998763 -1 -1 12329 0.0430214
Chain
	Aln	1	+HG003_ont_244_start_685498 16 14986 15000 -edge_1_0_+disjointig_1_0_998763 684634 699604 998763 -1 -1 12462 0.0400072
Chain
	Aln	0	-HG003_ont_244_start_685498 13 14983 15000 +edge_1_0_+disjointig_1_0_998763 299158 314128 998763 -1 -1 12462 0.0400072
Chain
	Aln	1	+HG003_ont_245_start_722981 1 14997 15000 -edge_1_0_+disjointig_1_0_998763 722102 737098 998763 -1 -1 12536 0.0378419
Chain
	Aln	0	-HG003_ont_245_start_722981 2 14998 15000 +edge_1_0_+disjointig_1_0_998763 261664 276660 998763 -1 -1 12536 0.0378419
Chain
	Aln	1	+HG003_ont_246_start_273826 1 14986 15000 -edge_1_0_+disjointig_1_0_998763 272947 287932 998763 -1 -1 12464 0.0387013
Chain
	Aln	0	-HG003_ont_246_start_273826 13 14998 15000 +edge_1_0_+disjointig_1_0_998763 710830 725815 998763 -1 -1 12464 0.0387013
Chain
	Aln	1	+HG003_ont_247_start_861433 0 14982 15000 -edge_1_0_+disjointig_1_0_998763 860553 875535 998763 -1 -1 12368 0.0394216
Chain
	Aln	0	-HG003_ont_247_start_861433 17 14999 15000 +edge_1_0_+disjointig_1_0_998763 123227 138209 998763 -1 -1 12368 0.0394216
Chain
	Aln	1	+HG003_ont_248_start_344813 37 14988 15000 -edge_1_0_+disjointig_1_0_998763 343970 358921 998763 -1 -1 12586 0.0377697
Chain
	Aln	0	-HG003_ont_248_start_344813 11 14962 15000 +edge_1_0_+disjointig_1_0_998763 639841 654792 998763 -1 -1 12586 0.0377697
Chain
	Aln	1	+HG003_ont_249_start_348054 17 14987 15000 -edge_1_0_+disjointig_1_0_998763 347191 362161 998763 -1 -1 12131 0.041476
Chain
	Aln	0	-HG003_ont_249_start_348054 12 14982 15000 +edge_1_0_+disjointig_1_0_998763 636601 651571 998763 -1 -1 12131 0.041476
Chain
	Aln	1	+HG003_ont_250_start_411590 6 14974 15000 -edge_1_0_+disjointig_1_0_998763 410716 425684 998763 -1 -1 12118 0.0405605
Chain
	Aln	0	-HG003_ont_250_start_411590 25 14993 15000 +edge_1_0_+disjointig_1_0_998763 573078 588046 998763 -1 -1 12118 0.0405605
Chain
	Aln	1	+HG003_ont_252_start_215291 10 14998 15000 -edge_1_0_+disjointig_1_0_998763 214421 229409 998763 -1 -1 12493 0.0398379
Chain
	Aln	0	-HG003_ont_252_start_215291 1 14989 15000 +edge_1_0_+disjointig_1_0_998763 769353 784341 998763 -1 -1 12493 0.0398379
Chain
	Aln	1	+HG003_ont_251_start_51583 1 14982 15000 -edge_1_0_+disjointig_1_0_998763 50704 65685 998763 -1 -1 12405 0.0422716
Chain
	Aln	0	-HG003_ont_251_start_51583 17 14998 15000 +edge_1_0_+disjointig_1_0_998763 933077 948058 998763 -1 -1 12405 0.0422716
Chain
	Aln	1	+HG003_ont_253_start_881216 24 14998 15000 -edge_1_0_+disjointig_1_0_998763 880360 895334 998763 -1 -1 12526 0.0385521
Chain
	Aln	0	-HG003_ont_253_start_881216 1 14975 15000 +edge_1_0_+disjointig_1_0_998763 103428 118402 998763 -1 -1 12526 0.0385521
Chain
	Aln	1	+HG003_ont_254_start_10110 35 14986 15000 -edge_1_0_+disjointig_1_0_998763 9265 24216 998763 -1 -1 11958 0.0417603
Chain
	Aln	0	-HG003_ont_254_start_10110 13 14964 15000 +edge_1_0_+disjointig_1_0_998763 974546 989497 998763 -1 -1 11958 0.0417603
Chain
	Aln	1	+HG003_ont_255_start_436104 8 14998 15000 -edge_1_0_+disjointig_1_0_998763 435232 450222 998763 -1 -1 12173 0.0421139
Chain
	Aln	0	-HG003_ont_255_start_436104 1 14991 15000 +edge_1_0_+disjointig_1_0_998763 548540 563530 998763 -1 -1 12173 0.0421139
Chain
	Aln	1	+HG003_ont_256_start_736026 66 14998 15000 -edge_1_0_+disjointig_1_0_998763 735212 750144 998763 -1 -1 12351 0.0413583
Chain
	Aln	0	-HG003_ont_256_start_736026 1 14933 15000 +edge_1_0_+disjointig_1_0_998763 248618 263550 998763 -1 -1 12351 0.0413583
Chain
	Aln	1	+HG003_ont_257_start_976207 29 14998 15000 -edge_1_0_+disjointig_1_0_998763 975356 990325 998763 -1 -1 12562 0.0403456
Chain
	Aln	0	-HG003_ont_257_start_976207 1 14970 15000 +edge_1_0_+disjointig_1_0_998763 8437 23406 998763 -1 -1 12562 0.0403456
Chain
	Aln	1	+HG003_ont_258_start_109409 1 14998 15000 -edge_1_0_+disjointig_1_0_998763 108530 123527 998763 -1 -1 12047 0.0434239
Chain
	Aln	0	-HG003_ont_258_start_109409 1 14998 15000 +edge_1_0_+disjointig_1_0_998763 875235 890232 998763 -1 -1 12047 0.0434239
Chain
	Aln	1	+HG003_ont_259_start_831921 8 14975 15000 -edge_1_0_+disjointig_1_0_998763 831049 846016 998763 -1 -1 12640 0.0368391
Chain
	Aln	0	-HG003_ont_259_start_831921 24 14991 15000 +edge_1_0_+disjointig_1_0_998763 152746 167713 998763 -1 -1 12640 0.0368391
Chain
	Aln	1	+HG003_ont_260_start_826263 0 14998 15000 -edge_1_0_+disjointig_1_0_998763 825383 840381 998763 -1 -1 12241 0.0405922
Chain
	Aln	0	-HG003_ont_260_start_826263 1 14999 15000 +edge_1_0_+disjointig_1_0_998763 158381 173379 998763 -1 -1 12241 0.0405922
Chain
	Aln	1	+HG003_ont_261_start_927721 43 14998 15000 -edge_1_0_+disjointig_1_0_998763 926884 941839 998763 -1 -1 12112 0.0411868
Chain
	Aln	0	-HG003_ont_261_start_927721 1 14956 15000 +edge_1_0_+disjointig_1_0_998763 56923 71878 998763 -1 -1 12112 0.0411868
Chain
	Aln	1	+HG003_ont_262_start_787016 1 14998 15000 -edge_1_0_+disjointig_1_0_998763 786137 801134 998763 -1 -1 12386 0.0410831
Chain
	Aln	0	-HG003_ont_262_start_787016 1 14998 15000 +edge_1_0_+disjointig_1_0_998763 197628 212625 998763 -1 -1 12386 0.0410831
Chain
	Aln	1	+HG003_ont_263_start_441613 1 14992 15000 -edge_1_0_+disjointig_1_0_998763 440734 455725 998763 -1 -1 12266 0.0418855
Chain
	Aln	0	-HG003_ont_263_start_441613 7 14998 15000 +edge_1_0_+disjointig_1_0_998763 543037 558028 998763 -1 -1 12266 0.0418855
Chain
	Aln	1	+HG003_ont_264_start_489479 1 14998 15000 -edge_1_0_+disjointig_1_0_998763 488600 503597 998763 -1 -1 12441 0.0414073
Chain
	Aln	0	-HG003_ont_264_start_489479 1 14998 15000 +edge_1_0_+disjointig_1_0_998763 495165 510162 998763 -1 -1 12441 0.0414073
Chain
	Aln	1	+HG003_ont_265_start_498778 31 14998 15000 -edge_1_0_+disjointig_1_0_998763 497929 512896 998763 -1 -1 12473 0.040408
Chain
	Aln	0	-HG003_ont_265_start_498778 1 14968 15000 +edge_1_0_+disjointig_1_0_998763 485866 500833 998763 -1 -1 12473 0.040408
Chain
	Aln	1	+HG003_ont_266_start_624531 16 14986 15000 -edge_1_0_+disjointig_1_0_998763 623667 638637 998763 -1 -1 12090 0.0411666
Chain
	Aln	0	-HG003_ont_266_start_624531 13 14983 15000 +edge_1_0_+disjointig_1_0_998763 360125 375095 998763 -1 -1 12090 0.0411666
Chain
	Aln	1	+HG003_ont_267_start_458463 0 14998 15000 -edge_1_0_+disjointig_1_0_998763 457583 472581 998763 -1 -1 12194 0.0413399
Chain
	Aln	0	-HG003_ont_267_start_458463 1 14999 15000 +edge_1_0_+disjointig_1_0_998763 526181 541179 998763 -1 -1 12194 0.0413399
Chain
	Aln	1	+HG003_ont_269_start_856997 31 14985 15000 -edge_1_0_+disjointig_1_0_998763 856148 871102 998763 -1 -1 12313 0.0406074
Chain
	Aln	0	-HG003_ont_269_start_856997 14 14968 15000 +edge_1_0_+disjointig_1_0_998763 127660 142614 998763 -1 -1 12313 0.0406074
Chain
	Aln	1	+HG003_ont_268_start_1123 4 14998 15000 -edge_1_0_+disjointig_1_0_998763 248 15241 998763 -1 -1 12245 0.0402957
Chain
	Aln	0	-HG003_ont_268_start_1123 1 14995 15000 +edge_1_0_+disjointig_1_0_998763 983521 998514 998763 -1 -1 12245 0.0402957
Chain
	Aln	1	+HG003_ont_271_start_515593 16 14983 15000 -edge_1_0_+disjointig_1_0_998763 514729 529696 998763 -1 -1 12691 0.0387292
Chain
	Aln	0	-HG003_ont_271_start_515593 16 14983 15000 +edge_1_0_+disjointig_1_0_998763 469066 484033 998763 -1 -1 12691 0.0387292
Chain
	Aln	1	+HG003_ont_270_start_695319 34 14985 15000 -edge_1_0_+disjointig_1_0_998763 694473 709424 998763 -1 -1 12147 0.042818
Chain
	Aln	0	-HG003_ont_270_start_695319 14 14965 15000 +edge_1_0_+disjointig_1_0_998763 289338 304289 998763 -1 -1 12147 0.042818
Chain
	Aln	1	+HG003_ont_272_start_100941 0 14998 15000 -edge_1_0_+disjointig_1_0_998763 100061 115059 998763 -1 -1 12293 0.0406861
Chain
	Aln	0	-HG003_ont_272_start_100941 1 14999 15000 +edge_1_0_+disjointig_1_0_998763 883703 898701 998763 -1 -1 12293 0.0406861
Chain
	Aln	1	+HG003_ont_274_start_922849 11 14989 15000 -edge_1_0_+disjointig_1_0_998763 921980 936958 998763 -1 -1 12151 0.0392297
Chain
	Aln	0	-HG003_ont_274_start_922849 10 14988 15000 +edge_1_0_+disjointig_1_0_998763 61804 76782 998763 -1 -1 12151 0.0392297
Chain
	Aln	1	+HG003_ont_276_start_409812 1 14998 15000 -edge_1_0_+disjointig_1_0_998763 408933 423930 998763 -1 -1 12035 0.0426089
Chain
	Aln	0	-HG003_ont_276_start_409812 1 14998 15000 +edge_1_0_+disjointig_1_0_998763 574832 589829 998763 -1 -1 12035 0.0426089
Chain
	Aln	1	+HG003_ont_273_start_32086 1 14998 15000 -edge_1_0_+disjointig_1_0_998763 31207 46204 998763 -1 -1 12607 0.0393655
Chain
	Aln	0	-HG003_ont_273_start_32086 1 14998 15000 +edge_1_0_+disjointig_1_0_998763 952558 967555 998763 -1 -1 12607 0.0393655
Chain
	Aln	1	+HG003_ont_275_start_213294 0 14998 15000 -edge_1_0_+disjointig_1_0_998763 212414 227412 998763 -1 -1 12326 0.0403036
Chain
	Aln	0	-HG003_ont_275_start_213294 1 14999 15000 +edge_1_0_+disjointig_1_0_998763 771350 786348 998763 -1 -1 12326 0.0403036
Chain
	Aln	1	+HG003_ont_277_start_882318 3 14998 15000 -edge_1_0_+disjointig_1_0_998763 881441 896436 998763 -1 -1 12544 0.0374214
Chain
	Aln	0	-HG003_ont_277_start_882318 1 14996 15000 +edge_1_0_+disjointig_1_0_998763 102326 117321 998763 -1 -1 12544 0.0374214
Chain
	Aln	1	+HG003_ont_278_start_563812 20 14943 15000 -edge_1_0_+disjointig_1_0_998763 562952 577875 998763 -1 -1 12098 0.0414264
Chain
	Aln	0	-HG003_ont_278_start_563812 56 14979 15000 +edge_1_0_+disjointig_1_0_998763 420887 435810 998763 -1 -1 12098 0.0414264
Chain
	Aln	1	+HG003_ont_279_start_960939 8 14987 15000 -edge_1_0_+disjointig_1_0_998763 960067 975046 998763 -1 -1 12101 0.0423928
Chain
	Aln	0	-HG003_ont_279_start_960939 12 14991 15000 +edge_1_0_+disjointig_1_0_998763 23716 38695 998763 -1 -1 12101 0.0423928
Chain
	Aln	1	+HG003_ont_280_start_51155 51 14984 15000 -edge_1_0_+disjointig_1_0_998763 50326 65259 998763 -1 -1 12203 0.0424222
Chain
	Aln	0	-HG003_ont_280_start_51155 15 14948 15000 +edge_1_0_+disjointig_1_0_998763 933503 948436 998763 -1 -1 12203 0.0424222
Chain
	Aln	1	+HG003_ont_281_start_928716 0 14987 15000 -edge_1_0_+disjointig_1_0_998763 927836 942823 998763 -1 -1 12092 0.0424969
Chain
	Aln	0	-HG003_ont_281_start_928716 12 14999 15000 +edge_1_0_+disjointig_1_0_998763 55939 70926 998763 -1 -1 12092 0.0424969
Chain
	Aln	1	+HG003_ont_282_start_940122 20 14998 15000 -edge_1_0_+disjointig_1_0_998763 939262 954240 998763 -1 -1 12337 0.0421632
Chain
	Aln	0	-HG003_ont_282_start_940122 1 14979 15000 +edge_1_0_+disjointig_1_0_998763 44522 59500 998763 -1 -1 12337 0.0421632
Chain
	Aln	1	+HG003_ont_283_start_509709 1 14998 15000 -edge_1_0_+disjointig_1_0_998763 508830 523827 998763 -1 -1 12467 0.0409491
Chain
	Aln	0	-HG003_ont_283_start_509709 1 14998 15000 +edge_1_0_+disjointig_1_0_998763 474935 489932 998763 -1 -1 12467 0.0409491
Chain
	Aln	1	+HG003_ont_284_start_543114 18 14998 15000 -edge_1_0_+disjointig_1_0_998763 542252 557232 998763 -1 -1 12257 0.0398993
Chain
	Aln	0	-HG003_ont_284_start_543114 1 14981 15000 +edge_1_0_+disjointig_1_0_998763 441530 456510 998763 -1 -1 12257 0.0398993
Chain
	Aln	1	+HG003_ont_285_start_7647 7 14990 15000 -edge_1_0_+disjointig_1_0_998763 6774 21757 998763 -1 -1 12547 0.0390355
Chain
	Aln	0	-HG003_ont_285_start_7647 9 14992 15000 +edge_1_0_+disjointig_1_0_998763 977005 991988 998763 -1 -1 12547 0.0390355
Chain
	Aln	1	+HG003_ont_286_start_719599 16 14972 15000 -edge_1_0_+disjointig_1_0_998763 718735 733691 998763 -1 -1 12220 0.0408432
Chain
	Aln	0	-HG003_ont_286_start_719599 27 14983 15000 +edge_1_0_+disjointig_1_0_998763 265071 280027 998763 -1 -1 12220 0.0408432
Chain
	Aln	1	+HG003_ont_287_start_145202 0 14994 15000 -edge_1_0_+disjointig_1_0_998763 144322 159316 998763 -1 -1 12296 0.0420414
Chain
	Aln	0	-HG003_ont_287_start_145202 5 14999 15000 +edge_1_0_+disjointig_1_0_998763 839446 854440 998763 -1 -1 12296 0.0420414
Chain
	Aln	1	+HG003_ont_288_start_733192 1 14998 15000 -edge_1_0_+disjointig_1_0_998763 732313 747310 998763 -1 -1 12070 0.0437613
Chain
	Aln	0	-HG003_ont_288_start_733192 1 14998 15000 +edge_1_0_+disjointig_1_0_998763 251452 266449 998763 -1 -1 12070 0.0437613
Chain
	Aln	1	+HG003_ont_290_start_809565 9 14979 15000 -edge_1_0_+disjointig_1_0_998763 808694 823664 998763 -1 -1 12201 0.0416831
Chain
	Aln	0	-HG003_ont_290_start_809565 20 14990 15000 +edge_1_0_+disjointig_1_0_998763 175098 190068 998763 -1 -1 12201 0.0416831
Chain
	Aln	1	+HG003_ont_291_start_156571 0 14998 15000 -edge_1_0_+disjointig_1_0_998763 155691 170689 998763 -1 -1 12230 0.0401792
Chain
	Aln	0	-HG003_ont_291_start_156571 1 14999 15000 +edge_1_0_+disjointig_1_0_998763 828073 843071 998763 -1 -1 12230 0.0401792
Chain
	Aln	1	+HG003_ont_289_start_235567 11 14985 15000 -edge_1_0_+disjointig_1_0_998763 234698 249672 998763 -1 -1 12377 0.0383481
Chain
	Aln	0	-HG003_ont_289_start_235567 14 14988 15000 +edge_1_0_+disjointig_1_0_998763 749090 764064 998763 -1 -1 12377 0.0383481
Chain
	Aln	1	+HG003_ont_292_start_823782 10 14988 15000 -edge_1_0_+disjointig_1_0_998763 822912 837890 998763 -1 -1 12320 0.0414041
Chain
	Aln	0	-HG003_ont_292_start_823782 11 14989 15000 +edge_1_0_+disjointig_1_0_998763 160872 175850 998763 -1 -1 12320 0.0414041
Chain
	Aln	1	+HG003_ont_293_start_852191 22 14998 15000 -edge_1_0_+disjointig_1_0_998763 851333 866309 998763 -1 -1 12343 0.0394672
Chain
	Aln	0	-HG003_ont_293_start_852191 1 14977 15000 +edge_1_0_+disjointig_1_0_998763 132453 147429 998763 -1 -1 12343 0.0394672
Chain
	Aln	1	+HG003_ont_294_start_748698 8 14998 15000 -edge_1_0_+disjointig_1_0_998763 747826 762816 998763 -1 -1 12605 0.0385015
Chain
	Aln	0	-HG003_ont_294_start_748698 1 14991 15000 +edge_1_0_+disjointig_1_0_998763 235946 250936 998763 -1 -1 12605 0.0385015
Chain
	Aln	1	+HG003_ont_295_start_189345 30 14998 15000 -edge_1_0_+disjointig_1_0_998763 188495 203463 998763 -1 -1 12711 0.0395588
Chain
	Aln	0	-HG003_ont_295_start_189345 1 14969 15000 +edge_1_0_+disjointig_1_0_998763 795299 810267 998763 -1 -1 12711 0.0395588
Chain
	Aln	1	+HG003_ont_296_start_382665 23 14998 15000 -edge_1_0_+disjointig_1_0_998763 381808 396783 998763 -1 -1 12365 0.0399106
Chain
	Aln	0	-HG003_ont_296_start_382665 1 14976 15000 +edge_1_0_+disjointig_1_0_998763 601979 616954 998763 -1 -1 12365 0.0399106
Chain
	Aln	1	+HG003_ont_297_start_815479 21 14998 15000 -edge_1_0_+disjointig_1_0_998763 814620 829597 998763 -1 -1 11893 0.0432962
Chain
	Aln	0	-HG003_ont_297_start_815479 1 14978 15000 +edge_1_0_+disjointig_1_0_998763 169165 184142 998763 -1 -1 11893 0.0432962
Chain
	Aln	1	+HG003_ont_299_start_145719 0 14989 15000 -edge_1_0_+disjointig_1_0_998763 144839 159828 998763 -1 -1 12491 0.0389981
Chain
	Aln	0	-HG003_ont_299_start_145719 10 14999 15000 +edge_1_0_+disjointig_1_0_998763 838934 853923 998763 -1 -1 12491 0.0389981
Chain
	Aln	1	+HG003_ont_298_start_52076 1 14981 15000 -edge_1_0_+disjointig_1_0_998763 51197 66177 998763 -1 -1 12531 0.0411347
Chain
	Aln	0	-HG003_ont_298_start_52076 18 14998 15000 +edge_1_0_+disjointig_1_0_998763 932585 947565 998763 -1 -1 12531 0.0411347
Chain
	Aln	1	+HG003_ont_300_start_631182 1 14995 15000 -edge_1_0_+disjointig_1_0_998763 630303 645297 998763 -1 -1 12083 0.0423387
Chain
	Aln	0	-HG003_ont_300_start_631182 4 14998 15000 +edge_1_0_+disjointig_1_0_998763 353465 368459 998763 -1 -1 12083 0.0423387
Chain
	Aln	1	+HG003_ont_303_start_708843 9 14998 15000 -edge_1_0_+disjointig_1_0_998763 707972 722961 998763 -1 -1 12026 0.0397415
Chain
	Aln	0	-HG003_ont_303_start_708843 1 14990 15000 +edge_1_0_+disjointig_1_0_998763 275801 290790 998763 -1 -1 12026 0.0397415
Chain
	Aln	1	+HG003_ont_301_start_387379 15 14992 15000 -edge_1_0_+disjointig_1_0_998763 386514 401491 998763 -1 -1 12625 0.0371067
Chain
	Aln	0	-HG003_ont_301_start_387379 7 14984 15000 +edge_1_0_+disjointig_1_0_998763 597271 612248 998763 -1 -1 12625 0.0371067
Chain
	Aln	1	+HG003_ont_302_start_445825 1 14998 15000 -edge_1_0_+disjointig_1_0_998763 444946 459943 998763 -1 -1 12440 0.0402841
Chain
	Aln	0	-HG003_ont_302_start_445825 1 14998 15000 +edge_1_0_+disjointig_1_0_998763 538819 553816 998763 -1 -1 12440 0.0402841
Chain
	Aln	1	+HG003_ont_304_start_931916 0 14959 15000 -edge_1_0_+disjointig_1_0_998763 931036 945995 998763 -1 -1 12757 0.0365362
Chain
	Aln	0	-HG003_ont_304_start_931916 40 14999 15000 +edge_1_0_+disjointig_1_0_998763 52767 67726 998763 -1 -1 12757 0.0365362
Chain
	Aln	1	+HG003_ont_306_start_931854 2 14998 15000 -edge_1_0_+disjointig_1_0_998763 930976 945972 998763 -1 -1 12323 0.039823
Chain
	Aln	0	-HG003_ont_306_start_931854 1 14997 15000 +edge_1_0_+disjointig_1_0_998763 52790 67786 998763 -1 -1 12323 0.039823
Chain
	Aln	1	+HG003_ont_305_start_650114 1 14998 15000 -edge_1_0_+disjointig_1_0_998763 649235 664232 998763 -1 -1 12279 0.0396727
Chain
	Aln	0	-HG003_ont_305_start_650114 1 14998 15000 +edge_1_0_+disjointig_1_0_998763 334530 349527 998763 -1 -1 12279 0.0396727
Chain
	Aln	1	+HG003_ont_308_start_276776 0 14998 15000 -edge_1_0_+disjointig_1_0_998763 275896 290894 998763 -1 -1 12061 0.0418889
Chain
	Aln	0	-HG003_ont_308_start_276776 1 14999 15000 +edge_1_0_+disjointig_1_0_998763 707868 722866 998763 -1 -1 12061 0.0418889
Chain
	Aln	1	+HG003_ont_307_start_676878 49 14998 15000 -edge_1_0_+disjointig_1_0_998763 676047 690996 998763 -1 -1 12139 0.0418405
Chain
	Aln	0	-HG003_ont_307_start_676878 1 14950 15000 +edge_1_0_+disjointig_1_0_998763 307766 322715 998763 -1 -1 12139 0.0418405
Chain
	Aln	1	+HG003_ont_310_start_531729 26 14998 15000 -edge_1_0_+disjointig_1_0_998763 530875 545847 998763 -1 -1 12151 0.0405684
Chain
	Aln	0	-HG003_ont_310_start_531729 1 14973 15000 +edge_1_0_+disjointig_1_0_998763 452915 467887 998763 -1 -1 12151 0.0405684
Chain
	Aln	1	+HG003_ont_309_start_796628 8 14994 15000 -edge_1_0_+disjointig_1_0_998763 795756 810742 998763 -1 -1 12583 0.0367448
Chain
	Aln	0	-HG003_ont_309_start_796628 5 14991 15000 +edge_1_0_+disjointig_1_0_998763 188020 203006 998763 -1 -1 12583 0.0367448
Chain
	Aln	1	+HG003_ont_312_start_37211 26 14998 15000 -edge_1_0_+disjointig_1_0_998763 36357 51329 998763 -1 -1 12411 0.0407881
Chain
	Aln	0	-HG003_ont_312_start_37211 1 14973 15000 +edge_1_0_+disjointig_1_0_998763 947433 962405 998763 -1 -1 12411 0.0407881
Chain
	Aln	1	+HG003_ont_311_start_111719 54 14988 15000 -edge_1_0_+disjointig_1_0_998763 110893 125827 998763 -1 -1 12634 0.0360512
Chain
	Aln	0	-HG003_ont_311_start_111719 11 14945 15000 +edge_1_0_+disjointig_1_0_998763 872935 887869 998763 -1 -1 12634 0.0360512
Chain
	Aln	1	+HG003_ont_313_start_160099 1 14998 15000 -edge_1_0_+disjointig_1_0_998763 159220 174217 998763 -1 -1 12239 0.0392431
Chain
	Aln	0	-HG003_ont_313_start_160099 1 14998 15000 +edge_1_0_+disjointig_1_0_998763 824545 839542 998763 -1 -1 12239 0.0392431
Chain
	Aln	1	+HG003_ont_314_start_304053 1 14998 15000 -edge_1_0_+disjointig_1_0_998763 303174 318171 998763 -1 -1 12554 0.0396496
Chain
	Aln	0	-HG003_ont_314_start_304053 1 14998 15000 +edge_1_0_+disjointig_1_0_998763 680591 695588 998763 -1 -1 12554 0.0396496
Chain
	Aln	1	+HG003_ont_317_start_373477 5 14972 15000 -edge_1_0_+disjointig_1_0_998763 372602 387569 998763 -1 -1 12075 0.0417832
Chain
	Aln	0	-HG003_ont_317_start_373477 27 14994 15000 +edge_1_0_+disjointig_1_0_998763 611193 626160 998763 -1 -1 12075 0.0417832
Chain
	Aln	1	+HG003_ont_318_start_943792 1 14998 15000 -edge_1_0_+disjointig_1_0_998763 942913 957910 998763 -1 -1 12295 0.0389381
Chain
	Aln	0	-HG003_ont_318_start_943792 1 14998 15000 +edge_1_0_+disjointig_1_0_998763 40852 55849 998763 -1 -1 12295 0.0389381
Chain
	Aln	1	+HG003_ont_316_start_886891 0 14998 15000 -edge_1_0_+disjointig_1_0_998763 886011 901009 998763 -1 -1 12212 0.0419609
Chain
	Aln	0	-HG003_ont_316_start_886891 1 14999 15000 +edge_1_0_+disjointig_1_0_998763 97753 112751 998763 -1 -1 12212 0.0419609
Chain
	Aln	1	+HG003_ont_315_start_877010 1 14983 15000 -edge_1_0_+disjointig_1_0_998763 876131 891113 998763 -1 -1 12133 0.0398762
Chain
	Aln	0	-HG003_ont_315_start_877010 16 14998 15000 +edge_1_0_+disjointig_1_0_998763 107649 122631 998763 -1 -1 12133 0.0398762
Chain
	Aln	1	+HG003_ont_319_start_595099 1 14993 15000 -edge_1_0_+disjointig_1_0_998763 594220 609212 998763 -1 -1 12216 0.0435933
Chain
	Aln	0	-HG003_ont_319_start_595099 6 14998 15000 +edge_1_0_+disjointig_1_0_998763 389550 404542 998763 -1 -1 12216 0.0435933
Chain
	Aln	1	+HG003_ont_320_start_46582 1 14997 15000 -edge_1_0_+disjointig_1_0_998763 45703 60699 998763 -1 -1 12223 0.04225
Chain
	Aln	0	-HG003_ont_320_start_46582 2 14998 15000 +edge_1_0_+disjointig_1_0_998763 938063 953059 998763 -1 -1 12223 0.04225
Chain
	Aln	1	+HG003_ont_322_start_381938 5 14992 15000 -edge_1_0_+disjointig_1_0_998763 381063 396050 998763 -1 -1 12061 0.042748
Chain
	Aln	0	-HG003_ont_322_start_381938 7 14994 15000 +edge_1_0_+disjointig_1_0_998763 602712 617699 998763 -1 -1 12061 0.042748
Chain
	Aln	1	+HG003_ont_321_start_97499 1 14974 15000 -edge_1_0_+disjointig_1_0_998763 96620 111593 998763 -1 -1 12451 0.0388744
Chain
	Aln	0	-HG003_ont_321_start_97499 25 14998 15000 +edge_1_0_+disjointig_1_0_998763 887169 902142 998763 -1 -1 12451 0.0388744
Chain
	Aln	1	+HG003_ont_323_start_591163 0 14998 15000 -edge_1_0_+disjointig_1_0_998763 590283 605281 998763 -1 -1 12328 0.0397922
Chain
	Aln	0	-HG003_ont_323_start_591163 1 14999 15000 +edge_1_0_+disjointig_1_0_998763 393481 408479 998763 -1 -1 12328 0.0397922
Chain
	Aln	1	+HG003_ont_324_start_418590 1 14995 15000 -edge_1_0_+disjointig_1_0_998763 417711 432705 998763 -1 -1 11863 0.0429544
Chain
	Aln	0	-HG003_ont_324_start_418590 4 14998 15000 +edge_1_0_+disjointig_1_0_998763 566057 581051 998763 -1 -1 11863 0.0429544
Chain
	Aln	1	+HG003_ont_326_start_668785 0 14946 15000 -edge_1_0_+disjointig_1_0_998763 667905 682851 998763 -1 -1 12433 0.0382984
Chain
	Aln	0	-HG003_ont_326_start_668785 53 14999 15000 +edge_1_0_+disjointig_1_0_998763 315911 330857 998763 -1 -1 12433 0.0382984
Chain
	Aln	1	+HG003_ont_328_start_753303 4 14986 15000 -edge_1_0_+disjointig_1_0_998763 752427 767409 998763 -1 -1 12062 0.0415629
Chain
	Aln	0	-HG003_ont_328_start_753303 13 14995 15000 +edge_1_0_+disjointig_1_0_998763 231353 246335 998763 -1 -1 12062 0.0415629
Chain
	Aln	1	+HG003_ont_325_start_478004 1 14998 15000 -edge_1_0_+disjointig_1_0_998763 477125 492122 998763 -1 -1 12432 0.0405961
Chain
	Aln	0	-HG003_ont_325_start_478004 1 14998 15000 +edge_1_0_+disjointig_1_0_998763 506640 521637 998763 -1 -1 12432 0.0405961
Chain
	Aln	1	+HG003_ont_327_start_84496 20 14998 15000 -edge_1_0_+disjointig_1_0_998763 83636 98614 998763 -1 -1 12330 0.0388408
Chain
	Aln	0	-HG003_ont_327_start_84496 1 14979 15000 +edge_1_0_+disjointig_1_0_998763 900148 915126 998763 -1 -1 12330 0.0388408
Chain
	Aln	1	+HG003_ont_329_start_510380 0 14998 15000 -edge_1_0_+disjointig_1_0_998763 509500 524498 998763 -1 -1 12415 0.0387598
Chain
	Aln	0	-HG003_ont_329_start_510380 1 14999 15000 +edge_1_0_+disjointig_1_0_998763 474264 489262 998763 -1 -1 12415 0.0387598
Chain
	Aln	1	+HG003_ont_330_start_928222 9 14998 15000 -edge_1_0_+disjointig_1_0_998763 927351 942340 998763 -1 -1 11729 0.0449728
Chain
	Aln	0	-HG003_ont_330_start_928222 1 14990 15000 +edge_1_0_+disjointig_1_0_998763 56422 71411 998763 -1 -1 11729 0.0449728
Chain
	Aln	1	+HG003_ont_331_start_711931 8 14989 15000 -edge_1_0_+disjointig_1_0_998763 711059 726040 998763 -1 -1 12084 0.0429278
Chain
	Aln	0	-HG003_ont_331_start_711931 10 14991 15000 +edge_1_0_+disjointig_1_0_998763 272722 287703 998763 -1 -1 12084 0.0429278
Chain
	Aln	1	+HG003_ont_332_start_726748 0 14979 15000 -edge_1_0_+disjointig_1_0_998763 725868 740847 998763 -1 -1 12417 0.0400193
Chain
	Aln	0	-HG003_ont_332_start_726748 20 14999 15000 +edge_1_0_+disjointig_1_0_998763 257915 272894 998763 -1 -1 12417 0.0400193
Chain
	Aln	1	+HG003_ont_333_start_847004 19 14998 15000 -edge_1_0_+disjointig_1_0_998763 846143 861122 998763 -1 -1 12319 0.04091
Chain
	Aln	0	-HG003_ont_333_start_847004 1 14980 15000 +edge_1_0_+disjointig_1_0_998763 137640 152619 998763 -1 -1 12319 0.04091
Chain
	Aln	1	+HG003_ont_334_start_728796 0 14998 15000 -edge_1_0_+disjointig_1_0_998763 727916 742914 998763 -1 -1 11677 0.0438396
Chain
	Aln	0	-HG003_ont_334_start_728796 1 14999 15000 +edge_1_0_+disjointig_1_0_998763 255848 270846 998763 -1 -1 11677 0.0438396
Chain
	Aln	1	+HG003_ont_335_start_250337 2 14973 15000 -edge_1_0_+disjointig_1_0_998763 249459 264430 998763 -1 -1 12044 0.042176
Chain
	Aln	0	-HG003_ont_335_start_250337 26 14997 15000 +edge_1_0_+disjointig_1_0_998763 734332 749303 998763 -1 -1 12044 0.042176
Chain
	Aln	1	+HG003_ont_336_start_860618 19 14998 15000 -edge_1_0_+disjointig_1_0_998763 859757 874736 998763 -1 -1 12252 0.0419504
Chain
	Aln	0	-HG003_ont_336_start_860618 1 14980 15000 +edge_1_0_+disjointig_1_0_998763 124026 139005 998763 -1 -1 12252 0.0419504
Chain
	Aln	1	+HG003_ont_337_start_682125 13 14972 15000 -edge_1_0_+disjointig_1_0_998763 681258 696217 998763 -1 -1 12394 0.0398709
Chain
	Aln	0	-HG003_ont_337_start_682125 27 14986 15000 +edge_1_0_+disjointig_1_0_998763 302545 317504 998763 -1 -1 12394 0.0398709
Chain
	Aln	1	+HG003_ont_340_start_924838 12 14987 15000 -edge_1_0_+disjointig_1_0_998763 923970 938945 998763 -1 -1 12104 0.0436585
Chain
	Aln	0	-HG003_ont_340_start_924838 12 14987 15000 +edge_1_0_+disjointig_1_0_998763 59817 74792 998763 -1 -1 12104 0.0436585
Chain
	Aln	1	+HG003_ont_339_start_87212 1 14976 15000 -edge_1_0_+disjointig_1_0_998763 86333 101308 998763 -1 -1 12228 0.0426441
Chain
	Aln	0	-HG003_ont_339_start_87212 23 14998 15000 +edge_1_0_+disjointig_1_0_998763 897454 912429 998763 -1 -1 12228 0.0426441
Chain
	Aln	1	+HG003_ont_338_start_589016 44 14998 15000 -edge_1_0_+disjointig_1_0_998763 588180 603134 998763 -1 -1 12345 0.040482
Chain
	Aln	0	-HG003_ont_338_start_589016 1 14955 15000 +edge_1_0_+disjointig_1_0_998763 395628 410582 998763 -1 -1 12345 0.040482
Chain
	Aln	1	+HG003_ont_341_start_166097 1 14998 15000 -edge_1_0_+disjointig_1_0_998763 165218 180215 998763 -1 -1 11969 0.0423666
Chain
	Aln	0	-HG003_ont_341_start_166097 1 14998 15000 +edge_1_0_+disjointig_1_0_998763 818547 833544 998763 -1 -1 11969 0.0423666
Chain
	Aln	1	+HG003_ont_343_start_120599 0 14990 15000 -edge_1_0_+disjointig_1_0_998763 119719 134709 998763 -1 -1 12139 0.0425168
Chain
	Aln	0	-HG003_ont_343_start_120599 9 14999 15000 +edge_1_0_+disjointig_1_0_998763 864053 879043 998763 -1 -1 12139 0.0425168
Chain
	Aln	1	+HG003_ont_344_start_118231 22 14998 15000 -edge_1_0_+disjointig_1_0_998763 117373 132349 998763 -1 -1 12341 0.0405998
Chain
	Aln	0	-HG003_ont_344_start_118231 1 14977 15000 +edge_1_0_+disjointig_1_0_998763 866413 881389 998763 -1 -1 12341 0.0405998
Chain
	Aln	1	+HG003_ont_342_start_137405 1 14998 15000 -edge_1_0_+disjointig_1_0_998763 136526 151523 998763 -1 -1 11848 0.0460331
Chain
	Aln	0	-HG003_ont_342_start_137405 1 14998 15000 +edge_1_0_+disjointig_1_0_998763 847239 862236 998763 -1 -1 11848 0.0460331
Chain
	Aln	1	+HG003_ont_345_start_628547 1 14949 15000 -edge_1_0_+disjointig_1_0_998763 627668 642616 998763 -1 -1 12398 0.0391807
Chain
	Aln	0	-HG003_ont_345_start_628547 50 14998 15000 +edge_1_0_+disjointig_1_0_998763 356146 371094 998763 -1 -1 12398 0.0391807
Chain
	Aln	1	+HG003_ont_346_start_308158 1 14998 15000 -edge_1_0_+disjointig_1_0_998763 307279 322276 998763 -1 -1 12375 0.0414231
Chain
	Aln	0	-HG003_ont_346_start_308158 1 14998 15000 +edge_1_0_+disjointig_1_0_998763 676486 691483 998763 -1 -1 12375 0.0414231
Chain
	Aln	1	+HG003_ont_347_start_838015 0 14997 15000 -edge_1_0_+disjointig_1_0_998763 837135 852132 998763 -1 -1 12130 0.0424877
Chain
	Aln	0	-HG003_ont_347_start_838015 2 14999 15000 +edge_1_0_+disjointig_1_0_998763 146630 161627 998763 -1 -1 12130 0.0424877
Chain
	Aln	1	+HG003_ont_348_start_145475 1 14998 15000 -edge_1_0_+disjointig_1_0_998763 144596 159593 998763 -1 -1 12310 0.0409255
Chain
	Aln	0	-HG003_ont_348_start_145475 1 14998 15000 +edge_1_0_+disjointig_1_0_998763 839169 854166 998763 -1 -1 12310 0.0409255
Chain
	Aln	1	+HG003_ont_349_start_392601 48 14994 15000 -edge_1_0_+disjointig_1_0_998763 391769 406715 998763 -1 -1 12125 0.0415568
Chain
	Aln	0	-HG003_ont_349_start_392601 5 14951 15000 +edge_1_0_+disjointig_1_0_998763 592047 606993 998763 -1 -1 12125 0.0415568
Chain
	Aln	1	+HG003_ont_350_start_274572 1 14998 15000 -edge_1_0_+disjointig_1_0_998763 273693 288690 998763 -1 -1 12281 0.0402763
Chain
	Aln	0	-HG003_ont_350_start_274572 1 14998 15000 +edge_1_0_+disjointig_1_0_998763 710072 725069 998763 -1 -1 12281 0.0402763
Chain
	Aln	1	+HG003_ont_351_start_947043 1 14971 15000 -edge_1_0_+disjointig_1_0_998763 946164 961134 998763 -1 -1 12230 0.0423494
Chain
	Aln	0	-HG003_ont_351_start_947043 28 14998 15000 +edge_1_0_+disjointig_1_0_998763 37628 52598 998763 -1 -1 12230 0.0423494
Chain
	Aln	1	+HG003_ont_352_start_70019 1 14998 15000 -edge_1_0_+disjointig_1_0_998763 69140 84137 998763 -1 -1 12590 0.0396188
Chain
	Aln	0	-HG003_ont_352_start_70019 1 14998 15000 +edge_1_0_+disjointig_1_0_998763 914625 929622 998763 -1 -1 12590 0.0396188
Chain
	Aln	1	+HG003_ont_353_start_843911 35 14998 15000 -edge_1_0_+disjointig_1_0_998763 843066 858029 998763 -1 -1 11954 0.0424835
Chain
	Aln	0	-HG003_ont_353_start_843911 1 14964 15000 +edge_1_0_+disjointig_1_0_998763 140733 155696 998763 -1 -1 11954 0.0424835
Chain
	Aln	1	+HG003_ont_355_start_244287 64 14984 15000 -edge_1_0_+disjointig_1_0_998763 243471 258391 998763 -1 -1 11934 0.0455419
Chain
	Aln	0	-HG003_ont_355_start_244287 15 14935 15000 +edge_1_0_+disjointig_1_0_998763 740371 755291 998763 -1 -1 11934 0.0455419
Chain
	Aln	1	+HG003_ont_354_start_490592 2 14991 15000 -edge_1_0_+disjointig_1_0_998763 489714 504703 998763 -1 -1 12095 0.0423514
Chain
	Aln	0	-HG003_ont_354_start_490592 8 14997 15000 +edge_1_0_+disjointig_1_0_998763 494059 509048 998763 -1 -1 12095 0.0423514
Chain
	Aln	1	+HG003_ont_356_start_118047 1 14998 15000 -edge_1_0_+disjointig_1_0_998763 117168 132165 998763 -1 -1 12336 0.0399737
Chain
	Aln	0	-HG003_ont_356_start_118047 1 14998 15000 +edge_1_0_+disjointig_1_0_998763 866597 881594 998763 -1 -1 12336 0.0399737
Chain
	Aln	1	+HG003_ont_359_start_625308 2 14998 15000 -edge_1_0_+disjointig_1_0_998763 624430 639426 998763 -1 -1 12031 0.0435514
Chain
	Aln	0	-HG003_ont_359_start_625308 1 14997 15000 +edge_1_0_+disjointig_1_0_998763 359336 374332 998763 -1 -1 12031 0.0435514
Chain
	Aln	1	+HG003_ont_358_start_517397 1 14998 15000 -edge_1_0_+disjointig_1_0_998763 516518 531515 998763 -1 -1 12271 0.0398578
Chain
	Aln	0	-HG003_ont_358_start_517397 1 14998 15000 +edge_1_0_+disjointig_1_0_998763 467247 482244 998763 -1 -1 12271 0.0398578
Chain
	Aln	1	+HG003_ont_357_start_730508 4 14998 15000 -edge_1_0_+disjointig_1_0_998763 729632 744626 998763 -1 -1 12585 0.0373509
Chain
	Aln	0	-HG003_ont_357_start_730508 1 14995 15000 +edge_1_0_+disjointig_1_0_998763 254136 269130 998763 -1 -1 12585 0.0373509
Chain
	Aln	1	+HG003_ont_360_start_607779 0 14996 15000 -edge_1_0_+disjointig_1_0_998763 606899 621895 998763 -1 -1 12218 0.0412687
Chain
	Aln	0	-HG003_ont_360_start_607779 3 14999 15000 +edge_1_0_+disjointig_1_0_998763 376867 391863 998763 -1 -1 12218 0.0412687
Chain
	Aln	1	+HG003_ont_362_start_653543 27 14998 15000 -edge_1_0_+disjointig_1_0_998763 652690 667661 998763 -1 -1 12318 0.0411389
Chain
	Aln	0	-HG003_ont_362_start_653543 1 14972 15000 +edge_1_0_+disjointig_1_0_998763 331101 346072 998763 -1 -1 12318 0.0411389
Chain
	Aln	1	+HG003_ont_361_start_656719 9 14998 15000 -edge_1_0_+disjointig_1_0_998763 655848 670837 998763 -1 -1 12098 0.0419416
Chain
	Aln	0	-HG003_ont_361_start_656719 1 14990 15000 +edge_1_0_+disjointig_1_0_998763 327925 342914 998763 -1 -1 12098 0.0419416
Chain
	Aln	1	+HG003_ont_363_start_335386 1 14979 15000 -edge_1_0_+disjointig_1_0_998763 334507 349485 998763 -1 -1 12135 0.0408431
Chain
	Aln	0	-HG003_ont_363_start_335386 20 14998 15000 +edge_1_0_+disjointig_1_0_998763 649277 664255 998763 -1 -1 12135 0.0408431
Chain
	Aln	1	+HG003_ont_364_start_446368 7 14998 15000 -edge_1_0_+disjointig_1_0_998763 445495 460486 998763 -1 -1 12397 0.0428938
Chain
	Aln	0	-HG003_ont_364_start_446368 1 14992 15000 +edge_1_0_+disjointig_1_0_998763 538276 553267 998763 -1 -1 12397 0.0428938
Chain
	Aln	1	+HG003_ont_365_start_714034 6 14954 15000 -edge_1_0_+disjointig_1_0_998763 713160 728108 998763 -1 -1 12259 0.0420292
Chain
	Aln	0	-HG003_ont_365_start_714034 45 14993 15000 +edge_1_0_+disjointig_1_0_998763 270654 285602 998763 -1 -1 12259 0.0420292
Chain
	Aln	1	+HG003_ont_366_start_954621 1 14993 15000 -edge_1_0_+disjointig_1_0_998763 953742 968734 998763 -1 -1 12111 0.0440645
Chain
	Aln	0	-HG003_ont_366_start_954621 6 14998 15000 +edge_1_0_+disjointig_1_0_998763 30028 45020 998763 -1 -1 12111 0.0440645
Chain
	Aln	1	+HG003_ont_368_start_451103 2 14975 15000 -edge_1_0_+disjointig_1_0_998763 450225 465198 998763 -1 -1 12247 0.0431331
Chain
	Aln	0	-HG003_ont_368_start_451103 24 14997 15000 +edge_1_0_+disjointig_1_0_998763 533564 548537 998763 -1 -1 12247 0.0431331
Chain
	Aln	1	+HG003_ont_367_start_13589 18 14995 15000 -edge_1_0_+disjointig_1_0_998763 12727 27704 998763 -1 -1 12049 0.0426763
Chain
	Aln	0	-HG003_ont_367_start_13589 4 14981 15000 +edge_1_0_+disjointig_1_0_998763 971058 986035 998763 -1 -1 12049 0.0426763
Chain
	Aln	1	+HG003_ont_369_start_291043 1 14986 15000 -edge_1_0_+disjointig_1_0_998763 290164 305149 998763 -1 -1 11746 0.0453546
Chain
	Aln	0	-HG003_ont_369_start_291043 13 14998 15000 +edge_1_0_+disjointig_1_0_998763 693613 708598 998763 -1 -1 11746 0.0453546
Chain
	Aln	1	+HG003_ont_371_start_329442 17 14998 15000 -edge_1_0_+disjointig_1_0_998763 328579 343560 998763 -1 -1 12296 0.0397255
Chain
	Aln	0	-HG003_ont_371_start_329442 1 14982 15000 +edge_1_0_+disjointig_1_0_998763 655202 670183 998763 -1 -1 12296 0.0397255
Chain
	Aln	1	+HG003_ont_372_start_311178 41 14998 15000 -edge_1_0_+disjointig_1_0_998763 310339 325296 998763 -1 -1 12121 0.0426626
Chain
	Aln	0	-HG003_ont_372_start_311178 1 14958 15000 +edge_1_0_+disjointig_1_0_998763 673466 688423 998763 -1 -1 12121 0.0426626
Chain
	Aln	1	+HG003_ont_370_start_36509 20 14988 15000 -edge_1_0_+disjointig_1_0_998763 35649 50617 998763 -1 -1 12057 0.0415477
Chain
	Aln	0	-HG003_ont_370_start_36509 11 14979 15000 +edge_1_0_+disjointig_1_0_998763 948145 963113 998763 -1 -1 12057 0.0415477
Chain
	Aln	1	+HG003_ont_373_start_622900 15 14995 15000 -edge_1_0_+disjointig_1_0_998763 622035 637015 998763 -1 -1 12233 0.0393448
Chain
	Aln	0	-HG003_ont_373_start_622900 4 14984 15000 +edge_1_0_+disjointig_1_0_998763 361747 376727 998763 -1 -1 12233 0.0393448
Chain
	Aln	1	+HG003_ont_375_start_83926 4 14970 15000 -edge_1_0_+disjointig_1_0_998763 83050 98016 998763 -1 -1 12203 0.0406389
Chain
	Aln	0	-HG003_ont_375_start_83926 29 14995 15000 +edge_1_0_+disjointig_1_0_998763 900746 915712 998763 -1 -1 12203 0.0406389
Chain
	Aln	1	+HG003_ont_376_start_870758 1 14993 15000 -edge_1_0_+disjointig_1_0_998763 869879 884871 998763 -1 -1 12142 0.0418574
Chain
	Aln	0	-HG003_ont_376_start_870758 6 14998 15000 +edge_1_0_+disjointig_1_0_998763 113891 128883 998763 -1 -1 12142 0.0418574
Chain
	Aln	1	+HG003_ont_374_start_889173 26 14998 15000 -edge_1_0_+disjointig_1_0_998763 888319 903291 998763 -1 -1 12383 0.0391449
Chain
	Aln	0	-HG003_ont_374_start_889173 1 14973 15000 +edge_1_0_+disjointig_1_0_998763 95471 110443 998763 -1 -1 12383 0.0391449
Chain
	Aln	1	+HG003_ont_377_start_747933 0 14998 15000 -edge_1_0_+disjointig_1_0_998763 747053 762051 998763 -1 -1 12428 0.0407567
Chain
	Aln	0	-HG003_ont_377_start_747933 1 14999 15000 +edge_1_0_+disjointig_1_0_998763 236711 251709 998763 -1 -1 12428 0.0407567
Chain
	Aln	1	+HG003_ont_378_start_688469 13 14998 15000 -edge_1_0_+disjointig_1_0_998763 687602 702587 998763 -1 -1 11969 0.0421907
Chain
	Aln	0	-HG003_ont_378_start_688469 1 14986 15000 +edge_1_0_+disjointig_1_0_998763 296175 311160 998763 -1 -1 11969 0.0421907
Chain
	Aln	1	+HG003_ont_379_start_50557 23 14990 15000 -edge_1_0_+disjointig_1_0_998763 49700 64667 998763 -1 -1 12341 0.0398172
Chain
	Aln	0	-HG003_ont_379_start_50557 9 14976 15000 +edge_1_0_+disjointig_1_0_998763 934095 949062 998763 -1 -1 12341 0.0398172
Chain
	Aln	1	+HG003_ont_380_start_36087 1 14998 15000 -edge_1_0_+disjointig_1_0_998763 35208 50205 998763 -1 -1 12413 0.0388925
Chain
	Aln	0	-HG003_ont_380_start_36087 1 14998 15000 +edge_1_0_+disjointig_1_0_998763 948557 963554 998763 -1 -1 12413 0.0388925
Chain
	Aln	1	+HG003_ont_381_start_905562 1 14978 15000 -edge_1_0_+disjointig_1_0_998763 904683 919660 998763 -1 -1 12462 0.0401589
Chain
	Aln	0	-HG003_ont_381_start_905562 21 14998 15000 +edge_1_0_+disjointig_1_0_998763 79102 94079 998763 -1 -1 12462 0.0401589
Chain
	Aln	1	+HG003_ont_382_start_534522 1 14998 15000 -edge_1_0_+disjointig_1_0_998763 533643 548640 998763 -1 -1 12202 0.0411462
Chain
	Aln	0	-HG003_ont_382_start_534522 1 14998 15000 +edge_1_0_+disjointig_1_0_998763 450122 465119 998763 -1 -1 12202 0.0411462
Chain
	Aln	1	+HG003_ont_383_start_52935 1 14998 15000 -edge_1_0_+disjointig_1_0_998763 52056 67053 998763 -1 -1 12304 0.0392354
Chain
	Aln	0	-HG003_ont_383_start_52935 1 14998 15000 +edge_1_0_+disjointig_1_0_998763 931709 946706 998763 -1 -1 12304 0.0392354
Chain
	Aln	1	+HG003_ont_384_start_242156 3 14998 15000 -edge_1_0_+disjointig_1_0_998763 241279 256274 998763 -1 -1 12180 0.040183
Chain
	Aln	0	-HG003_ont_384_start_242156 1 14996 15000 +edge_1_0_+disjointig_1_0_998763 742488 757483 998763 -1 -1 12180 0.040183
Chain
	Aln	1	+HG003_ont_385_start_179129 1 14971 15000 -edge_1_0_+disjointig_1_0_998763 178250 193220 998763 -1 -1 12144 0.0392518
Chain
	Aln	0	-HG003_ont_385_start_179129 28 14998 15000 +edge_1_0_+disjointig_1_0_998763 805542 820512 998763 -1 -1 12144 0.0392518
Chain
	Aln	1	+HG003_ont_386_start_209293 0 14983 15000 -edge_1_0_+disjointig_1_0_998763 208413 223396 998763 -1 -1 12273 0.0421829
Chain
	Aln	0	-HG003_ont_386_start_209293 16 14999 15000 +edge_1_0_+disjointig_1_0_998763 775366 790349 998763 -1 -1 12273 0.0421829
Chain
	Aln	1	+HG003_ont_387_start_939591 14 14998 15000 -edge_1_0_+disjointig_1_0_998763 938725 953709 998763 -1 -1 12123 0.0414674
Chain
	Aln	0	-HG003_ont_387_start_939591 1 14985 15000 +edge_1_0_+disjointig_1_0_998763 45053 60037 998763 -1 -1 12123 0.0414674
Chain
	Aln	1	+HG003_ont_388_start_855153 1 14998 15000 -edge_1_0_+disjointig_1_0_998763 854274 869271 998763 -1 -1 12597 0.0378682
Chain
	Aln	0	-HG003_ont_388_start_855153 1 14998 15000 +edge_1_0_+disjointig_1_0_998763 129491 144488 998763 -1 -1 12597 0.0378682
Chain
	Aln	1	+HG003_ont_390_start_919939 1 14954 15000 -edge_1_0_+disjointig_1_0_998763 919060 934013 998763 -1 -1 12240 0.0398009
Chain
	Aln	0	-HG003_ont_390_start_919939 45 14998 15000 +edge_1_0_+disjointig_1_0_998763 64749 79702 998763 -1 -1 12240 0.0398009
Chain
	Aln	1	+HG003_ont_389_start_121770 1 14998 15000 -edge_1_0_+disjointig_1_0_998763 120891 135888 998763 -1 -1 12645 0.0372739
Chain
	Aln	0	-HG003_ont_389_start_121770 1 14998 15000 +edge_1_0_+disjointig_1_0_998763 862874 877871 998763 -1 -1 12645 0.0372739
Chain
	Aln	1	+HG003_ont_391_start_965163 17 14978 15000 -edge_1_0_+disjointig_1_0_998763 964300 979261 998763 -1 -1 12007 0.0419198
Chain
	Aln	0	-HG003_ont_391_start_965163 21 14982 15000 +edge_1_0_+disjointig_1_0_998763 19501 34462 998763 -1 -1 12007 0.0419198
Chain
	Aln	1	+HG003_ont_392_start_59557 19 14953 15000 -edge_1_0_+disjointig_1_0_998763 58696 73630 998763 -1 -1 12185 0.0420546
Chain
	Aln	0	-HG003_ont_392_start_59557 46 14980 15000 +edge_1_0_+disjointig_1_0_998763 925132 940066 998763 -1 -1 12185 0.0420546
Chain
	Aln	1	+HG003_ont_393_start_584715 44 14985 15000 -edge_1_0_+disjointig_1_0_998763 583879 598820 998763 -1 -1 12409 0.0406819
Chain
	Aln	0	-HG003_ont_393_start_584715 14 14955 15000 +edge_1_0_+disjointig_1_0_998763 399942 414883 998763 -1 -1 12409 0.0406819
Chain
	Aln	1	+HG003_ont_394_start_676811 10 14998 15000 -edge_1_0_+disjointig_1_0_998763 675941 690929 998763 -1 -1 12258 0.0419377
Chain
	Aln	0	-HG003_ont_394_start_676811 1 14989 15000 +edge_1_0_+disjointig_1_0_998763 307833 322821 998763 -1 -1 12258 0.0419377
Chain
	Aln	1	+HG003_ont_395_start_512467 40 14998 15000 -edge_1_0_+disjointig_1_0_998763 511627 526585 998763 -1 -1 12268 0.0411036
Chain
	Aln	0	-HG003_ont_395_start_512467 1 14959 15000 +edge_1_0_+disjointig_1_0_998763 472177 487135 998763 -1 -1 12268 0.0411036
Chain
	Aln	1	+HG003_ont_396_start_326707 26 14998 15000 -edge_1_0_+disjointig_1_0_998763 325853 340825 998763 -1 -1 12280 0.0408117
Chain
	Aln	0	-HG003_ont_396_start_326707 1 14973 15000 +edge_1_0_+disjointig_1_0_998763 657937 672909 998763 -1 -1 12280 0.0408117
Chain
	Aln	1	+HG003_ont_397_start_21763 5 14998 15000 -edge_1_0_+disjointig_1_0_998763 20888 35881 998763 -1 -1 11919 0.0421096
Chain
	Aln	0	-HG003_ont_397_start_21763 1 14994 15000 +edge_1_0_+disjointig_1_0_998763 962881 977874 998763 -1 -1 11919 0.0421096
Chain
	Aln	1	+HG003_ont_398_start_305922 1 14989 15000 -edge_1_0_+disjointig_1_0_998763 305043 320031 998763 -1 -1 12372 0.0404046
Chain
	Aln	0	-HG003_ont_398_start_305922 10 14998 15000 +edge_1_0_+disjointig_1_0_998763 678731 693719 998763 -1 -1 12372 0.0404046
Chain
	Aln	1	+HG003_ont_399_start_234020 11 14979 15000 -edge_1_0_+disjointig_1_0_998763 233151 248119 998763 -1 -1 12284 0.0416513
Chain
	Aln	0	-HG003_ont_399_start_234020 20 14988 15000 +edge_1_0_+disjointig_1_0_998763 750643 765611 998763 -1 -1 12284 0.0416513
Chain
	Aln	1	+HG003_ont_400_start_375500 1 14998 15000 -edge_1_0_+disjointig_1_0_998763 374621 389618 998763 -1 -1 12463 0.0397343
Chain
	Aln	0	-HG003_ont_400_start_375500 1 14998 15000 +edge_1_0_+disjointig_1_0_998763 609144 624141 998763 -1 -1 12463 0.0397343
Chain
	Aln	1	+HG003_ont_402_start_488333 16 14998 15000 -edge_1_0_+disjointig_1_0_998763 487469 502451 998763 -1 -1 11835 0.0471965
Chain
	Aln	0	-HG003_ont_402_start_488333 1 14983 15000 +edge_1_0_+disjointig_1_0_998763 496311 511293 998763 -1 -1 11835 0.0471965
Chain
	Aln	1	+HG003_ont_401_start_218521 5 14984 15000 -edge_1_0_+disjointig_1_0_998763 217646 232625 998763 -1 -1 12532 0.0385263
Chain
	Aln	0	-HG003_ont_401_start_218521 15 14994 15000 +edge_1_0_+disjointig_1_0_998763 766137 781116 998763 -1 -1 12532 0.0385263
Chain
	Aln	1	+HG003_ont_403_start_626661 7 14998 15000 -edge_1_0_+disjointig_1_0_998763 625788 640779 998763 -1 -1 12211 0.0400509
Chain
	Aln	0	-HG003_ont_403_start_626661 1 14992 15000 +edge_1_0_+disjointig_1_0_998763 357983 372974 998763 -1 -1 12211 0.0400509
Chain
	Aln	1	+HG003_ont_404_start_940167 0 14978 15000 -edge_1_0_+disjointig_1_0_998763 939287 954265 998763 -1 -1 12014 0.0411664
Chain
	Aln	0	-HG003_ont_404_start_940167 21 14999 15000 +edge_1_0_+disjointig_1_0_998763 44497 59475 998763 -1 -1 12014 0.0411664
Chain
	Aln	1	+HG003_ont_406_start_542949 25 14990 15000 -edge_1_0_+disjointig_1_0_998763 542094 557059 998763 -1 -1 12476 0.0384109
Chain
	Aln	0	-HG003_ont_406_start_542949 9 14974 15000 +edge_1_0_+disjointig_1_0_998763 441703 456668 998763 -1 -1 12476 0.0384109
Chain
	Aln	1	+HG003_ont_405_start_255796 1 14977 15000 -edge_1_0_+disjointig_1_0_998763 254917 269893 998763 -1 -1 12522 0.0394441
Chain
	Aln	0	-HG003_ont_405_start_255796 22 14998 15000 +edge_1_0_+disjointig_1_0_998763 728869 743845 998763 -1 -1 12522 0.0394441
Chain
	Aln	1	+HG003_ont_407_start_169154 1 14998 15000 -edge_1_0_+disjointig_1_0_998763 168275 183272 998763 -1 -1 12394 0.0396496
Chain
	Aln	0	-HG003_ont_407_start_169154 1 14998 15000 +edge_1_0_+disjointig_1_0_998763 815490 830487 998763 -1 -1 12394 0.0396496
Chain
	Aln	1	+HG003_ont_408_start_250648 12 14980 15000 -edge_1_0_+disjointig_1_0_998763 249780 264748 998763 -1 -1 12115 0.0423657
Chain
	Aln	0	-HG003_ont_408_start_250648 19 14987 15000 +edge_1_0_+disjointig_1_0_998763 734014 748982 998763 -1 -1 12115 0.0423657
Chain
	Aln	1	+HG003_ont_409_start_268782 1 14983 15000 -edge_1_0_+disjointig_1_0_998763 267903 282885 998763 -1 -1 12461 0.0424692
Chain
	Aln	0	-HG003_ont_409_start_268782 16 14998 15000 +edge_1_0_+disjointig_1_0_998763 715877 730859 998763 -1 -1 12461 0.0424692
Chain
	Aln	1	+HG003_ont_410_start_188036 5 14984 15000 -edge_1_0_+disjointig_1_0_998763 187161 202140 998763 -1 -1 12093 0.0411782
Chain
	Aln	0	-HG003_ont_410_start_188036 15 14994 15000 +edge_1_0_+disjointig_1_0_998763 796622 811601 998763 -1 -1 12093 0.0411782
Chain
	Aln	1	+HG003_ont_411_start_639077 1 14987 15000 -edge_1_0_+disjointig_1_0_998763 638198 653184 998763 -1 -1 12032 0.0439
Chain
	Aln	0	-HG003_ont_411_start_639077 12 14998 15000 +edge_1_0_+disjointig_1_0_998763 345578 360564 998763 -1 -1 12032 0.0439
Chain
	Aln	1	+HG003_ont_412_start_892210 27 14987 15000 -edge_1_0_+disjointig_1_0_998763 891357 906317 998763 -1 -1 12355 0.0391896
Chain
	Aln	0	-HG003_ont_412_start_892210 12 14972 15000 +edge_1_0_+disjointig_1_0_998763 92445 107405 998763 -1 -1 12355 0.0391896
Chain
	Aln	1	+HG003_ont_413_start_2650 12 14998 15000 -edge_1_0_+disjointig_1_0_998763 1782 16768 998763 -1 -1 12357 0.0395218
Chain
	Aln	0	-HG003_ont_413_start_2650 1 14987 15000 +edge_1_0_+disjointig_1_0_998763 981994 996980 998763 -1 -1 12357 0.0395218
Chain
	Aln	1	+HG003_ont_414_start_817621 5 14998 15000 -edge_1_0_+disjointig_1_0_998763 816746 831739 998763 -1 -1 12615 0.0405257
Chain
	Aln	0	-HG003_ont_414_start_817621 1 14994 15000 +edge_1_0_+disjointig_1_0_998763 167023 182016 998763 -1 -1 12615 0.0405257
Chain
	Aln	1	+HG003_ont_416_start_791620 1 14991 15000 -edge_1_0_+disjointig_1_0_998763 790741 805731 998763 -1 -1 12370 0.0385846
Chain
	Aln	0	-HG003_ont_416_start_791620 8 14998 15000 +edge_1_0_+disjointig_1_0_998763 193031 208021 998763 -1 -1 12370 0.0385846
Chain
	Aln	1	+HG003_ont_415_start_710097 9 14989 15000 -edge_1_0_+disjointig_1_0_998763 709226 724206 998763 -1 -1 12198 0.0409848
Chain
	Aln	0	-HG003_ont_415_start_710097 10 14990 15000 +edge_1_0_+disjointig_1_0_998763 274556 289536 998763 -1 -1 12198 0.0409848
Chain
	Aln	1	+HG003_ont_418_start_345765 1 14998 15000 -edge_1_0_+disjointig_1_0_998763 344886 359883 998763 -1 -1 12359 0.0414231
Chain
	Aln	0	-HG003_ont_418_start_345765 1 14998 15000 +edge_1_0_+disjointig_1_0_998763 638879 653876 998763 -1 -1 12359 0.0414231
Chain
	Aln	1	+HG003_ont_417_start_121050 19 14998 15000 -edge_1_0_+disjointig_1_0_998763 120189 135168 998763 -1 -1 12487 0.0369524
Chain
	Aln	0	-HG003_ont_417_start_121050 1 14980 15000 +edge_1_0_+disjointig_1_0_998763 863594 878573 998763 -1 -1 12487 0.0369524
Chain
	Aln	1	+HG003_ont_419_start_645289 0 14982 15000 -edge_1_0_+disjointig_1_0_998763 644409 659391 998763 -1 -1 12206 0.0414357
Chain
	Aln	0	-HG003_ont_419_start_645289 17 14999 15000 +edge_1_0_+disjointig_1_0_998763 339371 354353 998763 -1 -1 12206 0.0414357
Chain
	Aln	1	+HG003_ont_420_start_220427 1 14998 15000 -edge_1_0_+disjointig_1_0_998763 219548 234545 998763 -1 -1 11962 0.0438605
Chain
	Aln	0	-HG003_ont_420_start_220427 1 14998 15000 +edge_1_0_+disjointig_1_0_998763 764217 779214 998763 -1 -1 11962 0.0438605
Chain
	Aln	1	+HG003_ont_423_start_406926 1 14998 15000 -edge_1_0_+disjointig_1_0_998763 406047 421044 998763 -1 -1 12361 0.0426899
Chain
	Aln	0	-HG003_ont_423_start_406926 1 14998 15000 +edge_1_0_+disjointig_1_0_998763 577718 592715 998763 -1 -1 12361 0.0426899
Chain
	Aln	1	+HG003_ont_424_start_129908 1 14998 15000 -edge_1_0_+disjointig_1_0_998763 129029 144026 998763 -1 -1 12509 0.0393808
Chain
	Aln	0	-HG003_ont_424_start_129908 1 14998 15000 +edge_1_0_+disjointig_1_0_998763 854736 869733 998763 -1 -1 12509 0.0393808
Chain
	Aln	1	+HG003_ont_421_start_307352 2 14981 15000 -edge_1_0_+disjointig_1_0_998763 306474 321453 998763 -1 -1 12263 0.0423766
Chain
	Aln	0	-HG003_ont_421_start_307352 18 14997 15000 +edge_1_0_+disjointig_1_0_998763 677309 692288 998763 -1 -1 12263 0.0423766
Chain
	Aln	1	+HG003_ont_422_start_73572 7 14990 15000 -edge_1_0_+disjointig_1_0_998763 72699 87682 998763 -1 -1 12454 0.0384061
Chain
	Aln	0	-HG003_ont_422_start_73572 9 14992 15000 +edge_1_0_+disjointig_1_0_998763 911080 926063 998763 -1 -1 12454 0.0384061
Chain
	Aln	1	+HG003_ont_425_start_96259 28 14998 15000 -edge_1_0_+disjointig_1_0_998763 95407 110377 998763 -1 -1 12555 0.0388017
Chain
	Aln	0	-HG003_ont_425_start_96259 1 14971 15000 +edge_1_0_+disjointig_1_0_998763 888385 903355 998763 -1 -1 12555 0.0388017
Chain
	Aln	1	+HG003_ont_426_start_458086 5 14976 15000 -edge_1_0_+disjointig_1_0_998763 457211 472182 998763 -1 -1 12088 0.0416951
Chain
	Aln	0	-HG003_ont_426_start_458086 23 14994 15000 +edge_1_0_+disjointig_1_0_998763 526580 541551 998763 -1 -1 12088 0.0416951
Chain
	Aln	1	+HG003_ont_427_start_628687 1 14998 15000 -edge_1_0_+disjointig_1_0_998763 627808 642805 998763 -1 -1 12220 0.0415105
Chain
	Aln	0	-HG003_ont_427_start_628687 1 14998 15000 +edge_1_0_+disjointig_1_0_998763 355957 370954 998763 -1 -1 12220 0.0415105
Chain
	Aln	1	+HG003_ont_428_start_547966 1 14987 15000 -edge_1_0_+disjointig_1_0_998763 547087 562073 998763 -1 -1 12470 0.0385387
Chain
	Aln	0	-HG003_ont_428_start_547966 12 14998 15000 +edge_1_0_+disjointig_1_0_998763 436689 451675 998763 -1 -1 12470 0.0385387
Chain
	Aln	1	+HG003_ont_429_start_695515 1 14998 15000 -edge_1_0_+disjointig_1_0_998763 694636 709633 998763 -1 -1 12285 0.0401209
Chain
	Aln	0	-HG003_ont_429_start_695515 1 14998 15000 +edge_1_0_+disjointig_1_0_998763 289129 304126 998763 -1 -1 12285 0.0401209
Chain
	Aln	1	+HG003_ont_430_start_103655 18 14998 15000 -edge_1_0_+disjointig_1_0_998763 102793 117773 998763 -1 -1 12613 0.0376821
Chain
	Aln	0	-HG003_ont_430_start_103655 1 14981 15000 +edge_1_0_+disjointig_1_0_998763 880989 895969 998763 -1 -1 12613 0.0376821
Chain
	Aln	1	+HG003_ont_431_start_451005 28 14998 15000 -edge_1_0_+disjointig_1_0_998763 450153 465123 998763 -1 -1 12133 0.039829
Chain
	Aln	0	-HG003_ont_431_start_451005 1 14971 15000 +edge_1_0_+disjointig_1_0_998763 533639 548609 998763 -1 -1 12133 0.039829
Chain
	Aln	1	+HG003_ont_432_start_518537 46 14998 15000 -edge_1_0_+disjointig_1_0_998763 517703 532655 998763 -1 -1 12030 0.0436506
Chain
	Aln	0	-HG003_ont_432_start_518537 1 14953 15000 +edge_1_0_+disjointig_1_0_998763 466107 481059 998763 -1 -1 12030 0.0436506
Chain
	Aln	1	+HG003_ont_433_start_474821 24 14940 15000 -edge_1_0_+disjointig_1_0_998763 473965 488881 998763 -1 -1 11923 0.0420319
Chain
	Aln	0	-HG003_ont_433_start_474821 59 14975 15000 +edge_1_0_+disjointig_1_0_998763 509881 524797 998763 -1 -1 11923 0.0420319
Chain
	Aln	1	+HG003_ont_434_start_514536 1 14985 15000 -edge_1_0_+disjointig_1_0_998763 513657 528641 998763 -1 -1 12532 0.0392762
Chain
	Aln	0	-HG003_ont_434_start_514536 14 14998 15000 +edge_1_0_+disjointig_1_0_998763 470121 485105 998763 -1 -1 12532 0.0392762
Chain
	Aln	1	+HG003_ont_435_start_789846 16 14990 15000 -edge_1_0_+disjointig_1_0_998763 788982 803956 998763 -1 -1 12304 0.0382954
Chain
	Aln	0	-HG003_ont_435_start_789846 9 14983 15000 +edge_1_0_+disjointig_1_0_998763 194806 209780 998763 -1 -1 12304 0.0382954
Chain
	Aln	1	+HG003_ont_436_start_400052 1 14989 15000 -edge_1_0_+disjointig_1_0_998763 399173 414161 998763 -1 -1 12381 0.0422347
Chain
	Aln	0	-HG003_ont_436_start_400052 10 14998 15000 +edge_1_0_+disjointig_1_0_998763 584601 599589 998763 -1 -1 12381 0.0422347
Chain
	Aln	1	+HG003_ont_437_start_239628 14 14953 15000 -edge_1_0_+disjointig_1_0_998763 238762 253701 998763 -1 -1 12147 0.0416091
Chain
	Aln	0	-HG003_ont_437_start_239628 46 14985 15000 +edge_1_0_+disjointig_1_0_998763 745061 760000 998763 -1 -1 12147 0.0416091
Chain
	Aln	1	+HG003_ont_438_start_303263 62 14970 15000 -edge_1_0_+disjointig_1_0_998763 302445 317353 998763 -1 -1 12317 0.0391534
Chain
	Aln	0	-HG003_ont_438_start_303263 29 14937 15000 +edge_1_0_+disjointig_1_0_998763 681409 696317 998763 -1 -1 12317 0.0391534
Chain
	Aln	1	+HG003_ont_439_start_446602 1 14986 15000 -edge_1_0_+disjointig_1_0_998763 445723 460708 998763 -1 -1 12440 0.040237
Chain
	Aln	0	-HG003_ont_439_start_446602 13 14998 15000 +edge_1_0_+disjointig_1_0_998763 538054 553039 998763 -1 -1 12440 0.040237
Chain
	Aln	1	+HG003_ont_441_start_309945 1 14980 15000 -edge_1_0_+disjointig_1_0_998763 309066 324045 998763 -1 -1 12355 0.0421511
Chain
	Aln	0	-HG003_ont_441_start_309945 19 14998 15000 +edge_1_0_+disjointig_1_0_998763 674717 689696 998763 -1 -1 12355 0.0421511
Chain
	Aln	1	+HG003_ont_440_start_953198 16 14998 15000 -edge_1_0_+disjointig_1_0_998763 952334 967316 998763 -1 -1 12488 0.0374297
Chain
	Aln	0	-HG003_ont_440_start_953198 1 14983 15000 +edge_1_0_+disjointig_1_0_998763 31446 46428 998763 -1 -1 12488 0.0374297
Chain
	Aln	1	+HG003_ont_442_start_871849 12 14964 15000 -edge_1_0_+disjointig_1_0_998763 870981 885933 998763 -1 -1 12372 0.0398899
Chain
	Aln	0	-HG003_ont_442_start_871849 35 14987 15000 +edge_1_0_+disjointig_1_0_998763 112829 127781 998763 -1 -1 12372 0.0398899
Chain
	Aln	1	+HG003_ont_444_start_404949 46 14961 15000 -edge_1_0_+disjointig_1_0_998763 404115 419030 998763 -1 -1 12269 0.0424648
Chain
	Aln	0	-HG003_ont_444_start_404949 38 14953 15000 +edge_1_0_+disjointig_1_0_998763 579732 594647 998763 -1 -1 12269 0.0424648
Chain
	Aln	1	+HG003_ont_446_start_521821 15 14998 15000 -edge_1_0_+disjointig_1_0_998763 520956 535939 998763 -1 -1 12161 0.0417981
Chain
	Aln	0	-HG003_ont_446_start_521821 1 14984 15000 +edge_1_0_+disjointig_1_0_998763 462823 477806 998763 -1 -1 12161 0.0417981
Chain
	Aln	1	+HG003_ont_443_start_190349 17 14977 15000 -edge_1_0_+disjointig_1_0_998763 189486 204446 998763 -1 -1 12429 0.0402244
Chain
	Aln	0	-HG003_ont_443_start_190349 22 14982 15000 +edge_1_0_+disjointig_1_0_998763 794316 809276 998763 -1 -1 12429 0.0402244
Chain
	Aln	1	+HG003_ont_445_start_259750 14 14974 15000 -edge_1_0_+disjointig_1_0_998763 258884 273844 998763 -1 -1 12354 0.0408117
Chain
	Aln	0	-HG003_ont_445_start_259750 25 14985 15000 +edge_1_0_+disjointig_1_0_998763 724918 739878 998763 -1 -1 12354 0.0408117
Chain
	Aln	1	+HG003_ont_447_start_501565 7 14981 15000 -edge_1_0_+disjointig_1_0_998763 500692 515666 998763 -1 -1 12112 0.0430634
Chain
	Aln	0	-HG003_ont_447_start_501565 18 14992 15000 +edge_1_0_+disjointig_1_0_998763 483096 498070 998763 -1 -1 12112 0.0430634
Chain
	Aln	1	+HG003_ont_448_start_49569 1 14985 15000 -edge_1_0_+disjointig_1_0_998763 48690 63674 998763 -1 -1 12295 0.0412453
Chain
	Aln	0	-HG003_ont_448_start_49569 14 14998 15000 +edge_1_0_+disjointig_1_0_998763 935088 950072 998763 -1 -1 12295 0.0412453
Chain
	Aln	1	+HG003_ont_451_start_229425 1 14998 15000 -edge_1_0_+disjointig_1_0_998763 228546 243543 998763 -1 -1 12294 0.0407998
Chain
	Aln	0	-HG003_ont_451_start_229425 1 14998 15000 +edge_1_0_+disjointig_1_0_998763 755219 770216 998763 -1 -1 12294 0.0407998
Chain
	Aln	1	+HG003_ont_449_start_223789 39 14990 15000 -edge_1_0_+disjointig_1_0_998763 222948 237899 998763 -1 -1 12247 0.0413695
Chain
	Aln	0	-HG003_ont_449_start_223789 9 14960 15000 +edge_1_0_+disjointig_1_0_998763 760863 775814 998763 -1 -1 12247 0.0413695
Chain
	Aln	1	+HG003_ont_452_start_141067 6 14998 15000 -edge_1_0_+disjointig_1_0_998763 140193 155185 998763 -1 -1 12214 0.0410319
Chain
	Aln	0	-HG003_ont_452_start_141067 1 14993 15000 +edge_1_0_+disjointig_1_0_998763 843577 858569 998763 -1 -1 12214 0.0410319
Chain
	Aln	1	+HG003_ont_450_start_935861 8 14962 15000 -edge_1_0_+disjointig_1_0_998763 934989 949943 998763 -1 -1 12124 0.0417241
Chain
	Aln	0	-HG003_ont_450_start_935861 37 14991 15000 +edge_1_0_+disjointig_1_0_998763 48819 63773 998763 -1 -1 12124 0.0417241
Chain
	Aln	1	+HG003_ont_453_start_615548 0 14998 15000 -edge_1_0_+disjointig_1_0_998763 614668 629666 998763 -1 -1 12048 0.0401016
Chain
	Aln	0	-HG003_ont_453_start_615548 1 14999 15000 +edge_1_0_+disjointig_1_0_998763 369096 384094 998763 -1 -1 12048 0.0401016
Chain
	Aln	1	+HG003_ont_455_start_759285 11 14998 15000 -edge_1_0_+disjointig_1_0_998763 758416 773403 998763 -1 -1 12561 0.0388229
Chain
	Aln	0	-HG003_ont_455_start_759285 1 14988 15000 +edge_1_0_+disjointig_1_0_998763 225359 240346 998763 -1 -1 12561 0.0388229
Chain
	Aln	1	+HG003_ont_454_start_40951 15 14986 15000 -edge_1_0_+disjointig_1_0_998763 40086 55057 998763 -1 -1 12260 0.0419831
Chain
	Aln	0	-HG003_ont_454_start_40951 13 14984 15000 +edge_1_0_+disjointig_1_0_998763 943705 958676 998763 -1 -1 12260 0.0419831
Chain
	Aln	1	+HG003_ont_457_start_572118 10 14998 15000 -edge_1_0_+disjointig_1_0_998763 571248 586236 998763 -1 -1 12043 0.0417379
Chain
	Aln	0	-HG003_ont_457_start_572118 1 14989 15000 +edge_1_0_+disjointig_1_0_998763 412526 427514 998763 -1 -1 12043 0.0417379
Chain
	Aln	1	+HG003_ont_456_start_28882 1 14983 15000 -edge_1_0_+disjointig_1_0_998763 28003 42985 998763 -1 -1 12151 0.0432994
Chain
	Aln	0	-HG003_ont_456_start_28882 16 14998 15000 +edge_1_0_+disjointig_1_0_998763 955777 970759 998763 -1 -1 12151 0.0432994
Chain
	Aln	1	+HG003_ont_459_start_981375 1 14998 15000 -edge_1_0_+disjointig_1_0_998763 980496 995493 998763 -1 -1 12370 0.0407057
Chain
	Aln	0	-HG003_ont_459_start_981375 1 14998 15000 +edge_1_0_+disjointig_1_0_998763 3269 18266 998763 -1 -1 12370 0.0407057
Chain
	Aln	1	+HG003_ont_460_start_192057 20 14996 15000 -edge_1_0_+disjointig_1_0_998763 191197 206173 998763 -1 -1 12274 0.0395056
Chain
	Aln	0	-HG003_ont_460_start_192057 3 14979 15000 +edge_1_0_+disjointig_1_0_998763 792589 807565 998763 -1 -1 12274 0.0395056
Chain
	Aln	1	+HG003_ont_458_start_497298 16 14998 15000 -edge_1_0_+disjointig_1_0_998763 496434 511416 998763 -1 -1 12401 0.0384399
Chain
	Aln	0	-HG003_ont_458_start_497298 1 14983 15000 +edge_1_0_+disjointig_1_0_998763 487346 502328 998763 -1 -1 12401 0.0384399
Chain
	Aln	1	+HG003_ont_462_start_408741 6 14985 15000 -edge_1_0_+disjointig_1_0_998763 407867 422846 998763 -1 -1 12261 0.0398644
Chain
	Aln	0	-HG003_ont_462_start_408741 14 14993 15000 +edge_1_0_+disjointig_1_0_998763 575916 590895 998763 -1 -1 12261 0.0398644
Chain
	Aln	1	+HG003_ont_461_start_357916 8 14998 15000 -edge_1_0_+disjointig_1_0_998763 357044 372034 998763 -1 -1 12042 0.0437009
Chain
	Aln	0	-HG003_ont_461_start_357916 1 14991 15000 +edge_1_0_+disjointig_1_0_998763 626728 641718 998763 -1 -1 12042 0.0437009
Chain
	Aln	1	+HG003_ont_463_start_86427 7 14989 15000 -edge_1_0_+disjointig_1_0_998763 85554 100536 998763 -1 -1 12180 0.043193
Chain
	Aln	0	-HG003_ont_463_start_86427 10 14992 15000 +edge_1_0_+disjointig_1_0_998763 898226 913208 998763 -1 -1 12180 0.043193
Chain
	Aln	1	+HG003_ont_464_start_843275 1 14991 15000 -edge_1_0_+disjointig_1_0_998763 842396 857386 998763 -1 -1 12368 0.0398226
Chain
	Aln	0	-HG003_ont_464_start_843275 8 14998 15000 +edge_1_0_+disjointig_1_0_998763 141376 156366 998763 -1 -1 12368 0.0398226
Chain
	Aln	1	+HG003_ont_465_start_568099 14 14993 15000 -edge_1_0_+disjointig_1_0_998763 567233 582212 998763 -1 -1 12493 0.0394329
Chain
	Aln	0	-HG003_ont_465_start_568099 6 14985 15000 +edge_1_0_+disjointig_1_0_998763 416550 431529 998763 -1 -1 12493 0.0394329
Chain
	Aln	1	+HG003_ont_467_start_515648 17 14998 15000 -edge_1_0_+disjointig_1_0_998763 514785 529766 998763 -1 -1 12436 0.0386552
Chain
	Aln	0	-HG003_ont_467_start_515648 1 14982 15000 +edge_1_0_+disjointig_1_0_998763 468996 483977 998763 -1 -1 12436 0.0386552
Chain
	Aln	1	+HG003_ont_466_start_138125 1 14994 15000 -edge_1_0_+disjointig_1_0_998763 137246 152239 998763 -1 -1 12188 0.0411147
Chain
	Aln	0	-HG003_ont_466_start_138125 5 14998 15000 +edge_1_0_+disjointig_1_0_998763 846523 861516 998763 -1 -1 12188 0.0411147
Chain
	Aln	1	+HG003_ont_468_start_432136 7 14970 15000 -edge_1_0_+disjointig_1_0_998763 431263 446226 998763 -1 -1 12426 0.0389036
Chain
	Aln	0	-HG003_ont_468_start_432136 29 14992 15000 +edge_1_0_+disjointig_1_0_998763 552536 567499 998763 -1 -1 12426 0.0389036
Chain
	Aln	1	+HG003_ont_469_start_665668 11 14998 15000 -edge_1_0_+disjointig_1_0_998763 664799 679786 998763 -1 -1 12371 0.0405334
Chain
	Aln	0	-HG003_ont_469_start_665668 1 14988 15000 +edge_1_0_+disjointig_1_0_998763 318976 333963 998763 -1 -1 12371 0.0405334
Chain
	Aln	1	+HG003_ont_471_start_630529 1 14998 15000 -edge_1_0_+disjointig_1_0_998763 629650 644647 998763 -1 -1 12281 0.041917
Chain
	Aln	0	-HG003_ont_471_start_630529 1 14998 15000 +edge_1_0_+disjointig_1_0_998763 354115 369112 998763 -1 -1 12281 0.041917
Chain
	Aln	1	+HG003_ont_470_start_19457 20 14998 15000 -edge_1_0_+disjointig_1_0_998763 18597 33575 998763 -1 -1 12383 0.0383186
Chain
	Aln	0	-HG003_ont_470_start_19457 1 14979 15000 +edge_1_0_+disjointig_1_0_998763 965187 980165 998763 -1 -1 12383 0.0383186
Chain
	Aln	1	+HG003_ont_472_start_828757 0 14998 15000 -edge_1_0_+disjointig_1_0_998763 827877 842875 998763 -1 -1 12343 0.0409216
Chain
	Aln	0	-HG003_ont_472_start_828757 1 14999 15000 +edge_1_0_+disjointig_1_0_998763 155887 170885 998763 -1 -1 12343 0.0409216
Chain
	Aln	1	+HG003_ont_473_start_281347 1 14998 15000 -edge_1_0_+disjointig_1_0_998763 280468 295465 998763 -1 -1 12267 0.0401365
Chain
	Aln	0	-HG003_ont_473_start_281347 1 14998 15000 +edge_1_0_+disjointig_1_0_998763 703297 718294 998763 -1 -1 12267 0.0401365
Chain
	Aln	1	+HG003_ont_475_start_280691 1 14994 15000 -edge_1_0_+disjointig_1_0_998763 279812 294805 998763 -1 -1 12121 0.0424155
Chain
	Aln	0	-HG003_ont_475_start_280691 5 14998 15000 +edge_1_0_+disjointig_1_0_998763 703957 718950 998763 -1 -1 12121 0.0424155
Chain
	Aln	1	+HG003_ont_474_start_566308 16 14961 15000 -edge_1_0_+disjointig_1_0_998763 565444 580389 998763 -1 -1 12213 0.0399787
Chain
	Aln	0	-HG003_ont_474_start_566308 38 14983 15000 +edge_1_0_+disjointig_1_0_998763 418373 433318 998763 -1 -1 12213 0.0399787
Chain
	Aln	1	+HG003_ont_476_start_831667 1 14985 15000 -edge_1_0_+disjointig_1_0_998763 830788 845772 998763 -1 -1 12233 0.041866
Chain
	Aln	0	-HG003_ont_476_start_831667 14 14998 15000 +edge_1_0_+disjointig_1_0_998763 152990 167974 998763 -1 -1 12233 0.041866
Chain
	Aln	1	+HG003_ont_477_start_576007 1 14981 15000 -edge_1_0_+disjointig_1_0_998763 575128 590108 998763 -1 -1 12012 0.0422113
Chain
	Aln	0	-HG003_ont_477_start_576007 18 14998 15000 +edge_1_0_+disjointig_1_0_998763 408654 423634 998763 -1 -1 12012 0.0422113
Chain
	Aln	1	+HG003_ont_479_start_418943 16 14998 15000 -edge_1_0_+disjointig_1_0_998763 418079 433061 998763 -1 -1 12401 0.0400311
Chain
	Aln	0	-HG003_ont_479_start_418943 1 14983 15000 +edge_1_0_+disjointig_1_0_998763 565701 580683 998763 -1 -1 12401 0.0400311
Chain
	Aln	1	+HG003_ont_478_start_617483 0 14995 15000 -edge_1_0_+disjointig_1_0_998763 616603 631598 998763 -1 -1 12596 0.0411857
Chain
	Aln	0	-HG003_ont_478_start_617483 4 14999 15000 +edge_1_0_+disjointig_1_0_998763 367164 382159 998763 -1 -1 12596 0.0411857
Chain
	Aln	1	+HG003_ont_480_start_21897 1 14998 15000 -edge_1_0_+disjointig_1_0_998763 21018 36015 998763 -1 -1 12281 0.0399041
Chain
	Aln	0	-HG003_ont_480_start_21897 1 14998 15000 +edge_1_0_+disjointig_1_0_998763 962747 977744 998763 -1 -1 12281 0.0399041
Chain
	Aln	1	+HG003_ont_481_start_188435 3 14998 15000 -edge_1_0_+disjointig_1_0_998763 187558 202553 998763 -1 -1 12311 0.041162
Chain
	Aln	0	-HG003_ont_481_start_188435 1 14996 15000 +edge_1_0_+disjointig_1_0_998763 796209 811204 998763 -1 -1 12311 0.041162
Chain
	Aln	1	+HG003_ont_483_start_963311 6 14998 15000 -edge_1_0_+disjointig_1_0_998763 962437 977429 998763 -1 -1 12118 0.042565
Chain
	Aln	0	-HG003_ont_483_start_963311 1 14993 15000 +edge_1_0_+disjointig_1_0_998763 21333 36325 998763 -1 -1 12118 0.042565
Chain
	Aln	1	+HG003_ont_482_start_540315 4 14996 15000 -edge_1_0_+disjointig_1_0_998763 539439 554431 998763 -1 -1 11925 0.0440147
Chain
	Aln	0	-HG003_ont_482_start_540315 3 14995 15000 +edge_1_0_+disjointig_1_0_998763 444331 459323 998763 -1 -1 11925 0.0440147
Chain
	Aln	1	+HG003_ont_484_start_161723 16 14998 15000 -edge_1_0_+disjointig_1_0_998763 160859 175841 998763 -1 -1 12455 0.0406077
Chain
	Aln	0	-HG003_ont_484_start_161723 1 14983 15000 +edge_1_0_+disjointig_1_0_998763 822921 837903 998763 -1 -1 12455 0.0406077
Chain
	Aln	1	+HG003_ont_485_start_38612 1 14991 15000 -edge_1_0_+disjointig_1_0_998763 37733 52723 998763 -1 -1 12517 0.0390477
Chain
	Aln	0	-HG003_ont_485_start_38612 8 14998 15000 +edge_1_0_+disjointig_1_0_998763 946039 961029 998763 -1 -1 12517 0.0390477
Chain
	Aln	1	+HG003_ont_488_start_608635 1 14981 15000 -edge_1_0_+disjointig_1_0_998763 607756 622736 998763 -1 -1 12199 0.0401008
Chain
	Aln	0	-HG003_ont_488_start_608635 18 14998 15000 +edge_1_0_+disjointig_1_0_998763 376026 391006 998763 -1 -1 12199 0.0401008
Chain
	Aln	1	+HG003_ont_487_start_370555 18 14998 15000 -edge_1_0_+disjointig_1_0_998763 369693 384673 998763 -1 -1 12323 0.0401319
Chain
	Aln	0	-HG003_ont_487_start_370555 1 14981 15000 +edge_1_0_+disjointig_1_0_998763 614089 629069 998763 -1 -1 12323 0.0401319
Chain
	Aln	1	+HG003_ont_486_start_618491 6 14998 15000 -edge_1_0_+disjointig_1_0_998763 617617 632609 998763 -1 -1 12517 0.0376101
Chain
	Aln	0	-HG003_ont_486_start_618491 1 14993 15000 +edge_1_0_+disjointig_1_0_998763 366153 381145 998763 -1 -1 12517 0.0376101
Chain
	Aln	1	+HG003_ont_489_start_197277 1 14971 15000 -edge_1_0_+disjointig_1_0_998763 196398 211368 998763 -1 -1 12537 0.0402949
Chain
	Aln	0	-HG003_ont_489_start_197277 28 14998 15000 +edge_1_0_+disjointig_1_0_998763 787394 802364 998763 -1 -1 12537 0.0402949
Chain
	Aln	1	+HG003_ont_490_start_626051 1 14937 15000 -edge_1_0_+disjointig_1_0_998763 625172 640108 998763 -1 -1 12396 0.0400132
Chain
	Aln	0	-HG003_ont_490_start_626051 62 14998 15000 +edge_1_0_+disjointig_1_0_998763 358654 373590 998763 -1 -1 12396 0.0400132
Chain
	Aln	1	+HG003_ont_492_start_787045 32 14984 15000 -edge_1_0_+disjointig_1_0_998763 786197 801149 998763 -1 -1 12198 0.0396269
Chain
	Aln	0	-HG003_ont_492_start_787045 15 14967 15000 +edge_1_0_+disjointig_1_0_998763 197613 212565 998763 -1 -1 12198 0.0396269
Chain
	Aln	1	+HG003_ont_491_start_235377 1 14998 15000 -edge_1_0_+disjointig_1_0_998763 234498 249495 998763 -1 -1 12187 0.0387863
Chain
	Aln	0	-HG003_ont_491_start_235377 1 14998 15000 +edge_1_0_+disjointig_1_0_998763 749267 764264 998763 -1 -1 12187 0.0387863
Chain
	Aln	1	+HG003_ont_493_start_246160 1 14998 15000 -edge_1_0_+disjointig_1_0_998763 245281 260278 998763 -1 -1 12393 0.0402763
Chain
	Aln	0	-HG003_ont_493_start_246160 1 14998 15000 +edge_1_0_+disjointig_1_0_998763 738484 753481 998763 -1 -1 12393 0.0402763
Chain
	Aln	1	+HG003_ont_494_start_684634 38 14985 15000 -edge_1_0_+disjointig_1_0_998763 683792 698739 998763 -1 -1 12424 0.0391002
Chain
	Aln	0	-HG003_ont_494_start_684634 14 14961 15000 +edge_1_0_+disjointig_1_0_998763 300023 314970 998763 -1 -1 12424 0.0391002
Chain
	Aln	1	+HG003_ont_495_start_308342 1 14984 15000 -edge_1_0_+disjointig_1_0_998763 307463 322446 998763 -1 -1 12148 0.043328
Chain
	Aln	0	-HG003_ont_495_start_308342 15 14998 15000 +edge_1_0_+disjointig_1_0_998763 676316 691299 998763 -1 -1 12148 0.043328
Chain
	Aln	1	+HG003_ont_496_start_7473 15 14998 15000 -edge_1_0_+disjointig_1_0_998763 6608 21591 998763 -1 -1 12266 0.0398414
Chain
	Aln	0	-HG003_ont_496_start_7473 1 14984 15000 +edge_1_0_+disjointig_1_0_998763 977171 992154 998763 -1 -1 12266 0.0398414
Chain
	Aln	1	+HG003_ont_497_start_729644 61 14997 15000 -edge_1_0_+disjointig_1_0_998763 728825 743761 998763 -1 -1 12390 0.0393175
Chain
	Aln	0	-HG003_ont_497_start_729644 2 14938 15000 +edge_1_0_+disjointig_1_0_998763 255001 269937 998763 -1 -1 12390 0.0393175
Chain
	Aln	1	+HG003_ont_498_start_360834 26 14998 15000 -edge_1_0_+disjointig_1_0_998763 359980 374952 998763 -1 -1 12043 0.0406625
Chain
	Aln	0	-HG003_ont_498_start_360834 1 14973 15000 +edge_1_0_+disjointig_1_0_998763 623810 638782 998763 -1 -1 12043 0.0406625
Chain
	Aln	1	+HG003_ont_500_start_772842 1 14998 15000 -edge_1_0_+disjointig_1_0_998763 771963 786960 998763 -1 -1 12311 0.0410436
Chain
	Aln	0	-HG003_ont_500_start_772842 1 14998 15000 +edge_1_0_+disjointig_1_0_998763 211802 226799 998763 -1 -1 12311 0.0410436
Chain
	Aln	1	+HG003_ont_499_start_273074 36 14993 15000 -edge_1_0_+disjointig_1_0_998763 272230 287187 998763 -1 -1 12296 0.0403765
Chain
	Aln	0	-HG003_ont_499_start_273074 6 14963 15000 +edge_1_0_+disjointig_1_0_998763 711575 726532 998763 -1 -1 12296 0.0403765
Chain
	Aln	1	+HG003_ont_501_start_661277 10 14997 15000 -edge_1_0_+disjointig_1_0_998763 660407 675394 998763 -1 -1 12403 0.0402838
Chain
	Aln	0	-HG003_ont_501_start_661277 2 14989 15000 +edge_1_0_+disjointig_1_0_998763 323368 338355 998763 -1 -1 12403 0.0402838
Chain
	Aln	1	+HG003_ont_502_start_861939 0 14998 15000 -edge_1_0_+disjointig_1_0_998763 861059 876057 998763 -1 -1 12295 0.0386992
Chain
	Aln	0	-HG003_ont_502_start_861939 1 14999 15000 +edge_1_0_+disjointig_1_0_998763 122705 137703 998763 -1 -1 12295 0.0386992
Chain
	Aln	1	+HG003_ont_503_start_125655 31 14982 15000 -edge_1_0_+disjointig_1_0_998763 124806 139757 998763 -1 -1 12686 0.0394381
Chain
	Aln	0	-HG003_ont_503_start_125655 17 14968 15000 +edge_1_0_+disjointig_1_0_998763 859005 873956 998763 -1 -1 12686 0.0394381
Chain
	Aln	1	+HG003_ont_504_start_41444 1 14979 15000 -edge_1_0_+disjointig_1_0_998763 40565 55543 998763 -1 -1 12448 0.0390387
Chain
	Aln	0	-HG003_ont_504_start_41444 20 14998 15000 +edge_1_0_+disjointig_1_0_998763 943219 958197 998763 -1 -1 12448 0.0390387
Chain
	Aln	1	+HG003_ont_505_start_172036 29 14998 15000 -edge_1_0_+disjointig_1_0_998763 171185 186154 998763 -1 -1 12390 0.0403144
Chain
	Aln	0	-HG003_ont_505_start_172036 1 14970 15000 +edge_1_0_+disjointig_1_0_998763 812608 827577 998763 -1 -1 12390 0.0403144
Chain
	Aln	1	+HG003_ont_506_start_323526 1 14990 15000 -edge_1_0_+disjointig_1_0_998763 322647 337636 998763 -1 -1 11894 0.0446617
Chain
	Aln	0	-HG003_ont_506_start_323526 9 14998 15000 +edge_1_0_+disjointig_1_0_998763 661126 676115 998763 -1 -1 11894 0.0446617
Chain
	Aln	1	+HG003_ont_507_start_282490 1 14998 15000 -edge_1_0_+disjointig_1_0_998763 281611 296608 998763 -1 -1 12503 0.040792
Chain
	Aln	0	-HG003_ont_507_start_282490 1 14998 15000 +edge_1_0_+disjointig_1_0_998763 702154 717151 998763 -1 -1 12503 0.040792
Chain
	Aln	1	+HG003_ont_508_start_580985 0 14998 15000 -edge_1_0_+disjointig_1_0_998763 580105 595103 998763 -1 -1 12380 0.0403815
Chain
	Aln	0	-HG003_ont_508_start_580985 1 14999 15000 +edge_1_0_+disjointig_1_0_998763 403659 418657 998763 -1 -1 12380 0.0403815
Chain
	Aln	1	+HG003_ont_509_start_841576 10 14998 15000 -edge_1_0_+disjointig_1_0_998763 840706 855694 998763 -1 -1 12101 0.0403968
Chain
	Aln	0	-HG003_ont_509_start_841576 1 14989 15000 +edge_1_0_+disjointig_1_0_998763 143068 158056 998763 -1 -1 12101 0.0403968
Chain
	Aln	1	+HG003_ont_510_start_45319 1 14979 15000 -edge_1_0_+disjointig_1_0_998763 44440 59418 998763 -1 -1 11981 0.0421954
Chain
	Aln	0	-HG003_ont_510_start_45319 20 14998 15000 +edge_1_0_+disjointig_1_0_998763 939344 954322 998763 -1 -1 11981 0.0421954
Chain
	Aln	1	+HG003_ont_512_start_773826 18 14997 15000 -edge_1_0_+disjointig_1_0_998763 772964 787943 998763 -1 -1 11985 0.0446644
Chain
	Aln	0	-HG003_ont_512_start_773826 2 14981 15000 +edge_1_0_+disjointig_1_0_998763 210819 225798 998763 -1 -1 11985 0.0446644
Chain
	Aln	1	+HG003_ont_511_start_339230 0 14998 15000 -edge_1_0_+disjointig_1_0_998763 338350 353348 998763 -1 -1 11980 0.0434525
Chain
	Aln	0	-HG003_ont_511_start_339230 1 14999 15000 +edge_1_0_+disjointig_1_0_998763 645414 660412 998763 -1 -1 11980 0.0434525
Chain
	Aln	1	+HG003_ont_513_start_213418 1 14977 15000 -edge_1_0_+disjointig_1_0_998763 212539 227515 998763 -1 -1 12452 0.0401084
Chain
	Aln	0	-HG003_ont_513_start_213418 22 14998 15000 +edge_1_0_+disjointig_1_0_998763 771247 786223 998763 -1 -1 12452 0.0401084
Chain
	Aln	1	+HG003_ont_514_start_801280 0 14998 15000 -edge_1_0_+disjointig_1_0_998763 800400 815398 998763 -1 -1 12353 0.0394768
Chain
	Aln	0	-HG003_ont_514_start_801280 1 14999 15000 +edge_1_0_+disjointig_1_0_998763 183364 198362 998763 -1 -1 12353 0.0394768
Chain
	Aln	1	+HG003_ont_515_start_824371 20 14998 15000 -edge_1_0_+disjointig_1_0_998763 823511 838489 998763 -1 -1 12200 0.0410874
Chain
	Aln	0	-HG003_ont_515_start_824371 1 14979 15000 +edge_1_0_+disjointig_1_0_998763 160273 175251 998763 -1 -1 12200 0.0410874
Chain
	Aln	1	+HG003_ont_516_start_967754 36 14998 15000 -edge_1_0_+disjointig_1_0_998763 966910 981872 998763 -1 -1 12417 0.0415879
Chain
	Aln	0	-HG003_ont_516_start_967754 1 14963 15000 +edge_1_0_+disjointig_1_0_998763 16890 31852 998763 -1 -1 12417 0.0415879
Chain
	Aln	1	+HG003_ont_517_start_74097 18 14998 15000 -edge_1_0_+disjointig_1_0_998763 73235 88215 998763 -1 -1 12472 0.036949
Chain
	Aln	0	-HG003_ont_517_start_74097 1 14981 15000 +edge_1_0_+disjointig_1_0_998763 910547 925527 998763 -1 -1 12472 0.036949
Chain
	Aln	1	+HG003_ont_519_start_529541 15 14971 15000 -edge_1_0_+disjointig_1_0_998763 528676 543632 998763 -1 -1 12347 0.0405996
Chain
	Aln	0	-HG003_ont_519_start_529541 28 14984 15000 +edge_1_0_+disjointig_1_0_998763 455130 470086 998763 -1 -1 12347 0.0405996
Chain
	Aln	1	+HG003_ont_518_start_394364 13 14998 15000 -edge_1_0_+disjointig_1_0_998763 393497 408482 998763 -1 -1 11925 0.0442532
Chain
	Aln	0	-HG003_ont_518_start_394364 1 14986 15000 +edge_1_0_+disjointig_1_0_998763 590280 605265 998763 -1 -1 11925 0.0442532
Chain
	Aln	1	+HG003_ont_521_start_319271 9 14955 15000 -edge_1_0_+disjointig_1_0_998763 318400 333346 998763 -1 -1 12251 0.0409379
Chain
	Aln	0	-HG003_ont_521_start_319271 44 14990 15000 +edge_1_0_+disjointig_1_0_998763 665416 680362 998763 -1 -1 12251 0.0409379
Chain
	Aln	1	+HG003_ont_520_start_286972 70 14998 15000 -edge_1_0_+disjointig_1_0_998763 286162 301090 998763 -1 -1 12012 0.0434406
Chain
	Aln	0	-HG003_ont_520_start_286972 1 14929 15000 +edge_1_0_+disjointig_1_0_998763 697672 712600 998763 -1 -1 12012 0.0434406
Chain
	Aln	1	+HG003_ont_522_start_281553 18 14998 15000 -edge_1_0_+disjointig_1_0_998763 280691 295671 998763 -1 -1 12592 0.0381985
Chain
	Aln	0	-HG003_ont_522_start_281553 1 14981 15000 +edge_1_0_+disjointig_1_0_998763 703091 718071 998763 -1 -1 12592 0.0381985
Chain
	Aln	1	+HG003_ont_524_start_365326 1 14998 15000 -edge_1_0_+disjointig_1_0_998763 364447 379444 998763 -1 -1 12613 0.0388318
Chain
	Aln	0	-HG003_ont_524_start_365326 1 14998 15000 +edge_1_0_+disjointig_1_0_998763 619318 634315 998763 -1 -1 12613 0.0388318
Chain
	Aln	1	+HG003_ont_523_start_879185 0 14969 15000 -edge_1_0_+disjointig_1_0_998763 878305 893274 998763 -1 -1 12239 0.0437092
Chain
	Aln	0	-HG003_ont_523_start_879185 30 14999 15000 +edge_1_0_+disjointig_1_0_998763 105488 120457 998763 -1 -1 12239 0.0437092
Chain
	Aln	1	+HG003_ont_526_start_373513 1 14998 15000 -edge_1_0_+disjointig_1_0_998763 372634 387631 998763 -1 -1 12150 0.0423263
Chain
	Aln	0	-HG003_ont_526_start_373513 1 14998 15000 +edge_1_0_+disjointig_1_0_998763 611131 626128 998763 -1 -1 12150 0.0423263
Chain
	Aln	1	+HG003_ont_525_start_1713 5 14982 15000 -edge_1_0_+disjointig_1_0_998763 839 15815 998763 -1 -1 12540 0.038458
Chain
	Aln	0	-HG003_ont_525_start_1713 17 14994 15000 +edge_1_0_+disjointig_1_0_998763 982947 997923 998763 -1 -1 12540 0.038458
Chain
	Aln	1	+HG003_ont_527_start_968448 1 14972 15000 -edge_1_0_+disjointig_1_0_998763 967569 982540 998763 -1 -1 12252 0.0399026
Chain
	Aln	0	-HG003_ont_527_start_968448 27 14998 15000 +edge_1_0_+disjointig_1_0_998763 16222 31193 998763 -1 -1 12252 0.0399026
Chain
	Aln	1	+HG003_ont_528_start_203913 16 14998 15000 -edge_1_0_+disjointig_1_0_998763 203049 218031 998763 -1 -1 12495 0.0399226
Chain
	Aln	0	-HG003_ont_528_start_203913 1 14983 15000 +edge_1_0_+disjointig_1_0_998763 780731 795713 998763 -1 -1 12495 0.0399226
Chain
	Aln	1	+HG003_ont_530_start_504779 15 14980 15000 -edge_1_0_+disjointig_1_0_998763 503914 518879 998763 -1 -1 12052 0.0443164
Chain
	Aln	0	-HG003_ont_530_start_504779 19 14984 15000 +edge_1_0_+disjointig_1_0_998763 479883 494848 998763 -1 -1 12052 0.0443164
Chain
	Aln	1	+HG003_ont_529_start_804093 23 14969 15000 -edge_1_0_+disjointig_1_0_998763 803236 818182 998763 -1 -1 12079 0.0410327
Chain
	Aln	0	-HG003_ont_529_start_804093 30 14976 15000 +edge_1_0_+disjointig_1_0_998763 180580 195526 998763 -1 -1 12079 0.0410327
Chain
	Aln	1	+HG003_ont_531_start_463854 44 14981 15000 -edge_1_0_+disjointig_1_0_998763 463018 477955 998763 -1 -1 12181 0.0413303
Chain
	Aln	0	-HG003_ont_531_start_463854 18 14955 15000 +edge_1_0_+disjointig_1_0_998763 520807 535744 998763 -1 -1 12181 0.0413303
Chain
	Aln	1	+HG003_ont_532_start_74101 6 14991 15000 -edge_1_0_+disjointig_1_0_998763 73227 88212 998763 -1 -1 12563 0.0386785
Chain
	Aln	0	-HG003_ont_532_start_74101 8 14993 15000 +edge_1_0_+disjointig_1_0_998763 910550 925535 998763 -1 -1 12563 0.0386785
Chain
	Aln	1	+HG003_ont_533_start_441504 21 14982 15000 -edge_1_0_+disjointig_1_0_998763 440645 455606 998763 -1 -1 12326 0.040533
Chain
	Aln	0	-HG003_ont_533_start_441504 17 14978 15000 +edge_1_0_+disjointig_1_0_998763 543156 558117 998763 -1 -1 12326 0.040533
Chain
	Aln	1	+HG003_ont_534_start_289420 1 14986 15000 -edge_1_0_+disjointig_1_0_998763 288541 303526 998763 -1 -1 12449 0.0399189
Chain
	Aln	0	-HG003_ont_534_start_289420 13 14998 15000 +edge_1_0_+disjointig_1_0_998763 695236 710221 998763 -1 -1 12449 0.0399189
Chain
	Aln	1	+HG003_ont_535_start_587888 1 14988 15000 -edge_1_0_+disjointig_1_0_998763 587009 601996 998763 -1 -1 12164 0.0429513
Chain
	Aln	0	-HG003_ont_535_start_587888 11 14998 15000 +edge_1_0_+disjointig_1_0_998763 396766 411753 998763 -1 -1 12164 0.0429513
Chain
	Aln	1	+HG003_ont_536_start_505251 1 14998 15000 -edge_1_0_+disjointig_1_0_998763 504372 519369 998763 -1 -1 12562 0.0387332
Chain
	Aln	0	-HG003_ont_536_start_505251 1 14998 15000 +edge_1_0_+disjointig_1_0_998763 479393 494390 998763 -1 -1 12562 0.0387332
Chain
	Aln	1	+HG003_ont_537_start_551727 0 14998 15000 -edge_1_0_+disjointig_1_0_998763 550847 565845 998763 -1 -1 12445 0.0415064
Chain
	Aln	0	-HG003_ont_537_start_551727 1 14999 15000 +edge_1_0_+disjointig_1_0_998763 432917 447915 998763 -1 -1 12445 0.0415064
Chain
	Aln	1	+HG003_ont_538_start_504170 5 14998 15000 -edge_1_0_+disjointig_1_0_998763 503295 518288 998763 -1 -1 12539 0.0376884
Chain
	Aln	0	-HG003_ont_538_start_504170 1 14994 15000 +edge_1_0_+disjointig_1_0_998763 480474 495467 998763 -1 -1 12539 0.0376884
Chain
	Aln	1	+HG003_ont_539_start_636197 13 14993 15000 -edge_1_0_+disjointig_1_0_998763 635330 650310 998763 -1 -1 12004 0.0431851
Chain
	Aln	0	-HG003_ont_539_start_636197 6 14986 15000 +edge_1_0_+disjointig_1_0_998763 348452 363432 998763 -1 -1 12004 0.0431851
Chain
	Aln	1	+HG003_ont_540_start_764085 15 14998 15000 -edge_1_0_+disjointig_1_0_998763 763220 778203 998763 -1 -1 11921 0.0433526
Chain
	Aln	0	-HG003_ont_540_start_764085 1 14984 15000 +edge_1_0_+disjointig_1_0_998763 220559 235542 998763 -1 -1 11921 0.0433526
Chain
	Aln	1	+HG003_ont_541_start_48180 1 14995 15000 -edge_1_0_+disjointig_1_0_998763 47301 62295 998763 -1 -1 12199 0.0442719
Chain
	Aln	0	-HG003_ont_541_start_48180 4 14998 15000 +edge_1_0_+disjointig_1_0_998763 936467 951461 998763 -1 -1 12199 0.0442719
Chain
	Aln	1	+HG003_ont_542_start_483597 1 14994 15000 -edge_1_0_+disjointig_1_0_998763 482718 497711 998763 -1 -1 12238 0.0414789
Chain
	Aln	0	-HG003_ont_542_start_483597 5 14998 15000 +edge_1_0_+disjointig_1_0_998763 501051 516044 998763 -1 -1 12238 0.0414789
Chain
	Aln	1	+HG003_ont_543_start_797895 0 14998 15000 -edge_1_0_+disjointig_1_0_998763 797015 812013 998763 -1 -1 12344 0.0410397
Chain
	Aln	0	-HG003_ont_543_start_797895 1 14999 15000 +edge_1_0_+disjointig_1_0_998763 186749 201747 998763 -1 -1 12344 0.0410397
Chain
	Aln	1	+HG003_ont_544_start_516937 0 14998 15000 -edge_1_0_+disjointig_1_0_998763 516057 531055 998763 -1 -1 12358 0.0400551
Chain
	Aln	0	-HG003_ont_544_start_516937 1 14999 15000 +edge_1_0_+disjointig_1_0_998763 467707 482705 998763 -1 -1 12358 0.0400551
Chain
	Aln	1	+HG003_ont_545_start_775402 1 14945 15000 -edge_1_0_+disjointig_1_0_998763 774523 789467 998763 -1 -1 12427 0.040427
Chain
	Aln	0	-HG003_ont_545_start_775402 54 14998 15000 +edge_1_0_+disjointig_1_0_998763 209295 224239 998763 -1 -1 12427 0.040427
Chain
	Aln	1	+HG003_ont_546_start_781736 1 14996 15000 -edge_1_0_+disjointig_1_0_998763 780857 795852 998763 -1 -1 12419 0.0405648
Chain
	Aln	0	-HG003_ont_546_start_781736 3 14998 15000 +edge_1_0_+disjointig_1_0_998763 202910 217905 998763 -1 -1 12419 0.0405648
Chain
	Aln	1	+HG003_ont_547_start_702693 2 14996 15000 -edge_1_0_+disjointig_1_0_998763 701815 716809 998763 -1 -1 12459 0.0412529
Chain
	Aln	0	-HG003_ont_547_start_702693 3 14997 15000 +edge_1_0_+disjointig_1_0_998763 281953 296947 998763 -1 -1 12459 0.0412529
Chain
	Aln	1	+HG003_ont_548_start_839224 17 14991 15000 -edge_1_0_+disjointig_1_0_998763 838361 853335 998763 -1 -1 12355 0.0413646
Chain
	Aln	0	-HG003_ont_548_start_839224 8 14982 15000 +edge_1_0_+disjointig_1_0_998763 145427 160401 998763 -1 -1 12355 0.0413646
Chain
	Aln	1	+HG003_ont_549_start_969066 2 14998 15000 -edge_1_0_+disjointig_1_0_998763 968188 983184 998763 -1 -1 12083 0.0424757
Chain
	Aln	0	-HG003_ont_549_start_969066 1 14997 15000 +edge_1_0_+disjointig_1_0_998763 15578 30574 998763 -1 -1 12083 0.0424757
Chain
	Aln	1	+HG003_ont_550_start_673410 25 14986 15000 -edge_1_0_+disjointig_1_0_998763 672555 687516 998763 -1 -1 12401 0.0394544
Chain
	Aln	0	-HG003_ont_550_start_673410 13 14974 15000 +edge_1_0_+disjointig_1_0_998763 311246 326207 998763 -1 -1 12401 0.0394544
Chain
	Aln	1	+HG003_ont_552_start_430838 12 14981 15000 -edge_1_0_+disjointig_1_0_998763 429970 444939 998763 -1 -1 12378 0.0424424
Chain
	Aln	0	-HG003_ont_552_start_430838 18 14987 15000 +edge_1_0_+disjointig_1_0_998763 553823 568792 998763 -1 -1 12378 0.0424424
Chain
	Aln	1	+HG003_ont_551_start_404023 59 14984 15000 -edge_1_0_+disjointig_1_0_998763 403202 418127 998763 -1 -1 12104 0.040001
Chain
	Aln	0	-HG003_ont_551_start_404023 15 14940 15000 +edge_1_0_+disjointig_1_0_998763 580635 595560 998763 -1 -1 12104 0.040001
Chain
	Aln	1	+HG003_ont_553_start_750872 2 14998 15000 -edge_1_0_+disjointig_1_0_998763 749994 764990 998763 -1 -1 12376 0.0402802
Chain
	Aln	0	-HG003_ont_553_start_750872 1 14997 15000 +edge_1_0_+disjointig_1_0_998763 233772 248768 998763 -1 -1 12376 0.0402802
Chain
	Aln	1	+HG003_ont_554_start_621482 25 14998 15000 -edge_1_0_+disjointig_1_0_998763 620627 635600 998763 -1 -1 11862 0.0430105
Chain
	Aln	0	-HG003_ont_554_start_621482 1 14974 15000 +edge_1_0_+disjointig_1_0_998763 363162 378135 998763 -1 -1 11862 0.0430105
Chain
	Aln	1	+HG003_ont_555_start_51433 13 14998 15000 -edge_1_0_+disjointig_1_0_998763 50566 65551 998763 -1 -1 12540 0.0357739
Chain
	Aln	0	-HG003_ont_555_start_51433 1 14986 15000 +edge_1_0_+disjointig_1_0_998763 933211 948196 998763 -1 -1 12540 0.0357739
Chain
	Aln	1	+HG003_ont_556_start_604083 0 14984 15000 -edge_1_0_+disjointig_1_0_998763 603203 618187 998763 -1 -1 12051 0.0422995
Chain
	Aln	0	-HG003_ont_556_start_604083 15 14999 15000 +edge_1_0_+disjointig_1_0_998763 380575 395559 998763 -1 -1 12051 0.0422995
Chain
	Aln	1	+HG003_ont_557_start_243712 8 14998 15000 -edge_1_0_+disjointig_1_0_998763 242840 257830 998763 -1 -1 12222 0.0405843
Chain
	Aln	0	-HG003_ont_557_start_243712 1 14991 15000 +edge_1_0_+disjointig_1_0_998763 740932 755922 998763 -1 -1 12222 0.0405843
Chain
	Aln	1	+HG003_ont_558_start_210789 7 14998 15000 -edge_1_0_+disjointig_1_0_998763 209916 224907 998763 -1 -1 12187 0.0416221
Chain
	Aln	0	-HG003_ont_558_start_210789 1 14992 15000 +edge_1_0_+disjointig_1_0_998763 773855 788846 998763 -1 -1 12187 0.0416221
Chain
	Aln	1	+HG003_ont_560_start_847382 1 14994 15000 -edge_1_0_+disjointig_1_0_998763 846503 861496 998763 -1 -1 12337 0.0384831
Chain
	Aln	0	-HG003_ont_560_start_847382 5 14998 15000 +edge_1_0_+disjointig_1_0_998763 137266 152259 998763 -1 -1 12337 0.0384831
Chain
	Aln	1	+HG003_ont_561_start_813083 1 14998 15000 -edge_1_0_+disjointig_1_0_998763 812204 827201 998763 -1 -1 12454 0.0411778
Chain
	Aln	0	-HG003_ont_561_start_813083 1 14998 15000 +edge_1_0_+disjointig_1_0_998763 171561 186558 998763 -1 -1 12454 0.0411778
Chain
	Aln	1	+HG003_ont_559_start_548162 1 14992 15000 -edge_1_0_+disjointig_1_0_998763 547283 562274 998763 -1 -1 12040 0.0447871
Chain
	Aln	0	-HG003_ont_559_start_548162 7 14998 15000 +edge_1_0_+disjointig_1_0_998763 436488 451479 998763 -1 -1 12040 0.0447871
Chain
	Aln	1	+HG003_ont_562_start_891288 1 14998 15000 -edge_1_0_+disjointig_1_0_998763 890409 905406 998763 -1 -1 12212 0.0437778
Chain
	Aln	0	-HG003_ont_562_start_891288 1 14998 15000 +edge_1_0_+disjointig_1_0_998763 93356 108353 998763 -1 -1 12212 0.0437778
Chain
	Aln	1	+HG003_ont_563_start_807946 11 14998 15000 -edge_1_0_+disjointig_1_0_998763 807077 822064 998763 -1 -1 12306 0.0401671
Chain
	Aln	0	-HG003_ont_563_start_807946 1 14988 15000 +edge_1_0_+disjointig_1_0_998763 176698 191685 998763 -1 -1 12306 0.0401671
Chain
	Aln	1	+HG003_ont_564_start_876118 4 14983 15000 -edge_1_0_+disjointig_1_0_998763 875242 890221 998763 -1 -1 12184 0.0398412
Chain
	Aln	0	-HG003_ont_564_start_876118 16 14995 15000 +edge_1_0_+disjointig_1_0_998763 108541 123520 998763 -1 -1 12184 0.0398412
Chain
	Aln	1	+HG003_ont_565_start_274714 45 14998 15000 -edge_1_0_+disjointig_1_0_998763 273879 288832 998763 -1 -1 12133 0.0406348
Chain
	Aln	0	-HG003_ont_565_start_274714 1 14954 15000 +edge_1_0_+disjointig_1_0_998763 709930 724883 998763 -1 -1 12133 0.0406348
Chain
	Aln	1	+HG003_ont_566_start_323343 15 14993 15000 -edge_1_0_+disjointig_1_0_998763 322478 337456 998763 -1 -1 11924 0.0417545
Chain
	Aln	0	-HG003_ont_566_start_323343 6 14984 15000 +edge_1_0_+disjointig_1_0_998763 661306 676284 998763 -1 -1 11924 0.0417545
Chain
	Aln	1	+HG003_ont_568_start_916873 1 14998 15000 -edge_1_0_+disjointig_1_0_998763 915994 930991 998763 -1 -1 12237 0.0413756
Chain
	Aln	0	-HG003_ont_568_start_916873 1 14998 15000 +edge_1_0_+disjointig_1_0_998763 67771 82768 998763 -1 -1 12237 0.0413756
Chain
	Aln	1	+HG003_ont_567_start_448933 1 14998 15000 -edge_1_0_+disjointig_1_0_998763 448054 463051 998763 -1 -1 12534 0.0390675
Chain
	Aln	0	-HG003_ont_567_start_448933 1 14998 15000 +edge_1_0_+disjointig_1_0_998763 535711 550708 998763 -1 -1 12534 0.0390675
Chain
	Aln	1	+HG003_ont_570_start_949750 40 14926 15000 -edge_1_0_+disjointig_1_0_998763 948910 963796 998763 -1 -1 12071 0.0420103
Chain
	Aln	0	-HG003_ont_570_start_949750 73 14959 15000 +edge_1_0_+disjointig_1_0_998763 34966 49852 998763 -1 -1 12071 0.0420103
Chain
	Aln	1	+HG003_ont_569_start_178426 18 14971 15000 -edge_1_0_+disjointig_1_0_998763 177564 192517 998763 -1 -1 12636 0.0347322
Chain
	Aln	0	-HG003_ont_569_start_178426 28 14981 15000 +edge_1_0_+disjointig_1_0_998763 806245 821198 998763 -1 -1 12636 0.0347322
Chain
	Aln	1	+HG003_ont_571_start_426617 18 14991 15000 -edge_1_0_+disjointig_1_0_998763 425755 440728 998763 -1 -1 12319 0.0412655
Chain
	Aln	0	-HG003_ont_571_start_426617 8 14981 15000 +edge_1_0_+disjointig_1_0_998763 558034 573007 998763 -1 -1 12319 0.0412655
Chain
	Aln	1	+HG003_ont_572_start_845494 18 14966 15000 -edge_1_0_+disjointig_1_0_998763 844632 859580 998763 -1 -1 12136 0.0442162
Chain
	Aln	0	-HG003_ont_572_start_845494 33 14981 15000 +edge_1_0_+disjointig_1_0_998763 139182 154130 998763 -1 -1 12136 0.0442162
Chain
	Aln	1	+HG003_ont_573_start_638329 17 14986 15000 -edge_1_0_+disjointig_1_0_998763 637466 652435 998763 -1 -1 12110 0.041131
Chain
	Aln	0	-HG003_ont_573_start_638329 13 14982 15000 +edge_1_0_+disjointig_1_0_998763 346327 361296 998763 -1 -1 12110 0.041131
Chain
	Aln	1	+HG003_ont_574_start_130800 35 14987 15000 -edge_1_0_+disjointig_1_0_998763 129955 144907 998763 -1 -1 11855 0.0453864
Chain
	Aln	0	-HG003_ont_574_start_130800 12 14964 15000 +edge_1_0_+disjointig_1_0_998763 853855 868807 998763 -1 -1 11855 0.0453864
Chain
	Aln	1	+HG003_ont_575_start_691818 11 14998 15000 -edge_1_0_+disjointig_1_0_998763 690949 705936 998763 -1 -1 12317 0.0388533
Chain
	Aln	0	-HG003_ont_575_start_691818 1 14988 15000 +edge_1_0_+disjointig_1_0_998763 292826 307813 998763 -1 -1 12317 0.0388533
Chain
	Aln	1	+HG003_ont_576_start_440844 1 14998 15000 -edge_1_0_+disjointig_1_0_998763 439965 454962 998763 -1 -1 12649 0.0381976
Chain
	Aln	0	-HG003_ont_576_start_440844 1 14998 15000 +edge_1_0_+disjointig_1_0_998763 543800 558797 998763 -1 -1 12649 0.0381976
Chain
	Aln	1	+HG003_ont_577_start_980344 1 14991 15000 -edge_1_0_+disjointig_1_0_998763 979465 994455 998763 -1 -1 12260 0.0407881
Chain
	Aln	0	-HG003_ont_577_start_980344 8 14998 15000 +edge_1_0_+disjointig_1_0_998763 4307 19297 998763 -1 -1 12260 0.0407881
Chain
	Aln	1	+HG003_ont_578_start_162403 1 14998 15000 -edge_1_0_+disjointig_1_0_998763 161524 176521 998763 -1 -1 12289 0.039966
Chain
	Aln	0	-HG003_ont_578_start_162403 1 14998 15000 +edge_1_0_+disjointig_1_0_998763 822241 837238 998763 -1 -1 12289 0.039966
Chain
	Aln	1	+HG003_ont_579_start_40912 43 14998 15000 -edge_1_0_+disjointig_1_0_998763 40075 55030 998763 -1 -1 12062 0.042355
Chain
	Aln	0	-HG003_ont_579_start_40912 1 14956 15000 +edge_1_0_+disjointig_1_0_998763 943732 958687 998763 -1 -1 12062 0.042355
Chain
	Aln	1	+HG003_ont_580_start_192102 13 14998 15000 -edge_1_0_+disjointig_1_0_998763 191235 206220 998763 -1 -1 12151 0.0418859
Chain
	Aln	0	-HG003_ont_580_start_192102 1 14986 15000 +edge_1_0_+disjointig_1_0_998763 792542 807527 998763 -1 -1 12151 0.0418859
Chain
	Aln	1	+HG003_ont_581_start_284815 17 14983 15000 -edge_1_0_+disjointig_1_0_998763 283952 298918 998763 -1 -1 12700 0.0385357
Chain
	Aln	0	-HG003_ont_581_start_284815 16 14982 15000 +edge_1_0_+disjointig_1_0_998763 699844 714810 998763 -1 -1 12700 0.0385357
Chain
	Aln	1	+HG003_ont_582_start_545760 1 14998 15000 -edge_1_0_+disjointig_1_0_998763 544881 559878 998763 -1 -1 12340 0.0414469
Chain
	Aln	0	-HG003_ont_582_start_545760 1 14998 15000 +edge_1_0_+disjointig_1_0_998763 438884 453881 998763 -1 -1 12340 0.0414469
Chain
	Aln	1	+HG003_ont_584_start_453779 1 14977 15000 -edge_1_0_+disjointig_1_0_998763 452900 467876 998763 -1 -1 12340 0.0387569
Chain
	Aln	0	-HG003_ont_584_start_453779 22 14998 15000 +edge_1_0_+disjointig_1_0_998763 530886 545862 998763 -1 -1 12340 0.0387569
Chain
	Aln	1	+HG003_ont_583_start_457560 5 14996 15000 -edge_1_0_+disjointig_1_0_998763 456685 471676 998763 -1 -1 12317 0.0402217
Chain
	Aln	0	-HG003_ont_583_start_457560 3 14994 15000 +edge_1_0_+disjointig_1_0_998763 527086 542077 998763 -1 -1 12317 0.0402217
Chain
	Aln	1	+HG003_ont_585_start_310778 1 14998 15000 -edge_1_0_+disjointig_1_0_998763 309899 324896 998763 -1 -1 12092 0.0395112
Chain
	Aln	0	-HG003_ont_585_start_310778 1 14998 15000 +edge_1_0_+disjointig_1_0_998763 673866 688863 998763 -1 -1 12092 0.0395112
Chain
	Aln	1	+HG003_ont_586_start_664309 2 14998 15000 -edge_1_0_+disjointig_1_0_998763 663431 678427 998763 -1 -1 12408 0.0391704
Chain
	Aln	0	-HG003_ont_586_start_664309 1 14997 15000 +edge_1_0_+disjointig_1_0_998763 320335 335331 998763 -1 -1 12408 0.0391704
Chain
	Aln	1	+HG003_ont_587_start_385660 1 14992 15000 -edge_1_0_+disjointig_1_0_998763 384781 399772 998763 -1 -1 12274 0.0427232
Chain
	Aln	0	-HG003_ont_587_start_385660 7 14998 15000 +edge_1_0_+disjointig_1_0_998763 598990 613981 998763 -1 -1 12274 0.0427232
Chain
	Aln	1	+HG003_ont_588_start_318968 3 14994 15000 -edge_1_0_+disjointig_1_0_998763 318091 333082 998763 -1 -1 12327 0.040643
Chain
	Aln	0	-HG003_ont_588_start_318968 5 14996 15000 +edge_1_0_+disjointig_1_0_998763 665680 680671 998763 -1 -1 12327 0.040643
Chain
	Aln	1	+HG003_ont_589_start_149412 13 14998 15000 -edge_1_0_+disjointig_1_0_998763 148545 163530 998763 -1 -1 11890 0.0430903
Chain
	Aln	0	-HG003_ont_589_start_149412 1 14986 15000 +edge_1_0_+disjointig_1_0_998763 835232 850217 998763 -1 -1 11890 0.0430903
Chain
	Aln	1	+HG003_ont_590_start_537742 0 14997 15000 -edge_1_0_+disjointig_1_0_998763 536862 551859 998763 -1 -1 12257 0.0392278
Chain
	Aln	0	-HG003_ont_590_start_537742 2 14999 15000 +edge_1_0_+disjointig_1_0_998763 446903 461900 998763 -1 -1 12257 0.0392278
Chain
	Aln	1	+HG003_ont_591_start_755956 9 14990 15000 -edge_1_0_+disjointig_1_0_998763 755085 770066 998763 -1 -1 12107 0.0417104
Chain
	Aln	0	-HG003_ont_591_start_755956 9 14990 15000 +edge_1_0_+disjointig_1_0_998763 228696 243677 998763 -1 -1 12107 0.0417104
Chain
	Aln	1	+HG003_ont_592_start_227118 1 14981 15000 -edge_1_0_+disjointig_1_0_998763 226239 241219 998763 -1 -1 12297 0.0413406
Chain
	Aln	0	-HG003_ont_592_start_227118 18 14998 15000 +edge_1_0_+disjointig_1_0_998763 757543 772523 998763 -1 -1 12297 0.0413406
Chain
	Aln	1	+HG003_ont_593_start_688657 1 14998 15000 -edge_1_0_+disjointig_1_0_998763 687778 702775 998763 -1 -1 12103 0.0424473
Chain
	Aln	0	-HG003_ont_593_start_688657 1 14998 15000 +edge_1_0_+disjointig_1_0_998763 295987 310984 998763 -1 -1 12103 0.0424473
Chain
	Aln	1	+HG003_ont_594_start_357133 23 14986 15000 -edge_1_0_+disjointig_1_0_998763 356276 371239 998763 -1 -1 12232 0.0405252
Chain
	Aln	0	-HG003_ont_594_start_357133 13 14976 15000 +edge_1_0_+disjointig_1_0_998763 627523 642486 998763 -1 -1 12232 0.0405252
Chain
	Aln	1	+HG003_ont_596_start_973335 78 14998 15000 -edge_1_0_+disjointig_1_0_998763 972533 987453 998763 -1 -1 12046 0.0439226
Chain
	Aln	0	-HG003_ont_596_start_973335 1 14921 15000 +edge_1_0_+disjointig_1_0_998763 11309 26229 998763 -1 -1 12046 0.0439226
Chain
	Aln	1	+HG003_ont_595_start_678511 0 14998 15000 -edge_1_0_+disjointig_1_0_998763 677631 692629 998763 -1 -1 12443 0.0377081
Chain
	Aln	0	-HG003_ont_595_start_678511 1 14999 15000 +edge_1_0_+disjointig_1_0_998763 306133 321131 998763 -1 -1 12443 0.0377081
Chain
	Aln	1	+HG003_ont_597_start_144616 0 14995 15000 -edge_1_0_+disjointig_1_0_998763 143736 158731 998763 -1 -1 12141 0.0408627
Chain
	Aln	0	-HG003_ont_597_start_144616 4 14999 15000 +edge_1_0_+disjointig_1_0_998763 840031 855026 998763 -1 -1 12141 0.0408627
Chain
	Aln	1	+HG003_ont_598_start_503097 1 14939 15000 -edge_1_0_+disjointig_1_0_998763 502218 517156 998763 -1 -1 12512 0.037435
Chain
	Aln	0	-HG003_ont_598_start_503097 60 14998 15000 +edge_1_0_+disjointig_1_0_998763 481606 496544 998763 -1 -1 12512 0.037435
Chain
	Aln	1	+HG003_ont_599_start_663474 19 14980 15000 -edge_1_0_+disjointig_1_0_998763 662613 677574 998763 -1 -1 12666 0.0392624
Chain
	Aln	0	-HG003_ont_599_start_663474 19 14980 15000 +edge_1_0_+disjointig_1_0_998763 321188 336149 998763 -1 -1 12666 0.0392624
Chain
	Aln	1	+HG003_ont_600_start_483179 1 14986 15000 -edge_1_0_+disjointig_1_0_998763 482300 497285 998763 -1 -1 12535 0.0402448
Chain
	Aln	0	-HG003_ont_600_start_483179 13 14998 15000 +edge_1_0_+disjointig_1_0_998763 501477 516462 998763 -1 -1 12535 0.0402448
Chain
	Aln	1	+HG003_ont_601_start_929329 0 14998 15000 -edge_1_0_+disjointig_1_0_998763 928449 943447 998763 -1 -1 12146 0.0437983
Chain
	Aln	0	-HG003_ont_601_start_929329 1 14999 15000 +edge_1_0_+disjointig_1_0_998763 55315 70313 998763 -1 -1 12146 0.0437983
Chain
	Aln	1	+HG003_ont_602_start_28263 1 14985 15000 -edge_1_0_+disjointig_1_0_998763 27384 42368 998763 -1 -1 12280 0.0411109
Chain
	Aln	0	-HG003_ont_602_start_28263 14 14998 15000 +edge_1_0_+disjointig_1_0_998763 956394 971378 998763 -1 -1 12280 0.0411109
Chain
	Aln	1	+HG003_ont_603_start_868683 22 14979 15000 -edge_1_0_+disjointig_1_0_998763 867825 882782 998763 -1 -1 12241 0.0383417
Chain
	Aln	0	-HG003_ont_603_start_868683 20 14977 15000 +edge_1_0_+disjointig_1_0_998763 115980 130937 998763 -1 -1 12241 0.0383417
Chain
	Aln	1	+HG003_ont_604_start_818877 7 14998 15000 -edge_1_0_+disjointig_1_0_998763 818004 832995 998763 -1 -1 12209 0.0420857
Chain
	Aln	0	-HG003_ont_604_start_818877 1 14992 15000 +edge_1_0_+disjointig_1_0_998763 165767 180758 998763 -1 -1 12209 0.0420857
Chain
	Aln	1	+HG003_ont_605_start_641906 2 14978 15000 -edge_1_0_+disjointig_1_0_998763 641028 656004 998763 -1 -1 12545 0.0415155
Chain
	Aln	0	-HG003_ont_605_start_641906 21 14997 15000 +edge_1_0_+disjointig_1_0_998763 342758 357734 998763 -1 -1 12545 0.0415155
Chain
	Aln	1	+HG003_ont_606_start_453578 19 14986 15000 -edge_1_0_+disjointig_1_0_998763 452717 467684 998763 -1 -1 12350 0.0408707
Chain
	Aln	0	-HG003_ont_606_start_453578 13 14980 15000 +edge_1_0_+disjointig_1_0_998763 531078 546045 998763 -1 -1 12350 0.0408707
Chain
	Aln	1	+HG003_ont_607_start_298456 22 14990 15000 -edge_1_0_+disjointig_1_0_998763 297598 312566 998763 -1 -1 12016 0.0412379
Chain
	Aln	0	-HG003_ont_607_start_298456 9 14977 15000 +edge_1_0_+disjointig_1_0_998763 686196 701164 998763 -1 -1 12016 0.0412379
Chain
	Aln	1	+HG003_ont_608_start_699885 7 14998 15000 -edge_1_0_+disjointig_1_0_998763 699012 714003 998763 -1 -1 12369 0.036926
Chain
	Aln	0	-HG003_ont_608_start_699885 1 14992 15000 +edge_1_0_+disjointig_1_0_998763 284759 299750 998763 -1 -1 12369 0.036926
Chain
	Aln	1	+HG003_ont_609_start_801887 0 14995 15000 -edge_1_0_+disjointig_1_0_998763 801007 816002 998763 -1 -1 12275 0.0427307
Chain
	Aln	0	-HG003_ont_609_start_801887 4 14999 15000 +edge_1_0_+disjointig_1_0_998763 182760 197755 998763 -1 -1 12275 0.0427307
Chain
	Aln	1	+HG003_ont_610_start_835523 0 14998 15000 -edge_1_0_+disjointig_1_0_998763 834643 849641 998763 -1 -1 12361 0.0402802
Chain
	Aln	0	-HG003_ont_610_start_835523 1 14999 15000 +edge_1_0_+disjointig_1_0_998763 149121 164119 998763 -1 -1 12361 0.0402802
Chain
	Aln	1	+HG003_ont_611_start_548153 1 14998 15000 -edge_1_0_+disjointig_1_0_998763 547274 562271 998763 -1 -1 12203 0.0441173
Chain
	Aln	0	-HG003_ont_611_start_548153 1 14998 15000 +edge_1_0_+disjointig_1_0_998763 436491 451488 998763 -1 -1 12203 0.0441173
Chain
	Aln	1	+HG003_ont_612_start_913106 1 14990 15000 -edge_1_0_+disjointig_1_0_998763 912227 927216 998763 -1 -1 12114 0.0424563
Chain
	Aln	0	-HG003_ont_612_start_913106 9 14998 15000 +edge_1_0_+disjointig_1_0_998763 71546 86535 998763 -1 -1 12114 0.0424563
Chain
	Aln	1	+HG003_ont_613_start_323459 44 14989 15000 -edge_1_0_+disjointig_1_0_998763 322623 337568 998763 -1 -1 11864 0.044338
Chain
	Aln	0	-HG003_ont_613_start_323459 10 14955 15000 +edge_1_0_+disjointig_1_0_998763 661194 676139 998763 -1 -1 11864 0.044338
Chain
	Aln	1	+HG003_ont_614_start_144954 0 14995 15000 -edge_1_0_+disjointig_1_0_998763 144074 159069 998763 -1 -1 12407 0.0400356
Chain
	Aln	0	-HG003_ont_614_start_144954 4 14999 15000 +edge_1_0_+disjointig_1_0_998763 839693 854688 998763 -1 -1 12407 0.0400356
Chain
	Aln	1	+HG003_ont_615_start_218347 16 14982 15000 -edge_1_0_+disjointig_1_0_998763 217483 232449 998763 -1 -1 12092 0.0420277
Chain
	Aln	0	-HG003_ont_615_start_218347 17 14983 15000 +edge_1_0_+disjointig_1_0_998763 766313 781279 998763 -1 -1 12092 0.0420277
Chain
	Aln	1	+HG003_ont_616_start_403985 1 14994 15000 -edge_1_0_+disjointig_1_0_998763 403106 418099 998763 -1 -1 12310 0.0383248
Chain
	Aln	0	-HG003_ont_616_start_403985 5 14998 15000 +edge_1_0_+disjointig_1_0_998763 580663 595656 998763 -1 -1 12310 0.0383248
Chain
	Aln	1	+HG003_ont_617_start_611730 1 14997 15000 -edge_1_0_+disjointig_1_0_998763 610851 625847 998763 -1 -1 12410 0.038427
Chain
	Aln	0	-HG003_ont_617_start_611730 2 14998 15000 +edge_1_0_+disjointig_1_0_998763 372915 387911 998763 -1 -1 12410 0.038427
Chain
	Aln	1	+HG003_ont_618_start_98911 28 14998 15000 -edge_1_0_+disjointig_1_0_998763 98059 113029 998763 -1 -1 11799 0.0449825
Chain
	Aln	0	-HG003_ont_618_start_98911 1 14971 15000 +edge_1_0_+disjointig_1_0_998763 885733 900703 998763 -1 -1 11799 0.0449825
Chain
	Aln	1	+HG003_ont_619_start_453204 20 14998 15000 -edge_1_0_+disjointig_1_0_998763 452344 467322 998763 -1 -1 12527 0.0371254
Chain
	Aln	0	-HG003_ont_619_start_453204 1 14979 15000 +edge_1_0_+disjointig_1_0_998763 531440 546418 998763 -1 -1 12527 0.0371254
Chain
	Aln	1	+HG003_ont_620_start_455576 0 14998 15000 -edge_1_0_+disjointig_1_0_998763 454696 469694 998763 -1 -1 12275 0.0422256
Chain
	Aln	0	-HG003_ont_620_start_455576 1 14999 15000 +edge_1_0_+disjointig_1_0_998763 529068 544066 998763 -1 -1 12275 0.0422256
Chain
	Aln	1	+HG003_ont_621_start_137177 8 14982 15000 -edge_1_0_+disjointig_1_0_998763 136305 151279 998763 -1 -1 11957 0.0422441
Chain
	Aln	0	-HG003_ont_621_start_137177 17 14991 15000 +edge_1_0_+disjointig_1_0_998763 847483 862457 998763 -1 -1 11957 0.0422441
Chain
	Aln	1	+HG003_ont_623_start_629420 50 14981 15000 -edge_1_0_+disjointig_1_0_998763 628590 643521 998763 -1 -1 12643 0.036911
Chain
	Aln	0	-HG003_ont_623_start_629420 18 14949 15000 +edge_1_0_+disjointig_1_0_998763 355241 370172 998763 -1 -1 12643 0.036911
Chain
	Aln	1	+HG003_ont_622_start_415463 1 14989 15000 -edge_1_0_+disjointig_1_0_998763 414584 429572 998763 -1 -1 12663 0.0367527
Chain
	Aln	0	-HG003_ont_622_start_415463 10 14998 15000 +edge_1_0_+disjointig_1_0_998763 569190 584178 998763 -1 -1 12663 0.0367527
Chain
	Aln	1	+HG003_ont_624_start_490974 6 14998 15000 -edge_1_0_+disjointig_1_0_998763 490100 505092 998763 -1 -1 12442 0.0401246
Chain
	Aln	0	-HG003_ont_624_start_490974 1 14993 15000 +edge_1_0_+disjointig_1_0_998763 493670 508662 998763 -1 -1 12442 0.0401246
Chain
	Aln	1	+HG003_ont_627_start_668457 12 14998 15000 -edge_1_0_+disjointig_1_0_998763 667589 682575 998763 -1 -1 12294 0.0406312
Chain
	Aln	0	-HG003_ont_627_start_668457 1 14987 15000 +edge_1_0_+disjointig_1_0_998763 316187 331173 998763 -1 -1 12294 0.0406312
Chain
	Aln	1	+HG003_ont_626_start_38378 19 14968 15000 -edge_1_0_+disjointig_1_0_998763 37517 52466 998763 -1 -1 12018 0.0426881
Chain
	Aln	0	-HG003_ont_626_start_38378 31 14980 15000 +edge_1_0_+disjointig_1_0_998763 946296 961245 998763 -1 -1 12018 0.0426881
Chain
	Aln	1	+HG003_ont_625_start_252188 29 14989 15000 -edge_1_0_+disjointig_1_0_998763 251337 266297 998763 -1 -1 12005 0.0405369
Chain
	Aln	0	-HG003_ont_625_start_252188 10 14970 15000 +edge_1_0_+disjointig_1_0_998763 732465 747425 998763 -1 -1 12005 0.0405369
Chain
	Aln	1	+HG003_ont_629_start_958537 21 14998 15000 -edge_1_0_+disjointig_1_0_998763 957678 972655 998763 -1 -1 12347 0.0395634
Chain
	Aln	0	-HG003_ont_629_start_958537 1 14978 15000 +edge_1_0_+disjointig_1_0_998763 26107 41084 998763 -1 -1 12347 0.0395634
Chain
	Aln	1	+HG003_ont_630_start_815238 17 14998 15000 -edge_1_0_+disjointig_1_0_998763 814375 829356 998763 -1 -1 12424 0.0403459
Chain
	Aln	0	-HG003_ont_630_start_815238 1 14982 15000 +edge_1_0_+disjointig_1_0_998763 169406 184387 998763 -1 -1 12424 0.0403459
Chain
	Aln	1	+HG003_ont_628_start_895822 0 14998 15000 -edge_1_0_+disjointig_1_0_998763 894942 909940 998763 -1 -1 12584 0.0412924
Chain
	Aln	0	-HG003_ont_628_start_895822 1 14999 15000 +edge_1_0_+disjointig_1_0_998763 88822 103820 998763 -1 -1 12584 0.0412924
Chain
	Aln	1	+HG003_ont_633_start_777265 1 14981 15000 -edge_1_0_+disjointig_1_0_998763 776386 791366 998763 -1 -1 12385 0.0407724
Chain
	Aln	0	-HG003_ont_633_start_777265 18 14998 15000 +edge_1_0_+disjointig_1_0_998763 207396 222376 998763 -1 -1 12385 0.0407724
Chain
	Aln	1	+HG003_ont_632_start_844196 1 14998 15000 -edge_1_0_+disjointig_1_0_998763 843317 858314 998763 -1 -1 12188 0.042278
Chain
	Aln	0	-HG003_ont_632_start_844196 1 14998 15000 +edge_1_0_+disjointig_1_0_998763 140448 155445 998763 -1 -1 12188 0.042278
Chain
	Aln	1	+HG003_ont_631_start_404177 8 14996 15000 -edge_1_0_+disjointig_1_0_998763 403305 418293 998763 -1 -1 12596 0.0401555
Chain
	Aln	0	-HG003_ont_631_start_404177 3 14991 15000 +edge_1_0_+disjointig_1_0_998763 580469 595457 998763 -1 -1 12596 0.0401555
Chain
	Aln	1	+HG003_ont_636_start_177972 17 14998 15000 -edge_1_0_+disjointig_1_0_998763 177109 192090 998763 -1 -1 12331 0.0413286
Chain
	Aln	0	-HG003_ont_636_start_177972 1 14982 15000 +edge_1_0_+disjointig_1_0_998763 806672 821653 998763 -1 -1 12331 0.0413286
Chain
	Aln	1	+HG003_ont_634_start_3582 1 14998 15000 -edge_1_0_+disjointig_1_0_998763 2703 17700 998763 -1 -1 12170 0.0449283
Chain
	Aln	0	-HG003_ont_634_start_3582 1 14998 15000 +edge_1_0_+disjointig_1_0_998763 981062 996059 998763 -1 -1 12170 0.0449283
Chain
	Aln	1	+HG003_ont_635_start_517226 1 14998 15000 -edge_1_0_+disjointig_1_0_998763 516347 531344 998763 -1 -1 12696 0.0371336
Chain
	Aln	0	-HG003_ont_635_start_517226 1 14998 15000 +edge_1_0_+disjointig_1_0_998763 467418 482415 998763 -1 -1 12696 0.0371336
Chain
	Aln	1	+HG003_ont_638_start_708284 1 14998 15000 -edge_1_0_+disjointig_1_0_998763 707405 722402 998763 -1 -1 12452 0.0401908
Chain
	Aln	0	-HG003_ont_638_start_708284 1 14998 15000 +edge_1_0_+disjointig_1_0_998763 276360 291357 998763 -1 -1 12452 0.0401908
Chain
	Aln	1	+HG003_ont_640_start_70699 1 14998 15000 -edge_1_0_+disjointig_1_0_998763 69820 84817 998763 -1 -1 12753 0.0382577
Chain
	Aln	0	-HG003_ont_640_start_70699 1 14998 15000 +edge_1_0_+disjointig_1_0_998763 913945 928942 998763 -1 -1 12753 0.0382577
Chain
	Aln	1	+HG003_ont_637_start_629939 1 14940 15000 -edge_1_0_+disjointig_1_0_998763 629060 643999 998763 -1 -1 12059 0.0430976
Chain
	Aln	0	-HG003_ont_637_start_629939 59 14998 15000 +edge_1_0_+disjointig_1_0_998763 354763 369702 998763 -1 -1 12059 0.0430976
Chain
	Aln	1	+HG003_ont_639_start_212660 0 14998 15000 -edge_1_0_+disjointig_1_0_998763 211780 226778 998763 -1 -1 12035 0.0408273
Chain
	Aln	0	-HG003_ont_639_start_212660 1 14999 15000 +edge_1_0_+disjointig_1_0_998763 771984 786982 998763 -1 -1 12035 0.0408273
Chain
	Aln	1	+HG003_ont_641_start_839501 12 14983 15000 -edge_1_0_+disjointig_1_0_998763 838633 853604 998763 -1 -1 12413 0.0398949
Chain
	Aln	0	-HG003_ont_641_start_839501 16 14987 15000 +edge_1_0_+disjointig_1_0_998763 145158 160129 998763 -1 -1 12413 0.0398949
Chain
	Aln	1	+HG003_ont_642_start_878 3 14982 15000 -edge_1_0_+disjointig_1_0_998763 2 14980 998763 -1 -1 12575 0.0359598
Chain
	Aln	0	-HG003_ont_642_start_878 17 14996 15000 +edge_1_0_+disjointig_1_0_998763 983782 998760 998763 -1 -1 12575 0.0359598
Chain
	Aln	1	+HG003_ont_644_start_41943 18 14998 15000 -edge_1_0_+disjointig_1_0_998763 41081 56061 998763 -1 -1 12259 0.0426719
Chain
	Aln	0	-HG003_ont_644_start_41943 1 14981 15000 +edge_1_0_+disjointig_1_0_998763 942701 957681 998763 -1 -1 12259 0.0426719
Chain
	Aln	1	+HG003_ont_643_start_29713 51 14998 15000 -edge_1_0_+disjointig_1_0_998763 28884 43831 998763 -1 -1 12342 0.0412346
Chain
	Aln	0	-HG003_ont_643_start_29713 1 14948 15000 +edge_1_0_+disjointig_1_0_998763 954931 969878 998763 -1 -1 12342 0.0412346
Chain
	Aln	1	+HG003_ont_645_start_436486 21 14998 15000 -edge_1_0_+disjointig_1_0_998763 435627 450604 998763 -1 -1 12220 0.041305
Chain
	Aln	0	-HG003_ont_645_start_436486 1 14978 15000 +edge_1_0_+disjointig_1_0_998763 548158 563135 998763 -1 -1 12220 0.041305
Chain
	Aln	1	+HG003_ont_646_start_851758 0 14998 15000 -edge_1_0_+disjointig_1_0_998763 850878 865876 998763 -1 -1 12208 0.0419929
Chain
	Aln	0	-HG003_ont_646_start_851758 1 14999 15000 +edge_1_0_+disjointig_1_0_998763 132886 147884 998763 -1 -1 12208 0.0419929
Chain
	Aln	1	+HG003_ont_648_start_455663 4 14998 15000 -edge_1_0_+disjointig_1_0_998763 454787 469781 998763 -1 -1 12276 0.040179
Chain
	Aln	0	-HG003_ont_648_start_455663 1 14995 15000 +edge_1_0_+disjointig_1_0_998763 528981 543975 998763 -1 -1 12276 0.040179
Chain
	Aln	1	+HG003_ont_647_start_45956 10 14970 15000 -edge_1_0_+disjointig_1_0_998763 45086 60046 998763 -1 -1 12478 0.038135
Chain
	Aln	0	-HG003_ont_647_start_45956 29 14989 15000 +edge_1_0_+disjointig_1_0_998763 938716 953676 998763 -1 -1 12478 0.038135
Chain
	Aln	1	+HG003_ont_649_start_631178 12 14998 15000 -edge_1_0_+disjointig_1_0_998763 630310 645296 998763 -1 -1 12298 0.04035
Chain
	Aln	0	-HG003_ont_649_start_631178 1 14987 15000 +edge_1_0_+disjointig_1_0_998763 353466 368452 998763 -1 -1 12298 0.04035
Chain
	Aln	1	+HG003_ont_650_start_363098 1 14982 15000 -edge_1_0_+disjointig_1_0_998763 362219 377200 998763 -1 -1 12300 0.0408156
Chain
	Aln	0	-HG003_ont_650_start_363098 17 14998 15000 +edge_1_0_+disjointig_1_0_998763 621562 636543 998763 -1 -1 12300 0.0408156
Chain
	Aln	1	+HG003_ont_651_start_63575 1 14998 15000 -edge_1_0_+disjointig_1_0_998763 62696 77693 998763 -1 -1 12115 0.04326
Chain
	Aln	0	-HG003_ont_651_start_63575 1 14998 15000 +edge_1_0_+disjointig_1_0_998763 921069 936066 998763 -1 -1 12115 0.04326
Chain
	Aln	1	+HG003_ont_652_start_294812 0 14985 15000 -edge_1_0_+disjointig_1_0_998763 293932 308917 998763 -1 -1 12013 0.043921
Chain
	Aln	0	-HG003_ont_652_start_294812 14 14999 15000 +edge_1_0_+disjointig_1_0_998763 689845 704830 998763 -1 -1 12013 0.043921
Chain
	Aln	1	+HG003_ont_653_start_408379 13 14984 15000 -edge_1_0_+disjointig_1_0_998763 407512 422483 998763 -1 -1 12348 0.042176
Chain
	Aln	0	-HG003_ont_653_start_408379 15 14986 15000 +edge_1_0_+disjointig_1_0_998763 576279 591250 998763 -1 -1 12348 0.042176
Chain
	Aln	1	+HG003_ont_655_start_8356 1 14998 15000 -edge_1_0_+disjointig_1_0_998763 7477 22474 998763 -1 -1 12168 0.042698
Chain
	Aln	0	-HG003_ont_655_start_8356 1 14998 15000 +edge_1_0_+disjointig_1_0_998763 976288 991285 998763 -1 -1 12168 0.042698
Chain
	Aln	1	+HG003_ont_654_start_369633 1 14964 15000 -edge_1_0_+disjointig_1_0_998763 368754 383717 998763 -1 -1 12323 0.039079
Chain
	Aln	0	-HG003_ont_654_start_369633 35 14998 15000 +edge_1_0_+disjointig_1_0_998763 615045 630008 998763 -1 -1 12323 0.039079
Chain
	Aln	1	+HG003_ont_656_start_106288 16 14998 15000 -edge_1_0_+disjointig_1_0_998763 105424 120406 998763 -1 -1 12503 0.0387577
Chain
	Aln	0	-HG003_ont_656_start_106288 1 14983 15000 +edge_1_0_+disjointig_1_0_998763 878356 893338 998763 -1 -1 12503 0.0387577
Chain
	Aln	1	+HG003_ont_657_start_976412 0 14992 15000 -edge_1_0_+disjointig_1_0_998763 975532 990524 998763 -1 -1 12199 0.0405218
Chain
	Aln	0	-HG003_ont_657_start_976412 7 14999 15000 +edge_1_0_+disjointig_1_0_998763 8238 23230 998763 -1 -1 12199 0.0405218
Chain
	Aln	1	+HG003_ont_658_start_61998 1 14966 15000 -edge_1_0_+disjointig_1_0_998763 61119 76084 998763 -1 -1 12372 0.0413213
Chain
	Aln	0	-HG003_ont_658_start_61998 33 14998 15000 +edge_1_0_+disjointig_1_0_998763 922678 937643 998763 -1 -1 12372 0.0413213
Chain
	Aln	1	+HG003_ont_659_start_539866 21 14981 15000 -edge_1_0_+disjointig_1_0_998763 539007 553967 998763 -1 -1 12324 0.0388157
Chain
	Aln	0	-HG003_ont_659_start_539866 18 14978 15000 +edge_1_0_+disjointig_1_0_998763 444795 459755 998763 -1 -1 12324 0.0388157
Chain
	Aln	1	+HG003_ont_660_start_888293 1 14998 15000 -edge_1_0_+disjointig_1_0_998763 887414 902411 998763 -1 -1 12616 0.0379653
Chain
	Aln	0	-HG003_ont_660_start_888293 1 14998 15000 +edge_1_0_+disjointig_1_0_998763 96351 111348 998763 -1 -1 12616 0.0379653
Chain
	Aln	1	+HG003_ont_662_start_212551 3 14970 15000 -edge_1_0_+disjointig_1_0_998763 211674 226641 998763 -1 -1 12185 0.0434869
Chain
	Aln	0	-HG003_ont_662_start_212551 29 14996 15000 +edge_1_0_+disjointig_1_0_998763 772121 787088 998763 -1 -1 12185 0.0434869
Chain
	Aln	1	+HG003_ont_661_start_232904 17 14981 15000 -edge_1_0_+disjointig_1_0_998763 232041 247005 998763 -1 -1 12216 0.0419235
Chain
	Aln	0	-HG003_ont_661_start_232904 18 14982 15000 +edge_1_0_+disjointig_1_0_998763 751757 766721 998763 -1 -1 12216 0.0419235
Chain
	Aln	1	+HG003_ont_664_start_48886 1 14983 15000 -edge_1_0_+disjointig_1_0_998763 48007 62989 998763 -1 -1 12276 0.0412612
Chain
	Aln	0	-HG003_ont_664_start_48886 16 14998 15000 +edge_1_0_+disjointig_1_0_998763 935773 950755 998763 -1 -1 12276 0.0412612
Chain
	Aln	1	+HG003_ont_665_start_866174 7 14981 15000 -edge_1_0_+disjointig_1_0_998763 865301 880275 998763 -1 -1 12191 0.0411428
Chain
	Aln	0	-HG003_ont_665_start_866174 18 14992 15000 +edge_1_0_+disjointig_1_0_998763 118487 133461 998763 -1 -1 12191 0.0411428
Chain
	Aln	1	+HG003_ont_663_start_493172 13 14990 15000 -edge_1_0_+disjointig_1_0_998763 492305 507282 998763 -1 -1 12238 0.0379617
Chain
	Aln	0	-HG003_ont_663_start_493172 9 14986 15000 +edge_1_0_+disjointig_1_0_998763 491480 506457 998763 -1 -1 12238 0.0379617
Chain
	Aln	1	+HG003_ont_667_start_152298 12 14965 15000 -edge_1_0_+disjointig_1_0_998763 151430 166383 998763 -1 -1 12333 0.0399481
Chain
	Aln	0	-HG003_ont_667_start_152298 34 14987 15000 +edge_1_0_+disjointig_1_0_998763 832379 847332 998763 -1 -1 12333 0.0399481
Chain
	Aln	1	+HG003_ont_668_start_552537 13 14998 15000 -edge_1_0_+disjointig_1_0_998763 551670 566655 998763 -1 -1 12147 0.0412809
Chain
	Aln	0	-HG003_ont_668_start_552537 1 14986 15000 +edge_1_0_+disjointig_1_0_998763 432107 447092 998763 -1 -1 12147 0.0412809
Chain
	Aln	1	+HG003_ont_666_start_686431 4 14998 15000 -edge_1_0_+disjointig_1_0_998763 685555 700549 998763 -1 -1 11879 0.0432155
Chain
	Aln	0	-HG003_ont_666_start_686431 1 14995 15000 +edge_1_0_+disjointig_1_0_998763 298213 313207 998763 -1 -1 11879 0.0432155
Chain
	Aln	1	+HG003_ont_670_start_733988 1 14992 15000 -edge_1_0_+disjointig_1_0_998763 733109 748100 998763 -1 -1 12305 0.0399424
Chain
	Aln	0	-HG003_ont_670_start_733988 7 14998 15000 +edge_1_0_+disjointig_1_0_998763 250662 265653 998763 -1 -1 12305 0.0399424
Chain
	Aln	1	+HG003_ont_669_start_804539 8 14990 15000 -edge_1_0_+disjointig_1_0_998763 803667 818649 998763 -1 -1 12286 0.039437
Chain
	Aln	0	-HG003_ont_669_start_804539 9 14991 15000 +edge_1_0_+disjointig_1_0_998763 180113 195095 998763 -1 -1 12286 0.039437
Chain
	Aln	1	+HG003_ont_671_start_61417 9 14996 15000 -edge_1_0_+disjointig_1_0_998763 60546 75533 998763 -1 -1 12204 0.0415985
Chain
	Aln	0	-HG003_ont_671_start_61417 3 14990 15000 +edge_1_0_+disjointig_1_0_998763 923229 938216 998763 -1 -1 12204 0.0415985
Chain
	Aln	1	+HG003_ont_672_start_460147 11 14962 15000 -edge_1_0_+disjointig_1_0_998763 459278 474229 998763 -1 -1 12064 0.0424525
Chain
	Aln	0	-HG003_ont_672_start_460147 37 14988 15000 +edge_1_0_+disjointig_1_0_998763 524533 539484 998763 -1 -1 12064 0.0424525
Chain
	Aln	1	+HG003_ont_673_start_331237 1 14998 15000 -edge_1_0_+disjointig_1_0_998763 330358 345355 998763 -1 -1 12292 0.0411936
Chain
	Aln	0	-HG003_ont_673_start_331237 1 14998 15000 +edge_1_0_+disjointig_1_0_998763 653407 668404 998763 -1 -1 12292 0.0411936
Chain
	Aln	1	+HG003_ont_674_start_481003 1 14973 15000 -edge_1_0_+disjointig_1_0_998763 480124 495096 998763 -1 -1 12478 0.0385442
Chain
	Aln	0	-HG003_ont_674_start_481003 26 14998 15000 +edge_1_0_+disjointig_1_0_998763 503666 518638 998763 -1 -1 12478 0.0385442
Chain
	Aln	1	+HG003_ont_675_start_527156 10 14998 15000 -edge_1_0_+disjointig_1_0_998763 526286 541274 998763 -1 -1 12409 0.0399926
Chain
	Aln	0	-HG003_ont_675_start_527156 1 14989 15000 +edge_1_0_+disjointig_1_0_998763 457488 472476 998763 -1 -1 12409 0.0399926
Chain
	Aln	1	+HG003_ont_676_start_893140 1 14998 15000 -edge_1_0_+disjointig_1_0_998763 892261 907258 998763 -1 -1 12349 0.0409964
Chain
	Aln	0	-HG003_ont_676_start_893140 1 14998 15000 +edge_1_0_+disjointig_1_0_998763 91504 106501 998763 -1 -1 12349 0.0409964
Chain
	Aln	1	+HG003_ont_677_start_267714 1 14976 15000 -edge_1_0_+disjointig_1_0_998763 266835 281810 998763 -1 -1 12206 0.0404004
Chain
	Aln	0	-HG003_ont_677_start_267714 23 14998 15000 +edge_1_0_+disjointig_1_0_998763 716952 731927 998763 -1 -1 12206 0.0404004
Chain
	Aln	1	+HG003_ont_678_start_682789 1 14985 15000 -edge_1_0_+disjointig_1_0_998763 681910 696894 998763 -1 -1 12163 0.0437351
Chain
	Aln	0	-HG003_ont_678_start_682789 14 14998 15000 +edge_1_0_+disjointig_1_0_998763 301868 316852 998763 -1 -1 12163 0.0437351
Chain
	Aln	1	+HG003_ont_679_start_39410 1 14985 15000 -edge_1_0_+disjointig_1_0_998763 38531 53515 998763 -1 -1 12202 0.0414753
Chain
	Aln	0	-HG003_ont_679_start_39410 14 14998 15000 +edge_1_0_+disjointig_1_0_998763 945247 960231 998763 -1 -1 12202 0.0414753
Chain
	Aln	1	+HG003_ont_680_start_181849 38 14986 15000 -edge_1_0_+disjointig_1_0_998763 181007 195955 998763 -1 -1 12349 0.0416925
Chain
	Aln	0	-HG003_ont_680_start_181849 13 14961 15000 +edge_1_0_+disjointig_1_0_998763 802807 817755 998763 -1 -1 12349 0.0416925
Chain
	Aln	1	+HG003_ont_681_start_745982 1 14977 15000 -edge_1_0_+disjointig_1_0_998763 745103 760079 998763 -1 -1 12087 0.0428837
Chain
	Aln	0	-HG003_ont_681_start_745982 22 14998 15000 +edge_1_0_+disjointig_1_0_998763 238683 253659 998763 -1 -1 12087 0.0428837
Chain
	Aln	1	+HG003_ont_682_start_670913 1 14991 15000 -edge_1_0_+disjointig_1_0_998763 670034 685024 998763 -1 -1 12079 0.0441896
Chain
	Aln	0	-HG003_ont_682_start_670913 8 14998 15000 +edge_1_0_+disjointig_1_0_998763 313738 328728 998763 -1 -1 12079 0.0441896
Chain
	Aln	1	+HG003_ont_683_start_201586 10 14992 15000 -edge_1_0_+disjointig_1_0_998763 200716 215698 998763 -1 -1 12050 0.0415311
Chain
	Aln	0	-HG003_ont_683_start_201586 7 14989 15000 +edge_1_0_+disjointig_1_0_998763 783064 798046 998763 -1 -1 12050 0.0415311
Chain
	Aln	1	+HG003_ont_685_start_9835 1 14990 15000 -edge_1_0_+disjointig_1_0_998763 8956 23945 998763 -1 -1 12158 0.0418456
Chain
	Aln	0	-HG003_ont_685_start_9835 9 14998 15000 +edge_1_0_+disjointig_1_0_998763 974817 989806 998763 -1 -1 12158 0.0418456
Chain
	Aln	1	+HG003_ont_684_start_801960 0 14998 15000 -edge_1_0_+disjointig_1_0_998763 801080 816078 998763 -1 -1 12203 0.0406392
Chain
	Aln	0	-HG003_ont_684_start_801960 1 14999 15000 +edge_1_0_+disjointig_1_0_998763 182684 197682 998763 -1 -1 12203 0.0406392
Chain
	Aln	1	+HG003_ont_686_start_242551 1 14991 15000 -edge_1_0_+disjointig_1_0_998763 241672 256662 998763 -1 -1 12216 0.0417697
Chain
	Aln	0	-HG003_ont_686_start_242551 8 14998 15000 +edge_1_0_+disjointig_1_0_998763 742100 757090 998763 -1 -1 12216 0.0417697
Chain
	Aln	1	+HG003_ont_687_start_326645 1 14991 15000 -edge_1_0_+disjointig_1_0_998763 325766 340756 998763 -1 -1 12712 0.038298
Chain
	Aln	0	-HG003_ont_687_start_326645 8 14998 15000 +edge_1_0_+disjointig_1_0_998763 658006 672996 998763 -1 -1 12712 0.038298
Chain
	Aln	1	+HG003_ont_688_start_581118 9 14983 15000 -edge_1_0_+disjointig_1_0_998763 580247 595221 998763 -1 -1 12109 0.0437454
Chain
	Aln	0	-HG003_ont_688_start_581118 16 14990 15000 +edge_1_0_+disjointig_1_0_998763 403541 418515 998763 -1 -1 12109 0.0437454
Chain
	Aln	1	+HG003_ont_689_start_259363 6 14998 15000 -edge_1_0_+disjointig_1_0_998763 258489 273481 998763 -1 -1 12523 0.038043
Chain
	Aln	0	-HG003_ont_689_start_259363 1 14993 15000 +edge_1_0_+disjointig_1_0_998763 725281 740273 998763 -1 -1 12523 0.038043
Chain
	Aln	1	+HG003_ont_690_start_287926 22 14998 15000 -edge_1_0_+disjointig_1_0_998763 287068 302044 998763 -1 -1 12189 0.0404121
Chain
	Aln	0	-HG003_ont_690_start_287926 1 14977 15000 +edge_1_0_+disjointig_1_0_998763 696718 711694 998763 -1 -1 12189 0.0404121
Chain
	Aln	1	+HG003_ont_691_start_760920 1 14998 15000 -edge_1_0_+disjointig_1_0_998763 760041 775038 998763 -1 -1 12460 0.0390218
Chain
	Aln	0	-HG003_ont_691_start_760920 1 14998 15000 +edge_1_0_+disjointig_1_0_998763 223724 238721 998763 -1 -1 12460 0.0390218
Chain
	Aln	1	+HG003_ont_692_start_384904 13 14998 15000 -edge_1_0_+disjointig_1_0_998763 384037 399022 998763 -1 -1 12304 0.0398029
Chain
	Aln	0	-HG003_ont_692_start_384904 1 14986 15000 +edge_1_0_+disjointig_1_0_998763 599740 614725 998763 -1 -1 12304 0.0398029
Chain
	Aln	1	+HG003_ont_693_start_935462 9 14998 15000 -edge_1_0_+disjointig_1_0_998763 934591 949580 998763 -1 -1 12061 0.0435404
Chain
	Aln	0	-HG003_ont_693_start_935462 1 14990 15000 +edge_1_0_+disjointig_1_0_998763 49182 64171 998763 -1 -1 12061 0.0435404
Chain
	Aln	1	+HG003_ont_694_start_645494 1 14959 15000 -edge_1_0_+disjointig_1_0_998763 644615 659573 998763 -1 -1 12449 0.0360948
Chain
	Aln	0	-HG003_ont_694_start_645494 40 14998 15000 +edge_1_0_+disjointig_1_0_998763 339189 354147 998763 -1 -1 12449 0.0360948
Chain
	Aln	1	+HG003_ont_695_start_642311 0 14978 15000 -edge_1_0_+disjointig_1_0_998763 641431 656409 998763 -1 -1 12438 0.0416109
Chain
	Aln	0	-HG003_ont_695_start_642311 21 14999 15000 +edge_1_0_+disjointig_1_0_998763 342353 357331 998763 -1 -1 12438 0.0416109
Chain
	Aln	1	+HG003_ont_696_start_625439 1 14994 15000 -edge_1_0_+disjointig_1_0_998763 624560 639553 998763 -1 -1 12620 0.0385208
Chain
	Aln	0	-HG003_ont_696_start_625439 5 14998 15000 +edge_1_0_+disjointig_1_0_998763 359209 374202 998763 -1 -1 12620 0.0385208
Chain
	Aln	1	+HG003_ont_697_start_717601 1 14998 15000 -edge_1_0_+disjointig_1_0_998763 716722 731719 998763 -1 -1 12377 0.0386802
Chain
	Aln	0	-HG003_ont_697_start_717601 1 14998 15000 +edge_1_0_+disjointig_1_0_998763 267043 282040 998763 -1 -1 12377 0.0386802
Chain
	Aln	1	+HG003_ont_698_start_736080 1 14981 15000 -edge_1_0_+disjointig_1_0_998763 735201 750181 998763 -1 -1 11893 0.045174
Chain
	Aln	0	-HG003_ont_698_start_736080 18 14998 15000 +edge_1_0_+disjointig_1_0_998763 248581 263561 998763 -1 -1 11893 0.045174
Chain
	Aln	1	+HG003_ont_699_start_139700 4 14998 15000 -edge_1_0_+disjointig_1_0_998763 138824 153818 998763 -1 -1 12637 0.0373212
Chain
	Aln	0	-HG003_ont_699_start_139700 1 14995 15000 +edge_1_0_+disjointig_1_0_998763 844944 859938 998763 -1 -1 12637 0.0373212
Chain
	Aln	1	+HG003_ont_700_start_560762 35 14998 15000 -edge_1_0_+disjointig_1_0_998763 559917 574880 998763 -1 -1 12328 0.0416636
Chain
	Aln	0	-HG003_ont_700_start_560762 1 14964 15000 +edge_1_0_+disjointig_1_0_998763 423882 438845 998763 -1 -1 12328 0.0416636
Chain
	Aln	1	+HG003_ont_701_start_358507 27 14982 15000 -edge_1_0_+disjointig_1_0_998763 357654 372609 998763 -1 -1 12457 0.0402359
Chain
	Aln	0	-HG003_ont_701_start_358507 17 14972 15000 +edge_1_0_+disjointig_1_0_998763 626153 641108 998763 -1 -1 12457 0.0402359
Chain
	Aln	1	+HG003_ont_702_start_707573 53 14998 15000 -edge_1_0_+disjointig_1_0_998763 706746 721691 998763 -1 -1 12473 0.0395763
Chain
	Aln	0	-HG003_ont_702_start_707573 1 14946 15000 +edge_1_0_+disjointig_1_0_998763 277071 292016 998763 -1 -1 12473 0.0395763
Chain
	Aln	1	+HG003_ont_703_start_316677 22 14998 15000 -edge_1_0_+disjointig_1_0_998763 315819 330795 998763 -1 -1 12281 0.0399455
Chain
	Aln	0	-HG003_ont_703_start_316677 1 14977 15000 +edge_1_0_+disjointig_1_0_998763 667967 682943 998763 -1 -1 12281 0.0399455
Chain
	Aln	1	+HG003_ont_704_start_353271 4 14988 15000 -edge_1_0_+disjointig_1_0_998763 352395 367379 998763 -1 -1 12421 0.0410084
Chain
	Aln	0	-HG003_ont_704_start_353271 11 14995 15000 +edge_1_0_+disjointig_1_0_998763 631383 646367 998763 -1 -1 12421 0.0410084
Chain
	Aln	1	+HG003_ont_705_start_575717 6 14998 15000 -edge_1_0_+disjointig_1_0_998763 574843 589835 998763 -1 -1 12451 0.038706
Chain
	Aln	0	-HG003_ont_705_start_575717 1 14993 15000 +edge_1_0_+disjointig_1_0_998763 408927 423919 998763 -1 -1 12451 0.038706
Chain
	Aln	1	+HG003_ont_706_start_27704 18 14973 15000 -edge_1_0_+disjointig_1_0_998763 26842 41797 998763 -1 -1 12080 0.0456626
Chain
	Aln	0	-HG003_ont_706_start_27704 26 14981 15000 +edge_1_0_+disjointig_1_0_998763 956965 971920 998763 -1 -1 12080 0.0456626
Chain
	Aln	1	+HG003_ont_708_start_112023 5 14983 15000 -edge_1_0_+disjointig_1_0_998763 111148 126126 998763 -1 -1 12234 0.041198
Chain
	Aln	0	-HG003_ont_708_start_112023 16 14994 15000 +edge_1_0_+disjointig_1_0_998763 872636 887614 998763 -1 -1 12234 0.041198
Chain
	Aln	1	+HG003_ont_707_start_101158 1 14998 15000 -edge_1_0_+disjointig_1_0_998763 100279 115276 998763 -1 -1 12053 0.0427224
Chain
	Aln	0	-HG003_ont_707_start_101158 1 14998 15000 +edge_1_0_+disjointig_1_0_998763 883486 898483 998763 -1 -1 12053 0.0427224
Chain
	Aln	1	+HG003_ont_709_start_765636 48 14998 15000 -edge_1_0_+disjointig_1_0_998763 764804 779754 998763 -1 -1 12042 0.0423677
Chain
	Aln	0	-HG003_ont_709_start_765636 1 14951 15000 +edge_1_0_+disjointig_1_0_998763 219008 233958 998763 -1 -1 12042 0.0423677
Chain
	Aln	1	+HG003_ont_710_start_315998 37 14998 15000 -edge_1_0_+disjointig_1_0_998763 315155 330116 998763 -1 -1 12470 0.0388044
Chain
	Aln	0	-HG003_ont_710_start_315998 1 14962 15000 +edge_1_0_+disjointig_1_0_998763 668646 683607 998763 -1 -1 12470 0.0388044
Chain
	Aln	1	+HG003_ont_712_start_465026 17 14994 15000 -edge_1_0_+disjointig_1_0_998763 464163 479140 998763 -1 -1 12307 0.0407449
Chain
	Aln	0	-HG003_ont_712_start_465026 5 14982 15000 +edge_1_0_+disjointig_1_0_998763 519622 534599 998763 -1 -1 12307 0.0407449
Chain
	Aln	1	+HG003_ont_711_start_801184 0 14986 15000 -edge_1_0_+disjointig_1_0_998763 800304 815290 998763 -1 -1 12485 0.0387886
Chain
	Aln	0	-HG003_ont_711_start_801184 13 14999 15000 +edge_1_0_+disjointig_1_0_998763 183472 198458 998763 -1 -1 12485 0.0387886
Chain
	Aln	1	+HG003_ont_713_start_701793 1 14998 15000 -edge_1_0_+disjointig_1_0_998763 700914 715911 998763 -1 -1 12153 0.0404009
Chain
	Aln	0	-HG003_ont_713_start_701793 1 14998 15000 +edge_1_0_+disjointig_1_0_998763 282851 297848 998763 -1 -1 12153 0.0404009
Chain
	Aln	1	+HG003_ont_714_start_188912 34 14998 15000 -edge_1_0_+disjointig_1_0_998763 188066 203030 998763 -1 -1 12319 0.0404744
Chain
	Aln	0	-HG003_ont_714_start_188912 1 14965 15000 +edge_1_0_+disjointig_1_0_998763 795732 810696 998763 -1 -1 12319 0.0404744
Chain
	Aln	1	+HG003_ont_716_start_357437 12 14970 15000 -edge_1_0_+disjointig_1_0_998763 356569 371527 998763 -1 -1 12477 0.0398438
Chain
	Aln	0	-HG003_ont_716_start_357437 29 14987 15000 +edge_1_0_+disjointig_1_0_998763 627235 642193 998763 -1 -1 12477 0.0398438
Chain
	Aln	1	+HG003_ont_717_start_421182 4 14998 15000 -edge_1_0_+disjointig_1_0_998763 420306 435300 998763 -1 -1 12315 0.0417614
Chain
	Aln	0	-HG003_ont_717_start_421182 1 14995 15000 +edge_1_0_+disjointig_1_0_998763 563462 578456 998763 -1 -1 12315 0.0417614
Chain
	Aln	1	+HG003_ont_715_start_101058 11 14992 15000 -edge_1_0_+disjointig_1_0_998763 100189 115170 998763 -1 -1 12590 0.0393104
Chain
	Aln	0	-HG003_ont_715_start_101058 7 14988 15000 +edge_1_0_+disjointig_1_0_998763 883592 898573 998763 -1 -1 12590 0.0393104
Chain
	Aln	1	+HG003_ont_719_start_439822 4 14973 15000 -edge_1_0_+disjointig_1_0_998763 438946 453915 998763 -1 -1 12029 0.0438581
Chain
	Aln	0	-HG003_ont_719_start_439822 26 14995 15000 +edge_1_0_+disjointig_1_0_998763 544847 559816 998763 -1 -1 12029 0.0438581
Chain
	Aln	1	+HG003_ont_718_start_295521 12 14986 15000 -edge_1_0_+disjointig_1_0_998763 294653 309627 998763 -1 -1 12268 0.0428352
Chain
	Aln	0	-HG003_ont_718_start_295521 13 14987 15000 +edge_1_0_+disjointig_1_0_998763 689135 704109 998763 -1 -1 12268 0.0428352
Chain
	Aln	1	+HG003_ont_720_start_16572 23 14998 15000 -edge_1_0_+disjointig_1_0_998763 15715 30690 998763 -1 -1 12403 0.0411151
Chain
	Aln	0	-HG003_ont_720_start_16572 1 14976 15000 +edge_1_0_+disjointig_1_0_998763 968072 983047 998763 -1 -1 12403 0.0411151
Chain
	Aln	1	+HG003_ont_722_start_844447 4 14998 15000 -edge_1_0_+disjointig_1_0_998763 843571 858565 998763 -1 -1 11999 0.0451443
Chain
	Aln	0	-HG003_ont_722_start_844447 1 14995 15000 +edge_1_0_+disjointig_1_0_998763 140197 155191 998763 -1 -1 11999 0.0451443
Chain
	Aln	1	+HG003_ont_721_start_646347 45 14998 15000 -edge_1_0_+disjointig_1_0_998763 645512 660465 998763 -1 -1 12563 0.039162
Chain
	Aln	0	-HG003_ont_721_start_646347 1 14954 15000 +edge_1_0_+disjointig_1_0_998763 338297 353250 998763 -1 -1 12563 0.039162
Chain
	Aln	1	+HG003_ont_724_start_200428 1 14977 15000 -edge_1_0_+disjointig_1_0_998763 199549 214525 998763 -1 -1 12421 0.040977
Chain
	Aln	0	-HG003_ont_724_start_200428 22 14998 15000 +edge_1_0_+disjointig_1_0_998763 784237 799213 998763 -1 -1 12421 0.040977
Chain
	Aln	1	+HG003_ont_723_start_570035 18 14962 15000 -edge_1_0_+disjointig_1_0_998763 569173 584117 998763 -1 -1 12105 0.0427416
Chain
	Aln	0	-HG003_ont_723_start_570035 37 14981 15000 +edge_1_0_+disjointig_1_0_998763 414645 429589 998763 -1 -1 12105 0.0427416
Chain
	Aln	1	+HG003_ont_725_start_811001 0 14998 15000 -edge_1_0_+disjointig_1_0_998763 810121 825119 998763 -1 -1 12230 0.0413082
Chain
	Aln	0	-HG003_ont_725_start_811001 1 14999 15000 +edge_1_0_+disjointig_1_0_998763 173643 188641 998763 -1 -1 12230 0.0413082
Chain
	Aln	1	+HG003_ont_726_start_25358 35 14984 15000 -edge_1_0_+disjointig_1_0_998763 24513 39462 998763 -1 -1 12384 0.039538
Chain
	Aln	0	-HG003_ont_726_start_25358 15 14964 15000 +edge_1_0_+disjointig_1_0_998763 959300 974249 998763 -1 -1 12384 0.039538
Chain
	Aln	1	+HG003_ont_727_start_632195 1 14998 15000 -edge_1_0_+disjointig_1_0_998763 631316 646313 998763 -1 -1 12292 0.0399428
Chain
	Aln	0	-HG003_ont_727_start_632195 1 14998 15000 +edge_1_0_+disjointig_1_0_998763 352449 367446 998763 -1 -1 12292 0.0399428
Chain
	Aln	1	+HG003_ont_728_start_58086 1 14995 15000 -edge_1_0_+disjointig_1_0_998763 57207 72201 998763 -1 -1 12391 0.0411581
Chain
	Aln	0	-HG003_ont_728_start_58086 4 14998 15000 +edge_1_0_+disjointig_1_0_998763 926561 941555 998763 -1 -1 12391 0.0411581
Chain
	Aln	1	+HG003_ont_729_start_648737 1 14987 15000 -edge_1_0_+disjointig_1_0_998763 647858 662844 998763 -1 -1 12351 0.0424687
Chain
	Aln	0	-HG003_ont_729_start_648737 12 14998 15000 +edge_1_0_+disjointig_1_0_998763 335918 350904 998763 -1 -1 12351 0.0424687
Chain
	Aln	1	+HG003_ont_730_start_836255 1 14989 15000 -edge_1_0_+disjointig_1_0_998763 835376 850364 998763 -1 -1 12175 0.0408195
Chain
	Aln	0	-HG003_ont_730_start_836255 10 14998 15000 +edge_1_0_+disjointig_1_0_998763 148398 163386 998763 -1 -1 12175 0.0408195
Chain
	Aln	1	+HG003_ont_731_start_251133 22 14978 15000 -edge_1_0_+disjointig_1_0_998763 250275 265231 998763 -1 -1 11997 0.0432793
Chain
	Aln	0	-HG003_ont_731_start_251133 21 14977 15000 +edge_1_0_+disjointig_1_0_998763 733531 748487 998763 -1 -1 11997 0.0432793
Chain
	Aln	1	+HG003_ont_732_start_362692 21 14998 15000 -edge_1_0_+disjointig_1_0_998763 361833 376810 998763 -1 -1 12191 0.0432143
Chain
	Aln	0	-HG003_ont_732_start_362692 1 14978 15000 +edge_1_0_+disjointig_1_0_998763 621952 636929 998763 -1 -1 12191 0.0432143
Chain
	Aln	1	+HG003_ont_733_start_128042 1 14984 15000 -edge_1_0_+disjointig_1_0_998763 127163 142146 998763 -1 -1 12417 0.0429601
Chain
	Aln	0	-HG003_ont_733_start_128042 15 14998 15000 +edge_1_0_+disjointig_1_0_998763 856616 871599 998763 -1 -1 12417 0.0429601
Chain
	Aln	1	+HG003_ont_735_start_549831 1 14998 15000 -edge_1_0_+disjointig_1_0_998763 548952 563949 998763 -1 -1 12166 0.0400512
Chain
	Aln	0	-HG003_ont_735_start_549831 1 14998 15000 +edge_1_0_+disjointig_1_0_998763 434813 449810 998763 -1 -1 12166 0.0400512
Chain
	Aln	1	+HG003_ont_734_start_899072 16 14980 15000 -edge_1_0_+disjointig_1_0_998763 898208 913172 998763 -1 -1 12363 0.0401312
Chain
	Aln	0	-HG003_ont_734_start_899072 19 14983 15000 +edge_1_0_+disjointig_1_0_998763 85590 100554 998763 -1 -1 12363 0.0401312
Chain
	Aln	1	+HG003_ont_737_start_275192 1 14991 15000 -edge_1_0_+disjointig_1_0_998763 274313 289303 998763 -1 -1 12381 0.0389868
Chain
	Aln	0	-HG003_ont_737_start_275192 8 14998 15000 +edge_1_0_+disjointig_1_0_998763 709459 724449 998763 -1 -1 12381 0.0389868
Chain
	Aln	1	+HG003_ont_738_start_929588 22 14986 15000 -edge_1_0_+disjointig_1_0_998763 928730 943694 998763 -1 -1 12104 0.0434834
Chain
	Aln	0	-HG003_ont_738_start_929588 13 14977 15000 +edge_1_0_+disjointig_1_0_998763 55068 70032 998763 -1 -1 12104 0.0434834
Chain
	Aln	1	+HG003_ont_736_start_576406 17 14982 15000 -edge_1_0_+disjointig_1_0_998763 575543 590508 998763 -1 -1 12106 0.0414007
Chain
	Aln	0	-HG003_ont_736_start_576406 17 14982 15000 +edge_1_0_+disjointig_1_0_998763 408254 423219 998763 -1 -1 12106 0.0414007
Chain
	Aln	1	+HG003_ont_740_start_647302 32 14989 15000 -edge_1_0_+disjointig_1_0_998763 646454 661411 998763 -1 -1 12382 0.0381232
Chain
	Aln	0	-HG003_ont_740_start_647302 10 14967 15000 +edge_1_0_+disjointig_1_0_998763 337351 352308 998763 -1 -1 12382 0.0381232
Chain
	Aln	1	+HG003_ont_741_start_633085 11 14998 15000 -edge_1_0_+disjointig_1_0_998763 632216 647203 998763 -1 -1 12240 0.0408077
Chain
	Aln	0	-HG003_ont_741_start_633085 1 14988 15000 +edge_1_0_+disjointig_1_0_998763 351559 366546 998763 -1 -1 12240 0.0408077
Chain
	Aln	1	+HG003_ont_739_start_423431 1 14998 15000 -edge_1_0_+disjointig_1_0_998763 422552 437549 998763 -1 -1 12140 0.0400047
Chain
	Aln	0	-HG003_ont_739_start_423431 1 14998 15000 +edge_1_0_+disjointig_1_0_998763 561213 576210 998763 -1 -1 12140 0.0400047
Chain
	Aln	1	+HG003_ont_743_start_239358 99 14998 15000 -edge_1_0_+disjointig_1_0_998763 238577 253476 998763 -1 -1 12232 0.0412839
Chain
	Aln	0	-HG003_ont_743_start_239358 1 14900 15000 +edge_1_0_+disjointig_1_0_998763 745286 760185 998763 -1 -1 12232 0.0412839
Chain
	Aln	1	+HG003_ont_744_start_361594 1 14998 15000 -edge_1_0_+disjointig_1_0_998763 360715 375712 998763 -1 -1 12247 0.039796
Chain
	Aln	0	-HG003_ont_744_start_361594 1 14998 15000 +edge_1_0_+disjointig_1_0_998763 623050 638047 998763 -1 -1 12247 0.039796
Chain
	Aln	1	+HG003_ont_742_start_632671 10 14998 15000 -edge_1_0_+disjointig_1_0_998763 631801 646789 998763 -1 -1 12286 0.0408273
Chain
	Aln	0	-HG003_ont_742_start_632671 1 14989 15000 +edge_1_0_+disjointig_1_0_998763 351973 366961 998763 -1 -1 12286 0.0408273
Chain
	Aln	1	+HG003_ont_746_start_631306 1 14998 15000 -edge_1_0_+disjointig_1_0_998763 630427 645424 998763 -1 -1 11954 0.0445925
Chain
	Aln	0	-HG003_ont_746_start_631306 1 14998 15000 +edge_1_0_+disjointig_1_0_998763 353338 368335 998763 -1 -1 11954 0.0445925
Chain
	Aln	1	+HG003_ont_745_start_735494 1 14984 15000 -edge_1_0_+disjointig_1_0_998763 734615 749598 998763 -1 -1 12145 0.0411623
Chain
	Aln	0	-HG003_ont_745_start_735494 15 14998 15000 +edge_1_0_+disjointig_1_0_998763 249164 264147 998763 -1 -1 12145 0.0411623
Chain
	Aln	1	+HG003_ont_747_start_309286 1 14990 15000 -edge_1_0_+disjointig_1_0_998763 308407 323396 998763 -1 -1 12260 0.0420538
Chain
	Aln	0	-HG003_ont_747_start_309286 9 14998 15000 +edge_1_0_+disjointig_1_0_998763 675366 690355 998763 -1 -1 12260 0.0420538
Chain
	Aln	1	+HG003_ont_749_start_911441 0 14998 15000 -edge_1_0_+disjointig_1_0_998763 910561 925559 998763 -1 -1 12044 0.042025
Chain
	Aln	0	-HG003_ont_749_start_911441 1 14999 15000 +edge_1_0_+disjointig_1_0_998763 73203 88201 998763 -1 -1 12044 0.042025
Chain
	Aln	1	+HG003_ont_748_start_694853 1 14998 15000 -edge_1_0_+disjointig_1_0_998763 693974 708971 998763 -1 -1 12251 0.0411383
Chain
	Aln	0	-HG003_ont_748_start_694853 1 14998 15000 +edge_1_0_+disjointig_1_0_998763 289791 304788 998763 -1 -1 12251 0.0411383
Chain
	Aln	1	+HG003_ont_751_start_978386 8 14989 15000 -edge_1_0_+disjointig_1_0_998763 977514 992495 998763 -1 -1 12254 0.0448319
Chain
	Aln	0	-HG003_ont_751_start_978386 10 14991 15000 +edge_1_0_+disjointig_1_0_998763 6267 21248 998763 -1 -1 12254 0.0448319
Chain
	Aln	1	+HG003_ont_750_start_496379 6 14900 15000 -edge_1_0_+disjointig_1_0_998763 495505 510399 998763 -1 -1 12048 0.0426178
Chain
	Aln	0	-HG003_ont_750_start_496379 99 14993 15000 +edge_1_0_+disjointig_1_0_998763 488363 503257 998763 -1 -1 12048 0.0426178
Chain
	Aln	1	+HG003_ont_752_start_565927 0 14994 15000 -edge_1_0_+disjointig_1_0_998763 565047 580041 998763 -1 -1 12187 0.0410003
Chain
	Aln	0	-HG003_ont_752_start_565927 5 14999 15000 +edge_1_0_+disjointig_1_0_998763 418721 433715 998763 -1 -1 12187 0.0410003
Chain
	Aln	1	+HG003_ont_754_start_738884 1 14982 15000 -edge_1_0_+disjointig_1_0_998763 738005 752986 998763 -1 -1 12277 0.0408706
Chain
	Aln	0	-HG003_ont_754_start_738884 17 14998 15000 +edge_1_0_+disjointig_1_0_998763 245776 260757 998763 -1 -1 12277 0.0408706
Chain
	Aln	1	+HG003_ont_753_start_499474 1 14998 15000 -edge_1_0_+disjointig_1_0_998763 498595 513592 998763 -1 -1 12271 0.0411067
Chain
	Aln	0	-HG003_ont_753_start_499474 1 14998 15000 +edge_1_0_+disjointig_1_0_998763 485170 500167 998763 -1 -1 12271 0.0411067
Chain
	Aln	1	+HG003_ont_755_start_40239 1 14992 15000 -edge_1_0_+disjointig_1_0_998763 39360 54351 998763 -1 -1 12091 0.0416221
Chain
	Aln	0	-HG003_ont_755_start_40239 7 14998 15000 +edge_1_0_+disjointig_1_0_998763 944411 959402 998763 -1 -1 12091 0.0416221
Chain
	Aln	1	+HG003_ont_756_start_601951 26 14972 15000 -edge_1_0_+disjointig_1_0_998763 601097 616043 998763 -1 -1 12374 0.0399749
Chain
	Aln	0	-HG003_ont_756_start_601951 27 14973 15000 +edge_1_0_+disjointig_1_0_998763 382719 397665 998763 -1 -1 12374 0.0399749
Chain
	Aln	1	+HG003_ont_757_start_144995 0 14995 15000 -edge_1_0_+disjointig_1_0_998763 144115 159110 998763 -1 -1 12558 0.0407292
Chain
	Aln	0	-HG003_ont_757_start_144995 4 14999 15000 +edge_1_0_+disjointig_1_0_998763 839652 854647 998763 -1 -1 12558 0.0407292
Chain
	Aln	1	+HG003_ont_758_start_600001 3 14992 15000 -edge_1_0_+disjointig_1_0_998763 599124 614113 998763 -1 -1 12498 0.0402994
Chain
	Aln	0	-HG003_ont_758_start_600001 7 14996 15000 +edge_1_0_+disjointig_1_0_998763 384649 399638 998763 -1 -1 12498 0.0402994
Chain
	Aln	1	+HG003_ont_759_start_404005 13 14998 15000 -edge_1_0_+disjointig_1_0_998763 403138 418123 998763 -1 -1 12348 0.0412097
Chain
	Aln	0	-HG003_ont_759_start_404005 1 14986 15000 +edge_1_0_+disjointig_1_0_998763 580639 595624 998763 -1 -1 12348 0.0412097
Chain
	Aln	1	+HG003_ont_760_start_984306 6 14997 15000 -edge_1_0_+disjointig_1_0_998763 983432 998421 998763 -1 -1 12403 0.0388234
Chain
	Aln	0	-HG003_ont_760_start_984306 2 14993 15000 +edge_1_0_+disjointig_1_0_998763 341 15330 998763 -1 -1 12403 0.0388234
Chain
	Aln	1	+HG003_ont_761_start_8542 12 14975 15000 -edge_1_0_+disjointig_1_0_998763 7674 22637 998763 -1 -1 12222 0.0398557
Chain
	Aln	0	-HG003_ont_761_start_8542 24 14987 15000 +edge_1_0_+disjointig_1_0_998763 976125 991088 998763 -1 -1 12222 0.0398557
Chain
	Aln	1	+HG003_ont_762_start_254736 4 14955 15000 -edge_1_0_+disjointig_1_0_998763 253860 268811 998763 -1 -1 12268 0.0418404
Chain
	Aln	0	-HG003_ont_762_start_254736 44 14995 15000 +edge_1_0_+disjointig_1_0_998763 729951 744902 998763 -1 -1 12268 0.0418404
Chain
	Aln	1	+HG003_ont_763_start_27999 9 14998 15000 -edge_1_0_+disjointig_1_0_998763 27128 42117 998763 -1 -1 12092 0.0435486
Chain
	Aln	0	-HG003_ont_763_start_27999 1 14990 15000 +edge_1_0_+disjointig_1_0_998763 956645 971634 998763 -1 -1 12092 0.0435486
Chain
	Aln	1	+HG003_ont_764_start_281959 1 14998 15000 -edge_1_0_+disjointig_1_0_998763 281080 296077 998763 -1 -1 12572 0.0397574
Chain
	Aln	0	-HG003_ont_764_start_281959 1 14998 15000 +edge_1_0_+disjointig_1_0_998763 702685 717682 998763 -1 -1 12572 0.0397574
Chain
	Aln	1	+HG003_ont_765_start_665835 0 14993 15000 -edge_1_0_+disjointig_1_0_998763 664955 679948 998763 -1 -1 12164 0.0389453
Chain
	Aln	0	-HG003_ont_765_start_665835 6 14999 15000 +edge_1_0_+disjointig_1_0_998763 318814 333807 998763 -1 -1 12164 0.0389453
Chain
	Aln	1	+HG003_ont_766_start_495124 37 14998 15000 -edge_1_0_+disjointig_1_0_998763 494281 509242 998763 -1 -1 12045 0.0416159
Chain
	Aln	0	-HG003_ont_766_start_495124 1 14962 15000 +edge_1_0_+disjointig_1_0_998763 489520 504481 998763 -1 -1 12045 0.0416159
Chain
	Aln	1	+HG003_ont_768_start_812006 3 14987 15000 -edge_1_0_+disjointig_1_0_998763 811129 826113 998763 -1 -1 12283 0.0409611
Chain
	Aln	0	-HG003_ont_768_start_812006 12 14996 15000 +edge_1_0_+disjointig_1_0_998763 172649 187633 998763 -1 -1 12283 0.0409611
Chain
	Aln	1	+HG003_ont_767_start_771952 1 14982 15000 -edge_1_0_+disjointig_1_0_998763 771073 786054 998763 -1 -1 12373 0.0396253
Chain
	Aln	0	-HG003_ont_767_start_771952 17 14998 15000 +edge_1_0_+disjointig_1_0_998763 212708 227689 998763 -1 -1 12373 0.0396253
Chain
	Aln	1	+HG003_ont_769_start_157946 7 14976 15000 -edge_1_0_+disjointig_1_0_998763 157073 172042 998763 -1 -1 12327 0.0408077
Chain
	Aln	0	-HG003_ont_769_start_157946 23 14992 15000 +edge_1_0_+disjointig_1_0_998763 826720 841689 998763 -1 -1 12327 0.0408077
Chain
	Aln	1	+HG003_ont_770_start_569250 0 14988 15000 -edge_1_0_+disjointig_1_0_998763 568370 583358 998763 -1 -1 12201 0.0422669
Chain
	Aln	0	-HG003_ont_770_start_569250 11 14999 15000 +edge_1_0_+disjointig_1_0_998763 415404 430392 998763 -1 -1 12201 0.0422669
Chain
	Aln	1	+HG003_ont_771_start_664606 1 14994 15000 -edge_1_0_+disjointig_1_0_998763 663727 678720 998763 -1 -1 12581 0.0394265
Chain
	Aln	0	-HG003_ont_771_start_664606 5 14998 15000 +edge_1_0_+disjointig_1_0_998763 320042 335035 998763 -1 -1 12581 0.0394265
Chain
	Aln	1	+HG003_ont_772_start_126323 35 14981 15000 -edge_1_0_+disjointig_1_0_998763 125478 140424 998763 -1 -1 11952 0.0430842
Chain
	Aln	0	-HG003_ont_772_start_126323 18 14964 15000 +edge_1_0_+disjointig_1_0_998763 858338 873284 998763 -1 -1 11952 0.0430842
Chain
	Aln	1	+HG003_ont_773_start_667477 0 14980 15000 -edge_1_0_+disjointig_1_0_998763 666597 681577 998763 -1 -1 12476 0.038712
Chain
	Aln	0	-HG003_ont_773_start_667477 19 14999 15000 +edge_1_0_+disjointig_1_0_998763 317185 332165 998763 -1 -1 12476 0.038712
Chain
	Aln	1	+HG003_ont_774_start_519607 0 14983 15000 -edge_1_0_+disjointig_1_0_998763 518727 533710 998763 -1 -1 12697 0.0376641
Chain
	Aln	0	-HG003_ont_774_start_519607 16 14999 15000 +edge_1_0_+disjointig_1_0_998763 465052 480035 998763 -1 -1 12697 0.0376641
Chain
	Aln	1	+HG003_ont_775_start_617421 0 14974 15000 -edge_1_0_+disjointig_1_0_998763 616541 631515 998763 -1 -1 12128 0.0424135
Chain
	Aln	0	-HG003_ont_775_start_617421 25 14999 15000 +edge_1_0_+disjointig_1_0_998763 367247 382221 998763 -1 -1 12128 0.0424135
Chain
	Aln	1	+HG003_ont_776_start_81902 15 14992 15000 -edge_1_0_+disjointig_1_0_998763 81037 96014 998763 -1 -1 12161 0.0426763
Chain
	Aln	0	-HG003_ont_776_start_81902 7 14984 15000 +edge_1_0_+disjointig_1_0_998763 902748 917725 998763 -1 -1 12161 0.0426763
Chain
	Aln	1	+HG003_ont_777_start_77983 3 14998 15000 -edge_1_0_+disjointig_1_0_998763 77106 92101 998763 -1 -1 12226 0.0413281
Chain
	Aln	0	-HG003_ont_777_start_77983 1 14996 15000 +edge_1_0_+disjointig_1_0_998763 906661 921656 998763 -1 -1 12226 0.0413281
Chain
	Aln	1	+HG003_ont_778_start_941695 1 14998 15000 -edge_1_0_+disjointig_1_0_998763 940816 955813 998763 -1 -1 12339 0.0409491
Chain
	Aln	0	-HG003_ont_778_start_941695 1 14998 15000 +edge_1_0_+disjointig_1_0_998763 42949 57946 998763 -1 -1 12339 0.0409491
Chain
	Aln	1	+HG003_ont_779_start_869961 0 14998 15000 -edge_1_0_+disjointig_1_0_998763 869081 884079 998763 -1 -1 12139 0.0416496
Chain
	Aln	0	-HG003_ont_779_start_869961 1 14999 15000 +edge_1_0_+disjointig_1_0_998763 114683 129681 998763 -1 -1 12139 0.0416496
Chain
	Aln	1	+HG003_ont_781_start_584672 5 14967 15000 -edge_1_0_+disjointig_1_0_998763 583797 598759 998763 -1 -1 12466 0.040443
Chain
	Aln	0	-HG003_ont_781_start_584672 32 14994 15000 +edge_1_0_+disjointig_1_0_998763 400003 414965 998763 -1 -1 12466 0.040443
Chain
	Aln	1	+HG003_ont_780_start_635684 3 14998 15000 -edge_1_0_+disjointig_1_0_998763 634807 649802 998763 -1 -1 12375 0.040284
Chain
	Aln	0	-HG003_ont_780_start_635684 1 14996 15000 +edge_1_0_+disjointig_1_0_998763 348960 363955 998763 -1 -1 12375 0.040284
Chain
	Aln	1	+HG003_ont_782_start_107968 15 14998 15000 -edge_1_0_+disjointig_1_0_998763 107103 122086 998763 -1 -1 12383 0.0391881
Chain
	Aln	0	-HG003_ont_782_start_107968 1 14984 15000 +edge_1_0_+disjointig_1_0_998763 876676 891659 998763 -1 -1 12383 0.0391881
Chain
	Aln	1	+HG003_ont_783_start_676180 2 14998 15000 -edge_1_0_+disjointig_1_0_998763 675302 690298 998763 -1 -1 11908 0.0413162
Chain
	Aln	0	-HG003_ont_783_start_676180 1 14997 15000 +edge_1_0_+disjointig_1_0_998763 308464 323460 998763 -1 -1 11908 0.0413162
Chain
	Aln	1	+HG003_ont_784_start_188203 21 14998 15000 -edge_1_0_+disjointig_1_0_998763 187344 202321 998763 -1 -1 12332 0.0405489
Chain
	Aln	0	-HG003_ont_784_start_188203 1 14978 15000 +edge_1_0_+disjointig_1_0_998763 796441 811418 998763 -1 -1 12332 0.0405489
Chain
	Aln	1	+HG003_ont_785_start_276869 11 14998 15000 -edge_1_0_+disjointig_1_0_998763 276000 290987 998763 -1 -1 12177 0.0414315
Chain
	Aln	0	-HG003_ont_785_start_276869 1 14988 15000 +edge_1_0_+disjointig_1_0_998763 707775 722762 998763 -1 -1 12177 0.0414315
Chain
	Aln	1	+HG003_ont_786_start_535587 19 14998 15000 -edge_1_0_+disjointig_1_0_998763 534726 549705 998763 -1 -1 12348 0.0404317
Chain
	Aln	0	-HG003_ont_786_start_535587 1 14980 15000 +edge_1_0_+disjointig_1_0_998763 449057 464036 998763 -1 -1 12348 0.0404317
Chain
	Aln	1	+HG003_ont_787_start_832255 32 14998 15000 -edge_1_0_+disjointig_1_0_998763 831407 846373 998763 -1 -1 12681 0.0385585
Chain
	Aln	0	-HG003_ont_787_start_832255 1 14967 15000 +edge_1_0_+disjointig_1_0_998763 152389 167355 998763 -1 -1 12681 0.0385585
Chain
	Aln	1	+HG003_ont_788_start_688109 0 14998 15000 -edge_1_0_+disjointig_1_0_998763 687229 702227 998763 -1 -1 12401 0.0400938
Chain
	Aln	0	-HG003_ont_788_start_688109 1 14999 15000 +edge_1_0_+disjointig_1_0_998763 296535 311533 998763 -1 -1 12401 0.0400938
Chain
	Aln	1	+HG003_ont_789_start_275695 13 14998 15000 -edge_1_0_+disjointig_1_0_998763 274828 289813 998763 -1 -1 12531 0.0397798
Chain
	Aln	0	-HG003_ont_789_start_275695 1 14986 15000 +edge_1_0_+disjointig_1_0_998763 708949 723934 998763 -1 -1 12531 0.0397798
Chain
	Aln	1	+HG003_ont_790_start_572126 0 14982 15000 -edge_1_0_+disjointig_1_0_998763 571246 586228 998763 -1 -1 12286 0.0408038
Chain
	Aln	0	-HG003_ont_790_start_572126 17 14999 15000 +edge_1_0_+disjointig_1_0_998763 412534 427516 998763 -1 -1 12286 0.0408038
Chain
	Aln	1	+HG003_ont_791_start_258535 1 14987 15000 -edge_1_0_+disjointig_1_0_998763 257656 272642 998763 -1 -1 12391 0.0376908
Chain
	Aln	0	-HG003_ont_791_start_258535 12 14998 15000 +edge_1_0_+disjointig_1_0_998763 726120 741106 998763 -1 -1 12391 0.0376908
Chain
	Aln	1	+HG003_ont_792_start_877156 23 14998 15000 -edge_1_0_+disjointig_1_0_998763 876299 891274 998763 -1 -1 12498 0.0399958
Chain
	Aln	0	-HG003_ont_792_start_877156 1 14976 15000 +edge_1_0_+disjointig_1_0_998763 107488 122463 998763 -1 -1 12498 0.0399958
Chain
	Aln	1	+HG003_ont_794_start_844831 33 14998 15000 -edge_1_0_+disjointig_1_0_998763 843984 858949 998763 -1 -1 12219 0.0421604
Chain
	Aln	0	-HG003_ont_794_start_844831 1 14966 15000 +edge_1_0_+disjointig_1_0_998763 139813 154778 998763 -1 -1 12219 0.0421604
Chain
	Aln	1	+HG003_ont_793_start_144709 0 14982 15000 -edge_1_0_+disjointig_1_0_998763 143829 158811 998763 -1 -1 12439 0.040233
Chain
	Aln	0	-HG003_ont_793_start_144709 17 14999 15000 +edge_1_0_+disjointig_1_0_998763 839951 854933 998763 -1 -1 12439 0.040233
Chain
	Aln	1	+HG003_ont_795_start_725854 38 14972 15000 -edge_1_0_+disjointig_1_0_998763 725012 739946 998763 -1 -1 12170 0.043878
Chain
	Aln	0	-HG003_ont_795_start_725854 27 14961 15000 +edge_1_0_+disjointig_1_0_998763 258816 273750 998763 -1 -1 12170 0.043878
Chain
	Aln	1	+HG003_ont_796_start_442671 1 14998 15000 -edge_1_0_+disjointig_1_0_998763 441792 456789 998763 -1 -1 12166 0.0414311
Chain
	Aln	0	-HG003_ont_796_start_442671 1 14998 15000 +edge_1_0_+disjointig_1_0_998763 541973 556970 998763 -1 -1 12166 0.0414311
Chain
	Aln	1	+HG003_ont_797_start_514073 7 14982 15000 -edge_1_0_+disjointig_1_0_998763 513200 528175 998763 -1 -1 12441 0.0417028
Chain
	Aln	0	-HG003_ont_797_start_514073 17 14992 15000 +edge_1_0_+disjointig_1_0_998763 470587 485562 998763 -1 -1 12441 0.0417028
Chain
	Aln	1	+HG003_ont_798_start_292364 8 14996 15000 -edge_1_0_+disjointig_1_0_998763 291492 306480 998763 -1 -1 12512 0.0393225
Chain
	Aln	0	-HG003_ont_798_start_292364 3 14991 15000 +edge_1_0_+disjointig_1_0_998763 692282 707270 998763 -1 -1 12512 0.0393225
Chain
	Aln	1	+HG003_ont_799_start_953739 1 14998 15000 -edge_1_0_+disjointig_1_0_998763 952860 967857 998763 -1 -1 12389 0.0400589
Chain
	Aln	0	-HG003_ont_799_start_953739 1 14998 15000 +edge_1_0_+disjointig_1_0_998763 30905 45902 998763 -1 -1 12389 0.0400589
Chain
	Aln	1	+HG003_ont_800_start_95506 1 14978 15000 -edge_1_0_+disjointig_1_0_998763 94627 109604 998763 -1 -1 12188 0.0431079
Chain
	Aln	0	-HG003_ont_800_start_95506 21 14998 15000 +edge_1_0_+disjointig_1_0_998763 889158 904135 998763 -1 -1 12188 0.0431079
Chain
	Aln	1	+HG003_ont_801_start_937266 13 14998 15000 -edge_1_0_+disjointig_1_0_998763 936399 951384 998763 -1 -1 12414 0.0392036
Chain
	Aln	0	-HG003_ont_801_start_937266 1 14986 15000 +edge_1_0_+disjointig_1_0_998763 47378 62363 998763 -1 -1 12414 0.0392036
Chain
	Aln	1	+HG003_ont_802_start_637672 11 14998 15000 -edge_1_0_+disjointig_1_0_998763 636803 651790 998763 -1 -1 12283 0.0398494
Chain
	Aln	0	-HG003_ont_802_start_637672 1 14988 15000 +edge_1_0_+disjointig_1_0_998763 346972 361959 998763 -1 -1 12283 0.0398494
Chain
	Aln	1	+HG003_ont_803_start_505000 1 14986 15000 -edge_1_0_+disjointig_1_0_998763 504121 519106 998763 -1 -1 12423 0.0407449
Chain
	Aln	0	-HG003_ont_803_start_505000 13 14998 15000 +edge_1_0_+disjointig_1_0_998763 479656 494641 998763 -1 -1 12423 0.0407449
Chain
	Aln	1	+HG003_ont_804_start_299362 0 14991 15000 -edge_1_0_+disjointig_1_0_998763 298482 313473 998763 -1 -1 12428 0.0391203
Chain
	Aln	0	-HG003_ont_804_start_299362 8 14999 15000 +edge_1_0_+disjointig_1_0_998763 685289 700280 998763 -1 -1 12428 0.0391203
Chain
	Aln	1	+HG003_ont_805_start_927976 6 14998 15000 -edge_1_0_+disjointig_1_0_998763 927102 942094 998763 -1 -1 12131 0.0414353
Chain
	Aln	0	-HG003_ont_805_start_927976 1 14993 15000 +edge_1_0_+disjointig_1_0_998763 56668 71660 998763 -1 -1 12131 0.0414353
Chain
	Aln	1	+HG003_ont_806_start_576209 1 14943 15000 -edge_1_0_+disjointig_1_0_998763 575330 590272 998763 -1 -1 12350 0.0384262
Chain
	Aln	0	-HG003_ont_806_start_576209 56 14998 15000 +edge_1_0_+disjointig_1_0_998763 408490 423432 998763 -1 -1 12350 0.0384262
Chain
	Aln	1	+HG003_ont_807_start_299781 1 14998 15000 -edge_1_0_+disjointig_1_0_998763 298902 313899 998763 -1 -1 12215 0.0416775
Chain
	Aln	0	-HG003_ont_807_start_299781 1 14998 15000 +edge_1_0_+disjointig_1_0_998763 684863 699860 998763 -1 -1 12215 0.0416775
Chain
	Aln	1	+HG003_ont_809_start_943281 20 14988 15000 -edge_1_0_+disjointig_1_0_998763 942421 957389 998763 -1 -1 12160 0.0393666
Chain
	Aln	0	-HG003_ont_809_start_943281 11 14979 15000 +edge_1_0_+disjointig_1_0_998763 41373 56341 998763 -1 -1 12160 0.0393666
Chain
	Aln	1	+HG003_ont_808_start_227480 37 14964 15000 -edge_1_0_+disjointig_1_0_998763 226637 241564 998763 -1 -1 12576 0.038352
Chain
	Aln	0	-HG003_ont_808_start_227480 35 14962 15000 +edge_1_0_+disjointig_1_0_998763 757198 772125 998763 -1 -1 12576 0.038352
Chain
	Aln	1	+HG003_ont_810_start_98637 6 14998 15000 -edge_1_0_+disjointig_1_0_998763 97763 112755 998763 -1 -1 12149 0.0410398
Chain
	Aln	0	-HG003_ont_810_start_98637 1 14993 15000 +edge_1_0_+disjointig_1_0_998763 886007 900999 998763 -1 -1 12149 0.0410398
Chain
	Aln	1	+HG003_ont_812_start_822744 2 14998 15000 -edge_1_0_+disjointig_1_0_998763 821866 836862 998763 -1 -1 12271 0.0423788
Chain
	Aln	0	-HG003_ont_812_start_822744 1 14997 15000 +edge_1_0_+disjointig_1_0_998763 161900 176896 998763 -1 -1 12271 0.0423788
Chain
	Aln	1	+HG003_ont_811_start_362267 0 14998 15000 -edge_1_0_+disjointig_1_0_998763 361387 376385 998763 -1 -1 12317 0.0407488
Chain
	Aln	0	-HG003_ont_811_start_362267 1 14999 15000 +edge_1_0_+disjointig_1_0_998763 622377 637375 998763 -1 -1 12317 0.0407488
Chain
	Aln	1	+HG003_ont_813_start_551025 1 14991 15000 -edge_1_0_+disjointig_1_0_998763 550146 565136 998763 -1 -1 12561 0.0416979
Chain
	Aln	0	-HG003_ont_813_start_551025 8 14998 15000 +edge_1_0_+disjointig_1_0_998763 433626 448616 998763 -1 -1 12561 0.0416979
Chain
	Aln	1	+HG003_ont_814_start_73324 1 14998 15000 -edge_1_0_+disjointig_1_0_998763 72445 87442 998763 -1 -1 12172 0.0412568
Chain
	Aln	0	-HG003_ont_814_start_73324 1 14998 15000 +edge_1_0_+disjointig_1_0_998763 911320 926317 998763 -1 -1 12172 0.0412568
Chain
	Aln	1	+HG003_ont_815_start_62987 1 14978 15000 -edge_1_0_+disjointig_1_0_998763 62108 77085 998763 -1 -1 11970 0.0418945
Chain
	Aln	0	-HG003_ont_815_start_62987 21 14998 15000 +edge_1_0_+disjointig_1_0_998763 921677 936654 998763 -1 -1 11970 0.0418945
Chain
	Aln	1	+HG003_ont_816_start_571493 0 14998 15000 -edge_1_0_+disjointig_1_0_998763 570613 585611 998763 -1 -1 12302 0.0421373
Chain
	Aln	0	-HG003_ont_816_start_571493 1 14999 15000 +edge_1_0_+disjointig_1_0_998763 413151 428149 998763 -1 -1 12302 0.0421373
Chain
	Aln	1	+HG003_ont_817_start_353003 1 14981 15000 -edge_1_0_+disjointig_1_0_998763 352124 367104 998763 -1 -1 12456 0.0402174
Chain
	Aln	0	-HG003_ont_817_start_353003 18 14998 15000 +edge_1_0_+disjointig_1_0_998763 631658 646638 998763 -1 -1 12456 0.0402174
Chain
	Aln	1	+HG003_ont_818_start_895087 0 14998 15000 -edge_1_0_+disjointig_1_0_998763 894207 909205 998763 -1 -1 12616 0.0391783
Chain
	Aln	0	-HG003_ont_818_start_895087 1 14999 15000 +edge_1_0_+disjointig_1_0_998763 89557 104555 998763 -1 -1 12616 0.0391783
Chain
	Aln	1	+HG003_ont_819_start_672461 15 14992 15000 -edge_1_0_+disjointig_1_0_998763 671596 686573 998763 -1 -1 12374 0.038989
Chain
	Aln	0	-HG003_ont_819_start_672461 7 14984 15000 +edge_1_0_+disjointig_1_0_998763 312189 327166 998763 -1 -1 12374 0.038989
Chain
	Aln	1	+HG003_ont_820_start_132097 16 14992 15000 -edge_1_0_+disjointig_1_0_998763 131233 146209 998763 -1 -1 11989 0.0447534
Chain
	Aln	0	-HG003_ont_820_start_132097 7 14983 15000 +edge_1_0_+disjointig_1_0_998763 852553 867529 998763 -1 -1 11989 0.0447534
Chain
	Aln	1	+HG003_ont_821_start_297859 57 14978 15000 -edge_1_0_+disjointig_1_0_998763 297036 311957 998763 -1 -1 12017 0.0418104
Chain
	Aln	0	-HG003_ont_821_start_297859 21 14942 15000 +edge_1_0_+disjointig_1_0_998763 686805 701726 998763 -1 -1 12017 0.0418104
Chain
	Aln	1	+HG003_ont_822_start_64994 60 14990 15000 -edge_1_0_+disjointig_1_0_998763 64174 79104 998763 -1 -1 12452 0.0390638
Chain
	Aln	0	-HG003_ont_822_start_64994 9 14939 15000 +edge_1_0_+disjointig_1_0_998763 919658 934588 998763 -1 -1 12452 0.0390638
Chain
	Aln	1	+HG003_ont_823_start_445048 1 14998 15000 -edge_1_0_+disjointig_1_0_998763 444169 459166 998763 -1 -1 12227 0.0408234
Chain
	Aln	0	-HG003_ont_823_start_445048 1 14998 15000 +edge_1_0_+disjointig_1_0_998763 539596 554593 998763 -1 -1 12227 0.0408234
Chain
	Aln	1	+HG003_ont_824_start_134639 1 14998 15000 -edge_1_0_+disjointig_1_0_998763 133760 148757 998763 -1 -1 12448 0.0410988
Chain
	Aln	0	-HG003_ont_824_start_134639 1 14998 15000 +edge_1_0_+disjointig_1_0_998763 850005 865002 998763 -1 -1 12448 0.0410988
Chain
	Aln	1	+HG003_ont_825_start_29018 1 14987 15000 -edge_1_0_+disjointig_1_0_998763 28139 43125 998763 -1 -1 12375 0.0392611
Chain
	Aln	0	-HG003_ont_825_start_29018 12 14998 15000 +edge_1_0_+disjointig_1_0_998763 955637 970623 998763 -1 -1 12375 0.0392611
Chain
	Aln	1	+HG003_ont_826_start_528678 37 14998 15000 -edge_1_0_+disjointig_1_0_998763 527835 542796 998763 -1 -1 12397 0.0399796
Chain
	Aln	0	-HG003_ont_826_start_528678 1 14962 15000 +edge_1_0_+disjointig_1_0_998763 455966 470927 998763 -1 -1 12397 0.0399796
Chain
	Aln	1	+HG003_ont_828_start_468275 46 14987 15000 -edge_1_0_+disjointig_1_0_998763 467441 482382 998763 -1 -1 12153 0.0433847
Chain
	Aln	0	-HG003_ont_828_start_468275 12 14953 15000 +edge_1_0_+disjointig_1_0_998763 516380 531321 998763 -1 -1 12153 0.0433847
Chain
	Aln	1	+HG003_ont_827_start_706237 3 14964 15000 -edge_1_0_+disjointig_1_0_998763 705360 720321 998763 -1 -1 11999 0.043414
Chain
	Aln	0	-HG003_ont_827_start_706237 35 14996 15000 +edge_1_0_+disjointig_1_0_998763 278441 293402 998763 -1 -1 11999 0.043414
Chain
	Aln	1	+HG003_ont_829_start_654009 5 14998 15000 -edge_1_0_+disjointig_1_0_998763 653134 668127 998763 -1 -1 12048 0.044193
Chain
	Aln	0	-HG003_ont_829_start_654009 1 14994 15000 +edge_1_0_+disjointig_1_0_998763 330635 345628 998763 -1 -1 12048 0.044193
Chain
	Aln	1	+HG003_ont_830_start_156423 14 14998 15000 -edge_1_0_+disjointig_1_0_998763 155557 170541 998763 -1 -1 12579 0.0395293
Chain
	Aln	0	-HG003_ont_830_start_156423 1 14985 15000 +edge_1_0_+disjointig_1_0_998763 828221 843205 998763 -1 -1 12579 0.0395293
Chain
	Aln	1	+HG003_ont_831_start_378906 1 14998 15000 -edge_1_0_+disjointig_1_0_998763 378027 393024 998763 -1 -1 12243 0.0409491
Chain
	Aln	0	-HG003_ont_831_start_378906 1 14998 15000 +edge_1_0_+disjointig_1_0_998763 605738 620735 998763 -1 -1 12243 0.0409491
Chain
	Aln	1	+HG003_ont_832_start_519312 0 14973 15000 -edge_1_0_+disjointig_1_0_998763 518432 533405 998763 -1 -1 12503 0.0390878
Chain
	Aln	0	-HG003_ont_832_start_519312 26 14999 15000 +edge_1_0_+disjointig_1_0_998763 465357 480330 998763 -1 -1 12503 0.0390878
Chain
	Aln	1	+HG003_ont_833_start_638727 8 14998 15000 -edge_1_0_+disjointig_1_0_998763 637855 652845 998763 -1 -1 12691 0.0378557
Chain
	Aln	0	-HG003_ont_833_start_638727 1 14991 15000 +edge_1_0_+disjointig_1_0_998763 345917 360907 998763 -1 -1 12691 0.0378557
Chain
	Aln	1	+HG003_ont_834_start_585377 0 14989 15000 -edge_1_0_+disjointig_1_0_998763 584497 599486 998763 -1 -1 12201 0.0411227
Chain
	Aln	0	-HG003_ont_834_start_585377 10 14999 15000 +edge_1_0_+disjointig_1_0_998763 399276 414265 998763 -1 -1 12201 0.0411227
Chain
	Aln	1	+HG003_ont_836_start_99514 3 14992 15000 -edge_1_0_+disjointig_1_0_998763 98637 113626 998763 -1 -1 12187 0.0393648
Chain
	Aln	0	-HG003_ont_836_start_99514 7 14996 15000 +edge_1_0_+disjointig_1_0_998763 885136 900125 998763 -1 -1 12187 0.0393648
Chain
	Aln	1	+HG003_ont_835_start_318136 1 14998 15000 -edge_1_0_+disjointig_1_0_998763 317257 332254 998763 -1 -1 12150 0.0410515
Chain
	Aln	0	-HG003_ont_835_start_318136 1 14998 15000 +edge_1_0_+disjointig_1_0_998763 666508 681505 998763 -1 -1 12150 0.0410515
Chain
	Aln	1	+HG003_ont_837_start_198818 28 14977 15000 -edge_1_0_+disjointig_1_0_998763 197966 212915 998763 -1 -1 12612 0.0408787
Chain
	Aln	0	-HG003_ont_837_start_198818 22 14971 15000 +edge_1_0_+disjointig_1_0_998763 785847 800796 998763 -1 -1 12612 0.0408787
Chain
	Aln	1	+HG003_ont_838_start_114495 11 14998 15000 -edge_1_0_+disjointig_1_0_998763 113626 128613 998763 -1 -1 12444 0.0380159
Chain
	Aln	0	-HG003_ont_838_start_114495 1 14988 15000 +edge_1_0_+disjointig_1_0_998763 870149 885136 998763 -1 -1 12444 0.0380159
Chain
	Aln	1	+HG003_ont_839_start_941749 17 14998 15000 -edge_1_0_+disjointig_1_0_998763 940886 955867 998763 -1 -1 12425 0.0395945
Chain
	Aln	0	-HG003_ont_839_start_941749 1 14982 15000 +edge_1_0_+disjointig_1_0_998763 42895 57876 998763 -1 -1 12425 0.0395945
Chain
	Aln	1	+HG003_ont_840_start_219377 22 14971 15000 -edge_1_0_+disjointig_1_0_998763 218519 233468 998763 -1 -1 12333 0.0380992
Chain
	Aln	0	-HG003_ont_840_start_219377 28 14977 15000 +edge_1_0_+disjointig_1_0_998763 765294 780243 998763 -1 -1 12333 0.0380992
Chain
	Aln	1	+HG003_ont_841_start_965438 1 14998 15000 -edge_1_0_+disjointig_1_0_998763 964559 979556 998763 -1 -1 12214 0.0413043
Chain
	Aln	0	-HG003_ont_841_start_965438 1 14998 15000 +edge_1_0_+disjointig_1_0_998763 19206 34203 998763 -1 -1 12214 0.0413043
Chain
	Aln	1	+HG003_ont_842_start_717905 0 14961 15000 -edge_1_0_+disjointig_1_0_998763 717025 731986 998763 -1 -1 12269 0.0409811
Chain
	Aln	0	-HG003_ont_842_start_717905 38 14999 15000 +edge_1_0_+disjointig_1_0_998763 266776 281737 998763 -1 -1 12269 0.0409811
Chain
	Aln	1	+HG003_ont_843_start_675213 10 14998 15000 -edge_1_0_+disjointig_1_0_998763 674343 689331 998763 -1 -1 12053 0.0430776
Chain
	Aln	0	-HG003_ont_843_start_675213 1 14989 15000 +edge_1_0_+disjointig_1_0_998763 309431 324419 998763 -1 -1 12053 0.0430776
Chain
	Aln	1	+HG003_ont_844_start_282564 14 14998 15000 -edge_1_0_+disjointig_1_0_998763 281698 296682 998763 -1 -1 12096 0.0413008
Chain
	Aln	0	-HG003_ont_844_start_282564 1 14985 15000 +edge_1_0_+disjointig_1_0_998763 702080 717064 998763 -1 -1 12096 0.0413008
Chain
	Aln	1	+HG003_ont_845_start_712490 34 14998 15000 -edge_1_0_+disjointig_1_0_998763 711644 726608 998763 -1 -1 12391 0.0421887
Chain
	Aln	0	-HG003_ont_845_start_712490 1 14965 15000 +edge_1_0_+disjointig_1_0_998763 272154 287118 998763 -1 -1 12391 0.0421887
Chain
	Aln	1	+HG003_ont_846_start_529306 6 14998 15000 -edge_1_0_+disjointig_1_0_998763 528432 543424 998763 -1 -1 12497 0.0386
Chain
	Aln	0	-HG003_ont_846_start_529306 1 14993 15000 +edge_1_0_+disjointig_1_0_998763 455338 470330 998763 -1 -1 12497 0.0386
Chain
	Aln	1	+HG003_ont_847_start_363593 1 14994 15000 -edge_1_0_+disjointig_1_0_998763 362714 377707 998763 -1 -1 12245 0.0415504
Chain
	Aln	0	-HG003_ont_847_start_363593 5 14998 15000 +edge_1_0_+disjointig_1_0_998763 621055 636048 998763 -1 -1 12245 0.0415504
Chain
	Aln	1	+HG003_ont_848_start_146842 0 14971 15000 -edge_1_0_+disjointig_1_0_998763 145962 160933 998763 -1 -1 12226 0.0382685
Chain
	Aln	0	-HG003_ont_848_start_146842 28 14999 15000 +edge_1_0_+disjointig_1_0_998763 837829 852800 998763 -1 -1 12226 0.0382685
Chain
	Aln	1	+HG003_ont_849_start_511140 0 14998 15000 -edge_1_0_+disjointig_1_0_998763 510260 525258 998763 -1 -1 11966 0.043174
Chain
	Aln	0	-HG003_ont_849_start_511140 1 14999 15000 +edge_1_0_+disjointig_1_0_998763 473504 488502 998763 -1 -1 11966 0.043174
Chain
	Aln	1	+HG003_ont_850_start_593302 1 14971 15000 -edge_1_0_+disjointig_1_0_998763 592423 607393 998763 -1 -1 12030 0.0453297
Chain
	Aln	0	-HG003_ont_850_start_593302 28 14998 15000 +edge_1_0_+disjointig_1_0_998763 391369 406339 998763 -1 -1 12030 0.0453297
Chain
	Aln	1	+HG003_ont_851_start_755523 1 14994 15000 -edge_1_0_+disjointig_1_0_998763 754644 769637 998763 -1 -1 12366 0.0394802
Chain
	Aln	0	-HG003_ont_851_start_755523 5 14998 15000 +edge_1_0_+disjointig_1_0_998763 229125 244118 998763 -1 -1 12366 0.0394802
Chain
	Aln	1	+HG003_ont_852_start_636905 1 14990 15000 -edge_1_0_+disjointig_1_0_998763 636026 651015 998763 -1 -1 12211 0.0402916
Chain
	Aln	0	-HG003_ont_852_start_636905 9 14998 15000 +edge_1_0_+disjointig_1_0_998763 347747 362736 998763 -1 -1 12211 0.0402916
Chain
	Aln	1	+HG003_ont_853_start_312915 1 14969 15000 -edge_1_0_+disjointig_1_0_998763 312036 327004 998763 -1 -1 12151 0.0406781
Chain
	Aln	0	-HG003_ont_853_start_312915 30 14998 15000 +edge_1_0_+disjointig_1_0_998763 671758 686726 998763 -1 -1 12151 0.0406781
Chain
	Aln	1	+HG003_ont_854_start_327791 2 14959 15000 -edge_1_0_+disjointig_1_0_998763 326913 341870 998763 -1 -1 12540 0.0377783
Chain
	Aln	0	-HG003_ont_854_start_327791 40 14997 15000 +edge_1_0_+disjointig_1_0_998763 656892 671849 998763 -1 -1 12540 0.0377783
Chain
	Aln	1	+HG003_ont_855_start_123561 1 14998 15000 -edge_1_0_+disjointig_1_0_998763 122682 137679 998763 -1 -1 12700 0.0373404
Chain
	Aln	0	-HG003_ont_855_start_123561 1 14998 15000 +edge_1_0_+disjointig_1_0_998763 861083 876080 998763 -1 -1 12700 0.0373404
Chain
	Aln	1	+HG003_ont_856_start_198376 13 14987 15000 -edge_1_0_+disjointig_1_0_998763 197509 212483 998763 -1 -1 12242 0.0401161
Chain
	Aln	0	-HG003_ont_856_start_198376 12 14986 15000 +edge_1_0_+disjointig_1_0_998763 786279 801253 998763 -1 -1 12242 0.0401161
Chain
	Aln	1	+HG003_ont_857_start_343263 1 14998 15000 -edge_1_0_+disjointig_1_0_998763 342384 357381 998763 -1 -1 12015 0.0436871
Chain
	Aln	0	-HG003_ont_857_start_343263 1 14998 15000 +edge_1_0_+disjointig_1_0_998763 641381 656378 998763 -1 -1 12015 0.0436871
Chain
	Aln	1	+HG003_ont_858_start_562469 2 14975 15000 -edge_1_0_+disjointig_1_0_998763 561591 576564 998763 -1 -1 12197 0.0422402
Chain
	Aln	0	-HG003_ont_858_start_562469 24 14997 15000 +edge_1_0_+disjointig_1_0_998763 422198 437171 998763 -1 -1 12197 0.0422402
Chain
	Aln	1	+HG003_ont_859_start_724081 13 14966 15000 -edge_1_0_+disjointig_1_0_998763 723214 738167 998763 -1 -1 12032 0.0406741
Chain
	Aln	0	-HG003_ont_859_start_724081 33 14986 15000 +edge_1_0_+disjointig_1_0_998763 260595 275548 998763 -1 -1 12032 0.0406741
Chain
	Aln	1	+HG003_ont_861_start_84495 1 14998 15000 -edge_1_0_+disjointig_1_0_998763 83616 98613 998763 -1 -1 12437 0.039935
Chain
	Aln	0	-HG003_ont_861_start_84495 1 14998 15000 +edge_1_0_+disjointig_1_0_998763 900149 915146 998763 -1 -1 12437 0.039935
Chain
	Aln	1	+HG003_ont_860_start_558994 5 14986 15000 -edge_1_0_+disjointig_1_0_998763 558119 573100 998763 -1 -1 12259 0.0413921
Chain
	Aln	0	-HG003_ont_860_start_558994 13 14994 15000 +edge_1_0_+disjointig_1_0_998763 425662 440643 998763 -1 -1 12259 0.0413921
Chain
	Aln	1	+HG003_ont_862_start_634946 1 14998 15000 -edge_1_0_+disjointig_1_0_998763 634067 649064 998763 -1 -1 12155 0.0420291
Chain
	Aln	0	-HG003_ont_862_start_634946 1 14998 15000 +edge_1_0_+disjointig_1_0_998763 349698 364695 998763 -1 -1 12155 0.0420291
Chain
	Aln	1	+HG003_ont_863_start_564437 6 14997 15000 -edge_1_0_+disjointig_1_0_998763 563563 578554 998763 -1 -1 12213 0.0429589
Chain
	Aln	0	-HG003_ont_863_start_564437 2 14993 15000 +edge_1_0_+disjointig_1_0_998763 420208 435199 998763 -1 -1 12213 0.0429589
Chain
	Aln	1	+HG003_ont_865_start_772562 15 14983 15000 -edge_1_0_+disjointig_1_0_998763 771697 786665 998763 -1 -1 12135 0.0444368
Chain
	Aln	0	-HG003_ont_865_start_772562 16 14984 15000 +edge_1_0_+disjointig_1_0_998763 212097 227065 998763 -1 -1 12135 0.0444368
Chain
	Aln	1	+HG003_ont_864_start_242255 1 14998 15000 -edge_1_0_+disjointig_1_0_998763 241376 256373 998763 -1 -1 12296 0.039665
Chain
	Aln	0	-HG003_ont_864_start_242255 1 14998 15000 +edge_1_0_+disjointig_1_0_998763 742389 757386 998763 -1 -1 12296 0.039665
Chain
	Aln	1	+HG003_ont_866_start_794262 41 14998 15000 -edge_1_0_+disjointig_1_0_998763 793423 808380 998763 -1 -1 12313 0.0420164
Chain
	Aln	0	-HG003_ont_866_start_794262 1 14958 15000 +edge_1_0_+disjointig_1_0_998763 190382 205339 998763 -1 -1 12313 0.0420164
Chain
	Aln	1	+HG003_ont_867_start_575288 1 14995 15000 -edge_1_0_+disjointig_1_0_998763 574409 589403 998763 -1 -1 12302 0.0403502
Chain
	Aln	0	-HG003_ont_867_start_575288 4 14998 15000 +edge_1_0_+disjointig_1_0_998763 409359 424353 998763 -1 -1 12302 0.0403502
Chain
	Aln	1	+HG003_ont_869_start_908952 1 14998 15000 -edge_1_0_+disjointig_1_0_998763 908073 923070 998763 -1 -1 12493 0.0391362
Chain
	Aln	0	-HG003_ont_869_start_908952 1 14998 15000 +edge_1_0_+disjointig_1_0_998763 75692 90689 998763 -1 -1 12493 0.0391362
Chain
	Aln	1	+HG003_ont_868_start_370913 2 14962 15000 -edge_1_0_+disjointig_1_0_998763 370035 384995 998763 -1 -1 12138 0.0410009
Chain
	Aln	0	-HG003_ont_868_start_370913 37 14997 15000 +edge_1_0_+disjointig_1_0_998763 613767 628727 998763 -1 -1 12138 0.0410009
Chain
	Aln	1	+HG003_ont_871_start_679829 1 14983 15000 -edge_1_0_+disjointig_1_0_998763 678950 693932 998763 -1 -1 12015 0.0405451
Chain
	Aln	0	-HG003_ont_871_start_679829 16 14998 15000 +edge_1_0_+disjointig_1_0_998763 304830 319812 998763 -1 -1 12015 0.0405451
Chain
	Aln	1	+HG003_ont_870_start_89638 5 14997 15000 -edge_1_0_+disjointig_1_0_998763 88763 103755 998763 -1 -1 12132 0.0431014
Chain
	Aln	0	-HG003_ont_870_start_89638 2 14994 15000 +edge_1_0_+disjointig_1_0_998763 895007 909999 998763 -1 -1 12132 0.0431014
Chain
	Aln	1	+HG003_ont_872_start_368876 1 14998 15000 -edge_1_0_+disjointig_1_0_998763 367997 382994 998763 -1 -1 12328 0.0412884
Chain
	Aln	0	-HG003_ont_872_start_368876 1 14998 15000 +edge_1_0_+disjointig_1_0_998763 615768 630765 998763 -1 -1 12328 0.0412884
Chain
	Aln	1	+HG003_ont_873_start_36146 1 14998 15000 -edge_1_0_+disjointig_1_0_998763 35267 50264 998763 -1 -1 12019 0.0412015
Chain
	Aln	0	-HG003_ont_873_start_36146 1 14998 15000 +edge_1_0_+disjointig_1_0_998763 948498 963495 998763 -1 -1 12019 0.0412015
Chain
	Aln	1	+HG003_ont_874_start_848761 12 14998 15000 -edge_1_0_+disjointig_1_0_998763 847893 862879 998763 -1 -1 12320 0.0387052
Chain
	Aln	0	-HG003_ont_874_start_848761 1 14987 15000 +edge_1_0_+disjointig_1_0_998763 135883 150869 998763 -1 -1 12320 0.0387052
Chain
	Aln	1	+HG003_ont_875_start_731530 34 14998 15000 -edge_1_0_+disjointig_1_0_998763 730684 745648 998763 -1 -1 12293 0.0416915
Chain
	Aln	0	-HG003_ont_875_start_731530 1 14965 15000 +edge_1_0_+disjointig_1_0_998763 253114 268078 998763 -1 -1 12293 0.0416915
Chain
	Aln	1	+HG003_ont_876_start_559523 1 14993 15000 -edge_1_0_+disjointig_1_0_998763 558644 573636 998763 -1 -1 12390 0.0400315
Chain
	Aln	0	-HG003_ont_876_start_559523 6 14998 15000 +edge_1_0_+disjointig_1_0_998763 425126 440118 998763 -1 -1 12390 0.0400315
Chain
	Aln	1	+HG003_ont_877_start_615779 1 14968 15000 -edge_1_0_+disjointig_1_0_998763 614900 629867 998763 -1 -1 12103 0.0427182
Chain
	Aln	0	-HG003_ont_877_start_615779 31 14998 15000 +edge_1_0_+disjointig_1_0_998763 368895 383862 998763 -1 -1 12103 0.0427182
Chain
	Aln	1	+HG003_ont_878_start_437091 1 14998 15000 -edge_1_0_+disjointig_1_0_998763 436212 451209 998763 -1 -1 12345 0.0397806
Chain
	Aln	0	-HG003_ont_878_start_437091 1 14998 15000 +edge_1_0_+disjointig_1_0_998763 547553 562550 998763 -1 -1 12345 0.0397806
Chain
	Aln	1	+HG003_ont_879_start_139378 10 14982 15000 -edge_1_0_+disjointig_1_0_998763 138508 153480 998763 -1 -1 12140 0.0425675
Chain
	Aln	0	-HG003_ont_879_start_139378 17 14989 15000 +edge_1_0_+disjointig_1_0_998763 845282 860254 998763 -1 -1 12140 0.0425675
Chain
	Aln	1	+HG003_ont_880_start_391829 1 14998 15000 -edge_1_0_+disjointig_1_0_998763 390950 405947 998763 -1 -1 12348 0.0403775
Chain
	Aln	0	-HG003_ont_880_start_391829 1 14998 15000 +edge_1_0_+disjointig_1_0_998763 592815 607812 998763 -1 -1 12348 0.0403775
Chain
	Aln	1	+HG003_ont_881_start_276057 1 14998 15000 -edge_1_0_+disjointig_1_0_998763 275178 290175 998763 -1 -1 11966 0.0431701
Chain
	Aln	0	-HG003_ont_881_start_276057 1 14998 15000 +edge_1_0_+disjointig_1_0_998763 708587 723584 998763 -1 -1 11966 0.0431701
Chain
	Aln	1	+HG003_ont_882_start_548494 4 14985 15000 -edge_1_0_+disjointig_1_0_998763 547618 562599 998763 -1 -1 12369 0.039165
Chain
	Aln	0	-HG003_ont_882_start_548494 14 14995 15000 +edge_1_0_+disjointig_1_0_998763 436163 451144 998763 -1 -1 12369 0.039165
Chain
	Aln	1	+HG003_ont_883_start_152516 0 14967 15000 -edge_1_0_+disjointig_1_0_998763 151636 166603 998763 -1 -1 12237 0.0418953
Chain
	Aln	0	-HG003_ont_883_start_152516 32 14999 15000 +edge_1_0_+disjointig_1_0_998763 832159 847126 998763 -1 -1 12237 0.0418953
Chain
	Aln	1	+HG003_ont_884_start_473318 16 14983 15000 -edge_1_0_+disjointig_1_0_998763 472454 487421 998763 -1 -1 11798 0.0437758
Chain
	Aln	0	-HG003_ont_884_start_473318 16 14983 15000 +edge_1_0_+disjointig_1_0_998763 511341 526308 998763 -1 -1 11798 0.0437758
Chain
	Aln	1	+HG003_ont_885_start_279993 19 14998 15000 -edge_1_0_+disjointig_1_0_998763 279132 294111 998763 -1 -1 12353 0.0401435
Chain
	Aln	0	-HG003_ont_885_start_279993 1 14980 15000 +edge_1_0_+disjointig_1_0_998763 704651 719630 998763 -1 -1 12353 0.0401435
Chain
	Aln	1	+HG003_ont_886_start_60932 17 14993 15000 -edge_1_0_+disjointig_1_0_998763 60069 75045 998763 -1 -1 12277 0.0396057
Chain
	Aln	0	-HG003_ont_886_start_60932 6 14982 15000 +edge_1_0_+disjointig_1_0_998763 923717 938693 998763 -1 -1 12277 0.0396057
Chain
	Aln	1	+HG003_ont_887_start_318960 1 14998 15000 -edge_1_0_+disjointig_1_0_998763 318081 333078 998763 -1 -1 12477 0.0404945
Chain
	Aln	0	-HG003_ont_887_start_318960 1 14998 15000 +edge_1_0_+disjointig_1_0_998763 665684 680681 998763 -1 -1 12477 0.0404945
Chain
	Aln	1	+HG003_ont_888_start_606453 1 14998 15000 -edge_1_0_+disjointig_1_0_998763 605574 620571 998763 -1 -1 12168 0.0423102
Chain
	Aln	0	-HG003_ont_888_start_606453 1 14998 15000 +edge_1_0_+disjointig_1_0_998763 378191 393188 998763 -1 -1 12168 0.0423102
Chain
	Aln	1	+HG003_ont_889_start_509128 49 14998 15000 -edge_1_0_+disjointig_1_0_998763 508297 523246 998763 -1 -1 11948 0.0427369
Chain
	Aln	0	-HG003_ont_889_start_509128 1 14950 15000 +edge_1_0_+disjointig_1_0_998763 475516 490465 998763 -1 -1 11948 0.0427369
Chain
	Aln	1	+HG003_ont_890_start_247674 1 14989 15000 -edge_1_0_+disjointig_1_0_998763 246795 261783 998763 -1 -1 12545 0.0388268
Chain
	Aln	0	-HG003_ont_890_start_247674 10 14998 15000 +edge_1_0_+disjointig_1_0_998763 736979 751967 998763 -1 -1 12545 0.0388268
Chain
	Aln	1	+HG003_ont_891_start_443992 1 14986 15000 -edge_1_0_+disjointig_1_0_998763 443113 458098 998763 -1 -1 12234 0.0413523
Chain
	Aln	0	-HG003_ont_891_start_443992 13 14998 15000 +edge_1_0_+disjointig_1_0_998763 540664 555649 998763 -1 -1 12234 0.0413523
Chain
	Aln	1	+HG003_ont_892_start_237368 18 14988 15000 -edge_1_0_+disjointig_1_0_998763 236506 251476 998763 -1 -1 12410 0.041803
Chain
	Aln	0	-HG003_ont_892_start_237368 11 14981 15000 +edge_1_0_+disjointig_1_0_998763 747286 762256 998763 -1 -1 12410 0.041803
Chain
	Aln	1	+HG003_ont_893_start_369843 11 14998 15000 -edge_1_0_+disjointig_1_0_998763 368974 383961 998763 -1 -1 11975 0.0426669
Chain
	Aln	0	-HG003_ont_893_start_369843 1 14988 15000 +edge_1_0_+disjointig_1_0_998763 614801 629788 998763 -1 -1 11975 0.0426669
Chain
	Aln	1	+HG003_ont_894_start_75919 1 14983 15000 -edge_1_0_+disjointig_1_0_998763 75040 90022 998763 -1 -1 12260 0.0411347
Chain
	Aln	0	-HG003_ont_894_start_75919 16 14998 15000 +edge_1_0_+disjointig_1_0_998763 908740 923722 998763 -1 -1 12260 0.0411347
Chain
	Aln	1	+HG003_ont_895_start_937580 1 14973 15000 -edge_1_0_+disjointig_1_0_998763 936701 951673 998763 -1 -1 12403 0.0404745
Chain
	Aln	0	-HG003_ont_895_start_937580 26 14998 15000 +edge_1_0_+disjointig_1_0_998763 47089 62061 998763 -1 -1 12403 0.0404745
Chain
	Aln	1	+HG003_ont_896_start_25814 1 14992 15000 -edge_1_0_+disjointig_1_0_998763 24935 39926 998763 -1 -1 12148 0.0402917
Chain
	Aln	0	-HG003_ont_896_start_25814 7 14998 15000 +edge_1_0_+disjointig_1_0_998763 958836 973827 998763 -1 -1 12148 0.0402917
Chain
	Aln	1	+HG003_ont_897_start_705365 0 14939 15000 -edge_1_0_+disjointig_1_0_998763 704485 719424 998763 -1 -1 12033 0.0427871
Chain
	Aln	0	-HG003_ont_897_start_705365 60 14999 15000 +edge_1_0_+disjointig_1_0_998763 279338 294277 998763 -1 -1 12033 0.0427871
Chain
	Aln	1	+HG003_ont_898_start_57707 5 14976 15000 -edge_1_0_+disjointig_1_0_998763 56832 71803 998763 -1 -1 11722 0.042321
Chain
	Aln	0	-HG003_ont_898_start_57707 23 14994 15000 +edge_1_0_+disjointig_1_0_998763 926959 941930 998763 -1 -1 11722 0.042321
Chain
	Aln	1	+HG003_ont_899_start_260367 32 14998 15000 -edge_1_0_+disjointig_1_0_998763 259519 274485 998763 -1 -1 12535 0.0388164
Chain
	Aln	0	-HG003_ont_899_start_260367 1 14967 15000 +edge_1_0_+disjointig_1_0_998763 724277 739243 998763 -1 -1 12535 0.0388164
Chain
	Aln	1	+HG003_ont_900_start_574521 0 14998 15000 -edge_1_0_+disjointig_1_0_998763 573641 588639 998763 -1 -1 12256 0.0423786
Chain
	Aln	0	-HG003_ont_900_start_574521 1 14999 15000 +edge_1_0_+disjointig_1_0_998763 410123 425121 998763 -1 -1 12256 0.0423786
Chain
	Aln	1	+HG003_ont_901_start_679633 27 14998 15000 -edge_1_0_+disjointig_1_0_998763 678780 693751 998763 -1 -1 12509 0.0372309
Chain
	Aln	0	-HG003_ont_901_start_679633 1 14972 15000 +edge_1_0_+disjointig_1_0_998763 305011 319982 998763 -1 -1 12509 0.0372309
Chain
	Aln	1	+HG003_ont_902_start_759758 0 14998 15000 -edge_1_0_+disjointig_1_0_998763 758878 773876 998763 -1 -1 12486 0.041817
Chain
	Aln	0	-HG003_ont_902_start_759758 1 14999 15000 +edge_1_0_+disjointig_1_0_998763 224886 239884 998763 -1 -1 12486 0.041817
Chain
	Aln	1	+HG003_ont_903_start_789880 40 14973 15000 -edge_1_0_+disjointig_1_0_998763 789040 803973 998763 -1 -1 12171 0.0391446
Chain
	Aln	0	-HG003_ont_903_start_789880 26 14959 15000 +edge_1_0_+disjointig_1_0_998763 194789 209722 998763 -1 -1 12171 0.0391446
Chain
	Aln	1	+HG003_ont_904_start_774580 1 14998 15000 -edge_1_0_+disjointig_1_0_998763 773701 788698 998763 -1 -1 12267 0.0407606
Chain
	Aln	0	-HG003_ont_904_start_774580 1 14998 15000 +edge_1_0_+disjointig_1_0_998763 210064 225061 998763 -1 -1 12267 0.0407606
Chain
	Aln	1	+HG003_ont_905_start_851025 1 14998 15000 -edge_1_0_+disjointig_1_0_998763 850146 865143 998763 -1 -1 12139 0.0416457
Chain
	Aln	0	-HG003_ont_905_start_851025 1 14998 15000 +edge_1_0_+disjointig_1_0_998763 133619 148616 998763 -1 -1 12139 0.0416457
Chain
	Aln	1	+HG003_ont_906_start_750810 6 14998 15000 -edge_1_0_+disjointig_1_0_998763 749936 764928 998763 -1 -1 12095 0.0424923
Chain
	Aln	0	-HG003_ont_906_start_750810 1 14993 15000 +edge_1_0_+disjointig_1_0_998763 233834 248826 998763 -1 -1 12095 0.0424923
Chain
	Aln	1	+HG003_ont_907_start_143122 12 14981 15000 -edge_1_0_+disjointig_1_0_998763 142254 157223 998763 -1 -1 12354 0.0400964
Chain
	Aln	0	-HG003_ont_907_start_143122 18 14987 15000 +edge_1_0_+disjointig_1_0_998763 841539 856508 998763 -1 -1 12354 0.0400964
Chain
	Aln	1	+HG003_ont_908_start_819454 0 14998 15000 -edge_1_0_+disjointig_1_0_998763 818574 833572 998763 -1 -1 12162 0.0454056
Chain
	Aln	0	-HG003_ont_908_start_819454 1 14999 15000 +edge_1_0_+disjointig_1_0_998763 165190 180188 998763 -1 -1 12162 0.0454056
Chain
	Aln	1	+HG003_ont_909_start_838540 18 14998 15000 -edge_1_0_+disjointig_1_0_998763 837678 852658 998763 -1 -1 12238 0.0418103
Chain
	Aln	0	-HG003_ont_909_start_838540 1 14981 15000 +edge_1_0_+disjointig_1_0_998763 146104 161084 998763 -1 -1 12238 0.0418103
Chain
	Aln	1	+HG003_ont_910_start_910837 8 14982 15000 -edge_1_0_+disjointig_1_0_998763 909965 924939 998763 -1 -1 12379 0.0413011
Chain
	Aln	0	-HG003_ont_910_start_910837 17 14991 15000 +edge_1_0_+disjointig_1_0_998763 73823 88797 998763 -1 -1 12379 0.0413011
Chain
	Aln	1	+HG003_ont_911_start_352714 17 14998 15000 -edge_1_0_+disjointig_1_0_998763 351851 366832 998763 -1 -1 12589 0.039318
Chain
	Aln	0	-HG003_ont_911_start_352714 1 14982 15000 +edge_1_0_+disjointig_1_0_998763 631930 646911 998763 -1 -1 12589 0.039318
Chain
	Aln	1	+HG003_ont_912_start_893424 6 14998 15000 -edge_1_0_+disjointig_1_0_998763 892550 907542 998763 -1 -1 12247 0.0414035
Chain
	Aln	0	-HG003_ont_912_start_893424 1 14993 15000 +edge_1_0_+disjointig_1_0_998763 91220 106212 998763 -1 -1 12247 0.0414035
Chain
	Aln	1	+HG003_ont_913_start_176877 1 14998 15000 -edge_1_0_+disjointig_1_0_998763 175998 190995 998763 -1 -1 12468 0.0396958
Chain
	Aln	0	-HG003_ont_913_start_176877 1 14998 15000 +edge_1_0_+disjointig_1_0_998763 807767 822764 998763 -1 -1 12468 0.0396958
Chain
	Aln	1	+HG003_ont_914_start_863448 1 14976 15000 -edge_1_0_+disjointig_1_0_998763 862569 877544 998763 -1 -1 12287 0.0405176
Chain
	Aln	0	-HG003_ont_914_start_863448 23 14998 15000 +edge_1_0_+disjointig_1_0_998763 121218 136193 998763 -1 -1 12287 0.0405176
Chain
	Aln	1	+HG003_ont_916_start_99522 11 14998 15000 -edge_1_0_+disjointig_1_0_998763 98653 113640 998763 -1 -1 12286 0.0392115
Chain
	Aln	0	-HG003_ont_916_start_99522 1 14988 15000 +edge_1_0_+disjointig_1_0_998763 885122 900109 998763 -1 -1 12286 0.0392115
Chain
	Aln	1	+HG003_ont_915_start_419944 11 14998 15000 -edge_1_0_+disjointig_1_0_998763 419075 434062 998763 -1 -1 12376 0.0404943
Chain
	Aln	0	-HG003_ont_915_start_419944 1 14988 15000 +edge_1_0_+disjointig_1_0_998763 564700 579687 998763 -1 -1 12376 0.0404943
Chain
	Aln	1	+HG003_ont_917_start_786307 20 14998 15000 -edge_1_0_+disjointig_1_0_998763 785447 800425 998763 -1 -1 12234 0.0413248
Chain
	Aln	0	-HG003_ont_917_start_786307 1 14979 15000 +edge_1_0_+disjointig_1_0_998763 198337 213315 998763 -1 -1 12234 0.0413248
Chain
	Aln	1	+HG003_ont_918_start_801498 27 14994 15000 -edge_1_0_+disjointig_1_0_998763 800645 815612 998763 -1 -1 12189 0.0421522
Chain
	Aln	0	-HG003_ont_918_start_801498 5 14972 15000 +edge_1_0_+disjointig_1_0_998763 183150 198117 998763 -1 -1 12189 0.0421522
Chain
	Aln	1	+HG003_ont_919_start_789377 68 14998 15000 -edge_1_0_+disjointig_1_0_998763 788565 803495 998763 -1 -1 12081 0.0448758
Chain
	Aln	0	-HG003_ont_919_start_789377 1 14931 15000 +edge_1_0_+disjointig_1_0_998763 195267 210197 998763 -1 -1 12081 0.0448758
Chain
	Aln	1	+HG003_ont_920_start_517175 13 14995 15000 -edge_1_0_+disjointig_1_0_998763 516308 531290 998763 -1 -1 12514 0.0392837
Chain
	Aln	0	-HG003_ont_920_start_517175 4 14986 15000 +edge_1_0_+disjointig_1_0_998763 467472 482454 998763 -1 -1 12514 0.0392837
Chain
	Aln	1	+HG003_ont_921_start_299076 16 14998 15000 -edge_1_0_+disjointig_1_0_998763 298212 313194 998763 -1 -1 12500 0.0400078
Chain
	Aln	0	-HG003_ont_921_start_299076 1 14983 15000 +edge_1_0_+disjointig_1_0_998763 685568 700550 998763 -1 -1 12500 0.0400078
Chain
	Aln	1	+HG003_ont_922_start_766556 12 14998 15000 -edge_1_0_+disjointig_1_0_998763 765688 780674 998763 -1 -1 12187 0.0439414
Chain
	Aln	0	-HG003_ont_922_start_766556 1 14987 15000 +edge_1_0_+disjointig_1_0_998763 218088 233074 998763 -1 -1 12187 0.0439414
Chain
	Aln	1	+HG003_ont_923_start_570009 1 14998 15000 -edge_1_0_+disjointig_1_0_998763 569130 584127 998763 -1 -1 12122 0.0439929
Chain
	Aln	0	-HG003_ont_923_start_570009 1 14998 15000 +edge_1_0_+disjointig_1_0_998763 414635 429632 998763 -1 -1 12122 0.0439929
Chain
	Aln	1	+HG003_ont_924_start_854912 1 14998 15000 -edge_1_0_+disjointig_1_0_998763 854033 869030 998763 -1 -1 12303 0.0397343
Chain
	Aln	0	-HG003_ont_924_start_854912 1 14998 15000 +edge_1_0_+disjointig_1_0_998763 129732 144729 998763 -1 -1 12303 0.0397343
Chain
	Aln	1	+HG003_ont_925_start_520749 1 14967 15000 -edge_1_0_+disjointig_1_0_998763 519870 534836 998763 -1 -1 12184 0.0412935
Chain
	Aln	0	-HG003_ont_925_start_520749 32 14998 15000 +edge_1_0_+disjointig_1_0_998763 463926 478892 998763 -1 -1 12184 0.0412935
Chain
	Aln	1	+HG003_ont_926_start_765537 1 14998 15000 -edge_1_0_+disjointig_1_0_998763 764658 779655 998763 -1 -1 12437 0.0390752
Chain
	Aln	0	-HG003_ont_926_start_765537 1 14998 15000 +edge_1_0_+disjointig_1_0_998763 219107 234104 998763 -1 -1 12437 0.0390752
Chain
	Aln	1	+HG003_ont_927_start_132559 1 14998 15000 -edge_1_0_+disjointig_1_0_998763 131680 146677 998763 -1 -1 12532 0.0382352
Chain
	Aln	0	-HG003_ont_927_start_132559 1 14998 15000 +edge_1_0_+disjointig_1_0_998763 852085 867082 998763 -1 -1 12532 0.0382352
Chain
	Aln	1	+HG003_ont_928_start_757900 24 14998 15000 -edge_1_0_+disjointig_1_0_998763 757044 772018 998763 -1 -1 12298 0.0428514
Chain
	Aln	0	-HG003_ont_928_start_757900 1 14975 15000 +edge_1_0_+disjointig_1_0_998763 226744 241718 998763 -1 -1 12298 0.0428514
Chain
	Aln	1	+HG003_ont_929_start_705695 7 14998 15000 -edge_1_0_+disjointig_1_0_998763 704822 719813 998763 -1 -1 12182 0.0420456
Chain
	Aln	0	-HG003_ont_929_start_705695 1 14992 15000 +edge_1_0_+disjointig_1_0_998763 278949 293940 998763 -1 -1 12182 0.0420456
Chain
	Aln	1	+HG003_ont_930_start_272052 46 14993 15000 -edge_1_0_+disjointig_1_0_998763 271218 286165 998763 -1 -1 11963 0.0436558
Chain
	Aln	0	-HG003_ont_930_start_272052 6 14953 15000 +edge_1_0_+disjointig_1_0_998763 712597 727544 998763 -1 -1 11963 0.0436558
Chain
	Aln	1	+HG003_ont_931_start_744485 1 14993 15000 -edge_1_0_+disjointig_1_0_998763 743606 758598 998763 -1 -1 12358 0.0411581
Chain
	Aln	0	-HG003_ont_931_start_744485 6 14998 15000 +edge_1_0_+disjointig_1_0_998763 240164 255156 998763 -1 -1 12358 0.0411581
Chain
	Aln	1	+HG003_ont_932_start_800601 37 14986 15000 -edge_1_0_+disjointig_1_0_998763 799758 814707 998763 -1 -1 12506 0.0407055
Chain
	Aln	0	-HG003_ont_932_start_800601 13 14962 15000 +edge_1_0_+disjointig_1_0_998763 184055 199004 998763 -1 -1 12506 0.0407055
Chain
	Aln	1	+HG003_ont_933_start_383677 18 14976 15000 -edge_1_0_+disjointig_1_0_998763 382815 397773 998763 -1 -1 12334 0.0409614
Chain
	Aln	0	-HG003_ont_933_start_383677 23 14981 15000 +edge_1_0_+disjointig_1_0_998763 600989 615947 998763 -1 -1 12334 0.0409614
Chain
	Aln	1	+HG003_ont_934_start_528930 9 14998 15000 -edge_1_0_+disjointig_1_0_998763 528059 543048 998763 -1 -1 12125 0.0395951
Chain
	Aln	0	-HG003_ont_934_start_528930 1 14990 15000 +edge_1_0_+disjointig_1_0_998763 455714 470703 998763 -1 -1 12125 0.0395951
Chain
	Aln	1	+HG003_ont_935_start_94939 19 14990 15000 -edge_1_0_+disjointig_1_0_998763 94078 109049 998763 -1 -1 12239 0.0417669
Chain
	Aln	0	-HG003_ont_935_start_94939 9 14980 15000 +edge_1_0_+disjointig_1_0_998763 889713 904684 998763 -1 -1 12239 0.0417669
Chain
	Aln	1	+HG003_ont_937_start_199570 1 14990 15000 -edge_1_0_+disjointig_1_0_998763 198691 213680 998763 -1 -1 11556 0.0470054
Chain
	Aln	0	-HG003_ont_937_start_199570 9 14998 15000 +edge_1_0_+disjointig_1_0_998763 785082 800071 998763 -1 -1 11556 0.0470054
Chain
	Aln	1	+HG003_ont_936_start_930156 1 14998 15000 -edge_1_0_+disjointig_1_0_998763 929277 944274 998763 -1 -1 12362 0.0407684
Chain
	Aln	0	-HG003_ont_936_start_930156 1 14998 15000 +edge_1_0_+disjointig_1_0_998763 54488 69485 998763 -1 -1 12362 0.0407684
Chain
	Aln	1	+HG003_ont_938_start_590634 23 14998 15000 -edge_1_0_+disjointig_1_0_998763 589777 604752 998763 -1 -1 12321 0.0406272
Chain
	Aln	0	-HG003_ont_938_start_590634 1 14976 15000 +edge_1_0_+disjointig_1_0_998763 394010 408985 998763 -1 -1 12321 0.0406272
Chain
	Aln	1	+HG003_ont_939_start_912966 1 14987 15000 -edge_1_0_+disjointig_1_0_998763 912087 927073 998763 -1 -1 12051 0.0444072
Chain
	Aln	0	-HG003_ont_939_start_912966 12 14998 15000 +edge_1_0_+disjointig_1_0_998763 71689 86675 998763 -1 -1 12051 0.0444072
Chain
	Aln	1	+HG003_ont_940_start_600548 11 14998 15000 -edge_1_0_+disjointig_1_0_998763 599679 614666 998763 -1 -1 12303 0.0384746
Chain
	Aln	0	-HG003_ont_940_start_600548 1 14988 15000 +edge_1_0_+disjointig_1_0_998763 384096 399083 998763 -1 -1 12303 0.0384746
Chain
	Aln	1	+HG003_ont_941_start_298699 1 14968 15000 -edge_1_0_+disjointig_1_0_998763 297820 312787 998763 -1 -1 12074 0.0417912
Chain
	Aln	0	-HG003_ont_941_start_298699 31 14998 15000 +edge_1_0_+disjointig_1_0_998763 685975 700942 998763 -1 -1 12074 0.0417912
Chain
	Aln	1	+HG003_ont_942_start_277042 1 14997 15000 -edge_1_0_+disjointig_1_0_998763 276163 291159 998763 -1 -1 11808 0.0465116
Chain
	Aln	0	-HG003_ont_942_start_277042 2 14998 15000 +edge_1_0_+disjointig_1_0_998763 707603 722599 998763 -1 -1 11808 0.0465116
Chain
	Aln	1	+HG003_ont_943_start_107059 1 14958 15000 -edge_1_0_+disjointig_1_0_998763 106180 121137 998763 -1 -1 12483 0.0380856
Chain
	Aln	0	-HG003_ont_943_start_107059 41 14998 15000 +edge_1_0_+disjointig_1_0_998763 877625 892582 998763 -1 -1 12483 0.0380856
Chain
	Aln	1	+HG003_ont_944_start_294275 1 14959 15000 -edge_1_0_+disjointig_1_0_998763 293396 308354 998763 -1 -1 12122 0.0418839
Chain
	Aln	0	-HG003_ont_944_start_294275 40 14998 15000 +edge_1_0_+disjointig_1_0_998763 690408 705366 998763 -1 -1 12122 0.0418839
Chain
	Aln	1	+HG003_ont_945_start_6889 40 14998 15000 -edge_1_0_+disjointig_1_0_998763 6049 21007 998763 -1 -1 12264 0.040631
Chain
	Aln	0	-HG003_ont_945_start_6889 1 14959 15000 +edge_1_0_+disjointig_1_0_998763 977755 992713 998763 -1 -1 12264 0.040631
Chain
	Aln	1	+HG003_ont_946_start_90343 1 14977 15000 -edge_1_0_+disjointig_1_0_998763 89464 104440 998763 -1 -1 12417 0.0391454
Chain
	Aln	0	-HG003_ont_946_start_90343 22 14998 15000 +edge_1_0_+disjointig_1_0_998763 894322 909298 998763 -1 -1 12417 0.0391454
Chain
	Aln	1	+HG003_ont_947_start_236905 1 14998 15000 -edge_1_0_+disjointig_1_0_998763 236026 251023 998763 -1 -1 12359 0.0384535
Chain
	Aln	0	-HG003_ont_947_start_236905 1 14998 15000 +edge_1_0_+disjointig_1_0_998763 747739 762736 998763 -1 -1 12359 0.0384535
Chain
	Aln	1	+HG003_ont_948_start_194324 5 14988 15000 -edge_1_0_+disjointig_1_0_998763 193449 208432 998763 -1 -1 12210 0.041535
Chain
	Aln	0	-HG003_ont_948_start_194324 11 14994 15000 +edge_1_0_+disjointig_1_0_998763 790330 805313 998763 -1 -1 12210 0.041535
Chain
	Aln	1	+HG003_ont_949_start_181205 13 14984 15000 -edge_1_0_+disjointig_1_0_998763 180338 195309 998763 -1 -1 12368 0.0401198
Chain
	Aln	0	-HG003_ont_949_start_181205 15 14986 15000 +edge_1_0_+disjointig_1_0_998763 803453 818424 998763 -1 -1 12368 0.0401198
Chain
	Aln	1	+HG003_ont_950_start_336337 1 14974 15000 -edge_1_0_+disjointig_1_0_998763 335458 350431 998763 -1 -1 12407 0.0397018
Chain
	Aln	0	-HG003_ont_950_start_336337 25 14998 15000 +edge_1_0_+disjointig_1_0_998763 648331 663304 998763 -1 -1 12407 0.0397018
Chain
	Aln	1	+HG003_ont_951_start_977331 4 14998 15000 -edge_1_0_+disjointig_1_0_998763 976455 991449 998763 -1 -1 12665 0.0384266
Chain
	Aln	0	-HG003_ont_951_start_977331 1 14995 15000 +edge_1_0_+disjointig_1_0_998763 7313 22307 998763 -1 -1 12665 0.0384266
Chain
	Aln	1	+HG003_ont_953_start_795137 14 14998 15000 -edge_1_0_+disjointig_1_0_998763 794271 809255 998763 -1 -1 12369 0.0411663
Chain
	Aln	0	-HG003_ont_953_start_795137 1 14985 15000 +edge_1_0_+disjointig_1_0_998763 189507 204491 998763 -1 -1 12369 0.0411663
Chain
	Aln	1	+HG003_ont_954_start_599079 4 14995 15000 -edge_1_0_+disjointig_1_0_998763 598203 613194 998763 -1 -1 12470 0.0397802
Chain
	Aln	0	-HG003_ont_954_start_599079 4 14995 15000 +edge_1_0_+disjointig_1_0_998763 385568 400559 998763 -1 -1 12470 0.0397802
Chain
	Aln	1	+HG003_ont_952_start_715332 1 14986 15000 -edge_1_0_+disjointig_1_0_998763 714453 729438 998763 -1 -1 12195 0.0397798
Chain
	Aln	0	-HG003_ont_952_start_715332 13 14998 15000 +edge_1_0_+disjointig_1_0_998763 269324 284309 998763 -1 -1 12195 0.0397798
Chain
	Aln	1	+HG003_ont_955_start_642115 0 14972 15000 -edge_1_0_+disjointig_1_0_998763 641235 656207 998763 -1 -1 12283 0.0386881
Chain
	Aln	0	-HG003_ont_955_start_642115 27 14999 15000 +edge_1_0_+disjointig_1_0_998763 342555 357527 998763 -1 -1 12283 0.0386881
Chain
	Aln	1	+HG003_ont_956_start_741010 5 14988 15000 -edge_1_0_+disjointig_1_0_998763 740135 755118 998763 -1 -1 12041 0.044479
Chain
	Aln	0	-HG003_ont_956_start_741010 11 14994 15000 +edge_1_0_+disjointig_1_0_998763 243644 258627 998763 -1 -1 12041 0.044479
Chain
	Aln	1	+HG003_ont_957_start_216103 10 14986 15000 -edge_1_0_+disjointig_1_0_998763 215233 230209 998763 -1 -1 12403 0.0407409
Chain
	Aln	0	-HG003_ont_957_start_216103 13 14989 15000 +edge_1_0_+disjointig_1_0_998763 768553 783529 998763 -1 -1 12403 0.0407409
Chain
	Aln	1	+HG003_ont_958_start_509537 1 14980 15000 -edge_1_0_+disjointig_1_0_998763 508658 523637 998763 -1 -1 12115 0.0410045
Chain
	Aln	0	-HG003_ont_958_start_509537 19 14998 15000 +edge_1_0_+disjointig_1_0_998763 475125 490104 998763 -1 -1 12115 0.0410045
Chain
	Aln	1	+HG003_ont_960_start_949835 0 14991 15000 -edge_1_0_+disjointig_1_0_998763 948955 963946 998763 -1 -1 12408 0.04051
Chain
	Aln	0	-HG003_ont_960_start_949835 8 14999 15000 +edge_1_0_+disjointig_1_0_998763 34816 49807 998763 -1 -1 12408 0.04051
Chain
	Aln	1	+HG003_ont_959_start_680671 15 14998 15000 -edge_1_0_+disjointig_1_0_998763 679806 694789 998763 -1 -1 12580 0.0371081
Chain
	Aln	0	-HG003_ont_959_start_680671 1 14984 15000 +edge_1_0_+disjointig_1_0_998763 303973 318956 998763 -1 -1 12580 0.0371081
Chain
	Aln	1	+HG003_ont_961_start_154830 1 14994 15000 -edge_1_0_+disjointig_1_0_998763 153951 168944 998763 -1 -1 12122 0.0446439
Chain
	Aln	0	-HG003_ont_961_start_154830 5 14998 15000 +edge_1_0_+disjointig_1_0_998763 829818 844811 998763 -1 -1 12122 0.0446439
Chain
	Aln	1	+HG003_ont_962_start_625887 11 14994 15000 -edge_1_0_+disjointig_1_0_998763 625018 640001 998763 -1 -1 12036 0.0415191
Chain
	Aln	0	-HG003_ont_962_start_625887 5 14988 15000 +edge_1_0_+disjointig_1_0_998763 358761 373744 998763 -1 -1 12036 0.0415191
Chain
	Aln	1	+HG003_ont_963_start_833138 22 14998 15000 -edge_1_0_+disjointig_1_0_998763 832280 847256 998763 -1 -1 12270 0.0412852
Chain
	Aln	0	-HG003_ont_963_start_833138 1 14977 15000 +edge_1_0_+disjointig_1_0_998763 151506 166482 998763 -1 -1 12270 0.0412852
Chain
	Aln	1	+HG003_ont_965_start_544607 0 14961 15000 -edge_1_0_+disjointig_1_0_998763 543727 558688 998763 -1 -1 12111 0.0414724
Chain
	Aln	0	-HG003_ont_965_start_544607 38 14999 15000 +edge_1_0_+disjointig_1_0_998763 440074 455035 998763 -1 -1 12111 0.0414724
Chain
	Aln	1	+HG003_ont_964_start_428785 1 14998 15000 -edge_1_0_+disjointig_1_0_998763 427906 442903 998763 -1 -1 12278 0.0398037
Chain
	Aln	0	-HG003_ont_964_start_428785 1 14998 15000 +edge_1_0_+disjointig_1_0_998763 555859 570856 998763 -1 -1 12278 0.0398037
Chain
	Aln	1	+HG003_ont_966_start_774311 1 14998 15000 -edge_1_0_+disjointig_1_0_998763 773432 788429 998763 -1 -1 12176 0.0397266
Chain
	Aln	0	-HG003_ont_966_start_774311 1 14998 15000 +edge_1_0_+disjointig_1_0_998763 210333 225330 998763 -1 -1 12176 0.0397266
Chain
	Aln	1	+HG003_ont_967_start_354068 14 14998 15000 -edge_1_0_+disjointig_1_0_998763 353202 368186 998763 -1 -1 11971 0.0406469
Chain
	Aln	0	-HG003_ont_967_start_354068 1 14985 15000 +edge_1_0_+disjointig_1_0_998763 630576 645560 998763 -1 -1 11971 0.0406469
Chain
	Aln	1	+HG003_ont_968_start_269108 11 14949 15000 -edge_1_0_+disjointig_1_0_998763 268239 283177 998763 -1 -1 12203 0.0391643
Chain
	Aln	0	-HG003_ont_968_start_269108 50 14988 15000 +edge_1_0_+disjointig_1_0_998763 715585 730523 998763 -1 -1 12203 0.0391643
Chain
	Aln	1	+HG003_ont_969_start_349541 78 14986 15000 -edge_1_0_+disjointig_1_0_998763 348739 363647 998763 -1 -1 12353 0.0392456
Chain
	Aln	0	-HG003_ont_969_start_349541 13 14921 15000 +edge_1_0_+disjointig_1_0_998763 635115 650023 998763 -1 -1 12353 0.0392456
Chain
	Aln	1	+HG003_ont_970_start_882461 0 14993 15000 -edge_1_0_+disjointig_1_0_998763 881581 896574 998763 -1 -1 12021 0.04117
Chain
	Aln	0	-HG003_ont_970_start_882461 6 14999 15000 +edge_1_0_+disjointig_1_0_998763 102188 117181 998763 -1 -1 12021 0.04117
Chain
	Aln	1	+HG003_ont_971_start_738401 1 14996 15000 -edge_1_0_+disjointig_1_0_998763 737522 752517 998763 -1 -1 12464 0.0383778
Chain
	Aln	0	-HG003_ont_971_start_738401 3 14998 15000 +edge_1_0_+disjointig_1_0_998763 246245 261240 998763 -1 -1 12464 0.0383778
Chain
	Aln	1	+HG003_ont_972_start_585828 14 14998 15000 -edge_1_0_+disjointig_1_0_998763 584962 599946 998763 -1 -1 12374 0.03841
Chain
	Aln	0	-HG003_ont_972_start_585828 1 14985 15000 +edge_1_0_+disjointig_1_0_998763 398816 413800 998763 -1 -1 12374 0.03841
Chain
	Aln	1	+HG003_ont_974_start_535776 2 14998 15000 -edge_1_0_+disjointig_1_0_998763 534898 549894 998763 -1 -1 11895 0.0428321
Chain
	Aln	0	-HG003_ont_974_start_535776 1 14997 15000 +edge_1_0_+disjointig_1_0_998763 448868 463864 998763 -1 -1 11895 0.0428321
Chain
	Aln	1	+HG003_ont_973_start_203732 2 14992 15000 -edge_1_0_+disjointig_1_0_998763 202854 217844 998763 -1 -1 12358 0.0412768
Chain
	Aln	0	-HG003_ont_973_start_203732 7 14997 15000 +edge_1_0_+disjointig_1_0_998763 780918 795908 998763 -1 -1 12358 0.0412768
Chain
	Aln	1	+HG003_ont_975_start_67379 1 14998 15000 -edge_1_0_+disjointig_1_0_998763 66500 81497 998763 -1 -1 12045 0.0435718
Chain
	Aln	0	-HG003_ont_975_start_67379 1 14998 15000 +edge_1_0_+disjointig_1_0_998763 917265 932262 998763 -1 -1 12045 0.0435718
Chain
	Aln	1	+HG003_ont_977_start_4077 14 14942 15000 -edge_1_0_+disjointig_1_0_998763 3211 18139 998763 -1 -1 12236 0.0388725
Chain
	Aln	0	-HG003_ont_977_start_4077 57 14985 15000 +edge_1_0_+disjointig_1_0_998763 980623 995551 998763 -1 -1 12236 0.0388725
Chain
	Aln	1	+HG003_ont_978_start_978278 1 14998 15000 -edge_1_0_+disjointig_1_0_998763 977399 992396 998763 -1 -1 12328 0.0407841
Chain
	Aln	0	-HG003_ont_978_start_978278 1 14998 15000 +edge_1_0_+disjointig_1_0_998763 6366 21363 998763 -1 -1 12328 0.0407841
Chain
	Aln	1	+HG003_ont_976_start_333159 0 14940 15000 -edge_1_0_+disjointig_1_0_998763 332279 347219 998763 -1 -1 12626 0.0376666
Chain
	Aln	0	-HG003_ont_976_start_333159 59 14999 15000 +edge_1_0_+disjointig_1_0_998763 651543 666483 998763 -1 -1 12626 0.0376666
Chain
	Aln	1	+HG003_ont_979_start_591850 28 14950 15000 -edge_1_0_+disjointig_1_0_998763 590998 605920 998763 -1 -1 12317 0.0392086
Chain
	Aln	0	-HG003_ont_979_start_591850 49 14971 15000 +edge_1_0_+disjointig_1_0_998763 392842 407764 998763 -1 -1 12317 0.0392086
Chain
	Aln	1	+HG003_ont_980_start_15081 29 14998 15000 -edge_1_0_+disjointig_1_0_998763 14230 29199 998763 -1 -1 12332 0.0396475
Chain
	Aln	0	-HG003_ont_980_start_15081 1 14970 15000 +edge_1_0_+disjointig_1_0_998763 969563 984532 998763 -1 -1 12332 0.0396475
Chain
	Aln	1	+HG003_ont_982_start_170213 36 14998 15000 -edge_1_0_+disjointig_1_0_998763 169369 184331 998763 -1 -1 12287 0.0412223
Chain
	Aln	0	-HG003_ont_982_start_170213 1 14963 15000 +edge_1_0_+disjointig_1_0_998763 814431 829393 998763 -1 -1 12287 0.0412223
Chain
	Aln	1	+HG003_ont_981_start_381588 2 14998 15000 -edge_1_0_+disjointig_1_0_998763 380710 395706 998763 -1 -1 12390 0.0414271
Chain
	Aln	0	-HG003_ont_981_start_381588 1 14997 15000 +edge_1_0_+disjointig_1_0_998763 603056 618052 998763 -1 -1 12390 0.0414271
Chain
	Aln	1	+HG003_ont_983_start_862969 0 14998 15000 -edge_1_0_+disjointig_1_0_998763 862089 877087 998763 -1 -1 12164 0.0441794
Chain
	Aln	0	-HG003_ont_983_start_862969 1 14999 15000 +edge_1_0_+disjointig_1_0_998763 121675 136673 998763 -1 -1 12164 0.0441794
Chain
	Aln	1	+HG003_ont_986_start_75447 17 14979 15000 -edge_1_0_+disjointig_1_0_998763 74584 89546 998763 -1 -1 11710 0.0454343
Chain
	Aln	0	-HG003_ont_986_start_75447 20 14982 15000 +edge_1_0_+disjointig_1_0_998763 909216 924178 998763 -1 -1 11710 0.0454343
Chain
	Aln	1	+HG003_ont_984_start_316970 1 14987 15000 -edge_1_0_+disjointig_1_0_998763 316091 331077 998763 -1 -1 12127 0.0411899
Chain
	Aln	0	-HG003_ont_984_start_316970 12 14998 15000 +edge_1_0_+disjointig_1_0_998763 667685 682671 998763 -1 -1 12127 0.0411899
Chain
	Aln	1	+HG003_ont_985_start_109506 1 14969 15000 -edge_1_0_+disjointig_1_0_998763 108627 123595 998763 -1 -1 12103 0.0409298
Chain
	Aln	0	-HG003_ont_985_start_109506 30 14998 15000 +edge_1_0_+disjointig_1_0_998763 875167 890135 998763 -1 -1 12103 0.0409298
Chain
	Aln	1	+HG003_ont_987_start_186385 15 14998 15000 -edge_1_0_+disjointig_1_0_998763 185520 200503 998763 -1 -1 12492 0.0403226
Chain
	Aln	0	-HG003_ont_987_start_186385 1 14984 15000 +edge_1_0_+disjointig_1_0_998763 798259 813242 998763 -1 -1 12492 0.0403226
Chain
	Aln	1	+HG003_ont_990_start_898130 10 14957 15000 -edge_1_0_+disjointig_1_0_998763 897260 912207 998763 -1 -1 12012 0.0455287
Chain
	Aln	0	-HG003_ont_990_start_898130 42 14989 15000 +edge_1_0_+disjointig_1_0_998763 86555 101502 998763 -1 -1 12012 0.0455287
Chain
	Aln	1	+HG003_ont_988_start_202448 1 14986 15000 -edge_1_0_+disjointig_1_0_998763 201569 216554 998763 -1 -1 12376 0.0413681
Chain
	Aln	0	-HG003_ont_988_start_202448 13 14998 15000 +edge_1_0_+disjointig_1_0_998763 782208 797193 998763 -1 -1 12376 0.0413681
Chain
	Aln	1	+HG003_ont_989_start_866405 18 14998 15000 -edge_1_0_+disjointig_1_0_998763 865543 880523 998763 -1 -1 12091 0.0409454
Chain
	Aln	0	-HG003_ont_989_start_866405 1 14981 15000 +edge_1_0_+disjointig_1_0_998763 118239 133219 998763 -1 -1 12091 0.0409454
Chain
	Aln	1	+HG003_ont_991_start_770210 13 14989 15000 -edge_1_0_+disjointig_1_0_998763 769343 784319 998763 -1 -1 12402 0.0416349
Chain
	Aln	0	-HG003_ont_991_start_770210 10 14986 15000 +edge_1_0_+disjointig_1_0_998763 214443 229419 998763 -1 -1 12402 0.0416349
Chain
	Aln	1	+HG003_ont_992_start_880990 0 14998 15000 -edge_1_0_+disjointig_1_0_998763 880110 895108 998763 -1 -1 12459 0.0381865
Chain
	Aln	0	-HG003_ont_992_start_880990 1 14999 15000 +edge_1_0_+disjointig_1_0_998763 103654 118652 998763 -1 -1 12459 0.0381865
Chain
	Aln	1	+HG003_ont_993_start_623466 20 14998 15000 -edge_1_0_+disjointig_1_0_998763 622606 637584 998763 -1 -1 12577 0.0385451
Chain
	Aln	0	-HG003_ont_993_start_623466 1 14979 15000 +edge_1_0_+disjointig_1_0_998763 361178 376156 998763 -1 -1 12577 0.0385451
Chain
	Aln	1	+HG003_ont_994_start_46139 4 14998 15000 -edge_1_0_+disjointig_1_0_998763 45263 60257 998763 -1 -1 12326 0.0404125
Chain
	Aln	0	-HG003_ont_994_start_46139 1 14995 15000 +edge_1_0_+disjointig_1_0_998763 938505 953499 998763 -1 -1 12326 0.0404125
Chain
	Aln	1	+HG003_ont_995_start_718536 0 14998 15000 -edge_1_0_+disjointig_1_0_998763 717656 732654 998763 -1 -1 11965 0.0434442
Chain
	Aln	0	-HG003_ont_995_start_718536 1 14999 15000 +edge_1_0_+disjointig_1_0_998763 266108 281106 998763 -1 -1 11965 0.0434442
Chain
	Aln	1	+HG003_ont_996_start_848551 8 14998 15000 -edge_1_0_+disjointig_1_0_998763 847679 862669 998763 -1 -1 12190 0.0417218
Chain
	Aln	0	-HG003_ont_996_start_848551 1 14991 15000 +edge_1_0_+disjointig_1_0_998763 136093 151083 998763 -1 -1 12190 0.0417218
Chain
	Aln	1	+HG003_ont_997_start_843862 1 14998 15000 -edge_1_0_+disjointig_1_0_998763 842983 857980 998763 -1 -1 12107 0.0412647
Chain
	Aln	0	-HG003_ont_997_start_843862 1 14998 15000 +edge_1_0_+disjointig_1_0_998763 140782 155779 998763 -1 -1 12107 0.0412647
Chain
	Aln	1	+HG003_ont_998_start_192854 28 14998 15000 -edge_1_0_+disjointig_1_0_998763 192002 206972 998763 -1 -1 12611 0.0365941
Chain
	Aln	0	-HG003_ont_998_start_192854 1 14971 15000 +edge_1_0_+disjointig_1_0_998763 791790 806760 998763 -1 -1 12611 0.0365941
Chain
	Aln	1	+HG003_ont_1000_start_316305 1 14998 15000 -edge_1_0_+disjointig_1_0_998763 315426 330423 998763 -1 -1 11819 0.0435883
Chain
	Aln	0	-HG003_ont_1000_start_316305 1 14998 15000 +edge_1_0_+disjointig_1_0_998763 668339 683336 998763 -1 -1 11819 0.0435883
Chain
	Aln	1	+HG003_ont_1001_start_144422 0 14998 15000 -edge_1_0_+disjointig_1_0_998763 143542 158540 998763 -1 -1 12138 0.0419129
Chain
	Aln	0	-HG003_ont_1001_start_144422 1 14999 15000 +edge_1_0_+disjointig_1_0_998763 840222 855220 998763 -1 -1 12138 0.0419129
Chain
	Aln	1	+HG003_ont_999_start_909474 14 14942 15000 -edge_1_0_+disjointig_1_0_998763 908608 923536 998763 -1 -1 12389 0.038926
Chain
	Aln	0	-HG003_ont_999_start_909474 57 14985 15000 +edge_1_0_+disjointig_1_0_998763 75226 90154 998763 -1 -1 12389 0.038926
Chain
	Aln	1	+HG003_ont_1002_start_104725 1 14998 15000 -edge_1_0_+disjointig_1_0_998763 103846 118843 998763 -1 -1 12422 0.0398037
Chain
	Aln	0	-HG003_ont_1002_start_104725 1 14998 15000 +edge_1_0_+disjointig_1_0_998763 879919 894916 998763 -1 -1 12422 0.0398037
Chain
	Aln	1	+HG003_ont_1003_start_685114 0 14998 15000 -edge_1_0_+disjointig_1_0_998763 684234 699232 998763 -1 -1 12287 0.0418729
Chain
	Aln	0	-HG003_ont_1003_start_685114 1 14999 15000 +edge_1_0_+disjointig_1_0_998763 299530 314528 998763 -1 -1 12287 0.0418729
Chain
	Aln	1	+HG003_ont_1004_start_662845 12 14998 15000 -edge_1_0_+disjointig_1_0_998763 661977 676963 998763 -1 -1 12127 0.0413166
Chain
	Aln	0	-HG003_ont_1004_start_662845 1 14987 15000 +edge_1_0_+disjointig_1_0_998763 321799 336785 998763 -1 -1 12127 0.0413166
Chain
	Aln	1	+HG003_ont_1005_start_106949 7 14992 15000 -edge_1_0_+disjointig_1_0_998763 106076 121061 998763 -1 -1 12437 0.0386634
Chain
	Aln	0	-HG003_ont_1005_start_106949 7 14992 15000 +edge_1_0_+disjointig_1_0_998763 877701 892686 998763 -1 -1 12437 0.0386634
Chain
	Aln	1	+HG003_ont_1006_start_347391 14 14998 15000 -edge_1_0_+disjointig_1_0_998763 346525 361509 998763 -1 -1 12415 0.0406782
Chain
	Aln	0	-HG003_ont_1006_start_347391 1 14985 15000 +edge_1_0_+disjointig_1_0_998763 637253 652237 998763 -1 -1 12415 0.0406782
Chain
	Aln	1	+HG003_ont_1008_start_760501 19 14998 15000 -edge_1_0_+disjointig_1_0_998763 759640 774619 998763 -1 -1 12015 0.0429607
Chain
	Aln	0	-HG003_ont_1008_start_760501 1 14980 15000 +edge_1_0_+disjointig_1_0_998763 224143 239122 998763 -1 -1 12015 0.0429607
Chain
	Aln	1	+HG003_ont_1007_start_246777 1 14998 15000 -edge_1_0_+disjointig_1_0_998763 245898 260895 998763 -1 -1 12365 0.0391362
Chain
	Aln	0	-HG003_ont_1007_start_246777 1 14998 15000 +edge_1_0_+disjointig_1_0_998763 737867 752864 998763 -1 -1 12365 0.0391362
Chain
	Aln	1	+HG003_ont_1009_start_798203 15 14998 15000 -edge_1_0_+disjointig_1_0_998763 797338 812321 998763 -1 -1 12421 0.0396331
Chain
	Aln	0	-HG003_ont_1009_start_798203 1 14984 15000 +edge_1_0_+disjointig_1_0_998763 186441 201424 998763 -1 -1 12421 0.0396331
Chain
	Aln	1	+HG003_ont_1010_start_25338 37 14998 15000 -edge_1_0_+disjointig_1_0_998763 24495 39456 998763 -1 -1 12527 0.038736
Chain
	Aln	0	-HG003_ont_1010_start_25338 1 14962 15000 +edge_1_0_+disjointig_1_0_998763 959306 974267 998763 -1 -1 12527 0.038736
Chain
	Aln	1	+HG003_ont_1011_start_934902 0 14998 15000 -edge_1_0_+disjointig_1_0_998763 934022 949020 998763 -1 -1 12122 0.0415303
Chain
	Aln	0	-HG003_ont_1011_start_934902 1 14999 15000 +edge_1_0_+disjointig_1_0_998763 49742 64740 998763 -1 -1 12122 0.0415303
Chain
	Aln	1	+HG003_ont_1013_start_622646 1 14998 15000 -edge_1_0_+disjointig_1_0_998763 621767 636764 998763 -1 -1 12067 0.041965
Chain
	Aln	0	-HG003_ont_1013_start_622646 1 14998 15000 +edge_1_0_+disjointig_1_0_998763 361998 376995 998763 -1 -1 12067 0.041965
Chain
	Aln	1	+HG003_ont_1012_start_384903 1 14964 15000 -edge_1_0_+disjointig_1_0_998763 384024 398987 998763 -1 -1 12235 0.0412579
Chain
	Aln	0	-HG003_ont_1012_start_384903 35 14998 15000 +edge_1_0_+disjointig_1_0_998763 599775 614738 998763 -1 -1 12235 0.0412579
Chain
	Aln	1	+HG003_ont_1014_start_51576 1 14998 15000 -edge_1_0_+disjointig_1_0_998763 50697 65694 998763 -1 -1 12316 0.0395112
Chain
	Aln	0	-HG003_ont_1014_start_51576 1 14998 15000 +edge_1_0_+disjointig_1_0_998763 933068 948065 998763 -1 -1 12316 0.0395112
Chain
	Aln	1	+HG003_ont_1015_start_530931 1 14998 15000 -edge_1_0_+disjointig_1_0_998763 530052 545049 998763 -1 -1 12071 0.0418051
Chain
	Aln	0	-HG003_ont_1015_start_530931 1 14998 15000 +edge_1_0_+disjointig_1_0_998763 453713 468710 998763 -1 -1 12071 0.0418051
Chain
	Aln	1	+HG003_ont_1016_start_969239 1 14972 15000 -edge_1_0_+disjointig_1_0_998763 968360 983331 998763 -1 -1 12352 0.040369
Chain
	Aln	0	-HG003_ont_1016_start_969239 27 14998 15000 +edge_1_0_+disjointig_1_0_998763 15431 30402 998763 -1 -1 12352 0.040369
Chain
	Aln	1	+HG003_ont_1017_start_195444 1 14998 15000 -edge_1_0_+disjointig_1_0_998763 194565 209562 998763 -1 -1 12320 0.0404711
Chain
	Aln	0	-HG003_ont_1017_start_195444 1 14998 15000 +edge_1_0_+disjointig_1_0_998763 789200 804197 998763 -1 -1 12320 0.0404711
Chain
	Aln	1	+HG003_ont_1018_start_403899 3 14998 15000 -edge_1_0_+disjointig_1_0_998763 403022 418017 998763 -1 -1 12128 0.0414708
Chain
	Aln	0	-HG003_ont_1018_start_403899 1 14996 15000 +edge_1_0_+disjointig_1_0_998763 580745 595740 998763 -1 -1 12128 0.0414708
Chain
	Aln	1	+HG003_ont_1019_start_139333 5 14998 15000 -edge_1_0_+disjointig_1_0_998763 138458 153451 998763 -1 -1 12417 0.0405726
Chain
	Aln	0	-HG003_ont_1019_start_139333 1 14994 15000 +edge_1_0_+disjointig_1_0_998763 845311 860304 998763 -1 -1 12417 0.0405726
Chain
	Aln	1	+HG003_ont_1020_start_557047 54 14998 15000 -edge_1_0_+disjointig_1_0_998763 556221 571165 998763 -1 -1 12629 0.0375406
Chain
	Aln	0	-HG003_ont_1020_start_557047 1 14945 15000 +edge_1_0_+disjointig_1_0_998763 427597 442541 998763 -1 -1 12629 0.0375406
Chain
	Aln	1	+HG003_ont_1021_start_210617 14 14975 15000 -edge_1_0_+disjointig_1_0_998763 209751 224712 998763 -1 -1 12271 0.0381314
Chain
	Aln	0	-HG003_ont_1021_start_210617 24 14985 15000 +edge_1_0_+disjointig_1_0_998763 774050 789011 998763 -1 -1 12271 0.0381314
Chain
	Aln	1	+HG003_ont_1022_start_71897 15 14992 15000 -edge_1_0_+disjointig_1_0_998763 71032 86009 998763 -1 -1 11857 0.0438564
Chain
	Aln	0	-HG003_ont_1022_start_71897 7 14984 15000 +edge_1_0_+disjointig_1_0_998763 912753 927730 998763 -1 -1 11857 0.0438564
Chain
	Aln	1	+HG003_ont_1023_start_204693 0 14998 15000 -edge_1_0_+disjointig_1_0_998763 203813 218811 998763 -1 -1 12360 0.0400396
Chain
	Aln	0	-HG003_ont_1023_start_204693 1 14999 15000 +edge_1_0_+disjointig_1_0_998763 779951 794949 998763 -1 -1 12360 0.0400396
Chain
	Aln	1	+HG003_ont_1024_start_843312 1 14970 15000 -edge_1_0_+disjointig_1_0_998763 842433 857402 998763 -1 -1 11988 0.0436679
Chain
	Aln	0	-HG003_ont_1024_start_843312 29 14998 15000 +edge_1_0_+disjointig_1_0_998763 141360 156329 998763 -1 -1 11988 0.0436679
Chain
	Aln	1	+HG003_ont_1025_start_725059 2 14998 15000 -edge_1_0_+disjointig_1_0_998763 724181 739177 998763 -1 -1 12121 0.0425565
Chain
	Aln	0	-HG003_ont_1025_start_725059 1 14997 15000 +edge_1_0_+disjointig_1_0_998763 259585 274581 998763 -1 -1 12121 0.0425565
Chain
	Aln	1	+HG003_ont_1026_start_612567 1 14987 15000 -edge_1_0_+disjointig_1_0_998763 611688 626674 998763 -1 -1 11999 0.0410636
Chain
	Aln	0	-HG003_ont_1026_start_612567 12 14998 15000 +edge_1_0_+disjointig_1_0_998763 372088 387074 998763 -1 -1 11999 0.0410636
Chain
	Aln	1	+HG003_ont_1027_start_253345 2 14998 15000 -edge_1_0_+disjointig_1_0_998763 252467 267463 998763 -1 -1 12660 0.0398152
Chain
	Aln	0	-HG003_ont_1027_start_253345 1 14997 15000 +edge_1_0_+disjointig_1_0_998763 731299 746295 998763 -1 -1 12660 0.0398152
Chain
	Aln	1	+HG003_ont_1029_start_138545 8 14998 15000 -edge_1_0_+disjointig_1_0_998763 137673 152663 998763 -1 -1 12065 0.0436432
Chain
	Aln	0	-HG003_ont_1029_start_138545 1 14991 15000 +edge_1_0_+disjointig_1_0_998763 846099 861089 998763 -1 -1 12065 0.0436432
Chain
	Aln	1	+HG003_ont_1028_start_488264 1 14998 15000 -edge_1_0_+disjointig_1_0_998763 487385 502382 998763 -1 -1 12392 0.0404087
Chain
	Aln	0	-HG003_ont_1028_start_488264 1 14998 15000 +edge_1_0_+disjointig_1_0_998763 496380 511377 998763 -1 -1 12392 0.0404087
Chain
	Aln	1	+HG003_ont_1030_start_224479 1 14998 15000 -edge_1_0_+disjointig_1_0_998763 223600 238597 998763 -1 -1 12174 0.0398655
Chain
	Aln	0	-HG003_ont_1030_start_224479 1 14998 15000 +edge_1_0_+disjointig_1_0_998763 760165 775162 998763 -1 -1 12174 0.0398655
Chain
	Aln	1	+HG003_ont_1031_start_165901 1 14998 15000 -edge_1_0_+disjointig_1_0_998763 165022 180019 998763 -1 -1 12392 0.0377265
Chain
	Aln	0	-HG003_ont_1031_start_165901 1 14998 15000 +edge_1_0_+disjointig_1_0_998763 818743 833740 998763 -1 -1 12392 0.0377265
Chain
	Aln	1	+HG003_ont_1032_start_903890 2 14977 15000 -edge_1_0_+disjointig_1_0_998763 903012 917987 998763 -1 -1 12450 0.0398719
Chain
	Aln	0	-HG003_ont_1032_start_903890 22 14997 15000 +edge_1_0_+disjointig_1_0_998763 80775 95750 998763 -1 -1 12450 0.0398719
Chain
	Aln	1	+HG003_ont_1033_start_961606 1 14998 15000 -edge_1_0_+disjointig_1_0_998763 960727 975724 998763 -1 -1 12226 0.0402064
Chain
	Aln	0	-HG003_ont_1033_start_961606 1 14998 15000 +edge_1_0_+disjointig_1_0_998763 23038 38035 998763 -1 -1 12226 0.0402064
Chain
	Aln	1	+HG003_ont_1034_start_412300 23 14998 15000 -edge_1_0_+disjointig_1_0_998763 411443 426418 998763 -1 -1 12216 0.0431328
Chain
	Aln	0	-HG003_ont_1034_start_412300 1 14976 15000 +edge_1_0_+disjointig_1_0_998763 572344 587319 998763 -1 -1 12216 0.0431328
Chain
	Aln	1	+HG003_ont_1035_start_50942 64 14998 15000 -edge_1_0_+disjointig_1_0_998763 50126 65060 998763 -1 -1 12302 0.0393712
Chain
	Aln	0	-HG003_ont_1035_start_50942 1 14935 15000 +edge_1_0_+disjointig_1_0_998763 933702 948636 998763 -1 -1 12302 0.0393712
Chain
	Aln	1	+HG003_ont_1037_start_523161 1 14998 15000 -edge_1_0_+disjointig_1_0_998763 522282 537279 998763 -1 -1 12107 0.0411383
Chain
	Aln	0	-HG003_ont_1037_start_523161 1 14998 15000 +edge_1_0_+disjointig_1_0_998763 461483 476480 998763 -1 -1 12107 0.0411383
Chain
	Aln	1	+HG003_ont_1036_start_429348 18 14988 15000 -edge_1_0_+disjointig_1_0_998763 428486 443456 998763 -1 -1 12164 0.0413409
Chain
	Aln	0	-HG003_ont_1036_start_429348 11 14981 15000 +edge_1_0_+disjointig_1_0_998763 555306 570276 998763 -1 -1 12164 0.0413409
Chain
	Aln	1	+HG003_ont_1038_start_709967 16 14998 15000 -edge_1_0_+disjointig_1_0_998763 709103 724085 998763 -1 -1 12189 0.04119
Chain
	Aln	0	-HG003_ont_1038_start_709967 1 14983 15000 +edge_1_0_+disjointig_1_0_998763 274677 289659 998763 -1 -1 12189 0.04119
Chain
	Aln	1	+HG003_ont_1039_start_388929 1 14953 15000 -edge_1_0_+disjointig_1_0_998763 388050 403002 998763 -1 -1 12287 0.0400529
Chain
	Aln	0	-HG003_ont_1039_start_388929 46 14998 15000 +edge_1_0_+disjointig_1_0_998763 595760 610712 998763 -1 -1 12287 0.0400529
Chain
	Aln	1	+HG003_ont_1040_start_703717 8 14998 15000 -edge_1_0_+disjointig_1_0_998763 702845 717835 998763 -1 -1 12473 0.0403735
Chain
	Aln	0	-HG003_ont_1040_start_703717 1 14991 15000 +edge_1_0_+disjointig_1_0_998763 280927 295917 998763 -1 -1 12473 0.0403735
Chain
	Aln	1	+HG003_ont_1042_start_75803 16 14998 15000 -edge_1_0_+disjointig_1_0_998763 74939 89921 998763 -1 -1 12166 0.0416266
Chain
	Aln	0	-HG003_ont_1042_start_75803 1 14983 15000 +edge_1_0_+disjointig_1_0_998763 908841 923823 998763 -1 -1 12166 0.0416266
Chain
	Aln	1	+HG003_ont_1041_start_167147 54 14998 15000 -edge_1_0_+disjointig_1_0_998763 166321 181265 998763 -1 -1 12189 0.0407881
Chain
	Aln	0	-HG003_ont_1041_start_167147 1 14945 15000 +edge_1_0_+disjointig_1_0_998763 817497 832441 998763 -1 -1 12189 0.0407881
Chain
	Aln	1	+HG003_ont_1044_start_176449 1 14998 15000 -edge_1_0_+disjointig_1_0_998763 175570 190567 998763 -1 -1 12231 0.0404165
Chain
	Aln	0	-HG003_ont_1044_start_176449 1 14998 15000 +edge_1_0_+disjointig_1_0_998763 808195 823192 998763 -1 -1 12231 0.0404165
Chain
	Aln	1	+HG003_ont_1043_start_534982 0 14962 15000 -edge_1_0_+disjointig_1_0_998763 534102 549064 998763 -1 -1 12080 0.0430163
Chain
	Aln	0	-HG003_ont_1043_start_534982 37 14999 15000 +edge_1_0_+disjointig_1_0_998763 449698 464660 998763 -1 -1 12080 0.0430163
Chain
	Aln	1	+HG003_ont_1045_start_693048 40 14998 15000 -edge_1_0_+disjointig_1_0_998763 692208 707166 998763 -1 -1 12379 0.0391205
Chain
	Aln	0	-HG003_ont_1045_start_693048 1 14959 15000 +edge_1_0_+disjointig_1_0_998763 291596 306554 998763 -1 -1 12379 0.0391205
Chain
	Aln	1	+HG003_ont_1046_start_732886 0 14998 15000 -edge_1_0_+disjointig_1_0_998763 732006 747004 998763 -1 -1 12382 0.0402414
Chain
	Aln	0	-HG003_ont_1046_start_732886 1 14999 15000 +edge_1_0_+disjointig_1_0_998763 251758 266756 998763 -1 -1 12382 0.0402414
Chain
	Aln	1	+HG003_ont_1048_start_653175 0 14998 15000 -edge_1_0_+disjointig_1_0_998763 652295 667293 998763 -1 -1 12525 0.0408744
Chain
	Aln	0	-HG003_ont_1048_start_653175 1 14999 15000 +edge_1_0_+disjointig_1_0_998763 331469 346467 998763 -1 -1 12525 0.0408744
Chain
	Aln	1	+HG003_ont_1047_start_629022 0 14981 15000 -edge_1_0_+disjointig_1_0_998763 628142 643123 998763 -1 -1 12614 0.0375595
Chain
	Aln	0	-HG003_ont_1047_start_629022 18 14999 15000 +edge_1_0_+disjointig_1_0_998763 355639 370620 998763 -1 -1 12614 0.0375595
Chain
	Aln	1	+HG003_ont_1049_start_161645 1 14998 15000 -edge_1_0_+disjointig_1_0_998763 160766 175763 998763 -1 -1 12582 0.0371483
Chain
	Aln	0	-HG003_ont_1049_start_161645 1 14998 15000 +edge_1_0_+disjointig_1_0_998763 822999 837996 998763 -1 -1 12582 0.0371483
Chain
	Aln	1	+HG003_ont_1050_start_139090 0 14998 15000 -edge_1_0_+disjointig_1_0_998763 138210 153208 998763 -1 -1 12295 0.0401714
Chain
	Aln	0	-HG003_ont_1050_start_139090 1 14999 15000 +edge_1_0_+disjointig_1_0_998763 845554 860552 998763 -1 -1 12295 0.0401714
Chain
	Aln	1	+HG003_ont_1051_start_361716 1 14998 15000 -edge_1_0_+disjointig_1_0_998763 360837 375834 998763 -1 -1 12737 0.0376595
Chain
	Aln	0	-HG003_ont_1051_start_361716 1 14998 15000 +edge_1_0_+disjointig_1_0_998763 622928 637925 998763 -1 -1 12737 0.0376595
Chain
	Aln	1	+HG003_ont_1052_start_163319 0 14987 15000 -edge_1_0_+disjointig_1_0_998763 162439 177426 998763 -1 -1 12244 0.0414077
Chain
	Aln	0	-HG003_ont_1052_start_163319 12 14999 15000 +edge_1_0_+disjointig_1_0_998763 821336 836323 998763 -1 -1 12244 0.0414077
Chain
	Aln	1	+HG003_ont_1054_start_293485 20 14997 15000 -edge_1_0_+disjointig_1_0_998763 292625 307602 998763 -1 -1 12184 0.0392181
Chain
	Aln	0	-HG003_ont_1054_start_293485 2 14979 15000 +edge_1_0_+disjointig_1_0_998763 691160 706137 998763 -1 -1 12184 0.0392181
Chain
	Aln	1	+HG003_ont_1053_start_277300 1 14987 15000 -edge_1_0_+disjointig_1_0_998763 276421 291407 998763 -1 -1 12241 0.0390625
Chain
	Aln	0	-HG003_ont_1053_start_277300 12 14998 15000 +edge_1_0_+disjointig_1_0_998763 707355 722341 998763 -1 -1 12241 0.0390625
Chain
	Aln	1	+HG003_ont_1055_start_611860 0 14990 15000 -edge_1_0_+disjointig_1_0_998763 610980 625970 998763 -1 -1 12178 0.0413085
Chain
	Aln	0	-HG003_ont_1055_start_611860 9 14999 15000 +edge_1_0_+disjointig_1_0_998763 372792 387782 998763 -1 -1 12178 0.0413085
Chain
	Aln	1	+HG003_ont_1056_start_716763 17 14982 15000 -edge_1_0_+disjointig_1_0_998763 715900 730865 998763 -1 -1 12487 0.0405409
Chain
	Aln	0	-HG003_ont_1056_start_716763 17 14982 15000 +edge_1_0_+disjointig_1_0_998763 267897 282862 998763 -1 -1 12487 0.0405409
Chain
	Aln	1	+HG003_ont_1057_start_946314 3 14978 15000 -edge_1_0_+disjointig_1_0_998763 945437 960412 998763 -1 -1 12729 0.036687
Chain
	Aln	0	-HG003_ont_1057_start_946314 21 14996 15000 +edge_1_0_+disjointig_1_0_998763 38350 53325 998763 -1 -1 12729 0.036687
Chain
	Aln	1	+HG003_ont_1058_start_927359 0 14985 15000 -edge_1_0_+disjointig_1_0_998763 926479 941464 998763 -1 -1 12017 0.0436235
Chain
	Aln	0	-HG003_ont_1058_start_927359 14 14999 15000 +edge_1_0_+disjointig_1_0_998763 57298 72283 998763 -1 -1 12017 0.0436235
Chain
	Aln	1	+HG003_ont_1059_start_487481 1 14960 15000 -edge_1_0_+disjointig_1_0_998763 486602 501561 998763 -1 -1 12387 0.0416878
Chain
	Aln	0	-HG003_ont_1059_start_487481 39 14998 15000 +edge_1_0_+disjointig_1_0_998763 497201 512160 998763 -1 -1 12387 0.0416878
Chain
	Aln	1	+HG003_ont_1060_start_513506 2 14998 15000 -edge_1_0_+disjointig_1_0_998763 512628 527624 998763 -1 -1 11957 0.0408037
Chain
	Aln	0	-HG003_ont_1060_start_513506 1 14997 15000 +edge_1_0_+disjointig_1_0_998763 471138 486134 998763 -1 -1 11957 0.0408037
Chain
	Aln	1	+HG003_ont_1061_start_806916 9 14984 15000 -edge_1_0_+disjointig_1_0_998763 806045 821020 998763 -1 -1 12152 0.0439231
Chain
	Aln	0	-HG003_ont_1061_start_806916 15 14990 15000 +edge_1_0_+disjointig_1_0_998763 177742 192717 998763 -1 -1 12152 0.0439231
Chain
	Aln	1	+HG003_ont_1062_start_744273 0 14998 15000 -edge_1_0_+disjointig_1_0_998763 743393 758391 998763 -1 -1 12145 0.0424997
Chain
	Aln	0	-HG003_ont_1062_start_744273 1 14999 15000 +edge_1_0_+disjointig_1_0_998763 240371 255369 998763 -1 -1 12145 0.0424997
Chain
	Aln	1	+HG003_ont_1064_start_94195 1 14998 15000 -edge_1_0_+disjointig_1_0_998763 93316 108313 998763 -1 -1 12214 0.0418131
Chain
	Aln	0	-HG003_ont_1064_start_94195 1 14998 15000 +edge_1_0_+disjointig_1_0_998763 890449 905446 998763 -1 -1 12214 0.0418131
Chain
	Aln	1	+HG003_ont_1063_start_418721 1 14983 15000 -edge_1_0_+disjointig_1_0_998763 417842 432824 998763 -1 -1 12417 0.0405294
Chain
	Aln	0	-HG003_ont_1063_start_418721 16 14998 15000 +edge_1_0_+disjointig_1_0_998763 565938 580920 998763 -1 -1 12417 0.0405294
Chain
	Aln	1	+HG003_ont_1066_start_968472 1 14985 15000 -edge_1_0_+disjointig_1_0_998763 967593 982577 998763 -1 -1 12449 0.0394218
Chain
	Aln	0	-HG003_ont_1066_start_968472 14 14998 15000 +edge_1_0_+disjointig_1_0_998763 16185 31169 998763 -1 -1 12449 0.0394218
Chain
	Aln	1	+HG003_ont_1065_start_240925 1 14998 15000 -edge_1_0_+disjointig_1_0_998763 240046 255043 998763 -1 -1 12008 0.041925
Chain
	Aln	0	-HG003_ont_1065_start_240925 1 14998 15000 +edge_1_0_+disjointig_1_0_998763 743719 758716 998763 -1 -1 12008 0.041925
Chain
	Aln	1	+HG003_ont_1068_start_551155 1 14968 15000 -edge_1_0_+disjointig_1_0_998763 550276 565243 998763 -1 -1 12130 0.042112
Chain
	Aln	0	-HG003_ont_1068_start_551155 31 14998 15000 +edge_1_0_+disjointig_1_0_998763 433519 448486 998763 -1 -1 12130 0.042112
Chain
	Aln	1	+HG003_ont_1067_start_562478 24 14965 15000 -edge_1_0_+disjointig_1_0_998763 561622 576563 998763 -1 -1 12213 0.041346
Chain
	Aln	0	-HG003_ont_1067_start_562478 34 14975 15000 +edge_1_0_+disjointig_1_0_998763 422199 437140 998763 -1 -1 12213 0.041346
Chain
	Aln	1	+HG003_ont_1069_start_523045 4 14959 15000 -edge_1_0_+disjointig_1_0_998763 522169 537124 998763 -1 -1 11937 0.0441686
Chain
	Aln	0	-HG003_ont_1069_start_523045 40 14995 15000 +edge_1_0_+disjointig_1_0_998763 461638 476593 998763 -1 -1 11937 0.0441686
Chain
	Aln	1	+HG003_ont_1070_start_372546 13 14998 15000 -edge_1_0_+disjointig_1_0_998763 371679 386664 998763 -1 -1 12417 0.0419339
Chain
	Aln	0	-HG003_ont_1070_start_372546 1 14986 15000 +edge_1_0_+disjointig_1_0_998763 612098 627083 998763 -1 -1 12417 0.0419339
Chain
	Aln	1	+HG003_ont_1071_start_351306 1 14994 15000 -edge_1_0_+disjointig_1_0_998763 350427 365420 998763 -1 -1 12128 0.0424881
Chain
	Aln	0	-HG003_ont_1071_start_351306 5 14998 15000 +edge_1_0_+disjointig_1_0_998763 633342 648335 998763 -1 -1 12128 0.0424881
Chain
	Aln	1	+HG003_ont_1072_start_500072 2 14984 15000 -edge_1_0_+disjointig_1_0_998763 499194 514176 998763 -1 -1 12343 0.0430377
Chain
	Aln	0	-HG003_ont_1072_start_500072 15 14997 15000 +edge_1_0_+disjointig_1_0_998763 484586 499568 998763 -1 -1 12343 0.0430377
Chain
	Aln	1	+HG003_ont_1073_start_519835 0 14998 15000 -edge_1_0_+disjointig_1_0_998763 518955 533953 998763 -1 -1 12306 0.0419769
Chain
	Aln	0	-HG003_ont_1073_start_519835 1 14999 15000 +edge_1_0_+disjointig_1_0_998763 464809 479807 998763 -1 -1 12306 0.0419769
Chain
	Aln	1	+HG003_ont_1074_start_424575 17 14998 15000 -edge_1_0_+disjointig_1_0_998763 423712 438693 998763 -1 -1 12063 0.0420625
Chain
	Aln	0	-HG003_ont_1074_start_424575 1 14982 15000 +edge_1_0_+disjointig_1_0_998763 560069 575050 998763 -1 -1 12063 0.0420625
Chain
	Aln	1	+HG003_ont_1075_start_149459 13 14972 15000 -edge_1_0_+disjointig_1_0_998763 148592 163551 998763 -1 -1 12517 0.0367709
Chain
	Aln	0	-HG003_ont_1075_start_149459 27 14986 15000 +edge_1_0_+disjointig_1_0_998763 835211 850170 998763 -1 -1 12517 0.0367709
Chain
	Aln	1	+HG003_ont_1076_start_436621 10 14975 15000 -edge_1_0_+disjointig_1_0_998763 435751 450716 998763 -1 -1 12478 0.0427835
Chain
	Aln	0	-HG003_ont_1076_start_436621 24 14989 15000 +edge_1_0_+disjointig_1_0_998763 548046 563011 998763 -1 -1 12478 0.0427835
Chain
	Aln	1	+HG003_ont_1077_start_915875 1 14998 15000 -edge_1_0_+disjointig_1_0_998763 914996 929993 998763 -1 -1 12299 0.042415
Chain
	Aln	0	-HG003_ont_1077_start_915875 1 14998 15000 +edge_1_0_+disjointig_1_0_998763 68769 83766 998763 -1 -1 12299 0.042415
Chain
	Aln	1	+HG003_ont_1078_start_687190 1 14982 15000 -edge_1_0_+disjointig_1_0_998763 686311 701292 998763 -1 -1 12353 0.0425623
Chain
	Aln	0	-HG003_ont_1078_start_687190 17 14998 15000 +edge_1_0_+disjointig_1_0_998763 297470 312451 998763 -1 -1 12353 0.0425623
Chain
	Aln	1	+HG003_ont_1080_start_132766 8 14998 15000 -edge_1_0_+disjointig_1_0_998763 131894 146884 998763 -1 -1 11801 0.0433144
Chain
	Aln	0	-HG003_ont_1080_start_132766 1 14991 15000 +edge_1_0_+disjointig_1_0_998763 851878 866868 998763 -1 -1 11801 0.0433144
Chain
	Aln	1	+HG003_ont_1079_start_391976 17 14977 15000 -edge_1_0_+disjointig_1_0_998763 391113 406073 998763 -1 -1 12708 0.0374919
Chain
	Aln	0	-HG003_ont_1079_start_391976 22 14982 15000 +edge_1_0_+disjointig_1_0_998763 592689 607649 998763 -1 -1 12708 0.0374919
Chain
	Aln	1	+HG003_ont_1081_start_247422 6 14994 15000 -edge_1_0_+disjointig_1_0_998763 246548 261536 998763 -1 -1 12148 0.0417937
Chain
	Aln	0	-HG003_ont_1081_start_247422 5 14993 15000 +edge_1_0_+disjointig_1_0_998763 737226 752214 998763 -1 -1 12148 0.0417937
Chain
	Aln	1	+HG003_ont_1082_start_902059 16 14998 15000 -edge_1_0_+disjointig_1_0_998763 901195 916177 998763 -1 -1 12486 0.0398684
Chain
	Aln	0	-HG003_ont_1082_start_902059 1 14983 15000 +edge_1_0_+disjointig_1_0_998763 82585 97567 998763 -1 -1 12486 0.0398684
Chain
	Aln	1	+HG003_ont_1083_start_397687 9 14998 15000 -edge_1_0_+disjointig_1_0_998763 396816 411805 998763 -1 -1 12259 0.0399191
Chain
	Aln	0	-HG003_ont_1083_start_397687 1 14990 15000 +edge_1_0_+disjointig_1_0_998763 586957 601946 998763 -1 -1 12259 0.0399191
Chain
	Aln	1	+HG003_ont_1084_start_161391 4 14980 15000 -edge_1_0_+disjointig_1_0_998763 160515 175491 998763 -1 -1 12022 0.0425022
Chain
	Aln	0	-HG003_ont_1084_start_161391 19 14995 15000 +edge_1_0_+disjointig_1_0_998763 823271 838247 998763 -1 -1 12022 0.0425022
Chain
	Aln	1	+HG003_ont_1085_start_143635 7 14973 15000 -edge_1_0_+disjointig_1_0_998763 142762 157728 998763 -1 -1 12318 0.0407409
Chain
	Aln	0	-HG003_ont_1085_start_143635 26 14992 15000 +edge_1_0_+disjointig_1_0_998763 841034 856000 998763 -1 -1 12318 0.0407409
Chain
	Aln	1	+HG003_ont_1086_start_910137 19 14998 15000 -edge_1_0_+disjointig_1_0_998763 909276 924255 998763 -1 -1 12423 0.039602
Chain
	Aln	0	-HG003_ont_1086_start_910137 1 14980 15000 +edge_1_0_+disjointig_1_0_998763 74507 89486 998763 -1 -1 12423 0.039602
Chain
	Aln	1	+HG003_ont_1087_start_224263 1 14991 15000 -edge_1_0_+disjointig_1_0_998763 223384 238374 998763 -1 -1 12472 0.0389031
Chain
	Aln	0	-HG003_ont_1087_start_224263 8 14998 15000 +edge_1_0_+disjointig_1_0_998763 760388 775378 998763 -1 -1 12472 0.0389031
Chain
	Aln	1	+HG003_ont_1090_start_476593 5 14998 15000 -edge_1_0_+disjointig_1_0_998763 475718 490711 998763 -1 -1 12264 0.0410201
Chain
	Aln	0	-HG003_ont_1090_start_476593 1 14994 15000 +edge_1_0_+disjointig_1_0_998763 508051 523044 998763 -1 -1 12264 0.0410201
Chain
	Aln	1	+HG003_ont_1088_start_736853 1 14992 15000 -edge_1_0_+disjointig_1_0_998763 735974 750965 998763 -1 -1 11974 0.043343
Chain
	Aln	0	-HG003_ont_1088_start_736853 7 14998 15000 +edge_1_0_+disjointig_1_0_998763 247797 262788 998763 -1 -1 11974 0.043343
Chain
	Aln	1	+HG003_ont_1089_start_832005 1 14998 15000 -edge_1_0_+disjointig_1_0_998763 831126 846123 998763 -1 -1 12243 0.041582
Chain
	Aln	0	-HG003_ont_1089_start_832005 1 14998 15000 +edge_1_0_+disjointig_1_0_998763 152639 167636 998763 -1 -1 12243 0.041582
Chain
	Aln	1	+HG003_ont_1091_start_583730 16 14998 15000 -edge_1_0_+disjointig_1_0_998763 582866 597848 998763 -1 -1 12601 0.0383795
Chain
	Aln	0	-HG003_ont_1091_start_583730 1 14983 15000 +edge_1_0_+disjointig_1_0_998763 400914 415896 998763 -1 -1 12601 0.0383795
Chain
	Aln	1	+HG003_ont_1092_start_11605 1 14998 15000 -edge_1_0_+disjointig_1_0_998763 10726 25723 998763 -1 -1 12046 0.0439598
Chain
	Aln	0	-HG003_ont_1092_start_11605 1 14998 15000 +edge_1_0_+disjointig_1_0_998763 973039 988036 998763 -1 -1 12046 0.0439598
Chain
	Aln	1	+HG003_ont_1095_start_115728 1 14998 15000 -edge_1_0_+disjointig_1_0_998763 114849 129846 998763 -1 -1 12503 0.0379728
Chain
	Aln	0	-HG003_ont_1095_start_115728 1 14998 15000 +edge_1_0_+disjointig_1_0_998763 868916 883913 998763 -1 -1 12503 0.0379728
Chain
	Aln	1	+HG003_ont_1094_start_449601 1 14987 15000 -edge_1_0_+disjointig_1_0_998763 448722 463708 998763 -1 -1 12176 0.0424607
Chain
	Aln	0	-HG003_ont_1094_start_449601 12 14998 15000 +edge_1_0_+disjointig_1_0_998763 535054 550040 998763 -1 -1 12176 0.0424607
Chain
	Aln	1	+HG003_ont_1096_start_699307 17 14998 15000 -edge_1_0_+disjointig_1_0_998763 698444 713425 998763 -1 -1 12700 0.0370413
Chain
	Aln	0	-HG003_ont_1096_start_699307 1 14982 15000 +edge_1_0_+disjointig_1_0_998763 285337 300318 998763 -1 -1 12700 0.0370413
Chain
	Aln	1	+HG003_ont_1093_start_327668 9 14998 15000 -edge_1_0_+disjointig_1_0_998763 326797 341786 998763 -1 -1 12214 0.042295
Chain
	Aln	0	-HG003_ont_1093_start_327668 1 14990 15000 +edge_1_0_+disjointig_1_0_998763 656976 671965 998763 -1 -1 12214 0.042295
Chain
	Aln	1	+HG003_ont_1097_start_174983 1 14998 15000 -edge_1_0_+disjointig_1_0_998763 174104 189101 998763 -1 -1 12224 0.0409727
Chain
	Aln	0	-HG003_ont_1097_start_174983 1 14998 15000 +edge_1_0_+disjointig_1_0_998763 809661 824658 998763 -1 -1 12224 0.0409727
Chain
	Aln	1	+HG003_ont_1099_start_615742 50 14998 15000 -edge_1_0_+disjointig_1_0_998763 614912 629860 998763 -1 -1 12505 0.0407094
Chain
	Aln	0	-HG003_ont_1099_start_615742 1 14949 15000 +edge_1_0_+disjointig_1_0_998763 368902 383850 998763 -1 -1 12505 0.0407094
Chain
	Aln	1	+HG003_ont_1101_start_382100 1 14998 15000 -edge_1_0_+disjointig_1_0_998763 381221 396218 998763 -1 -1 12437 0.0393196
Chain
	Aln	0	-HG003_ont_1101_start_382100 1 14998 15000 +edge_1_0_+disjointig_1_0_998763 602544 617541 998763 -1 -1 12437 0.0393196
Chain
	Aln	1	+HG003_ont_1098_start_67640 20 14998 15000 -edge_1_0_+disjointig_1_0_998763 66780 81758 998763 -1 -1 12220 0.0415631
Chain
	Aln	0	-HG003_ont_1098_start_67640 1 14979 15000 +edge_1_0_+disjointig_1_0_998763 917004 931982 998763 -1 -1 12220 0.0415631
Chain
	Aln	1	+HG003_ont_1100_start_938472 1 14987 15000 -edge_1_0_+disjointig_1_0_998763 937593 952579 998763 -1 -1 12618 0.0362557
Chain
	Aln	0	-HG003_ont_1100_start_938472 12 14998 15000 +edge_1_0_+disjointig_1_0_998763 46183 61169 998763 -1 -1 12618 0.0362557
Chain
	Aln	1	+HG003_ont_1102_start_582920 11 14998 15000 -edge_1_0_+disjointig_1_0_998763 582051 597038 998763 -1 -1 12084 0.0419178
Chain
	Aln	0	-HG003_ont_1102_start_582920 1 14988 15000 +edge_1_0_+disjointig_1_0_998763 401724 416711 998763 -1 -1 12084 0.0419178
Chain
	Aln	1	+HG003_ont_1103_start_607177 0 14998 15000 -edge_1_0_+disjointig_1_0_998763 606297 621295 998763 -1 -1 12291 0.0392164
Chain
	Aln	0	-HG003_ont_1103_start_607177 1 14999 15000 +edge_1_0_+disjointig_1_0_998763 377467 392465 998763 -1 -1 12291 0.0392164
Chain
	Aln	1	+HG003_ont_1104_start_161591 21 14998 15000 -edge_1_0_+disjointig_1_0_998763 160732 175709 998763 -1 -1 12122 0.043518
Chain
	Aln	0	-HG003_ont_1104_start_161591 1 14978 15000 +edge_1_0_+disjointig_1_0_998763 823053 838030 998763 -1 -1 12122 0.043518
Chain
	Aln	1	+HG003_ont_1105_start_569808 18 14986 15000 -edge_1_0_+disjointig_1_0_998763 568946 583914 998763 -1 -1 12318 0.039382
Chain
	Aln	0	-HG003_ont_1105_start_569808 13 14981 15000 +edge_1_0_+disjointig_1_0_998763 414848 429816 998763 -1 -1 12318 0.039382
Chain
	Aln	1	+HG003_ont_1106_start_806609 68 14998 15000 -edge_1_0_+disjointig_1_0_998763 805797 820727 998763 -1 -1 12651 0.0380395
Chain
	Aln	0	-HG003_ont_1106_start_806609 1 14931 15000 +edge_1_0_+disjointig_1_0_998763 178035 192965 998763 -1 -1 12651 0.0380395
Chain
	Aln	1	+HG003_ont_1107_start_462351 1 14998 15000 -edge_1_0_+disjointig_1_0_998763 461472 476469 998763 -1 -1 12352 0.0428929
Chain
	Aln	0	-HG003_ont_1107_start_462351 1 14998 15000 +edge_1_0_+disjointig_1_0_998763 522293 537290 998763 -1 -1 12352 0.0428929
Chain
	Aln	1	+HG003_ont_1109_start_744030 1 14991 15000 -edge_1_0_+disjointig_1_0_998763 743151 758141 998763 -1 -1 12046 0.0428817
Chain
	Aln	0	-HG003_ont_1109_start_744030 8 14998 15000 +edge_1_0_+disjointig_1_0_998763 240621 255611 998763 -1 -1 12046 0.0428817
Chain
	Aln	1	+HG003_ont_1108_start_233308 40 14998 15000 -edge_1_0_+disjointig_1_0_998763 232468 247426 998763 -1 -1 12308 0.0405369
Chain
	Aln	0	-HG003_ont_1108_start_233308 1 14959 15000 +edge_1_0_+disjointig_1_0_998763 751336 766294 998763 -1 -1 12308 0.0405369
Chain
	Aln	1	+HG003_ont_1110_start_553505 59 14990 15000 -edge_1_0_+disjointig_1_0_998763 552684 567615 998763 -1 -1 11845 0.0436424
Chain
	Aln	0	-HG003_ont_1110_start_553505 9 14940 15000 +edge_1_0_+disjointig_1_0_998763 431147 446078 998763 -1 -1 11845 0.0436424
Chain
	Aln	1	+HG003_ont_1111_start_413634 69 14998 15000 -edge_1_0_+disjointig_1_0_998763 412823 427752 998763 -1 -1 12031 0.0409657
Chain
	Aln	0	-HG003_ont_1111_start_413634 1 14930 15000 +edge_1_0_+disjointig_1_0_998763 571010 585939 998763 -1 -1 12031 0.0409657
Chain
	Aln	1	+HG003_ont_1112_start_299793 33 14998 15000 -edge_1_0_+disjointig_1_0_998763 298946 313911 998763 -1 -1 12540 0.0395085
Chain
	Aln	0	-HG003_ont_1112_start_299793 1 14966 15000 +edge_1_0_+disjointig_1_0_998763 684851 699816 998763 -1 -1 12540 0.0395085
Chain
	Aln	1	+HG003_ont_1113_start_819506 1 14985 15000 -edge_1_0_+disjointig_1_0_998763 818627 833611 998763 -1 -1 12073 0.0393605
Chain
	Aln	0	-HG003_ont_1113_start_819506 14 14998 15000 +edge_1_0_+disjointig_1_0_998763 165151 180135 998763 -1 -1 12073 0.0393605
Chain
	Aln	1	+HG003_ont_1114_start_981432 4 14998 15000 -edge_1_0_+disjointig_1_0_998763 980556 995550 998763 -1 -1 11913 0.0447904
Chain
	Aln	0	-HG003_ont_1114_start_981432 1 14995 15000 +edge_1_0_+disjointig_1_0_998763 3212 18206 998763 -1 -1 11913 0.0447904
Chain
	Aln	1	+HG003_ont_1115_start_316450 19 14982 15000 -edge_1_0_+disjointig_1_0_998763 315589 330552 998763 -1 -1 12481 0.0392167
Chain
	Aln	0	-HG003_ont_1115_start_316450 17 14980 15000 +edge_1_0_+disjointig_1_0_998763 668210 683173 998763 -1 -1 12481 0.0392167
Chain
	Aln	1	+HG003_ont_1116_start_969236 1 14956 15000 -edge_1_0_+disjointig_1_0_998763 968357 983312 998763 -1 -1 12390 0.0422904
Chain
	Aln	0	-HG003_ont_1116_start_969236 43 14998 15000 +edge_1_0_+disjointig_1_0_998763 15450 30405 998763 -1 -1 12390 0.0422904
Chain
	Aln	1	+HG003_ont_1117_start_361971 10 14982 15000 -edge_1_0_+disjointig_1_0_998763 361101 376073 998763 -1 -1 12414 0.0396439
Chain
	Aln	0	-HG003_ont_1117_start_361971 17 14989 15000 +edge_1_0_+disjointig_1_0_998763 622689 637661 998763 -1 -1 12414 0.0396439
Chain
	Aln	1	+HG003_ont_1118_start_903290 17 14998 15000 -edge_1_0_+disjointig_1_0_998763 902427 917408 998763 -1 -1 12365 0.0406821
Chain
	Aln	0	-HG003_ont_1118_start_903290 1 14982 15000 +edge_1_0_+disjointig_1_0_998763 81354 96335 998763 -1 -1 12365 0.0406821
Chain
	Aln	1	+HG003_ont_1119_start_337338 1 14983 15000 -edge_1_0_+disjointig_1_0_998763 336459 351441 998763 -1 -1 12259 0.0420344
Chain
	Aln	0	-HG003_ont_1119_start_337338 16 14998 15000 +edge_1_0_+disjointig_1_0_998763 647321 662303 998763 -1 -1 12259 0.0420344
Chain
	Aln	1	+HG003_ont_1120_start_612116 13 14995 15000 -edge_1_0_+disjointig_1_0_998763 611249 626231 998763 -1 -1 12302 0.0413088
Chain
	Aln	0	-HG003_ont_1120_start_612116 4 14986 15000 +edge_1_0_+disjointig_1_0_998763 372531 387513 998763 -1 -1 12302 0.0413088
Chain
	Aln	1	+HG003_ont_1121_start_791999 1 14998 15000 -edge_1_0_+disjointig_1_0_998763 791120 806117 998763 -1 -1 12392 0.0417971
Chain
	Aln	0	-HG003_ont_1121_start_791999 1 14998 15000 +edge_1_0_+disjointig_1_0_998763 192645 207642 998763 -1 -1 12392 0.0417971
Chain
	Aln	1	+HG003_ont_1122_start_677730 8 14990 15000 -edge_1_0_+disjointig_1_0_998763 676858 691840 998763 -1 -1 12086 0.0416266
Chain
	Aln	0	-HG003_ont_1122_start_677730 9 14991 15000 +edge_1_0_+disjointig_1_0_998763 306922 321904 998763 -1 -1 12086 0.0416266
Chain
	Aln	1	+HG003_ont_1123_start_250657 1 14960 15000 -edge_1_0_+disjointig_1_0_998763 249778 264737 998763 -1 -1 12486 0.0391627
Chain
	Aln	0	-HG003_ont_1123_start_250657 39 14998 15000 +edge_1_0_+disjointig_1_0_998763 734025 748984 998763 -1 -1 12486 0.0391627
Chain
	Aln	1	+HG003_ont_1124_start_512491 9 14998 15000 -edge_1_0_+disjointig_1_0_998763 511620 526609 998763 -1 -1 12590 0.0390972
Chain
	Aln	0	-HG003_ont_1124_start_512491 1 14990 15000 +edge_1_0_+disjointig_1_0_998763 472153 487142 998763 -1 -1 12590 0.0390972
Chain
	Aln	1	+HG003_ont_1125_start_409913 15 14981 15000 -edge_1_0_+disjointig_1_0_998763 409048 424014 998763 -1 -1 12527 0.040108
Chain
	Aln	0	-HG003_ont_1125_start_409913 18 14984 15000 +edge_1_0_+disjointig_1_0_998763 574748 589714 998763 -1 -1 12527 0.040108
Chain
	Aln	1	+HG003_ont_1126_start_123207 1 14998 15000 -edge_1_0_+disjointig_1_0_998763 122328 137325 998763 -1 -1 12422 0.0383405
Chain
	Aln	0	-HG003_ont_1126_start_123207 1 14998 15000 +edge_1_0_+disjointig_1_0_998763 861437 876434 998763 -1 -1 12422 0.0383405
Chain
	Aln	1	+HG003_ont_1127_start_908887 45 14983 15000 -edge_1_0_+disjointig_1_0_998763 908052 922990 998763 -1 -1 11945 0.042718
Chain
	Aln	0	-HG003_ont_1127_start_908887 16 14954 15000 +edge_1_0_+disjointig_1_0_998763 75772 90710 998763 -1 -1 11945 0.042718
Chain
	Aln	1	+HG003_ont_1128_start_529195 1 14998 15000 -edge_1_0_+disjointig_1_0_998763 528316 543313 998763 -1 -1 12072 0.0421815
Chain
	Aln	0	-HG003_ont_1128_start_529195 1 14998 15000 +edge_1_0_+disjointig_1_0_998763 455449 470446 998763 -1 -1 12072 0.0421815
Chain
	Aln	1	+HG003_ont_1129_start_802119 0 14998 15000 -edge_1_0_+disjointig_1_0_998763 801239 816237 998763 -1 -1 12010 0.0445295
Chain
	Aln	0	-HG003_ont_1129_start_802119 1 14999 15000 +edge_1_0_+disjointig_1_0_998763 182525 197523 998763 -1 -1 12010 0.0445295
Chain
	Aln	1	+HG003_ont_1130_start_189314 23 14998 15000 -edge_1_0_+disjointig_1_0_998763 188457 203432 998763 -1 -1 12411 0.0415593
Chain
	Aln	0	-HG003_ont_1130_start_189314 1 14976 15000 +edge_1_0_+disjointig_1_0_998763 795330 810305 998763 -1 -1 12411 0.0415593
Chain
	Aln	1	+HG003_ont_1131_start_685223 1 14998 15000 -edge_1_0_+disjointig_1_0_998763 684344 699341 998763 -1 -1 12337 0.0410909
Chain
	Aln	0	-HG003_ont_1131_start_685223 1 14998 15000 +edge_1_0_+disjointig_1_0_998763 299421 314418 998763 -1 -1 12337 0.0410909
Chain
	Aln	1	+HG003_ont_1132_start_367833 3 14998 15000 -edge_1_0_+disjointig_1_0_998763 366956 381951 998763 -1 -1 12243 0.041447
Chain
	Aln	0	-HG003_ont_1132_start_367833 1 14996 15000 +edge_1_0_+disjointig_1_0_998763 616811 631806 998763 -1 -1 12243 0.041447
Chain
	Aln	1	+HG003_ont_1133_start_638487 10 14998 15000 -edge_1_0_+disjointig_1_0_998763 637617 652605 998763 -1 -1 11971 0.0414196
Chain
	Aln	0	-HG003_ont_1133_start_638487 1 14989 15000 +edge_1_0_+disjointig_1_0_998763 346157 361145 998763 -1 -1 11971 0.0414196
Chain
	Aln	1	+HG003_ont_1134_start_143551 1 14998 15000 -edge_1_0_+disjointig_1_0_998763 142672 157669 998763 -1 -1 12043 0.042415
Chain
	Aln	0	-HG003_ont_1134_start_143551 1 14998 15000 +edge_1_0_+disjointig_1_0_998763 841093 856090 998763 -1 -1 12043 0.042415
Chain
	Aln	1	+HG003_ont_1135_start_577075 25 14988 15000 -edge_1_0_+disjointig_1_0_998763 576220 591183 998763 -1 -1 12391 0.0409101
Chain
	Aln	0	-HG003_ont_1135_start_577075 11 14974 15000 +edge_1_0_+disjointig_1_0_998763 407579 422542 998763 -1 -1 12391 0.0409101
Chain
	Aln	1	+HG003_ont_1137_start_151938 1 14962 15000 -edge_1_0_+disjointig_1_0_998763 151059 166020 998763 -1 -1 12340 0.0391859
Chain
	Aln	0	-HG003_ont_1137_start_151938 37 14998 15000 +edge_1_0_+disjointig_1_0_998763 832742 847703 998763 -1 -1 12340 0.0391859
Chain
	Aln	1	+HG003_ont_1136_start_453919 1 14998 15000 -edge_1_0_+disjointig_1_0_998763 453040 468037 998763 -1 -1 12065 0.0443336
Chain
	Aln	0	-HG003_ont_1136_start_453919 1 14998 15000 +edge_1_0_+disjointig_1_0_998763 530725 545722 998763 -1 -1 12065 0.0443336
Chain
	Aln	1	+HG003_ont_1138_start_8700 12 14998 15000 -edge_1_0_+disjointig_1_0_998763 7832 22818 998763 -1 -1 12105 0.0418738
Chain
	Aln	0	-HG003_ont_1138_start_8700 1 14987 15000 +edge_1_0_+disjointig_1_0_998763 975944 990930 998763 -1 -1 12105 0.0418738
Chain
	Aln	1	+HG003_ont_1139_start_205822 14 14998 15000 -edge_1_0_+disjointig_1_0_998763 204956 219940 998763 -1 -1 12427 0.0398376
Chain
	Aln	0	-HG003_ont_1139_start_205822 1 14985 15000 +edge_1_0_+disjointig_1_0_998763 778822 793806 998763 -1 -1 12427 0.0398376
Chain
	Aln	1	+HG003_ont_1140_start_832521 1 14987 15000 -edge_1_0_+disjointig_1_0_998763 831642 846628 998763 -1 -1 12377 0.0408588
Chain
	Aln	0	-HG003_ont_1140_start_832521 12 14998 15000 +edge_1_0_+disjointig_1_0_998763 152134 167120 998763 -1 -1 12377 0.0408588
Chain
	Aln	1	+HG003_ont_1141_start_185687 8 14965 15000 -edge_1_0_+disjointig_1_0_998763 184815 199772 998763 -1 -1 11811 0.0444271
Chain
	Aln	0	-HG003_ont_1141_start_185687 34 14991 15000 +edge_1_0_+disjointig_1_0_998763 798990 813947 998763 -1 -1 11811 0.0444271
Chain
	Aln	1	+HG003_ont_1142_start_24239 1 14984 15000 -edge_1_0_+disjointig_1_0_998763 23360 38343 998763 -1 -1 11991 0.041878
Chain
	Aln	0	-HG003_ont_1142_start_24239 15 14998 15000 +edge_1_0_+disjointig_1_0_998763 960419 975402 998763 -1 -1 11991 0.041878
Chain
	Aln	1	+HG003_ont_1143_start_665737 0 14985 15000 -edge_1_0_+disjointig_1_0_998763 664857 679842 998763 -1 -1 12054 0.0411307
Chain
	Aln	0	-HG003_ont_1143_start_665737 14 14999 15000 +edge_1_0_+disjointig_1_0_998763 318920 333905 998763 -1 -1 12054 0.0411307
Chain
	Aln	1	+HG003_ont_1144_start_652673 1 14998 15000 -edge_1_0_+disjointig_1_0_998763 651794 666791 998763 -1 -1 12181 0.0448358
Chain
	Aln	0	-HG003_ont_1144_start_652673 1 14998 15000 +edge_1_0_+disjointig_1_0_998763 331971 346968 998763 -1 -1 12181 0.0448358
Chain
	Aln	1	+HG003_ont_1145_start_342861 31 14998 15000 -edge_1_0_+disjointig_1_0_998763 342012 356979 998763 -1 -1 12293 0.0419594
Chain
	Aln	0	-HG003_ont_1145_start_342861 1 14968 15000 +edge_1_0_+disjointig_1_0_998763 641783 656750 998763 -1 -1 12293 0.0419594
Chain
	Aln	1	+HG003_ont_1146_start_373186 1 14998 15000 -edge_1_0_+disjointig_1_0_998763 372307 387304 998763 -1 -1 12446 0.0381601
Chain
	Aln	0	-HG003_ont_1146_start_373186 1 14998 15000 +edge_1_0_+disjointig_1_0_998763 611458 626455 998763 -1 -1 12446 0.0381601
Chain
	Aln	1	+HG003_ont_1147_start_441951 18 14998 15000 -edge_1_0_+disjointig_1_0_998763 441089 456069 998763 -1 -1 12053 0.0423967
Chain
	Aln	0	-HG003_ont_1147_start_441951 1 14981 15000 +edge_1_0_+disjointig_1_0_998763 542693 557673 998763 -1 -1 12053 0.0423967
Chain
	Aln	1	+HG003_ont_1148_start_294560 5 14996 15000 -edge_1_0_+disjointig_1_0_998763 293685 308676 998763 -1 -1 12091 0.043171
Chain
	Aln	0	-HG003_ont_1148_start_294560 3 14994 15000 +edge_1_0_+disjointig_1_0_998763 690086 705077 998763 -1 -1 12091 0.043171
Chain
	Aln	1	+HG003_ont_1149_start_730297 20 14978 15000 -edge_1_0_+disjointig_1_0_998763 729437 744395 998763 -1 -1 12564 0.0377225
Chain
	Aln	0	-HG003_ont_1149_start_730297 21 14979 15000 +edge_1_0_+disjointig_1_0_998763 254367 269325 998763 -1 -1 12564 0.0377225
Chain
	Aln	1	+HG003_ont_1150_start_421182 17 14998 15000 -edge_1_0_+disjointig_1_0_998763 420319 435300 998763 -1 -1 12451 0.0403849
Chain
	Aln	0	-HG003_ont_1150_start_421182 1 14982 15000 +edge_1_0_+disjointig_1_0_998763 563462 578443 998763 -1 -1 12451 0.0403849
Chain
	Aln	1	+HG003_ont_1151_start_497908 1 14998 15000 -edge_1_0_+disjointig_1_0_998763 497029 512026 998763 -1 -1 12056 0.0407841
Chain
	Aln	0	-HG003_ont_1151_start_497908 1 14998 15000 +edge_1_0_+disjointig_1_0_998763 486736 501733 998763 -1 -1 12056 0.0407841
Chain
	Aln	1	+HG003_ont_1152_start_596803 1 14976 15000 -edge_1_0_+disjointig_1_0_998763 595924 610899 998763 -1 -1 12311 0.0407056
Chain
	Aln	0	-HG003_ont_1152_start_596803 23 14998 15000 +edge_1_0_+disjointig_1_0_998763 387863 402838 998763 -1 -1 12311 0.0407056
Chain
	Aln	1	+HG003_ont_1153_start_255481 14 14998 15000 -edge_1_0_+disjointig_1_0_998763 254615 269599 998763 -1 -1 12072 0.0443577
Chain
	Aln	0	-HG003_ont_1153_start_255481 1 14985 15000 +edge_1_0_+disjointig_1_0_998763 729163 744147 998763 -1 -1 12072 0.0443577
Chain
	Aln	1	+HG003_ont_1154_start_18096 1 14998 15000 -edge_1_0_+disjointig_1_0_998763 17217 32214 998763 -1 -1 12382 0.0399892
Chain
	Aln	0	-HG003_ont_1154_start_18096 1 14998 15000 +edge_1_0_+disjointig_1_0_998763 966548 981545 998763 -1 -1 12382 0.0399892
Chain
	Aln	1	+HG003_ont_1155_start_810800 17 14998 15000 -edge_1_0_+disjointig_1_0_998763 809937 824918 998763 -1 -1 12208 0.0427001
Chain
	Aln	0	-HG003_ont_1155_start_810800 1 14982 15000 +edge_1_0_+disjointig_1_0_998763 173844 188825 998763 -1 -1 12208 0.0427001
Chain
	Aln	1	+HG003_ont_1156_start_897539 9 14986 15000 -edge_1_0_+disjointig_1_0_998763 896668 911645 998763 -1 -1 12384 0.0420388
Chain
	Aln	0	-HG003_ont_1156_start_897539 13 14990 15000 +edge_1_0_+disjointig_1_0_998763 87117 102094 998763 -1 -1 12384 0.0420388
Chain
	Aln	1	+HG003_ont_1157_start_933073 2 14998 15000 -edge_1_0_+disjointig_1_0_998763 932195 947191 998763 -1 -1 12882 0.0389722
Chain
	Aln	0	-HG003_ont_1157_start_933073 1 14997 15000 +edge_1_0_+disjointig_1_0_998763 51571 66567 998763 -1 -1 12882 0.0389722
Chain
	Aln	1	+HG003_ont_1158_start_6035 41 14993 15000 -edge_1_0_+disjointig_1_0_998763 5196 20148 998763 -1 -1 12288 0.0401696
Chain
	Aln	0	-HG003_ont_1158_start_6035 6 14958 15000 +edge_1_0_+disjointig_1_0_998763 978614 993566 998763 -1 -1 12288 0.0401696
Chain
	Aln	1	+HG003_ont_1159_start_456454 15 14987 15000 -edge_1_0_+disjointig_1_0_998763 455589 470561 998763 -1 -1 12142 0.0424218
Chain
	Aln	0	-HG003_ont_1159_start_456454 12 14984 15000 +edge_1_0_+disjointig_1_0_998763 528201 543173 998763 -1 -1 12142 0.0424218
Chain
	Aln	1	+HG003_ont_1160_start_428727 0 14970 15000 -edge_1_0_+disjointig_1_0_998763 427847 442817 998763 -1 -1 12706 0.0381442
Chain
	Aln	0	-HG003_ont_1160_start_428727 29 14999 15000 +edge_1_0_+disjointig_1_0_998763 555945 570915 998763 -1 -1 12706 0.0381442
Chain
	Aln	1	+HG003_ont_1161_start_577075 10 14998 15000 -edge_1_0_+disjointig_1_0_998763 576205 591193 998763 -1 -1 12341 0.0398997
Chain
	Aln	0	-HG003_ont_1161_start_577075 1 14989 15000 +edge_1_0_+disjointig_1_0_998763 407569 422557 998763 -1 -1 12341 0.0398997
Chain
	Aln	1	+HG003_ont_1162_start_948974 13 14988 15000 -edge_1_0_+disjointig_1_0_998763 948107 963082 998763 -1 -1 12069 0.042248
Chain
	Aln	0	-HG003_ont_1162_start_948974 11 14986 15000 +edge_1_0_+disjointig_1_0_998763 35680 50655 998763 -1 -1 12069 0.042248
Chain
	Aln	1	+HG003_ont_1163_start_626512 0 14968 15000 -edge_1_0_+disjointig_1_0_998763 625632 640600 998763 -1 -1 12460 0.0413966
Chain
	Aln	0	-HG003_ont_1163_start_626512 31 14999 15000 +edge_1_0_+disjointig_1_0_998763 358162 373130 998763 -1 -1 12460 0.0413966
Chain
	Aln	1	+HG003_ont_1165_start_734193 1 14980 15000 -edge_1_0_+disjointig_1_0_998763 733314 748293 998763 -1 -1 12262 0.0403537
Chain
	Aln	0	-HG003_ont_1165_start_734193 19 14998 15000 +edge_1_0_+disjointig_1_0_998763 250469 265448 998763 -1 -1 12262 0.0403537
Chain
	Aln	1	+HG003_ont_1164_start_707704 1 14981 15000 -edge_1_0_+disjointig_1_0_998763 706825 721805 998763 -1 -1 12500 0.0420185
Chain
	Aln	0	-HG003_ont_1164_start_707704 18 14998 15000 +edge_1_0_+disjointig_1_0_998763 276957 291937 998763 -1 -1 12500 0.0420185
Chain
	Aln	1	+HG003_ont_1166_start_491359 1 14998 15000 -edge_1_0_+disjointig_1_0_998763 490480 505477 998763 -1 -1 12216 0.0416695
Chain
	Aln	0	-HG003_ont_1166_start_491359 1 14998 15000 +edge_1_0_+disjointig_1_0_998763 493285 508282 998763 -1 -1 12216 0.0416695
Chain
	Aln	1	+HG003_ont_1167_start_797680 0 14965 15000 -edge_1_0_+disjointig_1_0_998763 796800 811765 998763 -1 -1 12412 0.0416396
Chain
	Aln	0	-HG003_ont_1167_start_797680 34 14999 15000 +edge_1_0_+disjointig_1_0_998763 186997 201962 998763 -1 -1 12412 0.0416396
Chain
	Aln	1	+HG003_ont_1168_start_60418 1 14998 15000 -edge_1_0_+disjointig_1_0_998763 59539 74536 998763 -1 -1 12340 0.041957
Chain
	Aln	0	-HG003_ont_1168_start_60418 1 14998 15000 +edge_1_0_+disjointig_1_0_998763 924226 939223 998763 -1 -1 12340 0.041957
Chain
	Aln	1	+HG003_ont_1169_start_814219 0 14988 15000 -edge_1_0_+disjointig_1_0_998763 813339 828327 998763 -1 -1 12462 0.0408273
Chain
	Aln	0	-HG003_ont_1169_start_814219 11 14999 15000 +edge_1_0_+disjointig_1_0_998763 170435 185423 998763 -1 -1 12462 0.0408273
Chain
	Aln	1	+HG003_ont_1170_start_733267 20 14936 15000 -edge_1_0_+disjointig_1_0_998763 732407 747323 998763 -1 -1 12243 0.03865
Chain
	Aln	0	-HG003_ont_1170_start_733267 63 14979 15000 +edge_1_0_+disjointig_1_0_998763 251439 266355 998763 -1 -1 12243 0.03865
Chain
	Aln	1	+HG003_ont_1171_start_713951 1 14998 15000 -edge_1_0_+disjointig_1_0_998763 713072 728069 998763 -1 -1 12585 0.0386802
Chain
	Aln	0	-HG003_ont_1171_start_713951 1 14998 15000 +edge_1_0_+disjointig_1_0_998763 270693 285690 998763 -1 -1 12585 0.0386802
Chain
	Aln	1	+HG003_ont_1172_start_929415 17 14998 15000 -edge_1_0_+disjointig_1_0_998763 928552 943533 998763 -1 -1 12094 0.0425866
Chain
	Aln	0	-HG003_ont_1172_start_929415 1 14982 15000 +edge_1_0_+disjointig_1_0_998763 55229 70210 998763 -1 -1 12094 0.0425866
Chain
	Aln	1	+HG003_ont_1173_start_923219 0 14989 15000 -edge_1_0_+disjointig_1_0_998763 922339 937328 998763 -1 -1 12419 0.0397955
Chain
	Aln	0	-HG003_ont_1173_start_923219 10 14999 15000 +edge_1_0_+disjointig_1_0_998763 61434 76423 998763 -1 -1 12419 0.0397955
Chain
	Aln	1	+HG003_ont_1177_start_278651 0 14998 15000 -edge_1_0_+disjointig_1_0_998763 277771 292769 998763 -1 -1 12132 0.0423464
Chain
	Aln	0	-HG003_ont_1177_start_278651 1 14999 15000 +edge_1_0_+disjointig_1_0_998763 705993 720991 998763 -1 -1 12132 0.0423464
Chain
	Aln	1	+HG003_ont_1176_start_300230 1 14998 15000 -edge_1_0_+disjointig_1_0_998763 299351 314348 998763 -1 -1 12323 0.0408234
Chain
	Aln	0	-HG003_ont_1176_start_300230 1 14998 15000 +edge_1_0_+disjointig_1_0_998763 684414 699411 998763 -1 -1 12323 0.0408234
Chain
	Aln	1	+HG003_ont_1174_start_677022 1 14998 15000 -edge_1_0_+disjointig_1_0_998763 676143 691140 998763 -1 -1 12369 0.039966
Chain
	Aln	0	-HG003_ont_1174_start_677022 1 14998 15000 +edge_1_0_+disjointig_1_0_998763 307622 322619 998763 -1 -1 12369 0.039966
Chain
	Aln	1	+HG003_ont_1175_start_188892 3 14990 15000 -edge_1_0_+disjointig_1_0_998763 188015 203002 998763 -1 -1 12260 0.0391656
Chain
	Aln	0	-HG003_ont_1175_start_188892 9 14996 15000 +edge_1_0_+disjointig_1_0_998763 795760 810747 998763 -1 -1 12260 0.0391656
Chain
	Aln	1	+HG003_ont_1178_start_851546 34 14996 15000 -edge_1_0_+disjointig_1_0_998763 850700 865662 998763 -1 -1 12563 0.0383462
Chain
	Aln	0	-HG003_ont_1178_start_851546 3 14965 15000 +edge_1_0_+disjointig_1_0_998763 133100 148062 998763 -1 -1 12563 0.0383462
Chain
	Aln	1	+HG003_ont_1179_start_400870 11 14998 15000 -edge_1_0_+disjointig_1_0_998763 400001 414988 998763 -1 -1 12288 0.039074
Chain
	Aln	0	-HG003_ont_1179_start_400870 1 14988 15000 +edge_1_0_+disjointig_1_0_998763 583774 598761 998763 -1 -1 12288 0.039074
Chain
	Aln	1	+HG003_ont_1180_start_250335 13 14998 15000 -edge_1_0_+disjointig_1_0_998763 249468 264453 998763 -1 -1 11897 0.0431638
Chain
	Aln	0	-HG003_ont_1180_start_250335 1 14986 15000 +edge_1_0_+disjointig_1_0_998763 734309 749294 998763 -1 -1 11897 0.0431638
Chain
	Aln	1	+HG003_ont_1181_start_919703 9 14997 15000 -edge_1_0_+disjointig_1_0_998763 918832 933820 998763 -1 -1 12331 0.0401012
Chain
	Aln	0	-HG003_ont_1181_start_919703 2 14990 15000 +edge_1_0_+disjointig_1_0_998763 64942 79930 998763 -1 -1 12331 0.0401012
Chain
	Aln	1	+HG003_ont_1183_start_439491 1 14979 15000 -edge_1_0_+disjointig_1_0_998763 438612 453590 998763 -1 -1 12403 0.0413803
Chain
	Aln	0	-HG003_ont_1183_start_439491 20 14998 15000 +edge_1_0_+disjointig_1_0_998763 545172 560150 998763 -1 -1 12403 0.0413803
Chain
	Aln	1	+HG003_ont_1184_start_824923 62 14989 15000 -edge_1_0_+disjointig_1_0_998763 824105 839032 998763 -1 -1 11716 0.0448386
Chain
	Aln	0	-HG003_ont_1184_start_824923 10 14937 15000 +edge_1_0_+disjointig_1_0_998763 159730 174657 998763 -1 -1 11716 0.0448386
Chain
	Aln	1	+HG003_ont_1182_start_248568 1 14998 15000 -edge_1_0_+disjointig_1_0_998763 247689 262686 998763 -1 -1 12218 0.0417812
Chain
	Aln	0	-HG003_ont_1182_start_248568 1 14998 15000 +edge_1_0_+disjointig_1_0_998763 736076 751073 998763 -1 -1 12218 0.0417812
Chain
	Aln	1	+HG003_ont_1186_start_95996 42 14982 15000 -edge_1_0_+disjointig_1_0_998763 95158 110098 998763 -1 -1 12545 0.0399901
Chain
	Aln	0	-HG003_ont_1186_start_95996 17 14957 15000 +edge_1_0_+disjointig_1_0_998763 888664 903604 998763 -1 -1 12545 0.0399901
Chain
	Aln	1	+HG003_ont_1187_start_448157 0 14998 15000 -edge_1_0_+disjointig_1_0_998763 447277 462275 998763 -1 -1 12205 0.0401249
Chain
	Aln	0	-HG003_ont_1187_start_448157 1 14999 15000 +edge_1_0_+disjointig_1_0_998763 536487 551485 998763 -1 -1 12205 0.0401249
Chain
	Aln	1	+HG003_ont_1185_start_500517 0 14998 15000 -edge_1_0_+disjointig_1_0_998763 499637 514635 998763 -1 -1 12323 0.0402025
Chain
	Aln	0	-HG003_ont_1185_start_500517 1 14999 15000 +edge_1_0_+disjointig_1_0_998763 484127 499125 998763 -1 -1 12323 0.0402025
Chain
	Aln	1	+HG003_ont_1189_start_782950 18 14998 15000 -edge_1_0_+disjointig_1_0_998763 782088 797068 998763 -1 -1 12001 0.0422999
Chain
	Aln	0	-HG003_ont_1189_start_782950 1 14981 15000 +edge_1_0_+disjointig_1_0_998763 201694 216674 998763 -1 -1 12001 0.0422999
Chain
	Aln	1	+HG003_ont_1190_start_596223 1 14998 15000 -edge_1_0_+disjointig_1_0_998763 595344 610341 998763 -1 -1 12440 0.038446
Chain
	Aln	0	-HG003_ont_1190_start_596223 1 14998 15000 +edge_1_0_+disjointig_1_0_998763 388421 403418 998763 -1 -1 12440 0.038446
Chain
	Aln	1	+HG003_ont_1188_start_397385 35 14981 15000 -edge_1_0_+disjointig_1_0_998763 396540 411486 998763 -1 -1 12115 0.0426681
Chain
	Aln	0	-HG003_ont_1188_start_397385 18 14964 15000 +edge_1_0_+disjointig_1_0_998763 587276 602222 998763 -1 -1 12115 0.0426681
Chain
	Aln	1	+HG003_ont_1191_start_754223 0 14998 15000 -edge_1_0_+disjointig_1_0_998763 753343 768341 998763 -1 -1 12302 0.0403659
Chain
	Aln	0	-HG003_ont_1191_start_754223 1 14999 15000 +edge_1_0_+disjointig_1_0_998763 230421 245419 998763 -1 -1 12302 0.0403659
Chain
	Aln	1	+HG003_ont_1192_start_709261 32 14982 15000 -edge_1_0_+disjointig_1_0_998763 708413 723363 998763 -1 -1 12086 0.0430508
Chain
	Aln	0	-HG003_ont_1192_start_709261 17 14967 15000 +edge_1_0_+disjointig_1_0_998763 275399 290349 998763 -1 -1 12086 0.0430508
Chain
	Aln	1	+HG003_ont_1193_start_278470 2 14972 15000 -edge_1_0_+disjointig_1_0_998763 277592 292562 998763 -1 -1 12098 0.0402248
Chain
	Aln	0	-HG003_ont_1193_start_278470 27 14997 15000 +edge_1_0_+disjointig_1_0_998763 706200 721170 998763 -1 -1 12098 0.0402248
Chain
	Aln	1	+HG003_ont_1196_start_179505 45 14975 15000 -edge_1_0_+disjointig_1_0_998763 178670 193600 998763 -1 -1 12292 0.0391864
Chain
	Aln	0	-HG003_ont_1196_start_179505 24 14954 15000 +edge_1_0_+disjointig_1_0_998763 805162 820092 998763 -1 -1 12292 0.0391864
Chain
	Aln	1	+HG003_ont_1197_start_354469 1 14998 15000 -edge_1_0_+disjointig_1_0_998763 353590 368587 998763 -1 -1 12448 0.0369569
Chain
	Aln	0	-HG003_ont_1197_start_354469 1 14998 15000 +edge_1_0_+disjointig_1_0_998763 630175 645172 998763 -1 -1 12448 0.0369569
Chain
	Aln	1	+HG003_ont_1194_start_492224 1 14998 15000 -edge_1_0_+disjointig_1_0_998763 491345 506342 998763 -1 -1 12499 0.0378831
Chain
	Aln	0	-HG003_ont_1194_start_492224 1 14998 15000 +edge_1_0_+disjointig_1_0_998763 492420 507417 998763 -1 -1 12499 0.0378831
Chain
	Aln	1	+HG003_ont_1195_start_500049 18 14965 15000 -edge_1_0_+disjointig_1_0_998763 499187 514134 998763 -1 -1 12153 0.0407055
Chain
	Aln	0	-HG003_ont_1195_start_500049 34 14981 15000 +edge_1_0_+disjointig_1_0_998763 484628 499575 998763 -1 -1 12153 0.0407055
Chain
	Aln	1	+HG003_ont_1198_start_870211 0 14998 15000 -edge_1_0_+disjointig_1_0_998763 869331 884329 998763 -1 -1 12142 0.0422659
Chain
	Aln	0	-HG003_ont_1198_start_870211 1 14999 15000 +edge_1_0_+disjointig_1_0_998763 114433 129431 998763 -1 -1 12142 0.0422659
Chain
	Aln	1	+HG003_ont_1199_start_733085 8 14986 15000 -edge_1_0_+disjointig_1_0_998763 732213 747191 998763 -1 -1 12373 0.0386359
Chain
	Aln	0	-HG003_ont_1199_start_733085 13 14991 15000 +edge_1_0_+disjointig_1_0_998763 251571 266549 998763 -1 -1 12373 0.0386359
Chain
	Aln	1	+HG003_ont_1202_start_223568 4 14998 15000 -edge_1_0_+disjointig_1_0_998763 222692 237686 998763 -1 -1 12253 0.0392466
Chain
	Aln	0	-HG003_ont_1202_start_223568 1 14995 15000 +edge_1_0_+disjointig_1_0_998763 761076 776070 998763 -1 -1 12253 0.0392466
Chain
	Aln	1	+HG003_ont_1203_start_885288 18 14998 15000 -edge_1_0_+disjointig_1_0_998763 884426 899406 998763 -1 -1 11972 0.0430543
Chain
	Aln	0	-HG003_ont_1203_start_885288 1 14981 15000 +edge_1_0_+disjointig_1_0_998763 99356 114336 998763 -1 -1 11972 0.0430543
Chain
	Aln	1	+HG003_ont_1200_start_146877 16 14986 15000 -edge_1_0_+disjointig_1_0_998763 146013 160983 998763 -1 -1 12368 0.0390073
Chain
	Aln	0	-HG003_ont_1200_start_146877 13 14983 15000 +edge_1_0_+disjointig_1_0_998763 837779 852749 998763 -1 -1 12368 0.0390073
Chain
	Aln	1	+HG003_ont_1201_start_38332 1 14967 15000 -edge_1_0_+disjointig_1_0_998763 37453 52419 998763 -1 -1 12562 0.0390984
Chain
	Aln	0	-HG003_ont_1201_start_38332 32 14998 15000 +edge_1_0_+disjointig_1_0_998763 946343 961309 998763 -1 -1 12562 0.0390984
Chain
	Aln	1	+HG003_ont_1205_start_967926 62 14998 15000 -edge_1_0_+disjointig_1_0_998763 967108 982044 998763 -1 -1 12301 0.0424178
Chain
	Aln	0	-HG003_ont_1205_start_967926 1 14937 15000 +edge_1_0_+disjointig_1_0_998763 16718 31654 998763 -1 -1 12301 0.0424178
Chain
	Aln	1	+HG003_ont_1204_start_919712 1 14998 15000 -edge_1_0_+disjointig_1_0_998763 918833 933830 998763 -1 -1 12420 0.0383555
Chain
	Aln	0	-HG003_ont_1204_start_919712 1 14998 15000 +edge_1_0_+disjointig_1_0_998763 64932 79929 998763 -1 -1 12420 0.0383555
Chain
	Aln	1	+HG003_ont_1207_start_538786 1 14998 15000 -edge_1_0_+disjointig_1_0_998763 537907 552904 998763 -1 -1 12111 0.0438191
Chain
	Aln	0	-HG003_ont_1207_start_538786 1 14998 15000 +edge_1_0_+disjointig_1_0_998763 445858 460855 998763 -1 -1 12111 0.0438191
Chain
	Aln	1	+HG003_ont_1206_start_78251 2 14986 15000 -edge_1_0_+disjointig_1_0_998763 77373 92357 998763 -1 -1 12520 0.0393681
Chain
	Aln	0	-HG003_ont_1206_start_78251 13 14997 15000 +edge_1_0_+disjointig_1_0_998763 906405 921389 998763 -1 -1 12520 0.0393681
Chain
	Aln	1	+HG003_ont_1209_start_904268 12 14998 15000 -edge_1_0_+disjointig_1_0_998763 903400 918386 998763 -1 -1 12752 0.0387052
Chain
	Aln	0	-HG003_ont_1209_start_904268 1 14987 15000 +edge_1_0_+disjointig_1_0_998763 80376 95362 998763 -1 -1 12752 0.0387052
Chain
	Aln	1	+HG003_ont_1208_start_28971 1 14996 15000 -edge_1_0_+disjointig_1_0_998763 28092 43087 998763 -1 -1 12415 0.0404711
Chain
	Aln	0	-HG003_ont_1208_start_28971 3 14998 15000 +edge_1_0_+disjointig_1_0_998763 955675 970670 998763 -1 -1 12415 0.0404711
Chain
	Aln	1	+HG003_ont_1210_start_507918 1 14998 15000 -edge_1_0_+disjointig_1_0_998763 507039 522036 998763 -1 -1 12422 0.041941
Chain
	Aln	0	-HG003_ont_1210_start_507918 1 14998 15000 +edge_1_0_+disjointig_1_0_998763 476726 491723 998763 -1 -1 12422 0.041941
Chain
	Aln	1	+HG003_ont_1211_start_118754 0 14963 15000 -edge_1_0_+disjointig_1_0_998763 117874 132837 998763 -1 -1 12170 0.0416477
Chain
	Aln	0	-HG003_ont_1211_start_118754 36 14999 15000 +edge_1_0_+disjointig_1_0_998763 865925 880888 998763 -1 -1 12170 0.0416477
Chain
	Aln	1	+HG003_ont_1213_start_712818 28 14980 15000 -edge_1_0_+disjointig_1_0_998763 711966 726918 998763 -1 -1 12567 0.0375572
Chain
	Aln	0	-HG003_ont_1213_start_712818 19 14971 15000 +edge_1_0_+disjointig_1_0_998763 271844 286796 998763 -1 -1 12567 0.0375572
Chain
	Aln	1	+HG003_ont_1214_start_659226 0 14986 15000 -edge_1_0_+disjointig_1_0_998763 658346 673332 998763 -1 -1 12270 0.0432578
Chain
	Aln	0	-HG003_ont_1214_start_659226 13 14999 15000 +edge_1_0_+disjointig_1_0_998763 325430 340416 998763 -1 -1 12270 0.0432578
Chain
	Aln	1	+HG003_ont_1212_start_181129 16 14998 15000 -edge_1_0_+disjointig_1_0_998763 180265 195247 998763 -1 -1 12145 0.0407802
Chain
	Aln	0	-HG003_ont_1212_start_181129 1 14983 15000 +edge_1_0_+disjointig_1_0_998763 803515 818497 998763 -1 -1 12145 0.0407802
Chain
	Aln	1	+HG003_ont_1215_start_494824 0 14992 15000 -edge_1_0_+disjointig_1_0_998763 493944 508936 998763 -1 -1 12046 0.0440728
Chain
	Aln	0	-HG003_ont_1215_start_494824 7 14999 15000 +edge_1_0_+disjointig_1_0_998763 489826 504818 998763 -1 -1 12046 0.0440728
Chain
	Aln	1	+HG003_ont_1216_start_315319 12 14998 15000 -edge_1_0_+disjointig_1_0_998763 314451 329437 998763 -1 -1 12325 0.0400157
Chain
	Aln	0	-HG003_ont_1216_start_315319 1 14987 15000 +edge_1_0_+disjointig_1_0_998763 669325 684311 998763 -1 -1 12325 0.0400157
Chain
	Aln	1	+HG003_ont_1217_start_79072 17 14974 15000 -edge_1_0_+disjointig_1_0_998763 78209 93166 998763 -1 -1 12028 0.0431602
Chain
	Aln	0	-HG003_ont_1217_start_79072 25 14982 15000 +edge_1_0_+disjointig_1_0_998763 905596 920553 998763 -1 -1 12028 0.0431602
Chain
	Aln	1	+HG003_ont_1219_start_347149 1 14984 15000 -edge_1_0_+disjointig_1_0_998763 346270 361253 998763 -1 -1 12310 0.0408706
Chain
	Aln	0	-HG003_ont_1219_start_347149 15 14998 15000 +edge_1_0_+disjointig_1_0_998763 637509 652492 998763 -1 -1 12310 0.0408706
Chain
	Aln	1	+HG003_ont_1218_start_551748 0 14982 15000 -edge_1_0_+disjointig_1_0_998763 550868 565850 998763 -1 -1 12473 0.0387426
Chain
	Aln	0	-HG003_ont_1218_start_551748 17 14999 15000 +edge_1_0_+disjointig_1_0_998763 432912 447894 998763 -1 -1 12473 0.0387426
Chain
	Aln	1	+HG003_ont_1220_start_938860 0 14998 15000 -edge_1_0_+disjointig_1_0_998763 937980 952978 998763 -1 -1 12385 0.042629
Chain
	Aln	0	-HG003_ont_1220_start_938860 1 14999 15000 +edge_1_0_+disjointig_1_0_998763 45784 60782 998763 -1 -1 12385 0.042629
Chain
	Aln	1	+HG003_ont_1221_start_380279 31 14998 15000 -edge_1_0_+disjointig_1_0_998763 379430 394397 998763 -1 -1 12219 0.0411469
Chain
	Aln	0	-HG003_ont_1221_start_380279 1 14968 15000 +edge_1_0_+disjointig_1_0_998763 604365 619332 998763 -1 -1 12219 0.0411469
Chain
	Aln	1	+HG003_ont_1222_start_932995 0 14977 15000 -edge_1_0_+disjointig_1_0_998763 932115 947092 998763 -1 -1 12118 0.0399727
Chain
	Aln	0	-HG003_ont_1222_start_932995 22 14999 15000 +edge_1_0_+disjointig_1_0_998763 51670 66647 998763 -1 -1 12118 0.0399727
Chain
	Aln	1	+HG003_ont_1223_start_867333 0 14984 15000 -edge_1_0_+disjointig_1_0_998763 866453 881437 998763 -1 -1 12346 0.040969
Chain
	Aln	0	-HG003_ont_1223_start_867333 15 14999 15000 +edge_1_0_+disjointig_1_0_998763 117325 132309 998763 -1 -1 12346 0.040969
Chain
	Aln	1	+HG003_ont_1224_start_837931 1 14998 15000 -edge_1_0_+disjointig_1_0_998763 837052 852049 998763 -1 -1 12202 0.0413993
Chain
	Aln	0	-HG003_ont_1224_start_837931 1 14998 15000 +edge_1_0_+disjointig_1_0_998763 146713 161710 998763 -1 -1 12202 0.0413993
Chain
	Aln	1	+HG003_ont_1225_start_318550 0 14989 15000 -edge_1_0_+disjointig_1_0_998763 317670 332659 998763 -1 -1 12368 0.039572
Chain
	Aln	0	-HG003_ont_1225_start_318550 10 14999 15000 +edge_1_0_+disjointig_1_0_998763 666103 681092 998763 -1 -1 12368 0.039572
Chain
	Aln	1	+HG003_ont_1226_start_916397 0 14998 15000 -edge_1_0_+disjointig_1_0_998763 915517 930515 998763 -1 -1 12300 0.0425401
Chain
	Aln	0	-HG003_ont_1226_start_916397 1 14999 15000 +edge_1_0_+disjointig_1_0_998763 68247 83245 998763 -1 -1 12300 0.0425401
Chain
	Aln	1	+HG003_ont_1227_start_480331 8 14953 15000 -edge_1_0_+disjointig_1_0_998763 479459 494404 998763 -1 -1 12090 0.0422188
Chain
	Aln	0	-HG003_ont_1227_start_480331 46 14991 15000 +edge_1_0_+disjointig_1_0_998763 504358 519303 998763 -1 -1 12090 0.0422188
Chain
	Aln	1	+HG003_ont_1228_start_897739 11 14998 15000 -edge_1_0_+disjointig_1_0_998763 896870 911857 998763 -1 -1 12216 0.0420139
Chain
	Aln	0	-HG003_ont_1228_start_897739 1 14988 15000 +edge_1_0_+disjointig_1_0_998763 86905 101892 998763 -1 -1 12216 0.0420139
Chain
	Aln	1	+HG003_ont_1229_start_934834 0 14988 15000 -edge_1_0_+disjointig_1_0_998763 933954 948942 998763 -1 -1 11831 0.0416422
Chain
	Aln	0	-HG003_ont_1229_start_934834 11 14999 15000 +edge_1_0_+disjointig_1_0_998763 49820 64808 998763 -1 -1 11831 0.0416422
Chain
	Aln	1	+HG003_ont_1230_start_40448 9 14981 15000 -edge_1_0_+disjointig_1_0_998763 39577 54549 998763 -1 -1 12325 0.0392214
Chain
	Aln	0	-HG003_ont_1230_start_40448 18 14990 15000 +edge_1_0_+disjointig_1_0_998763 944213 959185 998763 -1 -1 12325 0.0392214
Chain
	Aln	1	+HG003_ont_1231_start_578989 22 14991 15000 -edge_1_0_+disjointig_1_0_998763 578131 593100 998763 -1 -1 12378 0.0391714
Chain
	Aln	0	-HG003_ont_1231_start_578989 8 14977 15000 +edge_1_0_+disjointig_1_0_998763 405662 420631 998763 -1 -1 12378 0.0391714
Chain
	Aln	1	+HG003_ont_1232_start_622803 0 14998 15000 -edge_1_0_+disjointig_1_0_998763 621923 636921 998763 -1 -1 11953 0.0436745
Chain
	Aln	0	-HG003_ont_1232_start_622803 1 14999 15000 +edge_1_0_+disjointig_1_0_998763 361841 376839 998763 -1 -1 11953 0.0436745
Chain
	Aln	1	+HG003_ont_1234_start_674547 14 14997 15000 -edge_1_0_+disjointig_1_0_998763 673681 688664 998763 -1 -1 12255 0.0406743
Chain
	Aln	0	-HG003_ont_1234_start_674547 2 14985 15000 +edge_1_0_+disjointig_1_0_998763 310098 325081 998763 -1 -1 12255 0.0406743
Chain
	Aln	1	+HG003_ont_1233_start_71101 4 14995 15000 -edge_1_0_+disjointig_1_0_998763 70225 85216 998763 -1 -1 12539 0.0361519
Chain
	Aln	0	-HG003_ont_1233_start_71101 4 14995 15000 +edge_1_0_+disjointig_1_0_998763 913546 928537 998763 -1 -1 12539 0.0361519
Chain
	Aln	1	+HG003_ont_1235_start_889566 23 14974 15000 -edge_1_0_+disjointig_1_0_998763 888709 903660 998763 -1 -1 11936 0.0437625
Chain
	Aln	0	-HG003_ont_1235_start_889566 25 14976 15000 +edge_1_0_+disjointig_1_0_998763 95102 110053 998763 -1 -1 11936 0.0437625
Chain
	Aln	1	+HG003_ont_1236_start_120566 11 14970 15000 -edge_1_0_+disjointig_1_0_998763 119697 134656 998763 -1 -1 12126 0.0418558
Chain
	Aln	0	-HG003_ont_1236_start_120566 29 14988 15000 +edge_1_0_+disjointig_1_0_998763 864106 879065 998763 -1 -1 12126 0.0418558
Chain
	Aln	1	+HG003_ont_1238_start_418775 1 14998 15000 -edge_1_0_+disjointig_1_0_998763 417896 432893 998763 -1 -1 12203 0.0422861
Chain
	Aln	0	-HG003_ont_1238_start_418775 1 14998 15000 +edge_1_0_+disjointig_1_0_998763 565869 580866 998763 -1 -1 12203 0.0422861
Chain
	Aln	1	+HG003_ont_1237_start_509435 21 14985 15000 -edge_1_0_+disjointig_1_0_998763 508576 523540 998763 -1 -1 12021 0.0428528
Chain
	Aln	0	-HG003_ont_1237_start_509435 14 14978 15000 +edge_1_0_+disjointig_1_0_998763 475222 490186 998763 -1 -1 12021 0.0428528
Chain
	Aln	1	+HG003_ont_1239_start_400411 1 14990 15000 -edge_1_0_+disjointig_1_0_998763 399532 414521 998763 -1 -1 12221 0.0418536
Chain
	Aln	0	-HG003_ont_1239_start_400411 9 14998 15000 +edge_1_0_+disjointig_1_0_998763 584241 599230 998763 -1 -1 12221 0.0418536
Chain
	Aln	1	+HG003_ont_1240_start_377032 1 14998 15000 -edge_1_0_+disjointig_1_0_998763 376153 391150 998763 -1 -1 12321 0.0405883
Chain
	Aln	0	-HG003_ont_1240_start_377032 1 14998 15000 +edge_1_0_+disjointig_1_0_998763 607612 622609 998763 -1 -1 12321 0.0405883
Chain
	Aln	1	+HG003_ont_1242_start_895066 1 14998 15000 -edge_1_0_+disjointig_1_0_998763 894187 909184 998763 -1 -1 12312 0.041925
Chain
	Aln	0	-HG003_ont_1242_start_895066 1 14998 15000 +edge_1_0_+disjointig_1_0_998763 89578 104575 998763 -1 -1 12312 0.041925
Chain
	Aln	1	+HG003_ont_1241_start_226267 1 14988 15000 -edge_1_0_+disjointig_1_0_998763 225388 240375 998763 -1 -1 12314 0.0411069
Chain
	Aln	0	-HG003_ont_1241_start_226267 11 14998 15000 +edge_1_0_+disjointig_1_0_998763 758387 773374 998763 -1 -1 12314 0.0411069
Chain
	Aln	1	+HG003_ont_1243_start_981836 1 14998 15000 -edge_1_0_+disjointig_1_0_998763 980957 995954 998763 -1 -1 12316 0.0424069
Chain
	Aln	0	-HG003_ont_1243_start_981836 1 14998 15000 +edge_1_0_+disjointig_1_0_998763 2808 17805 998763 -1 -1 12316 0.0424069
Chain
	Aln	1	+HG003_ont_1244_start_385460 23 14998 15000 -edge_1_0_+disjointig_1_0_998763 384603 399578 998763 -1 -1 12516 0.0380288
Chain
	Aln	0	-HG003_ont_1244_start_385460 1 14976 15000 +edge_1_0_+disjointig_1_0_998763 599184 614159 998763 -1 -1 12516 0.0380288
Chain
	Aln	1	+HG003_ont_1245_start_720924 1 14998 15000 -edge_1_0_+disjointig_1_0_998763 720045 735042 998763 -1 -1 12292 0.0409413
Chain
	Aln	0	-HG003_ont_1245_start_720924 1 14998 15000 +edge_1_0_+disjointig_1_0_998763 263720 278717 998763 -1 -1 12292 0.0409413
Chain
	Aln	1	+HG003_ont_1246_start_283591 32 14965 15000 -edge_1_0_+disjointig_1_0_998763 282743 297676 998763 -1 -1 12111 0.0443661
Chain
	Aln	0	-HG003_ont_1246_start_283591 34 14967 15000 +edge_1_0_+disjointig_1_0_998763 701086 716019 998763 -1 -1 12111 0.0443661
Chain
	Aln	1	+HG003_ont_1247_start_921194 23 14972 15000 -edge_1_0_+disjointig_1_0_998763 920337 935286 998763 -1 -1 12230 0.0386356
Chain
	Aln	0	-HG003_ont_1247_start_921194 27 14976 15000 +edge_1_0_+disjointig_1_0_998763 63476 78425 998763 -1 -1 12230 0.0386356
Chain
	Aln	1	+HG003_ont_1248_start_791158 1 14987 15000 -edge_1_0_+disjointig_1_0_998763 790279 805265 998763 -1 -1 12152 0.0422671
Chain
	Aln	0	-HG003_ont_1248_start_791158 12 14998 15000 +edge_1_0_+disjointig_1_0_998763 193497 208483 998763 -1 -1 12152 0.0422671
Chain
	Aln	1	+HG003_ont_1249_start_531602 1 14998 15000 -edge_1_0_+disjointig_1_0_998763 530723 545720 998763 -1 -1 12356 0.0404399
Chain
	Aln	0	-HG003_ont_1249_start_531602 1 14998 15000 +edge_1_0_+disjointig_1_0_998763 453042 468039 998763 -1 -1 12356 0.0404399
Chain
	Aln	1	+HG003_ont_1251_start_19129 1 14972 15000 -edge_1_0_+disjointig_1_0_998763 18250 33221 998763 -1 -1 12509 0.0395244
Chain
	Aln	0	-HG003_ont_1251_start_19129 27 14998 15000 +edge_1_0_+disjointig_1_0_998763 965541 980512 998763 -1 -1 12509 0.0395244
Chain
	Aln	1	+HG003_ont_1250_start_202986 1 14991 15000 -edge_1_0_+disjointig_1_0_998763 202107 217097 998763 -1 -1 12140 0.0401012
Chain
	Aln	0	-HG003_ont_1250_start_202986 8 14998 15000 +edge_1_0_+disjointig_1_0_998763 781665 796655 998763 -1 -1 12140 0.0401012
Chain
	Aln	1	+HG003_ont_1252_start_91355 2 14998 15000 -edge_1_0_+disjointig_1_0_998763 90477 105473 998763 -1 -1 12248 0.0407802
Chain
	Aln	0	-HG003_ont_1252_start_91355 1 14997 15000 +edge_1_0_+disjointig_1_0_998763 893289 908285 998763 -1 -1 12248 0.0407802
Chain
	Aln	1	+HG003_ont_1253_start_730437 1 14967 15000 -edge_1_0_+disjointig_1_0_998763 729558 744524 998763 -1 -1 12139 0.0445295
Chain
	Aln	0	-HG003_ont_1253_start_730437 32 14998 15000 +edge_1_0_+disjointig_1_0_998763 254238 269204 998763 -1 -1 12139 0.0445295
Chain
	Aln	1	+HG003_ont_1255_start_886017 17 14998 15000 -edge_1_0_+disjointig_1_0_998763 885154 900135 998763 -1 -1 12181 0.0413762
Chain
	Aln	0	-HG003_ont_1255_start_886017 1 14982 15000 +edge_1_0_+disjointig_1_0_998763 98627 113608 998763 -1 -1 12181 0.0413762
Chain
	Aln	1	+HG003_ont_1254_start_14881 24 14998 15000 -edge_1_0_+disjointig_1_0_998763 14025 28999 998763 -1 -1 12323 0.0403574
Chain
	Aln	0	-HG003_ont_1254_start_14881 1 14975 15000 +edge_1_0_+disjointig_1_0_998763 969763 984737 998763 -1 -1 12323 0.0403574
Chain
	Aln	1	+HG003_ont_1256_start_467895 12 14991 15000 -edge_1_0_+disjointig_1_0_998763 467027 482006 998763 -1 -1 12667 0.036221
Chain
	Aln	0	-HG003_ont_1256_start_467895 8 14987 15000 +edge_1_0_+disjointig_1_0_998763 516756 531735 998763 -1 -1 12667 0.036221
Chain
	Aln	1	+HG003_ont_1257_start_643334 3 14989 15000 -edge_1_0_+disjointig_1_0_998763 642457 657443 998763 -1 -1 12365 0.0403266
Chain
	Aln	0	-HG003_ont_1257_start_643334 10 14996 15000 +edge_1_0_+disjointig_1_0_998763 341319 356305 998763 -1 -1 12365 0.0403266
Chain
	Aln	1	+HG003_ont_1258_start_298406 23 14998 15000 -edge_1_0_+disjointig_1_0_998763 297549 312524 998763 -1 -1 12011 0.0436337
Chain
	Aln	0	-HG003_ont_1258_start_298406 1 14976 15000 +edge_1_0_+disjointig_1_0_998763 686238 701213 998763 -1 -1 12011 0.0436337
Chain
	Aln	1	+HG003_ont_1259_start_116430 6 14998 15000 -edge_1_0_+disjointig_1_0_998763 115556 130548 998763 -1 -1 11787 0.044364
Chain
	Aln	0	-HG003_ont_1259_start_116430 1 14993 15000 +edge_1_0_+disjointig_1_0_998763 868214 883206 998763 -1 -1 11787 0.044364
Chain
	Aln	1	+HG003_ont_1260_start_638313 5 14998 15000 -edge_1_0_+disjointig_1_0_998763 637438 652431 998763 -1 -1 12216 0.040643
Chain
	Aln	0	-HG003_ont_1260_start_638313 1 14994 15000 +edge_1_0_+disjointig_1_0_998763 346331 361324 998763 -1 -1 12216 0.040643
Chain
	Aln	1	+HG003_ont_1261_start_905338 1 14998 15000 -edge_1_0_+disjointig_1_0_998763 904459 919456 998763 -1 -1 12516 0.0399428
Chain
	Aln	0	-HG003_ont_1261_start_905338 1 14998 15000 +edge_1_0_+disjointig_1_0_998763 79306 94303 998763 -1 -1 12516 0.0399428
Chain
	Aln	1	+HG003_ont_1262_start_313252 19 14998 15000 -edge_1_0_+disjointig_1_0_998763 312391 327370 998763 -1 -1 12273 0.0417824
Chain
	Aln	0	-HG003_ont_1262_start_313252 1 14980 15000 +edge_1_0_+disjointig_1_0_998763 671392 686371 998763 -1 -1 12273 0.0417824
Chain
	Aln	1	+HG003_ont_1263_start_455705 6 14998 15000 -edge_1_0_+disjointig_1_0_998763 454831 469823 998763 -1 -1 12523 0.038043
Chain
	Aln	0	-HG003_ont_1263_start_455705 1 14993 15000 +edge_1_0_+disjointig_1_0_998763 528939 543931 998763 -1 -1 12523 0.038043
Chain
	Aln	1	+HG003_ont_1264_start_166176 1 14982 15000 -edge_1_0_+disjointig_1_0_998763 165297 180278 998763 -1 -1 12545 0.0380748
Chain
	Aln	0	-HG003_ont_1264_start_166176 17 14998 15000 +edge_1_0_+disjointig_1_0_998763 818484 833465 998763 -1 -1 12545 0.0380748
Chain
	Aln	1	+HG003_ont_1265_start_835175 25 14998 15000 -edge_1_0_+disjointig_1_0_998763 834320 849293 998763 -1 -1 12029 0.0446744
Chain
	Aln	0	-HG003_ont_1265_start_835175 1 14974 15000 +edge_1_0_+disjointig_1_0_998763 149469 164442 998763 -1 -1 12029 0.0446744
Chain
	Aln	1	+HG003_ont_1266_start_336280 15 14971 15000 -edge_1_0_+disjointig_1_0_998763 335415 350371 998763 -1 -1 12351 0.0382322
Chain
	Aln	0	-HG003_ont_1266_start_336280 28 14984 15000 +edge_1_0_+disjointig_1_0_998763 648391 663347 998763 -1 -1 12351 0.0382322
Chain
	Aln	1	+HG003_ont_1267_start_580062 16 14958 15000 -edge_1_0_+disjointig_1_0_998763 579198 594140 998763 -1 -1 12054 0.0434133
Chain
	Aln	0	-HG003_ont_1267_start_580062 41 14983 15000 +edge_1_0_+disjointig_1_0_998763 404622 419564 998763 -1 -1 12054 0.0434133
Chain
	Aln	1	+HG003_ont_1268_start_496967 4 14994 15000 -edge_1_0_+disjointig_1_0_998763 496091 511081 998763 -1 -1 12326 0.0405217
Chain
	Aln	0	-HG003_ont_1268_start_496967 5 14995 15000 +edge_1_0_+disjointig_1_0_998763 487681 502671 998763 -1 -1 12326 0.0405217
Chain
	Aln	1	+HG003_ont_1269_start_801345 14 14954 15000 -edge_1_0_+disjointig_1_0_998763 800479 815419 998763 -1 -1 12510 0.0405131
Chain
	Aln	0	-HG003_ont_1269_start_801345 45 14985 15000 +edge_1_0_+disjointig_1_0_998763 183343 198283 998763 -1 -1 12510 0.0405131
Chain
	Aln	1	+HG003_ont_1270_start_754938 0 14975 15000 -edge_1_0_+disjointig_1_0_998763 754058 769033 998763 -1 -1 12286 0.0432146
Chain
	Aln	0	-HG003_ont_1270_start_754938 24 14999 15000 +edge_1_0_+disjointig_1_0_998763 229729 244704 998763 -1 -1 12286 0.0432146
Chain
	Aln	1	+HG003_ont_1271_start_776935 12 14970 15000 -edge_1_0_+disjointig_1_0_998763 776067 791025 998763 -1 -1 12521 0.0388915
Chain
	Aln	0	-HG003_ont_1271_start_776935 29 14987 15000 +edge_1_0_+disjointig_1_0_998763 207737 222695 998763 -1 -1 12521 0.0388915
Chain
	Aln	1	+HG003_ont_1273_start_285408 18 14998 15000 -edge_1_0_+disjointig_1_0_998763 284546 299526 998763 -1 -1 12122 0.0419704
Chain
	Aln	0	-HG003_ont_1273_start_285408 1 14981 15000 +edge_1_0_+disjointig_1_0_998763 699236 714216 998763 -1 -1 12122 0.0419704
Chain
	Aln	1	+HG003_ont_1272_start_341146 8 14969 15000 -edge_1_0_+disjointig_1_0_998763 340274 355235 998763 -1 -1 12208 0.040205
Chain
	Aln	0	-HG003_ont_1272_start_341146 30 14991 15000 +edge_1_0_+disjointig_1_0_998763 643527 658488 998763 -1 -1 12208 0.040205
Chain
	Aln	1	+HG003_ont_1274_start_566489 12 14962 15000 -edge_1_0_+disjointig_1_0_998763 565621 580571 998763 -1 -1 12494 0.0401773
Chain
	Aln	0	-HG003_ont_1274_start_566489 37 14987 15000 +edge_1_0_+disjointig_1_0_998763 418191 433141 998763 -1 -1 12494 0.0401773
Chain
	Aln	1	+HG003_ont_1275_start_506580 5 14982 15000 -edge_1_0_+disjointig_1_0_998763 505705 520682 998763 -1 -1 12085 0.0409809
Chain
	Aln	0	-HG003_ont_1275_start_506580 17 14994 15000 +edge_1_0_+disjointig_1_0_998763 478080 493057 998763 -1 -1 12085 0.0409809
Chain
	Aln	1	+HG003_ont_1276_start_337386 11 14998 15000 -edge_1_0_+disjointig_1_0_998763 336517 351504 998763 -1 -1 11740 0.0469278
Chain
	Aln	0	-HG003_ont_1276_start_337386 1 14988 15000 +edge_1_0_+disjointig_1_0_998763 647258 662245 998763 -1 -1 11740 0.0469278
Chain
	Aln	1	+HG003_ont_1277_start_915422 0 14992 15000 -edge_1_0_+disjointig_1_0_998763 914542 929534 998763 -1 -1 12387 0.0413084
Chain
	Aln	0	-HG003_ont_1277_start_915422 7 14999 15000 +edge_1_0_+disjointig_1_0_998763 69228 84220 998763 -1 -1 12387 0.0413084
Chain
	Aln	1	+HG003_ont_1278_start_401030 20 14979 15000 -edge_1_0_+disjointig_1_0_998763 400170 415129 998763 -1 -1 11842 0.0440429
Chain
	Aln	0	-HG003_ont_1278_start_401030 20 14979 15000 +edge_1_0_+disjointig_1_0_998763 583633 598592 998763 -1 -1 11842 0.0440429
Chain
	Aln	1	+HG003_ont_1279_start_567609 44 14997 15000 -edge_1_0_+disjointig_1_0_998763 566773 581726 998763 -1 -1 12041 0.0418723
Chain
	Aln	0	-HG003_ont_1279_start_567609 2 14955 15000 +edge_1_0_+disjointig_1_0_998763 417036 431989 998763 -1 -1 12041 0.0418723
Chain
	Aln	1	+HG003_ont_1280_start_899630 1 14978 15000 -edge_1_0_+disjointig_1_0_998763 898751 913728 998763 -1 -1 12512 0.0392793
Chain
	Aln	0	-HG003_ont_1280_start_899630 21 14998 15000 +edge_1_0_+disjointig_1_0_998763 85034 100011 998763 -1 -1 12512 0.0392793
Chain
	Aln	1	+HG003_ont_1281_start_629394 1 14971 15000 -edge_1_0_+disjointig_1_0_998763 628515 643485 998763 -1 -1 12193 0.0422606
Chain
	Aln	0	-HG003_ont_1281_start_629394 28 14998 15000 +edge_1_0_+disjointig_1_0_998763 355277 370247 998763 -1 -1 12193 0.0422606
Chain
	Aln	1	+HG003_ont_1282_start_868939 0 14987 15000 -edge_1_0_+disjointig_1_0_998763 868059 883046 998763 -1 -1 12235 0.0418618
Chain
	Aln	0	-HG003_ont_1282_start_868939 12 14999 15000 +edge_1_0_+disjointig_1_0_998763 115716 130703 998763 -1 -1 12235 0.0418618
Chain
	Aln	1	+HG003_ont_1283_start_478548 7 14998 15000 -edge_1_0_+disjointig_1_0_998763 477675 492666 998763 -1 -1 12142 0.0422384
Chain
	Aln	0	-HG003_ont_1283_start_478548 1 14992 15000 +edge_1_0_+disjointig_1_0_998763 506096 521087 998763 -1 -1 12142 0.0422384
Chain
	Aln	1	+HG003_ont_1284_start_266401 16 14989 15000 -edge_1_0_+disjointig_1_0_998763 265537 280510 998763 -1 -1 11989 0.0426281
Chain
	Aln	0	-HG003_ont_1284_start_266401 10 14983 15000 +edge_1_0_+disjointig_1_0_998763 718252 733225 998763 -1 -1 11989 0.0426281
Chain
	Aln	1	+HG003_ont_1285_start_37785 1 14996 15000 -edge_1_0_+disjointig_1_0_998763 36906 51901 998763 -1 -1 12322 0.0388467
Chain
	Aln	0	-HG003_ont_1285_start_37785 3 14998 15000 +edge_1_0_+disjointig_1_0_998763 946861 961856 998763 -1 -1 12322 0.0388467
Chain
	Aln	1	+HG003_ont_1287_start_204053 1 14998 15000 -edge_1_0_+disjointig_1_0_998763 203174 218171 998763 -1 -1 12410 0.0378309
Chain
	Aln	0	-HG003_ont_1287_start_204053 1 14998 15000 +edge_1_0_+disjointig_1_0_998763 780591 795588 998763 -1 -1 12410 0.0378309
Chain
	Aln	1	+HG003_ont_1286_start_16564 12 14972 15000 -edge_1_0_+disjointig_1_0_998763 15696 30656 998763 -1 -1 12035 0.0425933
Chain
	Aln	0	-HG003_ont_1286_start_16564 27 14987 15000 +edge_1_0_+disjointig_1_0_998763 968106 983066 998763 -1 -1 12035 0.0425933
Chain
	Aln	1	+HG003_ont_1289_start_980454 19 14998 15000 -edge_1_0_+disjointig_1_0_998763 979593 994572 998763 -1 -1 11972 0.0451785
Chain
	Aln	0	-HG003_ont_1289_start_980454 1 14980 15000 +edge_1_0_+disjointig_1_0_998763 4190 19169 998763 -1 -1 11972 0.0451785
Chain
	Aln	1	+HG003_ont_1288_start_70689 1 14998 15000 -edge_1_0_+disjointig_1_0_998763 69810 84807 998763 -1 -1 12467 0.0394575
Chain
	Aln	0	-HG003_ont_1288_start_70689 1 14998 15000 +edge_1_0_+disjointig_1_0_998763 913955 928952 998763 -1 -1 12467 0.0394575
Chain
	Aln	1	+HG003_ont_1291_start_369751 1 14998 15000 -edge_1_0_+disjointig_1_0_998763 368872 383869 998763 -1 -1 12514 0.039588
Chain
	Aln	0	-HG003_ont_1291_start_369751 1 14998 15000 +edge_1_0_+disjointig_1_0_998763 614893 629890 998763 -1 -1 12514 0.039588
Chain
	Aln	1	+HG003_ont_1290_start_355811 1 14998 15000 -edge_1_0_+disjointig_1_0_998763 354932 369929 998763 -1 -1 12379 0.0416457
Chain
	Aln	0	-HG003_ont_1290_start_355811 1 14998 15000 +edge_1_0_+disjointig_1_0_998763 628833 643830 998763 -1 -1 12379 0.0416457
Chain
	Aln	1	+HG003_ont_1292_start_584819 1 14976 15000 -edge_1_0_+disjointig_1_0_998763 583940 598915 998763 -1 -1 12333 0.0405332
Chain
	Aln	0	-HG003_ont_1292_start_584819 23 14998 15000 +edge_1_0_+disjointig_1_0_998763 399847 414822 998763 -1 -1 12333 0.0405332
Chain
	Aln	1	+HG003_ont_1293_start_301434 1 14977 15000 -edge_1_0_+disjointig_1_0_998763 300555 315531 998763 -1 -1 12112 0.0435964
Chain
	Aln	0	-HG003_ont_1293_start_301434 22 14998 15000 +edge_1_0_+disjointig_1_0_998763 683231 698207 998763 -1 -1 12112 0.0435964
Chain
	Aln	1	+HG003_ont_1294_start_882249 1 14944 15000 -edge_1_0_+disjointig_1_0_998763 881370 896313 998763 -1 -1 12196 0.0433021
Chain
	Aln	0	-HG003_ont_1294_start_882249 55 14998 15000 +edge_1_0_+disjointig_1_0_998763 102449 117392 998763 -1 -1 12196 0.0433021
Chain
	Aln	1	+HG003_ont_1295_start_308129 39 14998 15000 -edge_1_0_+disjointig_1_0_998763 307288 322247 998763 -1 -1 12523 0.0392469
Chain
	Aln	0	-HG003_ont_1295_start_308129 1 14960 15000 +edge_1_0_+disjointig_1_0_998763 676515 691474 998763 -1 -1 12523 0.0392469
Chain
	Aln	1	+HG003_ont_1297_start_590948 1 14992 15000 -edge_1_0_+disjointig_1_0_998763 590069 605060 998763 -1 -1 12155 0.0404866
Chain
	Aln	0	-HG003_ont_1297_start_590948 7 14998 15000 +edge_1_0_+disjointig_1_0_998763 393702 408693 998763 -1 -1 12155 0.0404866
Chain
	Aln	1	+HG003_ont_1296_start_19164 1 14998 15000 -edge_1_0_+disjointig_1_0_998763 18285 33282 998763 -1 -1 12323 0.0410752
Chain
	Aln	0	-HG003_ont_1296_start_19164 1 14998 15000 +edge_1_0_+disjointig_1_0_998763 965480 980477 998763 -1 -1 12323 0.0410752
Chain
	Aln	1	+HG003_ont_1298_start_425831 6 14991 15000 -edge_1_0_+disjointig_1_0_998763 424957 439942 998763 -1 -1 12069 0.0426753
Chain
	Aln	0	-HG003_ont_1298_start_425831 8 14993 15000 +edge_1_0_+disjointig_1_0_998763 558820 573805 998763 -1 -1 12069 0.0426753
Chain
	Aln	1	+HG003_ont_1299_start_466157 15 14987 15000 -edge_1_0_+disjointig_1_0_998763 465292 480264 998763 -1 -1 12325 0.0430147
Chain
	Aln	0	-HG003_ont_1299_start_466157 12 14984 15000 +edge_1_0_+disjointig_1_0_998763 518498 533470 998763 -1 -1 12325 0.0430147
Chain
	Aln	1	+HG003_ont_1300_start_284163 1 14998 15000 -edge_1_0_+disjointig_1_0_998763 283284 298281 998763 -1 -1 12455 0.038333
Chain
	Aln	0	-HG003_ont_1300_start_284163 1 14998 15000 +edge_1_0_+disjointig_1_0_998763 700481 715478 998763 -1 -1 12455 0.038333
Chain
	Aln	1	+HG003_ont_1301_start_65486 12 14984 15000 -edge_1_0_+disjointig_1_0_998763 64618 79590 998763 -1 -1 11981 0.0438699
Chain
	Aln	0	-HG003_ont_1301_start_65486 15 14987 15000 +edge_1_0_+disjointig_1_0_998763 919172 934144 998763 -1 -1 11981 0.0438699
Chain
	Aln	1	+HG003_ont_1303_start_456454 1 14983 15000 -edge_1_0_+disjointig_1_0_998763 455575 470557 998763 -1 -1 12715 0.0371706
Chain
	Aln	0	-HG003_ont_1303_start_456454 16 14998 15000 +edge_1_0_+disjointig_1_0_998763 528205 543187 998763 -1 -1 12715 0.0371706
Chain
	Aln	1	+HG003_ont_1304_start_514626 6 14968 15000 -edge_1_0_+disjointig_1_0_998763 513752 528714 998763 -1 -1 12143 0.0435497
Chain
	Aln	0	-HG003_ont_1304_start_514626 31 14993 15000 +edge_1_0_+disjointig_1_0_998763 470048 485010 998763 -1 -1 12143 0.0435497
Chain
	Aln	1	+HG003_ont_1306_start_521187 0 14998 15000 -edge_1_0_+disjointig_1_0_998763 520307 535305 998763 -1 -1 12509 0.0429212
Chain
	Aln	0	-HG003_ont_1306_start_521187 1 14999 15000 +edge_1_0_+disjointig_1_0_998763 463457 478455 998763 -1 -1 12509 0.0429212
Chain
	Aln	1	+HG003_ont_1305_start_498058 1 14998 15000 -edge_1_0_+disjointig_1_0_998763 497179 512176 998763 -1 -1 12702 0.0370893
Chain
	Aln	0	-HG003_ont_1305_start_498058 1 14998 15000 +edge_1_0_+disjointig_1_0_998763 486586 501583 998763 -1 -1 12702 0.0370893
Chain
	Aln	1	+HG003_ont_1302_start_228882 1 14994 15000 -edge_1_0_+disjointig_1_0_998763 228003 242996 998763 -1 -1 12365 0.0429016
Chain
	Aln	0	-HG003_ont_1302_start_228882 5 14998 15000 +edge_1_0_+disjointig_1_0_998763 755766 770759 998763 -1 -1 12365 0.0429016
Chain
	Aln	1	+HG003_ont_1307_start_555414 14 14998 15000 -edge_1_0_+disjointig_1_0_998763 554548 569532 998763 -1 -1 12098 0.0433483
Chain
	Aln	0	-HG003_ont_1307_start_555414 1 14985 15000 +edge_1_0_+disjointig_1_0_998763 429230 444214 998763 -1 -1 12098 0.0433483
Chain
	Aln	1	+HG003_ont_1308_start_147281 33 14961 15000 -edge_1_0_+disjointig_1_0_998763 146434 161362 998763 -1 -1 12066 0.0426054
Chain
	Aln	0	-HG003_ont_1308_start_147281 38 14966 15000 +edge_1_0_+disjointig_1_0_998763 837400 852328 998763 -1 -1 12066 0.0426054
Chain
	Aln	1	+HG003_ont_1309_start_741023 6 14979 15000 -edge_1_0_+disjointig_1_0_998763 740149 755122 998763 -1 -1 12240 0.0417668
Chain
	Aln	0	-HG003_ont_1309_start_741023 20 14993 15000 +edge_1_0_+disjointig_1_0_998763 243640 258613 998763 -1 -1 12240 0.0417668
Chain
	Aln	1	+HG003_ont_1310_start_360893 31 14966 15000 -edge_1_0_+disjointig_1_0_998763 360044 374979 998763 -1 -1 12250 0.0386716
Chain
	Aln	0	-HG003_ont_1310_start_360893 33 14968 15000 +edge_1_0_+disjointig_1_0_998763 623783 638718 998763 -1 -1 12250 0.0386716
Chain
	Aln	1	+HG003_ont_1311_start_886049 0 14982 15000 -edge_1_0_+disjointig_1_0_998763 885169 900151 998763 -1 -1 12519 0.0385154
Chain
	Aln	0	-HG003_ont_1311_start_886049 17 14999 15000 +edge_1_0_+disjointig_1_0_998763 98611 113593 998763 -1 -1 12519 0.0385154
Chain
	Aln	1	+HG003_ont_1312_start_135034 14 14998 15000 -edge_1_0_+disjointig_1_0_998763 134168 149152 998763 -1 -1 12500 0.0412691
Chain
	Aln	0	-HG003_ont_1312_start_135034 1 14985 15000 +edge_1_0_+disjointig_1_0_998763 849610 864594 998763 -1 -1 12500 0.0412691
Chain
	Aln	1	+HG003_ont_1313_start_461947 1 14998 15000 -edge_1_0_+disjointig_1_0_998763 461068 476065 998763 -1 -1 12486 0.0388242
Chain
	Aln	0	-HG003_ont_1313_start_461947 1 14998 15000 +edge_1_0_+disjointig_1_0_998763 522697 537694 998763 -1 -1 12486 0.0388242
Chain
	Aln	1	+HG003_ont_1314_start_118131 11 14998 15000 -edge_1_0_+disjointig_1_0_998763 117262 132249 998763 -1 -1 12092 0.0422388
Chain
	Aln	0	-HG003_ont_1314_start_118131 1 14988 15000 +edge_1_0_+disjointig_1_0_998763 866513 881500 998763 -1 -1 12092 0.0422388
Chain
	Aln	1	+HG003_ont_1315_start_237103 12 14981 15000 -edge_1_0_+disjointig_1_0_998763 236235 251204 998763 -1 -1 12502 0.0394474
Chain
	Aln	0	-HG003_ont_1315_start_237103 18 14987 15000 +edge_1_0_+disjointig_1_0_998763 747558 762527 998763 -1 -1 12502 0.0394474
Chain
	Aln	1	+HG003_ont_1316_start_496334 1 14986 15000 -edge_1_0_+disjointig_1_0_998763 495455 510440 998763 -1 -1 12512 0.040424
Chain
	Aln	0	-HG003_ont_1316_start_496334 13 14998 15000 +edge_1_0_+disjointig_1_0_998763 488322 503307 998763 -1 -1 12512 0.040424
Chain
	Aln	1	+HG003_ont_1317_start_556976 1 14998 15000 -edge_1_0_+disjointig_1_0_998763 556097 571094 998763 -1 -1 12352 0.0400977
Chain
	Aln	0	-HG003_ont_1317_start_556976 1 14998 15000 +edge_1_0_+disjointig_1_0_998763 427668 442665 998763 -1 -1 12352 0.0400977
Chain
	Aln	1	+HG003_ont_1318_start_773275 25 14998 15000 -edge_1_0_+disjointig_1_0_998763 772420 787393 998763 -1 -1 12395 0.0390572
Chain
	Aln	0	-HG003_ont_1318_start_773275 1 14974 15000 +edge_1_0_+disjointig_1_0_998763 211369 226342 998763 -1 -1 12395 0.0390572
Chain
	Aln	1	+HG003_ont_1319_start_168329 1 14998 15000 -edge_1_0_+disjointig_1_0_998763 167450 182447 998763 -1 -1 12232 0.0421815
Chain
	Aln	0	-HG003_ont_1319_start_168329 1 14998 15000 +edge_1_0_+disjointig_1_0_998763 816315 831312 998763 -1 -1 12232 0.0421815
Chain
	Aln	1	+HG003_ont_1320_start_93580 18 14998 15000 -edge_1_0_+disjointig_1_0_998763 92718 107698 998763 -1 -1 12264 0.040592
Chain
	Aln	0	-HG003_ont_1320_start_93580 1 14981 15000 +edge_1_0_+disjointig_1_0_998763 891064 906044 998763 -1 -1 12264 0.040592
Chain
	Aln	1	+HG003_ont_1321_start_744790 2 14978 15000 -edge_1_0_+disjointig_1_0_998763 743912 758888 998763 -1 -1 12175 0.0406468
Chain
	Aln	0	-HG003_ont_1321_start_744790 21 14997 15000 +edge_1_0_+disjointig_1_0_998763 239874 254850 998763 -1 -1 12175 0.0406468
Chain
	Aln	1	+HG003_ont_1322_start_417001 21 14986 15000 -edge_1_0_+disjointig_1_0_998763 416142 431107 998763 -1 -1 12105 0.0419195
Chain
	Aln	0	-HG003_ont_1322_start_417001 13 14978 15000 +edge_1_0_+disjointig_1_0_998763 567655 582620 998763 -1 -1 12105 0.0419195
Chain
	Aln	1	+HG003_ont_1323_start_73307 1 14998 15000 -edge_1_0_+disjointig_1_0_998763 72428 87425 998763 -1 -1 12077 0.0461276
Chain
	Aln	0	-HG003_ont_1323_start_73307 1 14998 15000 +edge_1_0_+disjointig_1_0_998763 911337 926334 998763 -1 -1 12077 0.0461276
Chain
	Aln	1	+HG003_ont_1324_start_950390 0 14998 15000 -edge_1_0_+disjointig_1_0_998763 949510 964508 998763 -1 -1 12570 0.0370049
Chain
	Aln	0	-HG003_ont_1324_start_950390 1 14999 15000 +edge_1_0_+disjointig_1_0_998763 34254 49252 998763 -1 -1 12570 0.0370049
Chain
	Aln	1	+HG003_ont_1325_start_747749 2 14998 15000 -edge_1_0_+disjointig_1_0_998763 746871 761867 998763 -1 -1 12086 0.0448235
Chain
	Aln	0	-HG003_ont_1325_start_747749 1 14997 15000 +edge_1_0_+disjointig_1_0_998763 236895 251891 998763 -1 -1 12086 0.0448235
Chain
	Aln	1	+HG003_ont_1327_start_416975 14 14983 15000 -edge_1_0_+disjointig_1_0_998763 416109 431078 998763 -1 -1 12185 0.0406664
Chain
	Aln	0	-HG003_ont_1327_start_416975 16 14985 15000 +edge_1_0_+disjointig_1_0_998763 567684 582653 998763 -1 -1 12185 0.0406664
Chain
	Aln	1	+HG003_ont_1326_start_479286 5 14998 15000 -edge_1_0_+disjointig_1_0_998763 478411 493404 998763 -1 -1 12226 0.0414471
Chain
	Aln	0	-HG003_ont_1326_start_479286 1 14994 15000 +edge_1_0_+disjointig_1_0_998763 505358 520351 998763 -1 -1 12226 0.0414471
Chain
	Aln	1	+HG003_ont_1328_start_228438 1 14982 15000 -edge_1_0_+disjointig_1_0_998763 227559 242540 998763 -1 -1 12304 0.0414159
Chain
	Aln	0	-HG003_ont_1328_start_228438 17 14998 15000 +edge_1_0_+disjointig_1_0_998763 756222 771203 998763 -1 -1 12304 0.0414159
Chain
	Aln	1	+HG003_ont_1329_start_942372 0 14957 15000 -edge_1_0_+disjointig_1_0_998763 941492 956449 998763 -1 -1 12004 0.042964
Chain
	Aln	0	-HG003_ont_1329_start_942372 42 14999 15000 +edge_1_0_+disjointig_1_0_998763 42313 57270 998763 -1 -1 12004 0.042964
Chain
	Aln	1	+HG003_ont_1330_start_522867 16 14998 15000 -edge_1_0_+disjointig_1_0_998763 522003 536985 998763 -1 -1 12558 0.0381012
Chain
	Aln	0	-HG003_ont_1330_start_522867 1 14983 15000 +edge_1_0_+disjointig_1_0_998763 461777 476759 998763 -1 -1 12558 0.0381012
Chain
	Aln	1	+HG003_ont_1331_start_680626 2 14998 15000 -edge_1_0_+disjointig_1_0_998763 679748 694744 998763 -1 -1 12130 0.0420973
Chain
	Aln	0	-HG003_ont_1331_start_680626 1 14997 15000 +edge_1_0_+disjointig_1_0_998763 304018 319014 998763 -1 -1 12130 0.0420973
Chain
	Aln	1	+HG003_ont_1332_start_894722 0 14998 15000 -edge_1_0_+disjointig_1_0_998763 893842 908840 998763 -1 -1 12755 0.0376485
Chain
	Aln	0	-HG003_ont_1332_start_894722 1 14999 15000 +edge_1_0_+disjointig_1_0_998763 89922 104920 998763 -1 -1 12755 0.0376485
Chain
	Aln	1	+HG003_ont_1333_start_469206 0 14991 15000 -edge_1_0_+disjointig_1_0_998763 468326 483317 998763 -1 -1 12289 0.0395722
Chain
	Aln	0	-HG003_ont_1333_start_469206 8 14999 15000 +edge_1_0_+disjointig_1_0_998763 515445 530436 998763 -1 -1 12289 0.0395722
Chain
	Aln	1	+HG003_ont_1334_start_672802 1 14998 15000 -edge_1_0_+disjointig_1_0_998763 671923 686920 998763 -1 -1 12242 0.0422298
Chain
	Aln	0	-HG003_ont_1334_start_672802 1 14998 15000 +edge_1_0_+disjointig_1_0_998763 311842 326839 998763 -1 -1 12242 0.0422298
Chain
	Aln	1	+HG003_ont_1335_start_312029 13 14953 15000 -edge_1_0_+disjointig_1_0_998763 311162 326102 998763 -1 -1 12189 0.0412785
Chain
	Aln	0	-HG003_ont_1335_start_312029 46 14986 15000 +edge_1_0_+disjointig_1_0_998763 672660 687600 998763 -1 -1 12189 0.0412785
Chain
	Aln	1	+HG003_ont_1336_start_429298 38 14966 15000 -edge_1_0_+disjointig_1_0_998763 428456 443384 998763 -1 -1 12252 0.0394862
Chain
	Aln	0	-HG003_ont_1336_start_429298 33 14961 15000 +edge_1_0_+disjointig_1_0_998763 555378 570306 998763 -1 -1 12252 0.0394862
Chain
	Aln	1	+HG003_ont_1337_start_428332 1 14993 15000 -edge_1_0_+disjointig_1_0_998763 427453 442445 998763 -1 -1 12438 0.0416659
Chain
	Aln	0	-HG003_ont_1337_start_428332 6 14998 15000 +edge_1_0_+disjointig_1_0_998763 556317 571309 998763 -1 -1 12438 0.0416659
Chain
	Aln	1	+HG003_ont_1338_start_419633 1 14998 15000 -edge_1_0_+disjointig_1_0_998763 418754 433751 998763 -1 -1 12274 0.041973
Chain
	Aln	0	-HG003_ont_1338_start_419633 1 14998 15000 +edge_1_0_+disjointig_1_0_998763 565011 580008 998763 -1 -1 12274 0.041973
Chain
	Aln	1	+HG003_ont_1339_start_557456 24 14998 15000 -edge_1_0_+disjointig_1_0_998763 556600 571574 998763 -1 -1 12126 0.0444019
Chain
	Aln	0	-HG003_ont_1339_start_557456 1 14975 15000 +edge_1_0_+disjointig_1_0_998763 427188 442162 998763 -1 -1 12126 0.0444019
Chain
	Aln	1	+HG003_ont_1340_start_230698 2 14984 15000 -edge_1_0_+disjointig_1_0_998763 229820 244802 998763 -1 -1 12300 0.0409454
Chain
	Aln	0	-HG003_ont_1340_start_230698 15 14997 15000 +edge_1_0_+disjointig_1_0_998763 753960 768942 998763 -1 -1 12300 0.0409454
Chain
	Aln	1	+HG003_ont_1341_start_804876 5 14998 15000 -edge_1_0_+disjointig_1_0_998763 804001 818994 998763 -1 -1 12269 0.0418693
Chain
	Aln	0	-HG003_ont_1341_start_804876 1 14994 15000 +edge_1_0_+disjointig_1_0_998763 179768 194761 998763 -1 -1 12269 0.0418693
Chain
	Aln	1	+HG003_ont_1342_start_807188 6 14998 15000 -edge_1_0_+disjointig_1_0_998763 806314 821306 998763 -1 -1 12120 0.0402645
Chain
	Aln	0	-HG003_ont_1342_start_807188 1 14993 15000 +edge_1_0_+disjointig_1_0_998763 177456 192448 998763 -1 -1 12120 0.0402645
Chain
	Aln	1	+HG003_ont_1343_start_534991 3 14991 15000 -edge_1_0_+disjointig_1_0_998763 534114 549102 998763 -1 -1 12496 0.0393225
Chain
	Aln	0	-HG003_ont_1343_start_534991 8 14996 15000 +edge_1_0_+disjointig_1_0_998763 449660 464648 998763 -1 -1 12496 0.0393225
Chain
	Aln	1	+HG003_ont_1345_start_217953 0 14984 15000 -edge_1_0_+disjointig_1_0_998763 217073 232057 998763 -1 -1 12121 0.0408509
Chain
	Aln	0	-HG003_ont_1345_start_217953 15 14999 15000 +edge_1_0_+disjointig_1_0_998763 766705 781689 998763 -1 -1 12121 0.0408509
Chain
	Aln	1	+HG003_ont_1344_start_364657 1 14992 15000 -edge_1_0_+disjointig_1_0_998763 363778 378769 998763 -1 -1 12612 0.0386945
Chain
	Aln	0	-HG003_ont_1344_start_364657 7 14998 15000 +edge_1_0_+disjointig_1_0_998763 619993 634984 998763 -1 -1 12612 0.0386945
Chain
	Aln	1	+HG003_ont_1346_start_883395 4 14986 15000 -edge_1_0_+disjointig_1_0_998763 882519 897501 998763 -1 -1 12130 0.0428178
Chain
	Aln	0	-HG003_ont_1346_start_883395 13 14995 15000 +edge_1_0_+disjointig_1_0_998763 101261 116243 998763 -1 -1 12130 0.0428178
Chain
	Aln	1	+HG003_ont_1347_start_231539 1 14998 15000 -edge_1_0_+disjointig_1_0_998763 230660 245657 998763 -1 -1 12444 0.040253
Chain
	Aln	0	-HG003_ont_1347_start_231539 1 14998 15000 +edge_1_0_+disjointig_1_0_998763 753105 768102 998763 -1 -1 12444 0.040253
Chain
	Aln	1	+HG003_ont_1349_start_879631 27 14989 15000 -edge_1_0_+disjointig_1_0_998763 878778 893740 998763 -1 -1 11990 0.043492
Chain
	Aln	0	-HG003_ont_1349_start_879631 10 14972 15000 +edge_1_0_+disjointig_1_0_998763 105022 119984 998763 -1 -1 11990 0.043492
Chain
	Aln	1	+HG003_ont_1350_start_532926 16 14998 15000 -edge_1_0_+disjointig_1_0_998763 532062 547044 998763 -1 -1 12487 0.0383946
Chain
	Aln	0	-HG003_ont_1350_start_532926 1 14983 15000 +edge_1_0_+disjointig_1_0_998763 451718 466700 998763 -1 -1 12487 0.0383946
Chain
	Aln	1	+HG003_ont_1348_start_608844 5 14992 15000 -edge_1_0_+disjointig_1_0_998763 607969 622956 998763 -1 -1 12386 0.0380909
Chain
	Aln	0	-HG003_ont_1348_start_608844 7 14994 15000 +edge_1_0_+disjointig_1_0_998763 375806 390793 998763 -1 -1 12386 0.0380909
Chain
	Aln	1	+HG003_ont_1351_start_313536 17 14984 15000 -edge_1_0_+disjointig_1_0_998763 312673 327640 998763 -1 -1 12638 0.0366189
Chain
	Aln	0	-HG003_ont_1351_start_313536 15 14982 15000 +edge_1_0_+disjointig_1_0_998763 671122 686089 998763 -1 -1 12638 0.0366189
Chain
	Aln	1	+HG003_ont_1352_start_640418 63 14998 15000 -edge_1_0_+disjointig_1_0_998763 639601 654536 998763 -1 -1 12104 0.0410448
Chain
	Aln	0	-HG003_ont_1352_start_640418 1 14936 15000 +edge_1_0_+disjointig_1_0_998763 344226 359161 998763 -1 -1 12104 0.0410448
Chain
	Aln	1	+HG003_ont_1353_start_130996 1 14993 15000 -edge_1_0_+disjointig_1_0_998763 130117 145109 998763 -1 -1 12308 0.0411739
Chain
	Aln	0	-HG003_ont_1353_start_130996 6 14998 15000 +edge_1_0_+disjointig_1_0_998763 853653 868645 998763 -1 -1 12308 0.0411739
Chain
	Aln	1	+HG003_ont_1354_start_794318 4 14993 15000 -edge_1_0_+disjointig_1_0_998763 793442 808431 998763 -1 -1 12169 0.0407449
Chain
	Aln	0	-HG003_ont_1354_start_794318 6 14995 15000 +edge_1_0_+disjointig_1_0_998763 190331 205320 998763 -1 -1 12169 0.0407449
Chain
	Aln	1	+HG003_ont_1355_start_602298 33 14998 15000 -edge_1_0_+disjointig_1_0_998763 601451 616416 998763 -1 -1 12140 0.04254
Chain
	Aln	0	-HG003_ont_1355_start_602298 1 14966 15000 +edge_1_0_+disjointig_1_0_998763 382346 397311 998763 -1 -1 12140 0.04254
Chain
	Aln	1	+HG003_ont_1356_start_11556 1 14985 15000 -edge_1_0_+disjointig_1_0_998763 10677 25661 998763 -1 -1 12188 0.0394602
Chain
	Aln	0	-HG003_ont_1356_start_11556 14 14998 15000 +edge_1_0_+disjointig_1_0_998763 973101 988085 998763 -1 -1 12188 0.0394602
Chain
	Aln	1	+HG003_ont_1357_start_120823 14 14993 15000 -edge_1_0_+disjointig_1_0_998763 119957 134936 998763 -1 -1 12352 0.0407763
Chain
	Aln	0	-HG003_ont_1357_start_120823 6 14985 15000 +edge_1_0_+disjointig_1_0_998763 863826 878805 998763 -1 -1 12352 0.0407763
Chain
	Aln	1	+HG003_ont_1358_start_847196 18 14985 15000 -edge_1_0_+disjointig_1_0_998763 846334 861301 998763 -1 -1 11995 0.0436023
Chain
	Aln	0	-HG003_ont_1358_start_847196 14 14981 15000 +edge_1_0_+disjointig_1_0_998763 137461 152428 998763 -1 -1 11995 0.0436023
Chain
	Aln	1	+HG003_ont_1359_start_957836 14 14981 15000 -edge_1_0_+disjointig_1_0_998763 956970 971937 998763 -1 -1 12440 0.0376087
Chain
	Aln	0	-HG003_ont_1359_start_957836 18 14985 15000 +edge_1_0_+disjointig_1_0_998763 26825 41792 998763 -1 -1 12440 0.0376087
Chain
	Aln	1	+HG003_ont_1362_start_446635 13 14998 15000 -edge_1_0_+disjointig_1_0_998763 445768 460753 998763 -1 -1 12067 0.0410281
Chain
	Aln	0	-HG003_ont_1362_start_446635 1 14986 15000 +edge_1_0_+disjointig_1_0_998763 538009 552994 998763 -1 -1 12067 0.0410281
Chain
	Aln	1	+HG003_ont_1360_start_841716 17 14998 15000 -edge_1_0_+disjointig_1_0_998763 840853 855834 998763 -1 -1 12245 0.0390124
Chain
	Aln	0	-HG003_ont_1360_start_841716 1 14982 15000 +edge_1_0_+disjointig_1_0_998763 142928 157909 998763 -1 -1 12245 0.0390124
Chain
	Aln	1	+HG003_ont_1361_start_188898 5 14964 15000 -edge_1_0_+disjointig_1_0_998763 188023 202982 998763 -1 -1 12406 0.0383118
Chain
	Aln	0	-HG003_ont_1361_start_188898 35 14994 15000 +edge_1_0_+disjointig_1_0_998763 795780 810739 998763 -1 -1 12406 0.0383118
Chain
	Aln	1	+HG003_ont_1363_start_706880 1 14982 15000 -edge_1_0_+disjointig_1_0_998763 706001 720982 998763 -1 -1 12163 0.0412652
Chain
	Aln	0	-HG003_ont_1363_start_706880 17 14998 15000 +edge_1_0_+disjointig_1_0_998763 277780 292761 998763 -1 -1 12163 0.0412652
Chain
	Aln	1	+HG003_ont_1365_start_629535 16 14985 15000 -edge_1_0_+disjointig_1_0_998763 628671 643640 998763 -1 -1 12340 0.04033
Chain
	Aln	0	-HG003_ont_1365_start_629535 14 14983 15000 +edge_1_0_+disjointig_1_0_998763 355122 370091 998763 -1 -1 12340 0.04033
Chain
	Aln	1	+HG003_ont_1364_start_552405 3 14998 15000 -edge_1_0_+disjointig_1_0_998763 551528 566523 998763 -1 -1 12571 0.039634
Chain
	Aln	0	-HG003_ont_1364_start_552405 1 14996 15000 +edge_1_0_+disjointig_1_0_998763 432239 447234 998763 -1 -1 12571 0.039634
Chain
	Aln	1	+HG003_ont_1366_start_33825 1 14998 15000 -edge_1_0_+disjointig_1_0_998763 32946 47943 998763 -1 -1 12443 0.0385441
Chain
	Aln	0	-HG003_ont_1366_start_33825 1 14998 15000 +edge_1_0_+disjointig_1_0_998763 950819 965816 998763 -1 -1 12443 0.0385441
Chain
	Aln	1	+HG003_ont_1367_start_90032 1 14997 15000 -edge_1_0_+disjointig_1_0_998763 89153 104149 998763 -1 -1 12649 0.038314
Chain
	Aln	0	-HG003_ont_1367_start_90032 2 14998 15000 +edge_1_0_+disjointig_1_0_998763 894613 909609 998763 -1 -1 12649 0.038314
Chain
	Aln	1	+HG003_ont_1368_start_53391 1 14998 15000 -edge_1_0_+disjointig_1_0_998763 52512 67509 998763 -1 -1 12239 0.0401054
Chain
	Aln	0	-HG003_ont_1368_start_53391 1 14998 15000 +edge_1_0_+disjointig_1_0_998763 931253 946250 998763 -1 -1 12239 0.0401054
Chain
	Aln	1	+HG003_ont_1370_start_292585 12 14983 15000 -edge_1_0_+disjointig_1_0_998763 291717 306688 998763 -1 -1 12190 0.0422888
Chain
	Aln	0	-HG003_ont_1370_start_292585 16 14987 15000 +edge_1_0_+disjointig_1_0_998763 692074 707045 998763 -1 -1 12190 0.0422888
Chain
	Aln	1	+HG003_ont_1369_start_22299 1 14977 15000 -edge_1_0_+disjointig_1_0_998763 21420 36396 998763 -1 -1 12089 0.0432595
Chain
	Aln	0	-HG003_ont_1369_start_22299 22 14998 15000 +edge_1_0_+disjointig_1_0_998763 962366 977342 998763 -1 -1 12089 0.0432595
Chain
	Aln	1	+HG003_ont_1371_start_261987 1 14998 15000 -edge_1_0_+disjointig_1_0_998763 261108 276105 998763 -1 -1 12552 0.0401598
Chain
	Aln	0	-HG003_ont_1371_start_261987 1 14998 15000 +edge_1_0_+disjointig_1_0_998763 722657 737654 998763 -1 -1 12552 0.0401598
Chain
	Aln	1	+HG003_ont_1374_start_698298 11 14998 15000 -edge_1_0_+disjointig_1_0_998763 697429 712416 998763 -1 -1 12274 0.0397954
Chain
	Aln	0	-HG003_ont_1374_start_698298 1 14988 15000 +edge_1_0_+disjointig_1_0_998763 286346 301333 998763 -1 -1 12274 0.0397954
Chain
	Aln	1	+HG003_ont_1375_start_447218 1 14970 15000 -edge_1_0_+disjointig_1_0_998763 446339 461308 998763 -1 -1 11803 0.0465875
Chain
	Aln	0	-HG003_ont_1375_start_447218 29 14998 15000 +edge_1_0_+disjointig_1_0_998763 537454 552423 998763 -1 -1 11803 0.0465875
Chain
	Aln	1	+HG003_ont_1373_start_137535 14 14998 15000 -edge_1_0_+disjointig_1_0_998763 136669 151653 998763 -1 -1 12063 0.0444328
Chain
	Aln	0	-HG003_ont_1373_start_137535 1 14985 15000 +edge_1_0_+disjointig_1_0_998763 847109 862093 998763 -1 -1 12063 0.0444328
Chain
	Aln	1	+HG003_ont_1372_start_641352 1 14998 15000 -edge_1_0_+disjointig_1_0_998763 640473 655470 998763 -1 -1 12515 0.0405727
Chain
	Aln	0	-HG003_ont_1372_start_641352 1 14998 15000 +edge_1_0_+disjointig_1_0_998763 343292 358289 998763 -1 -1 12515 0.0405727
Chain
	Aln	1	+HG003_ont_1376_start_347656 1 14998 15000 -edge_1_0_+disjointig_1_0_998763 346777 361774 998763 -1 -1 12287 0.0417413
Chain
	Aln	0	-HG003_ont_1376_start_347656 1 14998 15000 +edge_1_0_+disjointig_1_0_998763 636988 651985 998763 -1 -1 12287 0.0417413
Chain
	Aln	1	+HG003_ont_1377_start_252049 1 14984 15000 -edge_1_0_+disjointig_1_0_998763 251170 266153 998763 -1 -1 12475 0.0383684
Chain
	Aln	0	-HG003_ont_1377_start_252049 15 14998 15000 +edge_1_0_+disjointig_1_0_998763 732609 747592 998763 -1 -1 12475 0.0383684
Chain
	Aln	1	+HG003_ont_1378_start_60607 5 14998 15000 -edge_1_0_+disjointig_1_0_998763 59732 74725 998763 -1 -1 11819 0.0446355
Chain
	Aln	0	-HG003_ont_1378_start_60607 1 14994 15000 +edge_1_0_+disjointig_1_0_998763 924037 939030 998763 -1 -1 11819 0.0446355
Chain
	Aln	1	+HG003_ont_1379_start_178814 3 14998 15000 -edge_1_0_+disjointig_1_0_998763 177937 192932 998763 -1 -1 12248 0.0429502
Chain
	Aln	0	-HG003_ont_1379_start_178814 1 14996 15000 +edge_1_0_+disjointig_1_0_998763 805830 820825 998763 -1 -1 12248 0.0429502
Chain
	Aln	1	+HG003_ont_1380_start_320874 1 14998 15000 -edge_1_0_+disjointig_1_0_998763 319995 334992 998763 -1 -1 12209 0.0394728
Chain
	Aln	0	-HG003_ont_1380_start_320874 1 14998 15000 +edge_1_0_+disjointig_1_0_998763 663770 678767 998763 -1 -1 12209 0.0394728
Chain
	Aln	1	+HG003_ont_1381_start_237420 1 14990 15000 -edge_1_0_+disjointig_1_0_998763 236541 251530 998763 -1 -1 12196 0.0412887
Chain
	Aln	0	-HG003_ont_1381_start_237420 9 14998 15000 +edge_1_0_+disjointig_1_0_998763 747232 762221 998763 -1 -1 12196 0.0412887
Chain
	Aln	1	+HG003_ont_1383_start_248873 30 14981 15000 -edge_1_0_+disjointig_1_0_998763 248023 262974 998763 -1 -1 12511 0.0404232
Chain
	Aln	0	-HG003_ont_1383_start_248873 18 14969 15000 +edge_1_0_+disjointig_1_0_998763 735788 750739 998763 -1 -1 12511 0.0404232
Chain
	Aln	1	+HG003_ont_1382_start_293369 17 14998 15000 -edge_1_0_+disjointig_1_0_998763 292506 307487 998763 -1 -1 12323 0.0396407
Chain
	Aln	0	-HG003_ont_1382_start_293369 1 14982 15000 +edge_1_0_+disjointig_1_0_998763 691275 706256 998763 -1 -1 12323 0.0396407
Chain
	Aln	1	+HG003_ont_1384_start_142800 1 14997 15000 -edge_1_0_+disjointig_1_0_998763 141921 156917 998763 -1 -1 11949 0.0439641
Chain
	Aln	0	-HG003_ont_1384_start_142800 2 14998 15000 +edge_1_0_+disjointig_1_0_998763 841845 856841 998763 -1 -1 11949 0.0439641
Chain
	Aln	1	+HG003_ont_1385_start_97249 35 14975 15000 -edge_1_0_+disjointig_1_0_998763 96404 111344 998763 -1 -1 12371 0.0408512
Chain
	Aln	0	-HG003_ont_1385_start_97249 24 14964 15000 +edge_1_0_+disjointig_1_0_998763 887418 902358 998763 -1 -1 12371 0.0408512
Chain
	Aln	1	+HG003_ont_1386_start_120620 1 14998 15000 -edge_1_0_+disjointig_1_0_998763 119741 134738 998763 -1 -1 12416 0.0407214
Chain
	Aln	0	-HG003_ont_1386_start_120620 1 14998 15000 +edge_1_0_+disjointig_1_0_998763 864024 879021 998763 -1 -1 12416 0.0407214
Chain
	Aln	1	+HG003_ont_1387_start_287925 36 14987 15000 -edge_1_0_+disjointig_1_0_998763 287081 302032 998763 -1 -1 12168 0.0374267
Chain
	Aln	0	-HG003_ont_1387_start_287925 12 14963 15000 +edge_1_0_+disjointig_1_0_998763 696730 711681 998763 -1 -1 12168 0.0374267
Chain
	Aln	1	+HG003_ont_1388_start_396516 9 14976 15000 -edge_1_0_+disjointig_1_0_998763 395645 410612 998763 -1 -1 12517 0.037631
Chain
	Aln	0	-HG003_ont_1388_start_396516 23 14990 15000 +edge_1_0_+disjointig_1_0_998763 588150 603117 998763 -1 -1 12517 0.037631
Chain
	Aln	1	+HG003_ont_1389_start_342333 1 14998 15000 -edge_1_0_+disjointig_1_0_998763 341454 356451 998763 -1 -1 12384 0.03985
Chain
	Aln	0	-HG003_ont_1389_start_342333 1 14998 15000 +edge_1_0_+disjointig_1_0_998763 642311 657308 998763 -1 -1 12384 0.03985
Chain
	Aln	1	+HG003_ont_1391_start_398981 3 14972 15000 -edge_1_0_+disjointig_1_0_998763 398104 413073 998763 -1 -1 12268 0.0410205
Chain
	Aln	0	-HG003_ont_1391_start_398981 27 14996 15000 +edge_1_0_+disjointig_1_0_998763 585689 600658 998763 -1 -1 12268 0.0410205
Chain
	Aln	1	+HG003_ont_1390_start_54074 13 14998 15000 -edge_1_0_+disjointig_1_0_998763 53207 68192 998763 -1 -1 12671 0.0371529
Chain
	Aln	0	-HG003_ont_1390_start_54074 1 14986 15000 +edge_1_0_+disjointig_1_0_998763 930570 945555 998763 -1 -1 12671 0.0371529
Chain
	Aln	1	+HG003_ont_1392_start_722103 1 14998 15000 -edge_1_0_+disjointig_1_0_998763 721224 736221 998763 -1 -1 12250 0.0432028
Chain
	Aln	0	-HG003_ont_1392_start_722103 1 14998 15000 +edge_1_0_+disjointig_1_0_998763 262541 277538 998763 -1 -1 12250 0.0432028
Chain
	Aln	1	+HG003_ont_1393_start_754706 0 14998 15000 -edge_1_0_+disjointig_1_0_998763 753826 768824 998763 -1 -1 12466 0.0378945
Chain
	Aln	0	-HG003_ont_1393_start_754706 1 14999 15000 +edge_1_0_+disjointig_1_0_998763 229938 244936 998763 -1 -1 12466 0.0378945
Chain
	Aln	1	+HG003_ont_1394_start_613453 1 14981 15000 -edge_1_0_+disjointig_1_0_998763 612574 627554 998763 -1 -1 12194 0.0424209
Chain
	Aln	0	-HG003_ont_1394_start_613453 18 14998 15000 +edge_1_0_+disjointig_1_0_998763 371208 386188 998763 -1 -1 12194 0.0424209
Chain
	Aln	1	+HG003_ont_1395_start_195023 29 14998 15000 -edge_1_0_+disjointig_1_0_998763 194172 209141 998763 -1 -1 12007 0.0427261
Chain
	Aln	0	-HG003_ont_1395_start_195023 1 14970 15000 +edge_1_0_+disjointig_1_0_998763 789621 804590 998763 -1 -1 12007 0.0427261
Chain
	Aln	1	+HG003_ont_1396_start_441351 10 14976 15000 -edge_1_0_+disjointig_1_0_998763 440481 455447 998763 -1 -1 12098 0.0430157
Chain
	Aln	0	-HG003_ont_1396_start_441351 23 14989 15000 +edge_1_0_+disjointig_1_0_998763 543315 558281 998763 -1 -1 12098 0.0430157
Chain
	Aln	1	+HG003_ont_1398_start_369951 8 14998 15000 -edge_1_0_+disjointig_1_0_998763 369079 384069 998763 -1 -1 12214 0.0415307
Chain
	Aln	0	-HG003_ont_1398_start_369951 1 14991 15000 +edge_1_0_+disjointig_1_0_998763 614693 629683 998763 -1 -1 12214 0.0415307
Chain
	Aln	1	+HG003_ont_1397_start_608009 2 14998 15000 -edge_1_0_+disjointig_1_0_998763 607131 622127 998763 -1 -1 12119 0.0412924
Chain
	Aln	0	-HG003_ont_1397_start_608009 1 14997 15000 +edge_1_0_+disjointig_1_0_998763 376635 391631 998763 -1 -1 12119 0.0412924
Chain
	Aln	1	+HG003_ont_1399_start_773840 1 14977 15000 -edge_1_0_+disjointig_1_0_998763 772961 787937 998763 -1 -1 12432 0.0408903
Chain
	Aln	0	-HG003_ont_1399_start_773840 22 14998 15000 +edge_1_0_+disjointig_1_0_998763 210825 225801 998763 -1 -1 12432 0.0408903
Chain
	Aln	1	+HG003_ont_1400_start_256472 1 14998 15000 -edge_1_0_+disjointig_1_0_998763 255593 270590 998763 -1 -1 12249 0.0417891
Chain
	Aln	0	-HG003_ont_1400_start_256472 1 14998 15000 +edge_1_0_+disjointig_1_0_998763 728172 743169 998763 -1 -1 12249 0.0417891
Chain
	Aln	1	+HG003_ont_1401_start_163863 20 14998 15000 -edge_1_0_+disjointig_1_0_998763 163003 177981 998763 -1 -1 12417 0.0400154
Chain
	Aln	0	-HG003_ont_1401_start_163863 1 14979 15000 +edge_1_0_+disjointig_1_0_998763 820781 835759 998763 -1 -1 12417 0.0400154
Chain
	Aln	1	+HG003_ont_1402_start_879586 1 14984 15000 -edge_1_0_+disjointig_1_0_998763 878707 893690 998763 -1 -1 12200 0.0440873
Chain
	Aln	0	-HG003_ont_1402_start_879586 15 14998 15000 +edge_1_0_+disjointig_1_0_998763 105072 120055 998763 -1 -1 12200 0.0440873
Chain
	Aln	1	+HG003_ont_1403_start_503682 1 14998 15000 -edge_1_0_+disjointig_1_0_998763 502803 517800 998763 -1 -1 12224 0.0416059
Chain
	Aln	0	-HG003_ont_1403_start_503682 1 14998 15000 +edge_1_0_+disjointig_1_0_998763 480962 495959 998763 -1 -1 12224 0.0416059
Chain
	Aln	1	+HG003_ont_1404_start_204905 3 14998 15000 -edge_1_0_+disjointig_1_0_998763 204028 219023 998763 -1 -1 12029 0.0418772
Chain
	Aln	0	-HG003_ont_1404_start_204905 1 14996 15000 +edge_1_0_+disjointig_1_0_998763 779739 794734 998763 -1 -1 12029 0.0418772
Chain
	Aln	1	+HG003_ont_1405_start_515415 14 14998 15000 -edge_1_0_+disjointig_1_0_998763 514549 529533 998763 -1 -1 12259 0.041277
Chain
	Aln	0	-HG003_ont_1405_start_515415 1 14985 15000 +edge_1_0_+disjointig_1_0_998763 469229 484213 998763 -1 -1 12259 0.041277
Chain
	Aln	1	+HG003_ont_1406_start_817508 0 14983 15000 -edge_1_0_+disjointig_1_0_998763 816628 831611 998763 -1 -1 12375 0.0403616
Chain
	Aln	0	-HG003_ont_1406_start_817508 16 14999 15000 +edge_1_0_+disjointig_1_0_998763 167151 182134 998763 -1 -1 12375 0.0403616
Chain
	Aln	1	+HG003_ont_1407_start_867870 1 14998 15000 -edge_1_0_+disjointig_1_0_998763 866991 881988 998763 -1 -1 12685 0.0380477
Chain
	Aln	0	-HG003_ont_1407_start_867870 1 14998 15000 +edge_1_0_+disjointig_1_0_998763 116774 131771 998763 -1 -1 12685 0.0380477
Chain
	Aln	1	+HG003_ont_1408_start_774723 1 14989 15000 -edge_1_0_+disjointig_1_0_998763 773844 788832 998763 -1 -1 12228 0.0426952
Chain
	Aln	0	-HG003_ont_1408_start_774723 10 14998 15000 +edge_1_0_+disjointig_1_0_998763 209930 224918 998763 -1 -1 12228 0.0426952
Chain
	Aln	1	+HG003_ont_1409_start_356629 1 14977 15000 -edge_1_0_+disjointig_1_0_998763 355750 370726 998763 -1 -1 12140 0.042843
Chain
	Aln	0	-HG003_ont_1409_start_356629 22 14998 15000 +edge_1_0_+disjointig_1_0_998763 628036 643012 998763 -1 -1 12140 0.042843
Chain
	Aln	1	+HG003_ont_1410_start_551919 12 14992 15000 -edge_1_0_+disjointig_1_0_998763 551051 566031 998763 -1 -1 12541 0.0373848
Chain
	Aln	0	-HG003_ont_1410_start_551919 7 14987 15000 +edge_1_0_+disjointig_1_0_998763 432731 447711 998763 -1 -1 12541 0.0373848
Chain
	Aln	1	+HG003_ont_1411_start_269190 18 14998 15000 -edge_1_0_+disjointig_1_0_998763 268328 283308 998763 -1 -1 12321 0.041404
Chain
	Aln	0	-HG003_ont_1411_start_269190 1 14981 15000 +edge_1_0_+disjointig_1_0_998763 715454 730434 998763 -1 -1 12321 0.041404
Chain
	Aln	1	+HG003_ont_1414_start_281787 5 14998 15000 -edge_1_0_+disjointig_1_0_998763 280912 295905 998763 -1 -1 11878 0.0449463
Chain
	Aln	0	-HG003_ont_1414_start_281787 1 14994 15000 +edge_1_0_+disjointig_1_0_998763 702857 717850 998763 -1 -1 11878 0.0449463
Chain
	Aln	1	+HG003_ont_1412_start_704233 0 14998 15000 -edge_1_0_+disjointig_1_0_998763 703353 718351 998763 -1 -1 12629 0.0388357
Chain
	Aln	0	-HG003_ont_1412_start_704233 1 14999 15000 +edge_1_0_+disjointig_1_0_998763 280411 295409 998763 -1 -1 12629 0.0388357
Chain
	Aln	1	+HG003_ont_1413_start_416764 18 14947 15000 -edge_1_0_+disjointig_1_0_998763 415902 430831 998763 -1 -1 12197 0.043767
Chain
	Aln	0	-HG003_ont_1413_start_416764 52 14981 15000 +edge_1_0_+disjointig_1_0_998763 567931 582860 998763 -1 -1 12197 0.043767
Chain
	Aln	1	+HG003_ont_1415_start_464348 21 14961 15000 -edge_1_0_+disjointig_1_0_998763 463489 478429 998763 -1 -1 12045 0.0415332
Chain
	Aln	0	-HG003_ont_1415_start_464348 38 14978 15000 +edge_1_0_+disjointig_1_0_998763 520333 535273 998763 -1 -1 12045 0.0415332
Chain
	Aln	1	+HG003_ont_1416_start_9674 1 14998 15000 -edge_1_0_+disjointig_1_0_998763 8795 23792 998763 -1 -1 11999 0.0402297
Chain
	Aln	0	-HG003_ont_1416_start_9674 1 14998 15000 +edge_1_0_+disjointig_1_0_998763 974970 989967 998763 -1 -1 11999 0.0402297
Chain
	Aln	1	+HG003_ont_1419_start_469561 0 14996 15000 -edge_1_0_+disjointig_1_0_998763 468681 483677 998763 -1 -1 12154 0.0437244
Chain
	Aln	0	-HG003_ont_1419_start_469561 3 14999 15000 +edge_1_0_+disjointig_1_0_998763 515085 530081 998763 -1 -1 12154 0.0437244
Chain
	Aln	1	+HG003_ont_1418_start_849809 1 14998 15000 -edge_1_0_+disjointig_1_0_998763 848930 863927 998763 -1 -1 12370 0.0394652
Chain
	Aln	0	-HG003_ont_1418_start_849809 1 14998 15000 +edge_1_0_+disjointig_1_0_998763 134835 149832 998763 -1 -1 12370 0.0394652
Chain
	Aln	1	+HG003_ont_1417_start_274800 61 14976 15000 -edge_1_0_+disjointig_1_0_998763 273981 288896 998763 -1 -1 12139 0.0411959
Chain
	Aln	0	-HG003_ont_1417_start_274800 23 14938 15000 +edge_1_0_+disjointig_1_0_998763 709866 724781 998763 -1 -1 12139 0.0411959
Chain
	Aln	1	+HG003_ont_1420_start_588211 0 14998 15000 -edge_1_0_+disjointig_1_0_998763 587331 602329 998763 -1 -1 12727 0.0377379
Chain
	Aln	0	-HG003_ont_1420_start_588211 1 14999 15000 +edge_1_0_+disjointig_1_0_998763 396433 411431 998763 -1 -1 12727 0.0377379
Chain
	Aln	1	+HG003_ont_1421_start_733955 1 14998 15000 -edge_1_0_+disjointig_1_0_998763 733076 748073 998763 -1 -1 12134 0.0414311
Chain
	Aln	0	-HG003_ont_1421_start_733955 1 14998 15000 +edge_1_0_+disjointig_1_0_998763 250689 265686 998763 -1 -1 12134 0.0414311
Chain
	Aln	1	+HG003_ont_1423_start_399542 0 14988 15000 -edge_1_0_+disjointig_1_0_998763 398662 413650 998763 -1 -1 12535 0.0413878
Chain
	Aln	0	-HG003_ont_1423_start_399542 11 14999 15000 +edge_1_0_+disjointig_1_0_998763 585112 600100 998763 -1 -1 12535 0.0413878
Chain
	Aln	1	+HG003_ont_1422_start_490175 0 14992 15000 -edge_1_0_+disjointig_1_0_998763 489295 504287 998763 -1 -1 12058 0.0406235
Chain
	Aln	0	-HG003_ont_1422_start_490175 7 14999 15000 +edge_1_0_+disjointig_1_0_998763 494475 509467 998763 -1 -1 12058 0.0406235
Chain
	Aln	1	+HG003_ont_1424_start_694641 51 14973 15000 -edge_1_0_+disjointig_1_0_998763 693812 708734 998763 -1 -1 12257 0.0395474
Chain
	Aln	0	-HG003_ont_1424_start_694641 26 14948 15000 +edge_1_0_+disjointig_1_0_998763 290028 304950 998763 -1 -1 12257 0.0395474
Chain
	Aln	1	+HG003_ont_1425_start_378025 30 14998 15000 -edge_1_0_+disjointig_1_0_998763 377175 392143 998763 -1 -1 12444 0.0365204
Chain
	Aln	0	-HG003_ont_1425_start_378025 1 14969 15000 +edge_1_0_+disjointig_1_0_998763 606619 621587 998763 -1 -1 12444 0.0365204
Chain
	Aln	1	+HG003_ont_1426_start_135434 0 14985 15000 -edge_1_0_+disjointig_1_0_998763 134554 149539 998763 -1 -1 12615 0.0385272
Chain
	Aln	0	-HG003_ont_1426_start_135434 14 14999 15000 +edge_1_0_+disjointig_1_0_998763 849223 864208 998763 -1 -1 12615 0.0385272
Chain
	Aln	1	+HG003_ont_1427_start_155946 1 14998 15000 -edge_1_0_+disjointig_1_0_998763 155067 170064 998763 -1 -1 12394 0.0397729
Chain
	Aln	0	-HG003_ont_1427_start_155946 1 14998 15000 +edge_1_0_+disjointig_1_0_998763 828698 843695 998763 -1 -1 12394 0.0397729
Chain
	Aln	1	+HG003_ont_1428_start_457173 1 14998 15000 -edge_1_0_+disjointig_1_0_998763 456294 471291 998763 -1 -1 12303 0.0402297
Chain
	Aln	0	-HG003_ont_1428_start_457173 1 14998 15000 +edge_1_0_+disjointig_1_0_998763 527471 542468 998763 -1 -1 12303 0.0402297
Chain
	Aln	1	+HG003_ont_1429_start_944379 0 14998 15000 -edge_1_0_+disjointig_1_0_998763 943499 958497 998763 -1 -1 11992 0.0438809
Chain
	Aln	0	-HG003_ont_1429_start_944379 1 14999 15000 +edge_1_0_+disjointig_1_0_998763 40265 55263 998763 -1 -1 11992 0.0438809
Chain
	Aln	1	+HG003_ont_1430_start_885285 4 14998 15000 -edge_1_0_+disjointig_1_0_998763 884409 899403 998763 -1 -1 12170 0.0445138
Chain
	Aln	0	-HG003_ont_1430_start_885285 1 14995 15000 +edge_1_0_+disjointig_1_0_998763 99359 114353 998763 -1 -1 12170 0.0445138
Chain
	Aln	1	+HG003_ont_1432_start_213740 2 14998 15000 -edge_1_0_+disjointig_1_0_998763 212862 227858 998763 -1 -1 12390 0.0397998
Chain
	Aln	0	-HG003_ont_1432_start_213740 1 14997 15000 +edge_1_0_+disjointig_1_0_998763 770904 785900 998763 -1 -1 12390 0.0397998
Chain
	Aln	1	+HG003_ont_1431_start_597382 0 14998 15000 -edge_1_0_+disjointig_1_0_998763 596502 611500 998763 -1 -1 12238 0.042009
Chain
	Aln	0	-HG003_ont_1431_start_597382 1 14999 15000 +edge_1_0_+disjointig_1_0_998763 387262 402260 998763 -1 -1 12238 0.042009
Chain
	Aln	1	+HG003_ont_1433_start_922268 3 14983 15000 -edge_1_0_+disjointig_1_0_998763 921391 936371 998763 -1 -1 12340 0.0431851
Chain
	Aln	0	-HG003_ont_1433_start_922268 16 14996 15000 +edge_1_0_+disjointig_1_0_998763 62391 77371 998763 -1 -1 12340 0.0431851
Chain
	Aln	1	+HG003_ont_1434_start_291221 66 14995 15000 -edge_1_0_+disjointig_1_0_998763 290407 305336 998763 -1 -1 12413 0.0402272
Chain
	Aln	0	-HG003_ont_1434_start_291221 4 14933 15000 +edge_1_0_+disjointig_1_0_998763 693426 708355 998763 -1 -1 12413 0.0402272
Chain
	Aln	1	+HG003_ont_1435_start_476719 37 14975 15000 -edge_1_0_+disjointig_1_0_998763 475876 490814 998763 -1 -1 12079 0.0411278
Chain
	Aln	0	-HG003_ont_1435_start_476719 24 14962 15000 +edge_1_0_+disjointig_1_0_998763 507948 522886 998763 -1 -1 12079 0.0411278
Chain
	Aln	1	+HG003_ont_1436_start_568076 0 14985 15000 -edge_1_0_+disjointig_1_0_998763 567196 582181 998763 -1 -1 12264 0.0422632
Chain
	Aln	0	-HG003_ont_1436_start_568076 14 14999 15000 +edge_1_0_+disjointig_1_0_998763 416581 431566 998763 -1 -1 12264 0.0422632
Chain
	Aln	1	+HG003_ont_1437_start_287161 1 14994 15000 -edge_1_0_+disjointig_1_0_998763 286282 301275 998763 -1 -1 12159 0.0427553
Chain
	Aln	0	-HG003_ont_1437_start_287161 5 14998 15000 +edge_1_0_+disjointig_1_0_998763 697487 712480 998763 -1 -1 12159 0.0427553
Chain
	Aln	1	+HG003_ont_1438_start_328179 1 14998 15000 -edge_1_0_+disjointig_1_0_998763 327300 342297 998763 -1 -1 12256 0.0413518
Chain
	Aln	0	-HG003_ont_1438_start_328179 1 14998 15000 +edge_1_0_+disjointig_1_0_998763 656465 671462 998763 -1 -1 12256 0.0413518
Chain
	Aln	1	+HG003_ont_1439_start_300755 50 14998 15000 -edge_1_0_+disjointig_1_0_998763 299925 314873 998763 -1 -1 12242 0.0419087
Chain
	Aln	0	-HG003_ont_1439_start_300755 1 14949 15000 +edge_1_0_+disjointig_1_0_998763 683889 698837 998763 -1 -1 12242 0.0419087
Chain
	Aln	1	+HG003_ont_1440_start_886971 1 14998 15000 -edge_1_0_+disjointig_1_0_998763 886092 901089 998763 -1 -1 12416 0.0383857
Chain
	Aln	0	-HG003_ont_1440_start_886971 1 14998 15000 +edge_1_0_+disjointig_1_0_998763 97673 112670 998763 -1 -1 12416 0.0383857
Chain
	Aln	1	+HG003_ont_1441_start_157944 1 14985 15000 -edge_1_0_+disjointig_1_0_998763 157065 172049 998763 -1 -1 12450 0.0383196
Chain
	Aln	0	-HG003_ont_1441_start_157944 14 14998 15000 +edge_1_0_+disjointig_1_0_998763 826713 841697 998763 -1 -1 12450 0.0383196
Chain
	Aln	1	+HG003_ont_1442_start_810669 1 14998 15000 -edge_1_0_+disjointig_1_0_998763 809790 824787 998763 -1 -1 12459 0.0390295
Chain
	Aln	0	-HG003_ont_1442_start_810669 1 14998 15000 +edge_1_0_+disjointig_1_0_998763 173975 188972 998763 -1 -1 12459 0.0390295
Chain
	Aln	1	+HG003_ont_1444_start_65641 13 14994 15000 -edge_1_0_+disjointig_1_0_998763 64774 79755 998763 -1 -1 12209 0.0425623
Chain
	Aln	0	-HG003_ont_1444_start_65641 5 14986 15000 +edge_1_0_+disjointig_1_0_998763 919007 933988 998763 -1 -1 12209 0.0425623
Chain
	Aln	1	+HG003_ont_1443_start_748399 0 14973 15000 -edge_1_0_+disjointig_1_0_998763 747519 762492 998763 -1 -1 12466 0.039988
Chain
	Aln	0	-HG003_ont_1443_start_748399 26 14999 15000 +edge_1_0_+disjointig_1_0_998763 236270 251243 998763 -1 -1 12466 0.039988
Chain
	Aln	1	+HG003_ont_1445_start_499744 9 14998 15000 -edge_1_0_+disjointig_1_0_998763 498873 513862 998763 -1 -1 11968 0.0435157
Chain
	Aln	0	-HG003_ont_1445_start_499744 1 14990 15000 +edge_1_0_+disjointig_1_0_998763 484900 499889 998763 -1 -1 11968 0.0435157
Chain
	Aln	1	+HG003_ont_1446_start_121793 1 14998 15000 -edge_1_0_+disjointig_1_0_998763 120914 135911 998763 -1 -1 12360 0.0402841
Chain
	Aln	0	-HG003_ont_1446_start_121793 1 14998 15000 +edge_1_0_+disjointig_1_0_998763 862851 877848 998763 -1 -1 12360 0.0402841
Chain
	Aln	1	+HG003_ont_1447_start_775035 55 14998 15000 -edge_1_0_+disjointig_1_0_998763 774210 789153 998763 -1 -1 12334 0.0385513
Chain
	Aln	0	-HG003_ont_1447_start_775035 1 14944 15000 +edge_1_0_+disjointig_1_0_998763 209609 224552 998763 -1 -1 12334 0.0385513
Chain
	Aln	1	+HG003_ont_1448_start_710185 19 14989 15000 -edge_1_0_+disjointig_1_0_998763 709324 724294 998763 -1 -1 12524 0.0385515
Chain
	Aln	0	-HG003_ont_1448_start_710185 10 14980 15000 +edge_1_0_+disjointig_1_0_998763 274468 289438 998763 -1 -1 12524 0.0385515
Chain
	Aln	1	+HG003_ont_1449_start_839346 1 14998 15000 -edge_1_0_+disjointig_1_0_998763 838467 853464 998763 -1 -1 12405 0.0393196
Chain
	Aln	0	-HG003_ont_1449_start_839346 1 14998 15000 +edge_1_0_+disjointig_1_0_998763 145298 160295 998763 -1 -1 12405 0.0393196
Chain
	Aln	1	+HG003_ont_1450_start_650972 1 14998 15000 -edge_1_0_+disjointig_1_0_998763 650093 665090 998763 -1 -1 11711 0.0447518
Chain
	Aln	0	-HG003_ont_1450_start_650972 1 14998 15000 +edge_1_0_+disjointig_1_0_998763 333672 348669 998763 -1 -1 11711 0.0447518
Chain
	Aln	1	+HG003_ont_1451_start_458221 1 14998 15000 -edge_1_0_+disjointig_1_0_998763 457342 472339 998763 -1 -1 12120 0.0423102
Chain
	Aln	0	-HG003_ont_1451_start_458221 1 14998 15000 +edge_1_0_+disjointig_1_0_998763 526423 541420 998763 -1 -1 12120 0.0423102
Chain
	Aln	1	+HG003_ont_1452_start_696627 1 14998 15000 -edge_1_0_+disjointig_1_0_998763 695748 710745 998763 -1 -1 12319 0.0404789
Chain
	Aln	0	-HG003_ont_1452_start_696627 1 14998 15000 +edge_1_0_+disjointig_1_0_998763 288017 303014 998763 -1 -1 12319 0.0404789
Chain
	Aln	1	+HG003_ont_1453_start_279252 1 14998 15000 -edge_1_0_+disjointig_1_0_998763 278373 293370 998763 -1 -1 12121 0.0438687
Chain
	Aln	0	-HG003_ont_1453_start_279252 1 14998 15000 +edge_1_0_+disjointig_1_0_998763 705392 720389 998763 -1 -1 12121 0.0438687
Chain
	Aln	1	+HG003_ont_1454_start_429043 1 14998 15000 -edge_1_0_+disjointig_1_0_998763 428164 443161 998763 -1 -1 12171 0.0421574
Chain
	Aln	0	-HG003_ont_1454_start_429043 1 14998 15000 +edge_1_0_+disjointig_1_0_998763 555601 570598 998763 -1 -1 12171 0.0421574
Chain
	Aln	1	+HG003_ont_1455_start_27336 22 14973 15000 -edge_1_0_+disjointig_1_0_998763 26478 41429 998763 -1 -1 12153 0.0430302
Chain
	Aln	0	-HG003_ont_1455_start_27336 26 14977 15000 +edge_1_0_+disjointig_1_0_998763 957333 972284 998763 -1 -1 12153 0.0430302
Chain
	Aln	1	+HG003_ont_1456_start_329928 42 14998 15000 -edge_1_0_+disjointig_1_0_998763 329090 344046 998763 -1 -1 12293 0.0406466
Chain
	Aln	0	-HG003_ont_1456_start_329928 1 14957 15000 +edge_1_0_+disjointig_1_0_998763 654716 669672 998763 -1 -1 12293 0.0406466
Chain
	Aln	1	+HG003_ont_1457_start_209819 0 14998 15000 -edge_1_0_+disjointig_1_0_998763 208939 223937 998763 -1 -1 12127 0.0434278
Chain
	Aln	0	-HG003_ont_1457_start_209819 1 14999 15000 +edge_1_0_+disjointig_1_0_998763 774825 789823 998763 -1 -1 12127 0.0434278
Chain
	Aln	1	+HG003_ont_1458_start_310015 1 14943 15000 -edge_1_0_+disjointig_1_0_998763 309136 324078 998763 -1 -1 12085 0.0400913
Chain
	Aln	0	-HG003_ont_1458_start_310015 56 14998 15000 +edge_1_0_+disjointig_1_0_998763 674684 689626 998763 -1 -1 12085 0.0400913
Chain
	Aln	1	+HG003_ont_1459_start_455459 49 14968 15000 -edge_1_0_+disjointig_1_0_998763 454628 469547 998763 -1 -1 12260 0.0412673
Chain
	Aln	0	-HG003_ont_1459_start_455459 31 14950 15000 +edge_1_0_+disjointig_1_0_998763 529215 544134 998763 -1 -1 12260 0.0412673
Chain
	Aln	1	+HG003_ont_1461_start_594196 12 14998 15000 -edge_1_0_+disjointig_1_0_998763 593328 608314 998763 -1 -1 12156 0.0421062
Chain
	Aln	0	-HG003_ont_1461_start_594196 1 14987 15000 +edge_1_0_+disjointig_1_0_998763 390448 405434 998763 -1 -1 12156 0.0421062
Chain
	Aln	1	+HG003_ont_1460_start_357547 15 14998 15000 -edge_1_0_+disjointig_1_0_998763 356682 371665 998763 -1 -1 12188 0.0401981
Chain
	Aln	0	-HG003_ont_1460_start_357547 1 14984 15000 +edge_1_0_+disjointig_1_0_998763 627097 642080 998763 -1 -1 12188 0.0401981
Chain
	Aln	1	+HG003_ont_1462_start_933013 1 14998 15000 -edge_1_0_+disjointig_1_0_998763 932134 947131 998763 -1 -1 12530 0.039098
Chain
	Aln	0	-HG003_ont_1462_start_933013 1 14998 15000 +edge_1_0_+disjointig_1_0_998763 51631 66628 998763 -1 -1 12530 0.039098
Chain
	Aln	1	+HG003_ont_1463_start_718427 1 14998 15000 -edge_1_0_+disjointig_1_0_998763 717548 732545 998763 -1 -1 12078 0.042005
Chain
	Aln	0	-HG003_ont_1463_start_718427 1 14998 15000 +edge_1_0_+disjointig_1_0_998763 266217 281214 998763 -1 -1 12078 0.042005
Chain
	Aln	1	+HG003_ont_1464_start_527101 38 14998 15000 -edge_1_0_+disjointig_1_0_998763 526259 541219 998763 -1 -1 12103 0.0416598
Chain
	Aln	0	-HG003_ont_1464_start_527101 1 14961 15000 +edge_1_0_+disjointig_1_0_998763 457543 472503 998763 -1 -1 12103 0.0416598
Chain
	Aln	1	+HG003_ont_1465_start_968092 13 14998 15000 -edge_1_0_+disjointig_1_0_998763 967225 982210 998763 -1 -1 12298 0.0388682
Chain
	Aln	0	-HG003_ont_1465_start_968092 1 14986 15000 +edge_1_0_+disjointig_1_0_998763 16552 31537 998763 -1 -1 12298 0.0388682
Chain
	Aln	1	+HG003_ont_1466_start_797116 28 14998 15000 -edge_1_0_+disjointig_1_0_998763 796264 811234 998763 -1 -1 12160 0.041755
Chain
	Aln	0	-HG003_ont_1466_start_797116 1 14971 15000 +edge_1_0_+disjointig_1_0_998763 187528 202498 998763 -1 -1 12160 0.041755
Chain
	Aln	1	+HG003_ont_1467_start_862926 1 14998 15000 -edge_1_0_+disjointig_1_0_998763 862047 877044 998763 -1 -1 11954 0.041973
Chain
	Aln	0	-HG003_ont_1467_start_862926 1 14998 15000 +edge_1_0_+disjointig_1_0_998763 121718 136715 998763 -1 -1 11954 0.041973
Chain
	Aln	1	+HG003_ont_1469_start_623705 6 14998 15000 -edge_1_0_+disjointig_1_0_998763 622831 637823 998763 -1 -1 11817 0.0424115
Chain
	Aln	0	-HG003_ont_1469_start_623705 1 14993 15000 +edge_1_0_+disjointig_1_0_998763 360939 375931 998763 -1 -1 11817 0.0424115
Chain
	Aln	1	+HG003_ont_1468_start_640029 28 14983 15000 -edge_1_0_+disjointig_1_0_998763 639177 654132 998763 -1 -1 12392 0.0397469
Chain
	Aln	0	-HG003_ont_1468_start_640029 16 14971 15000 +edge_1_0_+disjointig_1_0_998763 344630 359585 998763 -1 -1 12392 0.0397469
Chain
	Aln	1	+HG003_ont_1470_start_9044 28 14998 15000 -edge_1_0_+disjointig_1_0_998763 8192 23162 998763 -1 -1 12498 0.0380241
Chain
	Aln	0	-HG003_ont_1470_start_9044 1 14971 15000 +edge_1_0_+disjointig_1_0_998763 975600 990570 998763 -1 -1 12498 0.0380241
Chain
	Aln	1	+HG003_ont_1471_start_454096 1 14992 15000 -edge_1_0_+disjointig_1_0_998763 453217 468208 998763 -1 -1 12164 0.0419335
Chain
	Aln	0	-HG003_ont_1471_start_454096 7 14998 15000 +edge_1_0_+disjointig_1_0_998763 530554 545545 998763 -1 -1 12164 0.0419335
Chain
	Aln	1	+HG003_ont_1473_start_335922 18 14998 15000 -edge_1_0_+disjointig_1_0_998763 335060 350040 998763 -1 -1 12357 0.0402407
Chain
	Aln	0	-HG003_ont_1473_start_335922 1 14981 15000 +edge_1_0_+disjointig_1_0_998763 648722 663702 998763 -1 -1 12357 0.0402407
Chain
	Aln	1	+HG003_ont_1472_start_713087 21 14990 15000 -edge_1_0_+disjointig_1_0_998763 712228 727197 998763 -1 -1 12243 0.0419833
Chain
	Aln	0	-HG003_ont_1472_start_713087 9 14978 15000 +edge_1_0_+disjointig_1_0_998763 271565 286534 998763 -1 -1 12243 0.0419833
Chain
	Aln	1	+HG003_ont_1474_start_144059 21 14967 15000 -edge_1_0_+disjointig_1_0_998763 143200 158146 998763 -1 -1 12138 0.0414532
Chain
	Aln	0	-HG003_ont_1474_start_144059 32 14978 15000 +edge_1_0_+disjointig_1_0_998763 840616 855562 998763 -1 -1 12138 0.0414532
Chain
	Aln	1	+HG003_ont_1475_start_457692 1 14998 15000 -edge_1_0_+disjointig_1_0_998763 456813 471810 998763 -1 -1 12327 0.041933
Chain
	Aln	0	-HG003_ont_1475_start_457692 1 14998 15000 +edge_1_0_+disjointig_1_0_998763 526952 541949 998763 -1 -1 12327 0.041933
Chain
	Aln	1	+HG003_ont_1476_start_710287 0 14998 15000 -edge_1_0_+disjointig_1_0_998763 709407 724405 998763 -1 -1 12071 0.0416814
Chain
	Aln	0	-HG003_ont_1476_start_710287 1 14999 15000 +edge_1_0_+disjointig_1_0_998763 274357 289355 998763 -1 -1 12071 0.0416814
Chain
	Aln	1	+HG003_ont_1477_start_322084 0 14998 15000 -edge_1_0_+disjointig_1_0_998763 321204 336202 998763 -1 -1 12381 0.0376932
Chain
	Aln	0	-HG003_ont_1477_start_322084 1 14999 15000 +edge_1_0_+disjointig_1_0_998763 662560 677558 998763 -1 -1 12381 0.0376932
Chain
	Aln	1	+HG003_ont_1479_start_431554 1 14976 15000 -edge_1_0_+disjointig_1_0_998763 430675 445650 998763 -1 -1 12478 0.038435
Chain
	Aln	0	-HG003_ont_1479_start_431554 23 14998 15000 +edge_1_0_+disjointig_1_0_998763 553112 568087 998763 -1 -1 12478 0.038435
Chain
	Aln	1	+HG003_ont_1478_start_393493 18 14978 15000 -edge_1_0_+disjointig_1_0_998763 392631 407591 998763 -1 -1 12485 0.0414208
Chain
	Aln	0	-HG003_ont_1478_start_393493 21 14981 15000 +edge_1_0_+disjointig_1_0_998763 591171 606131 998763 -1 -1 12485 0.0414208
Chain
	Aln	1	+HG003_ont_1480_start_652687 1 14998 15000 -edge_1_0_+disjointig_1_0_998763 651808 666805 998763 -1 -1 12361 0.0411541
Chain
	Aln	0	-HG003_ont_1480_start_652687 1 14998 15000 +edge_1_0_+disjointig_1_0_998763 331957 346954 998763 -1 -1 12361 0.0411541
Chain
	Aln	1	+HG003_ont_1481_start_298932 41 14998 15000 -edge_1_0_+disjointig_1_0_998763 298093 313050 998763 -1 -1 12234 0.0416241
Chain
	Aln	0	-HG003_ont_1481_start_298932 1 14958 15000 +edge_1_0_+disjointig_1_0_998763 685712 700669 998763 -1 -1 12234 0.0416241
Chain
	Aln	1	+HG003_ont_1483_start_360386 1 14998 15000 -edge_1_0_+disjointig_1_0_998763 359507 374504 998763 -1 -1 12307 0.0397035
Chain
	Aln	0	-HG003_ont_1483_start_360386 1 14998 15000 +edge_1_0_+disjointig_1_0_998763 624258 639255 998763 -1 -1 12307 0.0397035
Chain
	Aln	1	+HG003_ont_1482_start_804625 1 14956 15000 -edge_1_0_+disjointig_1_0_998763 803746 818701 998763 -1 -1 12181 0.0420407
Chain
	Aln	0	-HG003_ont_1482_start_804625 43 14998 15000 +edge_1_0_+disjointig_1_0_998763 180061 195016 998763 -1 -1 12181 0.0420407
Chain
	Aln	1	+HG003_ont_1484_start_778869 21 14988 15000 -edge_1_0_+disjointig_1_0_998763 778010 792977 998763 -1 -1 12405 0.0396936
Chain
	Aln	0	-HG003_ont_1484_start_778869 11 14978 15000 +edge_1_0_+disjointig_1_0_998763 205785 220752 998763 -1 -1 12405 0.0396936
Chain
	Aln	1	+HG003_ont_1485_start_818184 0 14998 15000 -edge_1_0_+disjointig_1_0_998763 817304 832302 998763 -1 -1 12113 0.0412212
Chain
	Aln	0	-HG003_ont_1485_start_818184 1 14999 15000 +edge_1_0_+disjointig_1_0_998763 166460 181458 998763 -1 -1 12113 0.0412212
Chain
	Aln	1	+HG003_ont_1486_start_751497 53 14983 15000 -edge_1_0_+disjointig_1_0_998763 750670 765600 998763 -1 -1 12310 0.0407881
Chain
	Aln	0	-HG003_ont_1486_start_751497 16 14946 15000 +edge_1_0_+disjointig_1_0_998763 233162 248092 998763 -1 -1 12310 0.0407881
Chain
	Aln	1	+HG003_ont_1487_start_210391 1 14998 15000 -edge_1_0_+disjointig_1_0_998763 209512 224509 998763 -1 -1 12242 0.0402064
Chain
	Aln	0	-HG003_ont_1487_start_210391 1 14998 15000 +edge_1_0_+disjointig_1_0_998763 774253 789250 998763 -1 -1 12242 0.0402064
Chain
	Aln	1	+HG003_ont_1488_start_309079 1 14984 15000 -edge_1_0_+disjointig_1_0_998763 308200 323183 998763 -1 -1 12412 0.0388452
Chain
	Aln	0	-HG003_ont_1488_start_309079 15 14998 15000 +edge_1_0_+disjointig_1_0_998763 675579 690562 998763 -1 -1 12412 0.0388452
Chain
	Aln	1	+HG003_ont_1489_start_204434 1 14998 15000 -edge_1_0_+disjointig_1_0_998763 203555 218552 998763 -1 -1 12389 0.0382277
Chain
	Aln	0	-HG003_ont_1489_start_204434 1 14998 15000 +edge_1_0_+disjointig_1_0_998763 780210 795207 998763 -1 -1 12389 0.0382277
Chain
	Aln	1	+HG003_ont_1490_start_572568 1 14980 15000 -edge_1_0_+disjointig_1_0_998763 571689 586668 998763 -1 -1 12165 0.0425221
Chain
	Aln	0	-HG003_ont_1490_start_572568 19 14998 15000 +edge_1_0_+disjointig_1_0_998763 412094 427073 998763 -1 -1 12165 0.0425221
Chain
	Aln	1	+HG003_ont_1491_start_852374 0 14998 15000 -edge_1_0_+disjointig_1_0_998763 851494 866492 998763 -1 -1 12210 0.0435346
Chain
	Aln	0	-HG003_ont_1491_start_852374 1 14999 15000 +edge_1_0_+disjointig_1_0_998763 132270 147268 998763 -1 -1 12210 0.0435346
Chain
	Aln	1	+HG003_ont_1492_start_753198 1 14995 15000 -edge_1_0_+disjointig_1_0_998763 752319 767313 998763 -1 -1 12378 0.0392695
Chain
	Aln	0	-HG003_ont_1492_start_753198 4 14998 15000 +edge_1_0_+disjointig_1_0_998763 231449 246443 998763 -1 -1 12378 0.0392695
Chain
	Aln	1	+HG003_ont_1493_start_382559 72 14969 15000 -edge_1_0_+disjointig_1_0_998763 381751 396648 998763 -1 -1 12169 0.0402573
Chain
	Aln	0	-HG003_ont_1493_start_382559 30 14927 15000 +edge_1_0_+disjointig_1_0_998763 602114 617011 998763 -1 -1 12169 0.0402573
Chain
	Aln	1	+HG003_ont_1495_start_42965 19 14994 15000 -edge_1_0_+disjointig_1_0_998763 42104 57079 998763 -1 -1 12140 0.0416788
Chain
	Aln	0	-HG003_ont_1495_start_42965 5 14980 15000 +edge_1_0_+disjointig_1_0_998763 941683 956658 998763 -1 -1 12140 0.0416788
Chain
	Aln	1	+HG003_ont_1494_start_846768 0 14991 15000 -edge_1_0_+disjointig_1_0_998763 845888 860879 998763 -1 -1 12272 0.0413283
Chain
	Aln	0	-HG003_ont_1494_start_846768 8 14999 15000 +edge_1_0_+disjointig_1_0_998763 137883 152874 998763 -1 -1 12272 0.0413283
Chain
	Aln	1	+HG003_ont_1496_start_501008 1 14992 15000 -edge_1_0_+disjointig_1_0_998763 500129 515120 998763 -1 -1 11926 0.0430812
Chain
	Aln	0	-HG003_ont_1496_start_501008 7 14998 15000 +edge_1_0_+disjointig_1_0_998763 483642 498633 998763 -1 -1 11926 0.0430812
Chain
	Aln	1	+HG003_ont_1497_start_783203 61 14998 15000 -edge_1_0_+disjointig_1_0_998763 782384 797321 998763 -1 -1 12355 0.0414736
Chain
	Aln	0	-HG003_ont_1497_start_783203 1 14938 15000 +edge_1_0_+disjointig_1_0_998763 201441 216378 998763 -1 -1 12355 0.0414736
Chain
	Aln	1	+HG003_ont_1499_start_766630 1 14985 15000 -edge_1_0_+disjointig_1_0_998763 765751 780735 998763 -1 -1 12411 0.0397141
Chain
	Aln	0	-HG003_ont_1499_start_766630 14 14998 15000 +edge_1_0_+disjointig_1_0_998763 218027 233011 998763 -1 -1 12411 0.0397141
Chain
	Aln	1	+HG003_ont_1498_start_543599 32 14998 15000 -edge_1_0_+disjointig_1_0_998763 542751 557717 998763 -1 -1 12332 0.040007
Chain
	Aln	0	-HG003_ont_1498_start_543599 1 14967 15000 +edge_1_0_+disjointig_1_0_998763 441045 456011 998763 -1 -1 12332 0.040007
Chain
	Aln	1	+HG003_ont_1500_start_870012 3 14989 15000 -edge_1_0_+disjointig_1_0_998763 869135 884121 998763 -1 -1 12526 0.0384782
Chain
	Aln	0	-HG003_ont_1500_start_870012 10 14996 15000 +edge_1_0_+disjointig_1_0_998763 114641 129627 998763 -1 -1 12526 0.0384782
Chain
	Aln	1	+HG003_ont_1502_start_525258 1 14969 15000 -edge_1_0_+disjointig_1_0_998763 524379 539347 998763 -1 -1 12697 0.0379638
Chain
	Aln	0	-HG003_ont_1502_start_525258 30 14998 15000 +edge_1_0_+disjointig_1_0_998763 459415 474383 998763 -1 -1 12697 0.0379638
Chain
	Aln	1	+HG003_ont_1501_start_941573 5 14992 15000 -edge_1_0_+disjointig_1_0_998763 940698 955685 998763 -1 -1 12728 0.0359262
Chain
	Aln	0	-HG003_ont_1501_start_941573 7 14994 15000 +edge_1_0_+disjointig_1_0_998763 43077 58064 998763 -1 -1 12728 0.0359262
Chain
	Aln	1	+HG003_ont_1503_start_649508 1 14964 15000 -edge_1_0_+disjointig_1_0_998763 648629 663592 998763 -1 -1 12426 0.0408865
Chain
	Aln	0	-HG003_ont_1503_start_649508 35 14998 15000 +edge_1_0_+disjointig_1_0_998763 335170 350133 998763 -1 -1 12426 0.0408865
Chain
	Aln	1	+HG003_ont_1504_start_512587 1 14998 15000 -edge_1_0_+disjointig_1_0_998763 511708 526705 998763 -1 -1 11883 0.0420291
Chain
	Aln	0	-HG003_ont_1504_start_512587 1 14998 15000 +edge_1_0_+disjointig_1_0_998763 472057 487054 998763 -1 -1 11883 0.0420291
Chain
	Aln	1	+HG003_ont_1506_start_911905 1 14998 15000 -edge_1_0_+disjointig_1_0_998763 911026 926023 998763 -1 -1 12383 0.0393655
Chain
	Aln	0	-HG003_ont_1506_start_911905 1 14998 15000 +edge_1_0_+disjointig_1_0_998763 72739 87736 998763 -1 -1 12383 0.0393655
Chain
	Aln	1	+HG003_ont_1505_start_312284 7 14961 15000 -edge_1_0_+disjointig_1_0_998763 311411 326365 998763 -1 -1 12250 0.0385037
Chain
	Aln	0	-HG003_ont_1505_start_312284 38 14992 15000 +edge_1_0_+disjointig_1_0_998763 672397 687351 998763 -1 -1 12250 0.0385037
Chain
	Aln	1	+HG003_ont_1507_start_315955 1 14998 15000 -edge_1_0_+disjointig_1_0_998763 315076 330073 998763 -1 -1 11925 0.0427224
Chain
	Aln	0	-HG003_ont_1507_start_315955 1 14998 15000 +edge_1_0_+disjointig_1_0_998763 668689 683686 998763 -1 -1 11925 0.0427224
Chain
	Aln	1	+HG003_ont_1508_start_52257 30 14923 15000 -edge_1_0_+disjointig_1_0_998763 51407 66300 998763 -1 -1 12043 0.0416197
Chain
	Aln	0	-HG003_ont_1508_start_52257 76 14969 15000 +edge_1_0_+disjointig_1_0_998763 932462 947355 998763 -1 -1 12043 0.0416197
Chain
	Aln	1	+HG003_ont_1509_start_878810 1 14981 15000 -edge_1_0_+disjointig_1_0_998763 877931 892911 998763 -1 -1 12289 0.0398993
Chain
	Aln	0	-HG003_ont_1509_start_878810 18 14998 15000 +edge_1_0_+disjointig_1_0_998763 105851 120831 998763 -1 -1 12289 0.0398993
Chain
	Aln	1	+HG003_ont_1510_start_497461 1 14998 15000 -edge_1_0_+disjointig_1_0_998763 496582 511579 998763 -1 -1 12278 0.0400512
Chain
	Aln	0	-HG003_ont_1510_start_497461 1 14998 15000 +edge_1_0_+disjointig_1_0_998763 487183 502180 998763 -1 -1 12278 0.0400512
Chain
	Aln	1	+HG003_ont_1511_start_694850 7 14998 15000 -edge_1_0_+disjointig_1_0_998763 693977 708968 998763 -1 -1 12046 0.0395953
Chain
	Aln	0	-HG003_ont_1511_start_694850 1 14992 15000 +edge_1_0_+disjointig_1_0_998763 289794 304785 998763 -1 -1 12046 0.0395953
Chain
	Aln	1	+HG003_ont_1512_start_624291 45 14998 15000 -edge_1_0_+disjointig_1_0_998763 623456 638409 998763 -1 -1 11992 0.0427852
Chain
	Aln	0	-HG003_ont_1512_start_624291 1 14954 15000 +edge_1_0_+disjointig_1_0_998763 360353 375306 998763 -1 -1 11992 0.0427852
Chain
	Aln	1	+HG003_ont_1515_start_771519 1 14970 15000 -edge_1_0_+disjointig_1_0_998763 770640 785609 998763 -1 -1 12275 0.0400887
Chain
	Aln	0	-HG003_ont_1515_start_771519 29 14998 15000 +edge_1_0_+disjointig_1_0_998763 213153 228122 998763 -1 -1 12275 0.0400887
Chain
	Aln	1	+HG003_ont_1513_start_141584 12 14998 15000 -edge_1_0_+disjointig_1_0_998763 140716 155702 998763 -1 -1 12112 0.0415627
Chain
	Aln	0	-HG003_ont_1513_start_141584 1 14987 15000 +edge_1_0_+disjointig_1_0_998763 843060 858046 998763 -1 -1 12112 0.0415627
Chain
	Aln	1	+HG003_ont_1514_start_42151 1 14969 15000 -edge_1_0_+disjointig_1_0_998763 41272 56240 998763 -1 -1 12425 0.0371304
Chain
	Aln	0	-HG003_ont_1514_start_42151 30 14998 15000 +edge_1_0_+disjointig_1_0_998763 942522 957490 998763 -1 -1 12425 0.0371304
Chain
	Aln	1	+HG003_ont_1516_start_52892 20 14971 15000 -edge_1_0_+disjointig_1_0_998763 52032 66983 998763 -1 -1 12361 0.0422504
Chain
	Aln	0	-HG003_ont_1516_start_52892 28 14979 15000 +edge_1_0_+disjointig_1_0_998763 931779 946730 998763 -1 -1 12361 0.0422504
Chain
	Aln	1	+HG003_ont_1517_start_980693 1 14998 15000 -edge_1_0_+disjointig_1_0_998763 979814 994811 998763 -1 -1 12297 0.040152
Chain
	Aln	0	-HG003_ont_1517_start_980693 1 14998 15000 +edge_1_0_+disjointig_1_0_998763 3951 18948 998763 -1 -1 12297 0.040152
Chain
	Aln	1	+HG003_ont_1518_start_969044 23 14998 15000 -edge_1_0_+disjointig_1_0_998763 968187 983162 998763 -1 -1 12438 0.0399648
Chain
	Aln	0	-HG003_ont_1518_start_969044 1 14976 15000 +edge_1_0_+disjointig_1_0_998763 15600 30575 998763 -1 -1 12438 0.0399648
Chain
	Aln	1	+HG003_ont_1519_start_721304 22 14992 15000 -edge_1_0_+disjointig_1_0_998763 720446 735416 998763 -1 -1 12265 0.0399219
Chain
	Aln	0	-HG003_ont_1519_start_721304 7 14977 15000 +edge_1_0_+disjointig_1_0_998763 263346 278316 998763 -1 -1 12265 0.0399219
Chain
	Aln	1	+HG003_ont_1520_start_672067 6 14998 15000 -edge_1_0_+disjointig_1_0_998763 671193 686185 998763 -1 -1 12459 0.0388881
Chain
	Aln	0	-HG003_ont_1520_start_672067 1 14993 15000 +edge_1_0_+disjointig_1_0_998763 312577 327569 998763 -1 -1 12459 0.0388881
Chain
	Aln	1	+HG003_ont_1521_start_514390 1 14951 15000 -edge_1_0_+disjointig_1_0_998763 513511 528461 998763 -1 -1 12197 0.0422788
Chain
	Aln	0	-HG003_ont_1521_start_514390 48 14998 15000 +edge_1_0_+disjointig_1_0_998763 470301 485251 998763 -1 -1 12197 0.0422788
Chain
	Aln	1	+HG003_ont_1523_start_445363 19 14984 15000 -edge_1_0_+disjointig_1_0_998763 444502 459467 998763 -1 -1 12315 0.0389038
Chain
	Aln	0	-HG003_ont_1523_start_445363 15 14980 15000 +edge_1_0_+disjointig_1_0_998763 539295 554260 998763 -1 -1 12315 0.0389038
Chain
	Aln	1	+HG003_ont_1522_start_535148 1 14991 15000 -edge_1_0_+disjointig_1_0_998763 534269 549259 998763 -1 -1 12321 0.0395683
Chain
	Aln	0	-HG003_ont_1522_start_535148 8 14998 15000 +edge_1_0_+disjointig_1_0_998763 449503 464493 998763 -1 -1 12321 0.0395683
Chain
	Aln	1	+HG003_ont_1524_start_383504 15 14998 15000 -edge_1_0_+disjointig_1_0_998763 382639 397622 998763 -1 -1 12117 0.041894
Chain
	Aln	0	-HG003_ont_1524_start_383504 1 14984 15000 +edge_1_0_+disjointig_1_0_998763 601140 616123 998763 -1 -1 12117 0.041894
Chain
	Aln	1	+HG003_ont_1525_start_750701 0 14964 15000 -edge_1_0_+disjointig_1_0_998763 749821 764785 998763 -1 -1 12220 0.0397514
Chain
	Aln	0	-HG003_ont_1525_start_750701 35 14999 15000 +edge_1_0_+disjointig_1_0_998763 233977 248941 998763 -1 -1 12220 0.0397514
Chain
	Aln	1	+HG003_ont_1527_start_749728 44 14981 15000 -edge_1_0_+disjointig_1_0_998763 748892 763829 998763 -1 -1 12360 0.0413064
Chain
	Aln	0	-HG003_ont_1527_start_749728 18 14955 15000 +edge_1_0_+disjointig_1_0_998763 234933 249870 998763 -1 -1 12360 0.0413064
Chain
	Aln	1	+HG003_ont_1528_start_781819 1 14998 15000 -edge_1_0_+disjointig_1_0_998763 780940 795937 998763 -1 -1 12413 0.0382878
Chain
	Aln	0	-HG003_ont_1528_start_781819 1 14998 15000 +edge_1_0_+disjointig_1_0_998763 202825 217822 998763 -1 -1 12413 0.0382878
Chain
	Aln	1	+HG003_ont_1526_start_618694 1 14998 15000 -edge_1_0_+disjointig_1_0_998763 617815 632812 998763 -1 -1 12409 0.0388014
Chain
	Aln	0	-HG003_ont_1526_start_618694 1 14998 15000 +edge_1_0_+disjointig_1_0_998763 365950 380947 998763 -1 -1 12409 0.0388014
Chain
	Aln	1	+HG003_ont_1529_start_780564 1 14998 15000 -edge_1_0_+disjointig_1_0_998763 779685 794682 998763 -1 -1 12908 0.0365174
Chain
	Aln	0	-HG003_ont_1529_start_780564 1 14998 15000 +edge_1_0_+disjointig_1_0_998763 204080 219077 998763 -1 -1 12908 0.0365174
Chain
	Aln	1	+HG003_ont_1531_start_337162 18 14985 15000 -edge_1_0_+disjointig_1_0_998763 336300 351267 998763 -1 -1 12396 0.0403845
Chain
	Aln	0	-HG003_ont_1531_start_337162 14 14981 15000 +edge_1_0_+disjointig_1_0_998763 647495 662462 998763 -1 -1 12396 0.0403845
Chain
	Aln	1	+HG003_ont_1532_start_115824 36 14998 15000 -edge_1_0_+disjointig_1_0_998763 114980 129942 998763 -1 -1 12170 0.0434591
Chain
	Aln	0	-HG003_ont_1532_start_115824 1 14963 15000 +edge_1_0_+disjointig_1_0_998763 868820 883782 998763 -1 -1 12170 0.0434591
Chain
	Aln	1	+HG003_ont_1530_start_23787 11 14998 15000 -edge_1_0_+disjointig_1_0_998763 22918 37905 998763 -1 -1 12394 0.0408548
Chain
	Aln	0	-HG003_ont_1530_start_23787 1 14988 15000 +edge_1_0_+disjointig_1_0_998763 960857 975844 998763 -1 -1 12394 0.0408548
Chain
	Aln	1	+HG003_ont_1534_start_695275 1 14998 15000 -edge_1_0_+disjointig_1_0_998763 694396 709393 998763 -1 -1 11920 0.0440758
Chain
	Aln	0	-HG003_ont_1534_start_695275 1 14998 15000 +edge_1_0_+disjointig_1_0_998763 289369 304366 998763 -1 -1 11920 0.0440758
Chain
	Aln	1	+HG003_ont_1533_start_767346 9 14998 15000 -edge_1_0_+disjointig_1_0_998763 766475 781464 998763 -1 -1 12476 0.0412254
Chain
	Aln	0	-HG003_ont_1533_start_767346 1 14990 15000 +edge_1_0_+disjointig_1_0_998763 217298 232287 998763 -1 -1 12476 0.0412254
Chain
	Aln	1	+HG003_ont_1535_start_256063 3 14998 15000 -edge_1_0_+disjointig_1_0_998763 255186 270181 998763 -1 -1 12252 0.039136
Chain
	Aln	0	-HG003_ont_1535_start_256063 1 14996 15000 +edge_1_0_+disjointig_1_0_998763 728581 743576 998763 -1 -1 12252 0.039136
Chain
	Aln	1	+HG003_ont_1536_start_455373 0 14973 15000 -edge_1_0_+disjointig_1_0_998763 454493 469466 998763 -1 -1 11999 0.0449268
Chain
	Aln	0	-HG003_ont_1536_start_455373 26 14999 15000 +edge_1_0_+disjointig_1_0_998763 529296 544269 998763 -1 -1 11999 0.0449268
Chain
	Aln	1	+HG003_ont_1537_start_238058 1 14920 15000 -edge_1_0_+disjointig_1_0_998763 237179 252098 998763 -1 -1 12469 0.0401254
Chain
	Aln	0	-HG003_ont_1537_start_238058 79 14998 15000 +edge_1_0_+disjointig_1_0_998763 746664 761583 998763 -1 -1 12469 0.0401254
Chain
	Aln	1	+HG003_ont_1539_start_429251 0 14998 15000 -edge_1_0_+disjointig_1_0_998763 428371 443369 998763 -1 -1 12378 0.0419129
Chain
	Aln	0	-HG003_ont_1539_start_429251 1 14999 15000 +edge_1_0_+disjointig_1_0_998763 555393 570391 998763 -1 -1 12378 0.0419129
Chain
	Aln	1	+HG003_ont_1538_start_268986 1 14993 15000 -edge_1_0_+disjointig_1_0_998763 268107 283099 998763 -1 -1 12349 0.0402256
Chain
	Aln	0	-HG003_ont_1538_start_268986 6 14998 15000 +edge_1_0_+disjointig_1_0_998763 715663 730655 998763 -1 -1 12349 0.0402256
Chain
	Aln	1	+HG003_ont_1540_start_840589 4 14997 15000 -edge_1_0_+disjointig_1_0_998763 839713 854706 998763 -1 -1 12103 0.0436055
Chain
	Aln	0	-HG003_ont_1540_start_840589 2 14995 15000 +edge_1_0_+disjointig_1_0_998763 144056 159049 998763 -1 -1 12103 0.0436055
Chain
	Aln	1	+HG003_ont_1542_start_19770 2 14984 15000 -edge_1_0_+disjointig_1_0_998763 18892 33874 998763 -1 -1 12351 0.0388185
Chain
	Aln	0	-HG003_ont_1542_start_19770 15 14997 15000 +edge_1_0_+disjointig_1_0_998763 964888 979870 998763 -1 -1 12351 0.0388185
Chain
	Aln	1	+HG003_ont_1541_start_954441 0 14982 15000 -edge_1_0_+disjointig_1_0_998763 953561 968543 998763 -1 -1 12247 0.041111
Chain
	Aln	0	-HG003_ont_1541_start_954441 17 14999 15000 +edge_1_0_+disjointig_1_0_998763 30219 45201 998763 -1 -1 12247 0.041111
Chain
	Aln	1	+HG003_ont_1544_start_407445 29 14963 15000 -edge_1_0_+disjointig_1_0_998763 406594 421528 998763 -1 -1 12154 0.0411517
Chain
	Aln	0	-HG003_ont_1544_start_407445 36 14970 15000 +edge_1_0_+disjointig_1_0_998763 577234 592168 998763 -1 -1 12154 0.0411517
Chain
	Aln	1	+HG003_ont_1543_start_969575 0 14997 15000 -edge_1_0_+disjointig_1_0_998763 968695 983692 998763 -1 -1 12405 0.0394422
Chain
	Aln	0	-HG003_ont_1543_start_969575 2 14999 15000 +edge_1_0_+disjointig_1_0_998763 15070 30067 998763 -1 -1 12405 0.0394422
Chain
	Aln	1	+HG003_ont_1545_start_33983 31 14998 15000 -edge_1_0_+disjointig_1_0_998763 33134 48101 998763 -1 -1 12324 0.0408235
Chain
	Aln	0	-HG003_ont_1545_start_33983 1 14968 15000 +edge_1_0_+disjointig_1_0_998763 950661 965628 998763 -1 -1 12324 0.0408235
Chain
	Aln	1	+HG003_ont_1546_start_696176 1 14977 15000 -edge_1_0_+disjointig_1_0_998763 695297 710273 998763 -1 -1 12352 0.0405137
Chain
	Aln	0	-HG003_ont_1546_start_696176 22 14998 15000 +edge_1_0_+disjointig_1_0_998763 288489 303465 998763 -1 -1 12352 0.0405137
Chain
	Aln	1	+HG003_ont_1548_start_616359 0 14982 15000 -edge_1_0_+disjointig_1_0_998763 615479 630461 998763 -1 -1 12618 0.039714
Chain
	Aln	0	-HG003_ont_1548_start_616359 17 14999 15000 +edge_1_0_+disjointig_1_0_998763 368301 383283 998763 -1 -1 12618 0.039714
Chain
	Aln	1	+HG003_ont_1547_start_803407 0 14998 15000 -edge_1_0_+disjointig_1_0_998763 802527 817525 998763 -1 -1 12295 0.0419369
Chain
	Aln	0	-HG003_ont_1547_start_803407 1 14999 15000 +edge_1_0_+disjointig_1_0_998763 181237 196235 998763 -1 -1 12295 0.0419369
Chain
	Aln	1	+HG003_ont_1549_start_727190 3 14998 15000 -edge_1_0_+disjointig_1_0_998763 726313 741308 998763 -1 -1 12533 0.0388239
Chain
	Aln	0	-HG003_ont_1549_start_727190 1 14996 15000 +edge_1_0_+disjointig_1_0_998763 257454 272449 998763 -1 -1 12533 0.0388239
Chain
	Aln	1	+HG003_ont_1550_start_984231 1 14998 15000 -edge_1_0_+disjointig_1_0_998763 983352 998347 998763 -1 -1 11993 0.0444003
Chain
	Aln	0	-HG003_ont_1550_start_984231 1 14998 15000 +edge_1_0_+disjointig_1_0_998763 415 15410 998763 -1 -1 11993 0.0444003
Chain
	Aln	1	+HG003_ont_1551_start_640322 12 14983 15000 -edge_1_0_+disjointig_1_0_998763 639454 654425 998763 -1 -1 12190 0.0437253
Chain
	Aln	0	-HG003_ont_1551_start_640322 16 14987 15000 +edge_1_0_+disjointig_1_0_998763 344337 359308 998763 -1 -1 12190 0.0437253
Chain
	Aln	1	+HG003_ont_1552_start_662375 12 14998 15000 -edge_1_0_+disjointig_1_0_998763 661507 676493 998763 -1 -1 12374 0.0395141
Chain
	Aln	0	-HG003_ont_1552_start_662375 1 14987 15000 +edge_1_0_+disjointig_1_0_998763 322269 337255 998763 -1 -1 12374 0.0395141
Chain
	Aln	1	+HG003_ont_1553_start_370218 0 14998 15000 -edge_1_0_+disjointig_1_0_998763 369338 384336 998763 -1 -1 12521 0.0397845
Chain
	Aln	0	-HG003_ont_1553_start_370218 1 14999 15000 +edge_1_0_+disjointig_1_0_998763 614426 629424 998763 -1 -1 12521 0.0397845
Chain
	Aln	1	+HG003_ont_1554_start_11077 15 14998 15000 -edge_1_0_+disjointig_1_0_998763 10212 25195 998763 -1 -1 12132 0.0419021
Chain
	Aln	0	-HG003_ont_1554_start_11077 1 14984 15000 +edge_1_0_+disjointig_1_0_998763 973567 988550 998763 -1 -1 12132 0.0419021
Chain
	Aln	1	+HG003_ont_1556_start_202293 1 14970 15000 -edge_1_0_+disjointig_1_0_998763 201414 216383 998763 -1 -1 11928 0.0453767
Chain
	Aln	0	-HG003_ont_1556_start_202293 29 14998 15000 +edge_1_0_+disjointig_1_0_998763 782379 797348 998763 -1 -1 11928 0.0453767
Chain
	Aln	1	+HG003_ont_1555_start_698970 35 14998 15000 -edge_1_0_+disjointig_1_0_998763 698125 713088 998763 -1 -1 12187 0.0430611
Chain
	Aln	0	-HG003_ont_1555_start_698970 1 14964 15000 +edge_1_0_+disjointig_1_0_998763 285674 300637 998763 -1 -1 12187 0.0430611
Chain
	Aln	1	+HG003_ont_1559_start_703346 12 14980 15000 -edge_1_0_+disjointig_1_0_998763 702478 717446 998763 -1 -1 11970 0.0425032
Chain
	Aln	0	-HG003_ont_1559_start_703346 19 14987 15000 +edge_1_0_+disjointig_1_0_998763 281316 296284 998763 -1 -1 11970 0.0425032
Chain
	Aln	1	+HG003_ont_1557_start_388464 2 14976 15000 -edge_1_0_+disjointig_1_0_998763 387586 402560 998763 -1 -1 12280 0.038962
Chain
	Aln	0	-HG003_ont_1557_start_388464 23 14997 15000 +edge_1_0_+disjointig_1_0_998763 596202 611176 998763 -1 -1 12280 0.038962
Chain
	Aln	1	+HG003_ont_1560_start_325077 23 14972 15000 -edge_1_0_+disjointig_1_0_998763 324220 339169 998763 -1 -1 12323 0.0396383
Chain
	Aln	0	-HG003_ont_1560_start_325077 27 14976 15000 +edge_1_0_+disjointig_1_0_998763 659593 674542 998763 -1 -1 12323 0.0396383
Chain
	Aln	1	+HG003_ont_1558_start_143809 3 14997 15000 -edge_1_0_+disjointig_1_0_998763 142932 157926 998763 -1 -1 11890 0.044447
Chain
	Aln	0	-HG003_ont_1558_start_143809 2 14996 15000 +edge_1_0_+disjointig_1_0_998763 840836 855830 998763 -1 -1 11890 0.044447
Chain
	Aln	1	+HG003_ont_1564_start_807608 0 14968 15000 -edge_1_0_+disjointig_1_0_998763 806728 821696 998763 -1 -1 12136 0.0415557
Chain
	Aln	0	-HG003_ont_1564_start_807608 31 14999 15000 +edge_1_0_+disjointig_1_0_998763 177066 192034 998763 -1 -1 12136 0.0415557
Chain
	Aln	1	+HG003_ont_1563_start_356101 1 14984 15000 -edge_1_0_+disjointig_1_0_998763 355222 370205 998763 -1 -1 11888 0.0437559
Chain
	Aln	0	-HG003_ont_1563_start_356101 15 14998 15000 +edge_1_0_+disjointig_1_0_998763 628557 643540 998763 -1 -1 11888 0.0437559
Chain
	Aln	1	+HG003_ont_1561_start_274999 14 14998 15000 -edge_1_0_+disjointig_1_0_998763 274133 289117 998763 -1 -1 12482 0.0399072
Chain
	Aln	0	-HG003_ont_1561_start_274999 1 14985 15000 +edge_1_0_+disjointig_1_0_998763 709645 724629 998763 -1 -1 12482 0.0399072
Chain
	Aln	1	+HG003_ont_1562_start_285395 11 14998 15000 -edge_1_0_+disjointig_1_0_998763 284526 299513 998763 -1 -1 12548 0.0370059
Chain
	Aln	0	-HG003_ont_1562_start_285395 1 14988 15000 +edge_1_0_+disjointig_1_0_998763 699249 714236 998763 -1 -1 12548 0.0370059
Chain
	Aln	1	+HG003_ont_1566_start_863431 28 14981 15000 -edge_1_0_+disjointig_1_0_998763 862579 877532 998763 -1 -1 12341 0.0386589
Chain
	Aln	0	-HG003_ont_1566_start_863431 18 14971 15000 +edge_1_0_+disjointig_1_0_998763 121230 136183 998763 -1 -1 12341 0.0386589
Chain
	Aln	1	+HG003_ont_1565_start_865848 17 14989 15000 -edge_1_0_+disjointig_1_0_998763 864985 879957 998763 -1 -1 12340 0.0408431
Chain
	Aln	0	-HG003_ont_1565_start_865848 10 14982 15000 +edge_1_0_+disjointig_1_0_998763 118805 133777 998763 -1 -1 12340 0.0408431
Chain
	Aln	1	+HG003_ont_1567_start_170224 1 14998 15000 -edge_1_0_+disjointig_1_0_998763 169345 184342 998763 -1 -1 12402 0.0387332
Chain
	Aln	0	-HG003_ont_1567_start_170224 1 14998 15000 +edge_1_0_+disjointig_1_0_998763 814420 829417 998763 -1 -1 12402 0.0387332
Chain
	Aln	1	+HG003_ont_1568_start_549508 1 14997 15000 -edge_1_0_+disjointig_1_0_998763 548629 563625 998763 -1 -1 12255 0.0401015
Chain
	Aln	0	-HG003_ont_1568_start_549508 2 14998 15000 +edge_1_0_+disjointig_1_0_998763 435137 450133 998763 -1 -1 12255 0.0401015
Chain
	Aln	1	+HG003_ont_1569_start_911268 1 14984 15000 -edge_1_0_+disjointig_1_0_998763 910389 925372 998763 -1 -1 12345 0.039973
Chain
	Aln	0	-HG003_ont_1569_start_911268 15 14998 15000 +edge_1_0_+disjointig_1_0_998763 73390 88373 998763 -1 -1 12345 0.039973
Chain
	Aln	1	+HG003_ont_1570_start_183859 13 14998 15000 -edge_1_0_+disjointig_1_0_998763 182992 197977 998763 -1 -1 12241 0.0394257
Chain
	Aln	0	-HG003_ont_1570_start_183859 1 14986 15000 +edge_1_0_+disjointig_1_0_998763 800785 815770 998763 -1 -1 12241 0.0394257
Chain
	Aln	1	+HG003_ont_1572_start_836240 34 14985 15000 -edge_1_0_+disjointig_1_0_998763 835394 850345 998763 -1 -1 12450 0.0415366
Chain
	Aln	0	-HG003_ont_1572_start_836240 14 14965 15000 +edge_1_0_+disjointig_1_0_998763 148417 163368 998763 -1 -1 12450 0.0415366
Chain
	Aln	1	+HG003_ont_1571_start_338085 31 14998 15000 -edge_1_0_+disjointig_1_0_998763 337236 352203 998763 -1 -1 11947 0.0443995
Chain
	Aln	0	-HG003_ont_1571_start_338085 1 14968 15000 +edge_1_0_+disjointig_1_0_998763 646559 661526 998763 -1 -1 11947 0.0443995
Chain
	Aln	1	+HG003_ont_1574_start_650295 4 14998 15000 -edge_1_0_+disjointig_1_0_998763 649419 664413 998763 -1 -1 12457 0.0402645
Chain
	Aln	0	-HG003_ont_1574_start_650295 1 14995 15000 +edge_1_0_+disjointig_1_0_998763 334349 349343 998763 -1 -1 12457 0.0402645
Chain
	Aln	1	+HG003_ont_1573_start_460948 1 14984 15000 -edge_1_0_+disjointig_1_0_998763 460069 475052 998763 -1 -1 12218 0.0403382
Chain
	Aln	0	-HG003_ont_1573_start_460948 15 14998 15000 +edge_1_0_+disjointig_1_0_998763 523710 538693 998763 -1 -1 12218 0.0403382
Chain
	Aln	1	+HG003_ont_1575_start_562455 0 14983 15000 -edge_1_0_+disjointig_1_0_998763 561575 576558 998763 -1 -1 12260 0.0417741
Chain
	Aln	0	-HG003_ont_1575_start_562455 16 14999 15000 +edge_1_0_+disjointig_1_0_998763 422204 437187 998763 -1 -1 12260 0.0417741
Chain
	Aln	1	+HG003_ont_1576_start_967842 1 14998 15000 -edge_1_0_+disjointig_1_0_998763 966963 981960 998763 -1 -1 12502 0.0378607
Chain
	Aln	0	-HG003_ont_1576_start_967842 1 14998 15000 +edge_1_0_+disjointig_1_0_998763 16802 31799 998763 -1 -1 12502 0.0378607
Chain
	Aln	1	+HG003_ont_1578_start_884324 13 14982 15000 -edge_1_0_+disjointig_1_0_998763 883457 898426 998763 -1 -1 12300 0.0403924
Chain
	Aln	0	-HG003_ont_1578_start_884324 17 14986 15000 +edge_1_0_+disjointig_1_0_998763 100336 115305 998763 -1 -1 12300 0.0403924
Chain
	Aln	1	+HG003_ont_1577_start_485367 12 14998 15000 -edge_1_0_+disjointig_1_0_998763 484499 499485 998763 -1 -1 12057 0.0432987
Chain
	Aln	0	-HG003_ont_1577_start_485367 1 14987 15000 +edge_1_0_+disjointig_1_0_998763 499277 514263 998763 -1 -1 12057 0.0432987
Chain
	Aln	1	+HG003_ont_1579_start_235908 16 14998 15000 -edge_1_0_+disjointig_1_0_998763 235044 250026 998763 -1 -1 12162 0.0416585
Chain
	Aln	0	-HG003_ont_1579_start_235908 1 14983 15000 +edge_1_0_+disjointig_1_0_998763 748736 763718 998763 -1 -1 12162 0.0416585
Chain
	Aln	1	+HG003_ont_1580_start_366472 0 14970 15000 -edge_1_0_+disjointig_1_0_998763 365592 380562 998763 -1 -1 12535 0.0393208
Chain
	Aln	0	-HG003_ont_1580_start_366472 29 14999 15000 +edge_1_0_+disjointig_1_0_998763 618200 633170 998763 -1 -1 12535 0.0393208
Chain
	Aln	1	+HG003_ont_1581_start_849099 1 14998 15000 -edge_1_0_+disjointig_1_0_998763 848220 863217 998763 -1 -1 12418 0.0392202
Chain
	Aln	0	-HG003_ont_1581_start_849099 1 14998 15000 +edge_1_0_+disjointig_1_0_998763 135545 150542 998763 -1 -1 12418 0.0392202
Chain
	Aln	1	+HG003_ont_1582_start_335622 39 14981 15000 -edge_1_0_+disjointig_1_0_998763 334781 349723 998763 -1 -1 12340 0.0399747
Chain
	Aln	0	-HG003_ont_1582_start_335622 18 14960 15000 +edge_1_0_+disjointig_1_0_998763 649039 663981 998763 -1 -1 12340 0.0399747
Chain
	Aln	1	+HG003_ont_1583_start_923341 1 14992 15000 -edge_1_0_+disjointig_1_0_998763 922462 937453 998763 -1 -1 12313 0.041257
Chain
	Aln	0	-HG003_ont_1583_start_923341 7 14998 15000 +edge_1_0_+disjointig_1_0_998763 61309 76300 998763 -1 -1 12313 0.041257
Chain
	Aln	1	+HG003_ont_1584_start_534360 16 14998 15000 -edge_1_0_+disjointig_1_0_998763 533496 548478 998763 -1 -1 12067 0.0435953
Chain
	Aln	0	-HG003_ont_1584_start_534360 1 14983 15000 +edge_1_0_+disjointig_1_0_998763 450284 465266 998763 -1 -1 12067 0.0435953
Chain
	Aln	1	+HG003_ont_1585_start_879774 18 14998 15000 -edge_1_0_+disjointig_1_0_998763 878912 893892 998763 -1 -1 12181 0.0431769
Chain
	Aln	0	-HG003_ont_1585_start_879774 1 14981 15000 +edge_1_0_+disjointig_1_0_998763 104870 119850 998763 -1 -1 12181 0.0431769
Chain
	Aln	1	+HG003_ont_1587_start_715517 1 14964 15000 -edge_1_0_+disjointig_1_0_998763 714638 729601 998763 -1 -1 12350 0.0404782
Chain
	Aln	0	-HG003_ont_1587_start_715517 35 14998 15000 +edge_1_0_+disjointig_1_0_998763 269161 284124 998763 -1 -1 12350 0.0404782
Chain
	Aln	1	+HG003_ont_1588_start_786693 10 14982 15000 -edge_1_0_+disjointig_1_0_998763 785823 800795 998763 -1 -1 12093 0.0425594
Chain
	Aln	0	-HG003_ont_1588_start_786693 17 14989 15000 +edge_1_0_+disjointig_1_0_998763 197967 212939 998763 -1 -1 12093 0.0425594
Chain
	Aln	1	+HG003_ont_1586_start_181647 33 14986 15000 -edge_1_0_+disjointig_1_0_998763 180800 195753 998763 -1 -1 12447 0.0393153
Chain
	Aln	0	-HG003_ont_1586_start_181647 13 14966 15000 +edge_1_0_+disjointig_1_0_998763 803009 817962 998763 -1 -1 12447 0.0393153
Chain
	Aln	1	+HG003_ont_1589_start_942371 0 14978 15000 -edge_1_0_+disjointig_1_0_998763 941491 956469 998763 -1 -1 12158 0.0411664
Chain
	Aln	0	-HG003_ont_1589_start_942371 21 14999 15000 +edge_1_0_+disjointig_1_0_998763 42293 57271 998763 -1 -1 12158 0.0411664
Chain
	Aln	1	+HG003_ont_1590_start_206524 4 14979 15000 -edge_1_0_+disjointig_1_0_998763 205648 220623 998763 -1 -1 12283 0.0390651
Chain
	Aln	0	-HG003_ont_1590_start_206524 20 14995 15000 +edge_1_0_+disjointig_1_0_998763 778139 793114 998763 -1 -1 12283 0.0390651
Chain
	Aln	1	+HG003_ont_1592_start_314303 1 14995 15000 -edge_1_0_+disjointig_1_0_998763 313424 328418 998763 -1 -1 12299 0.0396301
Chain
	Aln	0	-HG003_ont_1592_start_314303 4 14998 15000 +edge_1_0_+disjointig_1_0_998763 670344 685338 998763 -1 -1 12299 0.0396301
Chain
	Aln	1	+HG003_ont_1591_start_2484 5 14986 15000 -edge_1_0_+disjointig_1_0_998763 1609 16590 998763 -1 -1 12591 0.0374926
Chain
	Aln	0	-HG003_ont_1591_start_2484 13 14994 15000 +edge_1_0_+disjointig_1_0_998763 982172 997153 998763 -1 -1 12591 0.0374926
Chain
	Aln	1	+HG003_ont_1593_start_513376 7 14985 15000 -edge_1_0_+disjointig_1_0_998763 512503 527481 998763 -1 -1 12289 0.0398914
Chain
	Aln	0	-HG003_ont_1593_start_513376 14 14992 15000 +edge_1_0_+disjointig_1_0_998763 471281 486259 998763 -1 -1 12289 0.0398914
Chain
	Aln	1	+HG003_ont_1594_start_81847 1 14995 15000 -edge_1_0_+disjointig_1_0_998763 80968 95962 998763 -1 -1 12253 0.039738
Chain
	Aln	0	-HG003_ont_1594_start_81847 4 14998 15000 +edge_1_0_+disjointig_1_0_998763 902800 917794 998763 -1 -1 12253 0.039738
Chain
	Aln	1	+HG003_ont_1595_start_307582 1 14998 15000 -edge_1_0_+disjointig_1_0_998763 306703 321700 998763 -1 -1 12067 0.0440509
Chain
	Aln	0	-HG003_ont_1595_start_307582 1 14998 15000 +edge_1_0_+disjointig_1_0_998763 677062 692059 998763 -1 -1 12067 0.0440509
Chain
	Aln	1	+HG003_ont_1596_start_440467 1 14983 15000 -edge_1_0_+disjointig_1_0_998763 439588 454570 998763 -1 -1 12278 0.0408667
Chain
	Aln	0	-HG003_ont_1596_start_440467 16 14998 15000 +edge_1_0_+disjointig_1_0_998763 544192 559174 998763 -1 -1 12278 0.0408667
Chain
	Aln	1	+HG003_ont_1597_start_483634 1 14979 15000 -edge_1_0_+disjointig_1_0_998763 482755 497733 998763 -1 -1 12315 0.0403107
Chain
	Aln	0	-HG003_ont_1597_start_483634 20 14998 15000 +edge_1_0_+disjointig_1_0_998763 501029 516007 998763 -1 -1 12315 0.0403107
Chain
	Aln	1	+HG003_ont_1598_start_287580 28 14998 15000 -edge_1_0_+disjointig_1_0_998763 286728 301698 998763 -1 -1 12625 0.0374346
Chain
	Aln	0	-HG003_ont_1598_start_287580 1 14971 15000 +edge_1_0_+disjointig_1_0_998763 697064 712034 998763 -1 -1 12625 0.0374346
Chain
	Aln	1	+HG003_ont_1599_start_953804 4 14998 15000 -edge_1_0_+disjointig_1_0_998763 952928 967922 998763 -1 -1 12378 0.0392695
Chain
	Aln	0	-HG003_ont_1599_start_953804 1 14995 15000 +edge_1_0_+disjointig_1_0_998763 30840 45834 998763 -1 -1 12378 0.0392695
Chain
	Aln	1	+HG003_ont_1600_start_635762 3 14969 15000 -edge_1_0_+disjointig_1_0_998763 634885 649851 998763 -1 -1 12415 0.0402324
Chain
	Aln	0	-HG003_ont_1600_start_635762 30 14996 15000 +edge_1_0_+disjointig_1_0_998763 348911 363877 998763 -1 -1 12415 0.0402324
Chain
	Aln	1	+HG003_ont_1601_start_755691 0 14970 15000 -edge_1_0_+disjointig_1_0_998763 754811 769781 998763 -1 -1 12041 0.040046
Chain
	Aln	0	-HG003_ont_1601_start_755691 29 14999 15000 +edge_1_0_+disjointig_1_0_998763 228981 243951 998763 -1 -1 12041 0.040046
Chain
	Aln	1	+HG003_ont_1603_start_418980 19 14958 15000 -edge_1_0_+disjointig_1_0_998763 418119 433058 998763 -1 -1 12112 0.0418894
Chain
	Aln	0	-HG003_ont_1603_start_418980 41 14980 15000 +edge_1_0_+disjointig_1_0_998763 565704 580643 998763 -1 -1 12112 0.0418894
Chain
	Aln	1	+HG003_ont_1602_start_514052 12 14988 15000 -edge_1_0_+disjointig_1_0_998763 513184 528160 998763 -1 -1 12655 0.0369995
Chain
	Aln	0	-HG003_ont_1602_start_514052 11 14987 15000 +edge_1_0_+disjointig_1_0_998763 470602 485578 998763 -1 -1 12655 0.0369995
Chain
	Aln	1	+HG003_ont_1604_start_494450 1 14998 15000 -edge_1_0_+disjointig_1_0_998763 493571 508568 998763 -1 -1 12061 0.0416297
Chain
	Aln	0	-HG003_ont_1604_start_494450 1 14998 15000 +edge_1_0_+disjointig_1_0_998763 490194 505191 998763 -1 -1 12061 0.0416297
Chain
	Aln	1	+HG003_ont_1605_start_615602 0 14983 15000 -edge_1_0_+disjointig_1_0_998763 614722 629705 998763 -1 -1 12498 0.0399033
Chain
	Aln	0	-HG003_ont_1605_start_615602 16 14999 15000 +edge_1_0_+disjointig_1_0_998763 369057 384040 998763 -1 -1 12498 0.0399033
Chain
	Aln	1	+HG003_ont_1607_start_346101 9 14985 15000 -edge_1_0_+disjointig_1_0_998763 345230 360206 998763 -1 -1 12268 0.0406703
Chain
	Aln	0	-HG003_ont_1607_start_346101 14 14990 15000 +edge_1_0_+disjointig_1_0_998763 638556 653532 998763 -1 -1 12268 0.0406703
Chain
	Aln	1	+HG003_ont_1606_start_227786 1 14985 15000 -edge_1_0_+disjointig_1_0_998763 226907 241891 998763 -1 -1 12209 0.0421868
Chain
	Aln	0	-HG003_ont_1606_start_227786 14 14998 15000 +edge_1_0_+disjointig_1_0_998763 756871 771855 998763 -1 -1 12209 0.0421868
Chain
	Aln	1	+HG003_ont_1608_start_30901 0 14998 15000 -edge_1_0_+disjointig_1_0_998763 30021 45019 998763 -1 -1 12266 0.042041
Chain
	Aln	0	-HG003_ont_1608_start_30901 1 14999 15000 +edge_1_0_+disjointig_1_0_998763 953743 968741 998763 -1 -1 12266 0.042041
Chain
	Aln	1	+HG003_ont_1609_start_73612 18 14998 15000 -edge_1_0_+disjointig_1_0_998763 72750 87730 998763 -1 -1 12258 0.0407645
Chain
	Aln	0	-HG003_ont_1609_start_73612 1 14981 15000 +edge_1_0_+disjointig_1_0_998763 911032 926012 998763 -1 -1 12258 0.0407645
Chain
	Aln	1	+HG003_ont_1610_start_505065 12 14983 15000 -edge_1_0_+disjointig_1_0_998763 504197 519168 998763 -1 -1 12217 0.039802
Chain
	Aln	0	-HG003_ont_1610_start_505065 16 14987 15000 +edge_1_0_+disjointig_1_0_998763 479594 494565 998763 -1 -1 12217 0.039802
Chain
	Aln	1	+HG003_ont_1611_start_438329 19 14998 15000 -edge_1_0_+disjointig_1_0_998763 437468 452447 998763 -1 -1 12210 0.0429362
Chain
	Aln	0	-HG003_ont_1611_start_438329 1 14980 15000 +edge_1_0_+disjointig_1_0_998763 546315 561294 998763 -1 -1 12210 0.0429362
Chain
	Aln	1	+HG003_ont_1612_start_727780 31 14998 15000 -edge_1_0_+disjointig_1_0_998763 726931 741898 998763 -1 -1 12247 0.0389421
Chain
	Aln	0	-HG003_ont_1612_start_727780 1 14968 15000 +edge_1_0_+disjointig_1_0_998763 256864 271831 998763 -1 -1 12247 0.0389421
Chain
	Aln	1	+HG003_ont_1613_start_308822 14 14998 15000 -edge_1_0_+disjointig_1_0_998763 307956 322940 998763 -1 -1 11903 0.0432417
Chain
	Aln	0	-HG003_ont_1613_start_308822 1 14985 15000 +edge_1_0_+disjointig_1_0_998763 675822 690806 998763 -1 -1 11903 0.0432417
Chain
	Aln	1	+HG003_ont_1614_start_490835 1 14981 15000 -edge_1_0_+disjointig_1_0_998763 489956 504936 998763 -1 -1 12501 0.0386437
Chain
	Aln	0	-HG003_ont_1614_start_490835 18 14998 15000 +edge_1_0_+disjointig_1_0_998763 493826 508806 998763 -1 -1 12501 0.0386437
Chain
	Aln	1	+HG003_ont_1615_start_57954 1 14998 15000 -edge_1_0_+disjointig_1_0_998763 57075 72072 998763 -1 -1 12349 0.0397497
Chain
	Aln	0	-HG003_ont_1615_start_57954 1 14998 15000 +edge_1_0_+disjointig_1_0_998763 926690 941687 998763 -1 -1 12349 0.0397497
Chain
	Aln	1	+HG003_ont_1616_start_716251 17 14986 15000 -edge_1_0_+disjointig_1_0_998763 715388 730357 998763 -1 -1 12548 0.039095
Chain
	Aln	0	-HG003_ont_1616_start_716251 13 14982 15000 +edge_1_0_+disjointig_1_0_998763 268405 283374 998763 -1 -1 12548 0.039095
Chain
	Aln	1	+HG003_ont_1617_start_608190 0 14997 15000 -edge_1_0_+disjointig_1_0_998763 607310 622307 998763 -1 -1 12034 0.0455377
Chain
	Aln	0	-HG003_ont_1617_start_608190 2 14999 15000 +edge_1_0_+disjointig_1_0_998763 376455 391452 998763 -1 -1 12034 0.0455377
Chain
	Aln	1	+HG003_ont_1618_start_329521 7 14998 15000 -edge_1_0_+disjointig_1_0_998763 328648 343639 998763 -1 -1 12503 0.040643
Chain
	Aln	0	-HG003_ont_1618_start_329521 1 14992 15000 +edge_1_0_+disjointig_1_0_998763 655123 670114 998763 -1 -1 12503 0.040643
Chain
	Aln	1	+HG003_ont_1619_start_963843 1 14996 15000 -edge_1_0_+disjointig_1_0_998763 962964 977959 998763 -1 -1 12154 0.039765
Chain
	Aln	0	-HG003_ont_1619_start_963843 3 14998 15000 +edge_1_0_+disjointig_1_0_998763 20803 35798 998763 -1 -1 12154 0.039765
Chain
	Aln	1	+HG003_ont_1620_start_241980 1 14998 15000 -edge_1_0_+disjointig_1_0_998763 241101 256098 998763 -1 -1 12267 0.0417732
Chain
	Aln	0	-HG003_ont_1620_start_241980 1 14998 15000 +edge_1_0_+disjointig_1_0_998763 742664 757661 998763 -1 -1 12267 0.0417732
Chain
	Aln	1	+HG003_ont_1621_start_52403 6 14998 15000 -edge_1_0_+disjointig_1_0_998763 51529 66521 998763 -1 -1 12412 0.0397378
Chain
	Aln	0	-HG003_ont_1621_start_52403 1 14993 15000 +edge_1_0_+disjointig_1_0_998763 932241 947233 998763 -1 -1 12412 0.0397378
Chain
	Aln	1	+HG003_ont_1622_start_832113 1 14994 15000 -edge_1_0_+disjointig_1_0_998763 831234 846227 998763 -1 -1 12475 0.0386494
Chain
	Aln	0	-HG003_ont_1622_start_832113 5 14998 15000 +edge_1_0_+disjointig_1_0_998763 152535 167528 998763 -1 -1 12475 0.0386494
Chain
	Aln	1	+HG003_ont_1623_start_264380 14 14990 15000 -edge_1_0_+disjointig_1_0_998763 263514 278490 998763 -1 -1 12277 0.0421232
Chain
	Aln	0	-HG003_ont_1623_start_264380 9 14985 15000 +edge_1_0_+disjointig_1_0_998763 720272 735248 998763 -1 -1 12277 0.0421232
Chain
	Aln	1	+HG003_ont_1624_start_872152 1 14996 15000 -edge_1_0_+disjointig_1_0_998763 871273 886268 998763 -1 -1 12270 0.0429013
Chain
	Aln	0	-HG003_ont_1624_start_872152 3 14998 15000 +edge_1_0_+disjointig_1_0_998763 112494 127489 998763 -1 -1 12270 0.0429013
Chain
	Aln	1	+HG003_ont_1625_start_6954 16 14992 15000 -edge_1_0_+disjointig_1_0_998763 6090 21066 998763 -1 -1 12105 0.0423487
Chain
	Aln	0	-HG003_ont_1625_start_6954 7 14983 15000 +edge_1_0_+disjointig_1_0_998763 977696 992672 998763 -1 -1 12105 0.0423487
Chain
	Aln	1	+HG003_ont_1626_start_837549 11 14998 15000 -edge_1_0_+disjointig_1_0_998763 836680 851667 998763 -1 -1 12068 0.0432126
Chain
	Aln	0	-HG003_ont_1626_start_837549 1 14988 15000 +edge_1_0_+disjointig_1_0_998763 147095 162082 998763 -1 -1 12068 0.0432126
Chain
	Aln	1	+HG003_ont_1627_start_762972 17 14998 15000 -edge_1_0_+disjointig_1_0_998763 762109 777090 998763 -1 -1 11948 0.0415749
Chain
	Aln	0	-HG003_ont_1627_start_762972 1 14982 15000 +edge_1_0_+disjointig_1_0_998763 221672 236653 998763 -1 -1 11948 0.0415749
Chain
	Aln	1	+HG003_ont_1628_start_621864 1 14981 15000 -edge_1_0_+disjointig_1_0_998763 620985 635965 998763 -1 -1 12527 0.0399147
Chain
	Aln	0	-HG003_ont_1628_start_621864 18 14998 15000 +edge_1_0_+disjointig_1_0_998763 362797 377777 998763 -1 -1 12527 0.0399147
Chain
	Aln	1	+HG003_ont_1629_start_620270 0 14965 15000 -edge_1_0_+disjointig_1_0_998763 619390 634355 998763 -1 -1 12135 0.0423216
Chain
	Aln	0	-HG003_ont_1629_start_620270 34 14999 15000 +edge_1_0_+disjointig_1_0_998763 364407 379372 998763 -1 -1 12135 0.0423216
Chain
	Aln	1	+HG003_ont_1630_start_9135 8 14977 15000 -edge_1_0_+disjointig_1_0_998763 8263 23232 998763 -1 -1 12477 0.0396398
Chain
	Aln	0	-HG003_ont_1630_start_9135 22 14991 15000 +edge_1_0_+disjointig_1_0_998763 975530 990499 998763 -1 -1 12477 0.0396398
Chain
	Aln	1	+HG003_ont_1631_start_554128 28 14998 15000 -edge_1_0_+disjointig_1_0_998763 553276 568246 998763 -1 -1 12313 0.0427138
Chain
	Aln	0	-HG003_ont_1631_start_554128 1 14971 15000 +edge_1_0_+disjointig_1_0_998763 430516 445486 998763 -1 -1 12313 0.0427138
Chain
	Aln	1	+HG003_ont_1632_start_176543 1 14998 15000 -edge_1_0_+disjointig_1_0_998763 175664 190661 998763 -1 -1 11858 0.0443253
Chain
	Aln	0	-HG003_ont_1632_start_176543 1 14998 15000 +edge_1_0_+disjointig_1_0_998763 808101 823098 998763 -1 -1 11858 0.0443253
Chain
	Aln	1	+HG003_ont_1633_start_400559 1 14998 15000 -edge_1_0_+disjointig_1_0_998763 399680 414677 998763 -1 -1 12172 0.0446428
Chain
	Aln	0	-HG003_ont_1633_start_400559 1 14998 15000 +edge_1_0_+disjointig_1_0_998763 584085 599082 998763 -1 -1 12172 0.0446428
Chain
	Aln	1	+HG003_ont_1634_start_914194 13 14972 15000 -edge_1_0_+disjointig_1_0_998763 913327 928286 998763 -1 -1 12100 0.0411709
Chain
	Aln	0	-HG003_ont_1634_start_914194 27 14986 15000 +edge_1_0_+disjointig_1_0_998763 70476 85435 998763 -1 -1 12100 0.0411709
Chain
	Aln	1	+HG003_ont_1635_start_547077 1 14981 15000 -edge_1_0_+disjointig_1_0_998763 546198 561178 998763 -1 -1 12256 0.041412
Chain
	Aln	0	-HG003_ont_1635_start_547077 18 14998 15000 +edge_1_0_+disjointig_1_0_998763 437584 452564 998763 -1 -1 12256 0.041412
Chain
	Aln	1	+HG003_ont_1636_start_679514 7 14989 15000 -edge_1_0_+disjointig_1_0_998763 678641 693623 998763 -1 -1 12304 0.0396677
Chain
	Aln	0	-HG003_ont_1636_start_679514 10 14992 15000 +edge_1_0_+disjointig_1_0_998763 305139 320121 998763 -1 -1 12304 0.0396677
Chain
	Aln	1	+HG003_ont_1637_start_81276 26 14992 15000 -edge_1_0_+disjointig_1_0_998763 80422 95388 998763 -1 -1 12351 0.0396126
Chain
	Aln	0	-HG003_ont_1637_start_81276 7 14973 15000 +edge_1_0_+disjointig_1_0_998763 903374 918340 998763 -1 -1 12351 0.0396126
Chain
	Aln	1	+HG003_ont_1638_start_211625 14 14988 15000 -edge_1_0_+disjointig_1_0_998763 210759 225733 998763 -1 -1 12083 0.0434322
Chain
	Aln	0	-HG003_ont_1638_start_211625 11 14985 15000 +edge_1_0_+disjointig_1_0_998763 773029 788003 998763 -1 -1 12083 0.0434322
Chain
	Aln	1	+HG003_ont_1639_start_5235 26 14998 15000 -edge_1_0_+disjointig_1_0_998763 4381 19353 998763 -1 -1 12337 0.0413726
Chain
	Aln	0	-HG003_ont_1639_start_5235 1 14973 15000 +edge_1_0_+disjointig_1_0_998763 979409 994381 998763 -1 -1 12337 0.0413726
Chain
	Aln	1	+HG003_ont_1640_start_224841 4 14998 15000 -edge_1_0_+disjointig_1_0_998763 223965 238959 998763 -1 -1 12106 0.0422824
Chain
	Aln	0	-HG003_ont_1640_start_224841 1 14995 15000 +edge_1_0_+disjointig_1_0_998763 759803 774797 998763 -1 -1 12106 0.0422824
Chain
	Aln	1	+HG003_ont_1641_start_168545 1 14998 15000 -edge_1_0_+disjointig_1_0_998763 167666 182663 998763 -1 -1 12162 0.0421012
Chain
	Aln	0	-HG003_ont_1641_start_168545 1 14998 15000 +edge_1_0_+disjointig_1_0_998763 816099 831096 998763 -1 -1 12162 0.0421012
Chain
	Aln	1	+HG003_ont_1642_start_347551 16 14983 15000 -edge_1_0_+disjointig_1_0_998763 346687 361654 998763 -1 -1 12389 0.0389574
Chain
	Aln	0	-HG003_ont_1642_start_347551 16 14983 15000 +edge_1_0_+disjointig_1_0_998763 637108 652075 998763 -1 -1 12389 0.0389574
Chain
	Aln	1	+HG003_ont_1643_start_757659 9 14991 15000 -edge_1_0_+disjointig_1_0_998763 756788 771770 998763 -1 -1 12257 0.0397834
Chain
	Aln	0	-HG003_ont_1643_start_757659 8 14990 15000 +edge_1_0_+disjointig_1_0_998763 226992 241974 998763 -1 -1 12257 0.0397834
Chain
	Aln	1	+HG003_ont_1644_start_556061 1 14987 15000 -edge_1_0_+disjointig_1_0_998763 555182 570168 998763 -1 -1 12042 0.0455626
Chain
	Aln	0	-HG003_ont_1644_start_556061 12 14998 15000 +edge_1_0_+disjointig_1_0_998763 428594 443580 998763 -1 -1 12042 0.0455626
Chain
	Aln	1	+HG003_ont_1646_start_955367 1 14998 15000 -edge_1_0_+disjointig_1_0_998763 954488 969485 998763 -1 -1 12072 0.0421815
Chain
	Aln	0	-HG003_ont_1646_start_955367 1 14998 15000 +edge_1_0_+disjointig_1_0_998763 29277 44274 998763 -1 -1 12072 0.0421815
Chain
	Aln	1	+HG003_ont_1647_start_120517 1 14998 15000 -edge_1_0_+disjointig_1_0_998763 119638 134635 998763 -1 -1 12179 0.0428685
Chain
	Aln	0	-HG003_ont_1647_start_120517 1 14998 15000 +edge_1_0_+disjointig_1_0_998763 864127 879124 998763 -1 -1 12179 0.0428685
Chain
	Aln	1	+HG003_ont_1645_start_176907 18 14988 15000 -edge_1_0_+disjointig_1_0_998763 176045 191015 998763 -1 -1 12355 0.0392289
Chain
	Aln	0	-HG003_ont_1645_start_176907 11 14981 15000 +edge_1_0_+disjointig_1_0_998763 807747 822717 998763 -1 -1 12355 0.0392289
Chain
	Aln	1	+HG003_ont_1648_start_437043 1 14997 15000 -edge_1_0_+disjointig_1_0_998763 436164 451160 998763 -1 -1 12205 0.0422661
Chain
	Aln	0	-HG003_ont_1648_start_437043 2 14998 15000 +edge_1_0_+disjointig_1_0_998763 547602 562598 998763 -1 -1 12205 0.0422661
Chain
	Aln	1	+HG003_ont_1649_start_308772 17 14998 15000 -edge_1_0_+disjointig_1_0_998763 307909 322890 998763 -1 -1 12483 0.0398877
Chain
	Aln	0	-HG003_ont_1649_start_308772 1 14982 15000 +edge_1_0_+disjointig_1_0_998763 675872 690853 998763 -1 -1 12483 0.0398877
Chain
	Aln	1	+HG003_ont_1650_start_277069 1 14998 15000 -edge_1_0_+disjointig_1_0_998763 276190 291187 998763 -1 -1 12632 0.0404087
Chain
	Aln	0	-HG003_ont_1650_start_277069 1 14998 15000 +edge_1_0_+disjointig_1_0_998763 707575 722572 998763 -1 -1 12632 0.0404087
Chain
	Aln	1	+HG003_ont_1651_start_90796 10 14998 15000 -edge_1_0_+disjointig_1_0_998763 89926 104914 998763 -1 -1 12367 0.0399462
Chain
	Aln	0	-HG003_ont_1651_start_90796 1 14989 15000 +edge_1_0_+disjointig_1_0_998763 893848 908836 998763 -1 -1 12367 0.0399462
Chain
	Aln	1	+HG003_ont_1652_start_252665 1 14967 15000 -edge_1_0_+disjointig_1_0_998763 251786 266752 998763 -1 -1 12094 0.0422691
Chain
	Aln	0	-HG003_ont_1652_start_252665 32 14998 15000 +edge_1_0_+disjointig_1_0_998763 732010 746976 998763 -1 -1 12094 0.0422691
Chain
	Aln	1	+HG003_ont_1654_start_968086 1 14998 15000 -edge_1_0_+disjointig_1_0_998763 967207 982204 998763 -1 -1 11986 0.0441921
Chain
	Aln	0	-HG003_ont_1654_start_968086 1 14998 15000 +edge_1_0_+disjointig_1_0_998763 16558 31555 998763 -1 -1 11986 0.0441921
Chain
	Aln	1	+HG003_ont_1653_start_796784 0 14939 15000 -edge_1_0_+disjointig_1_0_998763 795904 810843 998763 -1 -1 12097 0.0402354
Chain
	Aln	0	-HG003_ont_1653_start_796784 60 14999 15000 +edge_1_0_+disjointig_1_0_998763 187919 202858 998763 -1 -1 12097 0.0402354
Chain
	Aln	1	+HG003_ont_1655_start_297503 11 14991 15000 -edge_1_0_+disjointig_1_0_998763 296634 311614 998763 -1 -1 12097 0.042429
Chain
	Aln	0	-HG003_ont_1655_start_297503 8 14988 15000 +edge_1_0_+disjointig_1_0_998763 687148 702128 998763 -1 -1 12097 0.042429
Chain
	Aln	1	+HG003_ont_1656_start_453415 1 14998 15000 -edge_1_0_+disjointig_1_0_998763 452536 467533 998763 -1 -1 12471 0.039796
Chain
	Aln	0	-HG003_ont_1656_start_453415 1 14998 15000 +edge_1_0_+disjointig_1_0_998763 531229 546226 998763 -1 -1 12471 0.039796
Chain
	Aln	1	+HG003_ont_1658_start_728909 1 14985 15000 -edge_1_0_+disjointig_1_0_998763 728030 743014 998763 -1 -1 12292 0.0389099
Chain
	Aln	0	-HG003_ont_1658_start_728909 14 14998 15000 +edge_1_0_+disjointig_1_0_998763 255748 270732 998763 -1 -1 12292 0.0389099
Chain
	Aln	1	+HG003_ont_1659_start_721319 1 14998 15000 -edge_1_0_+disjointig_1_0_998763 720440 735437 998763 -1 -1 12329 0.0411541
Chain
	Aln	0	-HG003_ont_1659_start_721319 1 14998 15000 +edge_1_0_+disjointig_1_0_998763 263325 278322 998763 -1 -1 12329 0.0411541
Chain
	Aln	1	+HG003_ont_1657_start_488030 1 14982 15000 -edge_1_0_+disjointig_1_0_998763 487151 502132 998763 -1 -1 12046 0.0420706
Chain
	Aln	0	-HG003_ont_1657_start_488030 17 14998 15000 +edge_1_0_+disjointig_1_0_998763 496630 511611 998763 -1 -1 12046 0.0420706
Chain
	Aln	1	+HG003_ont_1660_start_834796 34 14998 15000 -edge_1_0_+disjointig_1_0_998763 833950 848914 998763 -1 -1 11907 0.0415798
Chain
	Aln	0	-HG003_ont_1660_start_834796 1 14965 15000 +edge_1_0_+disjointig_1_0_998763 149848 164812 998763 -1 -1 11907 0.0415798
Chain
	Aln	1	+HG003_ont_1661_start_67455 1 14973 15000 -edge_1_0_+disjointig_1_0_998763 66576 81548 998763 -1 -1 12412 0.0395361
Chain
	Aln	0	-HG003_ont_1661_start_67455 26 14998 15000 +edge_1_0_+disjointig_1_0_998763 917214 932186 998763 -1 -1 12412 0.0395361
Chain
	Aln	1	+HG003_ont_1663_start_770028 12 14998 15000 -edge_1_0_+disjointig_1_0_998763 769160 784146 998763 -1 -1 12284 0.0407096
Chain
	Aln	0	-HG003_ont_1663_start_770028 1 14987 15000 +edge_1_0_+disjointig_1_0_998763 214616 229602 998763 -1 -1 12284 0.0407096
Chain
	Aln	1	+HG003_ont_1662_start_486914 1 14998 15000 -edge_1_0_+disjointig_1_0_998763 486035 501032 998763 -1 -1 12398 0.0406118
Chain
	Aln	0	-HG003_ont_1662_start_486914 1 14998 15000 +edge_1_0_+disjointig_1_0_998763 497730 512727 998763 -1 -1 12398 0.0406118
Chain
	Aln	1	+HG003_ont_1664_start_547985 1 14998 15000 -edge_1_0_+disjointig_1_0_998763 547106 562103 998763 -1 -1 12102 0.0406744
Chain
	Aln	0	-HG003_ont_1664_start_547985 1 14998 15000 +edge_1_0_+disjointig_1_0_998763 436659 451656 998763 -1 -1 12102 0.0406744
Chain
	Aln	1	+HG003_ont_1665_start_487290 1 14998 15000 -edge_1_0_+disjointig_1_0_998763 486411 501408 998763 -1 -1 12158 0.0429092
Chain
	Aln	0	-HG003_ont_1665_start_487290 1 14998 15000 +edge_1_0_+disjointig_1_0_998763 497354 512351 998763 -1 -1 12158 0.0429092
Chain
	Aln	1	+HG003_ont_1666_start_960457 1 14991 15000 -edge_1_0_+disjointig_1_0_998763 959578 974568 998763 -1 -1 12299 0.0423876
Chain
	Aln	0	-HG003_ont_1666_start_960457 8 14998 15000 +edge_1_0_+disjointig_1_0_998763 24194 39184 998763 -1 -1 12299 0.0423876
Chain
	Aln	1	+HG003_ont_1668_start_98450 1 14996 15000 -edge_1_0_+disjointig_1_0_998763 97571 112566 998763 -1 -1 12291 0.0383552
Chain
	Aln	0	-HG003_ont_1668_start_98450 3 14998 15000 +edge_1_0_+disjointig_1_0_998763 886196 901191 998763 -1 -1 12291 0.0383552
Chain
	Aln	1	+HG003_ont_1667_start_399142 1 14998 15000 -edge_1_0_+disjointig_1_0_998763 398263 413260 998763 -1 -1 12545 0.0386196
Chain
	Aln	0	-HG003_ont_1667_start_399142 1 14998 15000 +edge_1_0_+disjointig_1_0_998763 585502 600499 998763 -1 -1 12545 0.0386196
Chain
	Aln	1	+HG003_ont_1669_start_224456 1 14997 15000 -edge_1_0_+disjointig_1_0_998763 223577 238573 998763 -1 -1 12285 0.0406157
Chain
	Aln	0	-HG003_ont_1669_start_224456 2 14998 15000 +edge_1_0_+disjointig_1_0_998763 760189 775185 998763 -1 -1 12285 0.0406157
Chain
	Aln	1	+HG003_ont_1670_start_618439 0 14998 15000 -edge_1_0_+disjointig_1_0_998763 617559 632557 998763 -1 -1 12452 0.0403191
Chain
	Aln	0	-HG003_ont_1670_start_618439 1 14999 15000 +edge_1_0_+disjointig_1_0_998763 366205 381203 998763 -1 -1 12452 0.0403191
Chain
	Aln	1	+HG003_ont_1672_start_458106 1 14998 15000 -edge_1_0_+disjointig_1_0_998763 457227 472224 998763 -1 -1 12647 0.0366708
Chain
	Aln	0	-HG003_ont_1672_start_458106 1 14998 15000 +edge_1_0_+disjointig_1_0_998763 526538 541535 998763 -1 -1 12647 0.0366708
Chain
	Aln	1	+HG003_ont_1671_start_630872 1 14998 15000 -edge_1_0_+disjointig_1_0_998763 629993 644990 998763 -1 -1 12523 0.0398887
Chain
	Aln	0	-HG003_ont_1671_start_630872 1 14998 15000 +edge_1_0_+disjointig_1_0_998763 353772 368769 998763 -1 -1 12523 0.0398887
Chain
	Aln	1	+HG003_ont_1673_start_221837 44 14998 15000 -edge_1_0_+disjointig_1_0_998763 221001 235955 998763 -1 -1 12143 0.042343
Chain
	Aln	0	-HG003_ont_1673_start_221837 1 14955 15000 +edge_1_0_+disjointig_1_0_998763 762807 777761 998763 -1 -1 12143 0.042343
Chain
	Aln	1	+HG003_ont_1674_start_69639 1 14998 15000 -edge_1_0_+disjointig_1_0_998763 68760 83757 998763 -1 -1 12404 0.038961
Chain
	Aln	0	-HG003_ont_1674_start_69639 1 14998 15000 +edge_1_0_+disjointig_1_0_998763 915005 930002 998763 -1 -1 12404 0.038961
Chain
	Aln	1	+HG003_ont_1675_start_246770 4 14980 15000 -edge_1_0_+disjointig_1_0_998763 245894 260870 998763 -1 -1 12334 0.0423084
Chain
	Aln	0	-HG003_ont_1675_start_246770 19 14995 15000 +edge_1_0_+disjointig_1_0_998763 737892 752868 998763 -1 -1 12334 0.0423084
Chain
	Aln	1	+HG003_ont_1676_start_644822 1 14985 15000 -edge_1_0_+disjointig_1_0_998763 643943 658927 998763 -1 -1 12122 0.041858
Chain
	Aln	0	-HG003_ont_1676_start_644822 14 14998 15000 +edge_1_0_+disjointig_1_0_998763 339835 354819 998763 -1 -1 12122 0.041858
Chain
	Aln	1	+HG003_ont_1677_start_34133 17 14991 15000 -edge_1_0_+disjointig_1_0_998763 33270 48244 998763 -1 -1 12407 0.0383632
Chain
	Aln	0	-HG003_ont_1677_start_34133 8 14982 15000 +edge_1_0_+disjointig_1_0_998763 950518 965492 998763 -1 -1 12407 0.0383632
Chain
	Aln	1	+HG003_ont_1678_start_90596 1 14996 15000 -edge_1_0_+disjointig_1_0_998763 89717 104712 998763 -1 -1 12268 0.039136
Chain
	Aln	0	-HG003_ont_1678_start_90596 3 14998 15000 +edge_1_0_+disjointig_1_0_998763 894050 909045 998763 -1 -1 12268 0.039136
Chain
	Aln	1	+HG003_ont_1680_start_941043 1 14998 15000 -edge_1_0_+disjointig_1_0_998763 940164 955161 998763 -1 -1 12400 0.0413518
Chain
	Aln	0	-HG003_ont_1680_start_941043 1 14998 15000 +edge_1_0_+disjointig_1_0_998763 43601 58598 998763 -1 -1 12400 0.0413518
Chain
	Aln	1	+HG003_ont_1679_start_679641 10 14986 15000 -edge_1_0_+disjointig_1_0_998763 678771 693747 998763 -1 -1 12597 0.0393597
Chain
	Aln	0	-HG003_ont_1679_start_679641 13 14989 15000 +edge_1_0_+disjointig_1_0_998763 305015 319991 998763 -1 -1 12597 0.0393597
Chain
	Aln	1	+HG003_ont_1681_start_625790 5 14987 15000 -edge_1_0_+disjointig_1_0_998763 624915 639897 998763 -1 -1 12616 0.0380263
Chain
	Aln	0	-HG003_ont_1681_start_625790 12 14994 15000 +edge_1_0_+disjointig_1_0_998763 358865 373847 998763 -1 -1 12616 0.0380263
Chain
	Aln	1	+HG003_ont_1682_start_647103 41 14995 15000 -edge_1_0_+disjointig_1_0_998763 646264 661218 998763 -1 -1 12190 0.0418361
Chain
	Aln	0	-HG003_ont_1682_start_647103 4 14958 15000 +edge_1_0_+disjointig_1_0_998763 337544 352498 998763 -1 -1 12190 0.0418361
Chain
	Aln	1	+HG003_ont_1684_start_200523 34 14998 15000 -edge_1_0_+disjointig_1_0_998763 199677 214641 998763 -1 -1 12200 0.0402791
Chain
	Aln	0	-HG003_ont_1684_start_200523 1 14965 15000 +edge_1_0_+disjointig_1_0_998763 784121 799085 998763 -1 -1 12200 0.0402791
Chain
	Aln	1	+HG003_ont_1683_start_695837 1 14967 15000 -edge_1_0_+disjointig_1_0_998763 694958 709924 998763 -1 -1 12321 0.0421161
Chain
	Aln	0	-HG003_ont_1683_start_695837 32 14998 15000 +edge_1_0_+disjointig_1_0_998763 288838 303804 998763 -1 -1 12321 0.0421161
Chain
	Aln	1	+HG003_ont_1685_start_426147 27 14998 15000 -edge_1_0_+disjointig_1_0_998763 425294 440265 998763 -1 -1 12706 0.0367226
Chain
	Aln	0	-HG003_ont_1685_start_426147 1 14972 15000 +edge_1_0_+disjointig_1_0_998763 558497 573468 998763 -1 -1 12706 0.0367226
Chain
	Aln	1	+HG003_ont_1686_start_64476 51 14998 15000 -edge_1_0_+disjointig_1_0_998763 63647 78594 998763 -1 -1 11921 0.0410208
Chain
	Aln	0	-HG003_ont_1686_start_64476 1 14948 15000 +edge_1_0_+disjointig_1_0_998763 920168 935115 998763 -1 -1 11921 0.0410208
Chain
	Aln	1	+HG003_ont_1687_start_443820 52 14967 15000 -edge_1_0_+disjointig_1_0_998763 442992 457907 998763 -1 -1 12122 0.0414587
Chain
	Aln	0	-HG003_ont_1687_start_443820 32 14947 15000 +edge_1_0_+disjointig_1_0_998763 540855 555770 998763 -1 -1 12122 0.0414587
Chain
	Aln	1	+HG003_ont_1688_start_68536 9 14998 15000 -edge_1_0_+disjointig_1_0_998763 67665 82654 998763 -1 -1 12333 0.040965
Chain
	Aln	0	-HG003_ont_1688_start_68536 1 14990 15000 +edge_1_0_+disjointig_1_0_998763 916108 931097 998763 -1 -1 12333 0.040965
Chain
	Aln	1	+HG003_ont_1689_start_271865 23 14984 15000 -edge_1_0_+disjointig_1_0_998763 271008 285969 998763 -1 -1 12459 0.04125
Chain
	Aln	0	-HG003_ont_1689_start_271865 15 14976 15000 +edge_1_0_+disjointig_1_0_998763 712793 727754 998763 -1 -1 12459 0.04125
Chain
	Aln	1	+HG003_ont_1690_start_475306 47 14990 15000 -edge_1_0_+disjointig_1_0_998763 474473 489416 998763 -1 -1 12222 0.0417928
Chain
	Aln	0	-HG003_ont_1690_start_475306 9 14952 15000 +edge_1_0_+disjointig_1_0_998763 509346 524289 998763 -1 -1 12222 0.0417928
Chain
	Aln	1	+HG003_ont_1691_start_235929 1 14998 15000 -edge_1_0_+disjointig_1_0_998763 235050 250047 998763 -1 -1 12347 0.0384233
Chain
	Aln	0	-HG003_ont_1691_start_235929 1 14998 15000 +edge_1_0_+disjointig_1_0_998763 748715 763712 998763 -1 -1 12347 0.0384233
Chain
	Aln	1	+HG003_ont_1692_start_954590 2 14990 15000 -edge_1_0_+disjointig_1_0_998763 953712 968700 998763 -1 -1 12542 0.0383654
Chain
	Aln	0	-HG003_ont_1692_start_954590 9 14997 15000 +edge_1_0_+disjointig_1_0_998763 30062 45050 998763 -1 -1 12542 0.0383654
Chain
	Aln	1	+HG003_ont_1693_start_934651 28 14975 15000 -edge_1_0_+disjointig_1_0_998763 933799 948746 998763 -1 -1 12319 0.0383174
Chain
	Aln	0	-HG003_ont_1693_start_934651 24 14971 15000 +edge_1_0_+disjointig_1_0_998763 50016 64963 998763 -1 -1 12319 0.0383174
Chain
	Aln	1	+HG003_ont_1695_start_496061 0 14998 15000 -edge_1_0_+disjointig_1_0_998763 495181 510179 998763 -1 -1 12359 0.0400473
Chain
	Aln	0	-HG003_ont_1695_start_496061 1 14999 15000 +edge_1_0_+disjointig_1_0_998763 488583 503581 998763 -1 -1 12359 0.0400473
Chain
	Aln	1	+HG003_ont_1694_start_673606 26 14998 15000 -edge_1_0_+disjointig_1_0_998763 672752 687724 998763 -1 -1 12768 0.0361571
Chain
	Aln	0	-HG003_ont_1694_start_673606 1 14973 15000 +edge_1_0_+disjointig_1_0_998763 311038 326010 998763 -1 -1 12768 0.0361571
Chain
	Aln	1	+HG003_ont_1696_start_848409 11 14992 15000 -edge_1_0_+disjointig_1_0_998763 847540 862521 998763 -1 -1 12107 0.0420947
Chain
	Aln	0	-HG003_ont_1696_start_848409 7 14988 15000 +edge_1_0_+disjointig_1_0_998763 136241 151222 998763 -1 -1 12107 0.0420947
Chain
	Aln	1	+HG003_ont_1697_start_376615 0 14988 15000 -edge_1_0_+disjointig_1_0_998763 375735 390723 998763 -1 -1 12542 0.0389713
Chain
	Aln	0	-HG003_ont_1697_start_376615 11 14999 15000 +edge_1_0_+disjointig_1_0_998763 608039 623027 998763 -1 -1 12542 0.0389713
Chain
	Aln	1	+HG003_ont_1699_start_922795 4 14998 15000 -edge_1_0_+disjointig_1_0_998763 921919 936913 998763 -1 -1 11927 0.0429544
Chain
	Aln	0	-HG003_ont_1699_start_922795 1 14995 15000 +edge_1_0_+disjointig_1_0_998763 61849 76843 998763 -1 -1 11927 0.0429544
Chain
	Aln	1	+HG003_ont_1698_start_395498 40 14998 15000 -edge_1_0_+disjointig_1_0_998763 394658 409616 998763 -1 -1 12615 0.036284
Chain
	Aln	0	-HG003_ont_1698_start_395498 1 14959 15000 +edge_1_0_+disjointig_1_0_998763 589146 604104 998763 -1 -1 12615 0.036284
Chain
	Aln	1	+HG003_ont_1700_start_700769 18 14979 15000 -edge_1_0_+disjointig_1_0_998763 699907 714868 998763 -1 -1 12442 0.0398788
Chain
	Aln	0	-HG003_ont_1700_start_700769 20 14981 15000 +edge_1_0_+disjointig_1_0_998763 283894 298855 998763 -1 -1 12442 0.0398788
Chain
	Aln	1	+HG003_ont_1701_start_589556 16 14996 15000 -edge_1_0_+disjointig_1_0_998763 588692 603672 998763 -1 -1 12188 0.0413168
Chain
	Aln	0	-HG003_ont_1701_start_589556 3 14983 15000 +edge_1_0_+disjointig_1_0_998763 395090 410070 998763 -1 -1 12188 0.0413168
Chain
	Aln	1	+HG003_ont_1702_start_448174 1 14998 15000 -edge_1_0_+disjointig_1_0_998763 447295 462292 998763 -1 -1 12212 0.0411936
Chain
	Aln	0	-HG003_ont_1702_start_448174 1 14998 15000 +edge_1_0_+disjointig_1_0_998763 536470 551467 998763 -1 -1 12212 0.0411936
Chain
	Aln	1	+HG003_ont_1703_start_193260 13 14971 15000 -edge_1_0_+disjointig_1_0_998763 192393 207351 998763 -1 -1 12261 0.0402789
Chain
	Aln	0	-HG003_ont_1703_start_193260 28 14986 15000 +edge_1_0_+disjointig_1_0_998763 791411 806369 998763 -1 -1 12261 0.0402789
Chain
	Aln	1	+HG003_ont_1704_start_75162 4 14998 15000 -edge_1_0_+disjointig_1_0_998763 74286 89280 998763 -1 -1 12358 0.0409138
Chain
	Aln	0	-HG003_ont_1704_start_75162 1 14995 15000 +edge_1_0_+disjointig_1_0_998763 909482 924476 998763 -1 -1 12358 0.0409138
Chain
	Aln	1	+HG003_ont_1705_start_533631 0 14998 15000 -edge_1_0_+disjointig_1_0_998763 532751 547749 998763 -1 -1 12273 0.0405922
Chain
	Aln	0	-HG003_ont_1705_start_533631 1 14999 15000 +edge_1_0_+disjointig_1_0_998763 451013 466011 998763 -1 -1 12273 0.0405922
Chain
	Aln	1	+HG003_ont_1706_start_865908 1 14984 15000 -edge_1_0_+disjointig_1_0_998763 865029 880012 998763 -1 -1 12585 0.0370713
Chain
	Aln	0	-HG003_ont_1706_start_865908 15 14998 15000 +edge_1_0_+disjointig_1_0_998763 118750 133733 998763 -1 -1 12585 0.0370713
Chain
	Aln	1	+HG003_ont_1708_start_863001 17 14998 15000 -edge_1_0_+disjointig_1_0_998763 862138 877119 998763 -1 -1 11984 0.0446806
Chain
	Aln	0	-HG003_ont_1708_start_863001 1 14982 15000 +edge_1_0_+disjointig_1_0_998763 121643 136624 998763 -1 -1 11984 0.0446806
Chain
	Aln	1	+HG003_ont_1707_start_75734 18 14984 15000 -edge_1_0_+disjointig_1_0_998763 74872 89838 998763 -1 -1 12342 0.0398056
Chain
	Aln	0	-HG003_ont_1707_start_75734 15 14981 15000 +edge_1_0_+disjointig_1_0_998763 908924 923890 998763 -1 -1 12342 0.0398056
Chain
	Aln	1	+HG003_ont_1709_start_337292 1 14998 15000 -edge_1_0_+disjointig_1_0_998763 336413 351410 998763 -1 -1 12373 0.0408077
Chain
	Aln	0	-HG003_ont_1709_start_337292 1 14998 15000 +edge_1_0_+disjointig_1_0_998763 647352 662349 998763 -1 -1 12373 0.0408077
Chain
	Aln	1	+HG003_ont_1710_start_364586 20 14998 15000 -edge_1_0_+disjointig_1_0_998763 363726 378704 998763 -1 -1 12139 0.0411901
Chain
	Aln	0	-HG003_ont_1710_start_364586 1 14979 15000 +edge_1_0_+disjointig_1_0_998763 620058 635036 998763 -1 -1 12139 0.0411901
Chain
	Aln	1	+HG003_ont_1712_start_279399 1 14998 15000 -edge_1_0_+disjointig_1_0_998763 278520 293517 998763 -1 -1 12397 0.0395035
Chain
	Aln	0	-HG003_ont_1712_start_279399 1 14998 15000 +edge_1_0_+disjointig_1_0_998763 705245 720242 998763 -1 -1 12397 0.0395035
Chain
	Aln	1	+HG003_ont_1711_start_26822 6 14998 15000 -edge_1_0_+disjointig_1_0_998763 25948 40940 998763 -1 -1 12376 0.0403891
Chain
	Aln	0	-HG003_ont_1711_start_26822 1 14993 15000 +edge_1_0_+disjointig_1_0_998763 957822 972814 998763 -1 -1 12376 0.0403891
Chain
	Aln	1	+HG003_ont_1713_start_348405 2 14992 15000 -edge_1_0_+disjointig_1_0_998763 347527 362517 998763 -1 -1 12186 0.0417537
Chain
	Aln	0	-HG003_ont_1713_start_348405 7 14997 15000 +edge_1_0_+disjointig_1_0_998763 636245 651235 998763 -1 -1 12186 0.0417537
Chain
	Aln	1	+HG003_ont_1714_start_892671 11 14998 15000 -edge_1_0_+disjointig_1_0_998763 891802 906789 998763 -1 -1 12472 0.0411227
Chain
	Aln	0	-HG003_ont_1714_start_892671 1 14988 15000 +edge_1_0_+disjointig_1_0_998763 91973 106960 998763 -1 -1 12472 0.0411227
Chain
	Aln	1	+HG003_ont_1715_start_455640 1 14998 15000 -edge_1_0_+disjointig_1_0_998763 454761 469758 998763 -1 -1 12242 0.0431374
Chain
	Aln	0	-HG003_ont_1715_start_455640 1 14998 15000 +edge_1_0_+disjointig_1_0_998763 529004 544001 998763 -1 -1 12242 0.0431374
Chain
	Aln	1	+HG003_ont_1716_start_129376 14 14998 15000 -edge_1_0_+disjointig_1_0_998763 128510 143494 998763 -1 -1 12524 0.0400777
Chain
	Aln	0	-HG003_ont_1716_start_129376 1 14985 15000 +edge_1_0_+disjointig_1_0_998763 855268 870252 998763 -1 -1 12524 0.0400777
Chain
	Aln	1	+HG003_ont_1717_start_27321 11 14988 15000 -edge_1_0_+disjointig_1_0_998763 26452 41429 998763 -1 -1 12196 0.0413684
Chain
	Aln	0	-HG003_ont_1717_start_27321 11 14988 15000 +edge_1_0_+disjointig_1_0_998763 957333 972310 998763 -1 -1 12196 0.0413684
Chain
	Aln	1	+HG003_ont_1718_start_369235 0 14993 15000 -edge_1_0_+disjointig_1_0_998763 368355 383348 998763 -1 -1 12678 0.0383248
Chain
	Aln	0	-HG003_ont_1718_start_369235 6 14999 15000 +edge_1_0_+disjointig_1_0_998763 615414 630407 998763 -1 -1 12678 0.0383248
Chain
	Aln	1	+HG003_ont_1719_start_81799 5 14983 15000 -edge_1_0_+disjointig_1_0_998763 80924 95902 998763 -1 -1 12822 0.0366036
Chain
	Aln	0	-HG003_ont_1719_start_81799 16 14994 15000 +edge_1_0_+disjointig_1_0_998763 902860 917838 998763 -1 -1 12822 0.0366036
Chain
	Aln	1	+HG003_ont_1720_start_941804 1 14991 15000 -edge_1_0_+disjointig_1_0_998763 940925 955915 998763 -1 -1 12690 0.0381026
Chain
	Aln	0	-HG003_ont_1720_start_941804 8 14998 15000 +edge_1_0_+disjointig_1_0_998763 42847 57837 998763 -1 -1 12690 0.0381026
Chain
	Aln	1	+HG003_ont_1721_start_165162 0 14998 15000 -edge_1_0_+disjointig_1_0_998763 164282 179280 998763 -1 -1 12558 0.0391325
Chain
	Aln	0	-HG003_ont_1721_start_165162 1 14999 15000 +edge_1_0_+disjointig_1_0_998763 819482 834480 998763 -1 -1 12558 0.0391325
Chain
	Aln	1	+HG003_ont_1722_start_160596 1 14998 15000 -edge_1_0_+disjointig_1_0_998763 159717 174714 998763 -1 -1 12312 0.0440095
Chain
	Aln	0	-HG003_ont_1722_start_160596 1 14998 15000 +edge_1_0_+disjointig_1_0_998763 824048 839045 998763 -1 -1 12312 0.0440095
Chain
	Aln	1	+HG003_ont_1723_start_202326 1 14998 15000 -edge_1_0_+disjointig_1_0_998763 201447 216444 998763 -1 -1 12315 0.0416457
Chain
	Aln	0	-HG003_ont_1723_start_202326 1 14998 15000 +edge_1_0_+disjointig_1_0_998763 782318 797315 998763 -1 -1 12315 0.0416457
Chain
	Aln	1	+HG003_ont_1724_start_263821 1 14998 15000 -edge_1_0_+disjointig_1_0_998763 262942 277939 998763 -1 -1 12436 0.0403152
Chain
	Aln	0	-HG003_ont_1724_start_263821 1 14998 15000 +edge_1_0_+disjointig_1_0_998763 720823 735820 998763 -1 -1 12436 0.0403152
Chain
	Aln	1	+HG003_ont_1725_start_325981 8 14981 15000 -edge_1_0_+disjointig_1_0_998763 325109 340082 998763 -1 -1 12412 0.0378412
Chain
	Aln	0	-HG003_ont_1725_start_325981 18 14991 15000 +edge_1_0_+disjointig_1_0_998763 658680 673653 998763 -1 -1 12412 0.0378412
Chain
	Aln	1	+HG003_ont_1726_start_649295 1 14995 15000 -edge_1_0_+disjointig_1_0_998763 648416 663410 998763 -1 -1 11662 0.0462448
Chain
	Aln	0	-HG003_ont_1726_start_649295 4 14998 15000 +edge_1_0_+disjointig_1_0_998763 335352 350346 998763 -1 -1 11662 0.0462448
Chain
	Aln	1	+HG003_ont_1727_start_154886 65 14998 15000 -edge_1_0_+disjointig_1_0_998763 154071 169004 998763 -1 -1 12551 0.0401649
Chain
	Aln	0	-HG003_ont_1727_start_154886 1 14934 15000 +edge_1_0_+disjointig_1_0_998763 829758 844691 998763 -1 -1 12551 0.0401649
Chain
	Aln	1	+HG003_ont_1728_start_383837 7 14983 15000 -edge_1_0_+disjointig_1_0_998763 382964 397940 998763 -1 -1 12352 0.0402639
Chain
	Aln	0	-HG003_ont_1728_start_383837 16 14992 15000 +edge_1_0_+disjointig_1_0_998763 600822 615798 998763 -1 -1 12352 0.0402639
Chain
	Aln	1	+HG003_ont_1729_start_166860 1 14998 15000 -edge_1_0_+disjointig_1_0_998763 165981 180978 998763 -1 -1 12349 0.0395035
Chain
	Aln	0	-HG003_ont_1729_start_166860 1 14998 15000 +edge_1_0_+disjointig_1_0_998763 817784 832781 998763 -1 -1 12349 0.0395035
Chain
	Aln	1	+HG003_ont_1730_start_19236 15 14998 15000 -edge_1_0_+disjointig_1_0_998763 18371 33354 998763 -1 -1 12128 0.0423198
Chain
	Aln	0	-HG003_ont_1730_start_19236 1 14984 15000 +edge_1_0_+disjointig_1_0_998763 965408 980391 998763 -1 -1 12128 0.0423198
Chain
	Aln	1	+HG003_ont_1731_start_945521 26 14998 15000 -edge_1_0_+disjointig_1_0_998763 944667 959639 998763 -1 -1 12278 0.0403262
Chain
	Aln	0	-HG003_ont_1731_start_945521 1 14973 15000 +edge_1_0_+disjointig_1_0_998763 39123 54095 998763 -1 -1 12278 0.0403262
Chain
	Aln	1	+HG003_ont_1733_start_708219 24 14990 15000 -edge_1_0_+disjointig_1_0_998763 707363 722329 998763 -1 -1 12239 0.0417473
Chain
	Aln	0	-HG003_ont_1733_start_708219 9 14975 15000 +edge_1_0_+disjointig_1_0_998763 276433 291399 998763 -1 -1 12239 0.0417473
Chain
	Aln	1	+HG003_ont_1732_start_435693 3 14998 15000 -edge_1_0_+disjointig_1_0_998763 434816 449811 998763 -1 -1 12503 0.0382048
Chain
	Aln	0	-HG003_ont_1732_start_435693 1 14996 15000 +edge_1_0_+disjointig_1_0_998763 548951 563946 998763 -1 -1 12503 0.0382048
Chain
	Aln	1	+HG003_ont_1734_start_409191 1 14985 15000 -edge_1_0_+disjointig_1_0_998763 408312 423296 998763 -1 -1 12254 0.0405608
Chain
	Aln	0	-HG003_ont_1734_start_409191 14 14998 15000 +edge_1_0_+disjointig_1_0_998763 575466 590450 998763 -1 -1 12254 0.0405608
Chain
	Aln	1	+HG003_ont_1735_start_826131 9 14984 15000 -edge_1_0_+disjointig_1_0_998763 825260 840235 998763 -1 -1 12479 0.0397714
Chain
	Aln	0	-HG003_ont_1735_start_826131 15 14990 15000 +edge_1_0_+disjointig_1_0_998763 158527 173502 998763 -1 -1 12479 0.0397714
Chain
	Aln	1	+HG003_ont_1736_start_69372 23 14998 15000 -edge_1_0_+disjointig_1_0_998763 68515 83490 998763 -1 -1 12437 0.0383822
Chain
	Aln	0	-HG003_ont_1736_start_69372 1 14976 15000 +edge_1_0_+disjointig_1_0_998763 915272 930247 998763 -1 -1 12437 0.0383822
Chain
	Aln	1	+HG003_ont_1737_start_850129 0 14998 15000 -edge_1_0_+disjointig_1_0_998763 849249 864247 998763 -1 -1 12516 0.0379992
Chain
	Aln	0	-HG003_ont_1737_start_850129 1 14999 15000 +edge_1_0_+disjointig_1_0_998763 134515 149513 998763 -1 -1 12516 0.0379992
Chain
	Aln	1	+HG003_ont_1738_start_598863 42 14998 15000 -edge_1_0_+disjointig_1_0_998763 598025 612981 998763 -1 -1 12105 0.0430499
Chain
	Aln	0	-HG003_ont_1738_start_598863 1 14957 15000 +edge_1_0_+disjointig_1_0_998763 385781 400737 998763 -1 -1 12105 0.0430499
Chain
	Aln	1	+HG003_ont_1739_start_410361 68 14980 15000 -edge_1_0_+disjointig_1_0_998763 409549 424461 998763 -1 -1 12303 0.0403949
Chain
	Aln	0	-HG003_ont_1739_start_410361 19 14931 15000 +edge_1_0_+disjointig_1_0_998763 574301 589213 998763 -1 -1 12303 0.0403949
Chain
	Aln	1	+HG003_ont_1740_start_587163 0 14965 15000 -edge_1_0_+disjointig_1_0_998763 586283 601248 998763 -1 -1 12054 0.0400496
Chain
	Aln	0	-HG003_ont_1740_start_587163 34 14999 15000 +edge_1_0_+disjointig_1_0_998763 397514 412479 998763 -1 -1 12054 0.0400496
Chain
	Aln	1	+HG003_ont_1741_start_799331 22 14981 15000 -edge_1_0_+disjointig_1_0_998763 798473 813432 998763 -1 -1 12378 0.0384024
Chain
	Aln	0	-HG003_ont_1741_start_799331 18 14977 15000 +edge_1_0_+disjointig_1_0_998763 185330 200289 998763 -1 -1 12378 0.0384024
Chain
	Aln	1	+HG003_ont_1742_start_78354 13 14948 15000 -edge_1_0_+disjointig_1_0_998763 77487 92422 998763 -1 -1 12139 0.0416573
Chain
	Aln	0	-HG003_ont_1742_start_78354 51 14986 15000 +edge_1_0_+disjointig_1_0_998763 906340 921275 998763 -1 -1 12139 0.0416573
Chain
	Aln	1	+HG003_ont_1743_start_267049 18 14998 15000 -edge_1_0_+disjointig_1_0_998763 266187 281167 998763 -1 -1 12675 0.0395136
Chain
	Aln	0	-HG003_ont_1743_start_267049 1 14981 15000 +edge_1_0_+disjointig_1_0_998763 717595 732575 998763 -1 -1 12675 0.0395136
Chain
	Aln	1	+HG003_ont_1744_start_449635 1 14987 15000 -edge_1_0_+disjointig_1_0_998763 448756 463742 998763 -1 -1 12395 0.0395987
Chain
	Aln	0	-HG003_ont_1744_start_449635 12 14998 15000 +edge_1_0_+disjointig_1_0_998763 535020 550006 998763 -1 -1 12395 0.0395987
Chain
	Aln	1	+HG003_ont_1745_start_162008 1 14998 15000 -edge_1_0_+disjointig_1_0_998763 161129 176126 998763 -1 -1 12536 0.0397883
Chain
	Aln	0	-HG003_ont_1745_start_162008 1 14998 15000 +edge_1_0_+disjointig_1_0_998763 822636 837633 998763 -1 -1 12536 0.0397883
Chain
	Aln	1	+HG003_ont_1746_start_317671 2 14987 15000 -edge_1_0_+disjointig_1_0_998763 316793 331778 998763 -1 -1 12390 0.0408784
Chain
	Aln	0	-HG003_ont_1746_start_317671 12 14997 15000 +edge_1_0_+disjointig_1_0_998763 666984 681969 998763 -1 -1 12390 0.0408784
Chain
	Aln	1	+HG003_ont_1747_start_730176 1 14998 15000 -edge_1_0_+disjointig_1_0_998763 729297 744294 998763 -1 -1 12456 0.0404087
Chain
	Aln	0	-HG003_ont_1747_start_730176 1 14998 15000 +edge_1_0_+disjointig_1_0_998763 254468 269465 998763 -1 -1 12456 0.0404087
Chain
	Aln	1	+HG003_ont_1748_start_590365 17 14998 15000 -edge_1_0_+disjointig_1_0_998763 589502 604483 998763 -1 -1 12440 0.0405959
Chain
	Aln	0	-HG003_ont_1748_start_590365 1 14982 15000 +edge_1_0_+disjointig_1_0_998763 394279 409260 998763 -1 -1 12440 0.0405959
Chain
	Aln	1	+HG003_ont_1749_start_673018 1 14966 15000 -edge_1_0_+disjointig_1_0_998763 672139 687104 998763 -1 -1 12272 0.0418634
Chain
	Aln	0	-HG003_ont_1749_start_673018 33 14998 15000 +edge_1_0_+disjointig_1_0_998763 311658 326623 998763 -1 -1 12272 0.0418634
Chain
	Aln	1	+HG003_ont_1750_start_814007 0 14998 15000 -edge_1_0_+disjointig_1_0_998763 813127 828125 998763 -1 -1 12204 0.042282
Chain
	Aln	0	-HG003_ont_1750_start_814007 1 14999 15000 +edge_1_0_+disjointig_1_0_998763 170637 185635 998763 -1 -1 12204 0.042282
Chain
	Aln	1	+HG003_ont_1751_start_875260 1 14998 15000 -edge_1_0_+disjointig_1_0_998763 874381 889378 998763 -1 -1 12192 0.0417333
Chain
	Aln	0	-HG003_ont_1751_start_875260 1 14998 15000 +edge_1_0_+disjointig_1_0_998763 109384 124381 998763 -1 -1 12192 0.0417333
Chain
	Aln	1	+HG003_ont_1752_start_670473 33 14981 15000 -edge_1_0_+disjointig_1_0_998763 669626 684574 998763 -1 -1 12153 0.041088
Chain
	Aln	0	-HG003_ont_1752_start_670473 18 14966 15000 +edge_1_0_+disjointig_1_0_998763 314188 329136 998763 -1 -1 12153 0.041088
Chain
	Aln	1	+HG003_ont_1753_start_216248 1 14995 15000 -edge_1_0_+disjointig_1_0_998763 215369 230363 998763 -1 -1 12000 0.0443302
Chain
	Aln	0	-HG003_ont_1753_start_216248 4 14998 15000 +edge_1_0_+disjointig_1_0_998763 768399 783393 998763 -1 -1 12000 0.0443302
Chain
	Aln	1	+HG003_ont_1754_start_758185 1 14998 15000 -edge_1_0_+disjointig_1_0_998763 757306 772303 998763 -1 -1 12235 0.0415184
Chain
	Aln	0	-HG003_ont_1754_start_758185 1 14998 15000 +edge_1_0_+disjointig_1_0_998763 226459 241456 998763 -1 -1 12235 0.0415184
Chain
	Aln	1	+HG003_ont_1756_start_954295 2 14986 15000 -edge_1_0_+disjointig_1_0_998763 953417 968401 998763 -1 -1 12244 0.0390318
Chain
	Aln	0	-HG003_ont_1756_start_954295 13 14997 15000 +edge_1_0_+disjointig_1_0_998763 30361 45345 998763 -1 -1 12244 0.0390318
Chain
	Aln	1	+HG003_ont_1755_start_277585 0 14998 15000 -edge_1_0_+disjointig_1_0_998763 276705 291703 998763 -1 -1 12281 0.0396612
Chain
	Aln	0	-HG003_ont_1755_start_277585 1 14999 15000 +edge_1_0_+disjointig_1_0_998763 707059 722057 998763 -1 -1 12281 0.0396612
Chain
	Aln	1	+HG003_ont_1757_start_14641 3 14998 15000 -edge_1_0_+disjointig_1_0_998763 13764 28759 998763 -1 -1 12237 0.0406117
Chain
	Aln	0	-HG003_ont_1757_start_14641 1 14996 15000 +edge_1_0_+disjointig_1_0_998763 970003 984998 998763 -1 -1 12237 0.0406117
Chain
	Aln	1	+HG003_ont_1758_start_365139 2 14998 15000 -edge_1_0_+disjointig_1_0_998763 364261 379257 998763 -1 -1 12542 0.0379165
Chain
	Aln	0	-HG003_ont_1758_start_365139 1 14997 15000 +edge_1_0_+disjointig_1_0_998763 619505 634501 998763 -1 -1 12542 0.0379165
Chain
	Aln	1	+HG003_ont_1759_start_292646 1 14998 15000 -edge_1_0_+disjointig_1_0_998763 291767 306764 998763 -1 -1 12596 0.0362262
Chain
	Aln	0	-HG003_ont_1759_start_292646 1 14998 15000 +edge_1_0_+disjointig_1_0_998763 691998 706995 998763 -1 -1 12596 0.0362262
Chain
	Aln	1	+HG003_ont_1760_start_141823 16 14985 15000 -edge_1_0_+disjointig_1_0_998763 140959 155928 998763 -1 -1 12187 0.0420475
Chain
	Aln	0	-HG003_ont_1760_start_141823 14 14983 15000 +edge_1_0_+disjointig_1_0_998763 842834 857803 998763 -1 -1 12187 0.0420475
Chain
	Aln	1	+HG003_ont_1761_start_271795 4 14993 15000 -edge_1_0_+disjointig_1_0_998763 270919 285908 998763 -1 -1 12211 0.0428371
Chain
	Aln	0	-HG003_ont_1761_start_271795 6 14995 15000 +edge_1_0_+disjointig_1_0_998763 712854 727843 998763 -1 -1 12211 0.0428371
Chain
	Aln	1	+HG003_ont_1762_start_173302 1 14998 15000 -edge_1_0_+disjointig_1_0_998763 172423 187420 998763 -1 -1 12212 0.041957
Chain
	Aln	0	-HG003_ont_1762_start_173302 1 14998 15000 +edge_1_0_+disjointig_1_0_998763 811342 826339 998763 -1 -1 12212 0.041957
Chain
	Aln	1	+HG003_ont_1763_start_578613 18 14969 15000 -edge_1_0_+disjointig_1_0_998763 577751 592702 998763 -1 -1 12417 0.0392921
Chain
	Aln	0	-HG003_ont_1763_start_578613 30 14981 15000 +edge_1_0_+disjointig_1_0_998763 406060 421011 998763 -1 -1 12417 0.0392921
Chain
	Aln	1	+HG003_ont_1764_start_672595 24 14975 15000 -edge_1_0_+disjointig_1_0_998763 671739 686690 998763 -1 -1 12286 0.0401812
Chain
	Aln	0	-HG003_ont_1764_start_672595 24 14975 15000 +edge_1_0_+disjointig_1_0_998763 312072 327023 998763 -1 -1 12286 0.0401812
Chain
	Aln	1	+HG003_ont_1765_start_874703 1 14998 15000 -edge_1_0_+disjointig_1_0_998763 873824 888821 998763 -1 -1 12158 0.0434321
Chain
	Aln	0	-HG003_ont_1765_start_874703 1 14998 15000 +edge_1_0_+disjointig_1_0_998763 109941 124938 998763 -1 -1 12158 0.0434321
Chain
	Aln	1	+HG003_ont_1766_start_565271 3 14975 15000 -edge_1_0_+disjointig_1_0_998763 564394 579366 998763 -1 -1 12400 0.0401238
Chain
	Aln	0	-HG003_ont_1766_start_565271 24 14996 15000 +edge_1_0_+disjointig_1_0_998763 419396 434368 998763 -1 -1 12400 0.0401238
Chain
	Aln	1	+HG003_ont_1767_start_388299 24 14998 15000 -edge_1_0_+disjointig_1_0_998763 387443 402417 998763 -1 -1 12393 0.0379873
Chain
	Aln	0	-HG003_ont_1767_start_388299 1 14975 15000 +edge_1_0_+disjointig_1_0_998763 596345 611319 998763 -1 -1 12393 0.0379873
Chain
	Aln	1	+HG003_ont_1768_start_411011 14 14998 15000 -edge_1_0_+disjointig_1_0_998763 410145 425129 998763 -1 -1 12134 0.0426632
Chain
	Aln	0	-HG003_ont_1768_start_411011 1 14985 15000 +edge_1_0_+disjointig_1_0_998763 573633 588617 998763 -1 -1 12134 0.0426632
Chain
	Aln	1	+HG003_ont_1769_start_241982 18 14998 15000 -edge_1_0_+disjointig_1_0_998763 241120 256100 998763 -1 -1 12414 0.0399225
Chain
	Aln	0	-HG003_ont_1769_start_241982 1 14981 15000 +edge_1_0_+disjointig_1_0_998763 742662 757642 998763 -1 -1 12414 0.0399225
Chain
	Aln	1	+HG003_ont_1770_start_943356 29 14998 15000 -edge_1_0_+disjointig_1_0_998763 942505 957474 998763 -1 -1 12273 0.0393629
Chain
	Aln	0	-HG003_ont_1770_start_943356 1 14970 15000 +edge_1_0_+disjointig_1_0_998763 41288 56257 998763 -1 -1 12273 0.0393629
Chain
	Aln	1	+HG003_ont_1771_start_511851 20 14984 15000 -edge_1_0_+disjointig_1_0_998763 510991 525955 998763 -1 -1 12255 0.041357
Chain
	Aln	0	-HG003_ont_1771_start_511851 15 14979 15000 +edge_1_0_+disjointig_1_0_998763 472807 487771 998763 -1 -1 12255 0.041357
Chain
	Aln	1	+HG003_ont_1772_start_899491 1 14998 15000 -edge_1_0_+disjointig_1_0_998763 898612 913609 998763 -1 -1 12432 0.0386272
Chain
	Aln	0	-HG003_ont_1772_start_899491 1 14998 15000 +edge_1_0_+disjointig_1_0_998763 85153 100150 998763 -1 -1 12432 0.0386272
Chain
	Aln	1	+HG003_ont_1773_start_161785 1 14990 15000 -edge_1_0_+disjointig_1_0_998763 160906 175895 998763 -1 -1 12259 0.0410438
Chain
	Aln	0	-HG003_ont_1773_start_161785 9 14998 15000 +edge_1_0_+disjointig_1_0_998763 822867 837856 998763 -1 -1 12259 0.0410438
Chain
	Aln	1	+HG003_ont_1774_start_740481 1 14998 15000 -edge_1_0_+disjointig_1_0_998763 739602 754599 998763 -1 -1 12218 0.0402685
Chain
	Aln	0	-HG003_ont_1774_start_740481 1 14998 15000 +edge_1_0_+disjointig_1_0_998763 244163 259160 998763 -1 -1 12218 0.0402685
Chain
	Aln	1	+HG003_ont_1775_start_610825 0 14998 15000 -edge_1_0_+disjointig_1_0_998763 609945 624943 998763 -1 -1 12376 0.0400396
Chain
	Aln	0	-HG003_ont_1775_start_610825 1 14999 15000 +edge_1_0_+disjointig_1_0_998763 373819 388817 998763 -1 -1 12376 0.0400396
Chain
	Aln	1	+HG003_ont_1776_start_658721 1 14987 15000 -edge_1_0_+disjointig_1_0_998763 657842 672828 998763 -1 -1 12402 0.0404123
Chain
	Aln	0	-HG003_ont_1776_start_658721 12 14998 15000 +edge_1_0_+disjointig_1_0_998763 325934 340920 998763 -1 -1 12402 0.0404123
Chain
	Aln	1	+HG003_ont_1777_start_900364 3 14998 15000 -edge_1_0_+disjointig_1_0_998763 899487 914482 998763 -1 -1 12042 0.0431949
Chain
	Aln	0	-HG003_ont_1777_start_900364 1 14996 15000 +edge_1_0_+disjointig_1_0_998763 84280 99275 998763 -1 -1 12042 0.0431949
Chain
	Aln	1	+HG003_ont_1778_start_872072 1 14988 15000 -edge_1_0_+disjointig_1_0_998763 871193 886180 998763 -1 -1 12505 0.0392497
Chain
	Aln	0	-HG003_ont_1778_start_872072 11 14998 15000 +edge_1_0_+disjointig_1_0_998763 112582 127569 998763 -1 -1 12505 0.0392497
Chain
	Aln	1	+HG003_ont_1779_start_877234 1 14998 15000 -edge_1_0_+disjointig_1_0_998763 876355 891352 998763 -1 -1 12530 0.0369422
Chain
	Aln	0	-HG003_ont_1779_start_877234 1 14998 15000 +edge_1_0_+disjointig_1_0_998763 107410 122407 998763 -1 -1 12530 0.0369422
Chain
	Aln	1	+HG003_ont_1780_start_739801 1 14988 15000 -edge_1_0_+disjointig_1_0_998763 738922 753909 998763 -1 -1 12228 0.0407763
Chain
	Aln	0	-HG003_ont_1780_start_739801 11 14998 15000 +edge_1_0_+disjointig_1_0_998763 244853 259840 998763 -1 -1 12228 0.0407763
Chain
	Aln	1	+HG003_ont_1781_start_56547 1 14998 15000 -edge_1_0_+disjointig_1_0_998763 55668 70665 998763 -1 -1 12281 0.0383179
Chain
	Aln	0	-HG003_ont_1781_start_56547 1 14998 15000 +edge_1_0_+disjointig_1_0_998763 928097 943094 998763 -1 -1 12281 0.0383179
Chain
	Aln	1	+HG003_ont_1782_start_703504 3 14998 15000 -edge_1_0_+disjointig_1_0_998763 702627 717622 998763 -1 -1 12440 0.0377186
Chain
	Aln	0	-HG003_ont_1782_start_703504 1 14996 15000 +edge_1_0_+disjointig_1_0_998763 281140 296135 998763 -1 -1 12440 0.0377186
Chain
	Aln	1	+HG003_ont_1783_start_513114 18 14969 15000 -edge_1_0_+disjointig_1_0_998763 512252 527203 998763 -1 -1 12627 0.0392768
Chain
	Aln	0	-HG003_ont_1783_start_513114 30 14981 15000 +edge_1_0_+disjointig_1_0_998763 471559 486510 998763 -1 -1 12627 0.0392768
Chain
	Aln	1	+HG003_ont_1784_start_228398 15 14998 15000 -edge_1_0_+disjointig_1_0_998763 227533 242516 998763 -1 -1 12447 0.0376194
Chain
	Aln	0	-HG003_ont_1784_start_228398 1 14984 15000 +edge_1_0_+disjointig_1_0_998763 756246 771229 998763 -1 -1 12447 0.0376194
Chain
	Aln	1	+HG003_ont_1785_start_531547 1 14977 15000 -edge_1_0_+disjointig_1_0_998763 530668 545644 998763 -1 -1 12359 0.0421071
Chain
	Aln	0	-HG003_ont_1785_start_531547 22 14998 15000 +edge_1_0_+disjointig_1_0_998763 453118 468094 998763 -1 -1 12359 0.0421071
Chain
	Aln	1	+HG003_ont_1786_start_555438 7 14998 15000 -edge_1_0_+disjointig_1_0_998763 554565 569556 998763 -1 -1 12326 0.041028
Chain
	Aln	0	-HG003_ont_1786_start_555438 1 14992 15000 +edge_1_0_+disjointig_1_0_998763 429206 444197 998763 -1 -1 12326 0.041028
Chain
	Aln	1	+HG003_ont_1787_start_729455 34 14998 15000 -edge_1_0_+disjointig_1_0_998763 728609 743573 998763 -1 -1 12222 0.0427796
Chain
	Aln	0	-HG003_ont_1787_start_729455 1 14965 15000 +edge_1_0_+disjointig_1_0_998763 255189 270153 998763 -1 -1 12222 0.0427796
Chain
	Aln	1	+HG003_ont_1788_start_560853 1 14969 15000 -edge_1_0_+disjointig_1_0_998763 559974 574942 998763 -1 -1 12268 0.0430725
Chain
	Aln	0	-HG003_ont_1788_start_560853 30 14998 15000 +edge_1_0_+disjointig_1_0_998763 423820 438788 998763 -1 -1 12268 0.0430725
Chain
	Aln	1	+HG003_ont_1790_start_720784 5 14998 15000 -edge_1_0_+disjointig_1_0_998763 719909 734902 998763 -1 -1 12488 0.04002
Chain
	Aln	0	-HG003_ont_1790_start_720784 1 14994 15000 +edge_1_0_+disjointig_1_0_998763 263860 278853 998763 -1 -1 12488 0.04002
Chain
	Aln	1	+HG003_ont_1789_start_18570 1 14998 15000 -edge_1_0_+disjointig_1_0_998763 17691 32688 998763 -1 -1 11972 0.0432518
Chain
	Aln	0	-HG003_ont_1789_start_18570 1 14998 15000 +edge_1_0_+disjointig_1_0_998763 966074 981071 998763 -1 -1 11972 0.0432518
Chain
	Aln	1	+HG003_ont_1791_start_216609 13 14986 15000 -edge_1_0_+disjointig_1_0_998763 215742 230715 998763 -1 -1 12053 0.0418548
Chain
	Aln	0	-HG003_ont_1791_start_216609 13 14986 15000 +edge_1_0_+disjointig_1_0_998763 768047 783020 998763 -1 -1 12053 0.0418548
Chain
	Aln	1	+HG003_ont_1792_start_385980 24 14995 15000 -edge_1_0_+disjointig_1_0_998763 385124 400095 998763 -1 -1 12301 0.0410204
Chain
	Aln	0	-HG003_ont_1792_start_385980 4 14975 15000 +edge_1_0_+disjointig_1_0_998763 598667 613638 998763 -1 -1 12301 0.0410204
Chain
	Aln	1	+HG003_ont_1793_start_454756 1 14998 15000 -edge_1_0_+disjointig_1_0_998763 453877 468874 998763 -1 -1 11969 0.0440675
Chain
	Aln	0	-HG003_ont_1793_start_454756 1 14998 15000 +edge_1_0_+disjointig_1_0_998763 529888 544885 998763 -1 -1 11969 0.0440675
Chain
	Aln	1	+HG003_ont_1795_start_361239 1 14961 15000 -edge_1_0_+disjointig_1_0_998763 360360 375320 998763 -1 -1 11934 0.0431556
Chain
	Aln	0	-HG003_ont_1795_start_361239 38 14998 15000 +edge_1_0_+disjointig_1_0_998763 623442 638402 998763 -1 -1 11934 0.0431556
Chain
	Aln	1	+HG003_ont_1794_start_80731 1 14998 15000 -edge_1_0_+disjointig_1_0_998763 79852 94849 998763 -1 -1 12005 0.0429824
Chain
	Aln	0	-HG003_ont_1794_start_80731 1 14998 15000 +edge_1_0_+disjointig_1_0_998763 903913 918910 998763 -1 -1 12005 0.0429824
Chain
	Aln	1	+HG003_ont_1796_start_83751 5 14988 15000 -edge_1_0_+disjointig_1_0_998763 82876 97859 998763 -1 -1 12019 0.0433362
Chain
	Aln	0	-HG003_ont_1796_start_83751 11 14994 15000 +edge_1_0_+disjointig_1_0_998763 900903 915886 998763 -1 -1 12019 0.0433362
Chain
	Aln	1	+HG003_ont_1797_start_486219 28 14998 15000 -edge_1_0_+disjointig_1_0_998763 485367 500337 998763 -1 -1 12040 0.0422042
Chain
	Aln	0	-HG003_ont_1797_start_486219 1 14971 15000 +edge_1_0_+disjointig_1_0_998763 498425 513395 998763 -1 -1 12040 0.0422042
Chain
	Aln	1	+HG003_ont_1798_start_732316 29 14998 15000 -edge_1_0_+disjointig_1_0_998763 731465 746434 998763 -1 -1 12492 0.0407684
Chain
	Aln	0	-HG003_ont_1798_start_732316 1 14970 15000 +edge_1_0_+disjointig_1_0_998763 252328 267297 998763 -1 -1 12492 0.0407684
Chain
	Aln	1	+HG003_ont_1799_start_463651 15 14998 15000 -edge_1_0_+disjointig_1_0_998763 462786 477769 998763 -1 -1 12336 0.0406664
Chain
	Aln	0	-HG003_ont_1799_start_463651 1 14984 15000 +edge_1_0_+disjointig_1_0_998763 520993 535976 998763 -1 -1 12336 0.0406664
Chain
	Aln	1	+HG003_ont_1800_start_777613 1 14998 15000 -edge_1_0_+disjointig_1_0_998763 776734 791731 998763 -1 -1 11970 0.041973
Chain
	Aln	0	-HG003_ont_1800_start_777613 1 14998 15000 +edge_1_0_+disjointig_1_0_998763 207031 222028 998763 -1 -1 11970 0.041973
Chain
	Aln	1	+HG003_ont_1801_start_595055 42 14998 15000 -edge_1_0_+disjointig_1_0_998763 594217 609173 998763 -1 -1 12250 0.040859
Chain
	Aln	0	-HG003_ont_1801_start_595055 1 14957 15000 +edge_1_0_+disjointig_1_0_998763 389589 404545 998763 -1 -1 12250 0.040859
Chain
	Aln	1	+HG003_ont_1802_start_132901 1 14998 15000 -edge_1_0_+disjointig_1_0_998763 132022 147019 998763 -1 -1 12458 0.0384309
Chain
	Aln	0	-HG003_ont_1802_start_132901 1 14998 15000 +edge_1_0_+disjointig_1_0_998763 851743 866740 998763 -1 -1 12458 0.0384309
Chain
	Aln	1	+HG003_ont_1804_start_920029 11 14981 15000 -edge_1_0_+disjointig_1_0_998763 919160 934130 998763 -1 -1 12448 0.0370866
Chain
	Aln	0	-HG003_ont_1804_start_920029 18 14988 15000 +edge_1_0_+disjointig_1_0_998763 64632 79602 998763 -1 -1 12448 0.0370866
Chain
	Aln	1	+HG003_ont_1803_start_277871 1 14988 15000 -edge_1_0_+disjointig_1_0_998763 276992 291979 998763 -1 -1 12358 0.040136
Chain
	Aln	0	-HG003_ont_1803_start_277871 11 14998 15000 +edge_1_0_+disjointig_1_0_998763 706783 721770 998763 -1 -1 12358 0.040136
Chain
	Aln	1	+HG003_ont_1805_start_498320 26 14998 15000 -edge_1_0_+disjointig_1_0_998763 497466 512438 998763 -1 -1 12285 0.0394054
Chain
	Aln	0	-HG003_ont_1805_start_498320 1 14973 15000 +edge_1_0_+disjointig_1_0_998763 486324 501296 998763 -1 -1 12285 0.0394054
Chain
	Aln	1	+HG003_ont_1806_start_927863 0 14998 15000 -edge_1_0_+disjointig_1_0_998763 926983 941981 998763 -1 -1 12533 0.0385933
Chain
	Aln	0	-HG003_ont_1806_start_927863 1 14999 15000 +edge_1_0_+disjointig_1_0_998763 56781 71779 998763 -1 -1 12533 0.0385933
Chain
	Aln	1	+HG003_ont_1807_start_162444 1 14998 15000 -edge_1_0_+disjointig_1_0_998763 161565 176562 998763 -1 -1 12281 0.0407763
Chain
	Aln	0	-HG003_ont_1807_start_162444 1 14998 15000 +edge_1_0_+disjointig_1_0_998763 822200 837197 998763 -1 -1 12281 0.0407763
Chain
	Aln	1	+HG003_ont_1808_start_41249 4 14998 15000 -edge_1_0_+disjointig_1_0_998763 40373 55367 998763 -1 -1 12559 0.0381408
Chain
	Aln	0	-HG003_ont_1808_start_41249 1 14995 15000 +edge_1_0_+disjointig_1_0_998763 943395 958389 998763 -1 -1 12559 0.0381408
Chain
	Aln	1	+HG003_ont_1809_start_719206 10 14998 15000 -edge_1_0_+disjointig_1_0_998763 718336 733324 998763 -1 -1 12259 0.0397916
Chain
	Aln	0	-HG003_ont_1809_start_719206 1 14989 15000 +edge_1_0_+disjointig_1_0_998763 265438 280426 998763 -1 -1 12259 0.0397916
Chain
	Aln	1	+HG003_ont_1810_start_336888 16 14998 15000 -edge_1_0_+disjointig_1_0_998763 336024 351006 998763 -1 -1 12000 0.0420584
Chain
	Aln	0	-HG003_ont_1810_start_336888 1 14983 15000 +edge_1_0_+disjointig_1_0_998763 647756 662738 998763 -1 -1 12000 0.0420584
Chain
	Aln	1	+HG003_ont_1811_start_224751 0 14998 15000 -edge_1_0_+disjointig_1_0_998763 223871 238869 998763 -1 -1 12581 0.0364557
Chain
	Aln	0	-HG003_ont_1811_start_224751 1 14999 15000 +edge_1_0_+disjointig_1_0_998763 759893 774891 998763 -1 -1 12581 0.0364557
Chain
	Aln	1	+HG003_ont_1812_start_315385 22 14970 15000 -edge_1_0_+disjointig_1_0_998763 314527 329475 998763 -1 -1 12234 0.0404506
Chain
	Aln	0	-HG003_ont_1812_start_315385 29 14977 15000 +edge_1_0_+disjointig_1_0_998763 669287 684235 998763 -1 -1 12234 0.0404506
Chain
	Aln	1	+HG003_ont_1813_start_797981 18 14998 15000 -edge_1_0_+disjointig_1_0_998763 797119 812099 998763 -1 -1 12191 0.0405372
Chain
	Aln	0	-HG003_ont_1813_start_797981 1 14981 15000 +edge_1_0_+disjointig_1_0_998763 186663 201643 998763 -1 -1 12191 0.0405372
Chain
	Aln	1	+HG003_ont_1815_start_185815 20 14998 15000 -edge_1_0_+disjointig_1_0_998763 184955 199933 998763 -1 -1 12213 0.0412376
Chain
	Aln	0	-HG003_ont_1815_start_185815 1 14979 15000 +edge_1_0_+disjointig_1_0_998763 798829 813807 998763 -1 -1 12213 0.0412376
Chain
	Aln	1	+HG003_ont_1814_start_486163 11 14998 15000 -edge_1_0_+disjointig_1_0_998763 485294 500281 998763 -1 -1 12115 0.0400352
Chain
	Aln	0	-HG003_ont_1814_start_486163 1 14988 15000 +edge_1_0_+disjointig_1_0_998763 498481 513468 998763 -1 -1 12115 0.0400352
Chain
	Aln	1	+HG003_ont_1816_start_534962 7 14998 15000 -edge_1_0_+disjointig_1_0_998763 534089 549080 998763 -1 -1 12521 0.0402528
Chain
	Aln	0	-HG003_ont_1816_start_534962 1 14992 15000 +edge_1_0_+disjointig_1_0_998763 449682 464673 998763 -1 -1 12521 0.0402528
Chain
	Aln	1	+HG003_ont_1817_start_187101 1 14982 15000 -edge_1_0_+disjointig_1_0_998763 186222 201203 998763 -1 -1 12421 0.0382852
Chain
	Aln	0	-HG003_ont_1817_start_187101 17 14998 15000 +edge_1_0_+disjointig_1_0_998763 797559 812540 998763 -1 -1 12421 0.0382852
Chain
	Aln	1	+HG003_ont_1819_start_767320 4 14998 15000 -edge_1_0_+disjointig_1_0_998763 766444 781438 998763 -1 -1 12366 0.039607
Chain
	Aln	0	-HG003_ont_1819_start_767320 1 14995 15000 +edge_1_0_+disjointig_1_0_998763 217324 232318 998763 -1 -1 12366 0.039607
Chain
	Aln	1	+HG003_ont_1818_start_618326 6 14998 15000 -edge_1_0_+disjointig_1_0_998763 617452 632444 998763 -1 -1 12352 0.0422262
Chain
	Aln	0	-HG003_ont_1818_start_618326 1 14993 15000 +edge_1_0_+disjointig_1_0_998763 366318 381310 998763 -1 -1 12352 0.0422262
Chain
	Aln	1	+HG003_ont_1820_start_176769 1 14993 15000 -edge_1_0_+disjointig_1_0_998763 175890 190882 998763 -1 -1 12691 0.0365635
Chain
	Aln	0	-HG003_ont_1820_start_176769 6 14998 15000 +edge_1_0_+disjointig_1_0_998763 807880 822872 998763 -1 -1 12691 0.0365635
Chain
	Aln	1	+HG003_ont_1821_start_174426 1 14977 15000 -edge_1_0_+disjointig_1_0_998763 173547 188523 998763 -1 -1 12290 0.0399997
Chain
	Aln	0	-HG003_ont_1821_start_174426 22 14998 15000 +edge_1_0_+disjointig_1_0_998763 810239 825215 998763 -1 -1 12290 0.0399997
Chain
	Aln	1	+HG003_ont_1822_start_739609 7 14998 15000 -edge_1_0_+disjointig_1_0_998763 738736 753727 998763 -1 -1 12163 0.0405491
Chain
	Aln	0	-HG003_ont_1822_start_739609 1 14992 15000 +edge_1_0_+disjointig_1_0_998763 245035 260026 998763 -1 -1 12163 0.0405491
Chain
	Aln	1	+HG003_ont_1823_start_940549 14 14963 15000 -edge_1_0_+disjointig_1_0_998763 939683 954632 998763 -1 -1 12080 0.0396615
Chain
	Aln	0	-HG003_ont_1823_start_940549 36 14985 15000 +edge_1_0_+disjointig_1_0_998763 44130 59079 998763 -1 -1 12080 0.0396615
Chain
	Aln	1	+HG003_ont_1824_start_967107 1 14998 15000 -edge_1_0_+disjointig_1_0_998763 966228 981225 998763 -1 -1 12251 0.0408862
Chain
	Aln	0	-HG003_ont_1824_start_967107 1 14998 15000 +edge_1_0_+disjointig_1_0_998763 17537 32534 998763 -1 -1 12251 0.0408862
Chain
	Aln	1	+HG003_ont_1825_start_113387 7 14998 15000 -edge_1_0_+disjointig_1_0_998763 112514 127505 998763 -1 -1 12335 0.0375319
Chain
	Aln	0	-HG003_ont_1825_start_113387 1 14992 15000 +edge_1_0_+disjointig_1_0_998763 871257 886248 998763 -1 -1 12335 0.0375319
Chain
	Aln	1	+HG003_ont_1826_start_970444 9 14998 15000 -edge_1_0_+disjointig_1_0_998763 969573 984562 998763 -1 -1 12484 0.0401594
Chain
	Aln	0	-HG003_ont_1826_start_970444 1 14990 15000 +edge_1_0_+disjointig_1_0_998763 14200 29189 998763 -1 -1 12484 0.0401594
Chain
	Aln	1	+HG003_ont_1827_start_163385 14 14998 15000 -edge_1_0_+disjointig_1_0_998763 162519 177503 998763 -1 -1 12302 0.041826
Chain
	Aln	0	-HG003_ont_1827_start_163385 1 14985 15000 +edge_1_0_+disjointig_1_0_998763 821259 836243 998763 -1 -1 12302 0.041826
Chain
	Aln	1	+HG003_ont_1828_start_2162 42 14998 15000 -edge_1_0_+disjointig_1_0_998763 1324 16280 998763 -1 -1 12336 0.0413177
Chain
	Aln	0	-HG003_ont_1828_start_2162 1 14957 15000 +edge_1_0_+disjointig_1_0_998763 982482 997438 998763 -1 -1 12336 0.0413177
Chain
	Aln	1	+HG003_ont_1829_start_462943 1 14998 15000 -edge_1_0_+disjointig_1_0_998763 462064 477061 998763 -1 -1 12336 0.0409727
Chain
	Aln	0	-HG003_ont_1829_start_462943 1 14998 15000 +edge_1_0_+disjointig_1_0_998763 521701 536698 998763 -1 -1 12336 0.0409727
Chain
	Aln	1	+HG003_ont_1831_start_561835 0 14992 15000 -edge_1_0_+disjointig_1_0_998763 560955 575947 998763 -1 -1 12319 0.0436675
Chain
	Aln	0	-HG003_ont_1831_start_561835 7 14999 15000 +edge_1_0_+disjointig_1_0_998763 422815 437807 998763 -1 -1 12319 0.0436675
Chain
	Aln	1	+HG003_ont_1830_start_606791 8 14985 15000 -edge_1_0_+disjointig_1_0_998763 605919 620896 998763 -1 -1 12518 0.0399727
Chain
	Aln	0	-HG003_ont_1830_start_606791 14 14991 15000 +edge_1_0_+disjointig_1_0_998763 377866 392843 998763 -1 -1 12518 0.0399727
Chain
	Aln	1	+HG003_ont_1832_start_58339 43 14993 15000 -edge_1_0_+disjointig_1_0_998763 57502 72452 998763 -1 -1 12254 0.0405524
Chain
	Aln	0	-HG003_ont_1832_start_58339 6 14956 15000 +edge_1_0_+disjointig_1_0_998763 926310 941260 998763 -1 -1 12254 0.0405524
Chain
	Aln	1	+HG003_ont_1833_start_740094 1 14998 15000 -edge_1_0_+disjointig_1_0_998763 739215 754212 998763 -1 -1 12162 0.0437944
Chain
	Aln	0	-HG003_ont_1833_start_740094 1 14998 15000 +edge_1_0_+disjointig_1_0_998763 244550 259547 998763 -1 -1 12162 0.0437944
Chain
	Aln	1	+HG003_ont_1834_start_977386 1 14998 15000 -edge_1_0_+disjointig_1_0_998763 976507 991504 998763 -1 -1 12593 0.0384988
Chain
	Aln	0	-HG003_ont_1834_start_977386 1 14998 15000 +edge_1_0_+disjointig_1_0_998763 7258 22255 998763 -1 -1 12593 0.0384988
Chain
	Aln	1	+HG003_ont_1835_start_78200 1 14998 15000 -edge_1_0_+disjointig_1_0_998763 77321 92318 998763 -1 -1 12313 0.039289
Chain
	Aln	0	-HG003_ont_1835_start_78200 1 14998 15000 +edge_1_0_+disjointig_1_0_998763 906444 921441 998763 -1 -1 12313 0.039289
Chain
	Aln	1	+HG003_ont_1836_start_412828 9 14973 15000 -edge_1_0_+disjointig_1_0_998763 411957 426921 998763 -1 -1 12171 0.0412618
Chain
	Aln	0	-HG003_ont_1836_start_412828 26 14990 15000 +edge_1_0_+disjointig_1_0_998763 571841 586805 998763 -1 -1 12171 0.0412618
Chain
	Aln	1	+HG003_ont_1837_start_516808 33 14954 15000 -edge_1_0_+disjointig_1_0_998763 515961 530882 998763 -1 -1 12131 0.0420517
Chain
	Aln	0	-HG003_ont_1837_start_516808 45 14966 15000 +edge_1_0_+disjointig_1_0_998763 467880 482801 998763 -1 -1 12131 0.0420517
Chain
	Aln	1	+HG003_ont_1839_start_752885 0 14998 15000 -edge_1_0_+disjointig_1_0_998763 752005 767003 998763 -1 -1 12333 0.038775
Chain
	Aln	0	-HG003_ont_1839_start_752885 1 14999 15000 +edge_1_0_+disjointig_1_0_998763 231759 246757 998763 -1 -1 12333 0.038775
Chain
	Aln	1	+HG003_ont_1838_start_659521 17 14998 15000 -edge_1_0_+disjointig_1_0_998763 658658 673639 998763 -1 -1 12246 0.0430419
Chain
	Aln	0	-HG003_ont_1838_start_659521 1 14982 15000 +edge_1_0_+disjointig_1_0_998763 325123 340104 998763 -1 -1 12246 0.0430419
Chain
	Aln	1	+HG003_ont_1840_start_269995 18 14998 15000 -edge_1_0_+disjointig_1_0_998763 269133 284113 998763 -1 -1 12225 0.0419143
Chain
	Aln	0	-HG003_ont_1840_start_269995 1 14981 15000 +edge_1_0_+disjointig_1_0_998763 714649 729629 998763 -1 -1 12225 0.0419143
Chain
	Aln	1	+HG003_ont_1841_start_539819 1 14998 15000 -edge_1_0_+disjointig_1_0_998763 538940 553937 998763 -1 -1 11889 0.0408391
Chain
	Aln	0	-HG003_ont_1841_start_539819 1 14998 15000 +edge_1_0_+disjointig_1_0_998763 444825 459822 998763 -1 -1 11889 0.0408391
Chain
	Aln	1	+HG003_ont_1843_start_784071 1 14998 15000 -edge_1_0_+disjointig_1_0_998763 783192 798189 998763 -1 -1 12147 0.041965
Chain
	Aln	0	-HG003_ont_1843_start_784071 1 14998 15000 +edge_1_0_+disjointig_1_0_998763 200573 215570 998763 -1 -1 12147 0.041965
Chain
	Aln	1	+HG003_ont_1844_start_325509 34 14989 15000 -edge_1_0_+disjointig_1_0_998763 324663 339618 998763 -1 -1 12130 0.0409181
Chain
	Aln	0	-HG003_ont_1844_start_325509 10 14965 15000 +edge_1_0_+disjointig_1_0_998763 659144 674099 998763 -1 -1 12130 0.0409181
Chain
	Aln	1	+HG003_ont_1845_start_574872 7 14989 15000 -edge_1_0_+disjointig_1_0_998763 573999 588981 998763 -1 -1 12233 0.0403421
Chain
	Aln	0	-HG003_ont_1845_start_574872 10 14992 15000 +edge_1_0_+disjointig_1_0_998763 409781 424763 998763 -1 -1 12233 0.0403421
Chain
	Aln	1	+HG003_ont_1842_start_629444 23 14998 15000 -edge_1_0_+disjointig_1_0_998763 628587 643562 998763 -1 -1 12384 0.0401355
Chain
	Aln	0	-HG003_ont_1842_start_629444 1 14976 15000 +edge_1_0_+disjointig_1_0_998763 355200 370175 998763 -1 -1 12384 0.0401355
Chain
	Aln	1	+HG003_ont_1846_start_267224 13 14982 15000 -edge_1_0_+disjointig_1_0_998763 266357 281326 998763 -1 -1 12373 0.0412023
Chain
	Aln	0	-HG003_ont_1846_start_267224 17 14986 15000 +edge_1_0_+disjointig_1_0_998763 717436 732405 998763 -1 -1 12373 0.0412023
Chain
	Aln	1	+HG003_ont_1848_start_398713 1 14998 15000 -edge_1_0_+disjointig_1_0_998763 397834 412831 998763 -1 -1 12517 0.0371557
Chain
	Aln	0	-HG003_ont_1848_start_398713 1 14998 15000 +edge_1_0_+disjointig_1_0_998763 585931 600928 998763 -1 -1 12517 0.0371557
Chain
	Aln	1	+HG003_ont_1847_start_310726 1 14998 15000 -edge_1_0_+disjointig_1_0_998763 309847 324844 998763 -1 -1 12270 0.0388849
Chain
	Aln	0	-HG003_ont_1847_start_310726 1 14998 15000 +edge_1_0_+disjointig_1_0_998763 673918 688915 998763 -1 -1 12270 0.0388849
Chain
	Aln	1	+HG003_ont_1849_start_454044 15 14977 15000 -edge_1_0_+disjointig_1_0_998763 453179 468141 998763 -1 -1 12580 0.0363216
Chain
	Aln	0	-HG003_ont_1849_start_454044 22 14984 15000 +edge_1_0_+disjointig_1_0_998763 530621 545583 998763 -1 -1 12580 0.0363216
Chain
	Aln	1	+HG003_ont_1851_start_707283 8 14998 15000 -edge_1_0_+disjointig_1_0_998763 706411 721401 998763 -1 -1 12444 0.0404749
Chain
	Aln	0	-HG003_ont_1851_start_707283 1 14991 15000 +edge_1_0_+disjointig_1_0_998763 277361 292351 998763 -1 -1 12444 0.0404749
Chain
	Aln	1	+HG003_ont_1850_start_907142 1 14998 15000 -edge_1_0_+disjointig_1_0_998763 906263 921260 998763 -1 -1 11962 0.044392
Chain
	Aln	0	-HG003_ont_1850_start_907142 1 14998 15000 +edge_1_0_+disjointig_1_0_998763 77502 92499 998763 -1 -1 11962 0.044392
Chain
	Aln	1	+HG003_ont_1852_start_207969 16 14998 15000 -edge_1_0_+disjointig_1_0_998763 207105 222087 998763 -1 -1 12048 0.0414198
Chain
	Aln	0	-HG003_ont_1852_start_207969 1 14983 15000 +edge_1_0_+disjointig_1_0_998763 776675 791657 998763 -1 -1 12048 0.0414198
Chain
	Aln	1	+HG003_ont_1853_start_613119 12 14986 15000 -edge_1_0_+disjointig_1_0_998763 612251 627225 998763 -1 -1 12424 0.0399454
Chain
	Aln	0	-HG003_ont_1853_start_613119 13 14987 15000 +edge_1_0_+disjointig_1_0_998763 371537 386511 998763 -1 -1 12424 0.0399454
Chain
	Aln	1	+HG003_ont_1855_start_761546 19 14998 15000 -edge_1_0_+disjointig_1_0_998763 760685 775664 998763 -1 -1 12409 0.0390961
Chain
	Aln	0	-HG003_ont_1855_start_761546 1 14980 15000 +edge_1_0_+disjointig_1_0_998763 223098 238077 998763 -1 -1 12409 0.0390961
Chain
	Aln	1	+HG003_ont_1856_start_912109 1 14998 15000 -edge_1_0_+disjointig_1_0_998763 911230 926227 998763 -1 -1 12475 0.0413914
Chain
	Aln	0	-HG003_ont_1856_start_912109 1 14998 15000 +edge_1_0_+disjointig_1_0_998763 72535 87532 998763 -1 -1 12475 0.0413914
Chain
	Aln	1	+HG003_ont_1854_start_708076 21 14998 15000 -edge_1_0_+disjointig_1_0_998763 707217 722194 998763 -1 -1 12174 0.0412891
Chain
	Aln	0	-HG003_ont_1854_start_708076 1 14978 15000 +edge_1_0_+disjointig_1_0_998763 276568 291545 998763 -1 -1 12174 0.0412891
Chain
	Aln	1	+HG003_ont_1857_start_320971 44 14952 15000 -edge_1_0_+disjointig_1_0_998763 320135 335043 998763 -1 -1 12062 0.0412716
Chain
	Aln	0	-HG003_ont_1857_start_320971 47 14955 15000 +edge_1_0_+disjointig_1_0_998763 663719 678627 998763 -1 -1 12062 0.0412716
Chain
	Aln	1	+HG003_ont_1858_start_519123 1 14998 15000 -edge_1_0_+disjointig_1_0_998763 518244 533241 998763 -1 -1 12241 0.0413439
Chain
	Aln	0	-HG003_ont_1858_start_519123 1 14998 15000 +edge_1_0_+disjointig_1_0_998763 465521 480518 998763 -1 -1 12241 0.0413439
Chain
	Aln	1	+HG003_ont_1859_start_949480 1 14998 15000 -edge_1_0_+disjointig_1_0_998763 948601 963598 998763 -1 -1 12069 0.0423344
Chain
	Aln	0	-HG003_ont_1859_start_949480 1 14998 15000 +edge_1_0_+disjointig_1_0_998763 35164 50161 998763 -1 -1 12069 0.0423344
Chain
	Aln	1	+HG003_ont_1860_start_730138 7 14998 15000 -edge_1_0_+disjointig_1_0_998763 729265 744256 998763 -1 -1 12368 0.0415823
Chain
	Aln	0	-HG003_ont_1860_start_730138 1 14992 15000 +edge_1_0_+disjointig_1_0_998763 254506 269497 998763 -1 -1 12368 0.0415823
Chain
	Aln	1	+HG003_ont_1861_start_975246 13 14998 15000 -edge_1_0_+disjointig_1_0_998763 974379 989364 998763 -1 -1 12566 0.0382934
Chain
	Aln	0	-HG003_ont_1861_start_975246 1 14986 15000 +edge_1_0_+disjointig_1_0_998763 9398 24383 998763 -1 -1 12566 0.0382934
Chain
	Aln	1	+HG003_ont_1862_start_376638 18 14992 15000 -edge_1_0_+disjointig_1_0_998763 375776 390750 998763 -1 -1 12191 0.0402639
Chain
	Aln	0	-HG003_ont_1862_start_376638 7 14981 15000 +edge_1_0_+disjointig_1_0_998763 608012 622986 998763 -1 -1 12191 0.0402639
Chain
	Aln	1	+HG003_ont_1864_start_561217 48 14998 15000 -edge_1_0_+disjointig_1_0_998763 560385 575335 998763 -1 -1 11991 0.0423919
Chain
	Aln	0	-HG003_ont_1864_start_561217 1 14951 15000 +edge_1_0_+disjointig_1_0_998763 423427 438377 998763 -1 -1 11991 0.0423919
Chain
	Aln	1	+HG003_ont_1863_start_767638 1 14988 15000 -edge_1_0_+disjointig_1_0_998763 766759 781746 998763 -1 -1 12518 0.0389065
Chain
	Aln	0	-HG003_ont_1863_start_767638 11 14998 15000 +edge_1_0_+disjointig_1_0_998763 217016 232003 998763 -1 -1 12518 0.0389065
Chain
	Aln	1	+HG003_ont_1865_start_675302 1 14998 15000 -edge_1_0_+disjointig_1_0_998763 674423 689420 998763 -1 -1 12666 0.035605
Chain
	Aln	0	-HG003_ont_1865_start_675302 1 14998 15000 +edge_1_0_+disjointig_1_0_998763 309342 324339 998763 -1 -1 12666 0.035605
Chain
	Aln	1	+HG003_ont_1868_start_572559 24 14998 15000 -edge_1_0_+disjointig_1_0_998763 571703 586677 998763 -1 -1 12001 0.0431861
Chain
	Aln	0	-HG003_ont_1868_start_572559 1 14975 15000 +edge_1_0_+disjointig_1_0_998763 412085 427059 998763 -1 -1 12001 0.0431861
Chain
	Aln	1	+HG003_ont_1867_start_400405 48 14984 15000 -edge_1_0_+disjointig_1_0_998763 399573 414509 998763 -1 -1 12216 0.0410487
Chain
	Aln	0	-HG003_ont_1867_start_400405 15 14951 15000 +edge_1_0_+disjointig_1_0_998763 584253 599189 998763 -1 -1 12216 0.0410487
Chain
	Aln	1	+HG003_ont_1866_start_751117 0 14998 15000 -edge_1_0_+disjointig_1_0_998763 750237 765235 998763 -1 -1 12273 0.0389877
Chain
	Aln	0	-HG003_ont_1866_start_751117 1 14999 15000 +edge_1_0_+disjointig_1_0_998763 233527 248525 998763 -1 -1 12273 0.0389877
Chain
	Aln	1	+HG003_ont_1869_start_671765 35 14998 15000 -edge_1_0_+disjointig_1_0_998763 670920 685883 998763 -1 -1 12319 0.0407213
Chain
	Aln	0	-HG003_ont_1869_start_671765 1 14964 15000 +edge_1_0_+disjointig_1_0_998763 312879 327842 998763 -1 -1 12319 0.0407213
Chain
	Aln	1	+HG003_ont_1870_start_550107 0 14983 15000 -edge_1_0_+disjointig_1_0_998763 549227 564210 998763 -1 -1 12248 0.0402292
Chain
	Aln	0	-HG003_ont_1870_start_550107 16 14999 15000 +edge_1_0_+disjointig_1_0_998763 434552 449535 998763 -1 -1 12248 0.0402292
Chain
	Aln	1	+HG003_ont_1871_start_74209 10 14991 15000 -edge_1_0_+disjointig_1_0_998763 73339 88320 998763 -1 -1 12363 0.0420947
Chain
	Aln	0	-HG003_ont_1871_start_74209 8 14989 15000 +edge_1_0_+disjointig_1_0_998763 910442 925423 998763 -1 -1 12363 0.0420947
Chain
	Aln	1	+HG003_ont_1872_start_50074 2 14998 15000 -edge_1_0_+disjointig_1_0_998763 49196 64192 998763 -1 -1 12245 0.0403035
Chain
	Aln	0	-HG003_ont_1872_start_50074 1 14997 15000 +edge_1_0_+disjointig_1_0_998763 934570 949566 998763 -1 -1 12245 0.0403035
Chain
	Aln	1	+HG003_ont_1873_start_517874 23 14990 15000 -edge_1_0_+disjointig_1_0_998763 517017 531984 998763 -1 -1 12520 0.03857
Chain
	Aln	0	-HG003_ont_1873_start_517874 9 14976 15000 +edge_1_0_+disjointig_1_0_998763 466778 481745 998763 -1 -1 12520 0.03857
Chain
	Aln	1	+HG003_ont_1874_start_423470 11 14990 15000 -edge_1_0_+disjointig_1_0_998763 422601 437580 998763 -1 -1 12236 0.0437733
Chain
	Aln	0	-HG003_ont_1874_start_423470 9 14988 15000 +edge_1_0_+disjointig_1_0_998763 561182 576161 998763 -1 -1 12236 0.0437733
Chain
	Aln	1	+HG003_ont_1875_start_281932 4 14998 15000 -edge_1_0_+disjointig_1_0_998763 281056 296050 998763 -1 -1 12368 0.0421055
Chain
	Aln	0	-HG003_ont_1875_start_281932 1 14995 15000 +edge_1_0_+disjointig_1_0_998763 702712 717706 998763 -1 -1 12368 0.0421055
Chain
	Aln	1	+HG003_ont_1876_start_431527 1 14936 15000 -edge_1_0_+disjointig_1_0_998763 430648 445583 998763 -1 -1 12261 0.0414498
Chain
	Aln	0	-HG003_ont_1876_start_431527 63 14998 15000 +edge_1_0_+disjointig_1_0_998763 553179 568114 998763 -1 -1 12261 0.0414498
Chain
	Aln	1	+HG003_ont_1877_start_141432 0 14998 15000 -edge_1_0_+disjointig_1_0_998763 140552 155550 998763 -1 -1 12144 0.0413557
Chain
	Aln	0	-HG003_ont_1877_start_141432 1 14999 15000 +edge_1_0_+disjointig_1_0_998763 843212 858210 998763 -1 -1 12144 0.0413557
Chain
	Aln	1	+HG003_ont_1878_start_292361 1 14971 15000 -edge_1_0_+disjointig_1_0_998763 291482 306452 998763 -1 -1 12160 0.0412458
Chain
	Aln	0	-HG003_ont_1878_start_292361 28 14998 15000 +edge_1_0_+disjointig_1_0_998763 692310 707280 998763 -1 -1 12160 0.0412458
Chain
	Aln	1	+HG003_ont_1879_start_832017 1 14998 15000 -edge_1_0_+disjointig_1_0_998763 831138 846135 998763 -1 -1 12485 0.0411857
Chain
	Aln	0	-HG003_ont_1879_start_832017 1 14998 15000 +edge_1_0_+disjointig_1_0_998763 152627 167624 998763 -1 -1 12485 0.0411857
Chain
	Aln	1	+HG003_ont_1880_start_941844 4 14998 15000 -edge_1_0_+disjointig_1_0_998763 940968 955962 998763 -1 -1 12376 0.0399001
Chain
	Aln	0	-HG003_ont_1880_start_941844 1 14995 15000 +edge_1_0_+disjointig_1_0_998763 42800 57794 998763 -1 -1 12376 0.0399001
Chain
	Aln	1	+HG003_ont_1881_start_446140 1 14998 15000 -edge_1_0_+disjointig_1_0_998763 445261 460258 998763 -1 -1 12373 0.0388318
Chain
	Aln	0	-HG003_ont_1881_start_446140 1 14998 15000 +edge_1_0_+disjointig_1_0_998763 538504 553501 998763 -1 -1 12373 0.0388318
Chain
	Aln	1	+HG003_ont_1882_start_465867 0 14998 15000 -edge_1_0_+disjointig_1_0_998763 464987 479985 998763 -1 -1 12009 0.0417931
Chain
	Aln	0	-HG003_ont_1882_start_465867 1 14999 15000 +edge_1_0_+disjointig_1_0_998763 518777 533775 998763 -1 -1 12009 0.0417931
Chain
	Aln	1	+HG003_ont_1883_start_685433 5 14998 15000 -edge_1_0_+disjointig_1_0_998763 684558 699551 998763 -1 -1 12276 0.0393115
Chain
	Aln	0	-HG003_ont_1883_start_685433 1 14994 15000 +edge_1_0_+disjointig_1_0_998763 299211 314204 998763 -1 -1 12276 0.0393115
Chain
	Aln	1	+HG003_ont_1884_start_4033 1 14998 15000 -edge_1_0_+disjointig_1_0_998763 3154 18151 998763 -1 -1 12432 0.0403464
Chain
	Aln	0	-HG003_ont_1884_start_4033 1 14998 15000 +edge_1_0_+disjointig_1_0_998763 980611 995608 998763 -1 -1 12432 0.0403464
Chain
	Aln	1	+HG003_ont_1885_start_587701 0 14998 15000 -edge_1_0_+disjointig_1_0_998763 586821 601819 998763 -1 -1 12060 0.043584
Chain
	Aln	0	-HG003_ont_1885_start_587701 1 14999 15000 +edge_1_0_+disjointig_1_0_998763 396943 411941 998763 -1 -1 12060 0.043584
Chain
	Aln	1	+HG003_ont_1886_start_432725 4 14987 15000 -edge_1_0_+disjointig_1_0_998763 431849 446832 998763 -1 -1 12469 0.0410044
Chain
	Aln	0	-HG003_ont_1886_start_432725 12 14995 15000 +edge_1_0_+disjointig_1_0_998763 551930 566913 998763 -1 -1 12469 0.0410044
Chain
	Aln	1	+HG003_ont_1887_start_218338 0 14958 15000 -edge_1_0_+disjointig_1_0_998763 217458 232416 998763 -1 -1 12013 0.0418599
Chain
	Aln	0	-HG003_ont_1887_start_218338 41 14999 15000 +edge_1_0_+disjointig_1_0_998763 766346 781304 998763 -1 -1 12013 0.0418599
Chain
	Aln	1	+HG003_ont_1888_start_25021 4 14996 15000 -edge_1_0_+disjointig_1_0_998763 24145 39137 998763 -1 -1 12170 0.042792
Chain
	Aln	0	-HG003_ont_1888_start_25021 3 14995 15000 +edge_1_0_+disjointig_1_0_998763 959625 974617 998763 -1 -1 12170 0.042792
Chain
	Aln	1	+HG003_ont_1889_start_188365 1 14986 15000 -edge_1_0_+disjointig_1_0_998763 187486 202471 998763 -1 -1 12406 0.0410044
Chain
	Aln	0	-HG003_ont_1889_start_188365 13 14998 15000 +edge_1_0_+disjointig_1_0_998763 796291 811276 998763 -1 -1 12406 0.0410044
Chain
	Aln	1	+HG003_ont_1890_start_30112 1 14998 15000 -edge_1_0_+disjointig_1_0_998763 29233 44230 998763 -1 -1 12000 0.0435471
Chain
	Aln	0	-HG003_ont_1890_start_30112 1 14998 15000 +edge_1_0_+disjointig_1_0_998763 954532 969529 998763 -1 -1 12000 0.0435471
Chain
	Aln	1	+HG003_ont_1891_start_107811 1 14963 15000 -edge_1_0_+disjointig_1_0_998763 106932 121894 998763 -1 -1 11948 0.0447741
Chain
	Aln	0	-HG003_ont_1891_start_107811 36 14998 15000 +edge_1_0_+disjointig_1_0_998763 876868 891830 998763 -1 -1 11948 0.0447741
Chain
	Aln	1	+HG003_ont_1892_start_706510 1 14998 15000 -edge_1_0_+disjointig_1_0_998763 705631 720628 998763 -1 -1 12599 0.0405414
Chain
	Aln	0	-HG003_ont_1892_start_706510 1 14998 15000 +edge_1_0_+disjointig_1_0_998763 278134 293131 998763 -1 -1 12599 0.0405414
Chain
	Aln	1	+HG003_ont_1893_start_209419 1 14987 15000 -edge_1_0_+disjointig_1_0_998763 208540 223526 998763 -1 -1 11663 0.0451129
Chain
	Aln	0	-HG003_ont_1893_start_209419 12 14998 15000 +edge_1_0_+disjointig_1_0_998763 775236 790222 998763 -1 -1 11663 0.0451129
Chain
	Aln	1	+HG003_ont_1894_start_47927 1 14998 15000 -edge_1_0_+disjointig_1_0_998763 47048 62045 998763 -1 -1 12185 0.0415343
Chain
	Aln	0	-HG003_ont_1894_start_47927 1 14998 15000 +edge_1_0_+disjointig_1_0_998763 936717 951714 998763 -1 -1 12185 0.0415343
Chain
	Aln	1	+HG003_ont_1897_start_462909 1 14987 15000 -edge_1_0_+disjointig_1_0_998763 462030 477016 998763 -1 -1 12083 0.0402799
Chain
	Aln	0	-HG003_ont_1897_start_462909 12 14998 15000 +edge_1_0_+disjointig_1_0_998763 521746 536732 998763 -1 -1 12083 0.0402799
Chain
	Aln	1	+HG003_ont_1895_start_867027 12 14979 15000 -edge_1_0_+disjointig_1_0_998763 866159 881126 998763 -1 -1 12181 0.0428646
Chain
	Aln	0	-HG003_ont_1895_start_867027 20 14987 15000 +edge_1_0_+disjointig_1_0_998763 117636 132603 998763 -1 -1 12181 0.0428646
Chain
	Aln	1	+HG003_ont_1896_start_24163 3 14984 15000 -edge_1_0_+disjointig_1_0_998763 23286 38267 998763 -1 -1 12157 0.0423361
Chain
	Aln	0	-HG003_ont_1896_start_24163 15 14996 15000 +edge_1_0_+disjointig_1_0_998763 960495 975476 998763 -1 -1 12157 0.0423361
Chain
	Aln	1	+HG003_ont_1898_start_791179 1 14990 15000 -edge_1_0_+disjointig_1_0_998763 790300 805289 998763 -1 -1 12212 0.0401594
Chain
	Aln	0	-HG003_ont_1898_start_791179 9 14998 15000 +edge_1_0_+disjointig_1_0_998763 193473 208462 998763 -1 -1 12212 0.0401594
Chain
	Aln	1	+HG003_ont_1899_start_531508 1 14983 15000 -edge_1_0_+disjointig_1_0_998763 530629 545611 998763 -1 -1 12214 0.0417542
Chain
	Aln	0	-HG003_ont_1899_start_531508 16 14998 15000 +edge_1_0_+disjointig_1_0_998763 453151 468133 998763 -1 -1 12214 0.0417542
Chain
	Aln	1	+HG003_ont_1901_start_211675 1 14998 15000 -edge_1_0_+disjointig_1_0_998763 210796 225793 998763 -1 -1 12363 0.0391514
Chain
	Aln	0	-HG003_ont_1901_start_211675 1 14998 15000 +edge_1_0_+disjointig_1_0_998763 772969 787966 998763 -1 -1 12363 0.0391514
Chain
	Aln	1	+HG003_ont_1900_start_745090 1 14998 15000 -edge_1_0_+disjointig_1_0_998763 744211 759208 998763 -1 -1 12422 0.0389457
Chain
	Aln	0	-HG003_ont_1900_start_745090 1 14998 15000 +edge_1_0_+disjointig_1_0_998763 239554 254551 998763 -1 -1 12422 0.0389457
Chain
	Aln	1	+HG003_ont_1902_start_399299 11 14992 15000 -edge_1_0_+disjointig_1_0_998763 398430 413411 998763 -1 -1 12491 0.0415829
Chain
	Aln	0	-HG003_ont_1902_start_399299 7 14988 15000 +edge_1_0_+disjointig_1_0_998763 585351 600332 998763 -1 -1 12491 0.0415829
Chain
	Aln	1	+HG003_ont_1903_start_520926 16 14990 15000 -edge_1_0_+disjointig_1_0_998763 520062 535036 998763 -1 -1 12343 0.0410796
Chain
	Aln	0	-HG003_ont_1903_start_520926 9 14983 15000 +edge_1_0_+disjointig_1_0_998763 463726 478700 998763 -1 -1 12343 0.0410796
Chain
	Aln	1	+HG003_ont_1904_start_938001 0 14925 15000 -edge_1_0_+disjointig_1_0_998763 937121 952046 998763 -1 -1 12062 0.0415939
Chain
	Aln	0	-HG003_ont_1904_start_938001 74 14999 15000 +edge_1_0_+disjointig_1_0_998763 46716 61641 998763 -1 -1 12062 0.0415939
Chain
	Aln	1	+HG003_ont_1905_start_774076 6 14977 15000 -edge_1_0_+disjointig_1_0_998763 773202 788173 998763 -1 -1 12451 0.0409731
Chain
	Aln	0	-HG003_ont_1905_start_774076 22 14993 15000 +edge_1_0_+disjointig_1_0_998763 210589 225560 998763 -1 -1 12451 0.0409731
Chain
	Aln	1	+HG003_ont_1906_start_419174 1 14998 15000 -edge_1_0_+disjointig_1_0_998763 418295 433292 998763 -1 -1 12150 0.0400512
Chain
	Aln	0	-HG003_ont_1906_start_419174 1 14998 15000 +edge_1_0_+disjointig_1_0_998763 565470 580467 998763 -1 -1 12150 0.0400512
Chain
	Aln	1	+HG003_ont_1907_start_771389 1 14998 15000 -edge_1_0_+disjointig_1_0_998763 770510 785507 998763 -1 -1 12379 0.0406352
Chain
	Aln	0	-HG003_ont_1907_start_771389 1 14998 15000 +edge_1_0_+disjointig_1_0_998763 213255 228252 998763 -1 -1 12379 0.0406352
Chain
	Aln	1	+HG003_ont_1908_start_506469 1 14998 15000 -edge_1_0_+disjointig_1_0_998763 505590 520587 998763 -1 -1 12565 0.0381076
Chain
	Aln	0	-HG003_ont_1908_start_506469 1 14998 15000 +edge_1_0_+disjointig_1_0_998763 478175 493172 998763 -1 -1 12565 0.0381076
Chain
	Aln	1	+HG003_ont_1909_start_541182 37 14971 15000 -edge_1_0_+disjointig_1_0_998763 540339 555273 998763 -1 -1 11748 0.0466497
Chain
	Aln	0	-HG003_ont_1909_start_541182 28 14962 15000 +edge_1_0_+disjointig_1_0_998763 443489 458423 998763 -1 -1 11748 0.0466497
Chain
	Aln	1	+HG003_ont_1910_start_421353 49 14996 15000 -edge_1_0_+disjointig_1_0_998763 420522 435469 998763 -1 -1 12496 0.0401499
Chain
	Aln	0	-HG003_ont_1910_start_421353 3 14950 15000 +edge_1_0_+disjointig_1_0_998763 563293 578240 998763 -1 -1 12496 0.0401499
Chain
	Aln	1	+HG003_ont_1911_start_583178 0 14998 15000 -edge_1_0_+disjointig_1_0_998763 582298 597296 998763 -1 -1 12485 0.0395689
Chain
	Aln	0	-HG003_ont_1911_start_583178 1 14999 15000 +edge_1_0_+disjointig_1_0_998763 401466 416464 998763 -1 -1 12485 0.0395689
Chain
	Aln	1	+HG003_ont_1912_start_964262 1 14998 15000 -edge_1_0_+disjointig_1_0_998763 963383 978380 998763 -1 -1 12226 0.0433993
Chain
	Aln	0	-HG003_ont_1912_start_964262 1 14998 15000 +edge_1_0_+disjointig_1_0_998763 20382 35379 998763 -1 -1 12226 0.0433993
Chain
	Aln	1	+HG003_ont_1913_start_320689 5 14989 15000 -edge_1_0_+disjointig_1_0_998763 319814 334798 998763 -1 -1 12016 0.0436278
Chain
	Aln	0	-HG003_ont_1913_start_320689 10 14994 15000 +edge_1_0_+disjointig_1_0_998763 663964 678948 998763 -1 -1 12016 0.0436278
Chain
	Aln	1	+HG003_ont_1914_start_937874 8 14998 15000 -edge_1_0_+disjointig_1_0_998763 937002 951992 998763 -1 -1 12080 0.0418336
Chain
	Aln	0	-HG003_ont_1914_start_937874 1 14991 15000 +edge_1_0_+disjointig_1_0_998763 46770 61760 998763 -1 -1 12080 0.0418336
Chain
	Aln	1	+HG003_ont_1915_start_100187 13 14993 15000 -edge_1_0_+disjointig_1_0_998763 99320 114300 998763 -1 -1 12193 0.042818
Chain
	Aln	0	-HG003_ont_1915_start_100187 6 14986 15000 +edge_1_0_+disjointig_1_0_998763 884462 899442 998763 -1 -1 12193 0.042818
Chain
	Aln	1	+HG003_ont_1916_start_190171 9 14964 15000 -edge_1_0_+disjointig_1_0_998763 189300 204255 998763 -1 -1 12127 0.041704
Chain
	Aln	0	-HG003_ont_1916_start_190171 35 14990 15000 +edge_1_0_+disjointig_1_0_998763 794507 809462 998763 -1 -1 12127 0.041704
Chain
	Aln	1	+HG003_ont_1917_start_676514 18 14998 15000 -edge_1_0_+disjointig_1_0_998763 675652 690632 998763 -1 -1 12311 0.0394829
Chain
	Aln	0	-HG003_ont_1917_start_676514 1 14981 15000 +edge_1_0_+disjointig_1_0_998763 308130 323110 998763 -1 -1 12311 0.0394829
Chain
	Aln	1	+HG003_ont_1918_start_831278 0 14992 15000 -edge_1_0_+disjointig_1_0_998763 830398 845390 998763 -1 -1 12048 0.0422262
Chain
	Aln	0	-HG003_ont_1918_start_831278 7 14999 15000 +edge_1_0_+disjointig_1_0_998763 153372 168364 998763 -1 -1 12048 0.0422262
Chain
	Aln	1	+HG003_ont_1919_start_547024 5 14998 15000 -edge_1_0_+disjointig_1_0_998763 546149 561142 998763 -1 -1 12161 0.0427391
Chain
	Aln	0	-HG003_ont_1919_start_547024 1 14994 15000 +edge_1_0_+disjointig_1_0_998763 437620 452613 998763 -1 -1 12161 0.0427391
Chain
	Aln	1	+HG003_ont_1920_start_911512 6 14991 15000 -edge_1_0_+disjointig_1_0_998763 910638 925623 998763 -1 -1 12011 0.042239
Chain
	Aln	0	-HG003_ont_1920_start_911512 8 14993 15000 +edge_1_0_+disjointig_1_0_998763 73139 88124 998763 -1 -1 12011 0.042239
Chain
	Aln	1	+HG003_ont_1921_start_262757 32 14998 15000 -edge_1_0_+disjointig_1_0_998763 261909 276875 998763 -1 -1 12054 0.0422046
Chain
	Aln	0	-HG003_ont_1921_start_262757 1 14967 15000 +edge_1_0_+disjointig_1_0_998763 721887 736853 998763 -1 -1 12054 0.0422046
Chain
	Aln	1	+HG003_ont_1922_start_211778 27 14989 15000 -edge_1_0_+disjointig_1_0_998763 210925 225887 998763 -1 -1 12177 0.0412064
Chain
	Aln	0	-HG003_ont_1922_start_211778 10 14972 15000 +edge_1_0_+disjointig_1_0_998763 772875 787837 998763 -1 -1 12177 0.0412064
Chain
	Aln	1	+HG003_ont_1923_start_317986 11 14998 15000 -edge_1_0_+disjointig_1_0_998763 317117 332104 998763 -1 -1 12172 0.040965
Chain
	Aln	0	-HG003_ont_1923_start_317986 1 14988 15000 +edge_1_0_+disjointig_1_0_998763 666658 681645 998763 -1 -1 12172 0.040965
Chain
	Aln	1	+HG003_ont_1924_start_95645 33 14998 15000 -edge_1_0_+disjointig_1_0_998763 94798 109763 998763 -1 -1 12273 0.0400885
Chain
	Aln	0	-HG003_ont_1924_start_95645 1 14966 15000 +edge_1_0_+disjointig_1_0_998763 888999 903964 998763 -1 -1 12273 0.0400885
Chain
	Aln	1	+HG003_ont_1925_start_347950 21 14968 15000 -edge_1_0_+disjointig_1_0_998763 347091 362038 998763 -1 -1 12401 0.0386657
Chain
	Aln	0	-HG003_ont_1925_start_347950 31 14978 15000 +edge_1_0_+disjointig_1_0_998763 636724 651671 998763 -1 -1 12401 0.0386657
Chain
	Aln	1	+HG003_ont_1926_start_837114 9 14972 15000 -edge_1_0_+disjointig_1_0_998763 836243 851206 998763 -1 -1 12671 0.0368307
Chain
	Aln	0	-HG003_ont_1926_start_837114 27 14990 15000 +edge_1_0_+disjointig_1_0_998763 147556 162519 998763 -1 -1 12671 0.0368307
Chain
	Aln	1	+HG003_ont_1927_start_652410 20 14998 15000 -edge_1_0_+disjointig_1_0_998763 651550 666528 998763 -1 -1 12214 0.0414836
Chain
	Aln	0	-HG003_ont_1927_start_652410 1 14979 15000 +edge_1_0_+disjointig_1_0_998763 332234 347212 998763 -1 -1 12214 0.0414836
Chain
	Aln	1	+HG003_ont_1928_start_577641 1 14998 15000 -edge_1_0_+disjointig_1_0_998763 576762 591759 998763 -1 -1 12532 0.0376372
Chain
	Aln	0	-HG003_ont_1928_start_577641 1 14998 15000 +edge_1_0_+disjointig_1_0_998763 407003 422000 998763 -1 -1 12532 0.0376372
Chain
	Aln	1	+HG003_ont_1930_start_785413 1 14992 15000 -edge_1_0_+disjointig_1_0_998763 784534 799525 998763 -1 -1 12205 0.040471
Chain
	Aln	0	-HG003_ont_1930_start_785413 7 14998 15000 +edge_1_0_+disjointig_1_0_998763 199237 214228 998763 -1 -1 12205 0.040471
Chain
	Aln	1	+HG003_ont_1929_start_564586 9 14997 15000 -edge_1_0_+disjointig_1_0_998763 563715 578703 998763 -1 -1 12086 0.0420339
Chain
	Aln	0	-HG003_ont_1929_start_564586 2 14990 15000 +edge_1_0_+disjointig_1_0_998763 420059 435047 998763 -1 -1 12086 0.0420339
Chain
	Aln	1	+HG003_ont_1931_start_156697 1 14998 15000 -edge_1_0_+disjointig_1_0_998763 155818 170815 998763 -1 -1 12121 0.0425604
Chain
	Aln	0	-HG003_ont_1931_start_156697 1 14998 15000 +edge_1_0_+disjointig_1_0_998763 827947 842944 998763 -1 -1 12121 0.0425604
Chain
	Aln	1	+HG003_ont_1932_start_683342 24 14981 15000 -edge_1_0_+disjointig_1_0_998763 682486 697443 998763 -1 -1 11928 0.0441182
Chain
	Aln	0	-HG003_ont_1932_start_683342 18 14975 15000 +edge_1_0_+disjointig_1_0_998763 301319 316276 998763 -1 -1 11928 0.0441182
Chain
	Aln	1	+HG003_ont_1933_start_608634 1 14944 15000 -edge_1_0_+disjointig_1_0_998763 607755 622698 998763 -1 -1 12407 0.0394605
Chain
	Aln	0	-HG003_ont_1933_start_608634 55 14998 15000 +edge_1_0_+disjointig_1_0_998763 376064 391007 998763 -1 -1 12407 0.0394605
Chain
	Aln	1	+HG003_ont_1934_start_135311 24 14992 15000 -edge_1_0_+disjointig_1_0_998763 134455 149423 998763 -1 -1 12232 0.0407959
Chain
	Aln	0	-HG003_ont_1934_start_135311 7 14975 15000 +edge_1_0_+disjointig_1_0_998763 849339 864307 998763 -1 -1 12232 0.0407959
Chain
	Aln	1	+HG003_ont_1935_start_658701 0 14990 15000 -edge_1_0_+disjointig_1_0_998763 657821 672811 998763 -1 -1 12459 0.0411108
Chain
	Aln	0	-HG003_ont_1935_start_658701 9 14999 15000 +edge_1_0_+disjointig_1_0_998763 325951 340941 998763 -1 -1 12459 0.0411108
Chain
	Aln	1	+HG003_ont_1936_start_775978 8 14998 15000 -edge_1_0_+disjointig_1_0_998763 775106 790096 998763 -1 -1 12592 0.0400702
Chain
	Aln	0	-HG003_ont_1936_start_775978 1 14991 15000 +edge_1_0_+disjointig_1_0_998763 208666 223656 998763 -1 -1 12592 0.0400702
Chain
	Aln	1	+HG003_ont_1937_start_943553 0 14988 15000 -edge_1_0_+disjointig_1_0_998763 942673 957661 998763 -1 -1 12306 0.0407959
Chain
	Aln	0	-HG003_ont_1937_start_943553 11 14999 15000 +edge_1_0_+disjointig_1_0_998763 41101 56089 998763 -1 -1 12306 0.0407959
Chain
	Aln	1	+HG003_ont_1938_start_837375 1 14975 15000 -edge_1_0_+disjointig_1_0_998763 836496 851470 998763 -1 -1 12014 0.0434733
Chain
	Aln	0	-HG003_ont_1938_start_837375 24 14998 15000 +edge_1_0_+disjointig_1_0_998763 147292 162266 998763 -1 -1 12014 0.0434733
Chain
	Aln	1	+HG003_ont_1939_start_359492 43 14983 15000 -edge_1_0_+disjointig_1_0_998763 358655 373595 998763 -1 -1 11889 0.0430524
Chain
	Aln	0	-HG003_ont_1939_start_359492 16 14956 15000 +edge_1_0_+disjointig_1_0_998763 625167 640107 998763 -1 -1 11889 0.0430524
Chain
	Aln	1	+HG003_ont_1940_start_19750 1 14984 15000 -edge_1_0_+disjointig_1_0_998763 18871 33854 998763 -1 -1 12343 0.0406116
Chain
	Aln	0	-HG003_ont_1940_start_19750 15 14998 15000 +edge_1_0_+disjointig_1_0_998763 964908 979891 998763 -1 -1 12343 0.0406116
Chain
	Aln	1	+HG003_ont_1941_start_192488 1 14997 15000 -edge_1_0_+disjointig_1_0_998763 191609 206605 998763 -1 -1 12133 0.0411817
Chain
	Aln	0	-HG003_ont_1941_start_192488 2 14998 15000 +edge_1_0_+disjointig_1_0_998763 792157 807153 998763 -1 -1 12133 0.0411817
Chain
	Aln	1	+HG003_ont_1942_start_822237 0 14998 15000 -edge_1_0_+disjointig_1_0_998763 821357 836355 998763 -1 -1 12444 0.0387826
Chain
	Aln	0	-HG003_ont_1942_start_822237 1 14999 15000 +edge_1_0_+disjointig_1_0_998763 162407 177405 998763 -1 -1 12444 0.0387826
Chain
	Aln	1	+HG003_ont_1943_start_298042 14 14998 15000 -edge_1_0_+disjointig_1_0_998763 297176 312160 998763 -1 -1 12208 0.0402954
Chain
	Aln	0	-HG003_ont_1943_start_298042 1 14985 15000 +edge_1_0_+disjointig_1_0_998763 686602 701586 998763 -1 -1 12208 0.0402954
Chain
	Aln	1	+HG003_ont_1944_start_606626 13 14986 15000 -edge_1_0_+disjointig_1_0_998763 605759 620732 998763 -1 -1 12500 0.0398486
Chain
	Aln	0	-HG003_ont_1944_start_606626 13 14986 15000 +edge_1_0_+disjointig_1_0_998763 378030 393003 998763 -1 -1 12500 0.0398486
Chain
	Aln	1	+HG003_ont_1945_start_380949 1 14980 15000 -edge_1_0_+disjointig_1_0_998763 380070 395049 998763 -1 -1 12592 0.0392872
Chain
	Aln	0	-HG003_ont_1945_start_380949 19 14998 15000 +edge_1_0_+disjointig_1_0_998763 603713 618692 998763 -1 -1 12592 0.0392872
Chain
	Aln	1	+HG003_ont_1946_start_140104 1 14981 15000 -edge_1_0_+disjointig_1_0_998763 139225 154205 998763 -1 -1 12112 0.0421791
Chain
	Aln	0	-HG003_ont_1946_start_140104 18 14998 15000 +edge_1_0_+disjointig_1_0_998763 844557 859537 998763 -1 -1 12112 0.0421791
Chain
	Aln	1	+HG003_ont_1947_start_710560 1 14998 15000 -edge_1_0_+disjointig_1_0_998763 709681 724678 998763 -1 -1 12446 0.0393732
Chain
	Aln	0	-HG003_ont_1947_start_710560 1 14998 15000 +edge_1_0_+disjointig_1_0_998763 274084 289081 998763 -1 -1 12446 0.0393732
Chain
	Aln	1	+HG003_ont_1948_start_463174 1 14995 15000 -edge_1_0_+disjointig_1_0_998763 462295 477289 998763 -1 -1 12082 0.0418333
Chain
	Aln	0	-HG003_ont_1948_start_463174 4 14998 15000 +edge_1_0_+disjointig_1_0_998763 521473 536467 998763 -1 -1 12082 0.0418333
Chain
	Aln	1	+HG003_ont_1949_start_396083 12 14985 15000 -edge_1_0_+disjointig_1_0_998763 395215 410188 998763 -1 -1 12238 0.0426849
Chain
	Aln	0	-HG003_ont_1949_start_396083 14 14987 15000 +edge_1_0_+disjointig_1_0_998763 588574 603547 998763 -1 -1 12238 0.0426849
Chain
	Aln	1	+HG003_ont_1950_start_886532 25 14998 15000 -edge_1_0_+disjointig_1_0_998763 885677 900650 998763 -1 -1 12169 0.0420793
Chain
	Aln	0	-HG003_ont_1950_start_886532 1 14974 15000 +edge_1_0_+disjointig_1_0_998763 98112 113085 998763 -1 -1 12169 0.0420793
Chain
	Aln	1	+HG003_ont_1951_start_720378 21 14998 15000 -edge_1_0_+disjointig_1_0_998763 719519 734496 998763 -1 -1 12247 0.0405881
Chain
	Aln	0	-HG003_ont_1951_start_720378 1 14978 15000 +edge_1_0_+disjointig_1_0_998763 264266 279243 998763 -1 -1 12247 0.0405881
Chain
	Aln	1	+HG003_ont_1952_start_727245 5 14973 15000 -edge_1_0_+disjointig_1_0_998763 726370 741338 998763 -1 -1 12069 0.0413251
Chain
	Aln	0	-HG003_ont_1952_start_727245 26 14994 15000 +edge_1_0_+disjointig_1_0_998763 257424 272392 998763 -1 -1 12069 0.0413251
Chain
	Aln	1	+HG003_ont_1953_start_293896 22 14997 15000 -edge_1_0_+disjointig_1_0_998763 293038 308013 998763 -1 -1 12464 0.0385408
Chain
	Aln	0	-HG003_ont_1953_start_293896 2 14977 15000 +edge_1_0_+disjointig_1_0_998763 690749 705724 998763 -1 -1 12464 0.0385408
Chain
	Aln	1	+HG003_ont_1954_start_130709 52 14996 15000 -edge_1_0_+disjointig_1_0_998763 129881 144825 998763 -1 -1 12361 0.0403175
Chain
	Aln	0	-HG003_ont_1954_start_130709 3 14947 15000 +edge_1_0_+disjointig_1_0_998763 853937 868881 998763 -1 -1 12361 0.0403175
Chain
	Aln	1	+HG003_ont_1956_start_275368 18 14998 15000 -edge_1_0_+disjointig_1_0_998763 274506 289486 998763 -1 -1 12455 0.0402252
Chain
	Aln	0	-HG003_ont_1956_start_275368 1 14981 15000 +edge_1_0_+disjointig_1_0_998763 709276 724256 998763 -1 -1 12455 0.0402252
Chain
	Aln	1	+HG003_ont_1955_start_234252 1 14998 15000 -edge_1_0_+disjointig_1_0_998763 233373 248370 998763 -1 -1 12387 0.0404477
Chain
	Aln	0	-HG003_ont_1955_start_234252 1 14998 15000 +edge_1_0_+disjointig_1_0_998763 750392 765389 998763 -1 -1 12387 0.0404477
Chain
	Aln	1	+HG003_ont_1957_start_838782 4 14963 15000 -edge_1_0_+disjointig_1_0_998763 837906 852865 998763 -1 -1 12212 0.0405408
Chain
	Aln	0	-HG003_ont_1957_start_838782 36 14995 15000 +edge_1_0_+disjointig_1_0_998763 145897 160856 998763 -1 -1 12212 0.0405408
Chain
	Aln	1	+HG003_ont_1958_start_895279 4 14980 15000 -edge_1_0_+disjointig_1_0_998763 894403 909379 998763 -1 -1 12514 0.0375696
Chain
	Aln	0	-HG003_ont_1958_start_895279 19 14995 15000 +edge_1_0_+disjointig_1_0_998763 89383 104359 998763 -1 -1 12514 0.0375696
Chain
	Aln	1	+HG003_ont_1959_start_768076 41 14998 15000 -edge_1_0_+disjointig_1_0_998763 767237 782194 998763 -1 -1 12509 0.0395926
Chain
	Aln	0	-HG003_ont_1959_start_768076 1 14958 15000 +edge_1_0_+disjointig_1_0_998763 216568 231525 998763 -1 -1 12509 0.0395926
Chain
	Aln	1	+HG003_ont_1960_start_292031 3 14990 15000 -edge_1_0_+disjointig_1_0_998763 291154 306141 998763 -1 -1 11943 0.0446455
Chain
	Aln	0	-HG003_ont_1960_start_292031 9 14996 15000 +edge_1_0_+disjointig_1_0_998763 692621 707608 998763 -1 -1 11943 0.0446455
Chain
	Aln	1	+HG003_ont_1961_start_10780 14 14998 15000 -edge_1_0_+disjointig_1_0_998763 9914 24898 998763 -1 -1 12501 0.0389023
Chain
	Aln	0	-HG003_ont_1961_start_10780 1 14985 15000 +edge_1_0_+disjointig_1_0_998763 973864 988848 998763 -1 -1 12501 0.0389023
Chain
	Aln	1	+HG003_ont_1962_start_786020 13 14998 15000 -edge_1_0_+disjointig_1_0_998763 785153 800138 998763 -1 -1 12059 0.0431475
Chain
	Aln	0	-HG003_ont_1962_start_786020 1 14986 15000 +edge_1_0_+disjointig_1_0_998763 198624 213609 998763 -1 -1 12059 0.0431475
Chain
	Aln	1	+HG003_ont_1963_start_547729 8 14973 15000 -edge_1_0_+disjointig_1_0_998763 546857 561822 998763 -1 -1 12144 0.0412261
Chain
	Aln	0	-HG003_ont_1963_start_547729 26 14991 15000 +edge_1_0_+disjointig_1_0_998763 436940 451905 998763 -1 -1 12144 0.0412261
Chain
	Aln	1	+HG003_ont_1964_start_871974 1 14998 15000 -edge_1_0_+disjointig_1_0_998763 871095 886092 998763 -1 -1 12629 0.0393196
Chain
	Aln	0	-HG003_ont_1964_start_871974 1 14998 15000 +edge_1_0_+disjointig_1_0_998763 112670 127667 998763 -1 -1 12629 0.0393196
Chain
	Aln	1	+HG003_ont_1965_start_862730 0 14993 15000 -edge_1_0_+disjointig_1_0_998763 861850 876843 998763 -1 -1 12214 0.0419253
Chain
	Aln	0	-HG003_ont_1965_start_862730 6 14999 15000 +edge_1_0_+disjointig_1_0_998763 121919 136912 998763 -1 -1 12214 0.0419253
Chain
	Aln	1	+HG003_ont_1966_start_216015 21 14957 15000 -edge_1_0_+disjointig_1_0_998763 215156 230092 998763 -1 -1 12263 0.0405522
Chain
	Aln	0	-HG003_ont_1966_start_216015 42 14978 15000 +edge_1_0_+disjointig_1_0_998763 768670 783606 998763 -1 -1 12263 0.0405522
Chain
	Aln	1	+HG003_ont_1967_start_563324 0 14998 15000 -edge_1_0_+disjointig_1_0_998763 562444 577442 998763 -1 -1 12332 0.0402569
Chain
	Aln	0	-HG003_ont_1967_start_563324 1 14999 15000 +edge_1_0_+disjointig_1_0_998763 421320 436318 998763 -1 -1 12332 0.0402569
Chain
	Aln	1	+HG003_ont_1968_start_565323 0 14998 15000 -edge_1_0_+disjointig_1_0_998763 564443 579441 998763 -1 -1 12404 0.0399467
Chain
	Aln	0	-HG003_ont_1968_start_565323 1 14999 15000 +edge_1_0_+disjointig_1_0_998763 419321 434319 998763 -1 -1 12404 0.0399467
Chain
	Aln	1	+HG003_ont_1969_start_20149 17 14998 15000 -edge_1_0_+disjointig_1_0_998763 19286 34267 998763 -1 -1 12158 0.0418142
Chain
	Aln	0	-HG003_ont_1969_start_20149 1 14982 15000 +edge_1_0_+disjointig_1_0_998763 964495 979476 998763 -1 -1 12158 0.0418142
Chain
	Aln	1	+HG003_ont_1970_start_247610 1 14973 15000 -edge_1_0_+disjointig_1_0_998763 246731 261703 998763 -1 -1 12278 0.0424865
Chain
	Aln	0	-HG003_ont_1970_start_247610 26 14998 15000 +edge_1_0_+disjointig_1_0_998763 737059 752031 998763 -1 -1 12278 0.0424865
Chain
	Aln	1	+HG003_ont_1972_start_274266 13 14972 15000 -edge_1_0_+disjointig_1_0_998763 273399 288358 998763 -1 -1 12503 0.0371098
Chain
	Aln	0	-HG003_ont_1972_start_274266 27 14986 15000 +edge_1_0_+disjointig_1_0_998763 710404 725363 998763 -1 -1 12503 0.0371098
Chain
	Aln	1	+HG003_ont_1971_start_300280 17 14984 15000 -edge_1_0_+disjointig_1_0_998763 299417 314384 998763 -1 -1 12426 0.0399024
Chain
	Aln	0	-HG003_ont_1971_start_300280 15 14982 15000 +edge_1_0_+disjointig_1_0_998763 684378 699345 998763 -1 -1 12426 0.0399024
Chain
	Aln	1	+HG003_ont_1973_start_316523 1 14998 15000 -edge_1_0_+disjointig_1_0_998763 315644 330641 998763 -1 -1 12406 0.0398037
Chain
	Aln	0	-HG003_ont_1973_start_316523 1 14998 15000 +edge_1_0_+disjointig_1_0_998763 668121 683118 998763 -1 -1 12406 0.0398037
Chain
	Aln	1	+HG003_ont_1974_start_564967 120 14981 15000 -edge_1_0_+disjointig_1_0_998763 564207 579068 998763 -1 -1 12418 0.0381973
Chain
	Aln	0	-HG003_ont_1974_start_564967 18 14879 15000 +edge_1_0_+disjointig_1_0_998763 419694 434555 998763 -1 -1 12418 0.0381973
Chain
	Aln	1	+HG003_ont_1975_start_828457 10 14998 15000 -edge_1_0_+disjointig_1_0_998763 827587 842575 998763 -1 -1 12448 0.0404358
Chain
	Aln	0	-HG003_ont_1975_start_828457 1 14989 15000 +edge_1_0_+disjointig_1_0_998763 156187 171175 998763 -1 -1 12448 0.0404358
Chain
	Aln	1	+HG003_ont_1976_start_665286 2 14998 15000 -edge_1_0_+disjointig_1_0_998763 664408 679404 998763 -1 -1 12221 0.0398693
Chain
	Aln	0	-HG003_ont_1976_start_665286 1 14997 15000 +edge_1_0_+disjointig_1_0_998763 319358 334354 998763 -1 -1 12221 0.0398693
Chain
	Aln	1	+HG003_ont_1977_start_77479 1 14998 15000 -edge_1_0_+disjointig_1_0_998763 76600 91597 998763 -1 -1 12313 0.0402763
Chain
	Aln	0	-HG003_ont_1977_start_77479 1 14998 15000 +edge_1_0_+disjointig_1_0_998763 907165 922162 998763 -1 -1 12313 0.0402763
Chain
	Aln	1	+HG003_ont_1978_start_618450 0 14998 15000 -edge_1_0_+disjointig_1_0_998763 617570 632568 998763 -1 -1 12297 0.0382016
Chain
	Aln	0	-HG003_ont_1978_start_618450 1 14999 15000 +edge_1_0_+disjointig_1_0_998763 366194 381192 998763 -1 -1 12297 0.0382016
Chain
	Aln	1	+HG003_ont_1979_start_543618 43 14977 15000 -edge_1_0_+disjointig_1_0_998763 542781 557715 998763 -1 -1 12009 0.043489
Chain
	Aln	0	-HG003_ont_1979_start_543618 22 14956 15000 +edge_1_0_+disjointig_1_0_998763 441047 455981 998763 -1 -1 12009 0.043489
Chain
	Aln	1	+HG003_ont_1980_start_769107 0 14990 15000 -edge_1_0_+disjointig_1_0_998763 768227 783217 998763 -1 -1 12431 0.0390935
Chain
	Aln	0	-HG003_ont_1980_start_769107 9 14999 15000 +edge_1_0_+disjointig_1_0_998763 215545 230535 998763 -1 -1 12431 0.0390935
Chain
	Aln	1	+HG003_ont_1981_start_752382 12 14998 15000 -edge_1_0_+disjointig_1_0_998763 751514 766500 998763 -1 -1 12467 0.0405295
Chain
	Aln	0	-HG003_ont_1981_start_752382 1 14987 15000 +edge_1_0_+disjointig_1_0_998763 232262 247248 998763 -1 -1 12467 0.0405295
Chain
	Aln	1	+HG003_ont_1982_start_888643 16 14972 15000 -edge_1_0_+disjointig_1_0_998763 887779 902735 998763 -1 -1 12588 0.0381343
Chain
	Aln	0	-HG003_ont_1982_start_888643 27 14983 15000 +edge_1_0_+disjointig_1_0_998763 96027 110983 998763 -1 -1 12588 0.0381343
Chain
	Aln	1	+HG003_ont_1983_start_923156 11 14998 15000 -edge_1_0_+disjointig_1_0_998763 922287 937274 998763 -1 -1 12237 0.0414633
Chain
	Aln	0	-HG003_ont_1983_start_923156 1 14988 15000 +edge_1_0_+disjointig_1_0_998763 61488 76475 998763 -1 -1 12237 0.0414633
Chain
	Aln	1	+HG003_ont_1984_start_80365 1 14998 15000 -edge_1_0_+disjointig_1_0_998763 79486 94483 998763 -1 -1 12240 0.0416059
Chain
	Aln	0	-HG003_ont_1984_start_80365 1 14998 15000 +edge_1_0_+disjointig_1_0_998763 904279 919276 998763 -1 -1 12240 0.0416059
Chain
	Aln	1	+HG003_ont_1985_start_688948 18 14998 15000 -edge_1_0_+disjointig_1_0_998763 688086 703066 998763 -1 -1 12296 0.040093
Chain
	Aln	0	-HG003_ont_1985_start_688948 1 14981 15000 +edge_1_0_+disjointig_1_0_998763 295696 310676 998763 -1 -1 12296 0.040093
Chain
	Aln	1	+HG003_ont_1986_start_142790 1 14992 15000 -edge_1_0_+disjointig_1_0_998763 141911 156902 998763 -1 -1 11912 0.0424157
Chain
	Aln	0	-HG003_ont_1986_start_142790 7 14998 15000 +edge_1_0_+disjointig_1_0_998763 841860 856851 998763 -1 -1 11912 0.0424157
Chain
	Aln	1	+HG003_ont_1987_start_600656 1 14982 15000 -edge_1_0_+disjointig_1_0_998763 599777 614758 998763 -1 -1 12217 0.042757
Chain
	Aln	0	-HG003_ont_1987_start_600656 17 14998 15000 +edge_1_0_+disjointig_1_0_998763 384004 398985 998763 -1 -1 12217 0.042757
Chain
	Aln	1	+HG003_ont_1988_start_163398 1 14998 15000 -edge_1_0_+disjointig_1_0_998763 162519 177516 998763 -1 -1 12352 0.0393578
Chain
	Aln	0	-HG003_ont_1988_start_163398 1 14998 15000 +edge_1_0_+disjointig_1_0_998763 821246 836243 998763 -1 -1 12352 0.0393578
Chain
	Aln	1	+HG003_ont_1989_start_235349 0 14998 15000 -edge_1_0_+disjointig_1_0_998763 234469 249467 998763 -1 -1 12326 0.0406783
Chain
	Aln	0	-HG003_ont_1989_start_235349 1 14999 15000 +edge_1_0_+disjointig_1_0_998763 749295 764293 998763 -1 -1 12326 0.0406783
Chain
	Aln	1	+HG003_ont_1990_start_13919 32 14998 15000 -edge_1_0_+disjointig_1_0_998763 13071 28037 998763 -1 -1 12132 0.0422207
Chain
	Aln	0	-HG003_ont_1990_start_13919 1 14967 15000 +edge_1_0_+disjointig_1_0_998763 970725 985691 998763 -1 -1 12132 0.0422207
Chain
	Aln	1	+HG003_ont_1991_start_254966 46 14998 15000 -edge_1_0_+disjointig_1_0_998763 254132 269084 998763 -1 -1 12119 0.0417562
Chain
	Aln	0	-HG003_ont_1991_start_254966 1 14953 15000 +edge_1_0_+disjointig_1_0_998763 729678 744630 998763 -1 -1 12119 0.0417562
Chain
	Aln	1	+HG003_ont_1992_start_516464 14 14987 15000 -edge_1_0_+disjointig_1_0_998763 515598 530571 998763 -1 -1 11872 0.0442477
Chain
	Aln	0	-HG003_ont_1992_start_516464 12 14985 15000 +edge_1_0_+disjointig_1_0_998763 468191 483164 998763 -1 -1 11872 0.0442477
Chain
	Aln	1	+HG003_ont_1993_start_828747 1 14990 15000 -edge_1_0_+disjointig_1_0_998763 827868 842857 998763 -1 -1 12505 0.0388915
Chain
	Aln	0	-HG003_ont_1993_start_828747 9 14998 15000 +edge_1_0_+disjointig_1_0_998763 155905 170894 998763 -1 -1 12505 0.0388915
Chain
	Aln	1	+HG003_ont_1994_start_703448 7 14998 15000 -edge_1_0_+disjointig_1_0_998763 702575 717566 998763 -1 -1 12189 0.0428938
Chain
	Aln	0	-HG003_ont_1994_start_703448 1 14992 15000 +edge_1_0_+disjointig_1_0_998763 281196 296187 998763 -1 -1 12189 0.0428938
Chain
	Aln	1	+HG003_ont_1995_start_675895 51 14992 15000 -edge_1_0_+disjointig_1_0_998763 675066 690007 998763 -1 -1 12225 0.0393757
Chain
	Aln	0	-HG003_ont_1995_start_675895 7 14948 15000 +edge_1_0_+disjointig_1_0_998763 308755 323696 998763 -1 -1 12225 0.0393757
Chain
	Aln	1	+HG003_ont_1996_start_66236 1 14986 15000 -edge_1_0_+disjointig_1_0_998763 65357 80342 998763 -1 -1 12658 0.0372489
Chain
	Aln	0	-HG003_ont_1996_start_66236 13 14998 15000 +edge_1_0_+disjointig_1_0_998763 918420 933405 998763 -1 -1 12658 0.0372489
Chain
	Aln	1	+HG003_ont_1997_start_551030 0 14998 15000 -edge_1_0_+disjointig_1_0_998763 550150 565148 998763 -1 -1 12203 0.0438561
Chain
	Aln	0	-HG003_ont_1997_start_551030 1 14999 15000 +edge_1_0_+disjointig_1_0_998763 433614 448612 998763 -1 -1 12203 0.0438561
Chain
	Aln	1	+HG003_ont_1998_start_621454 81 14972 15000 -edge_1_0_+disjointig_1_0_998763 620655 635546 998763 -1 -1 12028 0.0432946
Chain
	Aln	0	-HG003_ont_1998_start_621454 27 14918 15000 +edge_1_0_+disjointig_1_0_998763 363216 378107 998763 -1 -1 12028 0.0432946
Chain
	Aln	1	+HG003_ont_1999_start_902538 1 14993 15000 -edge_1_0_+disjointig_1_0_998763 901659 916651 998763 -1 -1 12428 0.0397378
Chain
	Aln	0	-HG003_ont_1999_start_902538 6 14998 15000 +edge_1_0_+disjointig_1_0_998763 82111 97103 998763 -1 -1 12428 0.0397378
