Chain
	Aln	1	+HG003_pb_pass1_read0_start0 13 19990 20000 -edge_1_0_+disjointig_1_0_999999 12 19989 999999 -1 -1 19977 0
Chain
	Aln	0	-HG003_pb_pass1_read0_start0 9 19986 20000 +edge_1_0_+disjointig_1_0_999999 980009 999986 999999 -1 -1 19977 0
Chain
	Aln	1	+HG003_pb_pass1_read2_start4000 11 19998 20000 -edge_1_0_+disjointig_1_0_999999 4010 23997 999999 -1 -1 19987 0
Chain
	Aln	0	-HG003_pb_pass1_read2_start4000 1 19988 20000 +edge_1_0_+disjointig_1_0_999999 976001 995988 999999 -1 -1 19987 0
Chain
	Aln	1	+HG003_pb_pass1_read1_start2000 5 19995 20000 -edge_1_0_+disjointig_1_0_999999 2004 21994 999999 -1 -1 19990 0
Chain
	Aln	0	-HG003_pb_pass1_read1_start2000 4 19994 20000 +edge_1_0_+disjointig_1_0_999999 978004 997994 999999 -1 -1 19990 0
Chain
	Aln	1	+HG003_pb_pass1_read3_start6000 9 19993 20000 -edge_1_0_+disjointig_1_0_999999 6008 25992 999999 -1 -1 19984 0
Chain
	Aln	0	-HG003_pb_pass1_read3_start6000 6 19990 20000 +edge_1_0_+disjointig_1_0_999999 974006 993990 999999 -1 -1 19984 0
Chain
	Aln	1	+HG003_pb_pass1_read4_start8000 10 19996 20000 -edge_1_0_+disjointig_1_0_999999 8009 27995 999999 -1 -1 19986 0.00016851
Chain
	Aln	0	-HG003_pb_pass1_read4_start8000 3 19989 20000 +edge_1_0_+disjointig_1_0_999999 972003 991989 999999 -1 -1 19986 0.00016851
Chain
	Aln	1	+HG003_pb_pass1_read5_start10000 9 19990 20000 -edge_1_0_+disjointig_1_0_999999 10008 29989 999999 -1 -1 19981 0
Chain
	Aln	0	-HG003_pb_pass1_read5_start10000 9 19990 20000 +edge_1_0_+disjointig_1_0_999999 970009 989990 999999 -1 -1 19981 0
Chain
	Aln	1	+HG003_pb_pass1_read6_start12000 7 19997 20000 -edge_1_0_+disjointig_1_0_999999 12006 31996 999999 -1 -1 19990 0
Chain
	Aln	0	-HG003_pb_pass1_read6_start12000 2 19992 20000 +edge_1_0_+disjointig_1_0_999999 968002 987992 999999 -1 -1 19990 0
Chain
	Aln	1	+HG003_pb_pass1_read7_start14000 9 19997 20000 -edge_1_0_+disjointig_1_0_999999 14008 33996 999999 -1 -1 19988 0
Chain
	Aln	0	-HG003_pb_pass1_read7_start14000 2 19990 20000 +edge_1_0_+disjointig_1_0_999999 966002 985990 999999 -1 -1 19988 0
Chain
	Aln	1	+HG003_pb_pass1_read8_start16000 14 19989 20000 -edge_1_0_+disjointig_1_0_999999 16013 35988 999999 -1 -1 19975 0
Chain
	Aln	0	-HG003_pb_pass1_read8_start16000 10 19985 20000 +edge_1_0_+disjointig_1_0_999999 964010 983985 999999 -1 -1 19975 0
Chain
	Aln	1	+HG003_pb_pass1_read9_start18000 9 19997 20000 -edge_1_0_+disjointig_1_0_999999 18008 37996 999999 -1 -1 19988 0
Chain
	Aln	0	-HG003_pb_pass1_read9_start18000 2 19990 20000 +edge_1_0_+disjointig_1_0_999999 962002 981990 999999 -1 -1 19988 0
Chain
	Aln	1	+HG003_pb_pass1_read10_start20000 13 19996 20000 -edge_1_0_+disjointig_1_0_999999 20012 39995 999999 -1 -1 19983 9.48911e-05
Chain
	Aln	0	-HG003_pb_pass1_read10_start20000 3 19986 20000 +edge_1_0_+disjointig_1_0_999999 960003 979986 999999 -1 -1 19983 9.48911e-05
Chain
	Aln	1	+HG003_pb_pass1_read11_start22000 5 19998 20000 -edge_1_0_+disjointig_1_0_999999 22004 41997 999999 -1 -1 19993 2.72856e-05
Chain
	Aln	0	-HG003_pb_pass1_read11_start22000 1 19994 20000 +edge_1_0_+disjointig_1_0_999999 958001 977994 999999 -1 -1 19993 2.72856e-05
Chain
	Aln	1	+HG003_pb_pass1_read12_start24000 4 19998 20000 -edge_1_0_+disjointig_1_0_999999 24003 43997 999999 -1 -1 19994 0.000175851
Chain
	Aln	0	-HG003_pb_pass1_read12_start24000 1 19995 20000 +edge_1_0_+disjointig_1_0_999999 956001 975995 999999 -1 -1 19994 0.000175851
Chain
	Aln	1	+HG003_pb_pass1_read13_start26000 1 19996 20000 -edge_1_0_+disjointig_1_0_999999 26000 45995 999999 -1 -1 19995 0.000471124
Chain
	Aln	0	-HG003_pb_pass1_read13_start26000 3 19998 20000 +edge_1_0_+disjointig_1_0_999999 954003 973998 999999 -1 -1 19995 0.000471124
Chain
	Aln	1	+HG003_pb_pass1_read14_start28000 13 19997 20000 -edge_1_0_+disjointig_1_0_999999 28012 47996 999999 -1 -1 19984 0.000276169
Chain
	Aln	0	-HG003_pb_pass1_read14_start28000 2 19986 20000 +edge_1_0_+disjointig_1_0_999999 952002 971986 999999 -1 -1 19984 0.000276169
Chain
	Aln	1	+HG003_pb_pass1_read15_start30000 10 19996 20000 -edge_1_0_+disjointig_1_0_999999 30009 49995 999999 -1 -1 19986 0.000330786
Chain
	Aln	0	-HG003_pb_pass1_read15_start30000 3 19989 20000 +edge_1_0_+disjointig_1_0_999999 950003 969989 999999 -1 -1 19986 0.000330786
Chain
	Aln	1	+HG003_pb_pass1_read16_start32000 8 19998 20000 -edge_1_0_+disjointig_1_0_999999 32007 51997 999999 -1 -1 19990 0.000342555
Chain
	Aln	0	-HG003_pb_pass1_read16_start32000 1 19991 20000 +edge_1_0_+disjointig_1_0_999999 948001 967991 999999 -1 -1 19990 0.000342555
Chain
	Aln	1	+HG003_pb_pass1_read17_start34000 5 19993 20000 -edge_1_0_+disjointig_1_0_999999 34004 53992 999999 -1 -1 19988 0.000580918
Chain
	Aln	0	-HG003_pb_pass1_read17_start34000 6 19994 20000 +edge_1_0_+disjointig_1_0_999999 946006 965994 999999 -1 -1 19988 0.000580918
Chain
	Aln	1	+HG003_pb_pass1_read18_start36000 11 19998 20000 -edge_1_0_+disjointig_1_0_999999 36010 55997 999999 -1 -1 19987 0.000366233
Chain
	Aln	0	-HG003_pb_pass1_read18_start36000 1 19988 20000 +edge_1_0_+disjointig_1_0_999999 944001 963988 999999 -1 -1 19987 0.000366233
Chain
	Aln	1	+HG003_pb_pass1_read19_start38000 4 19995 20000 -edge_1_0_+disjointig_1_0_999999 38003 57994 999999 -1 -1 19991 0.000459352
Chain
	Aln	0	-HG003_pb_pass1_read19_start38000 4 19995 20000 +edge_1_0_+disjointig_1_0_999999 942004 961995 999999 -1 -1 19991 0.000459352
Chain
	Aln	1	+HG003_pb_pass1_read20_start40000 15 19998 20000 -edge_1_0_+disjointig_1_0_999999 40014 59997 999999 -1 -1 19983 0.000127276
Chain
	Aln	0	-HG003_pb_pass1_read20_start40000 1 19984 20000 +edge_1_0_+disjointig_1_0_999999 940001 959984 999999 -1 -1 19983 0.000127276
Chain
	Aln	1	+HG003_pb_pass1_read21_start42000 10 19994 20000 -edge_1_0_+disjointig_1_0_999999 42009 61993 999999 -1 -1 19984 0.000178829
Chain
	Aln	0	-HG003_pb_pass1_read21_start42000 5 19989 20000 +edge_1_0_+disjointig_1_0_999999 938005 957989 999999 -1 -1 19984 0.000178829
Chain
	Aln	1	+HG003_pb_pass1_read22_start44000 4 19996 20000 -edge_1_0_+disjointig_1_0_999999 44003 63995 999999 -1 -1 19992 0.000121384
Chain
	Aln	0	-HG003_pb_pass1_read22_start44000 3 19995 20000 +edge_1_0_+disjointig_1_0_999999 936003 955995 999999 -1 -1 19992 0.000121384
Chain
	Aln	1	+HG003_pb_pass1_read23_start46000 8 19998 20000 -edge_1_0_+disjointig_1_0_999999 46007 65997 999999 -1 -1 19990 0
Chain
	Aln	0	-HG003_pb_pass1_read23_start46000 1 19991 20000 +edge_1_0_+disjointig_1_0_999999 934001 953991 999999 -1 -1 19990 0
Chain
	Aln	1	+HG003_pb_pass1_read24_start48000 10 19995 20000 -edge_1_0_+disjointig_1_0_999999 48009 67994 999999 -1 -1 19985 0
Chain
	Aln	0	-HG003_pb_pass1_read24_start48000 4 19989 20000 +edge_1_0_+disjointig_1_0_999999 932004 951989 999999 -1 -1 19985 0
Chain
	Aln	1	+HG003_pb_pass1_read25_start50000 16 19998 20000 -edge_1_0_+disjointig_1_0_999999 50015 69997 999999 -1 -1 19982 0
Chain
	Aln	0	-HG003_pb_pass1_read25_start50000 1 19983 20000 +edge_1_0_+disjointig_1_0_999999 930001 949983 999999 -1 -1 19982 0
Chain
	Aln	1	+HG003_pb_pass1_read26_start52000 11 19989 20000 -edge_1_0_+disjointig_1_0_999999 52010 71988 999999 -1 -1 19978 0
Chain
	Aln	0	-HG003_pb_pass1_read26_start52000 10 19988 20000 +edge_1_0_+disjointig_1_0_999999 928010 947988 999999 -1 -1 19978 0
Chain
	Aln	1	+HG003_pb_pass1_read27_start54000 15 19996 20000 -edge_1_0_+disjointig_1_0_999999 54014 73995 999999 -1 -1 19981 2.42926e-05
Chain
	Aln	0	-HG003_pb_pass1_read27_start54000 3 19984 20000 +edge_1_0_+disjointig_1_0_999999 926003 945984 999999 -1 -1 19981 2.42926e-05
Chain
	Aln	1	+HG003_pb_pass1_read28_start56000 6 19998 20000 -edge_1_0_+disjointig_1_0_999999 56005 75997 999999 -1 -1 19992 0.000283476
Chain
	Aln	0	-HG003_pb_pass1_read28_start56000 1 19993 20000 +edge_1_0_+disjointig_1_0_999999 924001 943993 999999 -1 -1 19992 0.000283476
Chain
	Aln	1	+HG003_pb_pass1_read29_start58000 4 19991 20000 -edge_1_0_+disjointig_1_0_999999 58003 77990 999999 -1 -1 19987 0.000268763
Chain
	Aln	0	-HG003_pb_pass1_read29_start58000 8 19995 20000 +edge_1_0_+disjointig_1_0_999999 922008 941995 999999 -1 -1 19987 0.000268763
Chain
	Aln	1	+HG003_pb_pass1_read30_start60000 8 19997 20000 -edge_1_0_+disjointig_1_0_999999 60007 79996 999999 -1 -1 19989 0.00024219
Chain
	Aln	0	-HG003_pb_pass1_read30_start60000 2 19991 20000 +edge_1_0_+disjointig_1_0_999999 920002 939991 999999 -1 -1 19989 0.00024219
Chain
	Aln	1	+HG003_pb_pass1_read31_start62000 7 19998 20000 -edge_1_0_+disjointig_1_0_999999 62006 81997 999999 -1 -1 19991 0.000183227
Chain
	Aln	0	-HG003_pb_pass1_read31_start62000 1 19992 20000 +edge_1_0_+disjointig_1_0_999999 918001 937992 999999 -1 -1 19991 0.000183227
Chain
	Aln	1	+HG003_pb_pass1_read32_start64000 7 19994 20000 -edge_1_0_+disjointig_1_0_999999 64006 83993 999999 -1 -1 19987 0
Chain
	Aln	0	-HG003_pb_pass1_read32_start64000 5 19992 20000 +edge_1_0_+disjointig_1_0_999999 916005 935992 999999 -1 -1 19987 0
Chain
	Aln	1	+HG003_pb_pass1_read33_start66000 7 19991 20000 -edge_1_0_+disjointig_1_0_999999 66006 85990 999999 -1 -1 19984 0
Chain
	Aln	0	-HG003_pb_pass1_read33_start66000 8 19992 20000 +edge_1_0_+disjointig_1_0_999999 914008 933992 999999 -1 -1 19984 0
Chain
	Aln	1	+HG003_pb_pass1_read34_start68000 3 19997 20000 -edge_1_0_+disjointig_1_0_999999 68002 87996 999999 -1 -1 19994 1.4065e-05
Chain
	Aln	0	-HG003_pb_pass1_read34_start68000 2 19996 20000 +edge_1_0_+disjointig_1_0_999999 912002 931996 999999 -1 -1 19994 1.4065e-05
Chain
	Aln	1	+HG003_pb_pass1_read35_start70000 4 19994 20000 -edge_1_0_+disjointig_1_0_999999 70003 89993 999999 -1 -1 19990 5.07823e-05
Chain
	Aln	0	-HG003_pb_pass1_read35_start70000 5 19995 20000 +edge_1_0_+disjointig_1_0_999999 910005 929995 999999 -1 -1 19990 5.07823e-05
Chain
	Aln	1	+HG003_pb_pass1_read37_start74000 9 19998 20000 -edge_1_0_+disjointig_1_0_999999 74008 93997 999999 -1 -1 19989 0
Chain
	Aln	0	-HG003_pb_pass1_read37_start74000 1 19990 20000 +edge_1_0_+disjointig_1_0_999999 906001 925990 999999 -1 -1 19989 0
Chain
	Aln	1	+HG003_pb_pass1_read36_start72000 10 19991 20000 -edge_1_0_+disjointig_1_0_999999 72009 91990 999999 -1 -1 19981 0
Chain
	Aln	0	-HG003_pb_pass1_read36_start72000 8 19989 20000 +edge_1_0_+disjointig_1_0_999999 908008 927989 999999 -1 -1 19981 0
Chain
	Aln	1	+HG003_pb_pass1_read38_start76000 12 19995 20000 -edge_1_0_+disjointig_1_0_999999 76011 95994 999999 -1 -1 19983 0
Chain
	Aln	0	-HG003_pb_pass1_read38_start76000 4 19987 20000 +edge_1_0_+disjointig_1_0_999999 904004 923987 999999 -1 -1 19983 0
Chain
	Aln	1	+HG003_pb_pass1_read39_start78000 9 19998 20000 -edge_1_0_+disjointig_1_0_999999 78008 97997 999999 -1 -1 19989 0
Chain
	Aln	0	-HG003_pb_pass1_read39_start78000 1 19990 20000 +edge_1_0_+disjointig_1_0_999999 902001 921990 999999 -1 -1 19989 0
Chain
	Aln	1	+HG003_pb_pass1_read40_start80000 2 19996 20000 -edge_1_0_+disjointig_1_0_999999 80001 99995 999999 -1 -1 19994 0
Chain
	Aln	0	-HG003_pb_pass1_read40_start80000 3 19997 20000 +edge_1_0_+disjointig_1_0_999999 900003 919997 999999 -1 -1 19994 0
Chain
	Aln	1	+HG003_pb_pass1_read41_start82000 8 19997 20000 -edge_1_0_+disjointig_1_0_999999 82007 101996 999999 -1 -1 19989 0
Chain
	Aln	0	-HG003_pb_pass1_read41_start82000 2 19991 20000 +edge_1_0_+disjointig_1_0_999999 898002 917991 999999 -1 -1 19989 0
Chain
	Aln	1	+HG003_pb_pass1_read42_start84000 12 19996 20000 -edge_1_0_+disjointig_1_0_999999 84011 103995 999999 -1 -1 19984 0
Chain
	Aln	0	-HG003_pb_pass1_read42_start84000 3 19987 20000 +edge_1_0_+disjointig_1_0_999999 896003 915987 999999 -1 -1 19984 0
Chain
	Aln	1	+HG003_pb_pass1_read43_start86000 11 19994 20000 -edge_1_0_+disjointig_1_0_999999 86010 105993 999999 -1 -1 19983 0
Chain
	Aln	0	-HG003_pb_pass1_read43_start86000 5 19988 20000 +edge_1_0_+disjointig_1_0_999999 894005 913988 999999 -1 -1 19983 0
Chain
	Aln	1	+HG003_pb_pass1_read44_start88000 4 19993 20000 -edge_1_0_+disjointig_1_0_999999 88003 107992 999999 -1 -1 19989 0
Chain
	Aln	0	-HG003_pb_pass1_read44_start88000 6 19995 20000 +edge_1_0_+disjointig_1_0_999999 892006 911995 999999 -1 -1 19989 0
Chain
	Aln	1	+HG003_pb_pass1_read45_start90000 8 19996 20000 -edge_1_0_+disjointig_1_0_999999 90007 109995 999999 -1 -1 19988 0
Chain
	Aln	0	-HG003_pb_pass1_read45_start90000 3 19991 20000 +edge_1_0_+disjointig_1_0_999999 890003 909991 999999 -1 -1 19988 0
Chain
	Aln	1	+HG003_pb_pass1_read46_start92000 5 19997 20000 -edge_1_0_+disjointig_1_0_999999 92004 111996 999999 -1 -1 19992 0
Chain
	Aln	0	-HG003_pb_pass1_read46_start92000 2 19994 20000 +edge_1_0_+disjointig_1_0_999999 888002 907994 999999 -1 -1 19992 0
Chain
	Aln	1	+HG003_pb_pass1_read47_start94000 10 19997 20000 -edge_1_0_+disjointig_1_0_999999 94009 113996 999999 -1 -1 19987 0
Chain
	Aln	0	-HG003_pb_pass1_read47_start94000 2 19989 20000 +edge_1_0_+disjointig_1_0_999999 886002 905989 999999 -1 -1 19987 0
Chain
	Aln	1	+HG003_pb_pass1_read48_start96000 7 19994 20000 -edge_1_0_+disjointig_1_0_999999 96006 115993 999999 -1 -1 19987 0
Chain
	Aln	0	-HG003_pb_pass1_read48_start96000 5 19992 20000 +edge_1_0_+disjointig_1_0_999999 884005 903992 999999 -1 -1 19987 0
Chain
	Aln	1	+HG003_pb_pass1_read49_start98000 9 19998 20000 -edge_1_0_+disjointig_1_0_999999 98008 117997 999999 -1 -1 19989 0
Chain
	Aln	0	-HG003_pb_pass1_read49_start98000 1 19990 20000 +edge_1_0_+disjointig_1_0_999999 882001 901990 999999 -1 -1 19989 0
Chain
	Aln	1	+HG003_pb_pass1_read50_start100000 8 19998 20000 -edge_1_0_+disjointig_1_0_999999 100007 119997 999999 -1 -1 19990 3.46166e-05
Chain
	Aln	0	-HG003_pb_pass1_read50_start100000 1 19991 20000 +edge_1_0_+disjointig_1_0_999999 880001 899991 999999 -1 -1 19990 3.46166e-05
Chain
	Aln	1	+HG003_pb_pass1_read51_start102000 7 19995 20000 -edge_1_0_+disjointig_1_0_999999 102006 121994 999999 -1 -1 19988 0
Chain
	Aln	0	-HG003_pb_pass1_read51_start102000 4 19992 20000 +edge_1_0_+disjointig_1_0_999999 878004 897992 999999 -1 -1 19988 0
Chain
	Aln	1	+HG003_pb_pass1_read52_start104000 14 19998 20000 -edge_1_0_+disjointig_1_0_999999 104013 123997 999999 -1 -1 19984 0
Chain
	Aln	0	-HG003_pb_pass1_read52_start104000 1 19985 20000 +edge_1_0_+disjointig_1_0_999999 876001 895985 999999 -1 -1 19984 0
Chain
	Aln	1	+HG003_pb_pass1_read53_start106000 10 19995 20000 -edge_1_0_+disjointig_1_0_999999 106009 125994 999999 -1 -1 19985 0
Chain
	Aln	0	-HG003_pb_pass1_read53_start106000 4 19989 20000 +edge_1_0_+disjointig_1_0_999999 874004 893989 999999 -1 -1 19985 0
Chain
	Aln	1	+HG003_pb_pass1_read54_start108000 7 19994 20000 -edge_1_0_+disjointig_1_0_999999 108006 127993 999999 -1 -1 19987 0
Chain
	Aln	0	-HG003_pb_pass1_read54_start108000 5 19992 20000 +edge_1_0_+disjointig_1_0_999999 872005 891992 999999 -1 -1 19987 0
Chain
	Aln	1	+HG003_pb_pass1_read56_start112000 8 19998 20000 -edge_1_0_+disjointig_1_0_999999 112007 131997 999999 -1 -1 19990 0
Chain
	Aln	0	-HG003_pb_pass1_read56_start112000 1 19991 20000 +edge_1_0_+disjointig_1_0_999999 868001 887991 999999 -1 -1 19990 0
Chain
	Aln	1	+HG003_pb_pass1_read57_start114000 10 19991 20000 -edge_1_0_+disjointig_1_0_999999 114009 133990 999999 -1 -1 19981 0
Chain
	Aln	0	-HG003_pb_pass1_read57_start114000 8 19989 20000 +edge_1_0_+disjointig_1_0_999999 866008 885989 999999 -1 -1 19981 0
Chain
	Aln	1	+HG003_pb_pass1_read55_start110000 15 19998 20000 -edge_1_0_+disjointig_1_0_999999 110014 129997 999999 -1 -1 19983 0
Chain
	Aln	0	-HG003_pb_pass1_read55_start110000 1 19984 20000 +edge_1_0_+disjointig_1_0_999999 870001 889984 999999 -1 -1 19983 0
Chain
	Aln	1	+HG003_pb_pass1_read58_start116000 8 19995 20000 -edge_1_0_+disjointig_1_0_999999 116007 135994 999999 -1 -1 19987 0
Chain
	Aln	0	-HG003_pb_pass1_read58_start116000 4 19991 20000 +edge_1_0_+disjointig_1_0_999999 864004 883991 999999 -1 -1 19987 0
Chain
	Aln	1	+HG003_pb_pass1_read59_start118000 5 19995 20000 -edge_1_0_+disjointig_1_0_999999 118004 137994 999999 -1 -1 19990 0
Chain
	Aln	0	-HG003_pb_pass1_read59_start118000 4 19994 20000 +edge_1_0_+disjointig_1_0_999999 862004 881994 999999 -1 -1 19990 0
Chain
	Aln	1	+HG003_pb_pass1_read60_start120000 11 19997 20000 -edge_1_0_+disjointig_1_0_999999 120010 139996 999999 -1 -1 19986 0
Chain
	Aln	0	-HG003_pb_pass1_read60_start120000 2 19988 20000 +edge_1_0_+disjointig_1_0_999999 860002 879988 999999 -1 -1 19986 0
Chain
	Aln	1	+HG003_pb_pass1_read61_start122000 10 19998 20000 -edge_1_0_+disjointig_1_0_999999 122009 141997 999999 -1 -1 19988 0
Chain
	Aln	0	-HG003_pb_pass1_read61_start122000 1 19989 20000 +edge_1_0_+disjointig_1_0_999999 858001 877989 999999 -1 -1 19988 0
Chain
	Aln	1	+HG003_pb_pass1_read63_start126000 12 19996 20000 -edge_1_0_+disjointig_1_0_999999 126011 145995 999999 -1 -1 19984 0
Chain
	Aln	0	-HG003_pb_pass1_read63_start126000 3 19987 20000 +edge_1_0_+disjointig_1_0_999999 854003 873987 999999 -1 -1 19984 0
Chain
	Aln	1	+HG003_pb_pass1_read64_start128000 4 19996 20000 -edge_1_0_+disjointig_1_0_999999 128003 147995 999999 -1 -1 19992 0
Chain
	Aln	0	-HG003_pb_pass1_read64_start128000 3 19995 20000 +edge_1_0_+disjointig_1_0_999999 852003 871995 999999 -1 -1 19992 0
Chain
	Aln	1	+HG003_pb_pass1_read62_start124000 1 19996 20000 -edge_1_0_+disjointig_1_0_999999 124000 143995 999999 -1 -1 19995 0
Chain
	Aln	0	-HG003_pb_pass1_read62_start124000 3 19998 20000 +edge_1_0_+disjointig_1_0_999999 856003 875998 999999 -1 -1 19995 0
Chain
	Aln	1	+HG003_pb_pass1_read65_start130000 15 19990 20000 -edge_1_0_+disjointig_1_0_999999 130014 149989 999999 -1 -1 19975 0
Chain
	Aln	0	-HG003_pb_pass1_read65_start130000 9 19984 20000 +edge_1_0_+disjointig_1_0_999999 850009 869984 999999 -1 -1 19975 0
Chain
	Aln	1	+HG003_pb_pass1_read66_start132000 5 19996 20000 -edge_1_0_+disjointig_1_0_999999 132004 151995 999999 -1 -1 19991 0
Chain
	Aln	0	-HG003_pb_pass1_read66_start132000 3 19994 20000 +edge_1_0_+disjointig_1_0_999999 848003 867994 999999 -1 -1 19991 0
Chain
	Aln	1	+HG003_pb_pass1_read67_start134000 11 19992 20000 -edge_1_0_+disjointig_1_0_999999 134010 153991 999999 -1 -1 19981 0
Chain
	Aln	0	-HG003_pb_pass1_read67_start134000 7 19988 20000 +edge_1_0_+disjointig_1_0_999999 846007 865988 999999 -1 -1 19981 0
Chain
	Aln	1	+HG003_pb_pass1_read68_start136000 2 19994 20000 -edge_1_0_+disjointig_1_0_999999 136001 155993 999999 -1 -1 19992 0
Chain
	Aln	0	-HG003_pb_pass1_read68_start136000 5 19997 20000 +edge_1_0_+disjointig_1_0_999999 844005 863997 999999 -1 -1 19992 0
Chain
	Aln	1	+HG003_pb_pass1_read69_start138000 5 19994 20000 -edge_1_0_+disjointig_1_0_999999 138004 157993 999999 -1 -1 19989 0
Chain
	Aln	0	-HG003_pb_pass1_read69_start138000 5 19994 20000 +edge_1_0_+disjointig_1_0_999999 842005 861994 999999 -1 -1 19989 0
Chain
	Aln	1	+HG003_pb_pass1_read70_start140000 3 19994 20000 -edge_1_0_+disjointig_1_0_999999 140002 159993 999999 -1 -1 19991 0
Chain
	Aln	0	-HG003_pb_pass1_read70_start140000 5 19996 20000 +edge_1_0_+disjointig_1_0_999999 840005 859996 999999 -1 -1 19991 0
Chain
	Aln	1	+HG003_pb_pass1_read71_start142000 8 19997 20000 -edge_1_0_+disjointig_1_0_999999 142007 161996 999999 -1 -1 19989 0
Chain
	Aln	0	-HG003_pb_pass1_read71_start142000 2 19991 20000 +edge_1_0_+disjointig_1_0_999999 838002 857991 999999 -1 -1 19989 0
Chain
	Aln	1	+HG003_pb_pass1_read72_start144000 2 19997 20000 -edge_1_0_+disjointig_1_0_999999 144001 163996 999999 -1 -1 19995 0
Chain
	Aln	0	-HG003_pb_pass1_read72_start144000 2 19997 20000 +edge_1_0_+disjointig_1_0_999999 836002 855997 999999 -1 -1 19995 0
Chain
	Aln	1	+HG003_pb_pass1_read73_start146000 9 19996 20000 -edge_1_0_+disjointig_1_0_999999 146008 165995 999999 -1 -1 19987 9.62712e-06
Chain
	Aln	0	-HG003_pb_pass1_read73_start146000 3 19990 20000 +edge_1_0_+disjointig_1_0_999999 834003 853990 999999 -1 -1 19987 9.62712e-06
Chain
	Aln	1	+HG003_pb_pass1_read74_start148000 6 19991 20000 -edge_1_0_+disjointig_1_0_999999 148005 167990 999999 -1 -1 19985 0
Chain
	Aln	0	-HG003_pb_pass1_read74_start148000 8 19993 20000 +edge_1_0_+disjointig_1_0_999999 832008 851993 999999 -1 -1 19985 0
Chain
	Aln	1	+HG003_pb_pass1_read75_start150000 10 19998 20000 -edge_1_0_+disjointig_1_0_999999 150009 169997 999999 -1 -1 19988 0
Chain
	Aln	0	-HG003_pb_pass1_read75_start150000 1 19989 20000 +edge_1_0_+disjointig_1_0_999999 830001 849989 999999 -1 -1 19988 0
Chain
	Aln	1	+HG003_pb_pass1_read76_start152000 3 19997 20000 -edge_1_0_+disjointig_1_0_999999 152002 171996 999999 -1 -1 19994 0.000338079
Chain
	Aln	0	-HG003_pb_pass1_read76_start152000 2 19996 20000 +edge_1_0_+disjointig_1_0_999999 828002 847996 999999 -1 -1 19994 0.000338079
Chain
	Aln	1	+HG003_pb_pass1_read77_start154000 2 19997 20000 -edge_1_0_+disjointig_1_0_999999 154001 173996 999999 -1 -1 19995 0.000276071
Chain
	Aln	0	-HG003_pb_pass1_read77_start154000 2 19997 20000 +edge_1_0_+disjointig_1_0_999999 826002 845997 999999 -1 -1 19995 0.000276071
Chain
	Aln	1	+HG003_pb_pass1_read78_start156000 12 19991 20000 -edge_1_0_+disjointig_1_0_999999 156011 175990 999999 -1 -1 19979 0
Chain
	Aln	0	-HG003_pb_pass1_read78_start156000 8 19987 20000 +edge_1_0_+disjointig_1_0_999999 824008 843987 999999 -1 -1 19979 0
Chain
	Aln	1	+HG003_pb_pass1_read79_start158000 9 19994 20000 -edge_1_0_+disjointig_1_0_999999 158008 177993 999999 -1 -1 19985 0.000181772
Chain
	Aln	0	-HG003_pb_pass1_read79_start158000 5 19990 20000 +edge_1_0_+disjointig_1_0_999999 822005 841990 999999 -1 -1 19985 0.000181772
Chain
	Aln	1	+HG003_pb_pass1_read80_start160000 7 19998 20000 -edge_1_0_+disjointig_1_0_999999 160006 179997 999999 -1 -1 19991 0.000183227
Chain
	Aln	0	-HG003_pb_pass1_read80_start160000 1 19992 20000 +edge_1_0_+disjointig_1_0_999999 820001 839992 999999 -1 -1 19991 0.000183227
Chain
	Aln	1	+HG003_pb_pass1_read81_start162000 6 19994 20000 -edge_1_0_+disjointig_1_0_999999 162005 181993 999999 -1 -1 19988 0.000499395
Chain
	Aln	0	-HG003_pb_pass1_read81_start162000 5 19993 20000 +edge_1_0_+disjointig_1_0_999999 818005 837993 999999 -1 -1 19988 0.000499395
Chain
	Aln	1	+HG003_pb_pass1_read82_start164000 6 19998 20000 -edge_1_0_+disjointig_1_0_999999 164005 183997 999999 -1 -1 19992 0.000234801
Chain
	Aln	0	-HG003_pb_pass1_read82_start164000 1 19993 20000 +edge_1_0_+disjointig_1_0_999999 816001 835993 999999 -1 -1 19992 0.000234801
Chain
	Aln	1	+HG003_pb_pass1_read83_start166000 7 19996 20000 -edge_1_0_+disjointig_1_0_999999 166006 185995 999999 -1 -1 19989 0.000161139
Chain
	Aln	0	-HG003_pb_pass1_read83_start166000 3 19992 20000 +edge_1_0_+disjointig_1_0_999999 814003 833992 999999 -1 -1 19989 0.000161139
Chain
	Aln	1	+HG003_pb_pass1_read84_start168000 10 19997 20000 -edge_1_0_+disjointig_1_0_999999 168009 187996 999999 -1 -1 19987 9.62712e-06
Chain
	Aln	0	-HG003_pb_pass1_read84_start168000 2 19989 20000 +edge_1_0_+disjointig_1_0_999999 812002 831989 999999 -1 -1 19987 9.62712e-06
Chain
	Aln	1	+HG003_pb_pass1_read85_start170000 9 19992 20000 -edge_1_0_+disjointig_1_0_999999 170008 189991 999999 -1 -1 19983 1.40089e-05
Chain
	Aln	0	-HG003_pb_pass1_read85_start170000 7 19990 20000 +edge_1_0_+disjointig_1_0_999999 810007 829990 999999 -1 -1 19983 1.40089e-05
Chain
	Aln	1	+HG003_pb_pass1_read86_start172000 9 19995 20000 -edge_1_0_+disjointig_1_0_999999 172008 191994 999999 -1 -1 19986 0
Chain
	Aln	0	-HG003_pb_pass1_read86_start172000 4 19990 20000 +edge_1_0_+disjointig_1_0_999999 808004 827990 999999 -1 -1 19986 0
Chain
	Aln	1	+HG003_pb_pass1_read87_start174000 5 19996 20000 -edge_1_0_+disjointig_1_0_999999 174004 193995 999999 -1 -1 19991 0
Chain
	Aln	0	-HG003_pb_pass1_read87_start174000 3 19994 20000 +edge_1_0_+disjointig_1_0_999999 806003 825994 999999 -1 -1 19991 0
Chain
	Aln	1	+HG003_pb_pass1_read88_start176000 4 19994 20000 -edge_1_0_+disjointig_1_0_999999 176003 195993 999999 -1 -1 19990 0
Chain
	Aln	0	-HG003_pb_pass1_read88_start176000 5 19995 20000 +edge_1_0_+disjointig_1_0_999999 804005 823995 999999 -1 -1 19990 0
Chain
	Aln	1	+HG003_pb_pass1_read89_start178000 8 19994 20000 -edge_1_0_+disjointig_1_0_999999 178007 197993 999999 -1 -1 19986 0
Chain
	Aln	0	-HG003_pb_pass1_read89_start178000 5 19991 20000 +edge_1_0_+disjointig_1_0_999999 802005 821991 999999 -1 -1 19986 0
Chain
	Aln	1	+HG003_pb_pass1_read90_start180000 10 19998 20000 -edge_1_0_+disjointig_1_0_999999 180009 199997 999999 -1 -1 19988 7.7246e-05
Chain
	Aln	0	-HG003_pb_pass1_read90_start180000 1 19989 20000 +edge_1_0_+disjointig_1_0_999999 800001 819989 999999 -1 -1 19988 7.7246e-05
Chain
	Aln	1	+HG003_pb_pass1_read91_start182000 12 19995 20000 -edge_1_0_+disjointig_1_0_999999 182011 201994 999999 -1 -1 19983 0.000159678
Chain
	Aln	0	-HG003_pb_pass1_read91_start182000 4 19987 20000 +edge_1_0_+disjointig_1_0_999999 798004 817987 999999 -1 -1 19983 0.000159678
Chain
	Aln	1	+HG003_pb_pass1_read92_start184000 6 19994 20000 -edge_1_0_+disjointig_1_0_999999 184005 203993 999999 -1 -1 19988 0.000369173
Chain
	Aln	0	-HG003_pb_pass1_read92_start184000 5 19993 20000 +edge_1_0_+disjointig_1_0_999999 796005 815993 999999 -1 -1 19988 0.000369173
Chain
	Aln	1	+HG003_pb_pass1_read93_start186000 4 19990 20000 -edge_1_0_+disjointig_1_0_999999 186003 205989 999999 -1 -1 19986 0.000395815
Chain
	Aln	0	-HG003_pb_pass1_read93_start186000 9 19995 20000 +edge_1_0_+disjointig_1_0_999999 794009 813995 999999 -1 -1 19986 0.000395815
Chain
	Aln	1	+HG003_pb_pass1_read94_start188000 18 19990 20000 -edge_1_0_+disjointig_1_0_999999 188017 207989 999999 -1 -1 19972 0.00074632
Chain
	Aln	0	-HG003_pb_pass1_read94_start188000 9 19981 20000 +edge_1_0_+disjointig_1_0_999999 792009 811981 999999 -1 -1 19972 0.00074632
Chain
	Aln	1	+HG003_pb_pass1_read95_start190000 11 19998 20000 -edge_1_0_+disjointig_1_0_999999 190010 209997 999999 -1 -1 19987 0.000610614
Chain
	Aln	0	-HG003_pb_pass1_read95_start190000 1 19988 20000 +edge_1_0_+disjointig_1_0_999999 790001 809988 999999 -1 -1 19987 0.000610614
Chain
	Aln	1	+HG003_pb_pass1_read96_start192000 6 19996 20000 -edge_1_0_+disjointig_1_0_999999 192005 211995 999999 -1 -1 19990 0.000472696
Chain
	Aln	0	-HG003_pb_pass1_read96_start192000 3 19993 20000 +edge_1_0_+disjointig_1_0_999999 788003 807993 999999 -1 -1 19990 0.000472696
Chain
	Aln	1	+HG003_pb_pass1_read97_start194000 5 19998 20000 -edge_1_0_+disjointig_1_0_999999 194004 213997 999999 -1 -1 19993 0.000579314
Chain
	Aln	0	-HG003_pb_pass1_read97_start194000 1 19994 20000 +edge_1_0_+disjointig_1_0_999999 786001 805994 999999 -1 -1 19993 0.000579314
Chain
	Aln	1	+HG003_pb_pass1_read98_start196000 11 19998 20000 -edge_1_0_+disjointig_1_0_999999 196010 215997 999999 -1 -1 19987 0.00054535
Chain
	Aln	0	-HG003_pb_pass1_read98_start196000 1 19988 20000 +edge_1_0_+disjointig_1_0_999999 784001 803988 999999 -1 -1 19987 0.00054535
Chain
	Aln	1	+HG003_pb_pass1_read99_start198000 12 19994 20000 -edge_1_0_+disjointig_1_0_999999 198011 217993 999999 -1 -1 19982 0.000759391
Chain
	Aln	0	-HG003_pb_pass1_read99_start198000 5 19987 20000 +edge_1_0_+disjointig_1_0_999999 782005 801987 999999 -1 -1 19982 0.000759391
Chain
	Aln	1	+HG003_pb_pass1_read100_start200000 6 19998 20000 -edge_1_0_+disjointig_1_0_999999 200005 219997 999999 -1 -1 19992 0.000756089
Chain
	Aln	0	-HG003_pb_pass1_read100_start200000 1 19993 20000 +edge_1_0_+disjointig_1_0_999999 780001 799993 999999 -1 -1 19992 0.000756089
Chain
	Aln	1	+HG003_pb_pass1_read101_start202000 12 19998 20000 -edge_1_0_+disjointig_1_0_999999 202011 221997 999999 -1 -1 19986 0.000542404
Chain
	Aln	0	-HG003_pb_pass1_read101_start202000 1 19987 20000 +edge_1_0_+disjointig_1_0_999999 778001 797987 999999 -1 -1 19986 0.000542404
Chain
	Aln	1	+HG003_pb_pass1_read102_start204000 9 19998 20000 -edge_1_0_+disjointig_1_0_999999 204008 223997 999999 -1 -1 19989 0.000763627
Chain
	Aln	0	-HG003_pb_pass1_read102_start204000 1 19990 20000 +edge_1_0_+disjointig_1_0_999999 776001 795990 999999 -1 -1 19989 0.000763627
Chain
	Aln	1	+HG003_pb_pass1_read103_start206000 6 19989 20000 -edge_1_0_+disjointig_1_0_999999 206005 225988 999999 -1 -1 19983 0.00066418
Chain
	Aln	0	-HG003_pb_pass1_read103_start206000 10 19993 20000 +edge_1_0_+disjointig_1_0_999999 774010 793993 999999 -1 -1 19983 0.00066418
Chain
	Aln	1	+HG003_pb_pass1_read104_start208000 2 19997 20000 -edge_1_0_+disjointig_1_0_999999 208001 227996 999999 -1 -1 19995 0.000389768
Chain
	Aln	0	-HG003_pb_pass1_read104_start208000 2 19997 20000 +edge_1_0_+disjointig_1_0_999999 772002 791997 999999 -1 -1 19995 0.000389768
Chain
	Aln	1	+HG003_pb_pass1_read105_start210000 4 19993 20000 -edge_1_0_+disjointig_1_0_999999 210003 229992 999999 -1 -1 19989 0.000567543
Chain
	Aln	0	-HG003_pb_pass1_read105_start210000 6 19995 20000 +edge_1_0_+disjointig_1_0_999999 770006 789995 999999 -1 -1 19989 0.000567543
Chain
	Aln	1	+HG003_pb_pass1_read106_start212000 3 19994 20000 -edge_1_0_+disjointig_1_0_999999 212002 231993 999999 -1 -1 19991 0.000491927
Chain
	Aln	0	-HG003_pb_pass1_read106_start212000 5 19996 20000 +edge_1_0_+disjointig_1_0_999999 768005 787996 999999 -1 -1 19991 0.000491927
Chain
	Aln	1	+HG003_pb_pass1_read107_start214000 4 19997 20000 -edge_1_0_+disjointig_1_0_999999 214003 233996 999999 -1 -1 19993 0.000546698
Chain
	Aln	0	-HG003_pb_pass1_read107_start214000 2 19995 20000 +edge_1_0_+disjointig_1_0_999999 766002 785995 999999 -1 -1 19993 0.000546698
Chain
	Aln	1	+HG003_pb_pass1_read108_start216000 12 19993 20000 -edge_1_0_+disjointig_1_0_999999 216011 235992 999999 -1 -1 19981 0.000969662
Chain
	Aln	0	-HG003_pb_pass1_read108_start216000 6 19987 20000 +edge_1_0_+disjointig_1_0_999999 764006 783987 999999 -1 -1 19981 0.000969662
Chain
	Aln	1	+HG003_pb_pass1_read109_start218000 16 19993 20000 -edge_1_0_+disjointig_1_0_999999 218015 237992 999999 -1 -1 19977 0.00036932
Chain
	Aln	0	-HG003_pb_pass1_read109_start218000 6 19983 20000 +edge_1_0_+disjointig_1_0_999999 762006 781983 999999 -1 -1 19977 0.00036932
Chain
	Aln	1	+HG003_pb_pass1_read110_start220000 10 19992 20000 -edge_1_0_+disjointig_1_0_999999 220009 239991 999999 -1 -1 19982 0.000172943
Chain
	Aln	0	-HG003_pb_pass1_read110_start220000 7 19989 20000 +edge_1_0_+disjointig_1_0_999999 760007 779989 999999 -1 -1 19982 0.000172943
Chain
	Aln	1	+HG003_pb_pass1_read111_start222000 1 19993 20000 -edge_1_0_+disjointig_1_0_999999 222000 241992 999999 -1 -1 19992 0.00020237
Chain
	Aln	0	-HG003_pb_pass1_read111_start222000 6 19998 20000 +edge_1_0_+disjointig_1_0_999999 758006 777998 999999 -1 -1 19992 0.00020237
Chain
	Aln	1	+HG003_pb_pass1_read112_start224000 5 19998 20000 -edge_1_0_+disjointig_1_0_999999 224004 243997 999999 -1 -1 19993 0
Chain
	Aln	0	-HG003_pb_pass1_read112_start224000 1 19994 20000 +edge_1_0_+disjointig_1_0_999999 756001 775994 999999 -1 -1 19993 0
Chain
	Aln	1	+HG003_pb_pass1_read113_start226000 10 19994 20000 -edge_1_0_+disjointig_1_0_999999 226009 245993 999999 -1 -1 19984 9.78385e-05
Chain
	Aln	0	-HG003_pb_pass1_read113_start226000 5 19989 20000 +edge_1_0_+disjointig_1_0_999999 754005 773989 999999 -1 -1 19984 9.78385e-05
Chain
	Aln	1	+HG003_pb_pass1_read114_start228000 8 19998 20000 -edge_1_0_+disjointig_1_0_999999 228007 247997 999999 -1 -1 19990 9.93086e-05
Chain
	Aln	0	-HG003_pb_pass1_read114_start228000 1 19991 20000 +edge_1_0_+disjointig_1_0_999999 752001 771991 999999 -1 -1 19990 9.93086e-05
Chain
	Aln	1	+HG003_pb_pass1_read115_start230000 12 19993 20000 -edge_1_0_+disjointig_1_0_999999 230011 249992 999999 -1 -1 19981 0.000186211
Chain
	Aln	0	-HG003_pb_pass1_read115_start230000 6 19987 20000 +edge_1_0_+disjointig_1_0_999999 750006 769987 999999 -1 -1 19981 0.000186211
Chain
	Aln	1	+HG003_pb_pass1_read116_start232000 13 19998 20000 -edge_1_0_+disjointig_1_0_999999 232012 251997 999999 -1 -1 19985 0.000572085
Chain
	Aln	0	-HG003_pb_pass1_read116_start232000 1 19986 20000 +edge_1_0_+disjointig_1_0_999999 748001 767986 999999 -1 -1 19985 0.000572085
Chain
	Aln	1	+HG003_pb_pass1_read117_start234000 16 19995 20000 -edge_1_0_+disjointig_1_0_999999 234015 253994 999999 -1 -1 19979 0.000603396
Chain
	Aln	0	-HG003_pb_pass1_read117_start234000 4 19983 20000 +edge_1_0_+disjointig_1_0_999999 746004 765983 999999 -1 -1 19979 0.000603396
Chain
	Aln	1	+HG003_pb_pass1_read119_start238000 1 19996 20000 -edge_1_0_+disjointig_1_0_999999 238000 257995 999999 -1 -1 19995 0.000324775
Chain
	Aln	0	-HG003_pb_pass1_read119_start238000 3 19998 20000 +edge_1_0_+disjointig_1_0_999999 742003 761998 999999 -1 -1 19995 0.000324775
Chain
	Aln	1	+HG003_pb_pass1_read118_start236000 5 19991 20000 -edge_1_0_+disjointig_1_0_999999 236004 255990 999999 -1 -1 19986 0.000103726
Chain
	Aln	0	-HG003_pb_pass1_read118_start236000 8 19994 20000 +edge_1_0_+disjointig_1_0_999999 744008 763994 999999 -1 -1 19986 0.000103726
Chain
	Aln	1	+HG003_pb_pass1_read120_start240000 13 19997 20000 -edge_1_0_+disjointig_1_0_999999 240012 259996 999999 -1 -1 19984 0.000471325
Chain
	Aln	0	-HG003_pb_pass1_read120_start240000 2 19986 20000 +edge_1_0_+disjointig_1_0_999999 740002 759986 999999 -1 -1 19984 0.000471325
Chain
	Aln	1	+HG003_pb_pass1_read121_start242000 7 19994 20000 -edge_1_0_+disjointig_1_0_999999 242006 261993 999999 -1 -1 19987 0.00031748
Chain
	Aln	0	-HG003_pb_pass1_read121_start242000 5 19992 20000 +edge_1_0_+disjointig_1_0_999999 738005 757992 999999 -1 -1 19987 0.00031748
Chain
	Aln	1	+HG003_pb_pass1_read122_start244000 10 19991 20000 -edge_1_0_+disjointig_1_0_999999 244009 263990 999999 -1 -1 19981 0.000169999
Chain
	Aln	0	-HG003_pb_pass1_read122_start244000 8 19989 20000 +edge_1_0_+disjointig_1_0_999999 736008 755989 999999 -1 -1 19981 0.000169999
Chain
	Aln	1	+HG003_pb_pass1_read123_start246000 8 19998 20000 -edge_1_0_+disjointig_1_0_999999 246007 265997 999999 -1 -1 19990 0
Chain
	Aln	0	-HG003_pb_pass1_read123_start246000 1 19991 20000 +edge_1_0_+disjointig_1_0_999999 734001 753991 999999 -1 -1 19990 0
Chain
	Aln	1	+HG003_pb_pass1_read124_start248000 6 19996 20000 -edge_1_0_+disjointig_1_0_999999 248005 267995 999999 -1 -1 19990 6.69505e-05
Chain
	Aln	0	-HG003_pb_pass1_read124_start248000 3 19993 20000 +edge_1_0_+disjointig_1_0_999999 732003 751993 999999 -1 -1 19990 6.69505e-05
Chain
	Aln	1	+HG003_pb_pass1_read125_start250000 12 19994 20000 -edge_1_0_+disjointig_1_0_999999 250011 269993 999999 -1 -1 19982 0
Chain
	Aln	0	-HG003_pb_pass1_read125_start250000 5 19987 20000 +edge_1_0_+disjointig_1_0_999999 730005 749987 999999 -1 -1 19982 0
Chain
	Aln	1	+HG003_pb_pass1_read126_start252000 6 19995 20000 -edge_1_0_+disjointig_1_0_999999 252005 271994 999999 -1 -1 19989 0
Chain
	Aln	0	-HG003_pb_pass1_read126_start252000 4 19993 20000 +edge_1_0_+disjointig_1_0_999999 728004 747993 999999 -1 -1 19989 0
Chain
	Aln	1	+HG003_pb_pass1_read127_start254000 8 19994 20000 -edge_1_0_+disjointig_1_0_999999 254007 273993 999999 -1 -1 19986 0
Chain
	Aln	0	-HG003_pb_pass1_read127_start254000 5 19991 20000 +edge_1_0_+disjointig_1_0_999999 726005 745991 999999 -1 -1 19986 0
Chain
	Aln	1	+HG003_pb_pass1_read128_start256000 16 19997 20000 -edge_1_0_+disjointig_1_0_999999 256015 275996 999999 -1 -1 19981 0
Chain
	Aln	0	-HG003_pb_pass1_read128_start256000 2 19983 20000 +edge_1_0_+disjointig_1_0_999999 724002 743983 999999 -1 -1 19981 0
Chain
	Aln	1	+HG003_pb_pass1_read129_start258000 7 19998 20000 -edge_1_0_+disjointig_1_0_999999 258006 277997 999999 -1 -1 19991 0
Chain
	Aln	0	-HG003_pb_pass1_read129_start258000 1 19992 20000 +edge_1_0_+disjointig_1_0_999999 722001 741992 999999 -1 -1 19991 0
Chain
	Aln	1	+HG003_pb_pass1_read130_start260000 8 19996 20000 -edge_1_0_+disjointig_1_0_999999 260007 279995 999999 -1 -1 19988 0
Chain
	Aln	0	-HG003_pb_pass1_read130_start260000 3 19991 20000 +edge_1_0_+disjointig_1_0_999999 720003 739991 999999 -1 -1 19988 0
Chain
	Aln	1	+HG003_pb_pass1_read131_start262000 12 19998 20000 -edge_1_0_+disjointig_1_0_999999 262011 281997 999999 -1 -1 19986 0
Chain
	Aln	0	-HG003_pb_pass1_read131_start262000 1 19987 20000 +edge_1_0_+disjointig_1_0_999999 718001 737987 999999 -1 -1 19986 0
Chain
	Aln	1	+HG003_pb_pass1_read132_start264000 4 19998 20000 -edge_1_0_+disjointig_1_0_999999 264003 283997 999999 -1 -1 19994 0
Chain
	Aln	0	-HG003_pb_pass1_read132_start264000 1 19995 20000 +edge_1_0_+disjointig_1_0_999999 716001 735995 999999 -1 -1 19994 0
Chain
	Aln	1	+HG003_pb_pass1_read133_start266000 6 19998 20000 -edge_1_0_+disjointig_1_0_999999 266005 285997 999999 -1 -1 19992 0
Chain
	Aln	0	-HG003_pb_pass1_read133_start266000 1 19993 20000 +edge_1_0_+disjointig_1_0_999999 714001 733993 999999 -1 -1 19992 0
Chain
	Aln	1	+HG003_pb_pass1_read134_start268000 10 19994 20000 -edge_1_0_+disjointig_1_0_999999 268009 287993 999999 -1 -1 19984 0
Chain
	Aln	0	-HG003_pb_pass1_read134_start268000 5 19989 20000 +edge_1_0_+disjointig_1_0_999999 712005 731989 999999 -1 -1 19984 0
Chain
	Aln	1	+HG003_pb_pass1_read135_start270000 10 19990 20000 -edge_1_0_+disjointig_1_0_999999 270009 289989 999999 -1 -1 19980 0
Chain
	Aln	0	-HG003_pb_pass1_read135_start270000 9 19989 20000 +edge_1_0_+disjointig_1_0_999999 710009 729989 999999 -1 -1 19980 0
Chain
	Aln	1	+HG003_pb_pass1_read136_start272000 6 19998 20000 -edge_1_0_+disjointig_1_0_999999 272005 291997 999999 -1 -1 19992 0
Chain
	Aln	0	-HG003_pb_pass1_read136_start272000 1 19993 20000 +edge_1_0_+disjointig_1_0_999999 708001 727993 999999 -1 -1 19992 0
Chain
	Aln	1	+HG003_pb_pass1_read137_start274000 9 19997 20000 -edge_1_0_+disjointig_1_0_999999 274008 293996 999999 -1 -1 19988 0
Chain
	Aln	0	-HG003_pb_pass1_read137_start274000 2 19990 20000 +edge_1_0_+disjointig_1_0_999999 706002 725990 999999 -1 -1 19988 0
Chain
	Aln	1	+HG003_pb_pass1_read138_start276000 3 19994 20000 -edge_1_0_+disjointig_1_0_999999 276002 295993 999999 -1 -1 19991 0.000264302
Chain
	Aln	0	-HG003_pb_pass1_read138_start276000 5 19996 20000 +edge_1_0_+disjointig_1_0_999999 704005 723996 999999 -1 -1 19991 0.000264302
Chain
	Aln	1	+HG003_pb_pass1_read139_start278000 2 19998 20000 -edge_1_0_+disjointig_1_0_999999 278001 297997 999999 -1 -1 19996 0.000604458
Chain
	Aln	0	-HG003_pb_pass1_read139_start278000 1 19997 20000 +edge_1_0_+disjointig_1_0_999999 702001 721997 999999 -1 -1 19996 0.000604458
Chain
	Aln	1	+HG003_pb_pass1_read140_start280000 11 19996 20000 -edge_1_0_+disjointig_1_0_999999 280010 299995 999999 -1 -1 19985 0.000539465
Chain
	Aln	0	-HG003_pb_pass1_read140_start280000 3 19988 20000 +edge_1_0_+disjointig_1_0_999999 700003 719988 999999 -1 -1 19985 0.000539465
Chain
	Aln	1	+HG003_pb_pass1_read141_start282000 10 19996 20000 -edge_1_0_+disjointig_1_0_999999 282009 301995 999999 -1 -1 19986 3.90106e-05
Chain
	Aln	0	-HG003_pb_pass1_read141_start282000 3 19989 20000 +edge_1_0_+disjointig_1_0_999999 698003 717989 999999 -1 -1 19986 3.90106e-05
Chain
	Aln	1	+HG003_pb_pass1_read142_start284000 10 19996 20000 -edge_1_0_+disjointig_1_0_999999 284009 303995 999999 -1 -1 19986 5.5182e-05
Chain
	Aln	0	-HG003_pb_pass1_read142_start284000 3 19989 20000 +edge_1_0_+disjointig_1_0_999999 696003 715989 999999 -1 -1 19986 5.5182e-05
Chain
	Aln	1	+HG003_pb_pass1_read143_start286000 6 19993 20000 -edge_1_0_+disjointig_1_0_999999 286005 305992 999999 -1 -1 19987 0.000139051
Chain
	Aln	0	-HG003_pb_pass1_read143_start286000 6 19993 20000 +edge_1_0_+disjointig_1_0_999999 694006 713993 999999 -1 -1 19987 0.000139051
Chain
	Aln	1	+HG003_pb_pass1_read144_start288000 14 19995 20000 -edge_1_0_+disjointig_1_0_999999 288013 307994 999999 -1 -1 19981 0.000267332
Chain
	Aln	0	-HG003_pb_pass1_read144_start288000 4 19985 20000 +edge_1_0_+disjointig_1_0_999999 692004 711985 999999 -1 -1 19981 0.000267332
Chain
	Aln	1	+HG003_pb_pass1_read145_start290000 6 19998 20000 -edge_1_0_+disjointig_1_0_999999 290005 309997 999999 -1 -1 19992 0
Chain
	Aln	0	-HG003_pb_pass1_read145_start290000 1 19993 20000 +edge_1_0_+disjointig_1_0_999999 690001 709993 999999 -1 -1 19992 0
Chain
	Aln	1	+HG003_pb_pass1_read146_start292000 9 19997 20000 -edge_1_0_+disjointig_1_0_999999 292008 311996 999999 -1 -1 19988 0
Chain
	Aln	0	-HG003_pb_pass1_read146_start292000 2 19990 20000 +edge_1_0_+disjointig_1_0_999999 688002 707990 999999 -1 -1 19988 0
Chain
	Aln	1	+HG003_pb_pass1_read147_start294000 9 19994 20000 -edge_1_0_+disjointig_1_0_999999 294008 313993 999999 -1 -1 19985 0
Chain
	Aln	0	-HG003_pb_pass1_read147_start294000 5 19990 20000 +edge_1_0_+disjointig_1_0_999999 686005 705990 999999 -1 -1 19985 0
Chain
	Aln	1	+HG003_pb_pass1_read148_start296000 8 19994 20000 -edge_1_0_+disjointig_1_0_999999 296007 315993 999999 -1 -1 19986 0
Chain
	Aln	0	-HG003_pb_pass1_read148_start296000 5 19991 20000 +edge_1_0_+disjointig_1_0_999999 684005 703991 999999 -1 -1 19986 0
Chain
	Aln	1	+HG003_pb_pass1_read149_start298000 8 19998 20000 -edge_1_0_+disjointig_1_0_999999 298007 317997 999999 -1 -1 19990 0
Chain
	Aln	0	-HG003_pb_pass1_read149_start298000 1 19991 20000 +edge_1_0_+disjointig_1_0_999999 682001 701991 999999 -1 -1 19990 0
Chain
	Aln	1	+HG003_pb_pass1_read150_start300000 3 19994 20000 -edge_1_0_+disjointig_1_0_999999 300002 319993 999999 -1 -1 19991 0
Chain
	Aln	0	-HG003_pb_pass1_read150_start300000 5 19996 20000 +edge_1_0_+disjointig_1_0_999999 680005 699996 999999 -1 -1 19991 0
Chain
	Aln	1	+HG003_pb_pass1_read151_start302000 9 19995 20000 -edge_1_0_+disjointig_1_0_999999 302008 321994 999999 -1 -1 19986 0
Chain
	Aln	0	-HG003_pb_pass1_read151_start302000 4 19990 20000 +edge_1_0_+disjointig_1_0_999999 678004 697990 999999 -1 -1 19986 0
Chain
	Aln	1	+HG003_pb_pass1_read152_start304000 10 19998 20000 -edge_1_0_+disjointig_1_0_999999 304009 323997 999999 -1 -1 19988 0
Chain
	Aln	0	-HG003_pb_pass1_read152_start304000 1 19989 20000 +edge_1_0_+disjointig_1_0_999999 676001 695989 999999 -1 -1 19988 0
Chain
	Aln	1	+HG003_pb_pass1_read153_start306000 10 19995 20000 -edge_1_0_+disjointig_1_0_999999 306009 325994 999999 -1 -1 19985 0
Chain
	Aln	0	-HG003_pb_pass1_read153_start306000 4 19989 20000 +edge_1_0_+disjointig_1_0_999999 674004 693989 999999 -1 -1 19985 0
Chain
	Aln	1	+HG003_pb_pass1_read154_start308000 9 19997 20000 -edge_1_0_+disjointig_1_0_999999 308008 327996 999999 -1 -1 19988 0
Chain
	Aln	0	-HG003_pb_pass1_read154_start308000 2 19990 20000 +edge_1_0_+disjointig_1_0_999999 672002 691990 999999 -1 -1 19988 0
Chain
	Aln	1	+HG003_pb_pass1_read155_start310000 9 19997 20000 -edge_1_0_+disjointig_1_0_999999 310008 329996 999999 -1 -1 19988 0.000141996
Chain
	Aln	0	-HG003_pb_pass1_read155_start310000 2 19990 20000 +edge_1_0_+disjointig_1_0_999999 670002 689990 999999 -1 -1 19988 0.000141996
Chain
	Aln	1	+HG003_pb_pass1_read156_start312000 7 19995 20000 -edge_1_0_+disjointig_1_0_999999 312006 331994 999999 -1 -1 19988 0
Chain
	Aln	0	-HG003_pb_pass1_read156_start312000 4 19992 20000 +edge_1_0_+disjointig_1_0_999999 668004 687992 999999 -1 -1 19988 0
Chain
	Aln	1	+HG003_pb_pass1_read157_start314000 12 19992 20000 -edge_1_0_+disjointig_1_0_999999 314011 333991 999999 -1 -1 19980 6.98782e-05
Chain
	Aln	0	-HG003_pb_pass1_read157_start314000 7 19987 20000 +edge_1_0_+disjointig_1_0_999999 666007 685987 999999 -1 -1 19980 6.98782e-05
Chain
	Aln	1	+HG003_pb_pass1_read158_start316000 11 19995 20000 -edge_1_0_+disjointig_1_0_999999 316010 335994 999999 -1 -1 19984 0.000178829
Chain
	Aln	0	-HG003_pb_pass1_read158_start316000 4 19988 20000 +edge_1_0_+disjointig_1_0_999999 664004 683988 999999 -1 -1 19984 0.000178829
Chain
	Aln	1	+HG003_pb_pass1_read159_start318000 3 19998 20000 -edge_1_0_+disjointig_1_0_999999 318002 337997 999999 -1 -1 19995 0
Chain
	Aln	0	-HG003_pb_pass1_read159_start318000 1 19996 20000 +edge_1_0_+disjointig_1_0_999999 662001 681996 999999 -1 -1 19995 0
Chain
	Aln	1	+HG003_pb_pass1_read160_start320000 7 19998 20000 -edge_1_0_+disjointig_1_0_999999 320006 339997 999999 -1 -1 19991 0
Chain
	Aln	0	-HG003_pb_pass1_read160_start320000 1 19992 20000 +edge_1_0_+disjointig_1_0_999999 660001 679992 999999 -1 -1 19991 0
Chain
	Aln	1	+HG003_pb_pass1_read161_start322000 9 19993 20000 -edge_1_0_+disjointig_1_0_999999 322008 341992 999999 -1 -1 19984 0
Chain
	Aln	0	-HG003_pb_pass1_read161_start322000 6 19990 20000 +edge_1_0_+disjointig_1_0_999999 658006 677990 999999 -1 -1 19984 0
Chain
	Aln	1	+HG003_pb_pass1_read162_start324000 8 19997 20000 -edge_1_0_+disjointig_1_0_999999 324007 343996 999999 -1 -1 19989 0
Chain
	Aln	0	-HG003_pb_pass1_read162_start324000 2 19991 20000 +edge_1_0_+disjointig_1_0_999999 656002 675991 999999 -1 -1 19989 0
Chain
	Aln	1	+HG003_pb_pass1_read163_start326000 8 19997 20000 -edge_1_0_+disjointig_1_0_999999 326007 345996 999999 -1 -1 19989 0
Chain
	Aln	0	-HG003_pb_pass1_read163_start326000 2 19991 20000 +edge_1_0_+disjointig_1_0_999999 654002 673991 999999 -1 -1 19989 0
Chain
	Aln	1	+HG003_pb_pass1_read164_start328000 2 19991 20000 -edge_1_0_+disjointig_1_0_999999 328001 347990 999999 -1 -1 19989 4.78396e-05
Chain
	Aln	0	-HG003_pb_pass1_read164_start328000 8 19997 20000 +edge_1_0_+disjointig_1_0_999999 652008 671997 999999 -1 -1 19989 4.78396e-05
Chain
	Aln	1	+HG003_pb_pass1_read165_start330000 3 19998 20000 -edge_1_0_+disjointig_1_0_999999 330002 349997 999999 -1 -1 19995 8.55496e-07
Chain
	Aln	0	-HG003_pb_pass1_read165_start330000 1 19996 20000 +edge_1_0_+disjointig_1_0_999999 650001 669996 999999 -1 -1 19995 8.55496e-07
Chain
	Aln	1	+HG003_pb_pass1_read166_start332000 14 19997 20000 -edge_1_0_+disjointig_1_0_999999 332013 351996 999999 -1 -1 19983 7.87096e-05
Chain
	Aln	0	-HG003_pb_pass1_read166_start332000 2 19985 20000 +edge_1_0_+disjointig_1_0_999999 648002 667985 999999 -1 -1 19983 7.87096e-05
Chain
	Aln	1	+HG003_pb_pass1_read167_start334000 6 19998 20000 -edge_1_0_+disjointig_1_0_999999 334005 353997 999999 -1 -1 19992 5.66672e-05
Chain
	Aln	0	-HG003_pb_pass1_read167_start334000 1 19993 20000 +edge_1_0_+disjointig_1_0_999999 646001 665993 999999 -1 -1 19992 5.66672e-05
Chain
	Aln	1	+HG003_pb_pass1_read168_start336000 3 19993 20000 -edge_1_0_+disjointig_1_0_999999 336002 355992 999999 -1 -1 19990 0
Chain
	Aln	0	-HG003_pb_pass1_read168_start336000 6 19996 20000 +edge_1_0_+disjointig_1_0_999999 644006 663996 999999 -1 -1 19990 0
Chain
	Aln	1	+HG003_pb_pass1_read169_start338000 10 19996 20000 -edge_1_0_+disjointig_1_0_999999 338009 357995 999999 -1 -1 19986 0.000184715
Chain
	Aln	0	-HG003_pb_pass1_read169_start338000 3 19989 20000 +edge_1_0_+disjointig_1_0_999999 642003 661989 999999 -1 -1 19986 0.000184715
Chain
	Aln	1	+HG003_pb_pass1_read170_start340000 8 19997 20000 -edge_1_0_+disjointig_1_0_999999 340007 359996 999999 -1 -1 19989 4.78396e-05
Chain
	Aln	0	-HG003_pb_pass1_read170_start340000 2 19991 20000 +edge_1_0_+disjointig_1_0_999999 640002 659991 999999 -1 -1 19989 4.78396e-05
Chain
	Aln	1	+HG003_pb_pass1_read171_start342000 14 19993 20000 -edge_1_0_+disjointig_1_0_999999 342013 361992 999999 -1 -1 19979 0
Chain
	Aln	0	-HG003_pb_pass1_read171_start342000 6 19985 20000 +edge_1_0_+disjointig_1_0_999999 638006 657985 999999 -1 -1 19979 0
Chain
	Aln	1	+HG003_pb_pass1_read172_start344000 5 19995 20000 -edge_1_0_+disjointig_1_0_999999 344004 363994 999999 -1 -1 19990 0.000293824
Chain
	Aln	0	-HG003_pb_pass1_read172_start344000 4 19994 20000 +edge_1_0_+disjointig_1_0_999999 636004 655994 999999 -1 -1 19990 0.000293824
Chain
	Aln	1	+HG003_pb_pass1_read173_start346000 12 19990 20000 -edge_1_0_+disjointig_1_0_999999 346011 365989 999999 -1 -1 19978 0.000177375
Chain
	Aln	0	-HG003_pb_pass1_read173_start346000 9 19987 20000 +edge_1_0_+disjointig_1_0_999999 634009 653987 999999 -1 -1 19978 0.000177375
Chain
	Aln	1	+HG003_pb_pass1_read174_start348000 7 19996 20000 -edge_1_0_+disjointig_1_0_999999 348006 367995 999999 -1 -1 19989 0.000209757
Chain
	Aln	0	-HG003_pb_pass1_read174_start348000 3 19992 20000 +edge_1_0_+disjointig_1_0_999999 632003 651992 999999 -1 -1 19989 0.000209757
Chain
	Aln	1	+HG003_pb_pass1_read175_start350000 9 19998 20000 -edge_1_0_+disjointig_1_0_999999 350008 369997 999999 -1 -1 19989 0.000161139
Chain
	Aln	0	-HG003_pb_pass1_read175_start350000 1 19990 20000 +edge_1_0_+disjointig_1_0_999999 630001 649990 999999 -1 -1 19989 0.000161139
Chain
	Aln	1	+HG003_pb_pass1_read176_start352000 2 19992 20000 -edge_1_0_+disjointig_1_0_999999 352001 371991 999999 -1 -1 19990 0.000310065
Chain
	Aln	0	-HG003_pb_pass1_read176_start352000 7 19997 20000 +edge_1_0_+disjointig_1_0_999999 628007 647997 999999 -1 -1 19990 0.000310065
Chain
	Aln	1	+HG003_pb_pass1_read177_start354000 13 19996 20000 -edge_1_0_+disjointig_1_0_999999 354012 373995 999999 -1 -1 19983 0.000159678
Chain
	Aln	0	-HG003_pb_pass1_read177_start354000 3 19986 20000 +edge_1_0_+disjointig_1_0_999999 626003 645986 999999 -1 -1 19983 0.000159678
Chain
	Aln	1	+HG003_pb_pass1_read178_start356000 7 19994 20000 -edge_1_0_+disjointig_1_0_999999 356006 375993 999999 -1 -1 19987 0.000187658
Chain
	Aln	0	-HG003_pb_pass1_read178_start356000 5 19992 20000 +edge_1_0_+disjointig_1_0_999999 624005 643992 999999 -1 -1 19987 0.000187658
Chain
	Aln	1	+HG003_pb_pass1_read180_start360000 7 19994 20000 -edge_1_0_+disjointig_1_0_999999 360006 379993 999999 -1 -1 19987 0.000480152
Chain
	Aln	0	-HG003_pb_pass1_read180_start360000 5 19992 20000 +edge_1_0_+disjointig_1_0_999999 620005 639992 999999 -1 -1 19987 0.000480152
Chain
	Aln	1	+HG003_pb_pass1_read179_start358000 4 19997 20000 -edge_1_0_+disjointig_1_0_999999 358003 377996 999999 -1 -1 19993 0.000189112
Chain
	Aln	0	-HG003_pb_pass1_read179_start358000 2 19995 20000 +edge_1_0_+disjointig_1_0_999999 622002 641995 999999 -1 -1 19993 0.000189112
Chain
	Aln	1	+HG003_pb_pass1_read181_start362000 7 19995 20000 -edge_1_0_+disjointig_1_0_999999 362006 381994 999999 -1 -1 19988 0.000580918
Chain
	Aln	0	-HG003_pb_pass1_read181_start362000 4 19992 20000 +edge_1_0_+disjointig_1_0_999999 618004 637992 999999 -1 -1 19988 0.000580918
Chain
	Aln	1	+HG003_pb_pass1_read182_start364000 2 19998 20000 -edge_1_0_+disjointig_1_0_999999 364001 383997 999999 -1 -1 19996 0.000555521
Chain
	Aln	0	-HG003_pb_pass1_read182_start364000 1 19997 20000 +edge_1_0_+disjointig_1_0_999999 616001 635997 999999 -1 -1 19996 0.000555521
Chain
	Aln	1	+HG003_pb_pass1_read183_start366000 3 19994 20000 -edge_1_0_+disjointig_1_0_999999 366002 385993 999999 -1 -1 19991 0.000540813
Chain
	Aln	0	-HG003_pb_pass1_read183_start366000 5 19996 20000 +edge_1_0_+disjointig_1_0_999999 614005 633996 999999 -1 -1 19991 0.000540813
Chain
	Aln	1	+HG003_pb_pass1_read184_start368000 2 19995 20000 -edge_1_0_+disjointig_1_0_999999 368001 387994 999999 -1 -1 19993 0.00035138
Chain
	Aln	0	-HG003_pb_pass1_read184_start368000 4 19997 20000 +edge_1_0_+disjointig_1_0_999999 612004 631997 999999 -1 -1 19993 0.00035138
Chain
	Aln	1	+HG003_pb_pass1_read185_start370000 2 19995 20000 -edge_1_0_+disjointig_1_0_999999 370001 389994 999999 -1 -1 19993 0.000302657
Chain
	Aln	0	-HG003_pb_pass1_read185_start370000 4 19997 20000 +edge_1_0_+disjointig_1_0_999999 610004 629997 999999 -1 -1 19993 0.000302657
Chain
	Aln	1	+HG003_pb_pass1_read186_start372000 3 19997 20000 -edge_1_0_+disjointig_1_0_999999 372002 391996 999999 -1 -1 19994 0.000517046
Chain
	Aln	0	-HG003_pb_pass1_read186_start372000 2 19996 20000 +edge_1_0_+disjointig_1_0_999999 608002 627996 999999 -1 -1 19994 0.000517046
Chain
	Aln	1	+HG003_pb_pass1_read187_start374000 4 19998 20000 -edge_1_0_+disjointig_1_0_999999 374003 393997 999999 -1 -1 19994 0.00050075
Chain
	Aln	0	-HG003_pb_pass1_read187_start374000 1 19995 20000 +edge_1_0_+disjointig_1_0_999999 606001 625995 999999 -1 -1 19994 0.00050075
Chain
	Aln	1	+HG003_pb_pass1_read188_start376000 9 19998 20000 -edge_1_0_+disjointig_1_0_999999 376008 395997 999999 -1 -1 19989 0.000730899
Chain
	Aln	0	-HG003_pb_pass1_read188_start376000 1 19990 20000 +edge_1_0_+disjointig_1_0_999999 604001 623990 999999 -1 -1 19989 0.000730899
Chain
	Aln	1	+HG003_pb_pass1_read189_start378000 6 19994 20000 -edge_1_0_+disjointig_1_0_999999 378005 397993 999999 -1 -1 19988 0.0007116
Chain
	Aln	0	-HG003_pb_pass1_read189_start378000 5 19993 20000 +edge_1_0_+disjointig_1_0_999999 602005 621993 999999 -1 -1 19988 0.0007116
Chain
	Aln	1	+HG003_pb_pass1_read190_start380000 14 19996 20000 -edge_1_0_+disjointig_1_0_999999 380013 399995 999999 -1 -1 19982 0.000384042
Chain
	Aln	0	-HG003_pb_pass1_read190_start380000 3 19985 20000 +edge_1_0_+disjointig_1_0_999999 600003 619985 999999 -1 -1 19982 0.000384042
Chain
	Aln	1	+HG003_pb_pass1_read191_start382000 7 19997 20000 -edge_1_0_+disjointig_1_0_999999 382006 401996 999999 -1 -1 19990 0.000440132
Chain
	Aln	0	-HG003_pb_pass1_read191_start382000 2 19992 20000 +edge_1_0_+disjointig_1_0_999999 598002 617992 999999 -1 -1 19990 0.000440132
Chain
	Aln	1	+HG003_pb_pass1_read192_start384000 8 19998 20000 -edge_1_0_+disjointig_1_0_999999 384007 403997 999999 -1 -1 19990 0.000733842
Chain
	Aln	0	-HG003_pb_pass1_read192_start384000 1 19991 20000 +edge_1_0_+disjointig_1_0_999999 596001 615991 999999 -1 -1 19990 0.000733842
Chain
	Aln	1	+HG003_pb_pass1_read193_start386000 7 19998 20000 -edge_1_0_+disjointig_1_0_999999 386006 405997 999999 -1 -1 19991 0.000540813
Chain
	Aln	0	-HG003_pb_pass1_read193_start386000 1 19992 20000 +edge_1_0_+disjointig_1_0_999999 594001 613992 999999 -1 -1 19991 0.000540813
Chain
	Aln	1	+HG003_pb_pass1_read194_start388000 11 19998 20000 -edge_1_0_+disjointig_1_0_999999 388010 407997 999999 -1 -1 19987 0.000431299
Chain
	Aln	0	-HG003_pb_pass1_read194_start388000 1 19988 20000 +edge_1_0_+disjointig_1_0_999999 592001 611988 999999 -1 -1 19987 0.000431299
Chain
	Aln	1	+HG003_pb_pass1_read195_start390000 10 19990 20000 -edge_1_0_+disjointig_1_0_999999 390009 409989 999999 -1 -1 19980 0.000884622
Chain
	Aln	0	-HG003_pb_pass1_read195_start390000 9 19989 20000 +edge_1_0_+disjointig_1_0_999999 590009 609989 999999 -1 -1 19980 0.000884622
Chain
	Aln	1	+HG003_pb_pass1_read196_start392000 10 19996 20000 -edge_1_0_+disjointig_1_0_999999 392009 411995 999999 -1 -1 19986 0.000444642
Chain
	Aln	0	-HG003_pb_pass1_read196_start392000 3 19989 20000 +edge_1_0_+disjointig_1_0_999999 588003 607989 999999 -1 -1 19986 0.000444642
Chain
	Aln	1	+HG003_pb_pass1_read197_start394000 13 19996 20000 -edge_1_0_+disjointig_1_0_999999 394012 413995 999999 -1 -1 19983 0.000338197
Chain
	Aln	0	-HG003_pb_pass1_read197_start394000 3 19986 20000 +edge_1_0_+disjointig_1_0_999999 586003 605986 999999 -1 -1 19983 0.000338197
Chain
	Aln	1	+HG003_pb_pass1_read198_start396000 9 19996 20000 -edge_1_0_+disjointig_1_0_999999 396008 415995 999999 -1 -1 19987 0.000187658
Chain
	Aln	0	-HG003_pb_pass1_read198_start396000 3 19990 20000 +edge_1_0_+disjointig_1_0_999999 584003 603990 999999 -1 -1 19987 0.000187658
Chain
	Aln	1	+HG003_pb_pass1_read199_start398000 8 19998 20000 -edge_1_0_+disjointig_1_0_999999 398007 417997 999999 -1 -1 19990 0
Chain
	Aln	0	-HG003_pb_pass1_read199_start398000 1 19991 20000 +edge_1_0_+disjointig_1_0_999999 582001 601991 999999 -1 -1 19990 0
Chain
	Aln	1	+HG003_pb_pass1_read200_start400000 11 19993 20000 -edge_1_0_+disjointig_1_0_999999 400010 419992 999999 -1 -1 19982 1.10714e-05
Chain
	Aln	0	-HG003_pb_pass1_read200_start400000 6 19988 20000 +edge_1_0_+disjointig_1_0_999999 580006 599988 999999 -1 -1 19982 1.10714e-05
Chain
	Aln	1	+HG003_pb_pass1_read201_start402000 3 19998 20000 -edge_1_0_+disjointig_1_0_999999 402002 421997 999999 -1 -1 19995 0
Chain
	Aln	0	-HG003_pb_pass1_read201_start402000 1 19996 20000 +edge_1_0_+disjointig_1_0_999999 578001 597996 999999 -1 -1 19995 0
Chain
	Aln	1	+HG003_pb_pass1_read202_start404000 12 19997 20000 -edge_1_0_+disjointig_1_0_999999 404011 423996 999999 -1 -1 19985 0
Chain
	Aln	0	-HG003_pb_pass1_read202_start404000 2 19987 20000 +edge_1_0_+disjointig_1_0_999999 576002 595987 999999 -1 -1 19985 0
Chain
	Aln	1	+HG003_pb_pass1_read203_start406000 13 19996 20000 -edge_1_0_+disjointig_1_0_999999 406012 425995 999999 -1 -1 19983 0
Chain
	Aln	0	-HG003_pb_pass1_read203_start406000 3 19986 20000 +edge_1_0_+disjointig_1_0_999999 574003 593986 999999 -1 -1 19983 0
Chain
	Aln	1	+HG003_pb_pass1_read204_start408000 5 19996 20000 -edge_1_0_+disjointig_1_0_999999 408004 427995 999999 -1 -1 19991 0
Chain
	Aln	0	-HG003_pb_pass1_read204_start408000 3 19994 20000 +edge_1_0_+disjointig_1_0_999999 572003 591994 999999 -1 -1 19991 0
Chain
	Aln	1	+HG003_pb_pass1_read205_start410000 11 19996 20000 -edge_1_0_+disjointig_1_0_999999 410010 429995 999999 -1 -1 19985 0
Chain
	Aln	0	-HG003_pb_pass1_read205_start410000 3 19988 20000 +edge_1_0_+disjointig_1_0_999999 570003 589988 999999 -1 -1 19985 0
Chain
	Aln	1	+HG003_pb_pass1_read206_start412000 2 19997 20000 -edge_1_0_+disjointig_1_0_999999 412001 431996 999999 -1 -1 19995 0
Chain
	Aln	0	-HG003_pb_pass1_read206_start412000 2 19997 20000 +edge_1_0_+disjointig_1_0_999999 568002 587997 999999 -1 -1 19995 0
Chain
	Aln	1	+HG003_pb_pass1_read207_start414000 8 19997 20000 -edge_1_0_+disjointig_1_0_999999 414007 433996 999999 -1 -1 19989 0
Chain
	Aln	0	-HG003_pb_pass1_read207_start414000 2 19991 20000 +edge_1_0_+disjointig_1_0_999999 566002 585991 999999 -1 -1 19989 0
Chain
	Aln	1	+HG003_pb_pass1_read208_start416000 13 19998 20000 -edge_1_0_+disjointig_1_0_999999 416012 435997 999999 -1 -1 19985 0
Chain
	Aln	0	-HG003_pb_pass1_read208_start416000 1 19986 20000 +edge_1_0_+disjointig_1_0_999999 564001 583986 999999 -1 -1 19985 0
Chain
	Aln	1	+HG003_pb_pass1_read209_start418000 9 19998 20000 -edge_1_0_+disjointig_1_0_999999 418008 437997 999999 -1 -1 19989 0
Chain
	Aln	0	-HG003_pb_pass1_read209_start418000 1 19990 20000 +edge_1_0_+disjointig_1_0_999999 562001 581990 999999 -1 -1 19989 0
Chain
	Aln	1	+HG003_pb_pass1_read210_start420000 6 19996 20000 -edge_1_0_+disjointig_1_0_999999 420005 439995 999999 -1 -1 19990 0
Chain
	Aln	0	-HG003_pb_pass1_read210_start420000 3 19993 20000 +edge_1_0_+disjointig_1_0_999999 560003 579993 999999 -1 -1 19990 0
Chain
	Aln	1	+HG003_pb_pass1_read211_start422000 6 19995 20000 -edge_1_0_+disjointig_1_0_999999 422005 441994 999999 -1 -1 19989 0
Chain
	Aln	0	-HG003_pb_pass1_read211_start422000 4 19993 20000 +edge_1_0_+disjointig_1_0_999999 558004 577993 999999 -1 -1 19989 0
Chain
	Aln	1	+HG003_pb_pass1_read212_start424000 7 19996 20000 -edge_1_0_+disjointig_1_0_999999 424006 443995 999999 -1 -1 19989 0
Chain
	Aln	0	-HG003_pb_pass1_read212_start424000 3 19992 20000 +edge_1_0_+disjointig_1_0_999999 556003 575992 999999 -1 -1 19989 0
Chain
	Aln	1	+HG003_pb_pass1_read213_start426000 11 19998 20000 -edge_1_0_+disjointig_1_0_999999 426010 445997 999999 -1 -1 19987 9.62712e-06
Chain
	Aln	0	-HG003_pb_pass1_read213_start426000 1 19988 20000 +edge_1_0_+disjointig_1_0_999999 554001 573988 999999 -1 -1 19987 9.62712e-06
Chain
	Aln	1	+HG003_pb_pass1_read214_start428000 1 19992 20000 -edge_1_0_+disjointig_1_0_999999 428000 447991 999999 -1 -1 19991 3.7553e-05
Chain
	Aln	0	-HG003_pb_pass1_read214_start428000 7 19998 20000 +edge_1_0_+disjointig_1_0_999999 552007 571998 999999 -1 -1 19991 3.7553e-05
Chain
	Aln	1	+HG003_pb_pass1_read215_start430000 6 19995 20000 -edge_1_0_+disjointig_1_0_999999 430005 449994 999999 -1 -1 19989 0.000225972
Chain
	Aln	0	-HG003_pb_pass1_read215_start430000 4 19993 20000 +edge_1_0_+disjointig_1_0_999999 550004 569993 999999 -1 -1 19989 0.000225972
Chain
	Aln	1	+HG003_pb_pass1_read216_start432000 3 19997 20000 -edge_1_0_+disjointig_1_0_999999 432002 451996 999999 -1 -1 19994 0.000305594
Chain
	Aln	0	-HG003_pb_pass1_read216_start432000 2 19996 20000 +edge_1_0_+disjointig_1_0_999999 548002 567996 999999 -1 -1 19994 0.000305594
Chain
	Aln	1	+HG003_pb_pass1_read217_start434000 10 19994 20000 -edge_1_0_+disjointig_1_0_999999 434009 453993 999999 -1 -1 19984 0.000487615
Chain
	Aln	0	-HG003_pb_pass1_read217_start434000 5 19989 20000 +edge_1_0_+disjointig_1_0_999999 546005 565989 999999 -1 -1 19984 0.000487615
Chain
	Aln	1	+HG003_pb_pass1_read218_start436000 9 19996 20000 -edge_1_0_+disjointig_1_0_999999 436008 455995 999999 -1 -1 19987 0.000512736
Chain
	Aln	0	-HG003_pb_pass1_read218_start436000 3 19990 20000 +edge_1_0_+disjointig_1_0_999999 544003 563990 999999 -1 -1 19987 0.000512736
Chain
	Aln	1	+HG003_pb_pass1_read219_start438000 12 19995 20000 -edge_1_0_+disjointig_1_0_999999 438011 457994 999999 -1 -1 19983 0.00066418
Chain
	Aln	0	-HG003_pb_pass1_read219_start438000 4 19987 20000 +edge_1_0_+disjointig_1_0_999999 542004 561987 999999 -1 -1 19983 0.00066418
Chain
	Aln	1	+HG003_pb_pass1_read220_start440000 10 19995 20000 -edge_1_0_+disjointig_1_0_999999 440009 459994 999999 -1 -1 19985 0.000653737
Chain
	Aln	0	-HG003_pb_pass1_read220_start440000 4 19989 20000 +edge_1_0_+disjointig_1_0_999999 540004 559989 999999 -1 -1 19985 0.000653737
Chain
	Aln	1	+HG003_pb_pass1_read221_start442000 2 19995 20000 -edge_1_0_+disjointig_1_0_999999 442001 461994 999999 -1 -1 19993 0.000628274
Chain
	Aln	0	-HG003_pb_pass1_read221_start442000 4 19997 20000 +edge_1_0_+disjointig_1_0_999999 538004 557997 999999 -1 -1 19993 0.000628274
Chain
	Aln	1	+HG003_pb_pass1_read222_start444000 11 19992 20000 -edge_1_0_+disjointig_1_0_999999 444010 463991 999999 -1 -1 19981 0.000674642
Chain
	Aln	0	-HG003_pb_pass1_read222_start444000 7 19988 20000 +edge_1_0_+disjointig_1_0_999999 536007 555988 999999 -1 -1 19981 0.000674642
Chain
	Aln	1	+HG003_pb_pass1_read223_start446000 10 19991 20000 -edge_1_0_+disjointig_1_0_999999 446009 465990 999999 -1 -1 19981 0.000740074
Chain
	Aln	0	-HG003_pb_pass1_read223_start446000 8 19989 20000 +edge_1_0_+disjointig_1_0_999999 534008 553989 999999 -1 -1 19981 0.000740074
Chain
	Aln	1	+HG003_pb_pass1_read224_start448000 2 19994 20000 -edge_1_0_+disjointig_1_0_999999 448001 467993 999999 -1 -1 19992 0.00067433
Chain
	Aln	0	-HG003_pb_pass1_read224_start448000 5 19997 20000 +edge_1_0_+disjointig_1_0_999999 532005 551997 999999 -1 -1 19992 0.00067433
Chain
	Aln	1	+HG003_pb_pass1_read225_start450000 17 19997 20000 -edge_1_0_+disjointig_1_0_999999 450016 469996 999999 -1 -1 19980 0.000361884
Chain
	Aln	0	-HG003_pb_pass1_read225_start450000 2 19982 20000 +edge_1_0_+disjointig_1_0_999999 530002 549982 999999 -1 -1 19980 0.000361884
Chain
	Aln	1	+HG003_pb_pass1_read226_start452000 16 19995 20000 -edge_1_0_+disjointig_1_0_999999 452015 471994 999999 -1 -1 19979 0.000391482
Chain
	Aln	0	-HG003_pb_pass1_read226_start452000 4 19983 20000 +edge_1_0_+disjointig_1_0_999999 528004 547983 999999 -1 -1 19979 0.000391482
Chain
	Aln	1	+HG003_pb_pass1_read227_start454000 7 19992 20000 -edge_1_0_+disjointig_1_0_999999 454006 473991 999999 -1 -1 19985 0.000457975
Chain
	Aln	0	-HG003_pb_pass1_read227_start454000 7 19992 20000 +edge_1_0_+disjointig_1_0_999999 526007 545992 999999 -1 -1 19985 0.000457975
Chain
	Aln	1	+HG003_pb_pass1_read228_start456000 8 19994 20000 -edge_1_0_+disjointig_1_0_999999 456007 475993 999999 -1 -1 19986 0.000265817
Chain
	Aln	0	-HG003_pb_pass1_read228_start456000 5 19991 20000 +edge_1_0_+disjointig_1_0_999999 524005 543991 999999 -1 -1 19986 0.000265817
Chain
	Aln	1	+HG003_pb_pass1_read229_start458000 9 19997 20000 -edge_1_0_+disjointig_1_0_999999 458008 477996 999999 -1 -1 19988 0.000174397
Chain
	Aln	0	-HG003_pb_pass1_read229_start458000 2 19990 20000 +edge_1_0_+disjointig_1_0_999999 522002 541990 999999 -1 -1 19988 0.000174397
Chain
	Aln	1	+HG003_pb_pass1_read230_start460000 10 19995 20000 -edge_1_0_+disjointig_1_0_999999 460009 479994 999999 -1 -1 19985 0.000149369
Chain
	Aln	0	-HG003_pb_pass1_read230_start460000 4 19989 20000 +edge_1_0_+disjointig_1_0_999999 520004 539989 999999 -1 -1 19985 0.000149369
Chain
	Aln	1	+HG003_pb_pass1_read231_start462000 8 19994 20000 -edge_1_0_+disjointig_1_0_999999 462007 481993 999999 -1 -1 19986 0.000265817
Chain
	Aln	0	-HG003_pb_pass1_read231_start462000 5 19991 20000 +edge_1_0_+disjointig_1_0_999999 518005 537991 999999 -1 -1 19986 0.000265817
Chain
	Aln	1	+HG003_pb_pass1_read232_start464000 11 19998 20000 -edge_1_0_+disjointig_1_0_999999 464010 483997 999999 -1 -1 19987 0.000415029
Chain
	Aln	0	-HG003_pb_pass1_read232_start464000 1 19988 20000 +edge_1_0_+disjointig_1_0_999999 516001 535988 999999 -1 -1 19987 0.000415029
Chain
	Aln	1	+HG003_pb_pass1_read233_start466000 8 19996 20000 -edge_1_0_+disjointig_1_0_999999 466007 485995 999999 -1 -1 19988 0.000531988
Chain
	Aln	0	-HG003_pb_pass1_read233_start466000 3 19991 20000 +edge_1_0_+disjointig_1_0_999999 514003 533991 999999 -1 -1 19988 0.000531988
Chain
	Aln	1	+HG003_pb_pass1_read234_start468000 9 19995 20000 -edge_1_0_+disjointig_1_0_999999 468008 487994 999999 -1 -1 19986 0.000640337
Chain
	Aln	0	-HG003_pb_pass1_read234_start468000 4 19990 20000 +edge_1_0_+disjointig_1_0_999999 512004 531990 999999 -1 -1 19986 0.000640337
Chain
	Aln	1	+HG003_pb_pass1_read235_start470000 8 19998 20000 -edge_1_0_+disjointig_1_0_999999 470007 489997 999999 -1 -1 19990 0.000782936
Chain
	Aln	0	-HG003_pb_pass1_read235_start470000 1 19991 20000 +edge_1_0_+disjointig_1_0_999999 510001 529991 999999 -1 -1 19990 0.000782936
Chain
	Aln	1	+HG003_pb_pass1_read236_start472000 9 19995 20000 -edge_1_0_+disjointig_1_0_999999 472008 491994 999999 -1 -1 19986 0.000656677
Chain
	Aln	0	-HG003_pb_pass1_read236_start472000 4 19990 20000 +edge_1_0_+disjointig_1_0_999999 508004 527990 999999 -1 -1 19986 0.000656677
Chain
	Aln	1	+HG003_pb_pass1_read237_start474000 10 19996 20000 -edge_1_0_+disjointig_1_0_999999 474009 493995 999999 -1 -1 19986 0.000282052
Chain
	Aln	0	-HG003_pb_pass1_read237_start474000 3 19989 20000 +edge_1_0_+disjointig_1_0_999999 506003 525989 999999 -1 -1 19986 0.000282052
Chain
	Aln	1	+HG003_pb_pass1_read238_start476000 8 19994 20000 -edge_1_0_+disjointig_1_0_999999 476007 495993 999999 -1 -1 19986 0.000217142
Chain
	Aln	0	-HG003_pb_pass1_read238_start476000 5 19991 20000 +edge_1_0_+disjointig_1_0_999999 504005 523991 999999 -1 -1 19986 0.000217142
Chain
	Aln	1	+HG003_pb_pass1_read239_start478000 10 19997 20000 -edge_1_0_+disjointig_1_0_999999 478009 497996 999999 -1 -1 19987 0.000480152
Chain
	Aln	0	-HG003_pb_pass1_read239_start478000 2 19989 20000 +edge_1_0_+disjointig_1_0_999999 502002 521989 999999 -1 -1 19987 0.000480152
Chain
	Aln	1	+HG003_pb_pass1_read240_start480000 11 19997 20000 -edge_1_0_+disjointig_1_0_999999 480010 499996 999999 -1 -1 19986 0.00034703
Chain
	Aln	0	-HG003_pb_pass1_read240_start480000 2 19988 20000 +edge_1_0_+disjointig_1_0_999999 500002 519988 999999 -1 -1 19986 0.00034703
Chain
	Aln	1	+HG003_pb_pass1_read241_start482000 2 19991 20000 -edge_1_0_+disjointig_1_0_999999 482001 501990 999999 -1 -1 19989 0.000144934
Chain
	Aln	0	-HG003_pb_pass1_read241_start482000 8 19997 20000 +edge_1_0_+disjointig_1_0_999999 498008 517997 999999 -1 -1 19989 0.000144934
Chain
	Aln	1	+HG003_pb_pass1_read242_start484000 8 19991 20000 -edge_1_0_+disjointig_1_0_999999 484007 503990 999999 -1 -1 19983 0.000143479
Chain
	Aln	0	-HG003_pb_pass1_read242_start484000 8 19991 20000 +edge_1_0_+disjointig_1_0_999999 496008 515991 999999 -1 -1 19983 0.000143479
Chain
	Aln	1	+HG003_pb_pass1_read243_start486000 10 19993 20000 -edge_1_0_+disjointig_1_0_999999 486009 505992 999999 -1 -1 19983 0.000159678
Chain
	Aln	0	-HG003_pb_pass1_read243_start486000 6 19989 20000 +edge_1_0_+disjointig_1_0_999999 494006 513989 999999 -1 -1 19983 0.000159678
Chain
	Aln	1	+HG003_pb_pass1_read244_start488000 8 19992 20000 -edge_1_0_+disjointig_1_0_999999 488007 507991 999999 -1 -1 19984 0
Chain
	Aln	0	-HG003_pb_pass1_read244_start488000 7 19991 20000 +edge_1_0_+disjointig_1_0_999999 492007 511991 999999 -1 -1 19984 0
Chain
	Aln	1	+HG003_pb_pass1_read245_start490000 1 19997 20000 -edge_1_0_+disjointig_1_0_999999 490000 509996 999999 -1 -1 19996 0
Chain
	Aln	0	-HG003_pb_pass1_read245_start490000 2 19998 20000 +edge_1_0_+disjointig_1_0_999999 490002 509998 999999 -1 -1 19996 0
Chain
	Aln	1	+HG003_pb_pass1_read247_start494000 9 19994 20000 -edge_1_0_+disjointig_1_0_999999 494008 513993 999999 -1 -1 19985 6.84144e-05
Chain
	Aln	0	-HG003_pb_pass1_read247_start494000 5 19990 20000 +edge_1_0_+disjointig_1_0_999999 486005 505990 999999 -1 -1 19985 6.84144e-05
Chain
	Aln	1	+HG003_pb_pass1_read246_start492000 13 19995 20000 -edge_1_0_+disjointig_1_0_999999 492012 511994 999999 -1 -1 19982 0
Chain
	Aln	0	-HG003_pb_pass1_read246_start492000 4 19986 20000 +edge_1_0_+disjointig_1_0_999999 488004 507986 999999 -1 -1 19982 0
Chain
	Aln	1	+HG003_pb_pass1_read248_start496000 9 19993 20000 -edge_1_0_+disjointig_1_0_999999 496008 515992 999999 -1 -1 19984 9.78385e-05
Chain
	Aln	0	-HG003_pb_pass1_read248_start496000 6 19990 20000 +edge_1_0_+disjointig_1_0_999999 484006 503990 999999 -1 -1 19984 9.78385e-05
Chain
	Aln	1	+HG003_pb_pass1_read249_start498000 9 19991 20000 -edge_1_0_+disjointig_1_0_999999 498008 517990 999999 -1 -1 19982 0
Chain
	Aln	0	-HG003_pb_pass1_read249_start498000 8 19990 20000 +edge_1_0_+disjointig_1_0_999999 482008 501990 999999 -1 -1 19982 0
Chain
	Aln	1	+HG003_pb_pass1_read250_start500000 9 19996 20000 -edge_1_0_+disjointig_1_0_999999 500008 519995 999999 -1 -1 19987 0
Chain
	Aln	0	-HG003_pb_pass1_read250_start500000 3 19990 20000 +edge_1_0_+disjointig_1_0_999999 480003 499990 999999 -1 -1 19987 0
Chain
	Aln	1	+HG003_pb_pass1_read251_start502000 14 19992 20000 -edge_1_0_+disjointig_1_0_999999 502013 521991 999999 -1 -1 19978 0.00016116
Chain
	Aln	0	-HG003_pb_pass1_read251_start502000 7 19985 20000 +edge_1_0_+disjointig_1_0_999999 478007 497985 999999 -1 -1 19978 0.00016116
Chain
	Aln	1	+HG003_pb_pass1_read252_start504000 9 19996 20000 -edge_1_0_+disjointig_1_0_999999 504008 523995 999999 -1 -1 19987 0
Chain
	Aln	0	-HG003_pb_pass1_read252_start504000 3 19990 20000 +edge_1_0_+disjointig_1_0_999999 476003 495990 999999 -1 -1 19987 0
Chain
	Aln	1	+HG003_pb_pass1_read253_start506000 2 19998 20000 -edge_1_0_+disjointig_1_0_999999 506001 525997 999999 -1 -1 19996 0
Chain
	Aln	0	-HG003_pb_pass1_read253_start506000 1 19997 20000 +edge_1_0_+disjointig_1_0_999999 474001 493997 999999 -1 -1 19996 0
Chain
	Aln	1	+HG003_pb_pass1_read254_start508000 10 19998 20000 -edge_1_0_+disjointig_1_0_999999 508009 527997 999999 -1 -1 19988 9.34279e-05
Chain
	Aln	0	-HG003_pb_pass1_read254_start508000 1 19989 20000 +edge_1_0_+disjointig_1_0_999999 472001 491989 999999 -1 -1 19988 9.34279e-05
Chain
	Aln	1	+HG003_pb_pass1_read255_start510000 17 19997 20000 -edge_1_0_+disjointig_1_0_999999 510016 529996 999999 -1 -1 19980 0
Chain
	Aln	0	-HG003_pb_pass1_read255_start510000 2 19982 20000 +edge_1_0_+disjointig_1_0_999999 470002 489982 999999 -1 -1 19980 0
Chain
	Aln	1	+HG003_pb_pass1_read256_start512000 11 19991 20000 -edge_1_0_+disjointig_1_0_999999 512010 531990 999999 -1 -1 19980 0.000231923
Chain
	Aln	0	-HG003_pb_pass1_read256_start512000 8 19988 20000 +edge_1_0_+disjointig_1_0_999999 468008 487988 999999 -1 -1 19980 0.000231923
Chain
	Aln	1	+HG003_pb_pass1_read257_start514000 10 19993 20000 -edge_1_0_+disjointig_1_0_999999 514009 533992 999999 -1 -1 19983 0
Chain
	Aln	0	-HG003_pb_pass1_read257_start514000 6 19989 20000 +edge_1_0_+disjointig_1_0_999999 466006 485989 999999 -1 -1 19983 0
Chain
	Aln	1	+HG003_pb_pass1_read258_start516000 5 19996 20000 -edge_1_0_+disjointig_1_0_999999 516004 535995 999999 -1 -1 19991 0
Chain
	Aln	0	-HG003_pb_pass1_read258_start516000 3 19994 20000 +edge_1_0_+disjointig_1_0_999999 464003 483994 999999 -1 -1 19991 0
Chain
	Aln	1	+HG003_pb_pass1_read259_start518000 10 19993 20000 -edge_1_0_+disjointig_1_0_999999 518009 537992 999999 -1 -1 19983 4.63541e-05
Chain
	Aln	0	-HG003_pb_pass1_read259_start518000 6 19989 20000 +edge_1_0_+disjointig_1_0_999999 462006 481989 999999 -1 -1 19983 4.63541e-05
Chain
	Aln	1	+HG003_pb_pass1_read260_start520000 11 19995 20000 -edge_1_0_+disjointig_1_0_999999 520010 539994 999999 -1 -1 19984 4.92969e-05
Chain
	Aln	0	-HG003_pb_pass1_read260_start520000 4 19988 20000 +edge_1_0_+disjointig_1_0_999999 460004 479988 999999 -1 -1 19984 4.92969e-05
Chain
	Aln	1	+HG003_pb_pass1_read261_start522000 4 19991 20000 -edge_1_0_+disjointig_1_0_999999 522003 541990 999999 -1 -1 19987 0
Chain
	Aln	0	-HG003_pb_pass1_read261_start522000 8 19995 20000 +edge_1_0_+disjointig_1_0_999999 458008 477995 999999 -1 -1 19987 0
Chain
	Aln	1	+HG003_pb_pass1_read262_start524000 16 19993 20000 -edge_1_0_+disjointig_1_0_999999 524015 543992 999999 -1 -1 19977 0.000271799
Chain
	Aln	0	-HG003_pb_pass1_read262_start524000 6 19983 20000 +edge_1_0_+disjointig_1_0_999999 456006 475983 999999 -1 -1 19977 0.000271799
Chain
	Aln	1	+HG003_pb_pass1_read263_start526000 1 19998 20000 -edge_1_0_+disjointig_1_0_999999 526000 545997 999999 -1 -1 19997 0.000281954
Chain
	Aln	0	-HG003_pb_pass1_read263_start526000 1 19998 20000 +edge_1_0_+disjointig_1_0_999999 454001 473998 999999 -1 -1 19997 0.000281954
Chain
	Aln	1	+HG003_pb_pass1_read264_start528000 8 19995 20000 -edge_1_0_+disjointig_1_0_999999 528007 547994 999999 -1 -1 19987 0
Chain
	Aln	0	-HG003_pb_pass1_read264_start528000 4 19991 20000 +edge_1_0_+disjointig_1_0_999999 452004 471991 999999 -1 -1 19987 0
Chain
	Aln	1	+HG003_pb_pass1_read265_start530000 16 19993 20000 -edge_1_0_+disjointig_1_0_999999 530015 549992 999999 -1 -1 19977 0.000142017
Chain
	Aln	0	-HG003_pb_pass1_read265_start530000 6 19983 20000 +edge_1_0_+disjointig_1_0_999999 450006 469983 999999 -1 -1 19977 0.000142017
Chain
	Aln	1	+HG003_pb_pass1_read266_start532000 9 19997 20000 -edge_1_0_+disjointig_1_0_999999 532008 551996 999999 -1 -1 19988 0
Chain
	Aln	0	-HG003_pb_pass1_read266_start532000 2 19990 20000 +edge_1_0_+disjointig_1_0_999999 448002 467990 999999 -1 -1 19988 0
Chain
	Aln	1	+HG003_pb_pass1_read267_start534000 10 19995 20000 -edge_1_0_+disjointig_1_0_999999 534009 553994 999999 -1 -1 19985 0
Chain
	Aln	0	-HG003_pb_pass1_read267_start534000 4 19989 20000 +edge_1_0_+disjointig_1_0_999999 446004 465989 999999 -1 -1 19985 0
Chain
	Aln	1	+HG003_pb_pass1_read268_start536000 3 19993 20000 -edge_1_0_+disjointig_1_0_999999 536002 555992 999999 -1 -1 19990 0
Chain
	Aln	0	-HG003_pb_pass1_read268_start536000 6 19996 20000 +edge_1_0_+disjointig_1_0_999999 444006 463996 999999 -1 -1 19990 0
Chain
	Aln	1	+HG003_pb_pass1_read269_start538000 3 19991 20000 -edge_1_0_+disjointig_1_0_999999 538002 557990 999999 -1 -1 19988 4.48967e-05
Chain
	Aln	0	-HG003_pb_pass1_read269_start538000 8 19996 20000 +edge_1_0_+disjointig_1_0_999999 442008 461996 999999 -1 -1 19988 4.48967e-05
Chain
	Aln	1	+HG003_pb_pass1_read270_start540000 6 19997 20000 -edge_1_0_+disjointig_1_0_999999 540005 559996 999999 -1 -1 19991 8.60692e-05
Chain
	Aln	0	-HG003_pb_pass1_read270_start540000 2 19993 20000 +edge_1_0_+disjointig_1_0_999999 440002 459993 999999 -1 -1 19991 8.60692e-05
Chain
	Aln	1	+HG003_pb_pass1_read271_start542000 10 19996 20000 -edge_1_0_+disjointig_1_0_999999 542009 561995 999999 -1 -1 19986 0.000119914
Chain
	Aln	0	-HG003_pb_pass1_read271_start542000 3 19989 20000 +edge_1_0_+disjointig_1_0_999999 438003 457989 999999 -1 -1 19986 0.000119914
Chain
	Aln	1	+HG003_pb_pass1_read272_start544000 9 19997 20000 -edge_1_0_+disjointig_1_0_999999 544008 563996 999999 -1 -1 19988 0.000141996
Chain
	Aln	0	-HG003_pb_pass1_read272_start544000 2 19990 20000 +edge_1_0_+disjointig_1_0_999999 436002 455990 999999 -1 -1 19988 0.000141996
Chain
	Aln	1	+HG003_pb_pass1_read273_start546000 2 19997 20000 -edge_1_0_+disjointig_1_0_999999 546001 565996 999999 -1 -1 19995 0.000146396
Chain
	Aln	0	-HG003_pb_pass1_read273_start546000 2 19997 20000 +edge_1_0_+disjointig_1_0_999999 434002 453997 999999 -1 -1 19995 0.000146396
Chain
	Aln	1	+HG003_pb_pass1_read274_start548000 12 19996 20000 -edge_1_0_+disjointig_1_0_999999 548011 567995 999999 -1 -1 19984 0.000227474
Chain
	Aln	0	-HG003_pb_pass1_read274_start548000 3 19987 20000 +edge_1_0_+disjointig_1_0_999999 432003 451987 999999 -1 -1 19984 0.000227474
Chain
	Aln	1	+HG003_pb_pass1_read275_start550000 10 19994 20000 -edge_1_0_+disjointig_1_0_999999 550009 569993 999999 -1 -1 19984 0.000324893
Chain
	Aln	0	-HG003_pb_pass1_read275_start550000 5 19989 20000 +edge_1_0_+disjointig_1_0_999999 430005 449989 999999 -1 -1 19984 0.000324893
Chain
	Aln	1	+HG003_pb_pass1_read276_start552000 15 19995 20000 -edge_1_0_+disjointig_1_0_999999 552014 571994 999999 -1 -1 19980 0.000296873
Chain
	Aln	0	-HG003_pb_pass1_read276_start552000 4 19984 20000 +edge_1_0_+disjointig_1_0_999999 428004 447984 999999 -1 -1 19980 0.000296873
Chain
	Aln	1	+HG003_pb_pass1_read277_start554000 15 19996 20000 -edge_1_0_+disjointig_1_0_999999 554014 573995 999999 -1 -1 19981 0.000316064
Chain
	Aln	0	-HG003_pb_pass1_read277_start554000 3 19984 20000 +edge_1_0_+disjointig_1_0_999999 426003 445984 999999 -1 -1 19981 0.000316064
Chain
	Aln	1	+HG003_pb_pass1_read278_start556000 1 19990 20000 -edge_1_0_+disjointig_1_0_999999 556000 575989 999999 -1 -1 19989 0.000290887
Chain
	Aln	0	-HG003_pb_pass1_read278_start556000 9 19998 20000 +edge_1_0_+disjointig_1_0_999999 424009 443998 999999 -1 -1 19989 0.000290887
Chain
	Aln	1	+HG003_pb_pass1_read279_start558000 9 19998 20000 -edge_1_0_+disjointig_1_0_999999 558008 577997 999999 -1 -1 19989 0.000388375
Chain
	Aln	0	-HG003_pb_pass1_read279_start558000 1 19990 20000 +edge_1_0_+disjointig_1_0_999999 422001 441990 999999 -1 -1 19989 0.000388375
Chain
	Aln	1	+HG003_pb_pass1_read280_start560000 9 19992 20000 -edge_1_0_+disjointig_1_0_999999 560008 579991 999999 -1 -1 19983 0.000338197
Chain
	Aln	0	-HG003_pb_pass1_read280_start560000 7 19990 20000 +edge_1_0_+disjointig_1_0_999999 420007 439990 999999 -1 -1 19983 0.000338197
Chain
	Aln	1	+HG003_pb_pass1_read281_start562000 14 19991 20000 -edge_1_0_+disjointig_1_0_999999 562013 581990 999999 -1 -1 19977 6.10455e-05
Chain
	Aln	0	-HG003_pb_pass1_read281_start562000 8 19985 20000 +edge_1_0_+disjointig_1_0_999999 418008 437985 999999 -1 -1 19977 6.10455e-05
Chain
	Aln	1	+HG003_pb_pass1_read282_start564000 7 19996 20000 -edge_1_0_+disjointig_1_0_999999 564006 583995 999999 -1 -1 19989 0.000128745
Chain
	Aln	0	-HG003_pb_pass1_read282_start564000 3 19992 20000 +edge_1_0_+disjointig_1_0_999999 416003 435992 999999 -1 -1 19989 0.000128745
Chain
	Aln	1	+HG003_pb_pass1_read283_start566000 2 19994 20000 -edge_1_0_+disjointig_1_0_999999 566001 585993 999999 -1 -1 19992 0.000137568
Chain
	Aln	0	-HG003_pb_pass1_read283_start566000 5 19997 20000 +edge_1_0_+disjointig_1_0_999999 414005 433997 999999 -1 -1 19992 0.000137568
Chain
	Aln	1	+HG003_pb_pass1_read284_start568000 4 19992 20000 -edge_1_0_+disjointig_1_0_999999 568003 587991 999999 -1 -1 19988 0
Chain
	Aln	0	-HG003_pb_pass1_read284_start568000 7 19995 20000 +edge_1_0_+disjointig_1_0_999999 412007 431995 999999 -1 -1 19988 0
Chain
	Aln	1	+HG003_pb_pass1_read285_start570000 7 19997 20000 -edge_1_0_+disjointig_1_0_999999 570006 589996 999999 -1 -1 19990 0
Chain
	Aln	0	-HG003_pb_pass1_read285_start570000 2 19992 20000 +edge_1_0_+disjointig_1_0_999999 410002 429992 999999 -1 -1 19990 0
Chain
	Aln	1	+HG003_pb_pass1_read286_start572000 3 19994 20000 -edge_1_0_+disjointig_1_0_999999 572002 591993 999999 -1 -1 19991 0
Chain
	Aln	0	-HG003_pb_pass1_read286_start572000 5 19996 20000 +edge_1_0_+disjointig_1_0_999999 408005 427996 999999 -1 -1 19991 0
Chain
	Aln	1	+HG003_pb_pass1_read287_start574000 18 19998 20000 -edge_1_0_+disjointig_1_0_999999 574017 593997 999999 -1 -1 19980 0
Chain
	Aln	0	-HG003_pb_pass1_read287_start574000 1 19981 20000 +edge_1_0_+disjointig_1_0_999999 406001 425981 999999 -1 -1 19980 0
Chain
	Aln	1	+HG003_pb_pass1_read288_start576000 9 19995 20000 -edge_1_0_+disjointig_1_0_999999 576008 595994 999999 -1 -1 19986 0
Chain
	Aln	0	-HG003_pb_pass1_read288_start576000 4 19990 20000 +edge_1_0_+disjointig_1_0_999999 404004 423990 999999 -1 -1 19986 0
Chain
	Aln	1	+HG003_pb_pass1_read289_start578000 9 19996 20000 -edge_1_0_+disjointig_1_0_999999 578008 597995 999999 -1 -1 19987 0
Chain
	Aln	0	-HG003_pb_pass1_read289_start578000 3 19990 20000 +edge_1_0_+disjointig_1_0_999999 402003 421990 999999 -1 -1 19987 0
Chain
	Aln	1	+HG003_pb_pass1_read290_start580000 9 19991 20000 -edge_1_0_+disjointig_1_0_999999 580008 599990 999999 -1 -1 19982 0
Chain
	Aln	0	-HG003_pb_pass1_read290_start580000 8 19990 20000 +edge_1_0_+disjointig_1_0_999999 400008 419990 999999 -1 -1 19982 0
Chain
	Aln	1	+HG003_pb_pass1_read291_start582000 8 19996 20000 -edge_1_0_+disjointig_1_0_999999 582007 601995 999999 -1 -1 19988 0
Chain
	Aln	0	-HG003_pb_pass1_read291_start582000 3 19991 20000 +edge_1_0_+disjointig_1_0_999999 398003 417991 999999 -1 -1 19988 0
Chain
	Aln	1	+HG003_pb_pass1_read292_start584000 6 19991 20000 -edge_1_0_+disjointig_1_0_999999 584005 603990 999999 -1 -1 19985 0
Chain
	Aln	0	-HG003_pb_pass1_read292_start584000 8 19993 20000 +edge_1_0_+disjointig_1_0_999999 396008 415993 999999 -1 -1 19985 0
Chain
	Aln	1	+HG003_pb_pass1_read293_start586000 7 19995 20000 -edge_1_0_+disjointig_1_0_999999 586006 605994 999999 -1 -1 19988 0
Chain
	Aln	0	-HG003_pb_pass1_read293_start586000 4 19992 20000 +edge_1_0_+disjointig_1_0_999999 394004 413992 999999 -1 -1 19988 0
Chain
	Aln	1	+HG003_pb_pass1_read294_start588000 3 19997 20000 -edge_1_0_+disjointig_1_0_999999 588002 607996 999999 -1 -1 19994 4.63822e-05
Chain
	Aln	0	-HG003_pb_pass1_read294_start588000 2 19996 20000 +edge_1_0_+disjointig_1_0_999999 392002 411996 999999 -1 -1 19994 4.63822e-05
Chain
	Aln	1	+HG003_pb_pass1_read295_start590000 3 19998 20000 -edge_1_0_+disjointig_1_0_999999 590002 609997 999999 -1 -1 19995 0.000406032
Chain
	Aln	0	-HG003_pb_pass1_read295_start590000 1 19996 20000 +edge_1_0_+disjointig_1_0_999999 390001 409996 999999 -1 -1 19995 0.000406032
Chain
	Aln	1	+HG003_pb_pass1_read296_start592000 11 19993 20000 -edge_1_0_+disjointig_1_0_999999 592010 611992 999999 -1 -1 19982 0.000302761
Chain
	Aln	0	-HG003_pb_pass1_read296_start592000 6 19988 20000 +edge_1_0_+disjointig_1_0_999999 388006 407988 999999 -1 -1 19982 0.000302761
Chain
	Aln	1	+HG003_pb_pass1_read297_start594000 5 19998 20000 -edge_1_0_+disjointig_1_0_999999 594004 613997 999999 -1 -1 19993 2.72856e-05
Chain
	Aln	0	-HG003_pb_pass1_read297_start594000 1 19994 20000 +edge_1_0_+disjointig_1_0_999999 386001 405994 999999 -1 -1 19993 2.72856e-05
Chain
	Aln	1	+HG003_pb_pass1_read298_start596000 13 19993 20000 -edge_1_0_+disjointig_1_0_999999 596012 615992 999999 -1 -1 19980 5.18187e-06
Chain
	Aln	0	-HG003_pb_pass1_read298_start596000 6 19986 20000 +edge_1_0_+disjointig_1_0_999999 384006 403986 999999 -1 -1 19980 5.18187e-06
Chain
	Aln	1	+HG003_pb_pass1_read299_start598000 6 19998 20000 -edge_1_0_+disjointig_1_0_999999 598005 617997 999999 -1 -1 19992 2.43417e-05
Chain
	Aln	0	-HG003_pb_pass1_read299_start598000 1 19993 20000 +edge_1_0_+disjointig_1_0_999999 382001 401993 999999 -1 -1 19992 2.43417e-05
Chain
	Aln	1	+HG003_pb_pass1_read300_start600000 11 19993 20000 -edge_1_0_+disjointig_1_0_999999 600010 619992 999999 -1 -1 19982 0
Chain
	Aln	0	-HG003_pb_pass1_read300_start600000 6 19988 20000 +edge_1_0_+disjointig_1_0_999999 380006 399988 999999 -1 -1 19982 0
Chain
	Aln	1	+HG003_pb_pass1_read301_start602000 3 19995 20000 -edge_1_0_+disjointig_1_0_999999 602002 621994 999999 -1 -1 19992 0
Chain
	Aln	0	-HG003_pb_pass1_read301_start602000 4 19996 20000 +edge_1_0_+disjointig_1_0_999999 378004 397996 999999 -1 -1 19992 0
Chain
	Aln	1	+HG003_pb_pass1_read302_start604000 7 19991 20000 -edge_1_0_+disjointig_1_0_999999 604006 623990 999999 -1 -1 19984 0
Chain
	Aln	0	-HG003_pb_pass1_read302_start604000 8 19992 20000 +edge_1_0_+disjointig_1_0_999999 376008 395992 999999 -1 -1 19984 0
Chain
	Aln	1	+HG003_pb_pass1_read303_start606000 9 19998 20000 -edge_1_0_+disjointig_1_0_999999 606008 625997 999999 -1 -1 19989 6.40086e-05
Chain
	Aln	0	-HG003_pb_pass1_read303_start606000 1 19990 20000 +edge_1_0_+disjointig_1_0_999999 374001 393990 999999 -1 -1 19989 6.40086e-05
Chain
	Aln	1	+HG003_pb_pass1_read304_start608000 12 19996 20000 -edge_1_0_+disjointig_1_0_999999 608011 627995 999999 -1 -1 19984 0.000292408
Chain
	Aln	0	-HG003_pb_pass1_read304_start608000 3 19987 20000 +edge_1_0_+disjointig_1_0_999999 372003 391987 999999 -1 -1 19984 0.000292408
Chain
	Aln	1	+HG003_pb_pass1_read305_start610000 5 19995 20000 -edge_1_0_+disjointig_1_0_999999 610004 629994 999999 -1 -1 19990 0.000342555
Chain
	Aln	0	-HG003_pb_pass1_read305_start610000 4 19994 20000 +edge_1_0_+disjointig_1_0_999999 370004 389994 999999 -1 -1 19990 0.000342555
Chain
	Aln	1	+HG003_pb_pass1_read306_start612000 9 19993 20000 -edge_1_0_+disjointig_1_0_999999 612008 631992 999999 -1 -1 19984 0.000389929
Chain
	Aln	0	-HG003_pb_pass1_read306_start612000 6 19990 20000 +edge_1_0_+disjointig_1_0_999999 368006 387990 999999 -1 -1 19984 0.000389929
Chain
	Aln	1	+HG003_pb_pass1_read307_start614000 7 19997 20000 -edge_1_0_+disjointig_1_0_999999 614006 633996 999999 -1 -1 19990 0.000440132
Chain
	Aln	0	-HG003_pb_pass1_read307_start614000 2 19992 20000 +edge_1_0_+disjointig_1_0_999999 366002 385992 999999 -1 -1 19990 0.000440132
Chain
	Aln	1	+HG003_pb_pass1_read308_start616000 7 19990 20000 -edge_1_0_+disjointig_1_0_999999 616006 635989 999999 -1 -1 19983 0.00043581
Chain
	Aln	0	-HG003_pb_pass1_read308_start616000 9 19992 20000 +edge_1_0_+disjointig_1_0_999999 364009 383992 999999 -1 -1 19983 0.00043581
Chain
	Aln	1	+HG003_pb_pass1_read309_start618000 9 19996 20000 -edge_1_0_+disjointig_1_0_999999 618008 637995 999999 -1 -1 19987 7.43046e-05
Chain
	Aln	0	-HG003_pb_pass1_read309_start618000 3 19990 20000 +edge_1_0_+disjointig_1_0_999999 362003 381990 999999 -1 -1 19987 7.43046e-05
Chain
	Aln	1	+HG003_pb_pass1_read310_start620000 3 19998 20000 -edge_1_0_+disjointig_1_0_999999 620002 639997 999999 -1 -1 19995 6.54936e-05
Chain
	Aln	0	-HG003_pb_pass1_read310_start620000 1 19996 20000 +edge_1_0_+disjointig_1_0_999999 360001 379996 999999 -1 -1 19995 6.54936e-05
Chain
	Aln	1	+HG003_pb_pass1_read311_start622000 2 19998 20000 -edge_1_0_+disjointig_1_0_999999 622001 641997 999999 -1 -1 19996 0
Chain
	Aln	0	-HG003_pb_pass1_read311_start622000 1 19997 20000 +edge_1_0_+disjointig_1_0_999999 358001 377997 999999 -1 -1 19996 0
Chain
	Aln	1	+HG003_pb_pass1_read312_start624000 6 19994 20000 -edge_1_0_+disjointig_1_0_999999 624005 643993 999999 -1 -1 19988 0
Chain
	Aln	0	-HG003_pb_pass1_read312_start624000 5 19993 20000 +edge_1_0_+disjointig_1_0_999999 356005 375993 999999 -1 -1 19988 0
Chain
	Aln	1	+HG003_pb_pass1_read313_start626000 8 19997 20000 -edge_1_0_+disjointig_1_0_999999 626007 645996 999999 -1 -1 19989 0
Chain
	Aln	0	-HG003_pb_pass1_read313_start626000 2 19991 20000 +edge_1_0_+disjointig_1_0_999999 354002 373991 999999 -1 -1 19989 0
Chain
	Aln	1	+HG003_pb_pass1_read314_start628000 8 19992 20000 -edge_1_0_+disjointig_1_0_999999 628007 647991 999999 -1 -1 19984 0
Chain
	Aln	0	-HG003_pb_pass1_read314_start628000 7 19991 20000 +edge_1_0_+disjointig_1_0_999999 352007 371991 999999 -1 -1 19984 0
Chain
	Aln	1	+HG003_pb_pass1_read315_start630000 6 19995 20000 -edge_1_0_+disjointig_1_0_999999 630005 649994 999999 -1 -1 19989 0
Chain
	Aln	0	-HG003_pb_pass1_read315_start630000 4 19993 20000 +edge_1_0_+disjointig_1_0_999999 350004 369993 999999 -1 -1 19989 0
Chain
	Aln	1	+HG003_pb_pass1_read316_start632000 6 19995 20000 -edge_1_0_+disjointig_1_0_999999 632005 651994 999999 -1 -1 19989 0
Chain
	Aln	0	-HG003_pb_pass1_read316_start632000 4 19993 20000 +edge_1_0_+disjointig_1_0_999999 348004 367993 999999 -1 -1 19989 0
Chain
	Aln	1	+HG003_pb_pass1_read317_start634000 9 19995 20000 -edge_1_0_+disjointig_1_0_999999 634008 653994 999999 -1 -1 19986 0
Chain
	Aln	0	-HG003_pb_pass1_read317_start634000 4 19990 20000 +edge_1_0_+disjointig_1_0_999999 346004 365990 999999 -1 -1 19986 0
Chain
	Aln	1	+HG003_pb_pass1_read318_start636000 8 19997 20000 -edge_1_0_+disjointig_1_0_999999 636007 655996 999999 -1 -1 19989 0
Chain
	Aln	0	-HG003_pb_pass1_read318_start636000 2 19991 20000 +edge_1_0_+disjointig_1_0_999999 344002 363991 999999 -1 -1 19989 0
Chain
	Aln	1	+HG003_pb_pass1_read319_start638000 6 19997 20000 -edge_1_0_+disjointig_1_0_999999 638005 657996 999999 -1 -1 19991 0
Chain
	Aln	0	-HG003_pb_pass1_read319_start638000 2 19993 20000 +edge_1_0_+disjointig_1_0_999999 342002 361993 999999 -1 -1 19991 0
Chain
	Aln	1	+HG003_pb_pass1_read320_start640000 7 19994 20000 -edge_1_0_+disjointig_1_0_999999 640006 659993 999999 -1 -1 19987 0
Chain
	Aln	0	-HG003_pb_pass1_read320_start640000 5 19992 20000 +edge_1_0_+disjointig_1_0_999999 340005 359992 999999 -1 -1 19987 0
Chain
	Aln	1	+HG003_pb_pass1_read321_start642000 10 19995 20000 -edge_1_0_+disjointig_1_0_999999 642009 661994 999999 -1 -1 19985 0
Chain
	Aln	0	-HG003_pb_pass1_read321_start642000 4 19989 20000 +edge_1_0_+disjointig_1_0_999999 338004 357989 999999 -1 -1 19985 0
Chain
	Aln	1	+HG003_pb_pass1_read322_start644000 16 19996 20000 -edge_1_0_+disjointig_1_0_999999 644015 663995 999999 -1 -1 19980 0
Chain
	Aln	0	-HG003_pb_pass1_read322_start644000 3 19983 20000 +edge_1_0_+disjointig_1_0_999999 336003 355983 999999 -1 -1 19980 0
Chain
	Aln	1	+HG003_pb_pass1_read323_start646000 15 19998 20000 -edge_1_0_+disjointig_1_0_999999 646014 665997 999999 -1 -1 19983 0
Chain
	Aln	0	-HG003_pb_pass1_read323_start646000 1 19984 20000 +edge_1_0_+disjointig_1_0_999999 334001 353984 999999 -1 -1 19983 0
Chain
	Aln	1	+HG003_pb_pass1_read324_start648000 9 19997 20000 -edge_1_0_+disjointig_1_0_999999 648008 667996 999999 -1 -1 19988 0
Chain
	Aln	0	-HG003_pb_pass1_read324_start648000 2 19990 20000 +edge_1_0_+disjointig_1_0_999999 332002 351990 999999 -1 -1 19988 0
Chain
	Aln	1	+HG003_pb_pass1_read325_start650000 7 19997 20000 -edge_1_0_+disjointig_1_0_999999 650006 669996 999999 -1 -1 19990 0
Chain
	Aln	0	-HG003_pb_pass1_read325_start650000 2 19992 20000 +edge_1_0_+disjointig_1_0_999999 330002 349992 999999 -1 -1 19990 0
Chain
	Aln	1	+HG003_pb_pass1_read326_start652000 13 19995 20000 -edge_1_0_+disjointig_1_0_999999 652012 671994 999999 -1 -1 19982 4.34112e-05
Chain
	Aln	0	-HG003_pb_pass1_read326_start652000 4 19986 20000 +edge_1_0_+disjointig_1_0_999999 328004 347986 999999 -1 -1 19982 4.34112e-05
Chain
	Aln	1	+HG003_pb_pass1_read327_start654000 6 19996 20000 -edge_1_0_+disjointig_1_0_999999 654005 673995 999999 -1 -1 19990 0.000358803
Chain
	Aln	0	-HG003_pb_pass1_read327_start654000 3 19993 20000 +edge_1_0_+disjointig_1_0_999999 326003 345993 999999 -1 -1 19990 0.000358803
Chain
	Aln	1	+HG003_pb_pass1_read328_start656000 7 19992 20000 -edge_1_0_+disjointig_1_0_999999 656006 675991 999999 -1 -1 19985 0.000246645
Chain
	Aln	0	-HG003_pb_pass1_read328_start656000 7 19992 20000 +edge_1_0_+disjointig_1_0_999999 324007 343992 999999 -1 -1 19985 0.000246645
Chain
	Aln	1	+HG003_pb_pass1_read329_start658000 3 19998 20000 -edge_1_0_+disjointig_1_0_999999 658002 677997 999999 -1 -1 19995 0.000292303
Chain
	Aln	0	-HG003_pb_pass1_read329_start658000 1 19996 20000 +edge_1_0_+disjointig_1_0_999999 322001 341996 999999 -1 -1 19995 0.000292303
Chain
	Aln	1	+HG003_pb_pass1_read330_start660000 9 19990 20000 -edge_1_0_+disjointig_1_0_999999 660008 679989 999999 -1 -1 19981 0.000495077
Chain
	Aln	0	-HG003_pb_pass1_read330_start660000 9 19990 20000 +edge_1_0_+disjointig_1_0_999999 320009 339990 999999 -1 -1 19981 0.000495077
Chain
	Aln	1	+HG003_pb_pass1_read331_start662000 8 19994 20000 -edge_1_0_+disjointig_1_0_999999 662007 681993 999999 -1 -1 19986 0.000217142
Chain
	Aln	0	-HG003_pb_pass1_read331_start662000 5 19991 20000 +edge_1_0_+disjointig_1_0_999999 318005 337991 999999 -1 -1 19986 0.000217142
Chain
	Aln	1	+HG003_pb_pass1_read332_start664000 7 19989 20000 -edge_1_0_+disjointig_1_0_999999 664006 683988 999999 -1 -1 19982 0.000156741
Chain
	Aln	0	-HG003_pb_pass1_read332_start664000 10 19992 20000 +edge_1_0_+disjointig_1_0_999999 316010 335992 999999 -1 -1 19982 0.000156741
Chain
	Aln	1	+HG003_pb_pass1_read333_start666000 14 19995 20000 -edge_1_0_+disjointig_1_0_999999 666013 685994 999999 -1 -1 19981 5.66392e-05
Chain
	Aln	0	-HG003_pb_pass1_read333_start666000 4 19985 20000 +edge_1_0_+disjointig_1_0_999999 314004 333985 999999 -1 -1 19981 5.66392e-05
Chain
	Aln	1	+HG003_pb_pass1_read334_start668000 11 19996 20000 -edge_1_0_+disjointig_1_0_999999 668010 687995 999999 -1 -1 19985 0.000230421
Chain
	Aln	0	-HG003_pb_pass1_read334_start668000 3 19988 20000 +edge_1_0_+disjointig_1_0_999999 312003 331988 999999 -1 -1 19985 0.000230421
Chain
	Aln	1	+HG003_pb_pass1_read335_start670000 12 19989 20000 -edge_1_0_+disjointig_1_0_999999 670011 689988 999999 -1 -1 19977 0.000142017
Chain
	Aln	0	-HG003_pb_pass1_read335_start670000 10 19987 20000 +edge_1_0_+disjointig_1_0_999999 310010 329987 999999 -1 -1 19977 0.000142017
Chain
	Aln	1	+HG003_pb_pass1_read336_start672000 14 19997 20000 -edge_1_0_+disjointig_1_0_999999 672013 691996 999999 -1 -1 19983 0
Chain
	Aln	0	-HG003_pb_pass1_read336_start672000 2 19985 20000 +edge_1_0_+disjointig_1_0_999999 308002 327985 999999 -1 -1 19983 0
Chain
	Aln	1	+HG003_pb_pass1_read337_start674000 4 19997 20000 -edge_1_0_+disjointig_1_0_999999 674003 693996 999999 -1 -1 19993 0
Chain
	Aln	0	-HG003_pb_pass1_read337_start674000 2 19995 20000 +edge_1_0_+disjointig_1_0_999999 306002 325995 999999 -1 -1 19993 0
Chain
	Aln	1	+HG003_pb_pass1_read338_start676000 3 19997 20000 -edge_1_0_+disjointig_1_0_999999 676002 695996 999999 -1 -1 19994 0
Chain
	Aln	0	-HG003_pb_pass1_read338_start676000 2 19996 20000 +edge_1_0_+disjointig_1_0_999999 304002 323996 999999 -1 -1 19994 0
Chain
	Aln	1	+HG003_pb_pass1_read339_start678000 4 19990 20000 -edge_1_0_+disjointig_1_0_999999 678003 697989 999999 -1 -1 19986 0
Chain
	Aln	0	-HG003_pb_pass1_read339_start678000 9 19995 20000 +edge_1_0_+disjointig_1_0_999999 302009 321995 999999 -1 -1 19986 0
Chain
	Aln	1	+HG003_pb_pass1_read340_start680000 10 19993 20000 -edge_1_0_+disjointig_1_0_999999 680009 699992 999999 -1 -1 19983 0
Chain
	Aln	0	-HG003_pb_pass1_read340_start680000 6 19989 20000 +edge_1_0_+disjointig_1_0_999999 300006 319989 999999 -1 -1 19983 0
Chain
	Aln	1	+HG003_pb_pass1_read341_start682000 9 19996 20000 -edge_1_0_+disjointig_1_0_999999 682008 701995 999999 -1 -1 19987 0
Chain
	Aln	0	-HG003_pb_pass1_read341_start682000 3 19990 20000 +edge_1_0_+disjointig_1_0_999999 298003 317990 999999 -1 -1 19987 0
Chain
	Aln	1	+HG003_pb_pass1_read342_start684000 5 19996 20000 -edge_1_0_+disjointig_1_0_999999 684004 703995 999999 -1 -1 19991 0.000150824
Chain
	Aln	0	-HG003_pb_pass1_read342_start684000 3 19994 20000 +edge_1_0_+disjointig_1_0_999999 296003 315994 999999 -1 -1 19991 0.000150824
Chain
	Aln	1	+HG003_pb_pass1_read343_start686000 17 19997 20000 -edge_1_0_+disjointig_1_0_999999 686016 705996 999999 -1 -1 19980 0.000150852
Chain
	Aln	0	-HG003_pb_pass1_read343_start686000 2 19982 20000 +edge_1_0_+disjointig_1_0_999999 294002 313982 999999 -1 -1 19980 0.000150852
Chain
	Aln	1	+HG003_pb_pass1_read344_start688000 9 19996 20000 -edge_1_0_+disjointig_1_0_999999 688008 707995 999999 -1 -1 19987 0.000122861
Chain
	Aln	0	-HG003_pb_pass1_read344_start688000 3 19990 20000 +edge_1_0_+disjointig_1_0_999999 292003 311990 999999 -1 -1 19987 0.000122861
Chain
	Aln	1	+HG003_pb_pass1_read345_start690000 12 19991 20000 -edge_1_0_+disjointig_1_0_999999 690011 709990 999999 -1 -1 19979 0.000115506
Chain
	Aln	0	-HG003_pb_pass1_read345_start690000 8 19987 20000 +edge_1_0_+disjointig_1_0_999999 290008 309987 999999 -1 -1 19979 0.000115506
Chain
	Aln	1	+HG003_pb_pass1_read346_start692000 6 19995 20000 -edge_1_0_+disjointig_1_0_999999 692005 711994 999999 -1 -1 19989 0.000144934
Chain
	Aln	0	-HG003_pb_pass1_read346_start692000 4 19993 20000 +edge_1_0_+disjointig_1_0_999999 288004 307993 999999 -1 -1 19989 0.000144934
Chain
	Aln	1	+HG003_pb_pass1_read347_start694000 12 19997 20000 -edge_1_0_+disjointig_1_0_999999 694011 713996 999999 -1 -1 19985 0.000133167
Chain
	Aln	0	-HG003_pb_pass1_read347_start694000 2 19987 20000 +edge_1_0_+disjointig_1_0_999999 286002 305987 999999 -1 -1 19985 0.000133167
Chain
	Aln	1	+HG003_pb_pass1_read348_start696000 2 19998 20000 -edge_1_0_+disjointig_1_0_999999 696001 715997 999999 -1 -1 19996 0.000279016
Chain
	Aln	0	-HG003_pb_pass1_read348_start696000 1 19997 20000 +edge_1_0_+disjointig_1_0_999999 284001 303997 999999 -1 -1 19996 0.000279016
Chain
	Aln	1	+HG003_pb_pass1_read349_start698000 15 19993 20000 -edge_1_0_+disjointig_1_0_999999 698014 717992 999999 -1 -1 19978 0.000339738
Chain
	Aln	0	-HG003_pb_pass1_read349_start698000 6 19984 20000 +edge_1_0_+disjointig_1_0_999999 282006 301984 999999 -1 -1 19978 0.000339738
Chain
	Aln	1	+HG003_pb_pass1_read350_start700000 6 19996 20000 -edge_1_0_+disjointig_1_0_999999 700005 719995 999999 -1 -1 19990 9.93086e-05
Chain
	Aln	0	-HG003_pb_pass1_read350_start700000 3 19993 20000 +edge_1_0_+disjointig_1_0_999999 280003 299993 999999 -1 -1 19990 9.93086e-05
Chain
	Aln	1	+HG003_pb_pass1_read351_start702000 8 19998 20000 -edge_1_0_+disjointig_1_0_999999 702007 721997 999999 -1 -1 19990 8.31283e-05
Chain
	Aln	0	-HG003_pb_pass1_read351_start702000 1 19991 20000 +edge_1_0_+disjointig_1_0_999999 278001 297991 999999 -1 -1 19990 8.31283e-05
Chain
	Aln	1	+HG003_pb_pass1_read352_start704000 11 19997 20000 -edge_1_0_+disjointig_1_0_999999 704010 723996 999999 -1 -1 19986 0.000314536
Chain
	Aln	0	-HG003_pb_pass1_read352_start704000 2 19988 20000 +edge_1_0_+disjointig_1_0_999999 276002 295988 999999 -1 -1 19986 0.000314536
Chain
	Aln	1	+HG003_pb_pass1_read353_start706000 9 19996 20000 -edge_1_0_+disjointig_1_0_999999 706008 725995 999999 -1 -1 19987 0.000349972
Chain
	Aln	0	-HG003_pb_pass1_read353_start706000 3 19990 20000 +edge_1_0_+disjointig_1_0_999999 274003 293990 999999 -1 -1 19987 0.000349972
Chain
	Aln	1	+HG003_pb_pass1_read354_start708000 8 19992 20000 -edge_1_0_+disjointig_1_0_999999 708007 727991 999999 -1 -1 19984 0.000308649
Chain
	Aln	0	-HG003_pb_pass1_read354_start708000 7 19991 20000 +edge_1_0_+disjointig_1_0_999999 272007 291991 999999 -1 -1 19984 0.000308649
Chain
	Aln	1	+HG003_pb_pass1_read355_start710000 7 19996 20000 -edge_1_0_+disjointig_1_0_999999 710006 729995 999999 -1 -1 19989 0.000209757
Chain
	Aln	0	-HG003_pb_pass1_read355_start710000 3 19992 20000 +edge_1_0_+disjointig_1_0_999999 270003 289992 999999 -1 -1 19989 0.000209757
Chain
	Aln	1	+HG003_pb_pass1_read356_start712000 2 19996 20000 -edge_1_0_+disjointig_1_0_999999 712001 731995 999999 -1 -1 19994 0.000419353
Chain
	Aln	0	-HG003_pb_pass1_read356_start712000 3 19997 20000 +edge_1_0_+disjointig_1_0_999999 268003 287997 999999 -1 -1 19994 0.000419353
Chain
	Aln	1	+HG003_pb_pass1_read357_start714000 10 19993 20000 -edge_1_0_+disjointig_1_0_999999 714009 733992 999999 -1 -1 19983 0.000419527
Chain
	Aln	0	-HG003_pb_pass1_read357_start714000 6 19989 20000 +edge_1_0_+disjointig_1_0_999999 266006 285989 999999 -1 -1 19983 0.000419527
Chain
	Aln	1	+HG003_pb_pass1_read358_start716000 10 19995 20000 -edge_1_0_+disjointig_1_0_999999 716009 735994 999999 -1 -1 19985 0.000457975
Chain
	Aln	0	-HG003_pb_pass1_read358_start716000 4 19989 20000 +edge_1_0_+disjointig_1_0_999999 264004 283989 999999 -1 -1 19985 0.000457975
Chain
	Aln	1	+HG003_pb_pass1_read359_start718000 9 19995 20000 -edge_1_0_+disjointig_1_0_999999 718008 737994 999999 -1 -1 19986 0.000265817
Chain
	Aln	0	-HG003_pb_pass1_read359_start718000 4 19990 20000 +edge_1_0_+disjointig_1_0_999999 262004 281990 999999 -1 -1 19986 0.000265817
Chain
	Aln	1	+HG003_pb_pass1_read360_start720000 11 19991 20000 -edge_1_0_+disjointig_1_0_999999 720010 739990 999999 -1 -1 19980 0.000264386
Chain
	Aln	0	-HG003_pb_pass1_read360_start720000 8 19988 20000 +edge_1_0_+disjointig_1_0_999999 260008 279988 999999 -1 -1 19980 0.000264386
Chain
	Aln	1	+HG003_pb_pass1_read361_start722000 6 19993 20000 -edge_1_0_+disjointig_1_0_999999 722005 741992 999999 -1 -1 19987 0.000366233
Chain
	Aln	0	-HG003_pb_pass1_read361_start722000 6 19993 20000 +edge_1_0_+disjointig_1_0_999999 258006 277993 999999 -1 -1 19987 0.000366233
Chain
	Aln	1	+HG003_pb_pass1_read362_start724000 11 19995 20000 -edge_1_0_+disjointig_1_0_999999 724010 743994 999999 -1 -1 19984 0.000438754
Chain
	Aln	0	-HG003_pb_pass1_read362_start724000 4 19988 20000 +edge_1_0_+disjointig_1_0_999999 256004 275988 999999 -1 -1 19984 0.000438754
Chain
	Aln	1	+HG003_pb_pass1_read363_start726000 6 19992 20000 -edge_1_0_+disjointig_1_0_999999 726005 745991 999999 -1 -1 19986 0.00057503
Chain
	Aln	0	-HG003_pb_pass1_read363_start726000 7 19993 20000 +edge_1_0_+disjointig_1_0_999999 254007 273993 999999 -1 -1 19986 0.00057503
Chain
	Aln	1	+HG003_pb_pass1_read364_start728000 6 19990 20000 -edge_1_0_+disjointig_1_0_999999 728005 747989 999999 -1 -1 19984 0.000487615
Chain
	Aln	0	-HG003_pb_pass1_read364_start728000 9 19993 20000 +edge_1_0_+disjointig_1_0_999999 252009 271993 999999 -1 -1 19984 0.000487615
Chain
	Aln	1	+HG003_pb_pass1_read365_start730000 9 19995 20000 -edge_1_0_+disjointig_1_0_999999 730008 749994 999999 -1 -1 19986 0.00034703
Chain
	Aln	0	-HG003_pb_pass1_read365_start730000 4 19990 20000 +edge_1_0_+disjointig_1_0_999999 250004 269990 999999 -1 -1 19986 0.00034703
Chain
	Aln	1	+HG003_pb_pass1_read366_start732000 7 19998 20000 -edge_1_0_+disjointig_1_0_999999 732006 751997 999999 -1 -1 19991 0.000134629
Chain
	Aln	0	-HG003_pb_pass1_read366_start732000 1 19992 20000 +edge_1_0_+disjointig_1_0_999999 248001 267992 999999 -1 -1 19991 0.000134629
Chain
	Aln	1	+HG003_pb_pass1_read367_start734000 10 19990 20000 -edge_1_0_+disjointig_1_0_999999 734009 753989 999999 -1 -1 19980 6.98782e-05
Chain
	Aln	0	-HG003_pb_pass1_read367_start734000 9 19989 20000 +edge_1_0_+disjointig_1_0_999999 246009 265989 999999 -1 -1 19980 6.98782e-05
Chain
	Aln	1	+HG003_pb_pass1_read368_start736000 8 19995 20000 -edge_1_0_+disjointig_1_0_999999 736007 755994 999999 -1 -1 19987 0
Chain
	Aln	0	-HG003_pb_pass1_read368_start736000 4 19991 20000 +edge_1_0_+disjointig_1_0_999999 244004 263991 999999 -1 -1 19987 0
Chain
	Aln	1	+HG003_pb_pass1_read369_start738000 7 19995 20000 -edge_1_0_+disjointig_1_0_999999 738006 757994 999999 -1 -1 19988 0.000271702
Chain
	Aln	0	-HG003_pb_pass1_read369_start738000 4 19992 20000 +edge_1_0_+disjointig_1_0_999999 242004 261992 999999 -1 -1 19988 0.000271702
Chain
	Aln	1	+HG003_pb_pass1_read370_start740000 13 19990 20000 -edge_1_0_+disjointig_1_0_999999 740012 759989 999999 -1 -1 19977 0.000401867
Chain
	Aln	0	-HG003_pb_pass1_read370_start740000 9 19986 20000 +edge_1_0_+disjointig_1_0_999999 240009 259986 999999 -1 -1 19977 0.000401867
Chain
	Aln	1	+HG003_pb_pass1_read371_start742000 5 19997 20000 -edge_1_0_+disjointig_1_0_999999 742004 761996 999999 -1 -1 19992 0.000560063
Chain
	Aln	0	-HG003_pb_pass1_read371_start742000 2 19994 20000 +edge_1_0_+disjointig_1_0_999999 238002 257994 999999 -1 -1 19992 0.000560063
Chain
	Aln	1	+HG003_pb_pass1_read372_start744000 13 19997 20000 -edge_1_0_+disjointig_1_0_999999 744012 763996 999999 -1 -1 19984 0.000195039
Chain
	Aln	0	-HG003_pb_pass1_read372_start744000 2 19986 20000 +edge_1_0_+disjointig_1_0_999999 236002 255986 999999 -1 -1 19984 0.000195039
Chain
	Aln	1	+HG003_pb_pass1_read373_start746000 4 19997 20000 -edge_1_0_+disjointig_1_0_999999 746003 765996 999999 -1 -1 19993 0
Chain
	Aln	0	-HG003_pb_pass1_read373_start746000 2 19995 20000 +edge_1_0_+disjointig_1_0_999999 234002 253995 999999 -1 -1 19993 0
Chain
	Aln	1	+HG003_pb_pass1_read374_start748000 7 19996 20000 -edge_1_0_+disjointig_1_0_999999 748006 767995 999999 -1 -1 19989 0.000144934
Chain
	Aln	0	-HG003_pb_pass1_read374_start748000 3 19992 20000 +edge_1_0_+disjointig_1_0_999999 232003 251992 999999 -1 -1 19989 0.000144934
Chain
	Aln	1	+HG003_pb_pass1_read375_start750000 9 19995 20000 -edge_1_0_+disjointig_1_0_999999 750008 769994 999999 -1 -1 19986 0.000428361
Chain
	Aln	0	-HG003_pb_pass1_read375_start750000 4 19990 20000 +edge_1_0_+disjointig_1_0_999999 230004 249990 999999 -1 -1 19986 0.000428361
Chain
	Aln	1	+HG003_pb_pass1_read376_start752000 14 19997 20000 -edge_1_0_+disjointig_1_0_999999 752013 771996 999999 -1 -1 19983 0.00032195
Chain
	Aln	0	-HG003_pb_pass1_read376_start752000 2 19985 20000 +edge_1_0_+disjointig_1_0_999999 228002 247985 999999 -1 -1 19983 0.00032195
Chain
	Aln	1	+HG003_pb_pass1_read377_start754000 4 19997 20000 -edge_1_0_+disjointig_1_0_999999 754003 773996 999999 -1 -1 19993 0.000367633
Chain
	Aln	0	-HG003_pb_pass1_read377_start754000 2 19995 20000 +edge_1_0_+disjointig_1_0_999999 226002 245995 999999 -1 -1 19993 0.000367633
Chain
	Aln	1	+HG003_pb_pass1_read378_start756000 13 19997 20000 -edge_1_0_+disjointig_1_0_999999 756012 775996 999999 -1 -1 19984 0.000243698
Chain
	Aln	0	-HG003_pb_pass1_read378_start756000 2 19986 20000 +edge_1_0_+disjointig_1_0_999999 224002 243986 999999 -1 -1 19984 0.000243698
Chain
	Aln	1	+HG003_pb_pass1_read379_start758000 6 19995 20000 -edge_1_0_+disjointig_1_0_999999 758005 777994 999999 -1 -1 19989 0.000193544
Chain
	Aln	0	-HG003_pb_pass1_read379_start758000 4 19993 20000 +edge_1_0_+disjointig_1_0_999999 222004 241993 999999 -1 -1 19989 0.000193544
Chain
	Aln	1	+HG003_pb_pass1_read380_start760000 13 19998 20000 -edge_1_0_+disjointig_1_0_999999 760012 779997 999999 -1 -1 19985 0.000133167
Chain
	Aln	0	-HG003_pb_pass1_read380_start760000 1 19986 20000 +edge_1_0_+disjointig_1_0_999999 220001 239986 999999 -1 -1 19985 0.000133167
Chain
	Aln	1	+HG003_pb_pass1_read381_start762000 10 19997 20000 -edge_1_0_+disjointig_1_0_999999 762009 781996 999999 -1 -1 19987 5.81244e-05
Chain
	Aln	0	-HG003_pb_pass1_read381_start762000 2 19989 20000 +edge_1_0_+disjointig_1_0_999999 218002 237989 999999 -1 -1 19987 5.81244e-05
Chain
	Aln	1	+HG003_pb_pass1_read382_start764000 11 19995 20000 -edge_1_0_+disjointig_1_0_999999 764010 783994 999999 -1 -1 19984 3.31238e-05
Chain
	Aln	0	-HG003_pb_pass1_read382_start764000 4 19988 20000 +edge_1_0_+disjointig_1_0_999999 216004 235988 999999 -1 -1 19984 3.31238e-05
Chain
	Aln	1	+HG003_pb_pass1_read383_start766000 13 19998 20000 -edge_1_0_+disjointig_1_0_999999 766012 785997 999999 -1 -1 19985 0.000181772
Chain
	Aln	0	-HG003_pb_pass1_read383_start766000 1 19986 20000 +edge_1_0_+disjointig_1_0_999999 214001 233986 999999 -1 -1 19985 0.000181772
Chain
	Aln	1	+HG003_pb_pass1_read384_start768000 8 19996 20000 -edge_1_0_+disjointig_1_0_999999 768007 787995 999999 -1 -1 19988 0.000369173
Chain
	Aln	0	-HG003_pb_pass1_read384_start768000 3 19991 20000 +edge_1_0_+disjointig_1_0_999999 212003 231991 999999 -1 -1 19988 0.000369173
Chain
	Aln	1	+HG003_pb_pass1_read385_start770000 5 19998 20000 -edge_1_0_+disjointig_1_0_999999 770004 789997 999999 -1 -1 19993 0.000140513
Chain
	Aln	0	-HG003_pb_pass1_read385_start770000 1 19994 20000 +edge_1_0_+disjointig_1_0_999999 210001 229994 999999 -1 -1 19993 0.000140513
Chain
	Aln	1	+HG003_pb_pass1_read386_start772000 6 19994 20000 -edge_1_0_+disjointig_1_0_999999 772005 791993 999999 -1 -1 19988 0.000158195
Chain
	Aln	0	-HG003_pb_pass1_read386_start772000 5 19993 20000 +edge_1_0_+disjointig_1_0_999999 208005 227993 999999 -1 -1 19988 0.000158195
Chain
	Aln	1	+HG003_pb_pass1_read387_start774000 2 19995 20000 -edge_1_0_+disjointig_1_0_999999 774001 793994 999999 -1 -1 19993 0.000221522
Chain
	Aln	0	-HG003_pb_pass1_read387_start774000 4 19997 20000 +edge_1_0_+disjointig_1_0_999999 206004 225997 999999 -1 -1 19993 0.000221522
Chain
	Aln	1	+HG003_pb_pass1_read388_start776000 9 19998 20000 -edge_1_0_+disjointig_1_0_999999 776008 795997 999999 -1 -1 19989 0.000274647
Chain
	Aln	0	-HG003_pb_pass1_read388_start776000 1 19990 20000 +edge_1_0_+disjointig_1_0_999999 204001 223990 999999 -1 -1 19989 0.000274647
Chain
	Aln	1	+HG003_pb_pass1_read389_start778000 3 19993 20000 -edge_1_0_+disjointig_1_0_999999 778002 797992 999999 -1 -1 19990 0.000245137
Chain
	Aln	0	-HG003_pb_pass1_read389_start778000 6 19996 20000 +edge_1_0_+disjointig_1_0_999999 202006 221996 999999 -1 -1 19990 0.000245137
Chain
	Aln	1	+HG003_pb_pass1_read390_start780000 9 19994 20000 -edge_1_0_+disjointig_1_0_999999 780008 799993 999999 -1 -1 19985 0.000262878
Chain
	Aln	0	-HG003_pb_pass1_read390_start780000 5 19990 20000 +edge_1_0_+disjointig_1_0_999999 200005 219990 999999 -1 -1 19985 0.000262878
Chain
	Aln	1	+HG003_pb_pass1_read391_start782000 3 19997 20000 -edge_1_0_+disjointig_1_0_999999 782002 801996 999999 -1 -1 19994 0.000419353
Chain
	Aln	0	-HG003_pb_pass1_read391_start782000 2 19996 20000 +edge_1_0_+disjointig_1_0_999999 198002 217996 999999 -1 -1 19994 0.000419353
Chain
	Aln	1	+HG003_pb_pass1_read392_start784000 13 19998 20000 -edge_1_0_+disjointig_1_0_999999 784012 803997 999999 -1 -1 19985 0.000376601
Chain
	Aln	0	-HG003_pb_pass1_read392_start784000 1 19986 20000 +edge_1_0_+disjointig_1_0_999999 196001 215986 999999 -1 -1 19985 0.000376601
Chain
	Aln	1	+HG003_pb_pass1_read393_start786000 6 19996 20000 -edge_1_0_+disjointig_1_0_999999 786005 805995 999999 -1 -1 19990 0.000326309
Chain
	Aln	0	-HG003_pb_pass1_read393_start786000 3 19993 20000 +edge_1_0_+disjointig_1_0_999999 194003 213993 999999 -1 -1 19990 0.000326309
Chain
	Aln	1	+HG003_pb_pass1_read394_start788000 5 19997 20000 -edge_1_0_+disjointig_1_0_999999 788004 807996 999999 -1 -1 19992 4.04962e-05
Chain
	Aln	0	-HG003_pb_pass1_read394_start788000 2 19994 20000 +edge_1_0_+disjointig_1_0_999999 192002 211994 999999 -1 -1 19992 4.04962e-05
Chain
	Aln	1	+HG003_pb_pass1_read395_start790000 2 19995 20000 -edge_1_0_+disjointig_1_0_999999 790001 809994 999999 -1 -1 19993 0.000140513
Chain
	Aln	0	-HG003_pb_pass1_read395_start790000 4 19997 20000 +edge_1_0_+disjointig_1_0_999999 190004 209997 999999 -1 -1 19993 0.000140513
Chain
	Aln	1	+HG003_pb_pass1_read396_start792000 2 19990 20000 -edge_1_0_+disjointig_1_0_999999 792001 811989 999999 -1 -1 19988 0
Chain
	Aln	0	-HG003_pb_pass1_read396_start792000 9 19997 20000 +edge_1_0_+disjointig_1_0_999999 188009 207997 999999 -1 -1 19988 0
Chain
	Aln	1	+HG003_pb_pass1_read397_start794000 4 19998 20000 -edge_1_0_+disjointig_1_0_999999 794003 813997 999999 -1 -1 19994 9.48982e-05
Chain
	Aln	0	-HG003_pb_pass1_read397_start794000 1 19995 20000 +edge_1_0_+disjointig_1_0_999999 186001 205995 999999 -1 -1 19994 9.48982e-05
Chain
	Aln	1	+HG003_pb_pass1_read398_start796000 3 19995 20000 -edge_1_0_+disjointig_1_0_999999 796002 815994 999999 -1 -1 19992 0
Chain
	Aln	0	-HG003_pb_pass1_read398_start796000 4 19996 20000 +edge_1_0_+disjointig_1_0_999999 184004 203996 999999 -1 -1 19992 0
Chain
	Aln	1	+HG003_pb_pass1_read399_start798000 5 19994 20000 -edge_1_0_+disjointig_1_0_999999 798004 817993 999999 -1 -1 19989 0
Chain
	Aln	0	-HG003_pb_pass1_read399_start798000 5 19994 20000 +edge_1_0_+disjointig_1_0_999999 182005 201994 999999 -1 -1 19989 0
Chain
	Aln	1	+HG003_pb_pass1_read400_start800000 2 19998 20000 -edge_1_0_+disjointig_1_0_999999 800001 819997 999999 -1 -1 19996 3.80055e-06
Chain
	Aln	0	-HG003_pb_pass1_read400_start800000 1 19997 20000 +edge_1_0_+disjointig_1_0_999999 180001 199997 999999 -1 -1 19996 3.80055e-06
Chain
	Aln	1	+HG003_pb_pass1_read401_start802000 0 19994 20000 -edge_1_0_+disjointig_1_0_999999 801999 821993 999999 -1 -1 19994 0
Chain
	Aln	0	-HG003_pb_pass1_read401_start802000 5 19999 20000 +edge_1_0_+disjointig_1_0_999999 178005 197999 999999 -1 -1 19994 0
Chain
	Aln	1	+HG003_pb_pass1_read402_start804000 3 19991 20000 -edge_1_0_+disjointig_1_0_999999 804002 823990 999999 -1 -1 19988 0
Chain
	Aln	0	-HG003_pb_pass1_read402_start804000 8 19996 20000 +edge_1_0_+disjointig_1_0_999999 176008 195996 999999 -1 -1 19988 0
Chain
	Aln	1	+HG003_pb_pass1_read403_start806000 0 19995 20000 -edge_1_0_+disjointig_1_0_999999 805999 825994 999999 -1 -1 19995 0
Chain
	Aln	0	-HG003_pb_pass1_read403_start806000 4 19999 20000 +edge_1_0_+disjointig_1_0_999999 174004 193999 999999 -1 -1 19995 0
Chain
	Aln	1	+HG003_pb_pass1_read404_start808000 5 19997 20000 -edge_1_0_+disjointig_1_0_999999 808004 827996 999999 -1 -1 19992 0
Chain
	Aln	0	-HG003_pb_pass1_read404_start808000 2 19994 20000 +edge_1_0_+disjointig_1_0_999999 172002 191994 999999 -1 -1 19992 0
Chain
	Aln	1	+HG003_pb_pass1_read405_start810000 5 19997 20000 -edge_1_0_+disjointig_1_0_999999 810004 829996 999999 -1 -1 19992 0
Chain
	Aln	0	-HG003_pb_pass1_read405_start810000 2 19994 20000 +edge_1_0_+disjointig_1_0_999999 170002 189994 999999 -1 -1 19992 0
Chain
	Aln	1	+HG003_pb_pass1_read406_start812000 4 19991 20000 -edge_1_0_+disjointig_1_0_999999 812003 831990 999999 -1 -1 19987 0
Chain
	Aln	0	-HG003_pb_pass1_read406_start812000 8 19995 20000 +edge_1_0_+disjointig_1_0_999999 168008 187995 999999 -1 -1 19987 0
Chain
	Aln	1	+HG003_pb_pass1_read407_start814000 6 19996 20000 -edge_1_0_+disjointig_1_0_999999 814005 833995 999999 -1 -1 19990 0
Chain
	Aln	0	-HG003_pb_pass1_read407_start814000 3 19993 20000 +edge_1_0_+disjointig_1_0_999999 166003 185993 999999 -1 -1 19990 0
Chain
	Aln	1	+HG003_pb_pass1_read408_start816000 5 19995 20000 -edge_1_0_+disjointig_1_0_999999 816004 835994 999999 -1 -1 19990 0
Chain
	Aln	0	-HG003_pb_pass1_read408_start816000 4 19994 20000 +edge_1_0_+disjointig_1_0_999999 164004 183994 999999 -1 -1 19990 0
Chain
	Aln	1	+HG003_pb_pass1_read409_start818000 3 19998 20000 -edge_1_0_+disjointig_1_0_999999 818002 837997 999999 -1 -1 19995 0
Chain
	Aln	0	-HG003_pb_pass1_read409_start818000 1 19996 20000 +edge_1_0_+disjointig_1_0_999999 162001 181996 999999 -1 -1 19995 0
Chain
	Aln	1	+HG003_pb_pass1_read410_start820000 3 19991 20000 -edge_1_0_+disjointig_1_0_999999 820002 839990 999999 -1 -1 19988 0
Chain
	Aln	0	-HG003_pb_pass1_read410_start820000 8 19996 20000 +edge_1_0_+disjointig_1_0_999999 160008 179996 999999 -1 -1 19988 0
Chain
	Aln	1	+HG003_pb_pass1_read411_start822000 2 19998 20000 -edge_1_0_+disjointig_1_0_999999 822001 841997 999999 -1 -1 19996 0
Chain
	Aln	0	-HG003_pb_pass1_read411_start822000 1 19997 20000 +edge_1_0_+disjointig_1_0_999999 158001 177997 999999 -1 -1 19996 0
Chain
	Aln	1	+HG003_pb_pass1_read412_start824000 5 19997 20000 -edge_1_0_+disjointig_1_0_999999 824004 843996 999999 -1 -1 19992 0
Chain
	Aln	0	-HG003_pb_pass1_read412_start824000 2 19994 20000 +edge_1_0_+disjointig_1_0_999999 156002 175994 999999 -1 -1 19992 0
Chain
	Aln	1	+HG003_pb_pass1_read413_start826000 0 19996 20000 -edge_1_0_+disjointig_1_0_999999 825999 845995 999999 -1 -1 19996 0
Chain
	Aln	0	-HG003_pb_pass1_read413_start826000 3 19999 20000 +edge_1_0_+disjointig_1_0_999999 154003 173999 999999 -1 -1 19996 0
Chain
	Aln	1	+HG003_pb_pass1_read414_start828000 11 19997 20000 -edge_1_0_+disjointig_1_0_999999 828010 847996 999999 -1 -1 19986 0
Chain
	Aln	0	-HG003_pb_pass1_read414_start828000 2 19988 20000 +edge_1_0_+disjointig_1_0_999999 152002 171988 999999 -1 -1 19986 0
Chain
	Aln	1	+HG003_pb_pass1_read415_start830000 7 19993 20000 -edge_1_0_+disjointig_1_0_999999 830006 849992 999999 -1 -1 19986 0
Chain
	Aln	0	-HG003_pb_pass1_read415_start830000 6 19992 20000 +edge_1_0_+disjointig_1_0_999999 150006 169992 999999 -1 -1 19986 0
Chain
	Aln	1	+HG003_pb_pass1_read416_start832000 15 19995 20000 -edge_1_0_+disjointig_1_0_999999 832014 851994 999999 -1 -1 19980 0
Chain
	Aln	0	-HG003_pb_pass1_read416_start832000 4 19984 20000 +edge_1_0_+disjointig_1_0_999999 148004 167984 999999 -1 -1 19980 0
Chain
	Aln	1	+HG003_pb_pass1_read417_start834000 5 19994 20000 -edge_1_0_+disjointig_1_0_999999 834004 853993 999999 -1 -1 19989 0
Chain
	Aln	0	-HG003_pb_pass1_read417_start834000 5 19994 20000 +edge_1_0_+disjointig_1_0_999999 146005 165994 999999 -1 -1 19989 0
Chain
	Aln	1	+HG003_pb_pass1_read418_start836000 7 19992 20000 -edge_1_0_+disjointig_1_0_999999 836006 855991 999999 -1 -1 19985 0
Chain
	Aln	0	-HG003_pb_pass1_read418_start836000 7 19992 20000 +edge_1_0_+disjointig_1_0_999999 144007 163992 999999 -1 -1 19985 0
Chain
	Aln	1	+HG003_pb_pass1_read419_start838000 4 19992 20000 -edge_1_0_+disjointig_1_0_999999 838003 857991 999999 -1 -1 19988 0
Chain
	Aln	0	-HG003_pb_pass1_read419_start838000 7 19995 20000 +edge_1_0_+disjointig_1_0_999999 142007 161995 999999 -1 -1 19988 0
Chain
	Aln	1	+HG003_pb_pass1_read420_start840000 9 19996 20000 -edge_1_0_+disjointig_1_0_999999 840008 859995 999999 -1 -1 19987 0
Chain
	Aln	0	-HG003_pb_pass1_read420_start840000 3 19990 20000 +edge_1_0_+disjointig_1_0_999999 140003 159990 999999 -1 -1 19987 0
Chain
	Aln	1	+HG003_pb_pass1_read421_start842000 15 19998 20000 -edge_1_0_+disjointig_1_0_999999 842014 861997 999999 -1 -1 19983 0
Chain
	Aln	0	-HG003_pb_pass1_read421_start842000 1 19984 20000 +edge_1_0_+disjointig_1_0_999999 138001 157984 999999 -1 -1 19983 0
Chain
	Aln	1	+HG003_pb_pass1_read422_start844000 13 19996 20000 -edge_1_0_+disjointig_1_0_999999 844012 863995 999999 -1 -1 19983 0
Chain
	Aln	0	-HG003_pb_pass1_read422_start844000 3 19986 20000 +edge_1_0_+disjointig_1_0_999999 136003 155986 999999 -1 -1 19983 0
Chain
	Aln	1	+HG003_pb_pass1_read423_start846000 11 19994 20000 -edge_1_0_+disjointig_1_0_999999 846010 865993 999999 -1 -1 19983 0
Chain
	Aln	0	-HG003_pb_pass1_read423_start846000 5 19988 20000 +edge_1_0_+disjointig_1_0_999999 134005 153988 999999 -1 -1 19983 0
Chain
	Aln	1	+HG003_pb_pass1_read424_start848000 4 19998 20000 -edge_1_0_+disjointig_1_0_999999 848003 867997 999999 -1 -1 19994 0
Chain
	Aln	0	-HG003_pb_pass1_read424_start848000 1 19995 20000 +edge_1_0_+disjointig_1_0_999999 132001 151995 999999 -1 -1 19994 0
Chain
	Aln	1	+HG003_pb_pass1_read425_start850000 9 19994 20000 -edge_1_0_+disjointig_1_0_999999 850008 869993 999999 -1 -1 19985 0
Chain
	Aln	0	-HG003_pb_pass1_read425_start850000 5 19990 20000 +edge_1_0_+disjointig_1_0_999999 130005 149990 999999 -1 -1 19985 0
Chain
	Aln	1	+HG003_pb_pass1_read426_start852000 10 19997 20000 -edge_1_0_+disjointig_1_0_999999 852009 871996 999999 -1 -1 19987 0
Chain
	Aln	0	-HG003_pb_pass1_read426_start852000 2 19989 20000 +edge_1_0_+disjointig_1_0_999999 128002 147989 999999 -1 -1 19987 0
Chain
	Aln	1	+HG003_pb_pass1_read427_start854000 6 19992 20000 -edge_1_0_+disjointig_1_0_999999 854005 873991 999999 -1 -1 19986 0
Chain
	Aln	0	-HG003_pb_pass1_read427_start854000 7 19993 20000 +edge_1_0_+disjointig_1_0_999999 126007 145993 999999 -1 -1 19986 0
Chain
	Aln	1	+HG003_pb_pass1_read428_start856000 6 19997 20000 -edge_1_0_+disjointig_1_0_999999 856005 875996 999999 -1 -1 19991 0
Chain
	Aln	0	-HG003_pb_pass1_read428_start856000 2 19993 20000 +edge_1_0_+disjointig_1_0_999999 124002 143993 999999 -1 -1 19991 0
Chain
	Aln	1	+HG003_pb_pass1_read429_start858000 7 19998 20000 -edge_1_0_+disjointig_1_0_999999 858006 877997 999999 -1 -1 19991 0
Chain
	Aln	0	-HG003_pb_pass1_read429_start858000 1 19992 20000 +edge_1_0_+disjointig_1_0_999999 122001 141992 999999 -1 -1 19991 0
Chain
	Aln	1	+HG003_pb_pass1_read430_start860000 2 19997 20000 -edge_1_0_+disjointig_1_0_999999 860001 879996 999999 -1 -1 19995 0.000178787
Chain
	Aln	0	-HG003_pb_pass1_read430_start860000 2 19997 20000 +edge_1_0_+disjointig_1_0_999999 120002 139997 999999 -1 -1 19995 0.000178787
Chain
	Aln	1	+HG003_pb_pass1_read431_start862000 6 19998 20000 -edge_1_0_+disjointig_1_0_999999 862005 881997 999999 -1 -1 19992 0.000511158
Chain
	Aln	0	-HG003_pb_pass1_read431_start862000 1 19993 20000 +edge_1_0_+disjointig_1_0_999999 118001 137993 999999 -1 -1 19992 0.000511158
Chain
	Aln	1	+HG003_pb_pass1_read432_start864000 7 19993 20000 -edge_1_0_+disjointig_1_0_999999 864006 883992 999999 -1 -1 19986 0.00057503
Chain
	Aln	0	-HG003_pb_pass1_read432_start864000 6 19992 20000 +edge_1_0_+disjointig_1_0_999999 116006 135992 999999 -1 -1 19986 0.00057503
Chain
	Aln	1	+HG003_pb_pass1_read433_start866000 5 19990 20000 -edge_1_0_+disjointig_1_0_999999 866004 885989 999999 -1 -1 19985 0.000572085
Chain
	Aln	0	-HG003_pb_pass1_read433_start866000 9 19994 20000 +edge_1_0_+disjointig_1_0_999999 114009 133994 999999 -1 -1 19985 0.000572085
Chain
	Aln	1	+HG003_pb_pass1_read434_start868000 12 19997 20000 -edge_1_0_+disjointig_1_0_999999 868011 887996 999999 -1 -1 19985 0.000833746
Chain
	Aln	0	-HG003_pb_pass1_read434_start868000 2 19987 20000 +edge_1_0_+disjointig_1_0_999999 112002 131987 999999 -1 -1 19985 0.000833746
Chain
	Aln	1	+HG003_pb_pass1_read435_start870000 2 19991 20000 -edge_1_0_+disjointig_1_0_999999 870001 889990 999999 -1 -1 19989 0.000927523
Chain
	Aln	0	-HG003_pb_pass1_read435_start870000 8 19997 20000 +edge_1_0_+disjointig_1_0_999999 110008 129997 999999 -1 -1 19989 0.000927523
Chain
	Aln	1	+HG003_pb_pass1_read436_start872000 11 19995 20000 -edge_1_0_+disjointig_1_0_999999 872010 891994 999999 -1 -1 19984 0.00101136
Chain
	Aln	0	-HG003_pb_pass1_read436_start872000 4 19988 20000 +edge_1_0_+disjointig_1_0_999999 108004 127988 999999 -1 -1 19984 0.00101136
Chain
	Aln	1	+HG003_pb_pass1_read437_start874000 17 19998 20000 -edge_1_0_+disjointig_1_0_999999 874016 893997 999999 -1 -1 19981 0.000871157
Chain
	Aln	0	-HG003_pb_pass1_read437_start874000 1 19982 20000 +edge_1_0_+disjointig_1_0_999999 106001 125982 999999 -1 -1 19981 0.000871157
Chain
	Aln	1	+HG003_pb_pass1_read438_start876000 11 19996 20000 -edge_1_0_+disjointig_1_0_999999 876010 895995 999999 -1 -1 19985 0.000882936
Chain
	Aln	0	-HG003_pb_pass1_read438_start876000 3 19988 20000 +edge_1_0_+disjointig_1_0_999999 104003 123988 999999 -1 -1 19985 0.000882936
Chain
	Aln	1	+HG003_pb_pass1_read439_start878000 10 19998 20000 -edge_1_0_+disjointig_1_0_999999 878009 897997 999999 -1 -1 19988 0.000580918
Chain
	Aln	0	-HG003_pb_pass1_read439_start878000 1 19989 20000 +edge_1_0_+disjointig_1_0_999999 102001 121989 999999 -1 -1 19988 0.000580918
Chain
	Aln	1	+HG003_pb_pass1_read440_start880000 8 19998 20000 -edge_1_0_+disjointig_1_0_999999 880007 899997 999999 -1 -1 19990 0.000342555
Chain
	Aln	0	-HG003_pb_pass1_read440_start880000 1 19991 20000 +edge_1_0_+disjointig_1_0_999999 100001 119991 999999 -1 -1 19990 0.000342555
Chain
	Aln	1	+HG003_pb_pass1_read441_start882000 9 19995 20000 -edge_1_0_+disjointig_1_0_999999 882008 901994 999999 -1 -1 19986 3.90106e-05
Chain
	Aln	0	-HG003_pb_pass1_read441_start882000 4 19990 20000 +edge_1_0_+disjointig_1_0_999999 98004 117990 999999 -1 -1 19986 3.90106e-05
Chain
	Aln	1	+HG003_pb_pass1_read442_start884000 14 19989 20000 -edge_1_0_+disjointig_1_0_999999 884013 903988 999999 -1 -1 19975 0
Chain
	Aln	0	-HG003_pb_pass1_read442_start884000 10 19985 20000 +edge_1_0_+disjointig_1_0_999999 96010 115985 999999 -1 -1 19975 0
Chain
	Aln	1	+HG003_pb_pass1_read443_start886000 4 19993 20000 -edge_1_0_+disjointig_1_0_999999 886003 905992 999999 -1 -1 19989 0
Chain
	Aln	0	-HG003_pb_pass1_read443_start886000 6 19995 20000 +edge_1_0_+disjointig_1_0_999999 94006 113995 999999 -1 -1 19989 0
Chain
	Aln	1	+HG003_pb_pass1_read444_start888000 18 19998 20000 -edge_1_0_+disjointig_1_0_999999 888017 907997 999999 -1 -1 19980 0
Chain
	Aln	0	-HG003_pb_pass1_read444_start888000 1 19981 20000 +edge_1_0_+disjointig_1_0_999999 92001 111981 999999 -1 -1 19980 0
Chain
	Aln	1	+HG003_pb_pass1_read445_start890000 9 19991 20000 -edge_1_0_+disjointig_1_0_999999 890008 909990 999999 -1 -1 19982 0
Chain
	Aln	0	-HG003_pb_pass1_read445_start890000 8 19990 20000 +edge_1_0_+disjointig_1_0_999999 90008 109990 999999 -1 -1 19982 0
Chain
	Aln	1	+HG003_pb_pass1_read446_start892000 7 19995 20000 -edge_1_0_+disjointig_1_0_999999 892006 911994 999999 -1 -1 19988 0
Chain
	Aln	0	-HG003_pb_pass1_read446_start892000 4 19992 20000 +edge_1_0_+disjointig_1_0_999999 88004 107992 999999 -1 -1 19988 0
Chain
	Aln	1	+HG003_pb_pass1_read448_start896000 15 19996 20000 -edge_1_0_+disjointig_1_0_999999 896014 915995 999999 -1 -1 19981 0
Chain
	Aln	0	-HG003_pb_pass1_read448_start896000 3 19984 20000 +edge_1_0_+disjointig_1_0_999999 84003 103984 999999 -1 -1 19981 0
Chain
	Aln	1	+HG003_pb_pass1_read447_start894000 8 19996 20000 -edge_1_0_+disjointig_1_0_999999 894007 913995 999999 -1 -1 19988 0
Chain
	Aln	0	-HG003_pb_pass1_read447_start894000 3 19991 20000 +edge_1_0_+disjointig_1_0_999999 86003 105991 999999 -1 -1 19988 0
Chain
	Aln	1	+HG003_pb_pass1_read449_start898000 14 19998 20000 -edge_1_0_+disjointig_1_0_999999 898013 917997 999999 -1 -1 19984 3.31238e-05
Chain
	Aln	0	-HG003_pb_pass1_read449_start898000 1 19985 20000 +edge_1_0_+disjointig_1_0_999999 82001 101985 999999 -1 -1 19984 3.31238e-05
Chain
	Aln	1	+HG003_pb_pass1_read451_start902000 7 19996 20000 -edge_1_0_+disjointig_1_0_999999 902006 921995 999999 -1 -1 19989 0.000274647
Chain
	Aln	0	-HG003_pb_pass1_read451_start902000 3 19992 20000 +edge_1_0_+disjointig_1_0_999999 78003 97992 999999 -1 -1 19989 0.000274647
Chain
	Aln	1	+HG003_pb_pass1_read450_start900000 9 19995 20000 -edge_1_0_+disjointig_1_0_999999 900008 919994 999999 -1 -1 19986 0.00016851
Chain
	Aln	0	-HG003_pb_pass1_read450_start900000 4 19990 20000 +edge_1_0_+disjointig_1_0_999999 80004 99990 999999 -1 -1 19986 0.00016851
Chain
	Aln	1	+HG003_pb_pass1_read452_start904000 3 19995 20000 -edge_1_0_+disjointig_1_0_999999 904002 923994 999999 -1 -1 19992 0.00020237
Chain
	Aln	0	-HG003_pb_pass1_read452_start904000 4 19996 20000 +edge_1_0_+disjointig_1_0_999999 76004 95996 999999 -1 -1 19992 0.00020237
Chain
	Aln	1	+HG003_pb_pass1_read453_start906000 4 19998 20000 -edge_1_0_+disjointig_1_0_999999 906003 925997 999999 -1 -1 19994 0.000386829
Chain
	Aln	0	-HG003_pb_pass1_read453_start906000 1 19995 20000 +edge_1_0_+disjointig_1_0_999999 74001 93995 999999 -1 -1 19994 0.000386829
Chain
	Aln	1	+HG003_pb_pass1_read454_start908000 10 19996 20000 -edge_1_0_+disjointig_1_0_999999 908009 927995 999999 -1 -1 19986 0.000363285
Chain
	Aln	0	-HG003_pb_pass1_read454_start908000 3 19989 20000 +edge_1_0_+disjointig_1_0_999999 72003 91989 999999 -1 -1 19986 0.000363285
Chain
	Aln	1	+HG003_pb_pass1_read455_start910000 11 19995 20000 -edge_1_0_+disjointig_1_0_999999 910010 929994 999999 -1 -1 19984 0.000520215
Chain
	Aln	0	-HG003_pb_pass1_read455_start910000 4 19988 20000 +edge_1_0_+disjointig_1_0_999999 70004 89988 999999 -1 -1 19984 0.000520215
Chain
	Aln	1	+HG003_pb_pass1_read456_start912000 6 19997 20000 -edge_1_0_+disjointig_1_0_999999 912005 931996 999999 -1 -1 19991 0.000687729
Chain
	Aln	0	-HG003_pb_pass1_read456_start912000 2 19993 20000 +edge_1_0_+disjointig_1_0_999999 68002 87993 999999 -1 -1 19991 0.000687729
Chain
	Aln	1	+HG003_pb_pass1_read458_start916000 13 19996 20000 -edge_1_0_+disjointig_1_0_999999 916012 935995 999999 -1 -1 19983 0.000582522
Chain
	Aln	0	-HG003_pb_pass1_read458_start916000 3 19986 20000 +edge_1_0_+disjointig_1_0_999999 64003 83986 999999 -1 -1 19983 0.000582522
Chain
	Aln	1	+HG003_pb_pass1_read457_start914000 4 19997 20000 -edge_1_0_+disjointig_1_0_999999 914003 933996 999999 -1 -1 19993 0.000922884
Chain
	Aln	0	-HG003_pb_pass1_read457_start914000 2 19995 20000 +edge_1_0_+disjointig_1_0_999999 66002 85995 999999 -1 -1 19993 0.000922884
Chain
	Aln	1	+HG003_pb_pass1_read459_start918000 9 19995 20000 -edge_1_0_+disjointig_1_0_999999 918008 937994 999999 -1 -1 19986 0.000363285
Chain
	Aln	0	-HG003_pb_pass1_read459_start918000 4 19990 20000 +edge_1_0_+disjointig_1_0_999999 62004 81990 999999 -1 -1 19986 0.000363285
Chain
	Aln	1	+HG003_pb_pass1_read461_start922000 6 19997 20000 -edge_1_0_+disjointig_1_0_999999 922005 941996 999999 -1 -1 19991 0.0008514
Chain
	Aln	0	-HG003_pb_pass1_read461_start922000 2 19993 20000 +edge_1_0_+disjointig_1_0_999999 58002 77993 999999 -1 -1 19991 0.0008514
Chain
	Aln	1	+HG003_pb_pass1_read460_start920000 8 19994 20000 -edge_1_0_+disjointig_1_0_999999 920007 939993 999999 -1 -1 19986 0.000460925
Chain
	Aln	0	-HG003_pb_pass1_read460_start920000 5 19991 20000 +edge_1_0_+disjointig_1_0_999999 60005 79991 999999 -1 -1 19986 0.000460925
Chain
	Aln	1	+HG003_pb_pass1_read462_start924000 3 19995 20000 -edge_1_0_+disjointig_1_0_999999 924002 943994 999999 -1 -1 19992 0.000952768
Chain
	Aln	0	-HG003_pb_pass1_read462_start924000 4 19996 20000 +edge_1_0_+disjointig_1_0_999999 56004 75996 999999 -1 -1 19992 0.000952768
Chain
	Aln	1	+HG003_pb_pass1_read463_start926000 11 19996 20000 -edge_1_0_+disjointig_1_0_999999 926010 945995 999999 -1 -1 19985 0.000555771
Chain
	Aln	0	-HG003_pb_pass1_read463_start926000 3 19988 20000 +edge_1_0_+disjointig_1_0_999999 54003 73988 999999 -1 -1 19985 0.000555771
Chain
	Aln	1	+HG003_pb_pass1_read464_start928000 4 19994 20000 -edge_1_0_+disjointig_1_0_999999 928003 947993 999999 -1 -1 19990 0.000603119
Chain
	Aln	0	-HG003_pb_pass1_read464_start928000 5 19995 20000 +edge_1_0_+disjointig_1_0_999999 52005 71995 999999 -1 -1 19990 0.000603119
Chain
	Aln	1	+HG003_pb_pass1_read465_start930000 10 19991 20000 -edge_1_0_+disjointig_1_0_999999 930009 949990 999999 -1 -1 19981 0.000495077
Chain
	Aln	0	-HG003_pb_pass1_read465_start930000 8 19989 20000 +edge_1_0_+disjointig_1_0_999999 50008 69989 999999 -1 -1 19981 0.000495077
Chain
	Aln	1	+HG003_pb_pass1_read466_start932000 9 19990 20000 -edge_1_0_+disjointig_1_0_999999 932008 951989 999999 -1 -1 19981 0.000283573
Chain
	Aln	0	-HG003_pb_pass1_read466_start932000 9 19990 20000 +edge_1_0_+disjointig_1_0_999999 48009 67990 999999 -1 -1 19981 0.000283573
Chain
	Aln	1	+HG003_pb_pass1_read467_start934000 3 19998 20000 -edge_1_0_+disjointig_1_0_999999 934002 953997 999999 -1 -1 19995 0.000130208
Chain
	Aln	0	-HG003_pb_pass1_read467_start934000 1 19996 20000 +edge_1_0_+disjointig_1_0_999999 46001 65996 999999 -1 -1 19995 0.000130208
Chain
	Aln	1	+HG003_pb_pass1_read468_start936000 9 19996 20000 -edge_1_0_+disjointig_1_0_999999 936008 955995 999999 -1 -1 19987 0
Chain
	Aln	0	-HG003_pb_pass1_read468_start936000 3 19990 20000 +edge_1_0_+disjointig_1_0_999999 44003 63990 999999 -1 -1 19987 0
Chain
	Aln	1	+HG003_pb_pass1_read469_start938000 8 19989 20000 -edge_1_0_+disjointig_1_0_999999 938007 957988 999999 -1 -1 19981 4.04611e-05
Chain
	Aln	0	-HG003_pb_pass1_read469_start938000 10 19991 20000 +edge_1_0_+disjointig_1_0_999999 42010 61991 999999 -1 -1 19981 4.04611e-05
Chain
	Aln	1	+HG003_pb_pass1_read470_start940000 8 19998 20000 -edge_1_0_+disjointig_1_0_999999 940007 959997 999999 -1 -1 19990 5.07823e-05
Chain
	Aln	0	-HG003_pb_pass1_read470_start940000 1 19991 20000 +edge_1_0_+disjointig_1_0_999999 40001 59991 999999 -1 -1 19990 5.07823e-05
Chain
	Aln	1	+HG003_pb_pass1_read471_start942000 4 19995 20000 -edge_1_0_+disjointig_1_0_999999 942003 961994 999999 -1 -1 19991 3.7553e-05
Chain
	Aln	0	-HG003_pb_pass1_read471_start942000 4 19995 20000 +edge_1_0_+disjointig_1_0_999999 38004 57995 999999 -1 -1 19991 3.7553e-05
Chain
	Aln	1	+HG003_pb_pass1_read472_start944000 10 19991 20000 -edge_1_0_+disjointig_1_0_999999 944009 963990 999999 -1 -1 19981 0
Chain
	Aln	0	-HG003_pb_pass1_read472_start944000 8 19989 20000 +edge_1_0_+disjointig_1_0_999999 36008 55989 999999 -1 -1 19981 0
Chain
	Aln	1	+HG003_pb_pass1_read473_start946000 10 19996 20000 -edge_1_0_+disjointig_1_0_999999 946009 965995 999999 -1 -1 19986 0.000330786
Chain
	Aln	0	-HG003_pb_pass1_read473_start946000 3 19989 20000 +edge_1_0_+disjointig_1_0_999999 34003 53989 999999 -1 -1 19986 0.000330786
Chain
	Aln	1	+HG003_pb_pass1_read474_start948000 11 19997 20000 -edge_1_0_+disjointig_1_0_999999 948010 967996 999999 -1 -1 19986 2.28417e-05
Chain
	Aln	0	-HG003_pb_pass1_read474_start948000 2 19988 20000 +edge_1_0_+disjointig_1_0_999999 32002 51988 999999 -1 -1 19986 2.28417e-05
Chain
	Aln	1	+HG003_pb_pass1_read475_start950000 19 19993 20000 -edge_1_0_+disjointig_1_0_999999 950018 969992 999999 -1 -1 19974 0.000100779
Chain
	Aln	0	-HG003_pb_pass1_read475_start950000 6 19980 20000 +edge_1_0_+disjointig_1_0_999999 30006 49980 999999 -1 -1 19974 0.000100779
Chain
	Aln	1	+HG003_pb_pass1_read476_start952000 13 19997 20000 -edge_1_0_+disjointig_1_0_999999 952012 971996 999999 -1 -1 19984 3.31238e-05
Chain
	Aln	0	-HG003_pb_pass1_read476_start952000 2 19986 20000 +edge_1_0_+disjointig_1_0_999999 28002 47986 999999 -1 -1 19984 3.31238e-05
Chain
	Aln	1	+HG003_pb_pass1_read477_start954000 8 19997 20000 -edge_1_0_+disjointig_1_0_999999 954007 973996 999999 -1 -1 19989 3.16731e-05
Chain
	Aln	0	-HG003_pb_pass1_read477_start954000 2 19991 20000 +edge_1_0_+disjointig_1_0_999999 26002 45991 999999 -1 -1 19989 3.16731e-05
Chain
	Aln	1	+HG003_pb_pass1_read478_start956000 13 19992 20000 -edge_1_0_+disjointig_1_0_999999 956012 975991 999999 -1 -1 19979 0.000164104
Chain
	Aln	0	-HG003_pb_pass1_read478_start956000 7 19986 20000 +edge_1_0_+disjointig_1_0_999999 24007 43986 999999 -1 -1 19979 0.000164104
Chain
	Aln	1	+HG003_pb_pass1_read479_start958000 12 19998 20000 -edge_1_0_+disjointig_1_0_999999 958011 977997 999999 -1 -1 19986 0.000265817
Chain
	Aln	0	-HG003_pb_pass1_read479_start958000 1 19987 20000 +edge_1_0_+disjointig_1_0_999999 22001 41987 999999 -1 -1 19986 0.000265817
Chain
	Aln	1	+HG003_pb_pass1_read480_start960000 8 19998 20000 -edge_1_0_+disjointig_1_0_999999 960007 979997 999999 -1 -1 19990 0.000180283
Chain
	Aln	0	-HG003_pb_pass1_read480_start960000 1 19991 20000 +edge_1_0_+disjointig_1_0_999999 20001 39991 999999 -1 -1 19990 0.000180283
Chain
	Aln	1	+HG003_pb_pass1_read481_start962000 9 19996 20000 -edge_1_0_+disjointig_1_0_999999 962008 981995 999999 -1 -1 19987 0.000122861
Chain
	Aln	0	-HG003_pb_pass1_read481_start962000 3 19990 20000 +edge_1_0_+disjointig_1_0_999999 18003 37990 999999 -1 -1 19987 0.000122861
Chain
	Aln	1	+HG003_pb_pass1_read482_start964000 15 19994 20000 -edge_1_0_+disjointig_1_0_999999 964014 983993 999999 -1 -1 19979 0.000293929
Chain
	Aln	0	-HG003_pb_pass1_read482_start964000 5 19984 20000 +edge_1_0_+disjointig_1_0_999999 16005 35984 999999 -1 -1 19979 0.000293929
Chain
	Aln	1	+HG003_pb_pass1_read483_start966000 10 19996 20000 -edge_1_0_+disjointig_1_0_999999 966009 985995 999999 -1 -1 19986 0.000136106
Chain
	Aln	0	-HG003_pb_pass1_read483_start966000 3 19989 20000 +edge_1_0_+disjointig_1_0_999999 14003 33989 999999 -1 -1 19986 0.000136106
Chain
	Aln	1	+HG003_pb_pass1_read484_start968000 6 19998 20000 -edge_1_0_+disjointig_1_0_999999 968005 987997 999999 -1 -1 19992 0.000348439
Chain
	Aln	0	-HG003_pb_pass1_read484_start968000 1 19993 20000 +edge_1_0_+disjointig_1_0_999999 12001 31993 999999 -1 -1 19992 0.000348439
Chain
	Aln	1	+HG003_pb_pass1_read485_start970000 10 19996 20000 -edge_1_0_+disjointig_1_0_999999 970009 989995 999999 -1 -1 19986 0.000233362
Chain
	Aln	0	-HG003_pb_pass1_read485_start970000 3 19989 20000 +edge_1_0_+disjointig_1_0_999999 10003 29989 999999 -1 -1 19986 0.000233362
Chain
	Aln	1	+HG003_pb_pass1_read486_start972000 11 19998 20000 -edge_1_0_+disjointig_1_0_999999 972010 991997 999999 -1 -1 19987 0.000220083
Chain
	Aln	0	-HG003_pb_pass1_read486_start972000 1 19988 20000 +edge_1_0_+disjointig_1_0_999999 8001 27988 999999 -1 -1 19987 0.000220083
Chain
	Aln	1	+HG003_pb_pass1_read487_start974000 9 19989 20000 -edge_1_0_+disjointig_1_0_999999 974008 993988 999999 -1 -1 19980 2.13486e-05
Chain
	Aln	0	-HG003_pb_pass1_read487_start974000 10 19990 20000 +edge_1_0_+disjointig_1_0_999999 6010 25990 999999 -1 -1 19980 2.13486e-05
Chain
	Aln	1	+HG003_pb_pass1_read488_start976000 8 19995 20000 -edge_1_0_+disjointig_1_0_999999 976007 995994 999999 -1 -1 19987 0.000187658
Chain
	Aln	0	-HG003_pb_pass1_read488_start976000 4 19991 20000 +edge_1_0_+disjointig_1_0_999999 4004 23991 999999 -1 -1 19987 0.000187658
Chain
	Aln	1	+HG003_pb_pass1_read489_start978000 9 19989 20000 -edge_1_0_+disjointig_1_0_999999 978008 997988 999999 -1 -1 19980 0
Chain
	Aln	0	-HG003_pb_pass1_read489_start978000 10 19990 20000 +edge_1_0_+disjointig_1_0_999999 2010 21990 999999 -1 -1 19980 0
Chain
	Aln	1	+HG003_pb_pass1_read490_start980000 10 19994 20000 -edge_1_0_+disjointig_1_0_999999 980009 999993 999999 -1 -1 19984 0
Chain
	Aln	0	-HG003_pb_pass1_read490_start980000 5 19989 20000 +edge_1_0_+disjointig_1_0_999999 5 19989 999999 -1 -1 19984 0
Chain
	Aln	1	+HG003_pb_pass2_read491_start500 4 19996 20000 -edge_1_0_+disjointig_1_0_999999 503 20495 999999 -1 -1 19992 0
Chain
	Aln	0	-HG003_pb_pass2_read491_start500 3 19995 20000 +edge_1_0_+disjointig_1_0_999999 979503 999495 999999 -1 -1 19992 0
Chain
	Aln	1	+HG003_pb_pass2_read492_start2500 4 19990 20000 -edge_1_0_+disjointig_1_0_999999 2503 22489 999999 -1 -1 19986 0
Chain
	Aln	0	-HG003_pb_pass2_read492_start2500 9 19995 20000 +edge_1_0_+disjointig_1_0_999999 977509 997495 999999 -1 -1 19986 0
Chain
	Aln	1	+HG003_pb_pass2_read493_start4500 14 19998 20000 -edge_1_0_+disjointig_1_0_999999 4513 24497 999999 -1 -1 19984 0
Chain
	Aln	0	-HG003_pb_pass2_read493_start4500 1 19985 20000 +edge_1_0_+disjointig_1_0_999999 975501 995485 999999 -1 -1 19984 0
Chain
	Aln	1	+HG003_pb_pass2_read494_start6500 5 19995 20000 -edge_1_0_+disjointig_1_0_999999 6504 26494 999999 -1 -1 19990 0
Chain
	Aln	0	-HG003_pb_pass2_read494_start6500 4 19994 20000 +edge_1_0_+disjointig_1_0_999999 973504 993494 999999 -1 -1 19990 0
Chain
	Aln	1	+HG003_pb_pass2_read495_start8500 2 19996 20000 -edge_1_0_+disjointig_1_0_999999 8501 28495 999999 -1 -1 19994 0.00022447
Chain
	Aln	0	-HG003_pb_pass2_read495_start8500 3 19997 20000 +edge_1_0_+disjointig_1_0_999999 971503 991497 999999 -1 -1 19994 0.00022447
Chain
	Aln	1	+HG003_pb_pass2_read496_start10500 6 19997 20000 -edge_1_0_+disjointig_1_0_999999 10505 30496 999999 -1 -1 19991 0
Chain
	Aln	0	-HG003_pb_pass2_read496_start10500 2 19993 20000 +edge_1_0_+disjointig_1_0_999999 969502 989493 999999 -1 -1 19991 0
Chain
	Aln	1	+HG003_pb_pass2_read497_start12500 9 19991 20000 -edge_1_0_+disjointig_1_0_999999 12508 32490 999999 -1 -1 19982 0
Chain
	Aln	0	-HG003_pb_pass2_read497_start12500 8 19990 20000 +edge_1_0_+disjointig_1_0_999999 967508 987490 999999 -1 -1 19982 0
Chain
	Aln	1	+HG003_pb_pass2_read498_start14500 4 19998 20000 -edge_1_0_+disjointig_1_0_999999 14503 34497 999999 -1 -1 19994 0
Chain
	Aln	0	-HG003_pb_pass2_read498_start14500 1 19995 20000 +edge_1_0_+disjointig_1_0_999999 965501 985495 999999 -1 -1 19994 0
Chain
	Aln	1	+HG003_pb_pass2_read499_start16500 10 19993 20000 -edge_1_0_+disjointig_1_0_999999 16509 36492 999999 -1 -1 19983 0
Chain
	Aln	0	-HG003_pb_pass2_read499_start16500 6 19989 20000 +edge_1_0_+disjointig_1_0_999999 963506 983489 999999 -1 -1 19983 0
Chain
	Aln	1	+HG003_pb_pass2_read500_start18500 7 19989 20000 -edge_1_0_+disjointig_1_0_999999 18506 38488 999999 -1 -1 19982 0
Chain
	Aln	0	-HG003_pb_pass2_read500_start18500 10 19992 20000 +edge_1_0_+disjointig_1_0_999999 961510 981492 999999 -1 -1 19982 0
Chain
	Aln	1	+HG003_pb_pass2_read501_start20500 7 19994 20000 -edge_1_0_+disjointig_1_0_999999 20506 40493 999999 -1 -1 19987 2.57856e-05
Chain
	Aln	0	-HG003_pb_pass2_read501_start20500 5 19992 20000 +edge_1_0_+disjointig_1_0_999999 959505 979492 999999 -1 -1 19987 2.57856e-05
Chain
	Aln	1	+HG003_pb_pass2_read502_start22500 10 19997 20000 -edge_1_0_+disjointig_1_0_999999 22509 42496 999999 -1 -1 19987 0
Chain
	Aln	0	-HG003_pb_pass2_read502_start22500 2 19989 20000 +edge_1_0_+disjointig_1_0_999999 957502 977489 999999 -1 -1 19987 0
Chain
	Aln	1	+HG003_pb_pass2_read504_start26500 14 19996 20000 -edge_1_0_+disjointig_1_0_999999 26513 46495 999999 -1 -1 19982 0.00046544
Chain
	Aln	0	-HG003_pb_pass2_read504_start26500 3 19985 20000 +edge_1_0_+disjointig_1_0_999999 953503 973485 999999 -1 -1 19982 0.00046544
Chain
	Aln	1	+HG003_pb_pass2_read503_start24500 13 19989 20000 -edge_1_0_+disjointig_1_0_999999 24512 44488 999999 -1 -1 19976 0.000285095
Chain
	Aln	0	-HG003_pb_pass2_read503_start24500 10 19986 20000 +edge_1_0_+disjointig_1_0_999999 955510 975486 999999 -1 -1 19976 0.000285095
Chain
	Aln	1	+HG003_pb_pass2_read505_start28500 2 19997 20000 -edge_1_0_+disjointig_1_0_999999 28501 48496 999999 -1 -1 19995 0.000194997
Chain
	Aln	0	-HG003_pb_pass2_read505_start28500 2 19997 20000 +edge_1_0_+disjointig_1_0_999999 951502 971497 999999 -1 -1 19995 0.000194997
Chain
	Aln	1	+HG003_pb_pass2_read507_start32500 10 19990 20000 -edge_1_0_+disjointig_1_0_999999 32509 52489 999999 -1 -1 19980 0.000557368
Chain
	Aln	0	-HG003_pb_pass2_read507_start32500 9 19989 20000 +edge_1_0_+disjointig_1_0_999999 947509 967489 999999 -1 -1 19980 0.000557368
Chain
	Aln	1	+HG003_pb_pass2_read509_start36500 5 19996 20000 -edge_1_0_+disjointig_1_0_999999 36504 56495 999999 -1 -1 19991 0.000296768
Chain
	Aln	0	-HG003_pb_pass2_read509_start36500 3 19994 20000 +edge_1_0_+disjointig_1_0_999999 943503 963494 999999 -1 -1 19991 0.000296768
Chain
	Aln	1	+HG003_pb_pass2_read506_start30500 15 19996 20000 -edge_1_0_+disjointig_1_0_999999 30514 50495 999999 -1 -1 19981 0.000397368
Chain
	Aln	0	-HG003_pb_pass2_read506_start30500 3 19984 20000 +edge_1_0_+disjointig_1_0_999999 949503 969484 999999 -1 -1 19981 0.000397368
Chain
	Aln	1	+HG003_pb_pass2_read508_start34500 14 19994 20000 -edge_1_0_+disjointig_1_0_999999 34513 54493 999999 -1 -1 19980 0.000492135
Chain
	Aln	0	-HG003_pb_pass2_read508_start34500 5 19985 20000 +edge_1_0_+disjointig_1_0_999999 945505 965485 999999 -1 -1 19980 0.000492135
Chain
	Aln	1	+HG003_pb_pass2_read510_start38500 15 19991 20000 -edge_1_0_+disjointig_1_0_999999 38514 58490 999999 -1 -1 19976 0.000333847
Chain
	Aln	0	-HG003_pb_pass2_read510_start38500 8 19984 20000 +edge_1_0_+disjointig_1_0_999999 941508 961484 999999 -1 -1 19976 0.000333847
Chain
	Aln	1	+HG003_pb_pass2_read511_start40500 8 19998 20000 -edge_1_0_+disjointig_1_0_999999 40507 60497 999999 -1 -1 19990 9.93086e-05
Chain
	Aln	0	-HG003_pb_pass2_read511_start40500 1 19991 20000 +edge_1_0_+disjointig_1_0_999999 939501 959491 999999 -1 -1 19990 9.93086e-05
Chain
	Aln	1	+HG003_pb_pass2_read514_start46500 10 19997 20000 -edge_1_0_+disjointig_1_0_999999 46509 66496 999999 -1 -1 19987 0
Chain
	Aln	0	-HG003_pb_pass2_read514_start46500 2 19989 20000 +edge_1_0_+disjointig_1_0_999999 933502 953489 999999 -1 -1 19987 0
Chain
	Aln	1	+HG003_pb_pass2_read512_start42500 7 19996 20000 -edge_1_0_+disjointig_1_0_999999 42506 62495 999999 -1 -1 19989 0.000225972
Chain
	Aln	0	-HG003_pb_pass2_read512_start42500 3 19992 20000 +edge_1_0_+disjointig_1_0_999999 937503 957492 999999 -1 -1 19989 0.000225972
Chain
	Aln	1	+HG003_pb_pass2_read515_start48500 5 19998 20000 -edge_1_0_+disjointig_1_0_999999 48504 68497 999999 -1 -1 19993 0
Chain
	Aln	0	-HG003_pb_pass2_read515_start48500 1 19994 20000 +edge_1_0_+disjointig_1_0_999999 931501 951494 999999 -1 -1 19993 0
Chain
	Aln	1	+HG003_pb_pass2_read513_start44500 8 19997 20000 -edge_1_0_+disjointig_1_0_999999 44507 64496 999999 -1 -1 19989 1.55162e-05
Chain
	Aln	0	-HG003_pb_pass2_read513_start44500 2 19991 20000 +edge_1_0_+disjointig_1_0_999999 935502 955491 999999 -1 -1 19989 1.55162e-05
Chain
	Aln	1	+HG003_pb_pass2_read516_start50500 4 19989 20000 -edge_1_0_+disjointig_1_0_999999 50503 70488 999999 -1 -1 19985 0
Chain
	Aln	0	-HG003_pb_pass2_read516_start50500 10 19995 20000 +edge_1_0_+disjointig_1_0_999999 929510 949495 999999 -1 -1 19985 0
Chain
	Aln	1	+HG003_pb_pass2_read518_start54500 3 19996 20000 -edge_1_0_+disjointig_1_0_999999 54502 74495 999999 -1 -1 19993 0.000172908
Chain
	Aln	0	-HG003_pb_pass2_read518_start54500 3 19996 20000 +edge_1_0_+disjointig_1_0_999999 925503 945496 999999 -1 -1 19993 0.000172908
Chain
	Aln	1	+HG003_pb_pass2_read517_start52500 9 19996 20000 -edge_1_0_+disjointig_1_0_999999 52508 72495 999999 -1 -1 19987 0
Chain
	Aln	0	-HG003_pb_pass2_read517_start52500 3 19990 20000 +edge_1_0_+disjointig_1_0_999999 927503 947490 999999 -1 -1 19987 0
Chain
	Aln	1	+HG003_pb_pass2_read519_start56500 11 19991 20000 -edge_1_0_+disjointig_1_0_999999 56510 76490 999999 -1 -1 19980 0.000264386
Chain
	Aln	0	-HG003_pb_pass2_read519_start56500 8 19988 20000 +edge_1_0_+disjointig_1_0_999999 923508 943488 999999 -1 -1 19980 0.000264386
Chain
	Aln	1	+HG003_pb_pass2_read520_start58500 6 19998 20000 -edge_1_0_+disjointig_1_0_999999 58505 78497 999999 -1 -1 19992 0.000315952
Chain
	Aln	0	-HG003_pb_pass2_read520_start58500 1 19993 20000 +edge_1_0_+disjointig_1_0_999999 921501 941493 999999 -1 -1 19992 0.000315952
Chain
	Aln	1	+HG003_pb_pass2_read521_start60500 7 19992 20000 -edge_1_0_+disjointig_1_0_999999 60506 80491 999999 -1 -1 19985 0.000295345
Chain
	Aln	0	-HG003_pb_pass2_read521_start60500 7 19992 20000 +edge_1_0_+disjointig_1_0_999999 919507 939492 999999 -1 -1 19985 0.000295345
Chain
	Aln	1	+HG003_pb_pass2_read522_start62500 7 19996 20000 -edge_1_0_+disjointig_1_0_999999 62506 82495 999999 -1 -1 19989 6.40086e-05
Chain
	Aln	0	-HG003_pb_pass2_read522_start62500 3 19992 20000 +edge_1_0_+disjointig_1_0_999999 917503 937492 999999 -1 -1 19989 6.40086e-05
Chain
	Aln	1	+HG003_pb_pass2_read523_start64500 11 19997 20000 -edge_1_0_+disjointig_1_0_999999 64510 84496 999999 -1 -1 19986 0
Chain
	Aln	0	-HG003_pb_pass2_read523_start64500 2 19988 20000 +edge_1_0_+disjointig_1_0_999999 915502 935488 999999 -1 -1 19986 0
Chain
	Aln	1	+HG003_pb_pass2_read524_start66500 8 19996 20000 -edge_1_0_+disjointig_1_0_999999 66507 86495 999999 -1 -1 19988 7.7246e-05
Chain
	Aln	0	-HG003_pb_pass2_read524_start66500 3 19991 20000 +edge_1_0_+disjointig_1_0_999999 913503 933491 999999 -1 -1 19988 7.7246e-05
Chain
	Aln	1	+HG003_pb_pass2_read525_start68500 7 19990 20000 -edge_1_0_+disjointig_1_0_999999 68506 88489 999999 -1 -1 19983 0
Chain
	Aln	0	-HG003_pb_pass2_read525_start68500 9 19992 20000 +edge_1_0_+disjointig_1_0_999999 911509 931492 999999 -1 -1 19983 0
Chain
	Aln	1	+HG003_pb_pass2_read526_start70500 11 19997 20000 -edge_1_0_+disjointig_1_0_999999 70510 90496 999999 -1 -1 19986 0
Chain
	Aln	0	-HG003_pb_pass2_read526_start70500 2 19988 20000 +edge_1_0_+disjointig_1_0_999999 909502 929488 999999 -1 -1 19986 0
Chain
	Aln	1	+HG003_pb_pass2_read527_start72500 8 19997 20000 -edge_1_0_+disjointig_1_0_999999 72507 92496 999999 -1 -1 19989 0
Chain
	Aln	0	-HG003_pb_pass2_read527_start72500 2 19991 20000 +edge_1_0_+disjointig_1_0_999999 907502 927491 999999 -1 -1 19989 0
Chain
	Aln	1	+HG003_pb_pass2_read528_start74500 12 19991 20000 -edge_1_0_+disjointig_1_0_999999 74511 94490 999999 -1 -1 19979 0
Chain
	Aln	0	-HG003_pb_pass2_read528_start74500 8 19987 20000 +edge_1_0_+disjointig_1_0_999999 905508 925487 999999 -1 -1 19979 0
Chain
	Aln	1	+HG003_pb_pass2_read529_start76500 10 19996 20000 -edge_1_0_+disjointig_1_0_999999 76509 96495 999999 -1 -1 19986 0
Chain
	Aln	0	-HG003_pb_pass2_read529_start76500 3 19989 20000 +edge_1_0_+disjointig_1_0_999999 903503 923489 999999 -1 -1 19986 0
Chain
	Aln	1	+HG003_pb_pass2_read530_start78500 4 19998 20000 -edge_1_0_+disjointig_1_0_999999 78503 98497 999999 -1 -1 19994 0
Chain
	Aln	0	-HG003_pb_pass2_read530_start78500 1 19995 20000 +edge_1_0_+disjointig_1_0_999999 901501 921495 999999 -1 -1 19994 0
Chain
	Aln	1	+HG003_pb_pass2_read531_start80500 8 19995 20000 -edge_1_0_+disjointig_1_0_999999 80507 100494 999999 -1 -1 19987 0
Chain
	Aln	0	-HG003_pb_pass2_read531_start80500 4 19991 20000 +edge_1_0_+disjointig_1_0_999999 899504 919491 999999 -1 -1 19987 0
Chain
	Aln	1	+HG003_pb_pass2_read532_start82500 5 19997 20000 -edge_1_0_+disjointig_1_0_999999 82504 102496 999999 -1 -1 19992 0
Chain
	Aln	0	-HG003_pb_pass2_read532_start82500 2 19994 20000 +edge_1_0_+disjointig_1_0_999999 897502 917494 999999 -1 -1 19992 0
Chain
	Aln	1	+HG003_pb_pass2_read533_start84500 9 19998 20000 -edge_1_0_+disjointig_1_0_999999 84508 104497 999999 -1 -1 19989 0
Chain
	Aln	0	-HG003_pb_pass2_read533_start84500 1 19990 20000 +edge_1_0_+disjointig_1_0_999999 895501 915490 999999 -1 -1 19989 0
Chain
	Aln	1	+HG003_pb_pass2_read534_start86500 14 19997 20000 -edge_1_0_+disjointig_1_0_999999 86513 106496 999999 -1 -1 19983 0
Chain
	Aln	0	-HG003_pb_pass2_read534_start86500 2 19985 20000 +edge_1_0_+disjointig_1_0_999999 893502 913485 999999 -1 -1 19983 0
Chain
	Aln	1	+HG003_pb_pass2_read535_start88500 9 19996 20000 -edge_1_0_+disjointig_1_0_999999 88508 108495 999999 -1 -1 19987 0
Chain
	Aln	0	-HG003_pb_pass2_read535_start88500 3 19990 20000 +edge_1_0_+disjointig_1_0_999999 891503 911490 999999 -1 -1 19987 0
Chain
	Aln	1	+HG003_pb_pass2_read536_start90500 3 19997 20000 -edge_1_0_+disjointig_1_0_999999 90502 110496 999999 -1 -1 19994 0
Chain
	Aln	0	-HG003_pb_pass2_read536_start90500 2 19996 20000 +edge_1_0_+disjointig_1_0_999999 889502 909496 999999 -1 -1 19994 0
Chain
	Aln	1	+HG003_pb_pass2_read537_start92500 6 19992 20000 -edge_1_0_+disjointig_1_0_999999 92505 112491 999999 -1 -1 19986 2.28417e-05
Chain
	Aln	0	-HG003_pb_pass2_read537_start92500 7 19993 20000 +edge_1_0_+disjointig_1_0_999999 887507 907493 999999 -1 -1 19986 2.28417e-05
Chain
	Aln	1	+HG003_pb_pass2_read538_start94500 9 19998 20000 -edge_1_0_+disjointig_1_0_999999 94508 114497 999999 -1 -1 19989 0
Chain
	Aln	0	-HG003_pb_pass2_read538_start94500 1 19990 20000 +edge_1_0_+disjointig_1_0_999999 885501 905490 999999 -1 -1 19989 0
Chain
	Aln	1	+HG003_pb_pass2_read539_start96500 11 19996 20000 -edge_1_0_+disjointig_1_0_999999 96510 116495 999999 -1 -1 19985 0
Chain
	Aln	0	-HG003_pb_pass2_read539_start96500 3 19988 20000 +edge_1_0_+disjointig_1_0_999999 883503 903488 999999 -1 -1 19985 0
Chain
	Aln	1	+HG003_pb_pass2_read540_start98500 13 19998 20000 -edge_1_0_+disjointig_1_0_999999 98512 118497 999999 -1 -1 19985 0
Chain
	Aln	0	-HG003_pb_pass2_read540_start98500 1 19986 20000 +edge_1_0_+disjointig_1_0_999999 881501 901486 999999 -1 -1 19985 0
Chain
	Aln	1	+HG003_pb_pass2_read541_start100500 9 19996 20000 -edge_1_0_+disjointig_1_0_999999 100508 120495 999999 -1 -1 19987 0
Chain
	Aln	0	-HG003_pb_pass2_read541_start100500 3 19990 20000 +edge_1_0_+disjointig_1_0_999999 879503 899490 999999 -1 -1 19987 0
Chain
	Aln	1	+HG003_pb_pass2_read542_start102500 15 19990 20000 -edge_1_0_+disjointig_1_0_999999 102514 122489 999999 -1 -1 19975 0
Chain
	Aln	0	-HG003_pb_pass2_read542_start102500 9 19984 20000 +edge_1_0_+disjointig_1_0_999999 877509 897484 999999 -1 -1 19975 0
Chain
	Aln	1	+HG003_pb_pass2_read543_start104500 6 19992 20000 -edge_1_0_+disjointig_1_0_999999 104505 124491 999999 -1 -1 19986 0
Chain
	Aln	0	-HG003_pb_pass2_read543_start104500 7 19993 20000 +edge_1_0_+disjointig_1_0_999999 875507 895493 999999 -1 -1 19986 0
Chain
	Aln	1	+HG003_pb_pass2_read544_start106500 6 19995 20000 -edge_1_0_+disjointig_1_0_999999 106505 126494 999999 -1 -1 19989 0
Chain
	Aln	0	-HG003_pb_pass2_read544_start106500 4 19993 20000 +edge_1_0_+disjointig_1_0_999999 873504 893493 999999 -1 -1 19989 0
Chain
	Aln	1	+HG003_pb_pass2_read545_start108500 11 19995 20000 -edge_1_0_+disjointig_1_0_999999 108510 128494 999999 -1 -1 19984 0
Chain
	Aln	0	-HG003_pb_pass2_read545_start108500 4 19988 20000 +edge_1_0_+disjointig_1_0_999999 871504 891488 999999 -1 -1 19984 0
Chain
	Aln	1	+HG003_pb_pass2_read546_start110500 13 19998 20000 -edge_1_0_+disjointig_1_0_999999 110512 130497 999999 -1 -1 19985 0
Chain
	Aln	0	-HG003_pb_pass2_read546_start110500 1 19986 20000 +edge_1_0_+disjointig_1_0_999999 869501 889486 999999 -1 -1 19985 0
Chain
	Aln	1	+HG003_pb_pass2_read547_start112500 11 19990 20000 -edge_1_0_+disjointig_1_0_999999 112510 132489 999999 -1 -1 19979 0
Chain
	Aln	0	-HG003_pb_pass2_read547_start112500 9 19988 20000 +edge_1_0_+disjointig_1_0_999999 867509 887488 999999 -1 -1 19979 0
Chain
	Aln	1	+HG003_pb_pass2_read548_start114500 5 19993 20000 -edge_1_0_+disjointig_1_0_999999 114504 134492 999999 -1 -1 19988 0
Chain
	Aln	0	-HG003_pb_pass2_read548_start114500 6 19994 20000 +edge_1_0_+disjointig_1_0_999999 865506 885494 999999 -1 -1 19988 0
Chain
	Aln	1	+HG003_pb_pass2_read549_start116500 11 19994 20000 -edge_1_0_+disjointig_1_0_999999 116510 136493 999999 -1 -1 19983 0
Chain
	Aln	0	-HG003_pb_pass2_read549_start116500 5 19988 20000 +edge_1_0_+disjointig_1_0_999999 863505 883488 999999 -1 -1 19983 0
Chain
	Aln	1	+HG003_pb_pass2_read550_start118500 4 19990 20000 -edge_1_0_+disjointig_1_0_999999 118503 138489 999999 -1 -1 19986 0
Chain
	Aln	0	-HG003_pb_pass2_read550_start118500 9 19995 20000 +edge_1_0_+disjointig_1_0_999999 861509 881495 999999 -1 -1 19986 0
Chain
	Aln	1	+HG003_pb_pass2_read551_start120500 9 19997 20000 -edge_1_0_+disjointig_1_0_999999 120508 140496 999999 -1 -1 19988 0
Chain
	Aln	0	-HG003_pb_pass2_read551_start120500 2 19990 20000 +edge_1_0_+disjointig_1_0_999999 859502 879490 999999 -1 -1 19988 0
Chain
	Aln	1	+HG003_pb_pass2_read552_start122500 6 19995 20000 -edge_1_0_+disjointig_1_0_999999 122505 142494 999999 -1 -1 19989 0
Chain
	Aln	0	-HG003_pb_pass2_read552_start122500 4 19993 20000 +edge_1_0_+disjointig_1_0_999999 857504 877493 999999 -1 -1 19989 0
Chain
	Aln	1	+HG003_pb_pass2_read553_start124500 12 19998 20000 -edge_1_0_+disjointig_1_0_999999 124511 144497 999999 -1 -1 19986 0
Chain
	Aln	0	-HG003_pb_pass2_read553_start124500 1 19987 20000 +edge_1_0_+disjointig_1_0_999999 855501 875487 999999 -1 -1 19986 0
Chain
	Aln	1	+HG003_pb_pass2_read554_start126500 9 19995 20000 -edge_1_0_+disjointig_1_0_999999 126508 146494 999999 -1 -1 19986 0
Chain
	Aln	0	-HG003_pb_pass2_read554_start126500 4 19990 20000 +edge_1_0_+disjointig_1_0_999999 853504 873490 999999 -1 -1 19986 0
Chain
	Aln	1	+HG003_pb_pass2_read555_start128500 10 19997 20000 -edge_1_0_+disjointig_1_0_999999 128509 148496 999999 -1 -1 19987 0
Chain
	Aln	0	-HG003_pb_pass2_read555_start128500 2 19989 20000 +edge_1_0_+disjointig_1_0_999999 851502 871489 999999 -1 -1 19987 0
Chain
	Aln	1	+HG003_pb_pass2_read556_start130500 8 19996 20000 -edge_1_0_+disjointig_1_0_999999 130507 150495 999999 -1 -1 19988 0
Chain
	Aln	0	-HG003_pb_pass2_read556_start130500 3 19991 20000 +edge_1_0_+disjointig_1_0_999999 849503 869491 999999 -1 -1 19988 0
Chain
	Aln	1	+HG003_pb_pass2_read557_start132500 13 19998 20000 -edge_1_0_+disjointig_1_0_999999 132512 152497 999999 -1 -1 19985 0
Chain
	Aln	0	-HG003_pb_pass2_read557_start132500 1 19986 20000 +edge_1_0_+disjointig_1_0_999999 847501 867486 999999 -1 -1 19985 0
Chain
	Aln	1	+HG003_pb_pass2_read558_start134500 8 19997 20000 -edge_1_0_+disjointig_1_0_999999 134507 154496 999999 -1 -1 19989 0
Chain
	Aln	0	-HG003_pb_pass2_read558_start134500 2 19991 20000 +edge_1_0_+disjointig_1_0_999999 845502 865491 999999 -1 -1 19989 0
Chain
	Aln	1	+HG003_pb_pass2_read559_start136500 11 19998 20000 -edge_1_0_+disjointig_1_0_999999 136510 156497 999999 -1 -1 19987 0
Chain
	Aln	0	-HG003_pb_pass2_read559_start136500 1 19988 20000 +edge_1_0_+disjointig_1_0_999999 843501 863488 999999 -1 -1 19987 0
Chain
	Aln	1	+HG003_pb_pass2_read560_start138500 6 19993 20000 -edge_1_0_+disjointig_1_0_999999 138505 158492 999999 -1 -1 19987 0
Chain
	Aln	0	-HG003_pb_pass2_read560_start138500 6 19993 20000 +edge_1_0_+disjointig_1_0_999999 841506 861493 999999 -1 -1 19987 0
Chain
	Aln	1	+HG003_pb_pass2_read561_start140500 1 19994 20000 -edge_1_0_+disjointig_1_0_999999 140500 160493 999999 -1 -1 19993 0
Chain
	Aln	0	-HG003_pb_pass2_read561_start140500 5 19998 20000 +edge_1_0_+disjointig_1_0_999999 839505 859498 999999 -1 -1 19993 0
Chain
	Aln	1	+HG003_pb_pass2_read562_start142500 3 19998 20000 -edge_1_0_+disjointig_1_0_999999 142502 162497 999999 -1 -1 19995 0
Chain
	Aln	0	-HG003_pb_pass2_read562_start142500 1 19996 20000 +edge_1_0_+disjointig_1_0_999999 837501 857496 999999 -1 -1 19995 0
Chain
	Aln	1	+HG003_pb_pass2_read563_start144500 2 19993 20000 -edge_1_0_+disjointig_1_0_999999 144501 164492 999999 -1 -1 19991 0
Chain
	Aln	0	-HG003_pb_pass2_read563_start144500 6 19997 20000 +edge_1_0_+disjointig_1_0_999999 835506 855497 999999 -1 -1 19991 0
Chain
	Aln	1	+HG003_pb_pass2_read564_start146500 13 19996 20000 -edge_1_0_+disjointig_1_0_999999 146512 166495 999999 -1 -1 19983 0
Chain
	Aln	0	-HG003_pb_pass2_read564_start146500 3 19986 20000 +edge_1_0_+disjointig_1_0_999999 833503 853486 999999 -1 -1 19983 0
Chain
	Aln	1	+HG003_pb_pass2_read565_start148500 11 19997 20000 -edge_1_0_+disjointig_1_0_999999 148510 168496 999999 -1 -1 19986 0
Chain
	Aln	0	-HG003_pb_pass2_read565_start148500 2 19988 20000 +edge_1_0_+disjointig_1_0_999999 831502 851488 999999 -1 -1 19986 0
Chain
	Aln	1	+HG003_pb_pass2_read566_start150500 5 19997 20000 -edge_1_0_+disjointig_1_0_999999 150504 170496 999999 -1 -1 19992 5.66672e-05
Chain
	Aln	0	-HG003_pb_pass2_read566_start150500 2 19994 20000 +edge_1_0_+disjointig_1_0_999999 829502 849494 999999 -1 -1 19992 5.66672e-05
Chain
	Aln	1	+HG003_pb_pass2_read567_start152500 11 19996 20000 -edge_1_0_+disjointig_1_0_999999 152510 172495 999999 -1 -1 19985 0.000311593
Chain
	Aln	0	-HG003_pb_pass2_read567_start152500 3 19988 20000 +edge_1_0_+disjointig_1_0_999999 827503 847488 999999 -1 -1 19985 0.000311593
Chain
	Aln	1	+HG003_pb_pass2_read568_start154500 9 19994 20000 -edge_1_0_+disjointig_1_0_999999 154508 174493 999999 -1 -1 19985 0.000165566
Chain
	Aln	0	-HG003_pb_pass2_read568_start154500 5 19990 20000 +edge_1_0_+disjointig_1_0_999999 825505 845490 999999 -1 -1 19985 0.000165566
Chain
	Aln	1	+HG003_pb_pass2_read569_start156500 3 19997 20000 -edge_1_0_+disjointig_1_0_999999 156502 176496 999999 -1 -1 19994 0.000111082
Chain
	Aln	0	-HG003_pb_pass2_read569_start156500 2 19996 20000 +edge_1_0_+disjointig_1_0_999999 823502 843496 999999 -1 -1 19994 0.000111082
Chain
	Aln	1	+HG003_pb_pass2_read570_start158500 11 19993 20000 -edge_1_0_+disjointig_1_0_999999 158510 178492 999999 -1 -1 19982 0.000221592
Chain
	Aln	0	-HG003_pb_pass2_read570_start158500 6 19988 20000 +edge_1_0_+disjointig_1_0_999999 821506 841488 999999 -1 -1 19982 0.000221592
Chain
	Aln	1	+HG003_pb_pass2_read571_start160500 11 19995 20000 -edge_1_0_+disjointig_1_0_999999 160510 180494 999999 -1 -1 19984 0.000211259
Chain
	Aln	0	-HG003_pb_pass2_read571_start160500 4 19988 20000 +edge_1_0_+disjointig_1_0_999999 819504 839488 999999 -1 -1 19984 0.000211259
Chain
	Aln	1	+HG003_pb_pass2_read572_start162500 10 19995 20000 -edge_1_0_+disjointig_1_0_999999 162509 182494 999999 -1 -1 19985 0.000295345
Chain
	Aln	0	-HG003_pb_pass2_read572_start162500 4 19989 20000 +edge_1_0_+disjointig_1_0_999999 817504 837489 999999 -1 -1 19985 0.000295345
Chain
	Aln	1	+HG003_pb_pass2_read573_start164500 6 19997 20000 -edge_1_0_+disjointig_1_0_999999 164505 184496 999999 -1 -1 19991 0.000296768
Chain
	Aln	0	-HG003_pb_pass2_read573_start164500 2 19993 20000 +edge_1_0_+disjointig_1_0_999999 815502 835493 999999 -1 -1 19991 0.000296768
Chain
	Aln	1	+HG003_pb_pass2_read574_start166500 7 19995 20000 -edge_1_0_+disjointig_1_0_999999 166506 186494 999999 -1 -1 19988 0.000125799
Chain
	Aln	0	-HG003_pb_pass2_read574_start166500 4 19992 20000 +edge_1_0_+disjointig_1_0_999999 813504 833492 999999 -1 -1 19988 0.000125799
Chain
	Aln	1	+HG003_pb_pass2_read575_start168500 7 19993 20000 -edge_1_0_+disjointig_1_0_999999 168506 188492 999999 -1 -1 19986 0.000136106
Chain
	Aln	0	-HG003_pb_pass2_read575_start168500 6 19992 20000 +edge_1_0_+disjointig_1_0_999999 811506 831492 999999 -1 -1 19986 0.000136106
Chain
	Aln	1	+HG003_pb_pass2_read576_start170500 8 19989 20000 -edge_1_0_+disjointig_1_0_999999 170507 190488 999999 -1 -1 19981 0
Chain
	Aln	0	-HG003_pb_pass2_read576_start170500 10 19991 20000 +edge_1_0_+disjointig_1_0_999999 809510 829491 999999 -1 -1 19981 0
Chain
	Aln	1	+HG003_pb_pass2_read577_start172500 2 19994 20000 -edge_1_0_+disjointig_1_0_999999 172501 192493 999999 -1 -1 19992 0
Chain
	Aln	0	-HG003_pb_pass2_read577_start172500 5 19997 20000 +edge_1_0_+disjointig_1_0_999999 807505 827497 999999 -1 -1 19992 0
Chain
	Aln	1	+HG003_pb_pass2_read578_start174500 6 19998 20000 -edge_1_0_+disjointig_1_0_999999 174505 194497 999999 -1 -1 19992 0
Chain
	Aln	0	-HG003_pb_pass2_read578_start174500 1 19993 20000 +edge_1_0_+disjointig_1_0_999999 805501 825493 999999 -1 -1 19992 0
Chain
	Aln	1	+HG003_pb_pass2_read579_start176500 6 19997 20000 -edge_1_0_+disjointig_1_0_999999 176505 196496 999999 -1 -1 19991 0
Chain
	Aln	0	-HG003_pb_pass2_read579_start176500 2 19993 20000 +edge_1_0_+disjointig_1_0_999999 803502 823493 999999 -1 -1 19991 0
Chain
	Aln	1	+HG003_pb_pass2_read580_start178500 4 19998 20000 -edge_1_0_+disjointig_1_0_999999 178503 198497 999999 -1 -1 19994 0
Chain
	Aln	0	-HG003_pb_pass2_read580_start178500 1 19995 20000 +edge_1_0_+disjointig_1_0_999999 801501 821495 999999 -1 -1 19994 0
Chain
	Aln	1	+HG003_pb_pass2_read581_start180500 5 19997 20000 -edge_1_0_+disjointig_1_0_999999 180504 200496 999999 -1 -1 19992 0.000153768
Chain
	Aln	0	-HG003_pb_pass2_read581_start180500 2 19994 20000 +edge_1_0_+disjointig_1_0_999999 799502 819494 999999 -1 -1 19992 0.000153768
Chain
	Aln	1	+HG003_pb_pass2_read582_start182500 9 19991 20000 -edge_1_0_+disjointig_1_0_999999 182508 202490 999999 -1 -1 19982 0.000351513
Chain
	Aln	0	-HG003_pb_pass2_read582_start182500 8 19990 20000 +edge_1_0_+disjointig_1_0_999999 797508 817490 999999 -1 -1 19982 0.000351513
Chain
	Aln	1	+HG003_pb_pass2_read583_start184500 10 19996 20000 -edge_1_0_+disjointig_1_0_999999 184509 204495 999999 -1 -1 19986 0.000395815
Chain
	Aln	0	-HG003_pb_pass2_read583_start184500 3 19989 20000 +edge_1_0_+disjointig_1_0_999999 795503 815489 999999 -1 -1 19986 0.000395815
Chain
	Aln	1	+HG003_pb_pass2_read584_start186500 12 19998 20000 -edge_1_0_+disjointig_1_0_999999 186511 206497 999999 -1 -1 19986 0.000526102
Chain
	Aln	0	-HG003_pb_pass2_read584_start186500 1 19987 20000 +edge_1_0_+disjointig_1_0_999999 793501 813487 999999 -1 -1 19986 0.000526102
Chain
	Aln	1	+HG003_pb_pass2_read585_start188500 8 19993 20000 -edge_1_0_+disjointig_1_0_999999 188507 208492 999999 -1 -1 19985 0.000555771
Chain
	Aln	0	-HG003_pb_pass2_read585_start188500 6 19991 20000 +edge_1_0_+disjointig_1_0_999999 791506 811491 999999 -1 -1 19985 0.000555771
Chain
	Aln	1	+HG003_pb_pass2_read586_start190500 14 19994 20000 -edge_1_0_+disjointig_1_0_999999 190513 210493 999999 -1 -1 19980 0.000524747
Chain
	Aln	0	-HG003_pb_pass2_read586_start190500 5 19985 20000 +edge_1_0_+disjointig_1_0_999999 789505 809485 999999 -1 -1 19980 0.000524747
Chain
	Aln	1	+HG003_pb_pass2_read587_start192500 7 19997 20000 -edge_1_0_+disjointig_1_0_999999 192506 212496 999999 -1 -1 19990 0.000619448
Chain
	Aln	0	-HG003_pb_pass2_read587_start192500 2 19992 20000 +edge_1_0_+disjointig_1_0_999999 787502 807492 999999 -1 -1 19990 0.000619448
Chain
	Aln	1	+HG003_pb_pass2_read588_start194500 6 19998 20000 -edge_1_0_+disjointig_1_0_999999 194505 214497 999999 -1 -1 19992 0.000494868
Chain
	Aln	0	-HG003_pb_pass2_read588_start194500 1 19993 20000 +edge_1_0_+disjointig_1_0_999999 785501 805493 999999 -1 -1 19992 0.000494868
Chain
	Aln	1	+HG003_pb_pass2_read589_start196500 3 19994 20000 -edge_1_0_+disjointig_1_0_999999 196502 216493 999999 -1 -1 19991 0.000573433
Chain
	Aln	0	-HG003_pb_pass2_read589_start196500 5 19996 20000 +edge_1_0_+disjointig_1_0_999999 783505 803496 999999 -1 -1 19991 0.000573433
Chain
	Aln	1	+HG003_pb_pass2_read590_start198500 18 19994 20000 -edge_1_0_+disjointig_1_0_999999 198517 218493 999999 -1 -1 19976 0.000807247
Chain
	Aln	0	-HG003_pb_pass2_read590_start198500 5 19981 20000 +edge_1_0_+disjointig_1_0_999999 781505 801481 999999 -1 -1 19976 0.000807247
Chain
	Aln	1	+HG003_pb_pass2_read591_start200500 8 19997 20000 -edge_1_0_+disjointig_1_0_999999 200507 220496 999999 -1 -1 19989 0.000600183
Chain
	Aln	0	-HG003_pb_pass2_read591_start200500 2 19991 20000 +edge_1_0_+disjointig_1_0_999999 779502 799491 999999 -1 -1 19989 0.000600183
Chain
	Aln	1	+HG003_pb_pass2_read592_start202500 8 19998 20000 -edge_1_0_+disjointig_1_0_999999 202507 222497 999999 -1 -1 19990 0.000635773
Chain
	Aln	0	-HG003_pb_pass2_read592_start202500 1 19991 20000 +edge_1_0_+disjointig_1_0_999999 777501 797491 999999 -1 -1 19990 0.000635773
Chain
	Aln	1	+HG003_pb_pass2_read593_start204500 12 19996 20000 -edge_1_0_+disjointig_1_0_999999 204511 224495 999999 -1 -1 19984 0.00065079
Chain
	Aln	0	-HG003_pb_pass2_read593_start204500 3 19987 20000 +edge_1_0_+disjointig_1_0_999999 775503 795487 999999 -1 -1 19984 0.00065079
Chain
	Aln	1	+HG003_pb_pass2_read594_start206500 11 19992 20000 -edge_1_0_+disjointig_1_0_999999 206510 226491 999999 -1 -1 19981 0.000543995
Chain
	Aln	0	-HG003_pb_pass2_read594_start206500 7 19988 20000 +edge_1_0_+disjointig_1_0_999999 773507 793488 999999 -1 -1 19981 0.000543995
Chain
	Aln	1	+HG003_pb_pass2_read595_start208500 11 19994 20000 -edge_1_0_+disjointig_1_0_999999 208510 228493 999999 -1 -1 19983 0.000566203
Chain
	Aln	0	-HG003_pb_pass2_read595_start208500 5 19988 20000 +edge_1_0_+disjointig_1_0_999999 771505 791488 999999 -1 -1 19983 0.000566203
Chain
	Aln	1	+HG003_pb_pass2_read596_start210500 6 19995 20000 -edge_1_0_+disjointig_1_0_999999 210505 230494 999999 -1 -1 19989 0.000534928
Chain
	Aln	0	-HG003_pb_pass2_read596_start210500 4 19993 20000 +edge_1_0_+disjointig_1_0_999999 769504 789493 999999 -1 -1 19989 0.000534928
Chain
	Aln	1	+HG003_pb_pass2_read597_start212500 6 19998 20000 -edge_1_0_+disjointig_1_0_999999 212505 232497 999999 -1 -1 19992 0.00044602
Chain
	Aln	0	-HG003_pb_pass2_read597_start212500 1 19993 20000 +edge_1_0_+disjointig_1_0_999999 767501 787493 999999 -1 -1 19992 0.00044602
Chain
	Aln	1	+HG003_pb_pass2_read598_start214500 2 19993 20000 -edge_1_0_+disjointig_1_0_999999 214501 234492 999999 -1 -1 19991 0.000655055
Chain
	Aln	0	-HG003_pb_pass2_read598_start214500 6 19997 20000 +edge_1_0_+disjointig_1_0_999999 765506 785497 999999 -1 -1 19991 0.000655055
Chain
	Aln	1	+HG003_pb_pass2_read599_start216500 10 19997 20000 -edge_1_0_+disjointig_1_0_999999 216509 236496 999999 -1 -1 19987 0.000938056
Chain
	Aln	0	-HG003_pb_pass2_read599_start216500 2 19989 20000 +edge_1_0_+disjointig_1_0_999999 763502 783489 999999 -1 -1 19987 0.000938056
Chain
	Aln	1	+HG003_pb_pass2_read600_start218500 5 19995 20000 -edge_1_0_+disjointig_1_0_999999 218504 238494 999999 -1 -1 19990 0.000326309
Chain
	Aln	0	-HG003_pb_pass2_read600_start218500 4 19994 20000 +edge_1_0_+disjointig_1_0_999999 761504 781494 999999 -1 -1 19990 0.000326309
Chain
	Aln	1	+HG003_pb_pass2_read601_start220500 10 19996 20000 -edge_1_0_+disjointig_1_0_999999 220509 240495 999999 -1 -1 19986 0.000265817
Chain
	Aln	0	-HG003_pb_pass2_read601_start220500 3 19989 20000 +edge_1_0_+disjointig_1_0_999999 759503 779489 999999 -1 -1 19986 0.000265817
Chain
	Aln	1	+HG003_pb_pass2_read602_start222500 9 19993 20000 -edge_1_0_+disjointig_1_0_999999 222508 242492 999999 -1 -1 19984 7.99398e-07
Chain
	Aln	0	-HG003_pb_pass2_read602_start222500 6 19990 20000 +edge_1_0_+disjointig_1_0_999999 757506 777490 999999 -1 -1 19984 7.99398e-07
Chain
	Aln	1	+HG003_pb_pass2_read603_start224500 13 19994 20000 -edge_1_0_+disjointig_1_0_999999 224512 244493 999999 -1 -1 19981 2.42926e-05
Chain
	Aln	0	-HG003_pb_pass2_read603_start224500 5 19986 20000 +edge_1_0_+disjointig_1_0_999999 755505 775486 999999 -1 -1 19981 2.42926e-05
Chain
	Aln	1	+HG003_pb_pass2_read605_start228500 9 19996 20000 -edge_1_0_+disjointig_1_0_999999 228508 248495 999999 -1 -1 19987 0
Chain
	Aln	0	-HG003_pb_pass2_read605_start228500 3 19990 20000 +edge_1_0_+disjointig_1_0_999999 751503 771490 999999 -1 -1 19987 0
Chain
	Aln	1	+HG003_pb_pass2_read604_start226500 3 19998 20000 -edge_1_0_+disjointig_1_0_999999 226502 246497 999999 -1 -1 19995 1.70094e-05
Chain
	Aln	0	-HG003_pb_pass2_read604_start226500 1 19996 20000 +edge_1_0_+disjointig_1_0_999999 753501 773496 999999 -1 -1 19995 1.70094e-05
Chain
	Aln	1	+HG003_pb_pass2_read606_start230500 7 19997 20000 -edge_1_0_+disjointig_1_0_999999 230506 250496 999999 -1 -1 19990 0.000277593
Chain
	Aln	0	-HG003_pb_pass2_read606_start230500 2 19992 20000 +edge_1_0_+disjointig_1_0_999999 749502 769492 999999 -1 -1 19990 0.000277593
Chain
	Aln	1	+HG003_pb_pass2_read607_start232500 6 19996 20000 -edge_1_0_+disjointig_1_0_999999 232505 252495 999999 -1 -1 19990 0.000472696
Chain
	Aln	0	-HG003_pb_pass2_read607_start232500 3 19993 20000 +edge_1_0_+disjointig_1_0_999999 747503 767493 999999 -1 -1 19990 0.000472696
Chain
	Aln	1	+HG003_pb_pass2_read608_start234500 8 19998 20000 -edge_1_0_+disjointig_1_0_999999 234507 254497 999999 -1 -1 19990 0.000472696
Chain
	Aln	0	-HG003_pb_pass2_read608_start234500 1 19991 20000 +edge_1_0_+disjointig_1_0_999999 745501 765491 999999 -1 -1 19990 0.000472696
Chain
	Aln	1	+HG003_pb_pass2_read609_start236500 4 19991 20000 -edge_1_0_+disjointig_1_0_999999 236503 256490 999999 -1 -1 19987 5.81244e-05
Chain
	Aln	0	-HG003_pb_pass2_read609_start236500 8 19995 20000 +edge_1_0_+disjointig_1_0_999999 743508 763495 999999 -1 -1 19987 5.81244e-05
Chain
	Aln	1	+HG003_pb_pass2_read610_start238500 16 19991 20000 -edge_1_0_+disjointig_1_0_999999 238515 258490 999999 -1 -1 19975 0.000330904
Chain
	Aln	0	-HG003_pb_pass2_read610_start238500 8 19983 20000 +edge_1_0_+disjointig_1_0_999999 741508 761483 999999 -1 -1 19975 0.000330904
Chain
	Aln	1	+HG003_pb_pass2_read611_start240500 11 19997 20000 -edge_1_0_+disjointig_1_0_999999 240510 260496 999999 -1 -1 19986 0.000412083
Chain
	Aln	0	-HG003_pb_pass2_read611_start240500 2 19988 20000 +edge_1_0_+disjointig_1_0_999999 739502 759488 999999 -1 -1 19986 0.000412083
Chain
	Aln	1	+HG003_pb_pass2_read612_start242500 8 19998 20000 -edge_1_0_+disjointig_1_0_999999 242507 262497 999999 -1 -1 19990 0.000521564
Chain
	Aln	0	-HG003_pb_pass2_read612_start242500 1 19991 20000 +edge_1_0_+disjointig_1_0_999999 737501 757491 999999 -1 -1 19990 0.000521564
Chain
	Aln	1	+HG003_pb_pass2_read613_start244500 10 19994 20000 -edge_1_0_+disjointig_1_0_999999 244509 264493 999999 -1 -1 19984 0
Chain
	Aln	0	-HG003_pb_pass2_read613_start244500 5 19989 20000 +edge_1_0_+disjointig_1_0_999999 735505 755489 999999 -1 -1 19984 0
Chain
	Aln	1	+HG003_pb_pass2_read614_start246500 10 19995 20000 -edge_1_0_+disjointig_1_0_999999 246509 266494 999999 -1 -1 19985 0.000133167
Chain
	Aln	0	-HG003_pb_pass2_read614_start246500 4 19989 20000 +edge_1_0_+disjointig_1_0_999999 733504 753489 999999 -1 -1 19985 0.000133167
Chain
	Aln	1	+HG003_pb_pass2_read615_start248500 11 19995 20000 -edge_1_0_+disjointig_1_0_999999 248510 268494 999999 -1 -1 19984 6.54726e-05
Chain
	Aln	0	-HG003_pb_pass2_read615_start248500 4 19988 20000 +edge_1_0_+disjointig_1_0_999999 731504 751488 999999 -1 -1 19984 6.54726e-05
Chain
	Aln	1	+HG003_pb_pass2_read616_start250500 8 19995 20000 -edge_1_0_+disjointig_1_0_999999 250507 270494 999999 -1 -1 19987 0
Chain
	Aln	0	-HG003_pb_pass2_read616_start250500 4 19991 20000 +edge_1_0_+disjointig_1_0_999999 729504 749491 999999 -1 -1 19987 0
Chain
	Aln	1	+HG003_pb_pass2_read617_start252500 5 19991 20000 -edge_1_0_+disjointig_1_0_999999 252504 272490 999999 -1 -1 19986 0
Chain
	Aln	0	-HG003_pb_pass2_read617_start252500 8 19994 20000 +edge_1_0_+disjointig_1_0_999999 727508 747494 999999 -1 -1 19986 0
Chain
	Aln	1	+HG003_pb_pass2_read618_start254500 10 19998 20000 -edge_1_0_+disjointig_1_0_999999 254509 274497 999999 -1 -1 19988 0
Chain
	Aln	0	-HG003_pb_pass2_read618_start254500 1 19989 20000 +edge_1_0_+disjointig_1_0_999999 725501 745489 999999 -1 -1 19988 0
Chain
	Aln	1	+HG003_pb_pass2_read619_start256500 12 19990 20000 -edge_1_0_+disjointig_1_0_999999 256511 276489 999999 -1 -1 19978 0
Chain
	Aln	0	-HG003_pb_pass2_read619_start256500 9 19987 20000 +edge_1_0_+disjointig_1_0_999999 723509 743487 999999 -1 -1 19978 0
Chain
	Aln	1	+HG003_pb_pass2_read620_start258500 6 19992 20000 -edge_1_0_+disjointig_1_0_999999 258505 278491 999999 -1 -1 19986 0
Chain
	Aln	0	-HG003_pb_pass2_read620_start258500 7 19993 20000 +edge_1_0_+disjointig_1_0_999999 721507 741493 999999 -1 -1 19986 0
Chain
	Aln	1	+HG003_pb_pass2_read621_start260500 5 19994 20000 -edge_1_0_+disjointig_1_0_999999 260504 280493 999999 -1 -1 19989 0
Chain
	Aln	0	-HG003_pb_pass2_read621_start260500 5 19994 20000 +edge_1_0_+disjointig_1_0_999999 719505 739494 999999 -1 -1 19989 0
Chain
	Aln	1	+HG003_pb_pass2_read622_start262500 4 19996 20000 -edge_1_0_+disjointig_1_0_999999 262503 282495 999999 -1 -1 19992 0
Chain
	Aln	0	-HG003_pb_pass2_read622_start262500 3 19995 20000 +edge_1_0_+disjointig_1_0_999999 717503 737495 999999 -1 -1 19992 0
Chain
	Aln	1	+HG003_pb_pass2_read623_start264500 9 19996 20000 -edge_1_0_+disjointig_1_0_999999 264508 284495 999999 -1 -1 19987 0
Chain
	Aln	0	-HG003_pb_pass2_read623_start264500 3 19990 20000 +edge_1_0_+disjointig_1_0_999999 715503 735490 999999 -1 -1 19987 0
Chain
	Aln	1	+HG003_pb_pass2_read624_start266500 14 19993 20000 -edge_1_0_+disjointig_1_0_999999 266513 286492 999999 -1 -1 19979 0
Chain
	Aln	0	-HG003_pb_pass2_read624_start266500 6 19985 20000 +edge_1_0_+disjointig_1_0_999999 713506 733485 999999 -1 -1 19979 0
Chain
	Aln	1	+HG003_pb_pass2_read625_start268500 3 19996 20000 -edge_1_0_+disjointig_1_0_999999 268502 288495 999999 -1 -1 19993 0
Chain
	Aln	0	-HG003_pb_pass2_read625_start268500 3 19996 20000 +edge_1_0_+disjointig_1_0_999999 711503 731496 999999 -1 -1 19993 0
Chain
	Aln	1	+HG003_pb_pass2_read626_start270500 9 19995 20000 -edge_1_0_+disjointig_1_0_999999 270508 290494 999999 -1 -1 19986 0
Chain
	Aln	0	-HG003_pb_pass2_read626_start270500 4 19990 20000 +edge_1_0_+disjointig_1_0_999999 709504 729490 999999 -1 -1 19986 0
Chain
	Aln	1	+HG003_pb_pass2_read627_start272500 13 19997 20000 -edge_1_0_+disjointig_1_0_999999 272512 292496 999999 -1 -1 19984 0
Chain
	Aln	0	-HG003_pb_pass2_read627_start272500 2 19986 20000 +edge_1_0_+disjointig_1_0_999999 707502 727486 999999 -1 -1 19984 0
Chain
	Aln	1	+HG003_pb_pass2_read628_start274500 11 19997 20000 -edge_1_0_+disjointig_1_0_999999 274510 294496 999999 -1 -1 19986 2.28417e-05
Chain
	Aln	0	-HG003_pb_pass2_read628_start274500 2 19988 20000 +edge_1_0_+disjointig_1_0_999999 705502 725488 999999 -1 -1 19986 2.28417e-05
Chain
	Aln	1	+HG003_pb_pass2_read629_start276500 10 19998 20000 -edge_1_0_+disjointig_1_0_999999 276509 296497 999999 -1 -1 19988 0.000190601
Chain
	Aln	0	-HG003_pb_pass2_read629_start276500 1 19989 20000 +edge_1_0_+disjointig_1_0_999999 703501 723489 999999 -1 -1 19988 0.000190601
Chain
	Aln	1	+HG003_pb_pass2_read630_start278500 9 19998 20000 -edge_1_0_+disjointig_1_0_999999 278508 298497 999999 -1 -1 19989 0.000420912
Chain
	Aln	0	-HG003_pb_pass2_read630_start278500 1 19990 20000 +edge_1_0_+disjointig_1_0_999999 701501 721490 999999 -1 -1 19989 0.000420912
Chain
	Aln	1	+HG003_pb_pass2_read631_start280500 4 19996 20000 -edge_1_0_+disjointig_1_0_999999 280503 300495 999999 -1 -1 19992 0.000283476
Chain
	Aln	0	-HG003_pb_pass2_read631_start280500 3 19995 20000 +edge_1_0_+disjointig_1_0_999999 699503 719495 999999 -1 -1 19992 0.000283476
Chain
	Aln	1	+HG003_pb_pass2_read632_start282500 10 19997 20000 -edge_1_0_+disjointig_1_0_999999 282509 302496 999999 -1 -1 19987 0
Chain
	Aln	0	-HG003_pb_pass2_read632_start282500 2 19989 20000 +edge_1_0_+disjointig_1_0_999999 697502 717489 999999 -1 -1 19987 0
Chain
	Aln	1	+HG003_pb_pass2_read633_start284500 7 19995 20000 -edge_1_0_+disjointig_1_0_999999 284506 304494 999999 -1 -1 19988 6.10736e-05
Chain
	Aln	0	-HG003_pb_pass2_read633_start284500 4 19992 20000 +edge_1_0_+disjointig_1_0_999999 695504 715492 999999 -1 -1 19988 6.10736e-05
Chain
	Aln	1	+HG003_pb_pass2_read634_start286500 12 19997 20000 -edge_1_0_+disjointig_1_0_999999 286511 306496 999999 -1 -1 19985 0.000116975
Chain
	Aln	0	-HG003_pb_pass2_read634_start286500 2 19987 20000 +edge_1_0_+disjointig_1_0_999999 693502 713487 999999 -1 -1 19985 0.000116975
Chain
	Aln	1	+HG003_pb_pass2_read635_start288500 2 19993 20000 -edge_1_0_+disjointig_1_0_999999 288501 308492 999999 -1 -1 19991 0.000150824
Chain
	Aln	0	-HG003_pb_pass2_read635_start288500 6 19997 20000 +edge_1_0_+disjointig_1_0_999999 691506 711497 999999 -1 -1 19991 0.000150824
Chain
	Aln	1	+HG003_pb_pass2_read636_start290500 9 19998 20000 -edge_1_0_+disjointig_1_0_999999 290508 310497 999999 -1 -1 19989 0
Chain
	Aln	0	-HG003_pb_pass2_read636_start290500 1 19990 20000 +edge_1_0_+disjointig_1_0_999999 689501 709490 999999 -1 -1 19989 0
Chain
	Aln	1	+HG003_pb_pass2_read637_start292500 5 19997 20000 -edge_1_0_+disjointig_1_0_999999 292504 312496 999999 -1 -1 19992 0
Chain
	Aln	0	-HG003_pb_pass2_read637_start292500 2 19994 20000 +edge_1_0_+disjointig_1_0_999999 687502 707494 999999 -1 -1 19992 0
Chain
	Aln	1	+HG003_pb_pass2_read638_start294500 9 19997 20000 -edge_1_0_+disjointig_1_0_999999 294508 314496 999999 -1 -1 19988 0
Chain
	Aln	0	-HG003_pb_pass2_read638_start294500 2 19990 20000 +edge_1_0_+disjointig_1_0_999999 685502 705490 999999 -1 -1 19988 0
Chain
	Aln	1	+HG003_pb_pass2_read639_start296500 8 19997 20000 -edge_1_0_+disjointig_1_0_999999 296507 316496 999999 -1 -1 19989 0
Chain
	Aln	0	-HG003_pb_pass2_read639_start296500 2 19991 20000 +edge_1_0_+disjointig_1_0_999999 683502 703491 999999 -1 -1 19989 0
Chain
	Aln	1	+HG003_pb_pass2_read640_start298500 10 19991 20000 -edge_1_0_+disjointig_1_0_999999 298509 318490 999999 -1 -1 19981 0
Chain
	Aln	0	-HG003_pb_pass2_read640_start298500 8 19989 20000 +edge_1_0_+disjointig_1_0_999999 681508 701489 999999 -1 -1 19981 0
Chain
	Aln	1	+HG003_pb_pass2_read641_start300500 13 19997 20000 -edge_1_0_+disjointig_1_0_999999 300512 320496 999999 -1 -1 19984 0
Chain
	Aln	0	-HG003_pb_pass2_read641_start300500 2 19986 20000 +edge_1_0_+disjointig_1_0_999999 679502 699486 999999 -1 -1 19984 0
Chain
	Aln	1	+HG003_pb_pass2_read642_start302500 6 19994 20000 -edge_1_0_+disjointig_1_0_999999 302505 322493 999999 -1 -1 19988 0
Chain
	Aln	0	-HG003_pb_pass2_read642_start302500 5 19993 20000 +edge_1_0_+disjointig_1_0_999999 677505 697493 999999 -1 -1 19988 0
Chain
	Aln	1	+HG003_pb_pass2_read643_start304500 13 19991 20000 -edge_1_0_+disjointig_1_0_999999 304512 324490 999999 -1 -1 19978 0
Chain
	Aln	0	-HG003_pb_pass2_read643_start304500 8 19986 20000 +edge_1_0_+disjointig_1_0_999999 675508 695486 999999 -1 -1 19978 0
Chain
	Aln	1	+HG003_pb_pass2_read644_start306500 10 19992 20000 -edge_1_0_+disjointig_1_0_999999 306509 326491 999999 -1 -1 19982 0
Chain
	Aln	0	-HG003_pb_pass2_read644_start306500 7 19989 20000 +edge_1_0_+disjointig_1_0_999999 673507 693489 999999 -1 -1 19982 0
Chain
	Aln	1	+HG003_pb_pass2_read645_start308500 8 19998 20000 -edge_1_0_+disjointig_1_0_999999 308507 328497 999999 -1 -1 19990 0
Chain
	Aln	0	-HG003_pb_pass2_read645_start308500 1 19991 20000 +edge_1_0_+disjointig_1_0_999999 671501 691491 999999 -1 -1 19990 0
Chain
	Aln	1	+HG003_pb_pass2_read646_start310500 8 19996 20000 -edge_1_0_+disjointig_1_0_999999 310507 330495 999999 -1 -1 19988 0
Chain
	Aln	0	-HG003_pb_pass2_read646_start310500 3 19991 20000 +edge_1_0_+disjointig_1_0_999999 669503 689491 999999 -1 -1 19988 0
Chain
	Aln	1	+HG003_pb_pass2_read647_start312500 10 19998 20000 -edge_1_0_+disjointig_1_0_999999 312509 332497 999999 -1 -1 19988 0
Chain
	Aln	0	-HG003_pb_pass2_read647_start312500 1 19989 20000 +edge_1_0_+disjointig_1_0_999999 667501 687489 999999 -1 -1 19988 0
Chain
	Aln	1	+HG003_pb_pass2_read648_start314500 6 19997 20000 -edge_1_0_+disjointig_1_0_999999 314505 334496 999999 -1 -1 19991 0
Chain
	Aln	0	-HG003_pb_pass2_read648_start314500 2 19993 20000 +edge_1_0_+disjointig_1_0_999999 665502 685493 999999 -1 -1 19991 0
Chain
	Aln	1	+HG003_pb_pass2_read649_start316500 7 19996 20000 -edge_1_0_+disjointig_1_0_999999 316506 336495 999999 -1 -1 19989 0
Chain
	Aln	0	-HG003_pb_pass2_read649_start316500 3 19992 20000 +edge_1_0_+disjointig_1_0_999999 663503 683492 999999 -1 -1 19989 0
Chain
	Aln	1	+HG003_pb_pass2_read650_start318500 7 19994 20000 -edge_1_0_+disjointig_1_0_999999 318506 338493 999999 -1 -1 19987 0
Chain
	Aln	0	-HG003_pb_pass2_read650_start318500 5 19992 20000 +edge_1_0_+disjointig_1_0_999999 661505 681492 999999 -1 -1 19987 0
Chain
	Aln	1	+HG003_pb_pass2_read651_start320500 2 19995 20000 -edge_1_0_+disjointig_1_0_999999 320501 340494 999999 -1 -1 19993 0
Chain
	Aln	0	-HG003_pb_pass2_read651_start320500 4 19997 20000 +edge_1_0_+disjointig_1_0_999999 659504 679497 999999 -1 -1 19993 0
Chain
	Aln	1	+HG003_pb_pass2_read652_start322500 2 19995 20000 -edge_1_0_+disjointig_1_0_999999 322501 342494 999999 -1 -1 19993 0
Chain
	Aln	0	-HG003_pb_pass2_read652_start322500 4 19997 20000 +edge_1_0_+disjointig_1_0_999999 657504 677497 999999 -1 -1 19993 0
Chain
	Aln	1	+HG003_pb_pass2_read653_start324500 4 19991 20000 -edge_1_0_+disjointig_1_0_999999 324503 344490 999999 -1 -1 19987 0
Chain
	Aln	0	-HG003_pb_pass2_read653_start324500 8 19995 20000 +edge_1_0_+disjointig_1_0_999999 655508 675495 999999 -1 -1 19987 0
Chain
	Aln	1	+HG003_pb_pass2_read654_start326500 10 19993 20000 -edge_1_0_+disjointig_1_0_999999 326509 346492 999999 -1 -1 19983 0
Chain
	Aln	0	-HG003_pb_pass2_read654_start326500 6 19989 20000 +edge_1_0_+disjointig_1_0_999999 653506 673489 999999 -1 -1 19983 0
Chain
	Aln	1	+HG003_pb_pass2_read655_start328500 1 19997 20000 -edge_1_0_+disjointig_1_0_999999 328500 348496 999999 -1 -1 19996 5.22676e-05
Chain
	Aln	0	-HG003_pb_pass2_read655_start328500 2 19998 20000 +edge_1_0_+disjointig_1_0_999999 651502 671498 999999 -1 -1 19996 5.22676e-05
Chain
	Aln	1	+HG003_pb_pass2_read656_start330500 4 19998 20000 -edge_1_0_+disjointig_1_0_999999 330503 350497 999999 -1 -1 19994 0.000127269
Chain
	Aln	0	-HG003_pb_pass2_read656_start330500 1 19995 20000 +edge_1_0_+disjointig_1_0_999999 649501 669495 999999 -1 -1 19994 0.000127269
Chain
	Aln	1	+HG003_pb_pass2_read657_start332500 3 19998 20000 -edge_1_0_+disjointig_1_0_999999 332502 352497 999999 -1 -1 19995 6.54936e-05
Chain
	Aln	0	-HG003_pb_pass2_read657_start332500 1 19996 20000 +edge_1_0_+disjointig_1_0_999999 647501 667496 999999 -1 -1 19995 6.54936e-05
Chain
	Aln	1	+HG003_pb_pass2_read658_start334500 8 19997 20000 -edge_1_0_+disjointig_1_0_999999 334507 354496 999999 -1 -1 19989 0.000128745
Chain
	Aln	0	-HG003_pb_pass2_read658_start334500 2 19991 20000 +edge_1_0_+disjointig_1_0_999999 645502 665491 999999 -1 -1 19989 0.000128745
Chain
	Aln	1	+HG003_pb_pass2_read659_start336500 6 19996 20000 -edge_1_0_+disjointig_1_0_999999 336505 356495 999999 -1 -1 19990 5.07823e-05
Chain
	Aln	0	-HG003_pb_pass2_read659_start336500 3 19993 20000 +edge_1_0_+disjointig_1_0_999999 643503 663493 999999 -1 -1 19990 5.07823e-05
Chain
	Aln	1	+HG003_pb_pass2_read660_start338500 14 19996 20000 -edge_1_0_+disjointig_1_0_999999 338513 358495 999999 -1 -1 19982 0.000140534
Chain
	Aln	0	-HG003_pb_pass2_read660_start338500 3 19985 20000 +edge_1_0_+disjointig_1_0_999999 641503 661485 999999 -1 -1 19982 0.000140534
Chain
	Aln	1	+HG003_pb_pass2_read661_start340500 6 19995 20000 -edge_1_0_+disjointig_1_0_999999 340505 360494 999999 -1 -1 19989 0
Chain
	Aln	0	-HG003_pb_pass2_read661_start340500 4 19993 20000 +edge_1_0_+disjointig_1_0_999999 639504 659493 999999 -1 -1 19989 0
Chain
	Aln	1	+HG003_pb_pass2_read662_start342500 11 19996 20000 -edge_1_0_+disjointig_1_0_999999 342510 362495 999999 -1 -1 19985 1.98976e-05
Chain
	Aln	0	-HG003_pb_pass2_read662_start342500 3 19988 20000 +edge_1_0_+disjointig_1_0_999999 637503 657488 999999 -1 -1 19985 1.98976e-05
Chain
	Aln	1	+HG003_pb_pass2_read663_start344500 9 19996 20000 -edge_1_0_+disjointig_1_0_999999 344508 364495 999999 -1 -1 19987 0.000268763
Chain
	Aln	0	-HG003_pb_pass2_read663_start344500 3 19990 20000 +edge_1_0_+disjointig_1_0_999999 635503 655490 999999 -1 -1 19987 0.000268763
Chain
	Aln	1	+HG003_pb_pass2_read664_start346500 2 19997 20000 -edge_1_0_+disjointig_1_0_999999 346501 366496 999999 -1 -1 19995 0.000178787
Chain
	Aln	0	-HG003_pb_pass2_read664_start346500 2 19997 20000 +edge_1_0_+disjointig_1_0_999999 633502 653497 999999 -1 -1 19995 0.000178787
Chain
	Aln	1	+HG003_pb_pass2_read665_start348500 9 19996 20000 -edge_1_0_+disjointig_1_0_999999 348508 368495 999999 -1 -1 19987 0.000187658
Chain
	Aln	0	-HG003_pb_pass2_read665_start348500 3 19990 20000 +edge_1_0_+disjointig_1_0_999999 631503 651490 999999 -1 -1 19987 0.000187658
Chain
	Aln	1	+HG003_pb_pass2_read666_start350500 8 19998 20000 -edge_1_0_+disjointig_1_0_999999 350507 370497 999999 -1 -1 19990 0.000326309
Chain
	Aln	0	-HG003_pb_pass2_read666_start350500 1 19991 20000 +edge_1_0_+disjointig_1_0_999999 629501 649491 999999 -1 -1 19990 0.000326309
Chain
	Aln	1	+HG003_pb_pass2_read667_start352500 7 19990 20000 -edge_1_0_+disjointig_1_0_999999 352506 372489 999999 -1 -1 19983 0.000305705
Chain
	Aln	0	-HG003_pb_pass2_read667_start352500 9 19992 20000 +edge_1_0_+disjointig_1_0_999999 627509 647492 999999 -1 -1 19983 0.000305705
Chain
	Aln	1	+HG003_pb_pass2_read668_start354500 8 19998 20000 -edge_1_0_+disjointig_1_0_999999 354507 374497 999999 -1 -1 19990 0.000196486
Chain
	Aln	0	-HG003_pb_pass2_read668_start354500 1 19991 20000 +edge_1_0_+disjointig_1_0_999999 625501 645491 999999 -1 -1 19990 0.000196486
Chain
	Aln	1	+HG003_pb_pass2_read669_start356500 2 19997 20000 -edge_1_0_+disjointig_1_0_999999 356501 376496 999999 -1 -1 19995 0.000276071
Chain
	Aln	0	-HG003_pb_pass2_read669_start356500 2 19997 20000 +edge_1_0_+disjointig_1_0_999999 623502 643497 999999 -1 -1 19995 0.000276071
Chain
	Aln	1	+HG003_pb_pass2_read670_start358500 6 19994 20000 -edge_1_0_+disjointig_1_0_999999 358505 378493 999999 -1 -1 19988 0.00033667
Chain
	Aln	0	-HG003_pb_pass2_read670_start358500 5 19993 20000 +edge_1_0_+disjointig_1_0_999999 621505 641493 999999 -1 -1 19988 0.00033667
Chain
	Aln	1	+HG003_pb_pass2_read671_start360500 12 19994 20000 -edge_1_0_+disjointig_1_0_999999 360511 380493 999999 -1 -1 19982 0.000481731
Chain
	Aln	0	-HG003_pb_pass2_read671_start360500 5 19987 20000 +edge_1_0_+disjointig_1_0_999999 619505 639487 999999 -1 -1 19982 0.000481731
Chain
	Aln	1	+HG003_pb_pass2_read672_start362500 7 19996 20000 -edge_1_0_+disjointig_1_0_999999 362506 382495 999999 -1 -1 19989 0.000502336
Chain
	Aln	0	-HG003_pb_pass2_read672_start362500 3 19992 20000 +edge_1_0_+disjointig_1_0_999999 617503 637492 999999 -1 -1 19989 0.000502336
Chain
	Aln	1	+HG003_pb_pass2_read673_start364500 11 19997 20000 -edge_1_0_+disjointig_1_0_999999 364510 384496 999999 -1 -1 19986 0.00057503
Chain
	Aln	0	-HG003_pb_pass2_read673_start364500 2 19988 20000 +edge_1_0_+disjointig_1_0_999999 615502 635488 999999 -1 -1 19986 0.00057503
Chain
	Aln	1	+HG003_pb_pass2_read674_start366500 6 19997 20000 -edge_1_0_+disjointig_1_0_999999 366505 386496 999999 -1 -1 19991 0.000540813
Chain
	Aln	0	-HG003_pb_pass2_read674_start366500 2 19993 20000 +edge_1_0_+disjointig_1_0_999999 613502 633493 999999 -1 -1 19991 0.000540813
Chain
	Aln	1	+HG003_pb_pass2_read675_start368500 4 19996 20000 -edge_1_0_+disjointig_1_0_999999 368503 388495 999999 -1 -1 19992 0.000332194
Chain
	Aln	0	-HG003_pb_pass2_read675_start368500 3 19995 20000 +edge_1_0_+disjointig_1_0_999999 611503 631495 999999 -1 -1 19992 0.000332194
Chain
	Aln	1	+HG003_pb_pass2_read676_start370500 10 19992 20000 -edge_1_0_+disjointig_1_0_999999 370509 390491 999999 -1 -1 19982 0.000221592
Chain
	Aln	0	-HG003_pb_pass2_read676_start370500 7 19989 20000 +edge_1_0_+disjointig_1_0_999999 609507 629489 999999 -1 -1 19982 0.000221592
Chain
	Aln	1	+HG003_pb_pass2_read677_start372500 5 19992 20000 -edge_1_0_+disjointig_1_0_999999 372504 392491 999999 -1 -1 19987 0.00054535
Chain
	Aln	0	-HG003_pb_pass2_read677_start372500 7 19994 20000 +edge_1_0_+disjointig_1_0_999999 607507 627494 999999 -1 -1 19987 0.00054535
Chain
	Aln	1	+HG003_pb_pass2_read678_start374500 10 19993 20000 -edge_1_0_+disjointig_1_0_999999 374509 394492 999999 -1 -1 19983 0.000500966
Chain
	Aln	0	-HG003_pb_pass2_read678_start374500 6 19989 20000 +edge_1_0_+disjointig_1_0_999999 605506 625489 999999 -1 -1 19983 0.000500966
Chain
	Aln	1	+HG003_pb_pass2_read679_start376500 12 19994 20000 -edge_1_0_+disjointig_1_0_999999 376511 396493 999999 -1 -1 19982 0.000841302
Chain
	Aln	0	-HG003_pb_pass2_read679_start376500 5 19987 20000 +edge_1_0_+disjointig_1_0_999999 603505 623487 999999 -1 -1 19982 0.000841302
Chain
	Aln	1	+HG003_pb_pass2_read680_start378500 1 19998 20000 -edge_1_0_+disjointig_1_0_999999 378500 398497 999999 -1 -1 19997 0.000607394
Chain
	Aln	0	-HG003_pb_pass2_read680_start378500 1 19998 20000 +edge_1_0_+disjointig_1_0_999999 601501 621498 999999 -1 -1 19997 0.000607394
Chain
	Aln	1	+HG003_pb_pass2_read681_start380500 5 19998 20000 -edge_1_0_+disjointig_1_0_999999 380504 400497 999999 -1 -1 19993 0.000432684
Chain
	Aln	0	-HG003_pb_pass2_read681_start380500 1 19994 20000 +edge_1_0_+disjointig_1_0_999999 599501 619494 999999 -1 -1 19993 0.000432684
Chain
	Aln	1	+HG003_pb_pass2_read682_start382500 3 19997 20000 -edge_1_0_+disjointig_1_0_999999 382502 402496 999999 -1 -1 19994 0.000549637
Chain
	Aln	0	-HG003_pb_pass2_read682_start382500 2 19996 20000 +edge_1_0_+disjointig_1_0_999999 597502 617496 999999 -1 -1 19994 0.000549637
Chain
	Aln	1	+HG003_pb_pass2_read683_start384500 8 19998 20000 -edge_1_0_+disjointig_1_0_999999 384507 404497 999999 -1 -1 19990 0.000701131
Chain
	Aln	0	-HG003_pb_pass2_read683_start384500 1 19991 20000 +edge_1_0_+disjointig_1_0_999999 595501 615491 999999 -1 -1 19990 0.000701131
Chain
	Aln	1	+HG003_pb_pass2_read684_start386500 5 19996 20000 -edge_1_0_+disjointig_1_0_999999 386504 406495 999999 -1 -1 19991 0.000491927
Chain
	Aln	0	-HG003_pb_pass2_read684_start386500 3 19994 20000 +edge_1_0_+disjointig_1_0_999999 593503 613494 999999 -1 -1 19991 0.000491927
Chain
	Aln	1	+HG003_pb_pass2_read685_start388500 7 19993 20000 -edge_1_0_+disjointig_1_0_999999 388506 408492 999999 -1 -1 19986 0.000509795
Chain
	Aln	0	-HG003_pb_pass2_read685_start388500 6 19992 20000 +edge_1_0_+disjointig_1_0_999999 591506 611492 999999 -1 -1 19986 0.000509795
Chain
	Aln	1	+HG003_pb_pass2_read686_start390500 11 19993 20000 -edge_1_0_+disjointig_1_0_999999 390510 410492 999999 -1 -1 19982 0.000972608
Chain
	Aln	0	-HG003_pb_pass2_read686_start390500 6 19988 20000 +edge_1_0_+disjointig_1_0_999999 589506 609488 999999 -1 -1 19982 0.000972608
Chain
	Aln	1	+HG003_pb_pass2_read687_start392500 10 19995 20000 -edge_1_0_+disjointig_1_0_999999 392509 412494 999999 -1 -1 19985 0.000327843
Chain
	Aln	0	-HG003_pb_pass2_read687_start392500 4 19989 20000 +edge_1_0_+disjointig_1_0_999999 587504 607489 999999 -1 -1 19985 0.000327843
Chain
	Aln	1	+HG003_pb_pass2_read688_start394500 6 19991 20000 -edge_1_0_+disjointig_1_0_999999 394505 414490 999999 -1 -1 19985 0.000441691
Chain
	Aln	0	-HG003_pb_pass2_read688_start394500 8 19993 20000 +edge_1_0_+disjointig_1_0_999999 585508 605493 999999 -1 -1 19985 0.000441691
Chain
	Aln	1	+HG003_pb_pass2_read689_start396500 2 19993 20000 -edge_1_0_+disjointig_1_0_999999 396501 416492 999999 -1 -1 19991 5.37248e-05
Chain
	Aln	0	-HG003_pb_pass2_read689_start396500 6 19997 20000 +edge_1_0_+disjointig_1_0_999999 583506 603497 999999 -1 -1 19991 5.37248e-05
Chain
	Aln	1	+HG003_pb_pass2_read690_start398500 1 19991 20000 -edge_1_0_+disjointig_1_0_999999 398500 418490 999999 -1 -1 19990 0
Chain
	Aln	0	-HG003_pb_pass2_read690_start398500 8 19998 20000 +edge_1_0_+disjointig_1_0_999999 581508 601498 999999 -1 -1 19990 0
Chain
	Aln	1	+HG003_pb_pass2_read691_start400500 4 19998 20000 -edge_1_0_+disjointig_1_0_999999 400503 420497 999999 -1 -1 19994 0
Chain
	Aln	0	-HG003_pb_pass2_read691_start400500 1 19995 20000 +edge_1_0_+disjointig_1_0_999999 579501 599495 999999 -1 -1 19994 0
Chain
	Aln	1	+HG003_pb_pass2_read692_start402500 10 19997 20000 -edge_1_0_+disjointig_1_0_999999 402509 422496 999999 -1 -1 19987 0
Chain
	Aln	0	-HG003_pb_pass2_read692_start402500 2 19989 20000 +edge_1_0_+disjointig_1_0_999999 577502 597489 999999 -1 -1 19987 0
Chain
	Aln	1	+HG003_pb_pass2_read693_start404500 6 19992 20000 -edge_1_0_+disjointig_1_0_999999 404505 424491 999999 -1 -1 19986 0
Chain
	Aln	0	-HG003_pb_pass2_read693_start404500 7 19993 20000 +edge_1_0_+disjointig_1_0_999999 575507 595493 999999 -1 -1 19986 0
Chain
	Aln	1	+HG003_pb_pass2_read694_start406500 1 19992 20000 -edge_1_0_+disjointig_1_0_999999 406500 426491 999999 -1 -1 19991 0
Chain
	Aln	0	-HG003_pb_pass2_read694_start406500 7 19998 20000 +edge_1_0_+disjointig_1_0_999999 573507 593498 999999 -1 -1 19991 0
Chain
	Aln	1	+HG003_pb_pass2_read695_start408500 16 19993 20000 -edge_1_0_+disjointig_1_0_999999 408515 428492 999999 -1 -1 19977 0
Chain
	Aln	0	-HG003_pb_pass2_read695_start408500 6 19983 20000 +edge_1_0_+disjointig_1_0_999999 571506 591483 999999 -1 -1 19977 0
Chain
	Aln	1	+HG003_pb_pass2_read696_start410500 8 19998 20000 -edge_1_0_+disjointig_1_0_999999 410507 430497 999999 -1 -1 19990 0
Chain
	Aln	0	-HG003_pb_pass2_read696_start410500 1 19991 20000 +edge_1_0_+disjointig_1_0_999999 569501 589491 999999 -1 -1 19990 0
Chain
	Aln	1	+HG003_pb_pass2_read697_start412500 5 19997 20000 -edge_1_0_+disjointig_1_0_999999 412504 432496 999999 -1 -1 19992 0
Chain
	Aln	0	-HG003_pb_pass2_read697_start412500 2 19994 20000 +edge_1_0_+disjointig_1_0_999999 567502 587494 999999 -1 -1 19992 0
Chain
	Aln	1	+HG003_pb_pass2_read698_start414500 13 19997 20000 -edge_1_0_+disjointig_1_0_999999 414512 434496 999999 -1 -1 19984 0
Chain
	Aln	0	-HG003_pb_pass2_read698_start414500 2 19986 20000 +edge_1_0_+disjointig_1_0_999999 565502 585486 999999 -1 -1 19984 0
Chain
	Aln	1	+HG003_pb_pass2_read699_start416500 11 19995 20000 -edge_1_0_+disjointig_1_0_999999 416510 436494 999999 -1 -1 19984 0
Chain
	Aln	0	-HG003_pb_pass2_read699_start416500 4 19988 20000 +edge_1_0_+disjointig_1_0_999999 563504 583488 999999 -1 -1 19984 0
Chain
	Aln	1	+HG003_pb_pass2_read700_start418500 10 19993 20000 -edge_1_0_+disjointig_1_0_999999 418509 438492 999999 -1 -1 19983 0
Chain
	Aln	0	-HG003_pb_pass2_read700_start418500 6 19989 20000 +edge_1_0_+disjointig_1_0_999999 561506 581489 999999 -1 -1 19983 0
Chain
	Aln	1	+HG003_pb_pass2_read701_start420500 11 19995 20000 -edge_1_0_+disjointig_1_0_999999 420510 440494 999999 -1 -1 19984 0
Chain
	Aln	0	-HG003_pb_pass2_read701_start420500 4 19988 20000 +edge_1_0_+disjointig_1_0_999999 559504 579488 999999 -1 -1 19984 0
Chain
	Aln	1	+HG003_pb_pass2_read702_start422500 4 19998 20000 -edge_1_0_+disjointig_1_0_999999 422503 442497 999999 -1 -1 19994 4.63822e-05
Chain
	Aln	0	-HG003_pb_pass2_read702_start422500 1 19995 20000 +edge_1_0_+disjointig_1_0_999999 557501 577495 999999 -1 -1 19994 4.63822e-05
Chain
	Aln	1	+HG003_pb_pass2_read703_start424500 5 19993 20000 -edge_1_0_+disjointig_1_0_999999 424504 444492 999999 -1 -1 19988 0
Chain
	Aln	0	-HG003_pb_pass2_read703_start424500 6 19994 20000 +edge_1_0_+disjointig_1_0_999999 555506 575494 999999 -1 -1 19988 0
Chain
	Aln	1	+HG003_pb_pass2_read704_start426500 13 19996 20000 -edge_1_0_+disjointig_1_0_999999 426512 446495 999999 -1 -1 19983 0
Chain
	Aln	0	-HG003_pb_pass2_read704_start426500 3 19986 20000 +edge_1_0_+disjointig_1_0_999999 553503 573486 999999 -1 -1 19983 0
Chain
	Aln	1	+HG003_pb_pass2_read705_start428500 7 19998 20000 -edge_1_0_+disjointig_1_0_999999 428506 448497 999999 -1 -1 19991 3.7553e-05
Chain
	Aln	0	-HG003_pb_pass2_read705_start428500 1 19992 20000 +edge_1_0_+disjointig_1_0_999999 551501 571492 999999 -1 -1 19991 3.7553e-05
Chain
	Aln	1	+HG003_pb_pass2_read707_start432500 7 19997 20000 -edge_1_0_+disjointig_1_0_999999 432506 452496 999999 -1 -1 19990 0.000407585
Chain
	Aln	0	-HG003_pb_pass2_read707_start432500 2 19992 20000 +edge_1_0_+disjointig_1_0_999999 547502 567492 999999 -1 -1 19990 0.000407585
Chain
	Aln	1	+HG003_pb_pass2_read708_start434500 9 19995 20000 -edge_1_0_+disjointig_1_0_999999 434508 454494 999999 -1 -1 19986 0.000412083
Chain
	Aln	0	-HG003_pb_pass2_read708_start434500 4 19990 20000 +edge_1_0_+disjointig_1_0_999999 545504 565490 999999 -1 -1 19986 0.000412083
Chain
	Aln	1	+HG003_pb_pass2_read709_start436500 10 19998 20000 -edge_1_0_+disjointig_1_0_999999 436509 456497 999999 -1 -1 19988 0.000304178
Chain
	Aln	0	-HG003_pb_pass2_read709_start436500 1 19989 20000 +edge_1_0_+disjointig_1_0_999999 543501 563489 999999 -1 -1 19988 0.000304178
Chain
	Aln	1	+HG003_pb_pass2_read710_start438500 8 19995 20000 -edge_1_0_+disjointig_1_0_999999 438507 458494 999999 -1 -1 19987 0.000626949
Chain
	Aln	0	-HG003_pb_pass2_read710_start438500 4 19991 20000 +edge_1_0_+disjointig_1_0_999999 541504 561491 999999 -1 -1 19987 0.000626949
Chain
	Aln	1	+HG003_pb_pass2_read711_start440500 13 19992 20000 -edge_1_0_+disjointig_1_0_999999 440512 460491 999999 -1 -1 19979 0.000570745
Chain
	Aln	0	-HG003_pb_pass2_read711_start440500 7 19986 20000 +edge_1_0_+disjointig_1_0_999999 539507 559486 999999 -1 -1 19979 0.000570745
Chain
	Aln	1	+HG003_pb_pass2_read712_start442500 3 19997 20000 -edge_1_0_+disjointig_1_0_999999 442502 462496 999999 -1 -1 19994 0.000582258
Chain
	Aln	0	-HG003_pb_pass2_read712_start442500 2 19996 20000 +edge_1_0_+disjointig_1_0_999999 537502 557496 999999 -1 -1 19994 0.000582258
Chain
	Aln	1	+HG003_pb_pass2_read713_start444500 8 19998 20000 -edge_1_0_+disjointig_1_0_999999 444507 464497 999999 -1 -1 19990 0.000930464
Chain
	Aln	0	-HG003_pb_pass2_read713_start444500 1 19991 20000 +edge_1_0_+disjointig_1_0_999999 535501 555491 999999 -1 -1 19990 0.000930464
Chain
	Aln	1	+HG003_pb_pass2_read714_start446500 14 19998 20000 -edge_1_0_+disjointig_1_0_999999 446513 466497 999999 -1 -1 19984 0.000765282
Chain
	Aln	0	-HG003_pb_pass2_read714_start446500 1 19985 20000 +edge_1_0_+disjointig_1_0_999999 533501 553485 999999 -1 -1 19984 0.000765282
Chain
	Aln	1	+HG003_pb_pass2_read715_start448500 9 19993 20000 -edge_1_0_+disjointig_1_0_999999 448508 468492 999999 -1 -1 19984 0.000585466
Chain
	Aln	0	-HG003_pb_pass2_read715_start448500 6 19990 20000 +edge_1_0_+disjointig_1_0_999999 531506 551490 999999 -1 -1 19984 0.000585466
Chain
	Aln	1	+HG003_pb_pass2_read716_start450500 9 19995 20000 -edge_1_0_+disjointig_1_0_999999 450508 470494 999999 -1 -1 19986 0.000330786
Chain
	Aln	0	-HG003_pb_pass2_read716_start450500 4 19990 20000 +edge_1_0_+disjointig_1_0_999999 529504 549490 999999 -1 -1 19986 0.000330786
Chain
	Aln	1	+HG003_pb_pass2_read717_start452500 14 19996 20000 -edge_1_0_+disjointig_1_0_999999 452513 472495 999999 -1 -1 19982 0.000319007
Chain
	Aln	0	-HG003_pb_pass2_read717_start452500 3 19985 20000 +edge_1_0_+disjointig_1_0_999999 527503 547485 999999 -1 -1 19982 0.000319007
Chain
	Aln	1	+HG003_pb_pass2_read718_start454500 1 19993 20000 -edge_1_0_+disjointig_1_0_999999 454500 474492 999999 -1 -1 19992 0.000560063
Chain
	Aln	0	-HG003_pb_pass2_read718_start454500 6 19998 20000 +edge_1_0_+disjointig_1_0_999999 525506 545498 999999 -1 -1 19992 0.000560063
Chain
	Aln	1	+HG003_pb_pass2_read719_start456500 3 19993 20000 -edge_1_0_+disjointig_1_0_999999 456502 476492 999999 -1 -1 19990 0.000261363
Chain
	Aln	0	-HG003_pb_pass2_read719_start456500 6 19996 20000 +edge_1_0_+disjointig_1_0_999999 523506 543496 999999 -1 -1 19990 0.000261363
Chain
	Aln	1	+HG003_pb_pass2_read720_start458500 11 19998 20000 -edge_1_0_+disjointig_1_0_999999 458510 478497 999999 -1 -1 19987 0.000187658
Chain
	Aln	0	-HG003_pb_pass2_read720_start458500 1 19988 20000 +edge_1_0_+disjointig_1_0_999999 521501 541488 999999 -1 -1 19987 0.000187658
Chain
	Aln	1	+HG003_pb_pass2_read721_start460500 11 19997 20000 -edge_1_0_+disjointig_1_0_999999 460510 480496 999999 -1 -1 19986 0.000184715
Chain
	Aln	0	-HG003_pb_pass2_read721_start460500 2 19988 20000 +edge_1_0_+disjointig_1_0_999999 519502 539488 999999 -1 -1 19986 0.000184715
Chain
	Aln	1	+HG003_pb_pass2_read722_start462500 9 19993 20000 -edge_1_0_+disjointig_1_0_999999 462508 482492 999999 -1 -1 19984 0.000308649
Chain
	Aln	0	-HG003_pb_pass2_read722_start462500 6 19990 20000 +edge_1_0_+disjointig_1_0_999999 517506 537490 999999 -1 -1 19984 0.000308649
Chain
	Aln	1	+HG003_pb_pass2_read723_start464500 10 19998 20000 -edge_1_0_+disjointig_1_0_999999 464509 484497 999999 -1 -1 19988 0.000271702
Chain
	Aln	0	-HG003_pb_pass2_read723_start464500 1 19989 20000 +edge_1_0_+disjointig_1_0_999999 515501 535489 999999 -1 -1 19988 0.000271702
Chain
	Aln	1	+HG003_pb_pass2_read724_start466500 9 19996 20000 -edge_1_0_+disjointig_1_0_999999 466508 486495 999999 -1 -1 19987 0.000675959
Chain
	Aln	0	-HG003_pb_pass2_read724_start466500 3 19990 20000 +edge_1_0_+disjointig_1_0_999999 513503 533490 999999 -1 -1 19987 0.000675959
Chain
	Aln	1	+HG003_pb_pass2_read725_start468500 9 19998 20000 -edge_1_0_+disjointig_1_0_999999 468508 488497 999999 -1 -1 19989 0.000698193
Chain
	Aln	0	-HG003_pb_pass2_read725_start468500 1 19990 20000 +edge_1_0_+disjointig_1_0_999999 511501 531490 999999 -1 -1 19989 0.000698193
Chain
	Aln	1	+HG003_pb_pass2_read726_start470500 11 19997 20000 -edge_1_0_+disjointig_1_0_999999 470510 490496 999999 -1 -1 19986 0.000722068
Chain
	Aln	0	-HG003_pb_pass2_read726_start470500 2 19988 20000 +edge_1_0_+disjointig_1_0_999999 509502 529488 999999 -1 -1 19986 0.000722068
Chain
	Aln	1	+HG003_pb_pass2_read727_start472500 8 19995 20000 -edge_1_0_+disjointig_1_0_999999 472507 492494 999999 -1 -1 19987 0.000594296
Chain
	Aln	0	-HG003_pb_pass2_read727_start472500 4 19991 20000 +edge_1_0_+disjointig_1_0_999999 507504 527491 999999 -1 -1 19987 0.000594296
Chain
	Aln	1	+HG003_pb_pass2_read728_start474500 12 19996 20000 -edge_1_0_+disjointig_1_0_999999 474511 494495 999999 -1 -1 19984 0.000276169
Chain
	Aln	0	-HG003_pb_pass2_read728_start474500 3 19987 20000 +edge_1_0_+disjointig_1_0_999999 505503 525487 999999 -1 -1 19984 0.000276169
Chain
	Aln	1	+HG003_pb_pass2_read729_start476500 8 19998 20000 -edge_1_0_+disjointig_1_0_999999 476507 496497 999999 -1 -1 19990 0.000456409
Chain
	Aln	0	-HG003_pb_pass2_read729_start476500 1 19991 20000 +edge_1_0_+disjointig_1_0_999999 503501 523491 999999 -1 -1 19990 0.000456409
Chain
	Aln	1	+HG003_pb_pass2_read730_start478500 12 19998 20000 -edge_1_0_+disjointig_1_0_999999 478511 498497 999999 -1 -1 19986 0.000526102
Chain
	Aln	0	-HG003_pb_pass2_read730_start478500 1 19987 20000 +edge_1_0_+disjointig_1_0_999999 501501 521487 999999 -1 -1 19986 0.000526102
Chain
	Aln	1	+HG003_pb_pass2_read706_start430500 5 19996 20000 -edge_1_0_+disjointig_1_0_999999 430504 450495 999999 -1 -1 19991 0.000329251
Chain
	Aln	0	-HG003_pb_pass2_read706_start430500 3 19994 20000 +edge_1_0_+disjointig_1_0_999999 549503 569494 999999 -1 -1 19991 0.000329251
Chain
	Aln	1	+HG003_pb_pass2_read731_start480500 1 19998 20000 -edge_1_0_+disjointig_1_0_999999 480500 500497 999999 -1 -1 19997 0.000395654
Chain
	Aln	0	-HG003_pb_pass2_read731_start480500 1 19998 20000 +edge_1_0_+disjointig_1_0_999999 499501 519498 999999 -1 -1 19997 0.000395654
Chain
	Aln	1	+HG003_pb_pass2_read732_start482500 8 19996 20000 -edge_1_0_+disjointig_1_0_999999 482507 502495 999999 -1 -1 19988 0.000206815
Chain
	Aln	0	-HG003_pb_pass2_read732_start482500 3 19991 20000 +edge_1_0_+disjointig_1_0_999999 497503 517491 999999 -1 -1 19988 0.000206815
Chain
	Aln	1	+HG003_pb_pass2_read733_start484500 9 19995 20000 -edge_1_0_+disjointig_1_0_999999 484508 504494 999999 -1 -1 19986 0.00016851
Chain
	Aln	0	-HG003_pb_pass2_read733_start484500 4 19990 20000 +edge_1_0_+disjointig_1_0_999999 495504 515490 999999 -1 -1 19986 0.00016851
Chain
	Aln	1	+HG003_pb_pass2_read734_start486500 16 19996 20000 -edge_1_0_+disjointig_1_0_999999 486515 506495 999999 -1 -1 19980 0
Chain
	Aln	0	-HG003_pb_pass2_read734_start486500 3 19983 20000 +edge_1_0_+disjointig_1_0_999999 493503 513483 999999 -1 -1 19980 0
Chain
	Aln	1	+HG003_pb_pass2_read735_start488500 10 19995 20000 -edge_1_0_+disjointig_1_0_999999 488509 508494 999999 -1 -1 19985 0
Chain
	Aln	0	-HG003_pb_pass2_read735_start488500 4 19989 20000 +edge_1_0_+disjointig_1_0_999999 491504 511489 999999 -1 -1 19985 0
Chain
	Aln	1	+HG003_pb_pass2_read736_start490500 3 19992 20000 -edge_1_0_+disjointig_1_0_999999 490502 510491 999999 -1 -1 19989 0
Chain
	Aln	0	-HG003_pb_pass2_read736_start490500 7 19996 20000 +edge_1_0_+disjointig_1_0_999999 489507 509496 999999 -1 -1 19989 0
Chain
	Aln	1	+HG003_pb_pass2_read737_start492500 4 19997 20000 -edge_1_0_+disjointig_1_0_999999 492503 512496 999999 -1 -1 19993 0
Chain
	Aln	0	-HG003_pb_pass2_read737_start492500 2 19995 20000 +edge_1_0_+disjointig_1_0_999999 487502 507495 999999 -1 -1 19993 0
Chain
	Aln	1	+HG003_pb_pass2_read738_start494500 9 19994 20000 -edge_1_0_+disjointig_1_0_999999 494508 514493 999999 -1 -1 19985 8.45988e-05
Chain
	Aln	0	-HG003_pb_pass2_read738_start494500 5 19990 20000 +edge_1_0_+disjointig_1_0_999999 485505 505490 999999 -1 -1 19985 8.45988e-05
Chain
	Aln	1	+HG003_pb_pass2_read739_start496500 10 19998 20000 -edge_1_0_+disjointig_1_0_999999 496509 516497 999999 -1 -1 19988 0
Chain
	Aln	0	-HG003_pb_pass2_read739_start496500 1 19989 20000 +edge_1_0_+disjointig_1_0_999999 483501 503489 999999 -1 -1 19988 0
Chain
	Aln	1	+HG003_pb_pass2_read740_start498500 9 19995 20000 -edge_1_0_+disjointig_1_0_999999 498508 518494 999999 -1 -1 19986 0
Chain
	Aln	0	-HG003_pb_pass2_read740_start498500 4 19990 20000 +edge_1_0_+disjointig_1_0_999999 481504 501490 999999 -1 -1 19986 0
Chain
	Aln	1	+HG003_pb_pass2_read741_start500500 11 19997 20000 -edge_1_0_+disjointig_1_0_999999 500510 520496 999999 -1 -1 19986 0
Chain
	Aln	0	-HG003_pb_pass2_read741_start500500 2 19988 20000 +edge_1_0_+disjointig_1_0_999999 479502 499488 999999 -1 -1 19986 0
Chain
	Aln	1	+HG003_pb_pass2_read742_start502500 11 19993 20000 -edge_1_0_+disjointig_1_0_999999 502510 522492 999999 -1 -1 19982 5.95885e-05
Chain
	Aln	0	-HG003_pb_pass2_read742_start502500 6 19988 20000 +edge_1_0_+disjointig_1_0_999999 477506 497488 999999 -1 -1 19982 5.95885e-05
Chain
	Aln	1	+HG003_pb_pass2_read743_start504500 13 19996 20000 -edge_1_0_+disjointig_1_0_999999 504512 524495 999999 -1 -1 19983 0
Chain
	Aln	0	-HG003_pb_pass2_read743_start504500 3 19986 20000 +edge_1_0_+disjointig_1_0_999999 475503 495486 999999 -1 -1 19983 0
Chain
	Aln	1	+HG003_pb_pass2_read744_start506500 9 19995 20000 -edge_1_0_+disjointig_1_0_999999 506508 526494 999999 -1 -1 19986 0
Chain
	Aln	0	-HG003_pb_pass2_read744_start506500 4 19990 20000 +edge_1_0_+disjointig_1_0_999999 473504 493490 999999 -1 -1 19986 0
Chain
	Aln	1	+HG003_pb_pass2_read745_start508500 9 19994 20000 -edge_1_0_+disjointig_1_0_999999 508508 528493 999999 -1 -1 19985 0.000133167
Chain
	Aln	0	-HG003_pb_pass2_read745_start508500 5 19990 20000 +edge_1_0_+disjointig_1_0_999999 471505 491490 999999 -1 -1 19985 0.000133167
Chain
	Aln	1	+HG003_pb_pass2_read746_start510500 11 19998 20000 -edge_1_0_+disjointig_1_0_999999 510510 530497 999999 -1 -1 19987 5.81244e-05
Chain
	Aln	0	-HG003_pb_pass2_read746_start510500 1 19988 20000 +edge_1_0_+disjointig_1_0_999999 469501 489488 999999 -1 -1 19987 5.81244e-05
Chain
	Aln	1	+HG003_pb_pass2_read747_start512500 12 19992 20000 -edge_1_0_+disjointig_1_0_999999 512511 532491 999999 -1 -1 19980 0.000296873
Chain
	Aln	0	-HG003_pb_pass2_read747_start512500 7 19987 20000 +edge_1_0_+disjointig_1_0_999999 467507 487487 999999 -1 -1 19980 0.000296873
Chain
	Aln	1	+HG003_pb_pass2_read748_start514500 9 19994 20000 -edge_1_0_+disjointig_1_0_999999 514508 534493 999999 -1 -1 19985 0
Chain
	Aln	0	-HG003_pb_pass2_read748_start514500 5 19990 20000 +edge_1_0_+disjointig_1_0_999999 465505 485490 999999 -1 -1 19985 0
Chain
	Aln	1	+HG003_pb_pass2_read749_start516500 9 19997 20000 -edge_1_0_+disjointig_1_0_999999 516508 536496 999999 -1 -1 19988 7.7246e-05
Chain
	Aln	0	-HG003_pb_pass2_read749_start516500 2 19990 20000 +edge_1_0_+disjointig_1_0_999999 463502 483490 999999 -1 -1 19988 7.7246e-05
Chain
	Aln	1	+HG003_pb_pass2_read750_start518500 12 19992 20000 -edge_1_0_+disjointig_1_0_999999 518511 538491 999999 -1 -1 19980 0.000264386
Chain
	Aln	0	-HG003_pb_pass2_read750_start518500 7 19987 20000 +edge_1_0_+disjointig_1_0_999999 461507 481487 999999 -1 -1 19980 0.000264386
Chain
	Aln	1	+HG003_pb_pass2_read751_start520500 5 19993 20000 -edge_1_0_+disjointig_1_0_999999 520504 540492 999999 -1 -1 19988 0
Chain
	Aln	0	-HG003_pb_pass2_read751_start520500 6 19994 20000 +edge_1_0_+disjointig_1_0_999999 459506 479494 999999 -1 -1 19988 0
Chain
	Aln	1	+HG003_pb_pass2_read752_start522500 8 19998 20000 -edge_1_0_+disjointig_1_0_999999 522507 542497 999999 -1 -1 19990 0
Chain
	Aln	0	-HG003_pb_pass2_read752_start522500 1 19991 20000 +edge_1_0_+disjointig_1_0_999999 457501 477491 999999 -1 -1 19990 0
Chain
	Aln	1	+HG003_pb_pass2_read753_start524500 5 19997 20000 -edge_1_0_+disjointig_1_0_999999 524504 544496 999999 -1 -1 19992 0.000315952
Chain
	Aln	0	-HG003_pb_pass2_read753_start524500 2 19994 20000 +edge_1_0_+disjointig_1_0_999999 455502 475494 999999 -1 -1 19992 0.000315952
Chain
	Aln	1	+HG003_pb_pass2_read754_start526500 8 19992 20000 -edge_1_0_+disjointig_1_0_999999 526507 546491 999999 -1 -1 19984 0.000114029
Chain
	Aln	0	-HG003_pb_pass2_read754_start526500 7 19991 20000 +edge_1_0_+disjointig_1_0_999999 453507 473491 999999 -1 -1 19984 0.000114029
Chain
	Aln	1	+HG003_pb_pass2_read755_start528500 4 19990 20000 -edge_1_0_+disjointig_1_0_999999 528503 548489 999999 -1 -1 19986 7.13561e-05
Chain
	Aln	0	-HG003_pb_pass2_read755_start528500 9 19995 20000 +edge_1_0_+disjointig_1_0_999999 451509 471495 999999 -1 -1 19986 7.13561e-05
Chain
	Aln	1	+HG003_pb_pass2_read756_start530500 8 19990 20000 -edge_1_0_+disjointig_1_0_999999 530507 550489 999999 -1 -1 19982 0.000140534
Chain
	Aln	0	-HG003_pb_pass2_read756_start530500 9 19991 20000 +edge_1_0_+disjointig_1_0_999999 449509 469491 999999 -1 -1 19982 0.000140534
Chain
	Aln	1	+HG003_pb_pass2_read757_start532500 5 19990 20000 -edge_1_0_+disjointig_1_0_999999 532504 552489 999999 -1 -1 19985 0
Chain
	Aln	0	-HG003_pb_pass2_read757_start532500 9 19994 20000 +edge_1_0_+disjointig_1_0_999999 447509 467494 999999 -1 -1 19985 0
Chain
	Aln	1	+HG003_pb_pass2_read758_start534500 5 19994 20000 -edge_1_0_+disjointig_1_0_999999 534504 554493 999999 -1 -1 19989 0
Chain
	Aln	0	-HG003_pb_pass2_read758_start534500 5 19994 20000 +edge_1_0_+disjointig_1_0_999999 445505 465494 999999 -1 -1 19989 0
Chain
	Aln	1	+HG003_pb_pass2_read759_start536500 14 19991 20000 -edge_1_0_+disjointig_1_0_999999 536513 556490 999999 -1 -1 19977 0
Chain
	Aln	0	-HG003_pb_pass2_read759_start536500 8 19985 20000 +edge_1_0_+disjointig_1_0_999999 443508 463485 999999 -1 -1 19977 0
Chain
	Aln	1	+HG003_pb_pass2_read760_start538500 3 19994 20000 -edge_1_0_+disjointig_1_0_999999 538502 558493 999999 -1 -1 19991 0
Chain
	Aln	0	-HG003_pb_pass2_read760_start538500 5 19996 20000 +edge_1_0_+disjointig_1_0_999999 441505 461496 999999 -1 -1 19991 0
Chain
	Aln	1	+HG003_pb_pass2_read761_start540500 7 19994 20000 -edge_1_0_+disjointig_1_0_999999 540506 560493 999999 -1 -1 19987 0.000171453
Chain
	Aln	0	-HG003_pb_pass2_read761_start540500 5 19992 20000 +edge_1_0_+disjointig_1_0_999999 439505 459492 999999 -1 -1 19987 0.000171453
Chain
	Aln	1	+HG003_pb_pass2_read762_start542500 4 19996 20000 -edge_1_0_+disjointig_1_0_999999 542503 562495 999999 -1 -1 19992 0.000332194
Chain
	Aln	0	-HG003_pb_pass2_read762_start542500 3 19995 20000 +edge_1_0_+disjointig_1_0_999999 437503 457495 999999 -1 -1 19992 0.000332194
Chain
	Aln	1	+HG003_pb_pass2_read763_start544500 12 19993 20000 -edge_1_0_+disjointig_1_0_999999 544511 564492 999999 -1 -1 19981 0.000153796
Chain
	Aln	0	-HG003_pb_pass2_read763_start544500 6 19987 20000 +edge_1_0_+disjointig_1_0_999999 435506 455487 999999 -1 -1 19981 0.000153796
Chain
	Aln	1	+HG003_pb_pass2_read764_start546500 6 19995 20000 -edge_1_0_+disjointig_1_0_999999 546505 566494 999999 -1 -1 19989 0.000209757
Chain
	Aln	0	-HG003_pb_pass2_read764_start546500 4 19993 20000 +edge_1_0_+disjointig_1_0_999999 433504 453493 999999 -1 -1 19989 0.000209757
Chain
	Aln	1	+HG003_pb_pass2_read765_start548500 8 19997 20000 -edge_1_0_+disjointig_1_0_999999 548507 568496 999999 -1 -1 19989 0.000209757
Chain
	Aln	0	-HG003_pb_pass2_read765_start548500 2 19991 20000 +edge_1_0_+disjointig_1_0_999999 431502 451491 999999 -1 -1 19989 0.000209757
Chain
	Aln	1	+HG003_pb_pass2_read766_start550500 4 19997 20000 -edge_1_0_+disjointig_1_0_999999 550503 570496 999999 -1 -1 19993 0.000302657
Chain
	Aln	0	-HG003_pb_pass2_read766_start550500 2 19995 20000 +edge_1_0_+disjointig_1_0_999999 429502 449495 999999 -1 -1 19993 0.000302657
Chain
	Aln	1	+HG003_pb_pass2_read767_start552500 12 19997 20000 -edge_1_0_+disjointig_1_0_999999 552511 572496 999999 -1 -1 19985 0.000376601
Chain
	Aln	0	-HG003_pb_pass2_read767_start552500 2 19987 20000 +edge_1_0_+disjointig_1_0_999999 427502 447487 999999 -1 -1 19985 0.000376601
Chain
	Aln	1	+HG003_pb_pass2_read768_start554500 11 19998 20000 -edge_1_0_+disjointig_1_0_999999 554510 574497 999999 -1 -1 19987 0.000268763
Chain
	Aln	0	-HG003_pb_pass2_read768_start554500 1 19988 20000 +edge_1_0_+disjointig_1_0_999999 425501 445488 999999 -1 -1 19987 0.000268763
Chain
	Aln	1	+HG003_pb_pass2_read769_start556500 5 19997 20000 -edge_1_0_+disjointig_1_0_999999 556504 576496 999999 -1 -1 19992 0.000332194
Chain
	Aln	0	-HG003_pb_pass2_read769_start556500 2 19994 20000 +edge_1_0_+disjointig_1_0_999999 423502 443494 999999 -1 -1 19992 0.000332194
Chain
	Aln	1	+HG003_pb_pass2_read770_start558500 7 19992 20000 -edge_1_0_+disjointig_1_0_999999 558506 578491 999999 -1 -1 19985 0.000425417
Chain
	Aln	0	-HG003_pb_pass2_read770_start558500 7 19992 20000 +edge_1_0_+disjointig_1_0_999999 421507 441492 999999 -1 -1 19985 0.000425417
Chain
	Aln	1	+HG003_pb_pass2_read771_start560500 15 19989 20000 -edge_1_0_+disjointig_1_0_999999 560514 580488 999999 -1 -1 19974 0.000360483
Chain
	Aln	0	-HG003_pb_pass2_read771_start560500 10 19984 20000 +edge_1_0_+disjointig_1_0_999999 419510 439484 999999 -1 -1 19974 0.000360483
Chain
	Aln	1	+HG003_pb_pass2_read772_start562500 5 19997 20000 -edge_1_0_+disjointig_1_0_999999 562504 582496 999999 -1 -1 19992 0
Chain
	Aln	0	-HG003_pb_pass2_read772_start562500 2 19994 20000 +edge_1_0_+disjointig_1_0_999999 417502 437494 999999 -1 -1 19992 0
Chain
	Aln	1	+HG003_pb_pass2_read773_start564500 3 19995 20000 -edge_1_0_+disjointig_1_0_999999 564502 584494 999999 -1 -1 19992 0.000169964
Chain
	Aln	0	-HG003_pb_pass2_read773_start564500 4 19996 20000 +edge_1_0_+disjointig_1_0_999999 415504 435496 999999 -1 -1 19992 0.000169964
Chain
	Aln	1	+HG003_pb_pass2_read774_start566500 7 19995 20000 -edge_1_0_+disjointig_1_0_999999 566506 586494 999999 -1 -1 19988 0.000125799
Chain
	Aln	0	-HG003_pb_pass2_read774_start566500 4 19992 20000 +edge_1_0_+disjointig_1_0_999999 413504 433492 999999 -1 -1 19988 0.000125799
Chain
	Aln	1	+HG003_pb_pass2_read775_start568500 11 19992 20000 -edge_1_0_+disjointig_1_0_999999 568510 588491 999999 -1 -1 19981 0
Chain
	Aln	0	-HG003_pb_pass2_read775_start568500 7 19988 20000 +edge_1_0_+disjointig_1_0_999999 411507 431488 999999 -1 -1 19981 0
Chain
	Aln	1	+HG003_pb_pass2_read776_start570500 7 19991 20000 -edge_1_0_+disjointig_1_0_999999 570506 590490 999999 -1 -1 19984 0
Chain
	Aln	0	-HG003_pb_pass2_read776_start570500 8 19992 20000 +edge_1_0_+disjointig_1_0_999999 409508 429492 999999 -1 -1 19984 0
Chain
	Aln	1	+HG003_pb_pass2_read777_start572500 10 19995 20000 -edge_1_0_+disjointig_1_0_999999 572509 592494 999999 -1 -1 19985 0
Chain
	Aln	0	-HG003_pb_pass2_read777_start572500 4 19989 20000 +edge_1_0_+disjointig_1_0_999999 407504 427489 999999 -1 -1 19985 0
Chain
	Aln	1	+HG003_pb_pass2_read778_start574500 6 19997 20000 -edge_1_0_+disjointig_1_0_999999 574505 594496 999999 -1 -1 19991 0
Chain
	Aln	0	-HG003_pb_pass2_read778_start574500 2 19993 20000 +edge_1_0_+disjointig_1_0_999999 405502 425493 999999 -1 -1 19991 0
Chain
	Aln	1	+HG003_pb_pass2_read779_start576500 10 19991 20000 -edge_1_0_+disjointig_1_0_999999 576509 596490 999999 -1 -1 19981 0
Chain
	Aln	0	-HG003_pb_pass2_read779_start576500 8 19989 20000 +edge_1_0_+disjointig_1_0_999999 403508 423489 999999 -1 -1 19981 0
Chain
	Aln	1	+HG003_pb_pass2_read780_start578500 11 19995 20000 -edge_1_0_+disjointig_1_0_999999 578510 598494 999999 -1 -1 19984 0
Chain
	Aln	0	-HG003_pb_pass2_read780_start578500 4 19988 20000 +edge_1_0_+disjointig_1_0_999999 401504 421488 999999 -1 -1 19984 0
Chain
	Aln	1	+HG003_pb_pass2_read781_start580500 5 19990 20000 -edge_1_0_+disjointig_1_0_999999 580504 600489 999999 -1 -1 19985 0
Chain
	Aln	0	-HG003_pb_pass2_read781_start580500 9 19994 20000 +edge_1_0_+disjointig_1_0_999999 399509 419494 999999 -1 -1 19985 0
Chain
	Aln	1	+HG003_pb_pass2_read782_start582500 7 19995 20000 -edge_1_0_+disjointig_1_0_999999 582506 602494 999999 -1 -1 19988 0
Chain
	Aln	0	-HG003_pb_pass2_read782_start582500 4 19992 20000 +edge_1_0_+disjointig_1_0_999999 397504 417492 999999 -1 -1 19988 0
Chain
	Aln	1	+HG003_pb_pass2_read783_start584500 4 19993 20000 -edge_1_0_+disjointig_1_0_999999 584503 604492 999999 -1 -1 19989 0
Chain
	Aln	0	-HG003_pb_pass2_read783_start584500 6 19995 20000 +edge_1_0_+disjointig_1_0_999999 395506 415495 999999 -1 -1 19989 0
Chain
	Aln	1	+HG003_pb_pass2_read784_start586500 5 19997 20000 -edge_1_0_+disjointig_1_0_999999 586504 606496 999999 -1 -1 19992 0
Chain
	Aln	0	-HG003_pb_pass2_read784_start586500 2 19994 20000 +edge_1_0_+disjointig_1_0_999999 393502 413494 999999 -1 -1 19992 0
Chain
	Aln	1	+HG003_pb_pass2_read785_start588500 5 19995 20000 -edge_1_0_+disjointig_1_0_999999 588504 608494 999999 -1 -1 19990 0.000212698
Chain
	Aln	0	-HG003_pb_pass2_read785_start588500 4 19994 20000 +edge_1_0_+disjointig_1_0_999999 391504 411494 999999 -1 -1 19990 0.000212698
Chain
	Aln	1	+HG003_pb_pass2_read786_start590500 9 19998 20000 -edge_1_0_+disjointig_1_0_999999 590508 610497 999999 -1 -1 19989 0.000323366
Chain
	Aln	0	-HG003_pb_pass2_read786_start590500 1 19990 20000 +edge_1_0_+disjointig_1_0_999999 389501 409490 999999 -1 -1 19989 0.000323366
Chain
	Aln	1	+HG003_pb_pass2_read787_start592500 9 19993 20000 -edge_1_0_+disjointig_1_0_999999 592508 612492 999999 -1 -1 19984 0.000114029
Chain
	Aln	0	-HG003_pb_pass2_read787_start592500 6 19990 20000 +edge_1_0_+disjointig_1_0_999999 387506 407490 999999 -1 -1 19984 0.000114029
Chain
	Aln	1	+HG003_pb_pass2_read788_start594500 12 19994 20000 -edge_1_0_+disjointig_1_0_999999 594511 614493 999999 -1 -1 19982 7.57683e-05
Chain
	Aln	0	-HG003_pb_pass2_read788_start594500 5 19987 20000 +edge_1_0_+disjointig_1_0_999999 385505 405487 999999 -1 -1 19982 7.57683e-05
Chain
	Aln	1	+HG003_pb_pass2_read789_start596500 10 19996 20000 -edge_1_0_+disjointig_1_0_999999 596509 616495 999999 -1 -1 19986 6.68936e-06
Chain
	Aln	0	-HG003_pb_pass2_read789_start596500 3 19989 20000 +edge_1_0_+disjointig_1_0_999999 383503 403489 999999 -1 -1 19986 6.68936e-06
Chain
	Aln	1	+HG003_pb_pass2_read790_start598500 6 19996 20000 -edge_1_0_+disjointig_1_0_999999 598505 618495 999999 -1 -1 19990 0.000180283
Chain
	Aln	0	-HG003_pb_pass2_read790_start598500 3 19993 20000 +edge_1_0_+disjointig_1_0_999999 381503 401493 999999 -1 -1 19990 0.000180283
Chain
	Aln	1	+HG003_pb_pass2_read791_start600500 7 19996 20000 -edge_1_0_+disjointig_1_0_999999 600506 620495 999999 -1 -1 19989 0
Chain
	Aln	0	-HG003_pb_pass2_read791_start600500 3 19992 20000 +edge_1_0_+disjointig_1_0_999999 379503 399492 999999 -1 -1 19989 0
Chain
	Aln	1	+HG003_pb_pass2_read792_start602500 4 19996 20000 -edge_1_0_+disjointig_1_0_999999 602503 622495 999999 -1 -1 19992 0
Chain
	Aln	0	-HG003_pb_pass2_read792_start602500 3 19995 20000 +edge_1_0_+disjointig_1_0_999999 377503 397495 999999 -1 -1 19992 0
Chain
	Aln	1	+HG003_pb_pass2_read793_start604500 12 19998 20000 -edge_1_0_+disjointig_1_0_999999 604511 624497 999999 -1 -1 19986 0
Chain
	Aln	0	-HG003_pb_pass2_read793_start604500 1 19987 20000 +edge_1_0_+disjointig_1_0_999999 375501 395487 999999 -1 -1 19986 0
Chain
	Aln	1	+HG003_pb_pass2_read794_start606500 11 19998 20000 -edge_1_0_+disjointig_1_0_999999 606510 626497 999999 -1 -1 19987 0
Chain
	Aln	0	-HG003_pb_pass2_read794_start606500 1 19988 20000 +edge_1_0_+disjointig_1_0_999999 373501 393488 999999 -1 -1 19987 0
Chain
	Aln	1	+HG003_pb_pass2_read795_start608500 9 19996 20000 -edge_1_0_+disjointig_1_0_999999 608508 628495 999999 -1 -1 19987 0.000382495
Chain
	Aln	0	-HG003_pb_pass2_read795_start608500 3 19990 20000 +edge_1_0_+disjointig_1_0_999999 371503 391490 999999 -1 -1 19987 0.000382495
Chain
	Aln	1	+HG003_pb_pass2_read796_start610500 9 19996 20000 -edge_1_0_+disjointig_1_0_999999 610508 630495 999999 -1 -1 19987 0.000463868
Chain
	Aln	0	-HG003_pb_pass2_read796_start610500 3 19990 20000 +edge_1_0_+disjointig_1_0_999999 369503 389490 999999 -1 -1 19987 0.000463868
Chain
	Aln	1	+HG003_pb_pass2_read797_start612500 10 19996 20000 -edge_1_0_+disjointig_1_0_999999 612509 632495 999999 -1 -1 19986 0.000558716
Chain
	Aln	0	-HG003_pb_pass2_read797_start612500 3 19989 20000 +edge_1_0_+disjointig_1_0_999999 367503 387489 999999 -1 -1 19986 0.000558716
Chain
	Aln	1	+HG003_pb_pass2_read798_start614500 9 19998 20000 -edge_1_0_+disjointig_1_0_999999 614508 634497 999999 -1 -1 19989 0.000388375
Chain
	Aln	0	-HG003_pb_pass2_read798_start614500 1 19990 20000 +edge_1_0_+disjointig_1_0_999999 365501 385490 999999 -1 -1 19989 0.000388375
Chain
	Aln	1	+HG003_pb_pass2_read799_start616500 12 19995 20000 -edge_1_0_+disjointig_1_0_999999 616511 636494 999999 -1 -1 19983 0.000305705
Chain
	Aln	0	-HG003_pb_pass2_read799_start616500 4 19987 20000 +edge_1_0_+disjointig_1_0_999999 363504 383487 999999 -1 -1 19983 0.000305705
Chain
	Aln	1	+HG003_pb_pass2_read800_start618500 2 19998 20000 -edge_1_0_+disjointig_1_0_999999 618501 638497 999999 -1 -1 19996 8.46058e-05
Chain
	Aln	0	-HG003_pb_pass2_read800_start618500 1 19997 20000 +edge_1_0_+disjointig_1_0_999999 361501 381497 999999 -1 -1 19996 8.46058e-05
Chain
	Aln	1	+HG003_pb_pass2_read801_start620500 4 19997 20000 -edge_1_0_+disjointig_1_0_999999 620503 640496 999999 -1 -1 19993 2.72856e-05
Chain
	Aln	0	-HG003_pb_pass2_read801_start620500 2 19995 20000 +edge_1_0_+disjointig_1_0_999999 359502 379495 999999 -1 -1 19993 2.72856e-05
Chain
	Aln	1	+HG003_pb_pass2_read802_start622500 11 19989 20000 -edge_1_0_+disjointig_1_0_999999 622510 642488 999999 -1 -1 19978 3.1631e-05
Chain
	Aln	0	-HG003_pb_pass2_read802_start622500 10 19988 20000 +edge_1_0_+disjointig_1_0_999999 357510 377488 999999 -1 -1 19978 3.1631e-05
Chain
	Aln	1	+HG003_pb_pass2_read803_start624500 9 19990 20000 -edge_1_0_+disjointig_1_0_999999 624508 644489 999999 -1 -1 19981 0
Chain
	Aln	0	-HG003_pb_pass2_read803_start624500 9 19990 20000 +edge_1_0_+disjointig_1_0_999999 355509 375490 999999 -1 -1 19981 0
Chain
	Aln	1	+HG003_pb_pass2_read804_start626500 16 19996 20000 -edge_1_0_+disjointig_1_0_999999 626515 646495 999999 -1 -1 19980 0
Chain
	Aln	0	-HG003_pb_pass2_read804_start626500 3 19983 20000 +edge_1_0_+disjointig_1_0_999999 353503 373483 999999 -1 -1 19980 0
Chain
	Aln	1	+HG003_pb_pass2_read805_start628500 10 19998 20000 -edge_1_0_+disjointig_1_0_999999 628509 648497 999999 -1 -1 19988 0
Chain
	Aln	0	-HG003_pb_pass2_read805_start628500 1 19989 20000 +edge_1_0_+disjointig_1_0_999999 351501 371489 999999 -1 -1 19988 0
Chain
	Aln	1	+HG003_pb_pass2_read806_start630500 6 19992 20000 -edge_1_0_+disjointig_1_0_999999 630505 650491 999999 -1 -1 19986 0
Chain
	Aln	0	-HG003_pb_pass2_read806_start630500 7 19993 20000 +edge_1_0_+disjointig_1_0_999999 349507 369493 999999 -1 -1 19986 0
Chain
	Aln	1	+HG003_pb_pass2_read807_start632500 4 19996 20000 -edge_1_0_+disjointig_1_0_999999 632503 652495 999999 -1 -1 19992 0
Chain
	Aln	0	-HG003_pb_pass2_read807_start632500 3 19995 20000 +edge_1_0_+disjointig_1_0_999999 347503 367495 999999 -1 -1 19992 0
Chain
	Aln	1	+HG003_pb_pass2_read808_start634500 16 19995 20000 -edge_1_0_+disjointig_1_0_999999 634515 654494 999999 -1 -1 19979 0
Chain
	Aln	0	-HG003_pb_pass2_read808_start634500 4 19983 20000 +edge_1_0_+disjointig_1_0_999999 345504 365483 999999 -1 -1 19979 0
Chain
	Aln	1	+HG003_pb_pass2_read809_start636500 12 19995 20000 -edge_1_0_+disjointig_1_0_999999 636511 656494 999999 -1 -1 19983 0
Chain
	Aln	0	-HG003_pb_pass2_read809_start636500 4 19987 20000 +edge_1_0_+disjointig_1_0_999999 343504 363487 999999 -1 -1 19983 0
Chain
	Aln	1	+HG003_pb_pass2_read810_start638500 5 19993 20000 -edge_1_0_+disjointig_1_0_999999 638504 658492 999999 -1 -1 19988 0
Chain
	Aln	0	-HG003_pb_pass2_read810_start638500 6 19994 20000 +edge_1_0_+disjointig_1_0_999999 341506 361494 999999 -1 -1 19988 0
Chain
	Aln	1	+HG003_pb_pass2_read811_start640500 10 19993 20000 -edge_1_0_+disjointig_1_0_999999 640509 660492 999999 -1 -1 19983 0
Chain
	Aln	0	-HG003_pb_pass2_read811_start640500 6 19989 20000 +edge_1_0_+disjointig_1_0_999999 339506 359489 999999 -1 -1 19983 0
Chain
	Aln	1	+HG003_pb_pass2_read812_start642500 10 19993 20000 -edge_1_0_+disjointig_1_0_999999 642509 662492 999999 -1 -1 19983 0
Chain
	Aln	0	-HG003_pb_pass2_read812_start642500 6 19989 20000 +edge_1_0_+disjointig_1_0_999999 337506 357489 999999 -1 -1 19983 0
Chain
	Aln	1	+HG003_pb_pass2_read813_start644500 8 19998 20000 -edge_1_0_+disjointig_1_0_999999 644507 664497 999999 -1 -1 19990 0
Chain
	Aln	0	-HG003_pb_pass2_read813_start644500 1 19991 20000 +edge_1_0_+disjointig_1_0_999999 335501 355491 999999 -1 -1 19990 0
Chain
	Aln	1	+HG003_pb_pass2_read814_start646500 9 19995 20000 -edge_1_0_+disjointig_1_0_999999 646508 666494 999999 -1 -1 19986 0
Chain
	Aln	0	-HG003_pb_pass2_read814_start646500 4 19990 20000 +edge_1_0_+disjointig_1_0_999999 333504 353490 999999 -1 -1 19986 0
Chain
	Aln	1	+HG003_pb_pass2_read815_start648500 14 19994 20000 -edge_1_0_+disjointig_1_0_999999 648513 668493 999999 -1 -1 19980 0
Chain
	Aln	0	-HG003_pb_pass2_read815_start648500 5 19985 20000 +edge_1_0_+disjointig_1_0_999999 331505 351485 999999 -1 -1 19980 0
Chain
	Aln	1	+HG003_pb_pass2_read816_start650500 12 19997 20000 -edge_1_0_+disjointig_1_0_999999 650511 670496 999999 -1 -1 19985 0
Chain
	Aln	0	-HG003_pb_pass2_read816_start650500 2 19987 20000 +edge_1_0_+disjointig_1_0_999999 329502 349487 999999 -1 -1 19985 0
Chain
	Aln	1	+HG003_pb_pass2_read817_start652500 7 19991 20000 -edge_1_0_+disjointig_1_0_999999 652506 672490 999999 -1 -1 19984 0.000114029
Chain
	Aln	0	-HG003_pb_pass2_read817_start652500 8 19992 20000 +edge_1_0_+disjointig_1_0_999999 327508 347492 999999 -1 -1 19984 0.000114029
Chain
	Aln	1	+HG003_pb_pass2_read818_start654500 16 19996 20000 -edge_1_0_+disjointig_1_0_999999 654515 674495 999999 -1 -1 19980 0.000167055
Chain
	Aln	0	-HG003_pb_pass2_read818_start654500 3 19983 20000 +edge_1_0_+disjointig_1_0_999999 325503 345483 999999 -1 -1 19980 0.000167055
Chain
	Aln	1	+HG003_pb_pass2_read819_start656500 6 19992 20000 -edge_1_0_+disjointig_1_0_999999 656505 676491 999999 -1 -1 19986 0.000379548
Chain
	Aln	0	-HG003_pb_pass2_read819_start656500 7 19993 20000 +edge_1_0_+disjointig_1_0_999999 323507 343493 999999 -1 -1 19986 0.000379548
Chain
	Aln	1	+HG003_pb_pass2_read820_start658500 5 19994 20000 -edge_1_0_+disjointig_1_0_999999 658504 678493 999999 -1 -1 19989 0.000388375
Chain
	Aln	0	-HG003_pb_pass2_read820_start658500 5 19994 20000 +edge_1_0_+disjointig_1_0_999999 321505 341494 999999 -1 -1 19989 0.000388375
Chain
	Aln	1	+HG003_pb_pass2_read821_start660500 9 19994 20000 -edge_1_0_+disjointig_1_0_999999 660508 680493 999999 -1 -1 19985 0.000457975
Chain
	Aln	0	-HG003_pb_pass2_read821_start660500 5 19990 20000 +edge_1_0_+disjointig_1_0_999999 319505 339490 999999 -1 -1 19985 0.000457975
Chain
	Aln	1	+HG003_pb_pass2_read822_start662500 4 19993 20000 -edge_1_0_+disjointig_1_0_999999 662503 682492 999999 -1 -1 19989 0.000112552
Chain
	Aln	0	-HG003_pb_pass2_read822_start662500 6 19995 20000 +edge_1_0_+disjointig_1_0_999999 317506 337495 999999 -1 -1 19989 0.000112552
Chain
	Aln	1	+HG003_pb_pass2_read823_start664500 12 19992 20000 -edge_1_0_+disjointig_1_0_999999 664511 684491 999999 -1 -1 19980 0.000150852
Chain
	Aln	0	-HG003_pb_pass2_read823_start664500 7 19987 20000 +edge_1_0_+disjointig_1_0_999999 315507 335487 999999 -1 -1 19980 0.000150852
Chain
	Aln	1	+HG003_pb_pass2_read824_start666500 7 19998 20000 -edge_1_0_+disjointig_1_0_999999 666506 686497 999999 -1 -1 19991 0.000134629
Chain
	Aln	0	-HG003_pb_pass2_read824_start666500 1 19992 20000 +edge_1_0_+disjointig_1_0_999999 313501 333492 999999 -1 -1 19991 0.000134629
Chain
	Aln	1	+HG003_pb_pass2_read825_start668500 16 19993 20000 -edge_1_0_+disjointig_1_0_999999 668515 688492 999999 -1 -1 19977 0.000271799
Chain
	Aln	0	-HG003_pb_pass2_read825_start668500 6 19983 20000 +edge_1_0_+disjointig_1_0_999999 311506 331483 999999 -1 -1 19977 0.000271799
Chain
	Aln	1	+HG003_pb_pass2_read826_start670500 16 19996 20000 -edge_1_0_+disjointig_1_0_999999 670515 690495 999999 -1 -1 19980 2.13486e-05
Chain
	Aln	0	-HG003_pb_pass2_read826_start670500 3 19983 20000 +edge_1_0_+disjointig_1_0_999999 309503 329483 999999 -1 -1 19980 2.13486e-05
Chain
	Aln	1	+HG003_pb_pass2_read827_start672500 4 19991 20000 -edge_1_0_+disjointig_1_0_999999 672503 692490 999999 -1 -1 19987 0
Chain
	Aln	0	-HG003_pb_pass2_read827_start672500 8 19995 20000 +edge_1_0_+disjointig_1_0_999999 307508 327495 999999 -1 -1 19987 0
Chain
	Aln	1	+HG003_pb_pass2_read828_start674500 7 19994 20000 -edge_1_0_+disjointig_1_0_999999 674506 694493 999999 -1 -1 19987 0
Chain
	Aln	0	-HG003_pb_pass2_read828_start674500 5 19992 20000 +edge_1_0_+disjointig_1_0_999999 305505 325492 999999 -1 -1 19987 0
Chain
	Aln	1	+HG003_pb_pass2_read829_start676500 11 19996 20000 -edge_1_0_+disjointig_1_0_999999 676510 696495 999999 -1 -1 19985 0
Chain
	Aln	0	-HG003_pb_pass2_read829_start676500 3 19988 20000 +edge_1_0_+disjointig_1_0_999999 303503 323488 999999 -1 -1 19985 0
Chain
	Aln	1	+HG003_pb_pass2_read830_start678500 17 19993 20000 -edge_1_0_+disjointig_1_0_999999 678516 698492 999999 -1 -1 19976 0
Chain
	Aln	0	-HG003_pb_pass2_read830_start678500 6 19982 20000 +edge_1_0_+disjointig_1_0_999999 301506 321482 999999 -1 -1 19976 0
Chain
	Aln	1	+HG003_pb_pass2_read831_start680500 10 19990 20000 -edge_1_0_+disjointig_1_0_999999 680509 700489 999999 -1 -1 19980 0
Chain
	Aln	0	-HG003_pb_pass2_read831_start680500 9 19989 20000 +edge_1_0_+disjointig_1_0_999999 299509 319489 999999 -1 -1 19980 0
Chain
	Aln	1	+HG003_pb_pass2_read832_start682500 7 19998 20000 -edge_1_0_+disjointig_1_0_999999 682506 702497 999999 -1 -1 19991 3.7553e-05
Chain
	Aln	0	-HG003_pb_pass2_read832_start682500 1 19992 20000 +edge_1_0_+disjointig_1_0_999999 297501 317492 999999 -1 -1 19991 3.7553e-05
Chain
	Aln	1	+HG003_pb_pass2_read833_start684500 9 19998 20000 -edge_1_0_+disjointig_1_0_999999 684508 704497 999999 -1 -1 19989 0.000274647
Chain
	Aln	0	-HG003_pb_pass2_read833_start684500 1 19990 20000 +edge_1_0_+disjointig_1_0_999999 295501 315490 999999 -1 -1 19989 0.000274647
Chain
	Aln	1	+HG003_pb_pass2_read834_start686500 10 19998 20000 -edge_1_0_+disjointig_1_0_999999 686509 706497 999999 -1 -1 19988 0.000125799
Chain
	Aln	0	-HG003_pb_pass2_read834_start686500 1 19989 20000 +edge_1_0_+disjointig_1_0_999999 293501 313489 999999 -1 -1 19988 0.000125799
Chain
	Aln	1	+HG003_pb_pass2_read835_start688500 2 19998 20000 -edge_1_0_+disjointig_1_0_999999 688501 708497 999999 -1 -1 19996 0.000116968
Chain
	Aln	0	-HG003_pb_pass2_read835_start688500 1 19997 20000 +edge_1_0_+disjointig_1_0_999999 291501 311497 999999 -1 -1 19996 0.000116968
Chain
	Aln	1	+HG003_pb_pass2_read836_start690500 12 19998 20000 -edge_1_0_+disjointig_1_0_999999 690511 710497 999999 -1 -1 19986 0.000136106
Chain
	Aln	0	-HG003_pb_pass2_read836_start690500 1 19987 20000 +edge_1_0_+disjointig_1_0_999999 289501 309487 999999 -1 -1 19986 0.000136106
Chain
	Aln	1	+HG003_pb_pass2_read837_start692500 10 19993 20000 -edge_1_0_+disjointig_1_0_999999 692509 712492 999999 -1 -1 19983 7.87096e-05
Chain
	Aln	0	-HG003_pb_pass2_read837_start692500 6 19989 20000 +edge_1_0_+disjointig_1_0_999999 287506 307489 999999 -1 -1 19983 7.87096e-05
Chain
	Aln	1	+HG003_pb_pass2_read838_start694500 15 19991 20000 -edge_1_0_+disjointig_1_0_999999 694514 714490 999999 -1 -1 19976 0.000268854
Chain
	Aln	0	-HG003_pb_pass2_read838_start694500 8 19984 20000 +edge_1_0_+disjointig_1_0_999999 285508 305484 999999 -1 -1 19976 0.000268854
Chain
	Aln	1	+HG003_pb_pass2_read839_start696500 13 19993 20000 -edge_1_0_+disjointig_1_0_999999 696512 716492 999999 -1 -1 19980 0.000167055
Chain
	Aln	0	-HG003_pb_pass2_read839_start696500 6 19986 20000 +edge_1_0_+disjointig_1_0_999999 283506 303486 999999 -1 -1 19980 0.000167055
Chain
	Aln	1	+HG003_pb_pass2_read840_start698500 11 19998 20000 -edge_1_0_+disjointig_1_0_999999 698510 718497 999999 -1 -1 19987 0.00031748
Chain
	Aln	0	-HG003_pb_pass2_read840_start698500 1 19988 20000 +edge_1_0_+disjointig_1_0_999999 281501 301488 999999 -1 -1 19987 0.00031748
Chain
	Aln	1	+HG003_pb_pass2_read841_start700500 8 19998 20000 -edge_1_0_+disjointig_1_0_999999 700507 720497 999999 -1 -1 19990 8.31283e-05
Chain
	Aln	0	-HG003_pb_pass2_read841_start700500 1 19991 20000 +edge_1_0_+disjointig_1_0_999999 279501 299491 999999 -1 -1 19990 8.31283e-05
Chain
	Aln	1	+HG003_pb_pass2_read842_start702500 6 19998 20000 -edge_1_0_+disjointig_1_0_999999 702505 722497 999999 -1 -1 19992 0.000186169
Chain
	Aln	0	-HG003_pb_pass2_read842_start702500 1 19993 20000 +edge_1_0_+disjointig_1_0_999999 277501 297493 999999 -1 -1 19992 0.000186169
Chain
	Aln	1	+HG003_pb_pass2_read843_start704500 8 19996 20000 -edge_1_0_+disjointig_1_0_999999 704507 724495 999999 -1 -1 19988 0.00033667
Chain
	Aln	0	-HG003_pb_pass2_read843_start704500 3 19991 20000 +edge_1_0_+disjointig_1_0_999999 275503 295491 999999 -1 -1 19988 0.00033667
Chain
	Aln	1	+HG003_pb_pass2_read844_start706500 11 19996 20000 -edge_1_0_+disjointig_1_0_999999 706510 726495 999999 -1 -1 19985 0.000279107
Chain
	Aln	0	-HG003_pb_pass2_read844_start706500 3 19988 20000 +edge_1_0_+disjointig_1_0_999999 273503 293488 999999 -1 -1 19985 0.000279107
Chain
	Aln	1	+HG003_pb_pass2_read845_start708500 9 19996 20000 -edge_1_0_+disjointig_1_0_999999 708508 728495 999999 -1 -1 19987 0.000203866
Chain
	Aln	0	-HG003_pb_pass2_read845_start708500 3 19990 20000 +edge_1_0_+disjointig_1_0_999999 271503 291490 999999 -1 -1 19987 0.000203866
Chain
	Aln	1	+HG003_pb_pass2_read846_start710500 7 19996 20000 -edge_1_0_+disjointig_1_0_999999 710506 730495 999999 -1 -1 19989 0.00017734
Chain
	Aln	0	-HG003_pb_pass2_read846_start710500 3 19992 20000 +edge_1_0_+disjointig_1_0_999999 269503 289492 999999 -1 -1 19989 0.00017734
Chain
	Aln	1	+HG003_pb_pass2_read847_start712500 11 19997 20000 -edge_1_0_+disjointig_1_0_999999 712510 732496 999999 -1 -1 19986 0.000509795
Chain
	Aln	0	-HG003_pb_pass2_read847_start712500 2 19988 20000 +edge_1_0_+disjointig_1_0_999999 267502 287488 999999 -1 -1 19986 0.000509795
Chain
	Aln	1	+HG003_pb_pass2_read848_start714500 7 19998 20000 -edge_1_0_+disjointig_1_0_999999 714506 734497 999999 -1 -1 19991 0.000378002
Chain
	Aln	0	-HG003_pb_pass2_read848_start714500 1 19992 20000 +edge_1_0_+disjointig_1_0_999999 265501 285492 999999 -1 -1 19991 0.000378002
Chain
	Aln	1	+HG003_pb_pass2_read849_start716500 6 19996 20000 -edge_1_0_+disjointig_1_0_999999 716505 736495 999999 -1 -1 19990 0.000488985
Chain
	Aln	0	-HG003_pb_pass2_read849_start716500 3 19993 20000 +edge_1_0_+disjointig_1_0_999999 263503 283493 999999 -1 -1 19990 0.000488985
Chain
	Aln	1	+HG003_pb_pass2_read850_start718500 13 19997 20000 -edge_1_0_+disjointig_1_0_999999 718512 738496 999999 -1 -1 19984 0.000211259
Chain
	Aln	0	-HG003_pb_pass2_read850_start718500 2 19986 20000 +edge_1_0_+disjointig_1_0_999999 261502 281486 999999 -1 -1 19984 0.000211259
Chain
	Aln	1	+HG003_pb_pass2_read851_start720500 8 19997 20000 -edge_1_0_+disjointig_1_0_999999 720507 740496 999999 -1 -1 19989 0.00017734
Chain
	Aln	0	-HG003_pb_pass2_read851_start720500 2 19991 20000 +edge_1_0_+disjointig_1_0_999999 259502 279491 999999 -1 -1 19989 0.00017734
Chain
	Aln	1	+HG003_pb_pass2_read852_start722500 6 19998 20000 -edge_1_0_+disjointig_1_0_999999 722505 742497 999999 -1 -1 19992 0.000299713
Chain
	Aln	0	-HG003_pb_pass2_read852_start722500 1 19993 20000 +edge_1_0_+disjointig_1_0_999999 257501 277493 999999 -1 -1 19992 0.000299713
Chain
	Aln	1	+HG003_pb_pass2_read853_start724500 10 19995 20000 -edge_1_0_+disjointig_1_0_999999 724509 744494 999999 -1 -1 19985 0.000474268
Chain
	Aln	0	-HG003_pb_pass2_read853_start724500 4 19989 20000 +edge_1_0_+disjointig_1_0_999999 255504 275489 999999 -1 -1 19985 0.000474268
Chain
	Aln	1	+HG003_pb_pass2_read854_start726500 10 19998 20000 -edge_1_0_+disjointig_1_0_999999 726509 746497 999999 -1 -1 19988 0.000531988
Chain
	Aln	0	-HG003_pb_pass2_read854_start726500 1 19989 20000 +edge_1_0_+disjointig_1_0_999999 253501 273489 999999 -1 -1 19988 0.000531988
Chain
	Aln	1	+HG003_pb_pass2_read855_start728500 7 19998 20000 -edge_1_0_+disjointig_1_0_999999 728506 748497 999999 -1 -1 19991 0.000459352
Chain
	Aln	0	-HG003_pb_pass2_read855_start728500 1 19992 20000 +edge_1_0_+disjointig_1_0_999999 251501 271492 999999 -1 -1 19991 0.000459352
Chain
	Aln	1	+HG003_pb_pass2_read856_start730500 6 19997 20000 -edge_1_0_+disjointig_1_0_999999 730505 750496 999999 -1 -1 19991 0.000361744
Chain
	Aln	0	-HG003_pb_pass2_read856_start730500 2 19993 20000 +edge_1_0_+disjointig_1_0_999999 249502 269493 999999 -1 -1 19991 0.000361744
Chain
	Aln	1	+HG003_pb_pass2_read857_start732500 4 19996 20000 -edge_1_0_+disjointig_1_0_999999 732503 752495 999999 -1 -1 19992 0.000153768
Chain
	Aln	0	-HG003_pb_pass2_read857_start732500 3 19995 20000 +edge_1_0_+disjointig_1_0_999999 247503 267495 999999 -1 -1 19992 0.000153768
Chain
	Aln	1	+HG003_pb_pass2_read858_start734500 10 19992 20000 -edge_1_0_+disjointig_1_0_999999 734509 754491 999999 -1 -1 19982 2.72365e-05
Chain
	Aln	0	-HG003_pb_pass2_read858_start734500 7 19989 20000 +edge_1_0_+disjointig_1_0_999999 245507 265489 999999 -1 -1 19982 2.72365e-05
Chain
	Aln	1	+HG003_pb_pass2_read859_start736500 12 19993 20000 -edge_1_0_+disjointig_1_0_999999 736511 756492 999999 -1 -1 19981 2.42926e-05
Chain
	Aln	0	-HG003_pb_pass2_read859_start736500 6 19987 20000 +edge_1_0_+disjointig_1_0_999999 243506 263487 999999 -1 -1 19981 2.42926e-05
Chain
	Aln	1	+HG003_pb_pass2_read860_start738500 6 19993 20000 -edge_1_0_+disjointig_1_0_999999 738505 758492 999999 -1 -1 19987 0.000333728
Chain
	Aln	0	-HG003_pb_pass2_read860_start738500 6 19993 20000 +edge_1_0_+disjointig_1_0_999999 241506 261493 999999 -1 -1 19987 0.000333728
Chain
	Aln	1	+HG003_pb_pass2_read861_start740500 6 19997 20000 -edge_1_0_+disjointig_1_0_999999 740505 760496 999999 -1 -1 19991 0.000540813
Chain
	Aln	0	-HG003_pb_pass2_read861_start740500 2 19993 20000 +edge_1_0_+disjointig_1_0_999999 239502 259493 999999 -1 -1 19991 0.000540813
Chain
	Aln	1	+HG003_pb_pass2_read862_start742500 9 19998 20000 -edge_1_0_+disjointig_1_0_999999 742508 762497 999999 -1 -1 19989 0.000502336
Chain
	Aln	0	-HG003_pb_pass2_read862_start742500 1 19990 20000 +edge_1_0_+disjointig_1_0_999999 237501 257490 999999 -1 -1 19989 0.000502336
Chain
	Aln	1	+HG003_pb_pass2_read863_start744500 7 19996 20000 -edge_1_0_+disjointig_1_0_999999 744506 764495 999999 -1 -1 19989 0.000225972
Chain
	Aln	0	-HG003_pb_pass2_read863_start744500 3 19992 20000 +edge_1_0_+disjointig_1_0_999999 235503 255492 999999 -1 -1 19989 0.000225972
Chain
	Aln	1	+HG003_pb_pass2_read864_start746500 6 19996 20000 -edge_1_0_+disjointig_1_0_999999 746505 766495 999999 -1 -1 19990 0.000164083
Chain
	Aln	0	-HG003_pb_pass2_read864_start746500 3 19993 20000 +edge_1_0_+disjointig_1_0_999999 233503 253493 999999 -1 -1 19990 0.000164083
Chain
	Aln	1	+HG003_pb_pass2_read865_start748500 2 19997 20000 -edge_1_0_+disjointig_1_0_999999 748501 768496 999999 -1 -1 19995 0.000243621
Chain
	Aln	0	-HG003_pb_pass2_read865_start748500 2 19997 20000 +edge_1_0_+disjointig_1_0_999999 231502 251497 999999 -1 -1 19995 0.000243621
Chain
	Aln	1	+HG003_pb_pass2_read866_start750500 8 19991 20000 -edge_1_0_+disjointig_1_0_999999 750507 770490 999999 -1 -1 19983 0.000240758
Chain
	Aln	0	-HG003_pb_pass2_read866_start750500 8 19991 20000 +edge_1_0_+disjointig_1_0_999999 229508 249491 999999 -1 -1 19983 0.000240758
Chain
	Aln	1	+HG003_pb_pass2_read867_start752500 8 19996 20000 -edge_1_0_+disjointig_1_0_999999 752507 772495 999999 -1 -1 19988 0.000352914
Chain
	Aln	0	-HG003_pb_pass2_read867_start752500 3 19991 20000 +edge_1_0_+disjointig_1_0_999999 227503 247491 999999 -1 -1 19988 0.000352914
Chain
	Aln	1	+HG003_pb_pass2_read868_start754500 9 19996 20000 -edge_1_0_+disjointig_1_0_999999 754508 774495 999999 -1 -1 19987 0.000398754
Chain
	Aln	0	-HG003_pb_pass2_read868_start754500 3 19990 20000 +edge_1_0_+disjointig_1_0_999999 225503 245490 999999 -1 -1 19987 0.000398754
Chain
	Aln	1	+HG003_pb_pass2_read869_start756500 13 19997 20000 -edge_1_0_+disjointig_1_0_999999 756512 776496 999999 -1 -1 19984 0.000195039
Chain
	Aln	0	-HG003_pb_pass2_read869_start756500 2 19986 20000 +edge_1_0_+disjointig_1_0_999999 223502 243486 999999 -1 -1 19984 0.000195039
Chain
	Aln	1	+HG003_pb_pass2_read870_start758500 4 19998 20000 -edge_1_0_+disjointig_1_0_999999 758503 778497 999999 -1 -1 19994 0.00022447
Chain
	Aln	0	-HG003_pb_pass2_read870_start758500 1 19995 20000 +edge_1_0_+disjointig_1_0_999999 221501 241495 999999 -1 -1 19994 0.00022447
Chain
	Aln	1	+HG003_pb_pass2_read871_start760500 10 19997 20000 -edge_1_0_+disjointig_1_0_999999 760509 780496 999999 -1 -1 19987 0.000155251
Chain
	Aln	0	-HG003_pb_pass2_read871_start760500 2 19989 20000 +edge_1_0_+disjointig_1_0_999999 219502 239489 999999 -1 -1 19987 0.000155251
Chain
	Aln	1	+HG003_pb_pass2_read872_start762500 10 19998 20000 -edge_1_0_+disjointig_1_0_999999 762509 782497 999999 -1 -1 19988 0.000141996
Chain
	Aln	0	-HG003_pb_pass2_read872_start762500 1 19989 20000 +edge_1_0_+disjointig_1_0_999999 217501 237489 999999 -1 -1 19988 0.000141996
Chain
	Aln	1	+HG003_pb_pass2_read873_start764500 4 19995 20000 -edge_1_0_+disjointig_1_0_999999 764503 784494 999999 -1 -1 19991 5.24498e-06
Chain
	Aln	0	-HG003_pb_pass2_read873_start764500 4 19995 20000 +edge_1_0_+disjointig_1_0_999999 215504 235495 999999 -1 -1 19991 5.24498e-06
Chain
	Aln	1	+HG003_pb_pass2_read874_start766500 7 19997 20000 -edge_1_0_+disjointig_1_0_999999 766506 786496 999999 -1 -1 19990 0.000228913
Chain
	Aln	0	-HG003_pb_pass2_read874_start766500 2 19992 20000 +edge_1_0_+disjointig_1_0_999999 213502 233492 999999 -1 -1 19990 0.000228913
Chain
	Aln	1	+HG003_pb_pass2_read875_start768500 3 19989 20000 -edge_1_0_+disjointig_1_0_999999 768502 788488 999999 -1 -1 19986 0.000379548
Chain
	Aln	0	-HG003_pb_pass2_read875_start768500 10 19996 20000 +edge_1_0_+disjointig_1_0_999999 211510 231496 999999 -1 -1 19986 0.000379548
Chain
	Aln	1	+HG003_pb_pass2_read876_start770500 8 19992 20000 -edge_1_0_+disjointig_1_0_999999 770507 790491 999999 -1 -1 19984 0.000162629
Chain
	Aln	0	-HG003_pb_pass2_read876_start770500 7 19991 20000 +edge_1_0_+disjointig_1_0_999999 209507 229491 999999 -1 -1 19984 0.000162629
Chain
	Aln	1	+HG003_pb_pass2_read877_start772500 11 19996 20000 -edge_1_0_+disjointig_1_0_999999 772510 792495 999999 -1 -1 19985 1.98976e-05
Chain
	Aln	0	-HG003_pb_pass2_read877_start772500 3 19988 20000 +edge_1_0_+disjointig_1_0_999999 207503 227488 999999 -1 -1 19985 1.98976e-05
Chain
	Aln	1	+HG003_pb_pass2_read878_start774500 14 19993 20000 -edge_1_0_+disjointig_1_0_999999 774513 794492 999999 -1 -1 19979 0.000310177
Chain
	Aln	0	-HG003_pb_pass2_read878_start774500 6 19985 20000 +edge_1_0_+disjointig_1_0_999999 205506 225485 999999 -1 -1 19979 0.000310177
Chain
	Aln	1	+HG003_pb_pass2_read879_start776500 14 19996 20000 -edge_1_0_+disjointig_1_0_999999 776513 796495 999999 -1 -1 19982 0.000286518
Chain
	Aln	0	-HG003_pb_pass2_read879_start776500 3 19985 20000 +edge_1_0_+disjointig_1_0_999999 203503 223485 999999 -1 -1 19982 0.000286518
Chain
	Aln	1	+HG003_pb_pass2_read880_start778500 9 19996 20000 -edge_1_0_+disjointig_1_0_999999 778508 798495 999999 -1 -1 19987 0.000139051
Chain
	Aln	0	-HG003_pb_pass2_read880_start778500 3 19990 20000 +edge_1_0_+disjointig_1_0_999999 201503 221490 999999 -1 -1 19987 0.000139051
Chain
	Aln	1	+HG003_pb_pass2_read881_start780500 10 19995 20000 -edge_1_0_+disjointig_1_0_999999 780509 800494 999999 -1 -1 19985 0.000311593
Chain
	Aln	0	-HG003_pb_pass2_read881_start780500 4 19989 20000 +edge_1_0_+disjointig_1_0_999999 199504 219489 999999 -1 -1 19985 0.000311593
Chain
	Aln	1	+HG003_pb_pass2_read882_start782500 8 19996 20000 -edge_1_0_+disjointig_1_0_999999 782507 802495 999999 -1 -1 19988 0.000304178
Chain
	Aln	0	-HG003_pb_pass2_read882_start782500 3 19991 20000 +edge_1_0_+disjointig_1_0_999999 197503 217491 999999 -1 -1 19988 0.000304178
Chain
	Aln	1	+HG003_pb_pass2_read883_start784500 6 19997 20000 -edge_1_0_+disjointig_1_0_999999 784505 804496 999999 -1 -1 19991 0.000361744
Chain
	Aln	0	-HG003_pb_pass2_read883_start784500 2 19993 20000 +edge_1_0_+disjointig_1_0_999999 195502 215493 999999 -1 -1 19991 0.000361744
Chain
	Aln	1	+HG003_pb_pass2_read884_start786500 9 19991 20000 -edge_1_0_+disjointig_1_0_999999 786508 806490 999999 -1 -1 19982 0.000189154
Chain
	Aln	0	-HG003_pb_pass2_read884_start786500 8 19990 20000 +edge_1_0_+disjointig_1_0_999999 193508 213490 999999 -1 -1 19982 0.000189154
Chain
	Aln	1	+HG003_pb_pass2_read885_start788500 4 19995 20000 -edge_1_0_+disjointig_1_0_999999 788503 808494 999999 -1 -1 19991 2.14047e-05
Chain
	Aln	0	-HG003_pb_pass2_read885_start788500 4 19995 20000 +edge_1_0_+disjointig_1_0_999999 191504 211495 999999 -1 -1 19991 2.14047e-05
Chain
	Aln	1	+HG003_pb_pass2_read886_start790500 9 19992 20000 -edge_1_0_+disjointig_1_0_999999 790508 810491 999999 -1 -1 19983 0.000127276
Chain
	Aln	0	-HG003_pb_pass2_read886_start790500 7 19990 20000 +edge_1_0_+disjointig_1_0_999999 189507 209490 999999 -1 -1 19983 0.000127276
Chain
	Aln	1	+HG003_pb_pass2_read887_start792500 7 19998 20000 -edge_1_0_+disjointig_1_0_999999 792506 812497 999999 -1 -1 19991 8.60692e-05
Chain
	Aln	0	-HG003_pb_pass2_read887_start792500 1 19992 20000 +edge_1_0_+disjointig_1_0_999999 187501 207492 999999 -1 -1 19991 8.60692e-05
Chain
	Aln	1	+HG003_pb_pass2_read888_start794500 3 19997 20000 -edge_1_0_+disjointig_1_0_999999 794502 814496 999999 -1 -1 19994 0
Chain
	Aln	0	-HG003_pb_pass2_read888_start794500 2 19996 20000 +edge_1_0_+disjointig_1_0_999999 185502 205496 999999 -1 -1 19994 0
Chain
	Aln	1	+HG003_pb_pass2_read889_start796500 2 19997 20000 -edge_1_0_+disjointig_1_0_999999 796501 816496 999999 -1 -1 19995 0
Chain
	Aln	0	-HG003_pb_pass2_read889_start796500 2 19997 20000 +edge_1_0_+disjointig_1_0_999999 183502 203497 999999 -1 -1 19995 0
Chain
	Aln	1	+HG003_pb_pass2_read890_start798500 3 19993 20000 -edge_1_0_+disjointig_1_0_999999 798502 818492 999999 -1 -1 19990 0
Chain
	Aln	0	-HG003_pb_pass2_read890_start798500 6 19996 20000 +edge_1_0_+disjointig_1_0_999999 181506 201496 999999 -1 -1 19990 0
Chain
	Aln	1	+HG003_pb_pass2_read891_start800500 3 19996 20000 -edge_1_0_+disjointig_1_0_999999 800502 820495 999999 -1 -1 19993 0
Chain
	Aln	0	-HG003_pb_pass2_read891_start800500 3 19996 20000 +edge_1_0_+disjointig_1_0_999999 179503 199496 999999 -1 -1 19993 0
Chain
	Aln	1	+HG003_pb_pass2_read892_start802500 2 19996 20000 -edge_1_0_+disjointig_1_0_999999 802501 822495 999999 -1 -1 19994 0
Chain
	Aln	0	-HG003_pb_pass2_read892_start802500 3 19997 20000 +edge_1_0_+disjointig_1_0_999999 177503 197497 999999 -1 -1 19994 0
Chain
	Aln	1	+HG003_pb_pass2_read893_start804500 0 19995 20000 -edge_1_0_+disjointig_1_0_999999 804499 824494 999999 -1 -1 19995 0
Chain
	Aln	0	-HG003_pb_pass2_read893_start804500 4 19999 20000 +edge_1_0_+disjointig_1_0_999999 175504 195499 999999 -1 -1 19995 0
Chain
	Aln	1	+HG003_pb_pass2_read894_start806500 2 19998 20000 -edge_1_0_+disjointig_1_0_999999 806501 826497 999999 -1 -1 19996 0
Chain
	Aln	0	-HG003_pb_pass2_read894_start806500 1 19997 20000 +edge_1_0_+disjointig_1_0_999999 173501 193497 999999 -1 -1 19996 0
Chain
	Aln	1	+HG003_pb_pass2_read895_start808500 2 19996 20000 -edge_1_0_+disjointig_1_0_999999 808501 828495 999999 -1 -1 19994 0
Chain
	Aln	0	-HG003_pb_pass2_read895_start808500 3 19997 20000 +edge_1_0_+disjointig_1_0_999999 171503 191497 999999 -1 -1 19994 0
Chain
	Aln	1	+HG003_pb_pass2_read896_start810500 2 19995 20000 -edge_1_0_+disjointig_1_0_999999 810501 830494 999999 -1 -1 19993 0
Chain
	Aln	0	-HG003_pb_pass2_read896_start810500 4 19997 20000 +edge_1_0_+disjointig_1_0_999999 169504 189497 999999 -1 -1 19993 0
Chain
	Aln	1	+HG003_pb_pass2_read897_start812500 3 19996 20000 -edge_1_0_+disjointig_1_0_999999 812502 832495 999999 -1 -1 19993 0
Chain
	Aln	0	-HG003_pb_pass2_read897_start812500 3 19996 20000 +edge_1_0_+disjointig_1_0_999999 167503 187496 999999 -1 -1 19993 0
Chain
	Aln	1	+HG003_pb_pass2_read898_start814500 6 19993 20000 -edge_1_0_+disjointig_1_0_999999 814505 834492 999999 -1 -1 19987 0
Chain
	Aln	0	-HG003_pb_pass2_read898_start814500 6 19993 20000 +edge_1_0_+disjointig_1_0_999999 165506 185493 999999 -1 -1 19987 0
Chain
	Aln	1	+HG003_pb_pass2_read899_start816500 5 19993 20000 -edge_1_0_+disjointig_1_0_999999 816504 836492 999999 -1 -1 19988 0
Chain
	Aln	0	-HG003_pb_pass2_read899_start816500 6 19994 20000 +edge_1_0_+disjointig_1_0_999999 163506 183494 999999 -1 -1 19988 0
Chain
	Aln	1	+HG003_pb_pass2_read900_start818500 0 19997 20000 -edge_1_0_+disjointig_1_0_999999 818499 838496 999999 -1 -1 19997 0
Chain
	Aln	0	-HG003_pb_pass2_read900_start818500 2 19999 20000 +edge_1_0_+disjointig_1_0_999999 161502 181499 999999 -1 -1 19997 0
Chain
	Aln	1	+HG003_pb_pass2_read901_start820500 0 19996 20000 -edge_1_0_+disjointig_1_0_999999 820499 840495 999999 -1 -1 19996 0
Chain
	Aln	0	-HG003_pb_pass2_read901_start820500 3 19999 20000 +edge_1_0_+disjointig_1_0_999999 159503 179499 999999 -1 -1 19996 0
Chain
	Aln	1	+HG003_pb_pass2_read902_start822500 7 19991 20000 -edge_1_0_+disjointig_1_0_999999 822506 842490 999999 -1 -1 19984 0
Chain
	Aln	0	-HG003_pb_pass2_read902_start822500 8 19992 20000 +edge_1_0_+disjointig_1_0_999999 157508 177492 999999 -1 -1 19984 0
Chain
	Aln	1	+HG003_pb_pass2_read903_start824500 3 19995 20000 -edge_1_0_+disjointig_1_0_999999 824502 844494 999999 -1 -1 19992 0
Chain
	Aln	0	-HG003_pb_pass2_read903_start824500 4 19996 20000 +edge_1_0_+disjointig_1_0_999999 155504 175496 999999 -1 -1 19992 0
Chain
	Aln	1	+HG003_pb_pass2_read904_start826500 4 19996 20000 -edge_1_0_+disjointig_1_0_999999 826503 846495 999999 -1 -1 19992 0
Chain
	Aln	0	-HG003_pb_pass2_read904_start826500 3 19995 20000 +edge_1_0_+disjointig_1_0_999999 153503 173495 999999 -1 -1 19992 0
Chain
	Aln	1	+HG003_pb_pass2_read905_start828500 2 19996 20000 -edge_1_0_+disjointig_1_0_999999 828501 848495 999999 -1 -1 19994 0
Chain
	Aln	0	-HG003_pb_pass2_read905_start828500 3 19997 20000 +edge_1_0_+disjointig_1_0_999999 151503 171497 999999 -1 -1 19994 0
Chain
	Aln	1	+HG003_pb_pass2_read906_start830500 6 19997 20000 -edge_1_0_+disjointig_1_0_999999 830505 850496 999999 -1 -1 19991 0
Chain
	Aln	0	-HG003_pb_pass2_read906_start830500 2 19993 20000 +edge_1_0_+disjointig_1_0_999999 149502 169493 999999 -1 -1 19991 0
Chain
	Aln	1	+HG003_pb_pass2_read907_start832500 14 19998 20000 -edge_1_0_+disjointig_1_0_999999 832513 852497 999999 -1 -1 19984 0
Chain
	Aln	0	-HG003_pb_pass2_read907_start832500 1 19985 20000 +edge_1_0_+disjointig_1_0_999999 147501 167485 999999 -1 -1 19984 0
Chain
	Aln	1	+HG003_pb_pass2_read908_start834500 11 19992 20000 -edge_1_0_+disjointig_1_0_999999 834510 854491 999999 -1 -1 19981 0
Chain
	Aln	0	-HG003_pb_pass2_read908_start834500 7 19988 20000 +edge_1_0_+disjointig_1_0_999999 145507 165488 999999 -1 -1 19981 0
Chain
	Aln	1	+HG003_pb_pass2_read909_start836500 13 19998 20000 -edge_1_0_+disjointig_1_0_999999 836512 856497 999999 -1 -1 19985 0
Chain
	Aln	0	-HG003_pb_pass2_read909_start836500 1 19986 20000 +edge_1_0_+disjointig_1_0_999999 143501 163486 999999 -1 -1 19985 0
Chain
	Aln	1	+HG003_pb_pass2_read910_start838500 11 19996 20000 -edge_1_0_+disjointig_1_0_999999 838510 858495 999999 -1 -1 19985 0
Chain
	Aln	0	-HG003_pb_pass2_read910_start838500 3 19988 20000 +edge_1_0_+disjointig_1_0_999999 141503 161488 999999 -1 -1 19985 0
Chain
	Aln	1	+HG003_pb_pass2_read911_start840500 11 19998 20000 -edge_1_0_+disjointig_1_0_999999 840510 860497 999999 -1 -1 19987 0
Chain
	Aln	0	-HG003_pb_pass2_read911_start840500 1 19988 20000 +edge_1_0_+disjointig_1_0_999999 139501 159488 999999 -1 -1 19987 0
Chain
	Aln	1	+HG003_pb_pass2_read912_start842500 7 19997 20000 -edge_1_0_+disjointig_1_0_999999 842506 862496 999999 -1 -1 19990 0
Chain
	Aln	0	-HG003_pb_pass2_read912_start842500 2 19992 20000 +edge_1_0_+disjointig_1_0_999999 137502 157492 999999 -1 -1 19990 0
Chain
	Aln	1	+HG003_pb_pass2_read913_start844500 1 19994 20000 -edge_1_0_+disjointig_1_0_999999 844500 864493 999999 -1 -1 19993 0
Chain
	Aln	0	-HG003_pb_pass2_read913_start844500 5 19998 20000 +edge_1_0_+disjointig_1_0_999999 135505 155498 999999 -1 -1 19993 0
Chain
	Aln	1	+HG003_pb_pass2_read914_start846500 7 19995 20000 -edge_1_0_+disjointig_1_0_999999 846506 866494 999999 -1 -1 19988 0
Chain
	Aln	0	-HG003_pb_pass2_read914_start846500 4 19992 20000 +edge_1_0_+disjointig_1_0_999999 133504 153492 999999 -1 -1 19988 0
Chain
	Aln	1	+HG003_pb_pass2_read915_start848500 7 19998 20000 -edge_1_0_+disjointig_1_0_999999 848506 868497 999999 -1 -1 19991 0
Chain
	Aln	0	-HG003_pb_pass2_read915_start848500 1 19992 20000 +edge_1_0_+disjointig_1_0_999999 131501 151492 999999 -1 -1 19991 0
Chain
	Aln	1	+HG003_pb_pass2_read917_start852500 10 19991 20000 -edge_1_0_+disjointig_1_0_999999 852509 872490 999999 -1 -1 19981 0
Chain
	Aln	0	-HG003_pb_pass2_read917_start852500 8 19989 20000 +edge_1_0_+disjointig_1_0_999999 127508 147489 999999 -1 -1 19981 0
Chain
	Aln	1	+HG003_pb_pass2_read916_start850500 4 19993 20000 -edge_1_0_+disjointig_1_0_999999 850503 870492 999999 -1 -1 19989 0
Chain
	Aln	0	-HG003_pb_pass2_read916_start850500 6 19995 20000 +edge_1_0_+disjointig_1_0_999999 129506 149495 999999 -1 -1 19989 0
Chain
	Aln	1	+HG003_pb_pass2_read918_start854500 10 19994 20000 -edge_1_0_+disjointig_1_0_999999 854509 874493 999999 -1 -1 19984 0
Chain
	Aln	0	-HG003_pb_pass2_read918_start854500 5 19989 20000 +edge_1_0_+disjointig_1_0_999999 125505 145489 999999 -1 -1 19984 0
Chain
	Aln	1	+HG003_pb_pass2_read919_start856500 8 19998 20000 -edge_1_0_+disjointig_1_0_999999 856507 876497 999999 -1 -1 19990 0
Chain
	Aln	0	-HG003_pb_pass2_read919_start856500 1 19991 20000 +edge_1_0_+disjointig_1_0_999999 123501 143491 999999 -1 -1 19990 0
Chain
	Aln	1	+HG003_pb_pass2_read920_start858500 9 19996 20000 -edge_1_0_+disjointig_1_0_999999 858508 878495 999999 -1 -1 19987 0
Chain
	Aln	0	-HG003_pb_pass2_read920_start858500 3 19990 20000 +edge_1_0_+disjointig_1_0_999999 121503 141490 999999 -1 -1 19987 0
Chain
	Aln	1	+HG003_pb_pass2_read921_start860500 14 19994 20000 -edge_1_0_+disjointig_1_0_999999 860513 880493 999999 -1 -1 19980 0.000215702
Chain
	Aln	0	-HG003_pb_pass2_read921_start860500 5 19985 20000 +edge_1_0_+disjointig_1_0_999999 119505 139485 999999 -1 -1 19980 0.000215702
Chain
	Aln	1	+HG003_pb_pass2_read922_start862500 7 19993 20000 -edge_1_0_+disjointig_1_0_999999 862506 882492 999999 -1 -1 19986 0.000395815
Chain
	Aln	0	-HG003_pb_pass2_read922_start862500 6 19992 20000 +edge_1_0_+disjointig_1_0_999999 117506 137492 999999 -1 -1 19986 0.000395815
Chain
	Aln	1	+HG003_pb_pass2_read923_start864500 18 19994 20000 -edge_1_0_+disjointig_1_0_999999 864517 884493 999999 -1 -1 19976 0.00062724
Chain
	Aln	0	-HG003_pb_pass2_read923_start864500 5 19981 20000 +edge_1_0_+disjointig_1_0_999999 115505 135481 999999 -1 -1 19976 0.00062724
Chain
	Aln	1	+HG003_pb_pass2_read924_start866500 12 19997 20000 -edge_1_0_+disjointig_1_0_999999 866511 886496 999999 -1 -1 19985 0.000604736
Chain
	Aln	0	-HG003_pb_pass2_read924_start866500 2 19987 20000 +edge_1_0_+disjointig_1_0_999999 113502 133487 999999 -1 -1 19985 0.000604736
Chain
	Aln	1	+HG003_pb_pass2_read925_start868500 17 19994 20000 -edge_1_0_+disjointig_1_0_999999 868516 888493 999999 -1 -1 19977 0.000761045
Chain
	Aln	0	-HG003_pb_pass2_read925_start868500 5 19982 20000 +edge_1_0_+disjointig_1_0_999999 111505 131482 999999 -1 -1 19977 0.000761045
Chain
	Aln	1	+HG003_pb_pass2_read926_start870500 8 19998 20000 -edge_1_0_+disjointig_1_0_999999 870507 890497 999999 -1 -1 19990 0.000815691
Chain
	Aln	0	-HG003_pb_pass2_read926_start870500 1 19991 20000 +edge_1_0_+disjointig_1_0_999999 109501 129491 999999 -1 -1 19990 0.000815691
Chain
	Aln	1	+HG003_pb_pass2_read927_start872500 12 19994 20000 -edge_1_0_+disjointig_1_0_999999 872511 892493 999999 -1 -1 19982 0.000906922
Chain
	Aln	0	-HG003_pb_pass2_read927_start872500 5 19987 20000 +edge_1_0_+disjointig_1_0_999999 107505 127487 999999 -1 -1 19982 0.000906922
Chain
	Aln	1	+HG003_pb_pass2_read928_start874500 3 19997 20000 -edge_1_0_+disjointig_1_0_999999 874502 894496 999999 -1 -1 19994 0.0010408
Chain
	Aln	0	-HG003_pb_pass2_read928_start874500 2 19996 20000 +edge_1_0_+disjointig_1_0_999999 105502 125496 999999 -1 -1 19994 0.0010408
Chain
	Aln	1	+HG003_pb_pass2_read929_start876500 11 19990 20000 -edge_1_0_+disjointig_1_0_999999 876510 896489 999999 -1 -1 19979 0.000750557
Chain
	Aln	0	-HG003_pb_pass2_read929_start876500 9 19988 20000 +edge_1_0_+disjointig_1_0_999999 103509 123488 999999 -1 -1 19979 0.000750557
Chain
	Aln	1	+HG003_pb_pass2_read930_start878500 6 19998 20000 -edge_1_0_+disjointig_1_0_999999 878505 898497 999999 -1 -1 19992 0.000657995
Chain
	Aln	0	-HG003_pb_pass2_read930_start878500 1 19993 20000 +edge_1_0_+disjointig_1_0_999999 101501 121493 999999 -1 -1 19992 0.000657995
Chain
	Aln	1	+HG003_pb_pass2_read931_start880500 11 19996 20000 -edge_1_0_+disjointig_1_0_999999 880510 900495 999999 -1 -1 19985 0.000441691
Chain
	Aln	0	-HG003_pb_pass2_read931_start880500 3 19988 20000 +edge_1_0_+disjointig_1_0_999999 99503 119488 999999 -1 -1 19985 0.000441691
Chain
	Aln	1	+HG003_pb_pass2_read932_start882500 9 19998 20000 -edge_1_0_+disjointig_1_0_999999 882508 902497 999999 -1 -1 19989 4.78396e-05
Chain
	Aln	0	-HG003_pb_pass2_read932_start882500 1 19990 20000 +edge_1_0_+disjointig_1_0_999999 97501 117490 999999 -1 -1 19989 4.78396e-05
Chain
	Aln	1	+HG003_pb_pass2_read933_start884500 12 19990 20000 -edge_1_0_+disjointig_1_0_999999 884511 904489 999999 -1 -1 19978 0
Chain
	Aln	0	-HG003_pb_pass2_read933_start884500 9 19987 20000 +edge_1_0_+disjointig_1_0_999999 95509 115487 999999 -1 -1 19978 0
Chain
	Aln	1	+HG003_pb_pass2_read934_start886500 13 19993 20000 -edge_1_0_+disjointig_1_0_999999 886512 906492 999999 -1 -1 19980 0
Chain
	Aln	0	-HG003_pb_pass2_read934_start886500 6 19986 20000 +edge_1_0_+disjointig_1_0_999999 93506 113486 999999 -1 -1 19980 0
Chain
	Aln	1	+HG003_pb_pass2_read935_start888500 11 19995 20000 -edge_1_0_+disjointig_1_0_999999 888510 908494 999999 -1 -1 19984 0
Chain
	Aln	0	-HG003_pb_pass2_read935_start888500 4 19988 20000 +edge_1_0_+disjointig_1_0_999999 91504 111488 999999 -1 -1 19984 0
Chain
	Aln	1	+HG003_pb_pass2_read936_start890500 8 19996 20000 -edge_1_0_+disjointig_1_0_999999 890507 910495 999999 -1 -1 19988 0
Chain
	Aln	0	-HG003_pb_pass2_read936_start890500 3 19991 20000 +edge_1_0_+disjointig_1_0_999999 89503 109491 999999 -1 -1 19988 0
Chain
	Aln	1	+HG003_pb_pass2_read937_start892500 5 19989 20000 -edge_1_0_+disjointig_1_0_999999 892504 912488 999999 -1 -1 19984 0
Chain
	Aln	0	-HG003_pb_pass2_read937_start892500 10 19994 20000 +edge_1_0_+disjointig_1_0_999999 87510 107494 999999 -1 -1 19984 0
Chain
	Aln	1	+HG003_pb_pass2_read938_start894500 12 19994 20000 -edge_1_0_+disjointig_1_0_999999 894511 914493 999999 -1 -1 19982 0
Chain
	Aln	0	-HG003_pb_pass2_read938_start894500 5 19987 20000 +edge_1_0_+disjointig_1_0_999999 85505 105487 999999 -1 -1 19982 0
Chain
	Aln	1	+HG003_pb_pass2_read939_start896500 4 19993 20000 -edge_1_0_+disjointig_1_0_999999 896503 916492 999999 -1 -1 19989 0
Chain
	Aln	0	-HG003_pb_pass2_read939_start896500 6 19995 20000 +edge_1_0_+disjointig_1_0_999999 83506 103495 999999 -1 -1 19989 0
Chain
	Aln	1	+HG003_pb_pass2_read940_start898500 4 19997 20000 -edge_1_0_+disjointig_1_0_999999 898503 918496 999999 -1 -1 19993 0
Chain
	Aln	0	-HG003_pb_pass2_read940_start898500 2 19995 20000 +edge_1_0_+disjointig_1_0_999999 81502 101495 999999 -1 -1 19993 0
Chain
	Aln	1	+HG003_pb_pass2_read941_start900500 2 19995 20000 -edge_1_0_+disjointig_1_0_999999 900501 920494 999999 -1 -1 19993 0
Chain
	Aln	0	-HG003_pb_pass2_read941_start900500 4 19997 20000 +edge_1_0_+disjointig_1_0_999999 79504 99497 999999 -1 -1 19993 0
Chain
	Aln	1	+HG003_pb_pass2_read942_start902500 7 19993 20000 -edge_1_0_+disjointig_1_0_999999 902506 922492 999999 -1 -1 19986 0.000152306
Chain
	Aln	0	-HG003_pb_pass2_read942_start902500 6 19992 20000 +edge_1_0_+disjointig_1_0_999999 77506 97492 999999 -1 -1 19986 0.000152306
Chain
	Aln	1	+HG003_pb_pass2_read943_start904500 4 19996 20000 -edge_1_0_+disjointig_1_0_999999 904503 924495 999999 -1 -1 19992 0.000105196
Chain
	Aln	0	-HG003_pb_pass2_read943_start904500 3 19995 20000 +edge_1_0_+disjointig_1_0_999999 75503 95495 999999 -1 -1 19992 0.000105196
Chain
	Aln	1	+HG003_pb_pass2_read944_start906500 12 19997 20000 -edge_1_0_+disjointig_1_0_999999 906511 926496 999999 -1 -1 19985 0.000506855
Chain
	Aln	0	-HG003_pb_pass2_read944_start906500 2 19987 20000 +edge_1_0_+disjointig_1_0_999999 73502 93487 999999 -1 -1 19985 0.000506855
Chain
	Aln	1	+HG003_pb_pass2_read945_start908500 9 19995 20000 -edge_1_0_+disjointig_1_0_999999 908508 928494 999999 -1 -1 19986 0.000379548
Chain
	Aln	0	-HG003_pb_pass2_read945_start908500 4 19990 20000 +edge_1_0_+disjointig_1_0_999999 71504 91490 999999 -1 -1 19986 0.000379548
Chain
	Aln	1	+HG003_pb_pass2_read946_start910500 9 19996 20000 -edge_1_0_+disjointig_1_0_999999 910508 930495 999999 -1 -1 19987 0.000626949
Chain
	Aln	0	-HG003_pb_pass2_read946_start910500 3 19990 20000 +edge_1_0_+disjointig_1_0_999999 69503 89490 999999 -1 -1 19987 0.000626949
Chain
	Aln	1	+HG003_pb_pass2_read947_start912500 9 19994 20000 -edge_1_0_+disjointig_1_0_999999 912508 932493 999999 -1 -1 19985 0.000719124
Chain
	Aln	0	-HG003_pb_pass2_read947_start912500 5 19990 20000 +edge_1_0_+disjointig_1_0_999999 67505 87490 999999 -1 -1 19985 0.000719124
Chain
	Aln	1	+HG003_pb_pass2_read948_start914500 7 19991 20000 -edge_1_0_+disjointig_1_0_999999 914506 934490 999999 -1 -1 19984 0.00094564
Chain
	Aln	0	-HG003_pb_pass2_read948_start914500 8 19992 20000 +edge_1_0_+disjointig_1_0_999999 65508 85492 999999 -1 -1 19984 0.00094564
Chain
	Aln	1	+HG003_pb_pass2_read949_start916500 9 19992 20000 -edge_1_0_+disjointig_1_0_999999 916508 936491 999999 -1 -1 19983 0.000533573
Chain
	Aln	0	-HG003_pb_pass2_read949_start916500 7 19990 20000 +edge_1_0_+disjointig_1_0_999999 63507 83490 999999 -1 -1 19983 0.000533573
Chain
	Aln	1	+HG003_pb_pass2_read950_start918500 7 19994 20000 -edge_1_0_+disjointig_1_0_999999 918506 938493 999999 -1 -1 19987 0.000431299
Chain
	Aln	0	-HG003_pb_pass2_read950_start918500 5 19992 20000 +edge_1_0_+disjointig_1_0_999999 61505 81492 999999 -1 -1 19987 0.000431299
Chain
	Aln	1	+HG003_pb_pass2_read951_start920500 9 19998 20000 -edge_1_0_+disjointig_1_0_999999 920508 940497 999999 -1 -1 19989 0.000583862
Chain
	Aln	0	-HG003_pb_pass2_read951_start920500 1 19990 20000 +edge_1_0_+disjointig_1_0_999999 59501 79490 999999 -1 -1 19989 0.000583862
Chain
	Aln	1	+HG003_pb_pass2_read952_start922500 3 19998 20000 -edge_1_0_+disjointig_1_0_999999 922502 942497 999999 -1 -1 19995 0.00099444
Chain
	Aln	0	-HG003_pb_pass2_read952_start922500 1 19996 20000 +edge_1_0_+disjointig_1_0_999999 57501 77496 999999 -1 -1 19995 0.00099444
Chain
	Aln	1	+HG003_pb_pass2_read953_start924500 8 19992 20000 -edge_1_0_+disjointig_1_0_999999 924507 944491 999999 -1 -1 19984 0.000962068
Chain
	Aln	0	-HG003_pb_pass2_read953_start924500 7 19991 20000 +edge_1_0_+disjointig_1_0_999999 55507 75491 999999 -1 -1 19984 0.000962068
Chain
	Aln	1	+HG003_pb_pass2_read954_start926500 12 19995 20000 -edge_1_0_+disjointig_1_0_999999 926511 946494 999999 -1 -1 19983 0.000566203
Chain
	Aln	0	-HG003_pb_pass2_read954_start926500 4 19987 20000 +edge_1_0_+disjointig_1_0_999999 53504 73487 999999 -1 -1 19983 0.000566203
Chain
	Aln	1	+HG003_pb_pass2_read955_start928500 8 19994 20000 -edge_1_0_+disjointig_1_0_999999 928507 948493 999999 -1 -1 19986 0.000673013
Chain
	Aln	0	-HG003_pb_pass2_read955_start928500 5 19991 20000 +edge_1_0_+disjointig_1_0_999999 51505 71491 999999 -1 -1 19986 0.000673013
Chain
	Aln	1	+HG003_pb_pass2_read956_start930500 6 19994 20000 -edge_1_0_+disjointig_1_0_999999 930505 950493 999999 -1 -1 19988 0.000369173
Chain
	Aln	0	-HG003_pb_pass2_read956_start930500 5 19993 20000 +edge_1_0_+disjointig_1_0_999999 49505 69493 999999 -1 -1 19988 0.000369173
Chain
	Aln	1	+HG003_pb_pass2_read957_start932500 4 19997 20000 -edge_1_0_+disjointig_1_0_999999 932503 952496 999999 -1 -1 19993 0.00035138
Chain
	Aln	0	-HG003_pb_pass2_read957_start932500 2 19995 20000 +edge_1_0_+disjointig_1_0_999999 47502 67495 999999 -1 -1 19993 0.00035138
Chain
	Aln	1	+HG003_pb_pass2_read958_start934500 13 19997 20000 -edge_1_0_+disjointig_1_0_999999 934512 954496 999999 -1 -1 19984 0.000162629
Chain
	Aln	0	-HG003_pb_pass2_read958_start934500 2 19986 20000 +edge_1_0_+disjointig_1_0_999999 45502 65486 999999 -1 -1 19984 0.000162629
Chain
	Aln	1	+HG003_pb_pass2_read959_start936500 10 19993 20000 -edge_1_0_+disjointig_1_0_999999 936509 956492 999999 -1 -1 19983 3.01803e-05
Chain
	Aln	0	-HG003_pb_pass2_read959_start936500 6 19989 20000 +edge_1_0_+disjointig_1_0_999999 43506 63489 999999 -1 -1 19983 3.01803e-05
Chain
	Aln	1	+HG003_pb_pass2_read960_start938500 12 19997 20000 -edge_1_0_+disjointig_1_0_999999 938511 958496 999999 -1 -1 19985 5.22395e-05
Chain
	Aln	0	-HG003_pb_pass2_read960_start938500 2 19987 20000 +edge_1_0_+disjointig_1_0_999999 41502 61487 999999 -1 -1 19985 5.22395e-05
Chain
	Aln	1	+HG003_pb_pass2_read961_start940500 1 19996 20000 -edge_1_0_+disjointig_1_0_999999 940500 960495 999999 -1 -1 19995 1.70094e-05
Chain
	Aln	0	-HG003_pb_pass2_read961_start940500 3 19998 20000 +edge_1_0_+disjointig_1_0_999999 39503 59498 999999 -1 -1 19995 1.70094e-05
Chain
	Aln	1	+HG003_pb_pass2_read962_start942500 18 19998 20000 -edge_1_0_+disjointig_1_0_999999 942517 962497 999999 -1 -1 19980 0
Chain
	Aln	0	-HG003_pb_pass2_read962_start942500 1 19981 20000 +edge_1_0_+disjointig_1_0_999999 37501 57481 999999 -1 -1 19980 0
Chain
	Aln	1	+HG003_pb_pass2_read963_start944500 2 19994 20000 -edge_1_0_+disjointig_1_0_999999 944501 964493 999999 -1 -1 19992 0
Chain
	Aln	0	-HG003_pb_pass2_read963_start944500 5 19997 20000 +edge_1_0_+disjointig_1_0_999999 35505 55497 999999 -1 -1 19992 0
Chain
	Aln	1	+HG003_pb_pass2_read964_start946500 10 19991 20000 -edge_1_0_+disjointig_1_0_999999 946509 966490 999999 -1 -1 19981 0.000169999
Chain
	Aln	0	-HG003_pb_pass2_read964_start946500 8 19989 20000 +edge_1_0_+disjointig_1_0_999999 33508 53489 999999 -1 -1 19981 0.000169999
Chain
	Aln	1	+HG003_pb_pass2_read965_start948500 3 19994 20000 -edge_1_0_+disjointig_1_0_999999 948502 968493 999999 -1 -1 19991 0
Chain
	Aln	0	-HG003_pb_pass2_read965_start948500 5 19996 20000 +edge_1_0_+disjointig_1_0_999999 31505 51496 999999 -1 -1 19991 0
Chain
	Aln	1	+HG003_pb_pass2_read966_start950500 5 19991 20000 -edge_1_0_+disjointig_1_0_999999 950504 970490 999999 -1 -1 19986 0.000136106
Chain
	Aln	0	-HG003_pb_pass2_read966_start950500 8 19994 20000 +edge_1_0_+disjointig_1_0_999999 29508 49494 999999 -1 -1 19986 0.000136106
Chain
	Aln	1	+HG003_pb_pass2_read967_start952500 11 19997 20000 -edge_1_0_+disjointig_1_0_999999 952510 972496 999999 -1 -1 19986 0
Chain
	Aln	0	-HG003_pb_pass2_read967_start952500 2 19988 20000 +edge_1_0_+disjointig_1_0_999999 27502 47488 999999 -1 -1 19986 0
Chain
	Aln	1	+HG003_pb_pass2_read968_start954500 9 19997 20000 -edge_1_0_+disjointig_1_0_999999 954508 974496 999999 -1 -1 19988 0
Chain
	Aln	0	-HG003_pb_pass2_read968_start954500 2 19990 20000 +edge_1_0_+disjointig_1_0_999999 25502 45490 999999 -1 -1 19988 0
Chain
	Aln	1	+HG003_pb_pass2_read969_start956500 6 19998 20000 -edge_1_0_+disjointig_1_0_999999 956505 976497 999999 -1 -1 19992 0.000186169
Chain
	Aln	0	-HG003_pb_pass2_read969_start956500 1 19993 20000 +edge_1_0_+disjointig_1_0_999999 23501 43493 999999 -1 -1 19992 0.000186169
Chain
	Aln	1	+HG003_pb_pass2_read970_start958500 4 19994 20000 -edge_1_0_+disjointig_1_0_999999 958503 978493 999999 -1 -1 19990 0.000245137
Chain
	Aln	0	-HG003_pb_pass2_read970_start958500 5 19995 20000 +edge_1_0_+disjointig_1_0_999999 21505 41495 999999 -1 -1 19990 0.000245137
Chain
	Aln	1	+HG003_pb_pass2_read971_start960500 16 19990 20000 -edge_1_0_+disjointig_1_0_999999 960515 980489 999999 -1 -1 19974 0.000198038
Chain
	Aln	0	-HG003_pb_pass2_read971_start960500 9 19983 20000 +edge_1_0_+disjointig_1_0_999999 19509 39483 999999 -1 -1 19974 0.000198038
Chain
	Aln	1	+HG003_pb_pass2_read972_start962500 8 19992 20000 -edge_1_0_+disjointig_1_0_999999 962507 982491 999999 -1 -1 19984 0.000146417
Chain
	Aln	0	-HG003_pb_pass2_read972_start962500 7 19991 20000 +edge_1_0_+disjointig_1_0_999999 17507 37491 999999 -1 -1 19984 0.000146417
Chain
	Aln	1	+HG003_pb_pass2_read973_start964500 14 19998 20000 -edge_1_0_+disjointig_1_0_999999 964513 984497 999999 -1 -1 19984 0.000324893
Chain
	Aln	0	-HG003_pb_pass2_read973_start964500 1 19985 20000 +edge_1_0_+disjointig_1_0_999999 15501 35485 999999 -1 -1 19984 0.000324893
Chain
	Aln	1	+HG003_pb_pass2_read974_start966500 12 19994 20000 -edge_1_0_+disjointig_1_0_999999 966511 986493 999999 -1 -1 19982 0.000172943
Chain
	Aln	0	-HG003_pb_pass2_read974_start966500 5 19987 20000 +edge_1_0_+disjointig_1_0_999999 13505 33487 999999 -1 -1 19982 0.000172943
Chain
	Aln	1	+HG003_pb_pass2_read975_start968500 12 19995 20000 -edge_1_0_+disjointig_1_0_999999 968511 988494 999999 -1 -1 19983 0.000386982
Chain
	Aln	0	-HG003_pb_pass2_read975_start968500 4 19987 20000 +edge_1_0_+disjointig_1_0_999999 11504 31487 999999 -1 -1 19983 0.000386982
Chain
	Aln	1	+HG003_pb_pass2_read976_start970500 4 19994 20000 -edge_1_0_+disjointig_1_0_999999 970503 990493 999999 -1 -1 19990 0.000310065
Chain
	Aln	0	-HG003_pb_pass2_read976_start970500 5 19995 20000 +edge_1_0_+disjointig_1_0_999999 9505 29495 999999 -1 -1 19990 0.000310065
Chain
	Aln	1	+HG003_pb_pass2_read977_start972500 12 19992 20000 -edge_1_0_+disjointig_1_0_999999 972511 992491 999999 -1 -1 19980 0.000378155
Chain
	Aln	0	-HG003_pb_pass2_read977_start972500 7 19987 20000 +edge_1_0_+disjointig_1_0_999999 7507 27487 999999 -1 -1 19980 0.000378155
Chain
	Aln	1	+HG003_pb_pass2_read978_start974500 11 19992 20000 -edge_1_0_+disjointig_1_0_999999 974510 994491 999999 -1 -1 19981 0.000218644
Chain
	Aln	0	-HG003_pb_pass2_read978_start974500 7 19988 20000 +edge_1_0_+disjointig_1_0_999999 5507 25488 999999 -1 -1 19981 0.000218644
Chain
	Aln	1	+HG003_pb_pass2_read979_start976500 4 19991 20000 -edge_1_0_+disjointig_1_0_999999 976503 996490 999999 -1 -1 19987 5.81244e-05
Chain
	Aln	0	-HG003_pb_pass2_read979_start976500 8 19995 20000 +edge_1_0_+disjointig_1_0_999999 3508 23495 999999 -1 -1 19987 5.81244e-05
Chain
	Aln	1	+HG003_pb_pass2_read980_start978500 10 19994 20000 -edge_1_0_+disjointig_1_0_999999 978509 998493 999999 -1 -1 19984 0
Chain
	Aln	0	-HG003_pb_pass2_read980_start978500 5 19989 20000 +edge_1_0_+disjointig_1_0_999999 1505 21489 999999 -1 -1 19984 0
Chain
	Aln	1	+HG003_pb_pass3_read981_start1000 5 19993 20000 -edge_1_0_+disjointig_1_0_999999 1004 20992 999999 -1 -1 19988 0
Chain
	Aln	0	-HG003_pb_pass3_read981_start1000 6 19994 20000 +edge_1_0_+disjointig_1_0_999999 979006 998994 999999 -1 -1 19988 0
Chain
	Aln	1	+HG003_pb_pass3_read982_start3000 9 19996 20000 -edge_1_0_+disjointig_1_0_999999 3008 22995 999999 -1 -1 19987 0
Chain
	Aln	0	-HG003_pb_pass3_read982_start3000 3 19990 20000 +edge_1_0_+disjointig_1_0_999999 977003 996990 999999 -1 -1 19987 0
Chain
	Aln	1	+HG003_pb_pass3_read983_start5000 2 19994 20000 -edge_1_0_+disjointig_1_0_999999 5001 24993 999999 -1 -1 19992 0
Chain
	Aln	0	-HG003_pb_pass3_read983_start5000 5 19997 20000 +edge_1_0_+disjointig_1_0_999999 975005 994997 999999 -1 -1 19992 0
Chain
	Aln	1	+HG003_pb_pass3_read984_start7000 6 19996 20000 -edge_1_0_+disjointig_1_0_999999 7005 26995 999999 -1 -1 19990 0
Chain
	Aln	0	-HG003_pb_pass3_read984_start7000 3 19993 20000 +edge_1_0_+disjointig_1_0_999999 973003 992993 999999 -1 -1 19990 0
Chain
	Aln	1	+HG003_pb_pass3_read985_start9000 5 19994 20000 -edge_1_0_+disjointig_1_0_999999 9004 28993 999999 -1 -1 19989 6.40086e-05
Chain
	Aln	0	-HG003_pb_pass3_read985_start9000 5 19994 20000 +edge_1_0_+disjointig_1_0_999999 971005 990994 999999 -1 -1 19989 6.40086e-05
Chain
	Aln	1	+HG003_pb_pass3_read986_start11000 6 19995 20000 -edge_1_0_+disjointig_1_0_999999 11005 30994 999999 -1 -1 19989 0
Chain
	Aln	0	-HG003_pb_pass3_read986_start11000 4 19993 20000 +edge_1_0_+disjointig_1_0_999999 969004 988993 999999 -1 -1 19989 0
Chain
	Aln	1	+HG003_pb_pass3_read987_start13000 10 19992 20000 -edge_1_0_+disjointig_1_0_999999 13009 32991 999999 -1 -1 19982 0
Chain
	Aln	0	-HG003_pb_pass3_read987_start13000 7 19989 20000 +edge_1_0_+disjointig_1_0_999999 967007 986989 999999 -1 -1 19982 0
Chain
	Aln	1	+HG003_pb_pass3_read988_start15000 10 19992 20000 -edge_1_0_+disjointig_1_0_999999 15009 34991 999999 -1 -1 19982 0
Chain
	Aln	0	-HG003_pb_pass3_read988_start15000 7 19989 20000 +edge_1_0_+disjointig_1_0_999999 965007 984989 999999 -1 -1 19982 0
Chain
	Aln	1	+HG003_pb_pass3_read989_start17000 10 19995 20000 -edge_1_0_+disjointig_1_0_999999 17009 36994 999999 -1 -1 19985 0
Chain
	Aln	0	-HG003_pb_pass3_read989_start17000 4 19989 20000 +edge_1_0_+disjointig_1_0_999999 963004 982989 999999 -1 -1 19985 0
Chain
	Aln	1	+HG003_pb_pass3_read990_start19000 9 19989 20000 -edge_1_0_+disjointig_1_0_999999 19008 38988 999999 -1 -1 19980 0
Chain
	Aln	0	-HG003_pb_pass3_read990_start19000 10 19990 20000 +edge_1_0_+disjointig_1_0_999999 961010 980990 999999 -1 -1 19980 0
Chain
	Aln	1	+HG003_pb_pass3_read991_start21000 7 19995 20000 -edge_1_0_+disjointig_1_0_999999 21006 40994 999999 -1 -1 19988 0
Chain
	Aln	0	-HG003_pb_pass3_read991_start21000 4 19992 20000 +edge_1_0_+disjointig_1_0_999999 959004 978992 999999 -1 -1 19988 0
Chain
	Aln	1	+HG003_pb_pass3_read992_start23000 10 19997 20000 -edge_1_0_+disjointig_1_0_999999 23009 42996 999999 -1 -1 19987 0
Chain
	Aln	0	-HG003_pb_pass3_read992_start23000 2 19989 20000 +edge_1_0_+disjointig_1_0_999999 957002 976989 999999 -1 -1 19987 0
Chain
	Aln	1	+HG003_pb_pass3_read993_start25000 10 19989 20000 -edge_1_0_+disjointig_1_0_999999 25009 44988 999999 -1 -1 19979 0.00044032
Chain
	Aln	0	-HG003_pb_pass3_read993_start25000 10 19989 20000 +edge_1_0_+disjointig_1_0_999999 955010 974989 999999 -1 -1 19979 0.00044032
Chain
	Aln	1	+HG003_pb_pass3_read994_start27000 3 19998 20000 -edge_1_0_+disjointig_1_0_999999 27002 46997 999999 -1 -1 19995 0.000585202
Chain
	Aln	0	-HG003_pb_pass3_read994_start27000 1 19996 20000 +edge_1_0_+disjointig_1_0_999999 953001 972996 999999 -1 -1 19995 0.000585202
Chain
	Aln	1	+HG003_pb_pass3_read995_start29000 7 19996 20000 -edge_1_0_+disjointig_1_0_999999 29006 48995 999999 -1 -1 19989 0.000339613
Chain
	Aln	0	-HG003_pb_pass3_read995_start29000 3 19992 20000 +edge_1_0_+disjointig_1_0_999999 951003 970992 999999 -1 -1 19989 0.000339613
Chain
	Aln	1	+HG003_pb_pass3_read996_start31000 6 19995 20000 -edge_1_0_+disjointig_1_0_999999 31005 50994 999999 -1 -1 19989 0.000323366
Chain
	Aln	0	-HG003_pb_pass3_read996_start31000 4 19993 20000 +edge_1_0_+disjointig_1_0_999999 949004 968993 999999 -1 -1 19989 0.000323366
Chain
	Aln	1	+HG003_pb_pass3_read997_start33000 12 19993 20000 -edge_1_0_+disjointig_1_0_999999 33011 52992 999999 -1 -1 19981 0.000478789
Chain
	Aln	0	-HG003_pb_pass3_read997_start33000 6 19987 20000 +edge_1_0_+disjointig_1_0_999999 947006 966987 999999 -1 -1 19981 0.000478789
Chain
	Aln	1	+HG003_pb_pass3_read998_start35000 12 19995 20000 -edge_1_0_+disjointig_1_0_999999 35011 54994 999999 -1 -1 19983 0.000403253
Chain
	Aln	0	-HG003_pb_pass3_read998_start35000 4 19987 20000 +edge_1_0_+disjointig_1_0_999999 945004 964987 999999 -1 -1 19983 0.000403253
Chain
	Aln	1	+HG003_pb_pass3_read999_start37000 6 19995 20000 -edge_1_0_+disjointig_1_0_999999 37005 56994 999999 -1 -1 19989 0.000534928
Chain
	Aln	0	-HG003_pb_pass3_read999_start37000 4 19993 20000 +edge_1_0_+disjointig_1_0_999999 943004 962993 999999 -1 -1 19989 0.000534928
Chain
	Aln	1	+HG003_pb_pass3_read1000_start39000 7 19992 20000 -edge_1_0_+disjointig_1_0_999999 39006 58991 999999 -1 -1 19985 0.000344089
Chain
	Aln	0	-HG003_pb_pass3_read1000_start39000 7 19992 20000 +edge_1_0_+disjointig_1_0_999999 941007 960992 999999 -1 -1 19985 0.000344089
Chain
	Aln	1	+HG003_pb_pass3_read1001_start41000 3 19996 20000 -edge_1_0_+disjointig_1_0_999999 41002 60995 999999 -1 -1 19993 0.000172908
Chain
	Aln	0	-HG003_pb_pass3_read1001_start41000 3 19996 20000 +edge_1_0_+disjointig_1_0_999999 939003 958996 999999 -1 -1 19993 0.000172908
Chain
	Aln	1	+HG003_pb_pass3_read1002_start43000 10 19997 20000 -edge_1_0_+disjointig_1_0_999999 43009 62996 999999 -1 -1 19987 0.000220083
Chain
	Aln	0	-HG003_pb_pass3_read1002_start43000 2 19989 20000 +edge_1_0_+disjointig_1_0_999999 937002 956989 999999 -1 -1 19987 0.000220083
Chain
	Aln	1	+HG003_pb_pass3_read1003_start45000 11 19996 20000 -edge_1_0_+disjointig_1_0_999999 45010 64995 999999 -1 -1 19985 0
Chain
	Aln	0	-HG003_pb_pass3_read1003_start45000 3 19988 20000 +edge_1_0_+disjointig_1_0_999999 935003 954988 999999 -1 -1 19985 0
Chain
	Aln	1	+HG003_pb_pass3_read1004_start47000 10 19991 20000 -edge_1_0_+disjointig_1_0_999999 47009 66990 999999 -1 -1 19981 0
Chain
	Aln	0	-HG003_pb_pass3_read1004_start47000 8 19989 20000 +edge_1_0_+disjointig_1_0_999999 933008 952989 999999 -1 -1 19981 0
Chain
	Aln	1	+HG003_pb_pass3_read1005_start49000 4 19991 20000 -edge_1_0_+disjointig_1_0_999999 49003 68990 999999 -1 -1 19987 0
Chain
	Aln	0	-HG003_pb_pass3_read1005_start49000 8 19995 20000 +edge_1_0_+disjointig_1_0_999999 931008 950995 999999 -1 -1 19987 0
Chain
	Aln	1	+HG003_pb_pass3_read1006_start51000 7 19995 20000 -edge_1_0_+disjointig_1_0_999999 51006 70994 999999 -1 -1 19988 0
Chain
	Aln	0	-HG003_pb_pass3_read1006_start51000 4 19992 20000 +edge_1_0_+disjointig_1_0_999999 929004 948992 999999 -1 -1 19988 0
Chain
	Aln	1	+HG003_pb_pass3_read1007_start53000 6 19998 20000 -edge_1_0_+disjointig_1_0_999999 53005 72997 999999 -1 -1 19992 0
Chain
	Aln	0	-HG003_pb_pass3_read1007_start53000 1 19993 20000 +edge_1_0_+disjointig_1_0_999999 927001 946993 999999 -1 -1 19992 0
Chain
	Aln	1	+HG003_pb_pass3_read1008_start55000 10 19997 20000 -edge_1_0_+disjointig_1_0_999999 55009 74996 999999 -1 -1 19987 0.000203866
Chain
	Aln	0	-HG003_pb_pass3_read1008_start55000 2 19989 20000 +edge_1_0_+disjointig_1_0_999999 925002 944989 999999 -1 -1 19987 0.000203866
Chain
	Aln	1	+HG003_pb_pass3_read1009_start57000 12 19998 20000 -edge_1_0_+disjointig_1_0_999999 57011 76997 999999 -1 -1 19986 0.000103726
Chain
	Aln	0	-HG003_pb_pass3_read1009_start57000 1 19987 20000 +edge_1_0_+disjointig_1_0_999999 923001 942987 999999 -1 -1 19986 0.000103726
Chain
	Aln	1	+HG003_pb_pass3_read1010_start59000 4 19993 20000 -edge_1_0_+disjointig_1_0_999999 59003 78992 999999 -1 -1 19989 0.000225972
Chain
	Aln	0	-HG003_pb_pass3_read1010_start59000 6 19995 20000 +edge_1_0_+disjointig_1_0_999999 921006 940995 999999 -1 -1 19989 0.000225972
Chain
	Aln	1	+HG003_pb_pass3_read1011_start61000 12 19995 20000 -edge_1_0_+disjointig_1_0_999999 61011 80994 999999 -1 -1 19983 0.000386982
Chain
	Aln	0	-HG003_pb_pass3_read1011_start61000 4 19987 20000 +edge_1_0_+disjointig_1_0_999999 919004 938987 999999 -1 -1 19983 0.000386982
Chain
	Aln	1	+HG003_pb_pass3_read1012_start63000 9 19994 20000 -edge_1_0_+disjointig_1_0_999999 63008 82993 999999 -1 -1 19985 0
Chain
	Aln	0	-HG003_pb_pass3_read1012_start63000 5 19990 20000 +edge_1_0_+disjointig_1_0_999999 917005 936990 999999 -1 -1 19985 0
Chain
	Aln	1	+HG003_pb_pass3_read1013_start65000 10 19998 20000 -edge_1_0_+disjointig_1_0_999999 65009 84997 999999 -1 -1 19988 0
Chain
	Aln	0	-HG003_pb_pass3_read1013_start65000 1 19989 20000 +edge_1_0_+disjointig_1_0_999999 915001 934989 999999 -1 -1 19988 0
Chain
	Aln	1	+HG003_pb_pass3_read1014_start67000 10 19997 20000 -edge_1_0_+disjointig_1_0_999999 67009 86996 999999 -1 -1 19987 0.000139051
Chain
	Aln	0	-HG003_pb_pass3_read1014_start67000 2 19989 20000 +edge_1_0_+disjointig_1_0_999999 913002 932989 999999 -1 -1 19987 0.000139051
Chain
	Aln	1	+HG003_pb_pass3_read1015_start69000 12 19990 20000 -edge_1_0_+disjointig_1_0_999999 69011 88989 999999 -1 -1 19978 0
Chain
	Aln	0	-HG003_pb_pass3_read1015_start69000 9 19987 20000 +edge_1_0_+disjointig_1_0_999999 911009 930987 999999 -1 -1 19978 0
Chain
	Aln	1	+HG003_pb_pass3_read1016_start71000 10 19997 20000 -edge_1_0_+disjointig_1_0_999999 71009 90996 999999 -1 -1 19987 0
Chain
	Aln	0	-HG003_pb_pass3_read1016_start71000 2 19989 20000 +edge_1_0_+disjointig_1_0_999999 909002 928989 999999 -1 -1 19987 0
Chain
	Aln	1	+HG003_pb_pass3_read1017_start73000 7 19997 20000 -edge_1_0_+disjointig_1_0_999999 73006 92996 999999 -1 -1 19990 0
Chain
	Aln	0	-HG003_pb_pass3_read1017_start73000 2 19992 20000 +edge_1_0_+disjointig_1_0_999999 907002 926992 999999 -1 -1 19990 0
Chain
	Aln	1	+HG003_pb_pass3_read1018_start75000 8 19998 20000 -edge_1_0_+disjointig_1_0_999999 75007 94997 999999 -1 -1 19990 0
Chain
	Aln	0	-HG003_pb_pass3_read1018_start75000 1 19991 20000 +edge_1_0_+disjointig_1_0_999999 905001 924991 999999 -1 -1 19990 0
Chain
	Aln	1	+HG003_pb_pass3_read1019_start77000 10 19992 20000 -edge_1_0_+disjointig_1_0_999999 77009 96991 999999 -1 -1 19982 0
Chain
	Aln	0	-HG003_pb_pass3_read1019_start77000 7 19989 20000 +edge_1_0_+disjointig_1_0_999999 903007 922989 999999 -1 -1 19982 0
Chain
	Aln	1	+HG003_pb_pass3_read1020_start79000 3 19991 20000 -edge_1_0_+disjointig_1_0_999999 79002 98990 999999 -1 -1 19988 0
Chain
	Aln	0	-HG003_pb_pass3_read1020_start79000 8 19996 20000 +edge_1_0_+disjointig_1_0_999999 901008 920996 999999 -1 -1 19988 0
Chain
	Aln	1	+HG003_pb_pass3_read1021_start81000 5 19995 20000 -edge_1_0_+disjointig_1_0_999999 81004 100994 999999 -1 -1 19990 0
Chain
	Aln	0	-HG003_pb_pass3_read1021_start81000 4 19994 20000 +edge_1_0_+disjointig_1_0_999999 899004 918994 999999 -1 -1 19990 0
Chain
	Aln	1	+HG003_pb_pass3_read1022_start83000 9 19997 20000 -edge_1_0_+disjointig_1_0_999999 83008 102996 999999 -1 -1 19988 0
Chain
	Aln	0	-HG003_pb_pass3_read1022_start83000 2 19990 20000 +edge_1_0_+disjointig_1_0_999999 897002 916990 999999 -1 -1 19988 0
Chain
	Aln	1	+HG003_pb_pass3_read1023_start85000 6 19989 20000 -edge_1_0_+disjointig_1_0_999999 85005 104988 999999 -1 -1 19983 0
Chain
	Aln	0	-HG003_pb_pass3_read1023_start85000 10 19993 20000 +edge_1_0_+disjointig_1_0_999999 895010 914993 999999 -1 -1 19983 0
Chain
	Aln	1	+HG003_pb_pass3_read1024_start87000 4 19996 20000 -edge_1_0_+disjointig_1_0_999999 87003 106995 999999 -1 -1 19992 0
Chain
	Aln	0	-HG003_pb_pass3_read1024_start87000 3 19995 20000 +edge_1_0_+disjointig_1_0_999999 893003 912995 999999 -1 -1 19992 0
Chain
	Aln	1	+HG003_pb_pass3_read1025_start89000 14 19994 20000 -edge_1_0_+disjointig_1_0_999999 89013 108993 999999 -1 -1 19980 0
Chain
	Aln	0	-HG003_pb_pass3_read1025_start89000 5 19985 20000 +edge_1_0_+disjointig_1_0_999999 891005 910985 999999 -1 -1 19980 0
Chain
	Aln	1	+HG003_pb_pass3_read1026_start91000 11 19995 20000 -edge_1_0_+disjointig_1_0_999999 91010 110994 999999 -1 -1 19984 0
Chain
	Aln	0	-HG003_pb_pass3_read1026_start91000 4 19988 20000 +edge_1_0_+disjointig_1_0_999999 889004 908988 999999 -1 -1 19984 0
Chain
	Aln	1	+HG003_pb_pass3_read1027_start93000 10 19995 20000 -edge_1_0_+disjointig_1_0_999999 93009 112994 999999 -1 -1 19985 0
Chain
	Aln	0	-HG003_pb_pass3_read1027_start93000 4 19989 20000 +edge_1_0_+disjointig_1_0_999999 887004 906989 999999 -1 -1 19985 0
Chain
	Aln	1	+HG003_pb_pass3_read1028_start95000 5 19998 20000 -edge_1_0_+disjointig_1_0_999999 95004 114997 999999 -1 -1 19993 0
Chain
	Aln	0	-HG003_pb_pass3_read1028_start95000 1 19994 20000 +edge_1_0_+disjointig_1_0_999999 885001 904994 999999 -1 -1 19993 0
Chain
	Aln	1	+HG003_pb_pass3_read1029_start97000 6 19991 20000 -edge_1_0_+disjointig_1_0_999999 97005 116990 999999 -1 -1 19985 0
Chain
	Aln	0	-HG003_pb_pass3_read1029_start97000 8 19993 20000 +edge_1_0_+disjointig_1_0_999999 883008 902993 999999 -1 -1 19985 0
Chain
	Aln	1	+HG003_pb_pass3_read1030_start99000 5 19995 20000 -edge_1_0_+disjointig_1_0_999999 99004 118994 999999 -1 -1 19990 0
Chain
	Aln	0	-HG003_pb_pass3_read1030_start99000 4 19994 20000 +edge_1_0_+disjointig_1_0_999999 881004 900994 999999 -1 -1 19990 0
Chain
	Aln	1	+HG003_pb_pass3_read1031_start101000 6 19994 20000 -edge_1_0_+disjointig_1_0_999999 101005 120993 999999 -1 -1 19988 0
Chain
	Aln	0	-HG003_pb_pass3_read1031_start101000 5 19993 20000 +edge_1_0_+disjointig_1_0_999999 879005 898993 999999 -1 -1 19988 0
Chain
	Aln	1	+HG003_pb_pass3_read1032_start103000 4 19997 20000 -edge_1_0_+disjointig_1_0_999999 103003 122996 999999 -1 -1 19993 0
Chain
	Aln	0	-HG003_pb_pass3_read1032_start103000 2 19995 20000 +edge_1_0_+disjointig_1_0_999999 877002 896995 999999 -1 -1 19993 0
Chain
	Aln	1	+HG003_pb_pass3_read1033_start105000 6 19998 20000 -edge_1_0_+disjointig_1_0_999999 105005 124997 999999 -1 -1 19992 0
Chain
	Aln	0	-HG003_pb_pass3_read1033_start105000 1 19993 20000 +edge_1_0_+disjointig_1_0_999999 875001 894993 999999 -1 -1 19992 0
Chain
	Aln	1	+HG003_pb_pass3_read1034_start107000 6 19994 20000 -edge_1_0_+disjointig_1_0_999999 107005 126993 999999 -1 -1 19988 0
Chain
	Aln	0	-HG003_pb_pass3_read1034_start107000 5 19993 20000 +edge_1_0_+disjointig_1_0_999999 873005 892993 999999 -1 -1 19988 0
Chain
	Aln	1	+HG003_pb_pass3_read1035_start109000 3 19998 20000 -edge_1_0_+disjointig_1_0_999999 109002 128997 999999 -1 -1 19995 0
Chain
	Aln	0	-HG003_pb_pass3_read1035_start109000 1 19996 20000 +edge_1_0_+disjointig_1_0_999999 871001 890996 999999 -1 -1 19995 0
Chain
	Aln	1	+HG003_pb_pass3_read1036_start111000 13 19997 20000 -edge_1_0_+disjointig_1_0_999999 111012 130996 999999 -1 -1 19984 0
Chain
	Aln	0	-HG003_pb_pass3_read1036_start111000 2 19986 20000 +edge_1_0_+disjointig_1_0_999999 869002 888986 999999 -1 -1 19984 0
Chain
	Aln	1	+HG003_pb_pass3_read1037_start113000 10 19998 20000 -edge_1_0_+disjointig_1_0_999999 113009 132997 999999 -1 -1 19988 0
Chain
	Aln	0	-HG003_pb_pass3_read1037_start113000 1 19989 20000 +edge_1_0_+disjointig_1_0_999999 867001 886989 999999 -1 -1 19988 0
Chain
	Aln	1	+HG003_pb_pass3_read1038_start115000 6 19993 20000 -edge_1_0_+disjointig_1_0_999999 115005 134992 999999 -1 -1 19987 0
Chain
	Aln	0	-HG003_pb_pass3_read1038_start115000 6 19993 20000 +edge_1_0_+disjointig_1_0_999999 865006 884993 999999 -1 -1 19987 0
Chain
	Aln	1	+HG003_pb_pass3_read1039_start117000 11 19995 20000 -edge_1_0_+disjointig_1_0_999999 117010 136994 999999 -1 -1 19984 0
Chain
	Aln	0	-HG003_pb_pass3_read1039_start117000 4 19988 20000 +edge_1_0_+disjointig_1_0_999999 863004 882988 999999 -1 -1 19984 0
Chain
	Aln	1	+HG003_pb_pass3_read1040_start119000 8 19991 20000 -edge_1_0_+disjointig_1_0_999999 119007 138990 999999 -1 -1 19983 0
Chain
	Aln	0	-HG003_pb_pass3_read1040_start119000 8 19991 20000 +edge_1_0_+disjointig_1_0_999999 861008 880991 999999 -1 -1 19983 0
Chain
	Aln	1	+HG003_pb_pass3_read1041_start121000 16 19994 20000 -edge_1_0_+disjointig_1_0_999999 121015 140993 999999 -1 -1 19978 0
Chain
	Aln	0	-HG003_pb_pass3_read1041_start121000 5 19983 20000 +edge_1_0_+disjointig_1_0_999999 859005 878983 999999 -1 -1 19978 0
Chain
	Aln	1	+HG003_pb_pass3_read1042_start123000 12 19995 20000 -edge_1_0_+disjointig_1_0_999999 123011 142994 999999 -1 -1 19983 0
Chain
	Aln	0	-HG003_pb_pass3_read1042_start123000 4 19987 20000 +edge_1_0_+disjointig_1_0_999999 857004 876987 999999 -1 -1 19983 0
Chain
	Aln	1	+HG003_pb_pass3_read1043_start125000 6 19992 20000 -edge_1_0_+disjointig_1_0_999999 125005 144991 999999 -1 -1 19986 0
Chain
	Aln	0	-HG003_pb_pass3_read1043_start125000 7 19993 20000 +edge_1_0_+disjointig_1_0_999999 855007 874993 999999 -1 -1 19986 0
Chain
	Aln	1	+HG003_pb_pass3_read1044_start127000 14 19993 20000 -edge_1_0_+disjointig_1_0_999999 127013 146992 999999 -1 -1 19979 0
Chain
	Aln	0	-HG003_pb_pass3_read1044_start127000 6 19985 20000 +edge_1_0_+disjointig_1_0_999999 853006 872985 999999 -1 -1 19979 0
Chain
	Aln	1	+HG003_pb_pass3_read1045_start129000 11 19992 20000 -edge_1_0_+disjointig_1_0_999999 129010 148991 999999 -1 -1 19981 0
Chain
	Aln	0	-HG003_pb_pass3_read1045_start129000 7 19988 20000 +edge_1_0_+disjointig_1_0_999999 851007 870988 999999 -1 -1 19981 0
Chain
	Aln	1	+HG003_pb_pass3_read1046_start131000 6 19994 20000 -edge_1_0_+disjointig_1_0_999999 131005 150993 999999 -1 -1 19988 0
Chain
	Aln	0	-HG003_pb_pass3_read1046_start131000 5 19993 20000 +edge_1_0_+disjointig_1_0_999999 849005 868993 999999 -1 -1 19988 0
Chain
	Aln	1	+HG003_pb_pass3_read1047_start133000 6 19997 20000 -edge_1_0_+disjointig_1_0_999999 133005 152996 999999 -1 -1 19991 0
Chain
	Aln	0	-HG003_pb_pass3_read1047_start133000 2 19993 20000 +edge_1_0_+disjointig_1_0_999999 847002 866993 999999 -1 -1 19991 0
Chain
	Aln	1	+HG003_pb_pass3_read1048_start135000 7 19994 20000 -edge_1_0_+disjointig_1_0_999999 135006 154993 999999 -1 -1 19987 0
Chain
	Aln	0	-HG003_pb_pass3_read1048_start135000 5 19992 20000 +edge_1_0_+disjointig_1_0_999999 845005 864992 999999 -1 -1 19987 0
Chain
	Aln	1	+HG003_pb_pass3_read1049_start137000 10 19993 20000 -edge_1_0_+disjointig_1_0_999999 137009 156992 999999 -1 -1 19983 0
Chain
	Aln	0	-HG003_pb_pass3_read1049_start137000 6 19989 20000 +edge_1_0_+disjointig_1_0_999999 843006 862989 999999 -1 -1 19983 0
Chain
	Aln	1	+HG003_pb_pass3_read1050_start139000 13 19996 20000 -edge_1_0_+disjointig_1_0_999999 139012 158995 999999 -1 -1 19983 0
Chain
	Aln	0	-HG003_pb_pass3_read1050_start139000 3 19986 20000 +edge_1_0_+disjointig_1_0_999999 841003 860986 999999 -1 -1 19983 0
Chain
	Aln	1	+HG003_pb_pass3_read1051_start141000 5 19997 20000 -edge_1_0_+disjointig_1_0_999999 141004 160996 999999 -1 -1 19992 0
Chain
	Aln	0	-HG003_pb_pass3_read1051_start141000 2 19994 20000 +edge_1_0_+disjointig_1_0_999999 839002 858994 999999 -1 -1 19992 0
Chain
	Aln	1	+HG003_pb_pass3_read1052_start143000 8 19995 20000 -edge_1_0_+disjointig_1_0_999999 143007 162994 999999 -1 -1 19987 0
Chain
	Aln	0	-HG003_pb_pass3_read1052_start143000 4 19991 20000 +edge_1_0_+disjointig_1_0_999999 837004 856991 999999 -1 -1 19987 0
Chain
	Aln	1	+HG003_pb_pass3_read1053_start145000 3 19992 20000 -edge_1_0_+disjointig_1_0_999999 145002 164991 999999 -1 -1 19989 0
Chain
	Aln	0	-HG003_pb_pass3_read1053_start145000 7 19996 20000 +edge_1_0_+disjointig_1_0_999999 835007 854996 999999 -1 -1 19989 0
Chain
	Aln	1	+HG003_pb_pass3_read1054_start147000 9 19994 20000 -edge_1_0_+disjointig_1_0_999999 147008 166993 999999 -1 -1 19985 0
Chain
	Aln	0	-HG003_pb_pass3_read1054_start147000 5 19990 20000 +edge_1_0_+disjointig_1_0_999999 833005 852990 999999 -1 -1 19985 0
Chain
	Aln	1	+HG003_pb_pass3_read1055_start149000 11 19996 20000 -edge_1_0_+disjointig_1_0_999999 149010 168995 999999 -1 -1 19985 3.74446e-06
Chain
	Aln	0	-HG003_pb_pass3_read1055_start149000 3 19988 20000 +edge_1_0_+disjointig_1_0_999999 831003 850988 999999 -1 -1 19985 3.74446e-06
Chain
	Aln	1	+HG003_pb_pass3_read1056_start151000 5 19993 20000 -edge_1_0_+disjointig_1_0_999999 151004 170992 999999 -1 -1 19988 9.34279e-05
Chain
	Aln	0	-HG003_pb_pass3_read1056_start151000 6 19994 20000 +edge_1_0_+disjointig_1_0_999999 829006 848994 999999 -1 -1 19988 9.34279e-05
Chain
	Aln	1	+HG003_pb_pass3_read1057_start153000 15 19996 20000 -edge_1_0_+disjointig_1_0_999999 153014 172995 999999 -1 -1 19981 0.000218644
Chain
	Aln	0	-HG003_pb_pass3_read1057_start153000 3 19984 20000 +edge_1_0_+disjointig_1_0_999999 827003 846984 999999 -1 -1 19981 0.000218644
Chain
	Aln	1	+HG003_pb_pass3_read1058_start155000 9 19995 20000 -edge_1_0_+disjointig_1_0_999999 155008 174994 999999 -1 -1 19986 0.000103726
Chain
	Aln	0	-HG003_pb_pass3_read1058_start155000 4 19990 20000 +edge_1_0_+disjointig_1_0_999999 825004 844990 999999 -1 -1 19986 0.000103726
Chain
	Aln	1	+HG003_pb_pass3_read1059_start157000 14 19994 20000 -edge_1_0_+disjointig_1_0_999999 157013 176993 999999 -1 -1 19980 0.000199477
Chain
	Aln	0	-HG003_pb_pass3_read1059_start157000 5 19985 20000 +edge_1_0_+disjointig_1_0_999999 823005 842985 999999 -1 -1 19980 0.000199477
Chain
	Aln	1	+HG003_pb_pass3_read1060_start159000 6 19993 20000 -edge_1_0_+disjointig_1_0_999999 159005 178992 999999 -1 -1 19987 0.00031748
Chain
	Aln	0	-HG003_pb_pass3_read1060_start159000 6 19993 20000 +edge_1_0_+disjointig_1_0_999999 821006 840993 999999 -1 -1 19987 0.00031748
Chain
	Aln	1	+HG003_pb_pass3_read1061_start161000 14 19993 20000 -edge_1_0_+disjointig_1_0_999999 161013 180992 999999 -1 -1 19979 0.000293929
Chain
	Aln	0	-HG003_pb_pass3_read1061_start161000 6 19985 20000 +edge_1_0_+disjointig_1_0_999999 819006 838985 999999 -1 -1 19979 0.000293929
Chain
	Aln	1	+HG003_pb_pass3_read1062_start163000 15 19997 20000 -edge_1_0_+disjointig_1_0_999999 163014 182996 999999 -1 -1 19982 0.000205368
Chain
	Aln	0	-HG003_pb_pass3_read1062_start163000 2 19984 20000 +edge_1_0_+disjointig_1_0_999999 817002 836984 999999 -1 -1 19982 0.000205368
Chain
	Aln	1	+HG003_pb_pass3_read1063_start165000 7 19997 20000 -edge_1_0_+disjointig_1_0_999999 165006 184996 999999 -1 -1 19990 0.000228913
Chain
	Aln	0	-HG003_pb_pass3_read1063_start165000 2 19992 20000 +edge_1_0_+disjointig_1_0_999999 815002 834992 999999 -1 -1 19990 0.000228913
Chain
	Aln	1	+HG003_pb_pass3_read1064_start167000 8 19992 20000 -edge_1_0_+disjointig_1_0_999999 167007 186991 999999 -1 -1 19984 8.16508e-05
Chain
	Aln	0	-HG003_pb_pass3_read1064_start167000 7 19991 20000 +edge_1_0_+disjointig_1_0_999999 813007 832991 999999 -1 -1 19984 8.16508e-05
Chain
	Aln	1	+HG003_pb_pass3_read1065_start169000 2 19996 20000 -edge_1_0_+disjointig_1_0_999999 169001 188995 999999 -1 -1 19994 6.25516e-05
Chain
	Aln	0	-HG003_pb_pass3_read1065_start169000 3 19997 20000 +edge_1_0_+disjointig_1_0_999999 811003 830997 999999 -1 -1 19994 6.25516e-05
Chain
	Aln	1	+HG003_pb_pass3_read1066_start171000 16 19995 20000 -edge_1_0_+disjointig_1_0_999999 171015 190994 999999 -1 -1 19979 1.84044e-05
Chain
	Aln	0	-HG003_pb_pass3_read1066_start171000 4 19983 20000 +edge_1_0_+disjointig_1_0_999999 809004 828983 999999 -1 -1 19979 1.84044e-05
Chain
	Aln	1	+HG003_pb_pass3_read1067_start173000 2 19998 20000 -edge_1_0_+disjointig_1_0_999999 173001 192997 999999 -1 -1 19996 0
Chain
	Aln	0	-HG003_pb_pass3_read1067_start173000 1 19997 20000 +edge_1_0_+disjointig_1_0_999999 807001 826997 999999 -1 -1 19996 0
Chain
	Aln	1	+HG003_pb_pass3_read1068_start175000 12 19997 20000 -edge_1_0_+disjointig_1_0_999999 175011 194996 999999 -1 -1 19985 0
Chain
	Aln	0	-HG003_pb_pass3_read1068_start175000 2 19987 20000 +edge_1_0_+disjointig_1_0_999999 805002 824987 999999 -1 -1 19985 0
Chain
	Aln	1	+HG003_pb_pass3_read1069_start177000 4 19995 20000 -edge_1_0_+disjointig_1_0_999999 177003 196994 999999 -1 -1 19991 0
Chain
	Aln	0	-HG003_pb_pass3_read1069_start177000 4 19995 20000 +edge_1_0_+disjointig_1_0_999999 803004 822995 999999 -1 -1 19991 0
Chain
	Aln	1	+HG003_pb_pass3_read1070_start179000 10 19997 20000 -edge_1_0_+disjointig_1_0_999999 179009 198996 999999 -1 -1 19987 0
Chain
	Aln	0	-HG003_pb_pass3_read1070_start179000 2 19989 20000 +edge_1_0_+disjointig_1_0_999999 801002 820989 999999 -1 -1 19987 0
Chain
	Aln	1	+HG003_pb_pass3_read1071_start181000 14 19990 20000 -edge_1_0_+disjointig_1_0_999999 181013 200989 999999 -1 -1 19976 0.000203922
Chain
	Aln	0	-HG003_pb_pass3_read1071_start181000 9 19985 20000 +edge_1_0_+disjointig_1_0_999999 799009 818985 999999 -1 -1 19976 0.000203922
Chain
	Aln	1	+HG003_pb_pass3_read1072_start183000 13 19990 20000 -edge_1_0_+disjointig_1_0_999999 183012 202989 999999 -1 -1 19977 0.00036932
Chain
	Aln	0	-HG003_pb_pass3_read1072_start183000 9 19986 20000 +edge_1_0_+disjointig_1_0_999999 797009 816986 999999 -1 -1 19977 0.00036932
Chain
	Aln	1	+HG003_pb_pass3_read1073_start185000 4 19992 20000 -edge_1_0_+disjointig_1_0_999999 185003 204991 999999 -1 -1 19988 0.000466811
Chain
	Aln	0	-HG003_pb_pass3_read1073_start185000 7 19995 20000 +edge_1_0_+disjointig_1_0_999999 795007 814995 999999 -1 -1 19988 0.000466811
Chain
	Aln	1	+HG003_pb_pass3_read1074_start187000 3 19992 20000 -edge_1_0_+disjointig_1_0_999999 187002 206991 999999 -1 -1 19989 0.000567543
Chain
	Aln	0	-HG003_pb_pass3_read1074_start187000 7 19996 20000 +edge_1_0_+disjointig_1_0_999999 793007 812996 999999 -1 -1 19989 0.000567543
Chain
	Aln	1	+HG003_pb_pass3_read1075_start189000 3 19995 20000 -edge_1_0_+disjointig_1_0_999999 189002 208994 999999 -1 -1 19992 0.000641662
Chain
	Aln	0	-HG003_pb_pass3_read1075_start189000 4 19996 20000 +edge_1_0_+disjointig_1_0_999999 791004 810996 999999 -1 -1 19992 0.000641662
Chain
	Aln	1	+HG003_pb_pass3_read1076_start191000 11 19995 20000 -edge_1_0_+disjointig_1_0_999999 191010 210994 999999 -1 -1 19984 0.000471325
Chain
	Aln	0	-HG003_pb_pass3_read1076_start191000 4 19988 20000 +edge_1_0_+disjointig_1_0_999999 789004 808988 999999 -1 -1 19984 0.000471325
Chain
	Aln	1	+HG003_pb_pass3_read1077_start193000 8 19995 20000 -edge_1_0_+disjointig_1_0_999999 193007 212994 999999 -1 -1 19987 0.000610614
Chain
	Aln	0	-HG003_pb_pass3_read1077_start193000 4 19991 20000 +edge_1_0_+disjointig_1_0_999999 787004 806991 999999 -1 -1 19987 0.000610614
Chain
	Aln	1	+HG003_pb_pass3_read1078_start195000 2 19991 20000 -edge_1_0_+disjointig_1_0_999999 195001 214990 999999 -1 -1 19989 0.000665504
Chain
	Aln	0	-HG003_pb_pass3_read1078_start195000 8 19997 20000 +edge_1_0_+disjointig_1_0_999999 785008 804997 999999 -1 -1 19989 0.000665504
Chain
	Aln	1	+HG003_pb_pass3_read1079_start197000 7 19991 20000 -edge_1_0_+disjointig_1_0_999999 197006 216990 999999 -1 -1 19984 0.000520215
Chain
	Aln	0	-HG003_pb_pass3_read1079_start197000 8 19992 20000 +edge_1_0_+disjointig_1_0_999999 783008 802992 999999 -1 -1 19984 0.000520215
Chain
	Aln	1	+HG003_pb_pass3_read1080_start199000 5 19995 20000 -edge_1_0_+disjointig_1_0_999999 199004 218994 999999 -1 -1 19990 0.000815691
Chain
	Aln	0	-HG003_pb_pass3_read1080_start199000 4 19994 20000 +edge_1_0_+disjointig_1_0_999999 781004 800994 999999 -1 -1 19990 0.000815691
Chain
	Aln	1	+HG003_pb_pass3_read1081_start201000 8 19997 20000 -edge_1_0_+disjointig_1_0_999999 201007 220996 999999 -1 -1 19989 0.000502336
Chain
	Aln	0	-HG003_pb_pass3_read1081_start201000 2 19991 20000 +edge_1_0_+disjointig_1_0_999999 779002 798991 999999 -1 -1 19989 0.000502336
Chain
	Aln	1	+HG003_pb_pass3_read1082_start203000 9 19995 20000 -edge_1_0_+disjointig_1_0_999999 203008 222994 999999 -1 -1 19986 0.000673013
Chain
	Aln	0	-HG003_pb_pass3_read1082_start203000 4 19990 20000 +edge_1_0_+disjointig_1_0_999999 777004 796990 999999 -1 -1 19986 0.000673013
Chain
	Aln	1	+HG003_pb_pass3_read1083_start205000 3 19994 20000 -edge_1_0_+disjointig_1_0_999999 205002 224993 999999 -1 -1 19991 0.000704076
Chain
	Aln	0	-HG003_pb_pass3_read1083_start205000 5 19996 20000 +edge_1_0_+disjointig_1_0_999999 775005 794996 999999 -1 -1 19991 0.000704076
Chain
	Aln	1	+HG003_pb_pass3_read1084_start207000 12 19990 20000 -edge_1_0_+disjointig_1_0_999999 207011 226989 999999 -1 -1 19978 0.000437376
Chain
	Aln	0	-HG003_pb_pass3_read1084_start207000 9 19987 20000 +edge_1_0_+disjointig_1_0_999999 773009 792987 999999 -1 -1 19978 0.000437376
Chain
	Aln	1	+HG003_pb_pass3_read1085_start209000 1 19997 20000 -edge_1_0_+disjointig_1_0_999999 209000 228996 999999 -1 -1 19996 0.000555521
Chain
	Aln	0	-HG003_pb_pass3_read1085_start209000 2 19998 20000 +edge_1_0_+disjointig_1_0_999999 771002 790998 999999 -1 -1 19996 0.000555521
Chain
	Aln	1	+HG003_pb_pass3_read1086_start211000 8 19996 20000 -edge_1_0_+disjointig_1_0_999999 211007 230995 999999 -1 -1 19988 0.000499395
Chain
	Aln	0	-HG003_pb_pass3_read1086_start211000 3 19991 20000 +edge_1_0_+disjointig_1_0_999999 769003 788991 999999 -1 -1 19988 0.000499395
Chain
	Aln	1	+HG003_pb_pass3_read1087_start213000 4 19996 20000 -edge_1_0_+disjointig_1_0_999999 213003 232995 999999 -1 -1 19992 0.000511158
Chain
	Aln	0	-HG003_pb_pass3_read1087_start213000 3 19995 20000 +edge_1_0_+disjointig_1_0_999999 767003 786995 999999 -1 -1 19992 0.000511158
Chain
	Aln	1	+HG003_pb_pass3_read1088_start215000 12 19997 20000 -edge_1_0_+disjointig_1_0_999999 215011 234996 999999 -1 -1 19985 0.000604736
Chain
	Aln	0	-HG003_pb_pass3_read1088_start215000 2 19987 20000 +edge_1_0_+disjointig_1_0_999999 765002 784987 999999 -1 -1 19985 0.000604736
Chain
	Aln	1	+HG003_pb_pass3_read1089_start217000 9 19998 20000 -edge_1_0_+disjointig_1_0_999999 217008 236997 999999 -1 -1 19989 0.000911113
Chain
	Aln	0	-HG003_pb_pass3_read1089_start217000 1 19990 20000 +edge_1_0_+disjointig_1_0_999999 763001 782990 999999 -1 -1 19989 0.000911113
Chain
	Aln	1	+HG003_pb_pass3_read1090_start219000 5 19992 20000 -edge_1_0_+disjointig_1_0_999999 219004 238991 999999 -1 -1 19987 0.000301234
Chain
	Aln	0	-HG003_pb_pass3_read1090_start219000 7 19994 20000 +edge_1_0_+disjointig_1_0_999999 761007 780994 999999 -1 -1 19987 0.000301234
Chain
	Aln	1	+HG003_pb_pass3_read1091_start221000 7 19997 20000 -edge_1_0_+disjointig_1_0_999999 221006 240996 999999 -1 -1 19990 0.000326309
Chain
	Aln	0	-HG003_pb_pass3_read1091_start221000 2 19992 20000 +edge_1_0_+disjointig_1_0_999999 759002 778992 999999 -1 -1 19990 0.000326309
Chain
	Aln	1	+HG003_pb_pass3_read1092_start223000 7 19992 20000 -edge_1_0_+disjointig_1_0_999999 223006 242991 999999 -1 -1 19985 3.74446e-06
Chain
	Aln	0	-HG003_pb_pass3_read1092_start223000 7 19992 20000 +edge_1_0_+disjointig_1_0_999999 757007 776992 999999 -1 -1 19985 3.74446e-06
Chain
	Aln	1	+HG003_pb_pass3_read1093_start225000 1 19995 20000 -edge_1_0_+disjointig_1_0_999999 225000 244994 999999 -1 -1 19994 0
Chain
	Aln	0	-HG003_pb_pass3_read1093_start225000 4 19998 20000 +edge_1_0_+disjointig_1_0_999999 755004 774998 999999 -1 -1 19994 0
Chain
	Aln	1	+HG003_pb_pass3_read1094_start227000 9 19994 20000 -edge_1_0_+disjointig_1_0_999999 227008 246993 999999 -1 -1 19985 3.60673e-05
Chain
	Aln	0	-HG003_pb_pass3_read1094_start227000 5 19990 20000 +edge_1_0_+disjointig_1_0_999999 753005 772990 999999 -1 -1 19985 3.60673e-05
Chain
	Aln	1	+HG003_pb_pass3_read1095_start229000 10 19996 20000 -edge_1_0_+disjointig_1_0_999999 229009 248995 999999 -1 -1 19986 0.000119914
Chain
	Aln	0	-HG003_pb_pass3_read1095_start229000 3 19989 20000 +edge_1_0_+disjointig_1_0_999999 751003 770989 999999 -1 -1 19986 0.000119914
Chain
	Aln	1	+HG003_pb_pass3_read1096_start231000 8 19996 20000 -edge_1_0_+disjointig_1_0_999999 231007 250995 999999 -1 -1 19988 0.000417974
Chain
	Aln	0	-HG003_pb_pass3_read1096_start231000 3 19991 20000 +edge_1_0_+disjointig_1_0_999999 749003 768991 999999 -1 -1 19988 0.000417974
Chain
	Aln	1	+HG003_pb_pass3_read1097_start233000 15 19998 20000 -edge_1_0_+disjointig_1_0_999999 233014 252997 999999 -1 -1 19983 0.000598843
Chain
	Aln	0	-HG003_pb_pass3_read1097_start233000 1 19984 20000 +edge_1_0_+disjointig_1_0_999999 747001 766984 999999 -1 -1 19983 0.000598843
Chain
	Aln	1	+HG003_pb_pass3_read1098_start235000 8 19997 20000 -edge_1_0_+disjointig_1_0_999999 235007 254996 999999 -1 -1 19989 0.000420912
Chain
	Aln	0	-HG003_pb_pass3_read1098_start235000 2 19991 20000 +edge_1_0_+disjointig_1_0_999999 745002 764991 999999 -1 -1 19989 0.000420912
Chain
	Aln	1	+HG003_pb_pass3_read1099_start237000 12 19998 20000 -edge_1_0_+disjointig_1_0_999999 237011 256997 999999 -1 -1 19986 8.75396e-05
Chain
	Aln	0	-HG003_pb_pass3_read1099_start237000 1 19987 20000 +edge_1_0_+disjointig_1_0_999999 743001 762987 999999 -1 -1 19986 8.75396e-05
Chain
	Aln	1	+HG003_pb_pass3_read1100_start239000 13 19998 20000 -edge_1_0_+disjointig_1_0_999999 239012 258997 999999 -1 -1 19985 0.000409138
Chain
	Aln	0	-HG003_pb_pass3_read1100_start239000 1 19986 20000 +edge_1_0_+disjointig_1_0_999999 741001 760986 999999 -1 -1 19985 0.000409138
Chain
	Aln	1	+HG003_pb_pass3_read1101_start241000 17 19991 20000 -edge_1_0_+disjointig_1_0_999999 241016 260990 999999 -1 -1 19974 0.000311704
Chain
	Aln	0	-HG003_pb_pass3_read1101_start241000 8 19982 20000 +edge_1_0_+disjointig_1_0_999999 739008 758982 999999 -1 -1 19974 0.000311704
Chain
	Aln	1	+HG003_pb_pass3_read1102_start243000 11 19995 20000 -edge_1_0_+disjointig_1_0_999999 243010 262994 999999 -1 -1 19984 0.000292408
Chain
	Aln	0	-HG003_pb_pass3_read1102_start243000 4 19988 20000 +edge_1_0_+disjointig_1_0_999999 737004 756988 999999 -1 -1 19984 0.000292408
Chain
	Aln	1	+HG003_pb_pass3_read1103_start245000 8 19998 20000 -edge_1_0_+disjointig_1_0_999999 245007 264997 999999 -1 -1 19990 6.69505e-05
Chain
	Aln	0	-HG003_pb_pass3_read1103_start245000 1 19991 20000 +edge_1_0_+disjointig_1_0_999999 735001 754991 999999 -1 -1 19990 6.69505e-05
Chain
	Aln	1	+HG003_pb_pass3_read1104_start247000 7 19996 20000 -edge_1_0_+disjointig_1_0_999999 247006 266995 999999 -1 -1 19989 0.000225972
Chain
	Aln	0	-HG003_pb_pass3_read1104_start247000 3 19992 20000 +edge_1_0_+disjointig_1_0_999999 733003 752992 999999 -1 -1 19989 0.000225972
Chain
	Aln	1	+HG003_pb_pass3_read1105_start249000 9 19993 20000 -edge_1_0_+disjointig_1_0_999999 249008 268992 999999 -1 -1 19984 0
Chain
	Aln	0	-HG003_pb_pass3_read1105_start249000 6 19990 20000 +edge_1_0_+disjointig_1_0_999999 731006 750990 999999 -1 -1 19984 0
Chain
	Aln	1	+HG003_pb_pass3_read1106_start251000 9 19995 20000 -edge_1_0_+disjointig_1_0_999999 251008 270994 999999 -1 -1 19986 0
Chain
	Aln	0	-HG003_pb_pass3_read1106_start251000 4 19990 20000 +edge_1_0_+disjointig_1_0_999999 729004 748990 999999 -1 -1 19986 0
Chain
	Aln	1	+HG003_pb_pass3_read1107_start253000 5 19998 20000 -edge_1_0_+disjointig_1_0_999999 253004 272997 999999 -1 -1 19993 0
Chain
	Aln	0	-HG003_pb_pass3_read1107_start253000 1 19994 20000 +edge_1_0_+disjointig_1_0_999999 727001 746994 999999 -1 -1 19993 0
Chain
	Aln	1	+HG003_pb_pass3_read1108_start255000 8 19994 20000 -edge_1_0_+disjointig_1_0_999999 255007 274993 999999 -1 -1 19986 0
Chain
	Aln	0	-HG003_pb_pass3_read1108_start255000 5 19991 20000 +edge_1_0_+disjointig_1_0_999999 725005 744991 999999 -1 -1 19986 0
Chain
	Aln	1	+HG003_pb_pass3_read1109_start257000 12 19998 20000 -edge_1_0_+disjointig_1_0_999999 257011 276997 999999 -1 -1 19986 0
Chain
	Aln	0	-HG003_pb_pass3_read1109_start257000 1 19987 20000 +edge_1_0_+disjointig_1_0_999999 723001 742987 999999 -1 -1 19986 0
Chain
	Aln	1	+HG003_pb_pass3_read1110_start259000 8 19997 20000 -edge_1_0_+disjointig_1_0_999999 259007 278996 999999 -1 -1 19989 0
Chain
	Aln	0	-HG003_pb_pass3_read1110_start259000 2 19991 20000 +edge_1_0_+disjointig_1_0_999999 721002 740991 999999 -1 -1 19989 0
Chain
	Aln	1	+HG003_pb_pass3_read1111_start261000 7 19997 20000 -edge_1_0_+disjointig_1_0_999999 261006 280996 999999 -1 -1 19990 0
Chain
	Aln	0	-HG003_pb_pass3_read1111_start261000 2 19992 20000 +edge_1_0_+disjointig_1_0_999999 719002 738992 999999 -1 -1 19990 0
Chain
	Aln	1	+HG003_pb_pass3_read1112_start263000 10 19994 20000 -edge_1_0_+disjointig_1_0_999999 263009 282993 999999 -1 -1 19984 0
Chain
	Aln	0	-HG003_pb_pass3_read1112_start263000 5 19989 20000 +edge_1_0_+disjointig_1_0_999999 717005 736989 999999 -1 -1 19984 0
Chain
	Aln	1	+HG003_pb_pass3_read1113_start265000 5 19994 20000 -edge_1_0_+disjointig_1_0_999999 265004 284993 999999 -1 -1 19989 0
Chain
	Aln	0	-HG003_pb_pass3_read1113_start265000 5 19994 20000 +edge_1_0_+disjointig_1_0_999999 715005 734994 999999 -1 -1 19989 0
Chain
	Aln	1	+HG003_pb_pass3_read1114_start267000 12 19992 20000 -edge_1_0_+disjointig_1_0_999999 267011 286991 999999 -1 -1 19980 0
Chain
	Aln	0	-HG003_pb_pass3_read1114_start267000 7 19987 20000 +edge_1_0_+disjointig_1_0_999999 713007 732987 999999 -1 -1 19980 0
Chain
	Aln	1	+HG003_pb_pass3_read1115_start269000 7 19993 20000 -edge_1_0_+disjointig_1_0_999999 269006 288992 999999 -1 -1 19986 0
Chain
	Aln	0	-HG003_pb_pass3_read1115_start269000 6 19992 20000 +edge_1_0_+disjointig_1_0_999999 711006 730992 999999 -1 -1 19986 0
Chain
	Aln	1	+HG003_pb_pass3_read1116_start271000 8 19995 20000 -edge_1_0_+disjointig_1_0_999999 271007 290994 999999 -1 -1 19987 0
Chain
	Aln	0	-HG003_pb_pass3_read1116_start271000 4 19991 20000 +edge_1_0_+disjointig_1_0_999999 709004 728991 999999 -1 -1 19987 0
Chain
	Aln	1	+HG003_pb_pass3_read1117_start273000 5 19990 20000 -edge_1_0_+disjointig_1_0_999999 273004 292989 999999 -1 -1 19985 0
Chain
	Aln	0	-HG003_pb_pass3_read1117_start273000 9 19994 20000 +edge_1_0_+disjointig_1_0_999999 707009 726994 999999 -1 -1 19985 0
Chain
	Aln	1	+HG003_pb_pass3_read1118_start275000 1 19998 20000 -edge_1_0_+disjointig_1_0_999999 275000 294997 999999 -1 -1 19997 0.000265733
Chain
	Aln	0	-HG003_pb_pass3_read1118_start275000 1 19998 20000 +edge_1_0_+disjointig_1_0_999999 705001 724998 999999 -1 -1 19997 0.000265733
Chain
	Aln	1	+HG003_pb_pass3_read1119_start277000 3 19997 20000 -edge_1_0_+disjointig_1_0_999999 277002 296996 999999 -1 -1 19994 0.000386829
Chain
	Aln	0	-HG003_pb_pass3_read1119_start277000 2 19996 20000 +edge_1_0_+disjointig_1_0_999999 703002 722996 999999 -1 -1 19994 0.000386829
Chain
	Aln	1	+HG003_pb_pass3_read1120_start279000 9 19996 20000 -edge_1_0_+disjointig_1_0_999999 279008 298995 999999 -1 -1 19987 0.000610614
Chain
	Aln	0	-HG003_pb_pass3_read1120_start279000 3 19990 20000 +edge_1_0_+disjointig_1_0_999999 701003 720990 999999 -1 -1 19987 0.000610614
Chain
	Aln	1	+HG003_pb_pass3_read1121_start281000 10 19997 20000 -edge_1_0_+disjointig_1_0_999999 281009 300996 999999 -1 -1 19987 0.000171453
Chain
	Aln	0	-HG003_pb_pass3_read1121_start281000 2 19989 20000 +edge_1_0_+disjointig_1_0_999999 699002 718989 999999 -1 -1 19987 0.000171453
Chain
	Aln	1	+HG003_pb_pass3_read1122_start283000 16 19997 20000 -edge_1_0_+disjointig_1_0_999999 283015 302996 999999 -1 -1 19981 0
Chain
	Aln	0	-HG003_pb_pass3_read1122_start283000 2 19983 20000 +edge_1_0_+disjointig_1_0_999999 697002 716983 999999 -1 -1 19981 0
Chain
	Aln	1	+HG003_pb_pass3_read1123_start285000 14 19996 20000 -edge_1_0_+disjointig_1_0_999999 285013 304995 999999 -1 -1 19982 0
Chain
	Aln	0	-HG003_pb_pass3_read1123_start285000 3 19985 20000 +edge_1_0_+disjointig_1_0_999999 695003 714985 999999 -1 -1 19982 0
Chain
	Aln	1	+HG003_pb_pass3_read1124_start287000 8 19998 20000 -edge_1_0_+disjointig_1_0_999999 287007 306997 999999 -1 -1 19990 0.000196486
Chain
	Aln	0	-HG003_pb_pass3_read1124_start287000 1 19991 20000 +edge_1_0_+disjointig_1_0_999999 693001 712991 999999 -1 -1 19990 0.000196486
Chain
	Aln	1	+HG003_pb_pass3_read1125_start289000 11 19998 20000 -edge_1_0_+disjointig_1_0_999999 289010 308997 999999 -1 -1 19987 0
Chain
	Aln	0	-HG003_pb_pass3_read1125_start289000 1 19988 20000 +edge_1_0_+disjointig_1_0_999999 691001 710988 999999 -1 -1 19987 0
Chain
	Aln	1	+HG003_pb_pass3_read1126_start291000 16 19995 20000 -edge_1_0_+disjointig_1_0_999999 291015 310994 999999 -1 -1 19979 0
Chain
	Aln	0	-HG003_pb_pass3_read1126_start291000 4 19983 20000 +edge_1_0_+disjointig_1_0_999999 689004 708983 999999 -1 -1 19979 0
Chain
	Aln	1	+HG003_pb_pass3_read1127_start293000 2 19997 20000 -edge_1_0_+disjointig_1_0_999999 293001 312996 999999 -1 -1 19995 0
Chain
	Aln	0	-HG003_pb_pass3_read1127_start293000 2 19997 20000 +edge_1_0_+disjointig_1_0_999999 687002 706997 999999 -1 -1 19995 0
Chain
	Aln	1	+HG003_pb_pass3_read1128_start295000 5 19991 20000 -edge_1_0_+disjointig_1_0_999999 295004 314990 999999 -1 -1 19986 0
Chain
	Aln	0	-HG003_pb_pass3_read1128_start295000 8 19994 20000 +edge_1_0_+disjointig_1_0_999999 685008 704994 999999 -1 -1 19986 0
Chain
	Aln	1	+HG003_pb_pass3_read1129_start297000 6 19991 20000 -edge_1_0_+disjointig_1_0_999999 297005 316990 999999 -1 -1 19985 0
Chain
	Aln	0	-HG003_pb_pass3_read1129_start297000 8 19993 20000 +edge_1_0_+disjointig_1_0_999999 683008 702993 999999 -1 -1 19985 0
Chain
	Aln	1	+HG003_pb_pass3_read1130_start299000 10 19997 20000 -edge_1_0_+disjointig_1_0_999999 299009 318996 999999 -1 -1 19987 0
Chain
	Aln	0	-HG003_pb_pass3_read1130_start299000 2 19989 20000 +edge_1_0_+disjointig_1_0_999999 681002 700989 999999 -1 -1 19987 0
Chain
	Aln	1	+HG003_pb_pass3_read1131_start301000 2 19998 20000 -edge_1_0_+disjointig_1_0_999999 301001 320997 999999 -1 -1 19996 0
Chain
	Aln	0	-HG003_pb_pass3_read1131_start301000 1 19997 20000 +edge_1_0_+disjointig_1_0_999999 679001 698997 999999 -1 -1 19996 0
Chain
	Aln	1	+HG003_pb_pass3_read1132_start303000 9 19990 20000 -edge_1_0_+disjointig_1_0_999999 303008 322989 999999 -1 -1 19981 0
Chain
	Aln	0	-HG003_pb_pass3_read1132_start303000 9 19990 20000 +edge_1_0_+disjointig_1_0_999999 677009 696990 999999 -1 -1 19981 0
Chain
	Aln	1	+HG003_pb_pass3_read1133_start305000 15 19991 20000 -edge_1_0_+disjointig_1_0_999999 305014 324990 999999 -1 -1 19976 0
Chain
	Aln	0	-HG003_pb_pass3_read1133_start305000 8 19984 20000 +edge_1_0_+disjointig_1_0_999999 675008 694984 999999 -1 -1 19976 0
Chain
	Aln	1	+HG003_pb_pass3_read1134_start307000 8 19995 20000 -edge_1_0_+disjointig_1_0_999999 307007 326994 999999 -1 -1 19987 0
Chain
	Aln	0	-HG003_pb_pass3_read1134_start307000 4 19991 20000 +edge_1_0_+disjointig_1_0_999999 673004 692991 999999 -1 -1 19987 0
Chain
	Aln	1	+HG003_pb_pass3_read1135_start309000 10 19997 20000 -edge_1_0_+disjointig_1_0_999999 309009 328996 999999 -1 -1 19987 0
Chain
	Aln	0	-HG003_pb_pass3_read1135_start309000 2 19989 20000 +edge_1_0_+disjointig_1_0_999999 671002 690989 999999 -1 -1 19987 0
Chain
	Aln	1	+HG003_pb_pass3_read1136_start311000 4 19998 20000 -edge_1_0_+disjointig_1_0_999999 311003 330997 999999 -1 -1 19994 4.63822e-05
Chain
	Aln	0	-HG003_pb_pass3_read1136_start311000 1 19995 20000 +edge_1_0_+disjointig_1_0_999999 669001 688995 999999 -1 -1 19994 4.63822e-05
Chain
	Aln	1	+HG003_pb_pass3_read1137_start313000 11 19998 20000 -edge_1_0_+disjointig_1_0_999999 313010 332997 999999 -1 -1 19987 0.000139051
Chain
	Aln	0	-HG003_pb_pass3_read1137_start313000 1 19988 20000 +edge_1_0_+disjointig_1_0_999999 667001 686988 999999 -1 -1 19987 0.000139051
Chain
	Aln	1	+HG003_pb_pass3_read1138_start315000 9 19995 20000 -edge_1_0_+disjointig_1_0_999999 315008 334994 999999 -1 -1 19986 0.000136106
Chain
	Aln	0	-HG003_pb_pass3_read1138_start315000 4 19990 20000 +edge_1_0_+disjointig_1_0_999999 665004 684990 999999 -1 -1 19986 0.000136106
Chain
	Aln	1	+HG003_pb_pass3_read1139_start317000 3 19994 20000 -edge_1_0_+disjointig_1_0_999999 317002 336993 999999 -1 -1 19991 0
Chain
	Aln	0	-HG003_pb_pass3_read1139_start317000 5 19996 20000 +edge_1_0_+disjointig_1_0_999999 663005 682996 999999 -1 -1 19991 0
Chain
	Aln	1	+HG003_pb_pass3_read1140_start319000 13 19993 20000 -edge_1_0_+disjointig_1_0_999999 319012 338992 999999 -1 -1 19980 0
Chain
	Aln	0	-HG003_pb_pass3_read1140_start319000 6 19986 20000 +edge_1_0_+disjointig_1_0_999999 661006 680986 999999 -1 -1 19980 0
Chain
	Aln	1	+HG003_pb_pass3_read1141_start321000 10 19990 20000 -edge_1_0_+disjointig_1_0_999999 321009 340989 999999 -1 -1 19980 0
Chain
	Aln	0	-HG003_pb_pass3_read1141_start321000 9 19989 20000 +edge_1_0_+disjointig_1_0_999999 659009 678989 999999 -1 -1 19980 0
Chain
	Aln	1	+HG003_pb_pass3_read1142_start323000 8 19997 20000 -edge_1_0_+disjointig_1_0_999999 323007 342996 999999 -1 -1 19989 0
Chain
	Aln	0	-HG003_pb_pass3_read1142_start323000 2 19991 20000 +edge_1_0_+disjointig_1_0_999999 657002 676991 999999 -1 -1 19989 0
Chain
	Aln	1	+HG003_pb_pass3_read1143_start325000 12 19997 20000 -edge_1_0_+disjointig_1_0_999999 325011 344996 999999 -1 -1 19985 0
Chain
	Aln	0	-HG003_pb_pass3_read1143_start325000 2 19987 20000 +edge_1_0_+disjointig_1_0_999999 655002 674987 999999 -1 -1 19985 0
Chain
	Aln	1	+HG003_pb_pass3_read1144_start327000 4 19995 20000 -edge_1_0_+disjointig_1_0_999999 327003 346994 999999 -1 -1 19991 0
Chain
	Aln	0	-HG003_pb_pass3_read1144_start327000 4 19995 20000 +edge_1_0_+disjointig_1_0_999999 653004 672995 999999 -1 -1 19991 0
Chain
	Aln	1	+HG003_pb_pass3_read1145_start329000 15 19993 20000 -edge_1_0_+disjointig_1_0_999999 329014 348992 999999 -1 -1 19978 0
Chain
	Aln	0	-HG003_pb_pass3_read1145_start329000 6 19984 20000 +edge_1_0_+disjointig_1_0_999999 651006 670984 999999 -1 -1 19978 0
Chain
	Aln	1	+HG003_pb_pass3_read1146_start331000 12 19997 20000 -edge_1_0_+disjointig_1_0_999999 331011 350996 999999 -1 -1 19985 3.74446e-06
Chain
	Aln	0	-HG003_pb_pass3_read1146_start331000 2 19987 20000 +edge_1_0_+disjointig_1_0_999999 649002 668987 999999 -1 -1 19985 3.74446e-06
Chain
	Aln	1	+HG003_pb_pass3_read1147_start333000 7 19998 20000 -edge_1_0_+disjointig_1_0_999999 333006 352997 999999 -1 -1 19991 3.7553e-05
Chain
	Aln	0	-HG003_pb_pass3_read1147_start333000 1 19992 20000 +edge_1_0_+disjointig_1_0_999999 647001 666992 999999 -1 -1 19991 3.7553e-05
Chain
	Aln	1	+HG003_pb_pass3_read1148_start335000 7 19995 20000 -edge_1_0_+disjointig_1_0_999999 335006 354994 999999 -1 -1 19988 0
Chain
	Aln	0	-HG003_pb_pass3_read1148_start335000 4 19992 20000 +edge_1_0_+disjointig_1_0_999999 645004 664992 999999 -1 -1 19988 0
Chain
	Aln	1	+HG003_pb_pass3_read1149_start337000 10 19995 20000 -edge_1_0_+disjointig_1_0_999999 337009 356994 999999 -1 -1 19985 3.60673e-05
Chain
	Aln	0	-HG003_pb_pass3_read1149_start337000 4 19989 20000 +edge_1_0_+disjointig_1_0_999999 643004 662989 999999 -1 -1 19985 3.60673e-05
Chain
	Aln	1	+HG003_pb_pass3_read1150_start339000 8 19994 20000 -edge_1_0_+disjointig_1_0_999999 339007 358993 999999 -1 -1 19986 5.5182e-05
Chain
	Aln	0	-HG003_pb_pass3_read1150_start339000 5 19991 20000 +edge_1_0_+disjointig_1_0_999999 641005 660991 999999 -1 -1 19986 5.5182e-05
Chain
	Aln	1	+HG003_pb_pass3_read1151_start341000 8 19990 20000 -edge_1_0_+disjointig_1_0_999999 341007 360989 999999 -1 -1 19982 0
Chain
	Aln	0	-HG003_pb_pass3_read1151_start341000 9 19991 20000 +edge_1_0_+disjointig_1_0_999999 639009 658991 999999 -1 -1 19982 0
Chain
	Aln	1	+HG003_pb_pass3_read1152_start343000 12 19994 20000 -edge_1_0_+disjointig_1_0_999999 343011 362993 999999 -1 -1 19982 7.57683e-05
Chain
	Aln	0	-HG003_pb_pass3_read1152_start343000 5 19987 20000 +edge_1_0_+disjointig_1_0_999999 637005 656987 999999 -1 -1 19982 7.57683e-05
Chain
	Aln	1	+HG003_pb_pass3_read1153_start345000 10 19989 20000 -edge_1_0_+disjointig_1_0_999999 345009 364988 999999 -1 -1 19979 0.000228983
Chain
	Aln	0	-HG003_pb_pass3_read1153_start345000 10 19989 20000 +edge_1_0_+disjointig_1_0_999999 635010 654989 999999 -1 -1 19979 0.000228983
Chain
	Aln	1	+HG003_pb_pass3_read1154_start347000 11 19992 20000 -edge_1_0_+disjointig_1_0_999999 347010 366991 999999 -1 -1 19981 0
Chain
	Aln	0	-HG003_pb_pass3_read1154_start347000 7 19988 20000 +edge_1_0_+disjointig_1_0_999999 633007 652988 999999 -1 -1 19981 0
Chain
	Aln	1	+HG003_pb_pass3_read1155_start349000 16 19994 20000 -edge_1_0_+disjointig_1_0_999999 349015 368993 999999 -1 -1 19978 0.000128759
Chain
	Aln	0	-HG003_pb_pass3_read1155_start349000 5 19983 20000 +edge_1_0_+disjointig_1_0_999999 631005 650983 999999 -1 -1 19978 0.000128759
Chain
	Aln	1	+HG003_pb_pass3_read1156_start351000 14 19997 20000 -edge_1_0_+disjointig_1_0_999999 351013 370996 999999 -1 -1 19983 0.00020831
Chain
	Aln	0	-HG003_pb_pass3_read1156_start351000 2 19985 20000 +edge_1_0_+disjointig_1_0_999999 629002 648985 999999 -1 -1 19983 0.00020831
Chain
	Aln	1	+HG003_pb_pass3_read1157_start353000 11 19996 20000 -edge_1_0_+disjointig_1_0_999999 353010 372995 999999 -1 -1 19985 0.000197982
Chain
	Aln	0	-HG003_pb_pass3_read1157_start353000 3 19988 20000 +edge_1_0_+disjointig_1_0_999999 627003 646988 999999 -1 -1 19985 0.000197982
Chain
	Aln	1	+HG003_pb_pass3_read1158_start355000 4 19996 20000 -edge_1_0_+disjointig_1_0_999999 355003 374995 999999 -1 -1 19992 0.000348439
Chain
	Aln	0	-HG003_pb_pass3_read1158_start355000 3 19995 20000 +edge_1_0_+disjointig_1_0_999999 625003 644995 999999 -1 -1 19992 0.000348439
Chain
	Aln	1	+HG003_pb_pass3_read1159_start357000 12 19996 20000 -edge_1_0_+disjointig_1_0_999999 357011 376995 999999 -1 -1 19984 0.000389929
Chain
	Aln	0	-HG003_pb_pass3_read1159_start357000 3 19987 20000 +edge_1_0_+disjointig_1_0_999999 623003 642987 999999 -1 -1 19984 0.000389929
Chain
	Aln	1	+HG003_pb_pass3_read1160_start359000 11 19998 20000 -edge_1_0_+disjointig_1_0_999999 359010 378997 999999 -1 -1 19987 0.000463868
Chain
	Aln	0	-HG003_pb_pass3_read1160_start359000 1 19988 20000 +edge_1_0_+disjointig_1_0_999999 621001 640988 999999 -1 -1 19987 0.000463868
Chain
	Aln	1	+HG003_pb_pass3_read1161_start361000 18 19990 20000 -edge_1_0_+disjointig_1_0_999999 361017 380989 999999 -1 -1 19972 0.00055013
Chain
	Aln	0	-HG003_pb_pass3_read1161_start361000 9 19981 20000 +edge_1_0_+disjointig_1_0_999999 619009 638981 999999 -1 -1 19972 0.00055013
Chain
	Aln	1	+HG003_pb_pass3_read1162_start363000 4 19996 20000 -edge_1_0_+disjointig_1_0_999999 363003 382995 999999 -1 -1 19992 0.000543752
Chain
	Aln	0	-HG003_pb_pass3_read1162_start363000 3 19995 20000 +edge_1_0_+disjointig_1_0_999999 617003 636995 999999 -1 -1 19992 0.000543752
Chain
	Aln	1	+HG003_pb_pass3_read1163_start365000 15 19993 20000 -edge_1_0_+disjointig_1_0_999999 365014 384992 999999 -1 -1 19978 0.000633123
Chain
	Aln	0	-HG003_pb_pass3_read1163_start365000 6 19984 20000 +edge_1_0_+disjointig_1_0_999999 615006 634984 999999 -1 -1 19978 0.000633123
Chain
	Aln	1	+HG003_pb_pass3_read1164_start367000 8 19995 20000 -edge_1_0_+disjointig_1_0_999999 367007 386994 999999 -1 -1 19987 0.000626949
Chain
	Aln	0	-HG003_pb_pass3_read1164_start367000 4 19991 20000 +edge_1_0_+disjointig_1_0_999999 613004 632991 999999 -1 -1 19987 0.000626949
Chain
	Aln	1	+HG003_pb_pass3_read1165_start369000 6 19996 20000 -edge_1_0_+disjointig_1_0_999999 369005 388995 999999 -1 -1 19990 0.000293824
Chain
	Aln	0	-HG003_pb_pass3_read1165_start369000 3 19993 20000 +edge_1_0_+disjointig_1_0_999999 611003 630993 999999 -1 -1 19990 0.000293824
Chain
	Aln	1	+HG003_pb_pass3_read1166_start371000 4 19993 20000 -edge_1_0_+disjointig_1_0_999999 371003 390992 999999 -1 -1 19989 0.000323366
Chain
	Aln	0	-HG003_pb_pass3_read1166_start371000 6 19995 20000 +edge_1_0_+disjointig_1_0_999999 609006 628995 999999 -1 -1 19989 0.000323366
Chain
	Aln	1	+HG003_pb_pass3_read1167_start373000 8 19996 20000 -edge_1_0_+disjointig_1_0_999999 373007 392995 999999 -1 -1 19988 0.00059724
Chain
	Aln	0	-HG003_pb_pass3_read1167_start373000 3 19991 20000 +edge_1_0_+disjointig_1_0_999999 607003 626991 999999 -1 -1 19988 0.00059724
Chain
	Aln	1	+HG003_pb_pass3_read1168_start375000 8 19994 20000 -edge_1_0_+disjointig_1_0_999999 375007 394993 999999 -1 -1 19986 0.000493505
Chain
	Aln	0	-HG003_pb_pass3_read1168_start375000 5 19991 20000 +edge_1_0_+disjointig_1_0_999999 605005 624991 999999 -1 -1 19986 0.000493505
Chain
	Aln	1	+HG003_pb_pass3_read1169_start377000 10 19996 20000 -edge_1_0_+disjointig_1_0_999999 377009 396995 999999 -1 -1 19986 0.000673013
Chain
	Aln	0	-HG003_pb_pass3_read1169_start377000 3 19989 20000 +edge_1_0_+disjointig_1_0_999999 603003 622989 999999 -1 -1 19986 0.000673013
Chain
	Aln	1	+HG003_pb_pass3_read1170_start379000 13 19996 20000 -edge_1_0_+disjointig_1_0_999999 379012 398995 999999 -1 -1 19983 0.000338197
Chain
	Aln	0	-HG003_pb_pass3_read1170_start379000 3 19986 20000 +edge_1_0_+disjointig_1_0_999999 601003 620986 999999 -1 -1 19983 0.000338197
Chain
	Aln	1	+HG003_pb_pass3_read1171_start381000 6 19989 20000 -edge_1_0_+disjointig_1_0_999999 381005 400988 999999 -1 -1 19983 0.000484673
Chain
	Aln	0	-HG003_pb_pass3_read1171_start381000 10 19993 20000 +edge_1_0_+disjointig_1_0_999999 599010 618993 999999 -1 -1 19983 0.000484673
Chain
	Aln	1	+HG003_pb_pass3_read1172_start383000 3 19995 20000 -edge_1_0_+disjointig_1_0_999999 383002 402994 999999 -1 -1 19992 0.000657995
Chain
	Aln	0	-HG003_pb_pass3_read1172_start383000 4 19996 20000 +edge_1_0_+disjointig_1_0_999999 597004 616996 999999 -1 -1 19992 0.000657995
Chain
	Aln	1	+HG003_pb_pass3_read1173_start385000 3 19997 20000 -edge_1_0_+disjointig_1_0_999999 385002 404996 999999 -1 -1 19994 0.000549637
Chain
	Aln	0	-HG003_pb_pass3_read1173_start385000 2 19996 20000 +edge_1_0_+disjointig_1_0_999999 595002 614996 999999 -1 -1 19994 0.000549637
Chain
	Aln	1	+HG003_pb_pass3_read1174_start387000 7 19993 20000 -edge_1_0_+disjointig_1_0_999999 387006 406992 999999 -1 -1 19986 0.000428361
Chain
	Aln	0	-HG003_pb_pass3_read1174_start387000 6 19992 20000 +edge_1_0_+disjointig_1_0_999999 593006 612992 999999 -1 -1 19986 0.000428361
Chain
	Aln	1	+HG003_pb_pass3_read1175_start389000 3 19995 20000 -edge_1_0_+disjointig_1_0_999999 389002 408994 999999 -1 -1 19992 0.000690667
Chain
	Aln	0	-HG003_pb_pass3_read1175_start389000 4 19996 20000 +edge_1_0_+disjointig_1_0_999999 591004 610996 999999 -1 -1 19992 0.000690667
Chain
	Aln	1	+HG003_pb_pass3_read1176_start391000 12 19997 20000 -edge_1_0_+disjointig_1_0_999999 391011 410996 999999 -1 -1 19985 0.000850135
Chain
	Aln	0	-HG003_pb_pass3_read1176_start391000 2 19987 20000 +edge_1_0_+disjointig_1_0_999999 589002 608987 999999 -1 -1 19985 0.000850135
Chain
	Aln	1	+HG003_pb_pass3_read1177_start393000 6 19995 20000 -edge_1_0_+disjointig_1_0_999999 393005 412994 999999 -1 -1 19989 0.000274647
Chain
	Aln	0	-HG003_pb_pass3_read1177_start393000 4 19993 20000 +edge_1_0_+disjointig_1_0_999999 587004 606993 999999 -1 -1 19989 0.000274647
Chain
	Aln	1	+HG003_pb_pass3_read1178_start395000 10 19995 20000 -edge_1_0_+disjointig_1_0_999999 395009 414994 999999 -1 -1 19985 0.000409138
Chain
	Aln	0	-HG003_pb_pass3_read1178_start395000 4 19989 20000 +edge_1_0_+disjointig_1_0_999999 585004 604989 999999 -1 -1 19985 0.000409138
Chain
	Aln	1	+HG003_pb_pass3_read1179_start397000 6 19998 20000 -edge_1_0_+disjointig_1_0_999999 397005 416997 999999 -1 -1 19992 8.1828e-06
Chain
	Aln	0	-HG003_pb_pass3_read1179_start397000 1 19993 20000 +edge_1_0_+disjointig_1_0_999999 583001 602993 999999 -1 -1 19992 8.1828e-06
Chain
	Aln	1	+HG003_pb_pass3_read1180_start399000 8 19996 20000 -edge_1_0_+disjointig_1_0_999999 399007 418995 999999 -1 -1 19988 2.87294e-05
Chain
	Aln	0	-HG003_pb_pass3_read1180_start399000 3 19991 20000 +edge_1_0_+disjointig_1_0_999999 581003 600991 999999 -1 -1 19988 2.87294e-05
Chain
	Aln	1	+HG003_pb_pass3_read1181_start401000 12 19995 20000 -edge_1_0_+disjointig_1_0_999999 401011 420994 999999 -1 -1 19983 0
Chain
	Aln	0	-HG003_pb_pass3_read1181_start401000 4 19987 20000 +edge_1_0_+disjointig_1_0_999999 579004 598987 999999 -1 -1 19983 0
Chain
	Aln	1	+HG003_pb_pass3_read1182_start403000 10 19992 20000 -edge_1_0_+disjointig_1_0_999999 403009 422991 999999 -1 -1 19982 0
Chain
	Aln	0	-HG003_pb_pass3_read1182_start403000 7 19989 20000 +edge_1_0_+disjointig_1_0_999999 577007 596989 999999 -1 -1 19982 0
Chain
	Aln	1	+HG003_pb_pass3_read1183_start405000 10 19990 20000 -edge_1_0_+disjointig_1_0_999999 405009 424989 999999 -1 -1 19980 0
Chain
	Aln	0	-HG003_pb_pass3_read1183_start405000 9 19989 20000 +edge_1_0_+disjointig_1_0_999999 575009 594989 999999 -1 -1 19980 0
Chain
	Aln	1	+HG003_pb_pass3_read1184_start407000 10 19996 20000 -edge_1_0_+disjointig_1_0_999999 407009 426995 999999 -1 -1 19986 0
Chain
	Aln	0	-HG003_pb_pass3_read1184_start407000 3 19989 20000 +edge_1_0_+disjointig_1_0_999999 573003 592989 999999 -1 -1 19986 0
Chain
	Aln	1	+HG003_pb_pass3_read1185_start409000 8 19995 20000 -edge_1_0_+disjointig_1_0_999999 409007 428994 999999 -1 -1 19987 0
Chain
	Aln	0	-HG003_pb_pass3_read1185_start409000 4 19991 20000 +edge_1_0_+disjointig_1_0_999999 571004 590991 999999 -1 -1 19987 0
Chain
	Aln	1	+HG003_pb_pass3_read1186_start411000 7 19996 20000 -edge_1_0_+disjointig_1_0_999999 411006 430995 999999 -1 -1 19989 0
Chain
	Aln	0	-HG003_pb_pass3_read1186_start411000 3 19992 20000 +edge_1_0_+disjointig_1_0_999999 569003 588992 999999 -1 -1 19989 0
Chain
	Aln	1	+HG003_pb_pass3_read1187_start413000 5 19998 20000 -edge_1_0_+disjointig_1_0_999999 413004 432997 999999 -1 -1 19993 0
Chain
	Aln	0	-HG003_pb_pass3_read1187_start413000 1 19994 20000 +edge_1_0_+disjointig_1_0_999999 567001 586994 999999 -1 -1 19993 0
Chain
	Aln	1	+HG003_pb_pass3_read1188_start415000 9 19992 20000 -edge_1_0_+disjointig_1_0_999999 415008 434991 999999 -1 -1 19983 0
Chain
	Aln	0	-HG003_pb_pass3_read1188_start415000 7 19990 20000 +edge_1_0_+disjointig_1_0_999999 565007 584990 999999 -1 -1 19983 0
Chain
	Aln	1	+HG003_pb_pass3_read1189_start417000 3 19998 20000 -edge_1_0_+disjointig_1_0_999999 417002 436997 999999 -1 -1 19995 0
Chain
	Aln	0	-HG003_pb_pass3_read1189_start417000 1 19996 20000 +edge_1_0_+disjointig_1_0_999999 563001 582996 999999 -1 -1 19995 0
Chain
	Aln	1	+HG003_pb_pass3_read1190_start419000 7 19998 20000 -edge_1_0_+disjointig_1_0_999999 419006 438997 999999 -1 -1 19991 0
Chain
	Aln	0	-HG003_pb_pass3_read1190_start419000 1 19992 20000 +edge_1_0_+disjointig_1_0_999999 561001 580992 999999 -1 -1 19991 0
Chain
	Aln	1	+HG003_pb_pass3_read1191_start421000 7 19996 20000 -edge_1_0_+disjointig_1_0_999999 421006 440995 999999 -1 -1 19989 0
Chain
	Aln	0	-HG003_pb_pass3_read1191_start421000 3 19992 20000 +edge_1_0_+disjointig_1_0_999999 559003 578992 999999 -1 -1 19989 0
Chain
	Aln	1	+HG003_pb_pass3_read1192_start423000 9 19996 20000 -edge_1_0_+disjointig_1_0_999999 423008 442995 999999 -1 -1 19987 9.62712e-06
Chain
	Aln	0	-HG003_pb_pass3_read1192_start423000 3 19990 20000 +edge_1_0_+disjointig_1_0_999999 557003 576990 999999 -1 -1 19987 9.62712e-06
Chain
	Aln	1	+HG003_pb_pass3_read1193_start425000 3 19992 20000 -edge_1_0_+disjointig_1_0_999999 425002 444991 999999 -1 -1 19989 0
Chain
	Aln	0	-HG003_pb_pass3_read1193_start425000 7 19996 20000 +edge_1_0_+disjointig_1_0_999999 555007 574996 999999 -1 -1 19989 0
Chain
	Aln	1	+HG003_pb_pass3_read1194_start427000 12 19996 20000 -edge_1_0_+disjointig_1_0_999999 427011 446995 999999 -1 -1 19984 0
Chain
	Aln	0	-HG003_pb_pass3_read1194_start427000 3 19987 20000 +edge_1_0_+disjointig_1_0_999999 553003 572987 999999 -1 -1 19984 0
Chain
	Aln	1	+HG003_pb_pass3_read1195_start429000 3 19996 20000 -edge_1_0_+disjointig_1_0_999999 429002 448995 999999 -1 -1 19993 7.57823e-05
Chain
	Aln	0	-HG003_pb_pass3_read1195_start429000 3 19996 20000 +edge_1_0_+disjointig_1_0_999999 551003 570996 999999 -1 -1 19993 7.57823e-05
Chain
	Aln	1	+HG003_pb_pass3_read1196_start431000 6 19996 20000 -edge_1_0_+disjointig_1_0_999999 431005 450995 999999 -1 -1 19990 0.000310065
Chain
	Aln	0	-HG003_pb_pass3_read1196_start431000 3 19993 20000 +edge_1_0_+disjointig_1_0_999999 549003 568993 999999 -1 -1 19990 0.000310065
Chain
	Aln	1	+HG003_pb_pass3_read1197_start433000 6 19990 20000 -edge_1_0_+disjointig_1_0_999999 433005 452989 999999 -1 -1 19984 0.000536519
Chain
	Aln	0	-HG003_pb_pass3_read1197_start433000 9 19993 20000 +edge_1_0_+disjointig_1_0_999999 547009 566993 999999 -1 -1 19984 0.000536519
Chain
	Aln	1	+HG003_pb_pass3_read1198_start435000 8 19996 20000 -edge_1_0_+disjointig_1_0_999999 435007 454995 999999 -1 -1 19988 0.0004017
Chain
	Aln	0	-HG003_pb_pass3_read1198_start435000 3 19991 20000 +edge_1_0_+disjointig_1_0_999999 545003 564991 999999 -1 -1 19988 0.0004017
Chain
	Aln	1	+HG003_pb_pass3_read1199_start437000 10 19991 20000 -edge_1_0_+disjointig_1_0_999999 437009 456990 999999 -1 -1 19981 0.000381095
Chain
	Aln	0	-HG003_pb_pass3_read1199_start437000 8 19989 20000 +edge_1_0_+disjointig_1_0_999999 543008 562989 999999 -1 -1 19981 0.000381095
Chain
	Aln	1	+HG003_pb_pass3_read1200_start439000 10 19993 20000 -edge_1_0_+disjointig_1_0_999999 439009 458992 999999 -1 -1 19983 0.000713235
Chain
	Aln	0	-HG003_pb_pass3_read1200_start439000 6 19989 20000 +edge_1_0_+disjointig_1_0_999999 541006 560989 999999 -1 -1 19983 0.000713235
Chain
	Aln	1	+HG003_pb_pass3_read1201_start441000 15 19994 20000 -edge_1_0_+disjointig_1_0_999999 441014 460993 999999 -1 -1 19979 0.000652405
Chain
	Aln	0	-HG003_pb_pass3_read1201_start441000 5 19984 20000 +edge_1_0_+disjointig_1_0_999999 539005 558984 999999 -1 -1 19979 0.000652405
Chain
	Aln	1	+HG003_pb_pass3_read1202_start443000 9 19993 20000 -edge_1_0_+disjointig_1_0_999999 443008 462992 999999 -1 -1 19984 0.000503907
Chain
	Aln	0	-HG003_pb_pass3_read1202_start443000 6 19990 20000 +edge_1_0_+disjointig_1_0_999999 537006 556990 999999 -1 -1 19984 0.000503907
Chain
	Aln	1	+HG003_pb_pass3_read1203_start445000 8 19991 20000 -edge_1_0_+disjointig_1_0_999999 445007 464990 999999 -1 -1 19983 0.000762333
Chain
	Aln	0	-HG003_pb_pass3_read1203_start445000 8 19991 20000 +edge_1_0_+disjointig_1_0_999999 535008 554991 999999 -1 -1 19983 0.000762333
Chain
	Aln	1	+HG003_pb_pass3_read1204_start447000 12 19998 20000 -edge_1_0_+disjointig_1_0_999999 447011 466997 999999 -1 -1 19986 0.000705711
Chain
	Aln	0	-HG003_pb_pass3_read1204_start447000 1 19987 20000 +edge_1_0_+disjointig_1_0_999999 533001 552987 999999 -1 -1 19986 0.000705711
Chain
	Aln	1	+HG003_pb_pass3_read1205_start449000 12 19995 20000 -edge_1_0_+disjointig_1_0_999999 449011 468994 999999 -1 -1 19983 0.000484673
Chain
	Aln	0	-HG003_pb_pass3_read1205_start449000 4 19987 20000 +edge_1_0_+disjointig_1_0_999999 531004 550987 999999 -1 -1 19983 0.000484673
Chain
	Aln	1	+HG003_pb_pass3_read1206_start451000 8 19994 20000 -edge_1_0_+disjointig_1_0_999999 451007 470993 999999 -1 -1 19986 0.000460925
Chain
	Aln	0	-HG003_pb_pass3_read1206_start451000 5 19991 20000 +edge_1_0_+disjointig_1_0_999999 529005 548991 999999 -1 -1 19986 0.000460925
Chain
	Aln	1	+HG003_pb_pass3_read1207_start453000 5 19990 20000 -edge_1_0_+disjointig_1_0_999999 453004 472989 999999 -1 -1 19985 0.000376601
Chain
	Aln	0	-HG003_pb_pass3_read1207_start453000 9 19994 20000 +edge_1_0_+disjointig_1_0_999999 527009 546994 999999 -1 -1 19985 0.000376601
Chain
	Aln	1	+HG003_pb_pass3_read1208_start455000 4 19997 20000 -edge_1_0_+disjointig_1_0_999999 455003 474996 999999 -1 -1 19993 0.000465238
Chain
	Aln	0	-HG003_pb_pass3_read1208_start455000 2 19995 20000 +edge_1_0_+disjointig_1_0_999999 525002 544995 999999 -1 -1 19993 0.000465238
Chain
	Aln	1	+HG003_pb_pass3_read1209_start457000 6 19991 20000 -edge_1_0_+disjointig_1_0_999999 457005 476990 999999 -1 -1 19985 0.000376601
Chain
	Aln	0	-HG003_pb_pass3_read1209_start457000 8 19993 20000 +edge_1_0_+disjointig_1_0_999999 523008 542993 999999 -1 -1 19985 0.000376601
Chain
	Aln	1	+HG003_pb_pass3_read1210_start459000 3 19996 20000 -edge_1_0_+disjointig_1_0_999999 459002 478995 999999 -1 -1 19993 0.000124323
Chain
	Aln	0	-HG003_pb_pass3_read1210_start459000 3 19996 20000 +edge_1_0_+disjointig_1_0_999999 521003 540996 999999 -1 -1 19993 0.000124323
Chain
	Aln	1	+HG003_pb_pass3_read1211_start461000 9 19997 20000 -edge_1_0_+disjointig_1_0_999999 461008 480996 999999 -1 -1 19988 0.00023925
Chain
	Aln	0	-HG003_pb_pass3_read1211_start461000 2 19990 20000 +edge_1_0_+disjointig_1_0_999999 519002 538990 999999 -1 -1 19988 0.00023925
Chain
	Aln	1	+HG003_pb_pass3_read1212_start463000 5 19995 20000 -edge_1_0_+disjointig_1_0_999999 463004 482994 999999 -1 -1 19990 0.000456409
Chain
	Aln	0	-HG003_pb_pass3_read1212_start463000 4 19994 20000 +edge_1_0_+disjointig_1_0_999999 517004 536994 999999 -1 -1 19990 0.000456409
Chain
	Aln	1	+HG003_pb_pass3_read1213_start465000 12 19997 20000 -edge_1_0_+disjointig_1_0_999999 465011 484996 999999 -1 -1 19985 0.000409138
Chain
	Aln	0	-HG003_pb_pass3_read1213_start465000 2 19987 20000 +edge_1_0_+disjointig_1_0_999999 515002 534987 999999 -1 -1 19985 0.000409138
Chain
	Aln	1	+HG003_pb_pass3_read1214_start467000 10 19998 20000 -edge_1_0_+disjointig_1_0_999999 467009 486997 999999 -1 -1 19988 0.000695248
Chain
	Aln	0	-HG003_pb_pass3_read1214_start467000 1 19989 20000 +edge_1_0_+disjointig_1_0_999999 513001 532989 999999 -1 -1 19988 0.000695248
Chain
	Aln	1	+HG003_pb_pass3_read1215_start469000 3 19991 20000 -edge_1_0_+disjointig_1_0_999999 469002 488990 999999 -1 -1 19988 0.000924583
Chain
	Aln	0	-HG003_pb_pass3_read1215_start469000 8 19996 20000 +edge_1_0_+disjointig_1_0_999999 511008 530996 999999 -1 -1 19988 0.000924583
Chain
	Aln	1	+HG003_pb_pass3_read1216_start471000 7 19991 20000 -edge_1_0_+disjointig_1_0_999999 471006 490990 999999 -1 -1 19984 0.000601786
Chain
	Aln	0	-HG003_pb_pass3_read1216_start471000 8 19992 20000 +edge_1_0_+disjointig_1_0_999999 509008 528992 999999 -1 -1 19984 0.000601786
Chain
	Aln	1	+HG003_pb_pass3_read1217_start473000 11 19998 20000 -edge_1_0_+disjointig_1_0_999999 473010 492997 999999 -1 -1 19987 0.000382495
Chain
	Aln	0	-HG003_pb_pass3_read1217_start473000 1 19988 20000 +edge_1_0_+disjointig_1_0_999999 507001 526988 999999 -1 -1 19987 0.000382495
Chain
	Aln	1	+HG003_pb_pass3_read1218_start475000 9 19996 20000 -edge_1_0_+disjointig_1_0_999999 475008 494995 999999 -1 -1 19987 0.000252531
Chain
	Aln	0	-HG003_pb_pass3_read1218_start475000 3 19990 20000 +edge_1_0_+disjointig_1_0_999999 505003 524990 999999 -1 -1 19987 0.000252531
Chain
	Aln	1	+HG003_pb_pass3_read1219_start477000 7 19997 20000 -edge_1_0_+disjointig_1_0_999999 477006 496996 999999 -1 -1 19990 0.000472696
Chain
	Aln	0	-HG003_pb_pass3_read1219_start477000 2 19992 20000 +edge_1_0_+disjointig_1_0_999999 503002 522992 999999 -1 -1 19990 0.000472696
Chain
	Aln	1	+HG003_pb_pass3_read1220_start479000 9 19996 20000 -edge_1_0_+disjointig_1_0_999999 479008 498995 999999 -1 -1 19987 0.000529042
Chain
	Aln	0	-HG003_pb_pass3_read1220_start479000 3 19990 20000 +edge_1_0_+disjointig_1_0_999999 501003 520990 999999 -1 -1 19987 0.000529042
Chain
	Aln	1	+HG003_pb_pass3_read1221_start481000 7 19995 20000 -edge_1_0_+disjointig_1_0_999999 481006 500994 999999 -1 -1 19988 0.000255478
Chain
	Aln	0	-HG003_pb_pass3_read1221_start481000 4 19992 20000 +edge_1_0_+disjointig_1_0_999999 499004 518992 999999 -1 -1 19988 0.000255478
Chain
	Aln	1	+HG003_pb_pass3_read1222_start483000 10 19998 20000 -edge_1_0_+disjointig_1_0_999999 483009 502997 999999 -1 -1 19988 0.000174397
Chain
	Aln	0	-HG003_pb_pass3_read1222_start483000 1 19989 20000 +edge_1_0_+disjointig_1_0_999999 497001 516989 999999 -1 -1 19988 0.000174397
Chain
	Aln	1	+HG003_pb_pass3_read1223_start485000 9 19996 20000 -edge_1_0_+disjointig_1_0_999999 485008 504995 999999 -1 -1 19987 0.000187658
Chain
	Aln	0	-HG003_pb_pass3_read1223_start485000 3 19990 20000 +edge_1_0_+disjointig_1_0_999999 495003 514990 999999 -1 -1 19987 0.000187658
Chain
	Aln	1	+HG003_pb_pass3_read1224_start487000 12 19996 20000 -edge_1_0_+disjointig_1_0_999999 487011 506995 999999 -1 -1 19984 0
Chain
	Aln	0	-HG003_pb_pass3_read1224_start487000 3 19987 20000 +edge_1_0_+disjointig_1_0_999999 493003 512987 999999 -1 -1 19984 0
Chain
	Aln	1	+HG003_pb_pass3_read1225_start489000 3 19998 20000 -edge_1_0_+disjointig_1_0_999999 489002 508997 999999 -1 -1 19995 0
Chain
	Aln	0	-HG003_pb_pass3_read1225_start489000 1 19996 20000 +edge_1_0_+disjointig_1_0_999999 491001 510996 999999 -1 -1 19995 0
Chain
	Aln	1	+HG003_pb_pass3_read1226_start491000 8 19997 20000 -edge_1_0_+disjointig_1_0_999999 491007 510996 999999 -1 -1 19989 0
Chain
	Aln	0	-HG003_pb_pass3_read1226_start491000 2 19991 20000 +edge_1_0_+disjointig_1_0_999999 489002 508991 999999 -1 -1 19989 0
Chain
	Aln	1	+HG003_pb_pass3_read1227_start493000 10 19998 20000 -edge_1_0_+disjointig_1_0_999999 493009 512997 999999 -1 -1 19988 0
Chain
	Aln	0	-HG003_pb_pass3_read1227_start493000 1 19989 20000 +edge_1_0_+disjointig_1_0_999999 487001 506989 999999 -1 -1 19988 0
Chain
	Aln	1	+HG003_pb_pass3_read1228_start495000 3 19998 20000 -edge_1_0_+disjointig_1_0_999999 495002 514997 999999 -1 -1 19995 0.000162594
Chain
	Aln	0	-HG003_pb_pass3_read1228_start495000 1 19996 20000 +edge_1_0_+disjointig_1_0_999999 485001 504996 999999 -1 -1 19995 0.000162594
Chain
	Aln	1	+HG003_pb_pass3_read1229_start497000 8 19997 20000 -edge_1_0_+disjointig_1_0_999999 497007 516996 999999 -1 -1 19989 0
Chain
	Aln	0	-HG003_pb_pass3_read1229_start497000 2 19991 20000 +edge_1_0_+disjointig_1_0_999999 483002 502991 999999 -1 -1 19989 0
Chain
	Aln	1	+HG003_pb_pass3_read1230_start499000 8 19992 20000 -edge_1_0_+disjointig_1_0_999999 499007 518991 999999 -1 -1 19984 0
Chain
	Aln	0	-HG003_pb_pass3_read1230_start499000 7 19991 20000 +edge_1_0_+disjointig_1_0_999999 481007 500991 999999 -1 -1 19984 0
Chain
	Aln	1	+HG003_pb_pass3_read1231_start501000 3 19997 20000 -edge_1_0_+disjointig_1_0_999999 501002 520996 999999 -1 -1 19994 0
Chain
	Aln	0	-HG003_pb_pass3_read1231_start501000 2 19996 20000 +edge_1_0_+disjointig_1_0_999999 479002 498996 999999 -1 -1 19994 0
Chain
	Aln	1	+HG003_pb_pass3_read1232_start503000 4 19991 20000 -edge_1_0_+disjointig_1_0_999999 503003 522990 999999 -1 -1 19987 7.43046e-05
Chain
	Aln	0	-HG003_pb_pass3_read1232_start503000 8 19995 20000 +edge_1_0_+disjointig_1_0_999999 477008 496995 999999 -1 -1 19987 7.43046e-05
Chain
	Aln	1	+HG003_pb_pass3_read1233_start505000 13 19996 20000 -edge_1_0_+disjointig_1_0_999999 505012 524995 999999 -1 -1 19983 0
Chain
	Aln	0	-HG003_pb_pass3_read1233_start505000 3 19986 20000 +edge_1_0_+disjointig_1_0_999999 475003 494986 999999 -1 -1 19983 0
Chain
	Aln	1	+HG003_pb_pass3_read1234_start507000 10 19991 20000 -edge_1_0_+disjointig_1_0_999999 507009 526990 999999 -1 -1 19981 0
Chain
	Aln	0	-HG003_pb_pass3_read1234_start507000 8 19989 20000 +edge_1_0_+disjointig_1_0_999999 473008 492989 999999 -1 -1 19981 0
Chain
	Aln	1	+HG003_pb_pass3_read1235_start509000 9 19995 20000 -edge_1_0_+disjointig_1_0_999999 509008 528994 999999 -1 -1 19986 0.000152306
Chain
	Aln	0	-HG003_pb_pass3_read1235_start509000 4 19990 20000 +edge_1_0_+disjointig_1_0_999999 471004 490990 999999 -1 -1 19986 0.000152306
Chain
	Aln	1	+HG003_pb_pass3_read1236_start511000 10 19994 20000 -edge_1_0_+disjointig_1_0_999999 511009 530993 999999 -1 -1 19984 0.000114029
Chain
	Aln	0	-HG003_pb_pass3_read1236_start511000 5 19989 20000 +edge_1_0_+disjointig_1_0_999999 469005 488989 999999 -1 -1 19984 0.000114029
Chain
	Aln	1	+HG003_pb_pass3_read1237_start513000 6 19989 20000 -edge_1_0_+disjointig_1_0_999999 513005 532988 999999 -1 -1 19983 0.000192097
Chain
	Aln	0	-HG003_pb_pass3_read1237_start513000 10 19993 20000 +edge_1_0_+disjointig_1_0_999999 467010 486993 999999 -1 -1 19983 0.000192097
Chain
	Aln	1	+HG003_pb_pass3_read1238_start515000 11 19990 20000 -edge_1_0_+disjointig_1_0_999999 515010 534989 999999 -1 -1 19979 1.84044e-05
Chain
	Aln	0	-HG003_pb_pass3_read1238_start515000 9 19988 20000 +edge_1_0_+disjointig_1_0_999999 465009 484988 999999 -1 -1 19979 1.84044e-05
Chain
	Aln	1	+HG003_pb_pass3_read1239_start517000 3 19998 20000 -edge_1_0_+disjointig_1_0_999999 517002 536997 999999 -1 -1 19995 0
Chain
	Aln	0	-HG003_pb_pass3_read1239_start517000 1 19996 20000 +edge_1_0_+disjointig_1_0_999999 463001 482996 999999 -1 -1 19995 0
Chain
	Aln	1	+HG003_pb_pass3_read1240_start519000 12 19998 20000 -edge_1_0_+disjointig_1_0_999999 519011 538997 999999 -1 -1 19986 0.000217142
Chain
	Aln	0	-HG003_pb_pass3_read1240_start519000 1 19987 20000 +edge_1_0_+disjointig_1_0_999999 461001 480987 999999 -1 -1 19986 0.000217142
Chain
	Aln	1	+HG003_pb_pass3_read1241_start521000 11 19995 20000 -edge_1_0_+disjointig_1_0_999999 521010 540994 999999 -1 -1 19984 0
Chain
	Aln	0	-HG003_pb_pass3_read1241_start521000 4 19988 20000 +edge_1_0_+disjointig_1_0_999999 459004 478988 999999 -1 -1 19984 0
Chain
	Aln	1	+HG003_pb_pass3_read1242_start523000 3 19994 20000 -edge_1_0_+disjointig_1_0_999999 523002 542993 999999 -1 -1 19991 5.37248e-05
Chain
	Aln	0	-HG003_pb_pass3_read1242_start523000 5 19996 20000 +edge_1_0_+disjointig_1_0_999999 457005 476996 999999 -1 -1 19991 5.37248e-05
Chain
	Aln	1	+HG003_pb_pass3_read1243_start525000 7 19993 20000 -edge_1_0_+disjointig_1_0_999999 525006 544992 999999 -1 -1 19986 0.000330786
Chain
	Aln	0	-HG003_pb_pass3_read1243_start525000 6 19992 20000 +edge_1_0_+disjointig_1_0_999999 455006 474992 999999 -1 -1 19986 0.000330786
Chain
	Aln	1	+HG003_pb_pass3_read1244_start527000 10 19998 20000 -edge_1_0_+disjointig_1_0_999999 527009 546997 999999 -1 -1 19988 0.000125799
Chain
	Aln	0	-HG003_pb_pass3_read1244_start527000 1 19989 20000 +edge_1_0_+disjointig_1_0_999999 453001 472989 999999 -1 -1 19988 0.000125799
Chain
	Aln	1	+HG003_pb_pass3_read1245_start529000 10 19998 20000 -edge_1_0_+disjointig_1_0_999999 529009 548997 999999 -1 -1 19988 0
Chain
	Aln	0	-HG003_pb_pass3_read1245_start529000 1 19989 20000 +edge_1_0_+disjointig_1_0_999999 451001 470989 999999 -1 -1 19988 0
Chain
	Aln	1	+HG003_pb_pass3_read1246_start531000 3 19998 20000 -edge_1_0_+disjointig_1_0_999999 531002 550997 999999 -1 -1 19995 0.000130208
Chain
	Aln	0	-HG003_pb_pass3_read1246_start531000 1 19996 20000 +edge_1_0_+disjointig_1_0_999999 449001 468996 999999 -1 -1 19995 0.000130208
Chain
	Aln	1	+HG003_pb_pass3_read1247_start533000 9 19998 20000 -edge_1_0_+disjointig_1_0_999999 533008 552997 999999 -1 -1 19989 0
Chain
	Aln	0	-HG003_pb_pass3_read1247_start533000 1 19990 20000 +edge_1_0_+disjointig_1_0_999999 447001 466990 999999 -1 -1 19989 0
Chain
	Aln	1	+HG003_pb_pass3_read1248_start535000 5 19998 20000 -edge_1_0_+disjointig_1_0_999999 535004 554997 999999 -1 -1 19993 0
Chain
	Aln	0	-HG003_pb_pass3_read1248_start535000 1 19994 20000 +edge_1_0_+disjointig_1_0_999999 445001 464994 999999 -1 -1 19993 0
Chain
	Aln	1	+HG003_pb_pass3_read1249_start537000 14 19991 20000 -edge_1_0_+disjointig_1_0_999999 537013 556990 999999 -1 -1 19977 0.000142017
Chain
	Aln	0	-HG003_pb_pass3_read1249_start537000 8 19985 20000 +edge_1_0_+disjointig_1_0_999999 443008 462985 999999 -1 -1 19977 0.000142017
Chain
	Aln	1	+HG003_pb_pass3_read1250_start539000 9 19996 20000 -edge_1_0_+disjointig_1_0_999999 539008 558995 999999 -1 -1 19987 9.62712e-06
Chain
	Aln	0	-HG003_pb_pass3_read1250_start539000 3 19990 20000 +edge_1_0_+disjointig_1_0_999999 441003 460990 999999 -1 -1 19987 9.62712e-06
Chain
	Aln	1	+HG003_pb_pass3_read1251_start541000 10 19989 20000 -edge_1_0_+disjointig_1_0_999999 541009 560988 999999 -1 -1 19979 0.000293929
Chain
	Aln	0	-HG003_pb_pass3_read1251_start541000 10 19989 20000 +edge_1_0_+disjointig_1_0_999999 439010 458989 999999 -1 -1 19979 0.000293929
Chain
	Aln	1	+HG003_pb_pass3_read1252_start543000 10 19993 20000 -edge_1_0_+disjointig_1_0_999999 543009 562992 999999 -1 -1 19983 0.000224533
Chain
	Aln	0	-HG003_pb_pass3_read1252_start543000 6 19989 20000 +edge_1_0_+disjointig_1_0_999999 437006 456989 999999 -1 -1 19983 0.000224533
Chain
	Aln	1	+HG003_pb_pass3_read1253_start545000 12 19994 20000 -edge_1_0_+disjointig_1_0_999999 545011 564993 999999 -1 -1 19982 1.10714e-05
Chain
	Aln	0	-HG003_pb_pass3_read1253_start545000 5 19987 20000 +edge_1_0_+disjointig_1_0_999999 435005 454987 999999 -1 -1 19982 1.10714e-05
Chain
	Aln	1	+HG003_pb_pass3_read1254_start547000 7 19994 20000 -edge_1_0_+disjointig_1_0_999999 547006 566993 999999 -1 -1 19987 0.000171453
Chain
	Aln	0	-HG003_pb_pass3_read1254_start547000 5 19992 20000 +edge_1_0_+disjointig_1_0_999999 433005 452992 999999 -1 -1 19987 0.000171453
Chain
	Aln	1	+HG003_pb_pass3_read1255_start549000 13 19998 20000 -edge_1_0_+disjointig_1_0_999999 549012 568997 999999 -1 -1 19985 0.000295345
Chain
	Aln	0	-HG003_pb_pass3_read1255_start549000 1 19986 20000 +edge_1_0_+disjointig_1_0_999999 431001 450986 999999 -1 -1 19985 0.000295345
Chain
	Aln	1	+HG003_pb_pass3_read1256_start551000 12 19996 20000 -edge_1_0_+disjointig_1_0_999999 551011 570995 999999 -1 -1 19984 0.000211259
Chain
	Aln	0	-HG003_pb_pass3_read1256_start551000 3 19987 20000 +edge_1_0_+disjointig_1_0_999999 429003 448987 999999 -1 -1 19984 0.000211259
Chain
	Aln	1	+HG003_pb_pass3_read1257_start553000 8 19997 20000 -edge_1_0_+disjointig_1_0_999999 553007 572996 999999 -1 -1 19989 0.000161139
Chain
	Aln	0	-HG003_pb_pass3_read1257_start553000 2 19991 20000 +edge_1_0_+disjointig_1_0_999999 427002 446991 999999 -1 -1 19989 0.000161139
Chain
	Aln	1	+HG003_pb_pass3_read1258_start555000 15 19994 20000 -edge_1_0_+disjointig_1_0_999999 555014 574993 999999 -1 -1 19979 0.000261447
Chain
	Aln	0	-HG003_pb_pass3_read1258_start555000 5 19984 20000 +edge_1_0_+disjointig_1_0_999999 425005 444984 999999 -1 -1 19979 0.000261447
Chain
	Aln	1	+HG003_pb_pass3_read1259_start557000 12 19996 20000 -edge_1_0_+disjointig_1_0_999999 557011 576995 999999 -1 -1 19984 0.000373661
Chain
	Aln	0	-HG003_pb_pass3_read1259_start557000 3 19987 20000 +edge_1_0_+disjointig_1_0_999999 423003 442987 999999 -1 -1 19984 0.000373661
Chain
	Aln	1	+HG003_pb_pass3_read1260_start559000 10 19998 20000 -edge_1_0_+disjointig_1_0_999999 559009 578997 999999 -1 -1 19988 0.000255478
Chain
	Aln	0	-HG003_pb_pass3_read1260_start559000 1 19989 20000 +edge_1_0_+disjointig_1_0_999999 421001 440989 999999 -1 -1 19988 0.000255478
Chain
	Aln	1	+HG003_pb_pass3_read1261_start561000 8 19995 20000 -edge_1_0_+disjointig_1_0_999999 561007 580994 999999 -1 -1 19987 0.000171453
Chain
	Aln	0	-HG003_pb_pass3_read1261_start561000 4 19991 20000 +edge_1_0_+disjointig_1_0_999999 419004 438991 999999 -1 -1 19987 0.000171453
Chain
	Aln	1	+HG003_pb_pass3_read1262_start563000 11 19990 20000 -edge_1_0_+disjointig_1_0_999999 563010 582989 999999 -1 -1 19979 3.45746e-05
Chain
	Aln	0	-HG003_pb_pass3_read1262_start563000 9 19988 20000 +edge_1_0_+disjointig_1_0_999999 417009 436988 999999 -1 -1 19979 3.45746e-05
Chain
	Aln	1	+HG003_pb_pass3_read1263_start565000 13 19996 20000 -edge_1_0_+disjointig_1_0_999999 565012 584995 999999 -1 -1 19983 0.000289463
Chain
	Aln	0	-HG003_pb_pass3_read1263_start565000 3 19986 20000 +edge_1_0_+disjointig_1_0_999999 415003 434986 999999 -1 -1 19983 0.000289463
Chain
	Aln	1	+HG003_pb_pass3_read1264_start567000 7 19996 20000 -edge_1_0_+disjointig_1_0_999999 567006 586995 999999 -1 -1 19989 8.01872e-05
Chain
	Aln	0	-HG003_pb_pass3_read1264_start567000 3 19992 20000 +edge_1_0_+disjointig_1_0_999999 413003 432992 999999 -1 -1 19989 8.01872e-05
Chain
	Aln	1	+HG003_pb_pass3_read1265_start569000 13 19998 20000 -edge_1_0_+disjointig_1_0_999999 569012 588997 999999 -1 -1 19985 0
Chain
	Aln	0	-HG003_pb_pass3_read1265_start569000 1 19986 20000 +edge_1_0_+disjointig_1_0_999999 411001 430986 999999 -1 -1 19985 0
Chain
	Aln	1	+HG003_pb_pass3_read1266_start571000 4 19993 20000 -edge_1_0_+disjointig_1_0_999999 571003 590992 999999 -1 -1 19989 0
Chain
	Aln	0	-HG003_pb_pass3_read1266_start571000 6 19995 20000 +edge_1_0_+disjointig_1_0_999999 409006 428995 999999 -1 -1 19989 0
Chain
	Aln	1	+HG003_pb_pass3_read1267_start573000 10 19997 20000 -edge_1_0_+disjointig_1_0_999999 573009 592996 999999 -1 -1 19987 0
Chain
	Aln	0	-HG003_pb_pass3_read1267_start573000 2 19989 20000 +edge_1_0_+disjointig_1_0_999999 407002 426989 999999 -1 -1 19987 0
Chain
	Aln	1	+HG003_pb_pass3_read1268_start575000 11 19996 20000 -edge_1_0_+disjointig_1_0_999999 575010 594995 999999 -1 -1 19985 0
Chain
	Aln	0	-HG003_pb_pass3_read1268_start575000 3 19988 20000 +edge_1_0_+disjointig_1_0_999999 405003 424988 999999 -1 -1 19985 0
Chain
	Aln	1	+HG003_pb_pass3_read1269_start577000 5 19993 20000 -edge_1_0_+disjointig_1_0_999999 577004 596992 999999 -1 -1 19988 0
Chain
	Aln	0	-HG003_pb_pass3_read1269_start577000 6 19994 20000 +edge_1_0_+disjointig_1_0_999999 403006 422994 999999 -1 -1 19988 0
Chain
	Aln	1	+HG003_pb_pass3_read1270_start579000 8 19995 20000 -edge_1_0_+disjointig_1_0_999999 579007 598994 999999 -1 -1 19987 0
Chain
	Aln	0	-HG003_pb_pass3_read1270_start579000 4 19991 20000 +edge_1_0_+disjointig_1_0_999999 401004 420991 999999 -1 -1 19987 0
Chain
	Aln	1	+HG003_pb_pass3_read1271_start581000 1 19996 20000 -edge_1_0_+disjointig_1_0_999999 581000 600995 999999 -1 -1 19995 0
Chain
	Aln	0	-HG003_pb_pass3_read1271_start581000 3 19998 20000 +edge_1_0_+disjointig_1_0_999999 399003 418998 999999 -1 -1 19995 0
Chain
	Aln	1	+HG003_pb_pass3_read1272_start583000 6 19995 20000 -edge_1_0_+disjointig_1_0_999999 583005 602994 999999 -1 -1 19989 0
Chain
	Aln	0	-HG003_pb_pass3_read1272_start583000 4 19993 20000 +edge_1_0_+disjointig_1_0_999999 397004 416993 999999 -1 -1 19989 0
Chain
	Aln	1	+HG003_pb_pass3_read1273_start585000 4 19996 20000 -edge_1_0_+disjointig_1_0_999999 585003 604995 999999 -1 -1 19992 0
Chain
	Aln	0	-HG003_pb_pass3_read1273_start585000 3 19995 20000 +edge_1_0_+disjointig_1_0_999999 395003 414995 999999 -1 -1 19992 0
Chain
	Aln	1	+HG003_pb_pass3_read1274_start587000 8 19994 20000 -edge_1_0_+disjointig_1_0_999999 587007 606993 999999 -1 -1 19986 0
Chain
	Aln	0	-HG003_pb_pass3_read1274_start587000 5 19991 20000 +edge_1_0_+disjointig_1_0_999999 393005 412991 999999 -1 -1 19986 0
Chain
	Aln	1	+HG003_pb_pass3_read1275_start589000 10 19996 20000 -edge_1_0_+disjointig_1_0_999999 589009 608995 999999 -1 -1 19986 0.000363285
Chain
	Aln	0	-HG003_pb_pass3_read1275_start589000 3 19989 20000 +edge_1_0_+disjointig_1_0_999999 391003 410989 999999 -1 -1 19986 0.000363285
Chain
	Aln	1	+HG003_pb_pass3_read1276_start591000 15 19995 20000 -edge_1_0_+disjointig_1_0_999999 591014 610994 999999 -1 -1 19980 0.000378155
Chain
	Aln	0	-HG003_pb_pass3_read1276_start591000 4 19984 20000 +edge_1_0_+disjointig_1_0_999999 389004 408984 999999 -1 -1 19980 0.000378155
Chain
	Aln	1	+HG003_pb_pass3_read1277_start593000 9 19996 20000 -edge_1_0_+disjointig_1_0_999999 593008 612995 999999 -1 -1 19987 0.000139051
Chain
	Aln	0	-HG003_pb_pass3_read1277_start593000 3 19990 20000 +edge_1_0_+disjointig_1_0_999999 387003 406990 999999 -1 -1 19987 0.000139051
Chain
	Aln	1	+HG003_pb_pass3_read1278_start595000 4 19993 20000 -edge_1_0_+disjointig_1_0_999999 595003 614992 999999 -1 -1 19989 3.16731e-05
Chain
	Aln	0	-HG003_pb_pass3_read1278_start595000 6 19995 20000 +edge_1_0_+disjointig_1_0_999999 385006 404995 999999 -1 -1 19989 3.16731e-05
Chain
	Aln	1	+HG003_pb_pass3_read1279_start597000 5 19993 20000 -edge_1_0_+disjointig_1_0_999999 597004 616992 999999 -1 -1 19988 0
Chain
	Aln	0	-HG003_pb_pass3_read1279_start597000 6 19994 20000 +edge_1_0_+disjointig_1_0_999999 383006 402994 999999 -1 -1 19988 0
Chain
	Aln	1	+HG003_pb_pass3_read1280_start599000 9 19997 20000 -edge_1_0_+disjointig_1_0_999999 599008 618996 999999 -1 -1 19988 0.000158195
Chain
	Aln	0	-HG003_pb_pass3_read1280_start599000 2 19990 20000 +edge_1_0_+disjointig_1_0_999999 381002 400990 999999 -1 -1 19988 0.000158195
Chain
	Aln	1	+HG003_pb_pass3_read1281_start601000 3 19991 20000 -edge_1_0_+disjointig_1_0_999999 601002 620990 999999 -1 -1 19988 0
Chain
	Aln	0	-HG003_pb_pass3_read1281_start601000 8 19996 20000 +edge_1_0_+disjointig_1_0_999999 379008 398996 999999 -1 -1 19988 0
Chain
	Aln	1	+HG003_pb_pass3_read1282_start603000 3 19991 20000 -edge_1_0_+disjointig_1_0_999999 603002 622990 999999 -1 -1 19988 0
Chain
	Aln	0	-HG003_pb_pass3_read1282_start603000 8 19996 20000 +edge_1_0_+disjointig_1_0_999999 377008 396996 999999 -1 -1 19988 0
Chain
	Aln	1	+HG003_pb_pass3_read1283_start605000 4 19991 20000 -edge_1_0_+disjointig_1_0_999999 605003 624990 999999 -1 -1 19987 0
Chain
	Aln	0	-HG003_pb_pass3_read1283_start605000 8 19995 20000 +edge_1_0_+disjointig_1_0_999999 375008 394995 999999 -1 -1 19987 0
Chain
	Aln	1	+HG003_pb_pass3_read1284_start607000 5 19996 20000 -edge_1_0_+disjointig_1_0_999999 607004 626995 999999 -1 -1 19991 0.000199428
Chain
	Aln	0	-HG003_pb_pass3_read1284_start607000 3 19994 20000 +edge_1_0_+disjointig_1_0_999999 373003 392994 999999 -1 -1 19991 0.000199428
Chain
	Aln	1	+HG003_pb_pass3_read1285_start609000 10 19998 20000 -edge_1_0_+disjointig_1_0_999999 609009 628997 999999 -1 -1 19988 0.000352914
Chain
	Aln	0	-HG003_pb_pass3_read1285_start609000 1 19989 20000 +edge_1_0_+disjointig_1_0_999999 371001 390989 999999 -1 -1 19988 0.000352914
Chain
	Aln	1	+HG003_pb_pass3_read1286_start611000 7 19997 20000 -edge_1_0_+disjointig_1_0_999999 611006 630996 999999 -1 -1 19990 0.000423857
Chain
	Aln	0	-HG003_pb_pass3_read1286_start611000 2 19992 20000 +edge_1_0_+disjointig_1_0_999999 369002 388992 999999 -1 -1 19990 0.000423857
Chain
	Aln	1	+HG003_pb_pass3_read1287_start613000 1 19995 20000 -edge_1_0_+disjointig_1_0_999999 613000 632994 999999 -1 -1 19994 0.000549637
Chain
	Aln	0	-HG003_pb_pass3_read1287_start613000 4 19998 20000 +edge_1_0_+disjointig_1_0_999999 367004 386998 999999 -1 -1 19994 0.000549637
Chain
	Aln	1	+HG003_pb_pass3_read1288_start615000 2 19998 20000 -edge_1_0_+disjointig_1_0_999999 615001 634997 999999 -1 -1 19996 0.000571828
Chain
	Aln	0	-HG003_pb_pass3_read1288_start615000 1 19997 20000 +edge_1_0_+disjointig_1_0_999999 365001 384997 999999 -1 -1 19996 0.000571828
Chain
	Aln	1	+HG003_pb_pass3_read1289_start617000 9 19997 20000 -edge_1_0_+disjointig_1_0_999999 617008 636996 999999 -1 -1 19988 0.000206815
Chain
	Aln	0	-HG003_pb_pass3_read1289_start617000 2 19990 20000 +edge_1_0_+disjointig_1_0_999999 363002 382990 999999 -1 -1 19988 0.000206815
Chain
	Aln	1	+HG003_pb_pass3_read1290_start619000 13 19998 20000 -edge_1_0_+disjointig_1_0_999999 619012 638997 999999 -1 -1 19985 6.84144e-05
Chain
	Aln	0	-HG003_pb_pass3_read1290_start619000 1 19986 20000 +edge_1_0_+disjointig_1_0_999999 361001 380986 999999 -1 -1 19985 6.84144e-05
Chain
	Aln	1	+HG003_pb_pass3_read1291_start621000 4 19997 20000 -edge_1_0_+disjointig_1_0_999999 621003 640996 999999 -1 -1 19993 0
Chain
	Aln	0	-HG003_pb_pass3_read1291_start621000 2 19995 20000 +edge_1_0_+disjointig_1_0_999999 359002 378995 999999 -1 -1 19993 0
Chain
	Aln	1	+HG003_pb_pass3_read1292_start623000 11 19996 20000 -edge_1_0_+disjointig_1_0_999999 623010 642995 999999 -1 -1 19985 5.22395e-05
Chain
	Aln	0	-HG003_pb_pass3_read1292_start623000 3 19988 20000 +edge_1_0_+disjointig_1_0_999999 357003 376988 999999 -1 -1 19985 5.22395e-05
Chain
	Aln	1	+HG003_pb_pass3_read1293_start625000 5 19997 20000 -edge_1_0_+disjointig_1_0_999999 625004 644996 999999 -1 -1 19992 0
Chain
	Aln	0	-HG003_pb_pass3_read1293_start625000 2 19994 20000 +edge_1_0_+disjointig_1_0_999999 355002 374994 999999 -1 -1 19992 0
Chain
	Aln	1	+HG003_pb_pass3_read1294_start627000 6 19995 20000 -edge_1_0_+disjointig_1_0_999999 627005 646994 999999 -1 -1 19989 0
Chain
	Aln	0	-HG003_pb_pass3_read1294_start627000 4 19993 20000 +edge_1_0_+disjointig_1_0_999999 353004 372993 999999 -1 -1 19989 0
Chain
	Aln	1	+HG003_pb_pass3_read1295_start629000 9 19990 20000 -edge_1_0_+disjointig_1_0_999999 629008 648989 999999 -1 -1 19981 0
Chain
	Aln	0	-HG003_pb_pass3_read1295_start629000 9 19990 20000 +edge_1_0_+disjointig_1_0_999999 351009 370990 999999 -1 -1 19981 0
Chain
	Aln	1	+HG003_pb_pass3_read1296_start631000 9 19997 20000 -edge_1_0_+disjointig_1_0_999999 631008 650996 999999 -1 -1 19988 0
Chain
	Aln	0	-HG003_pb_pass3_read1296_start631000 2 19990 20000 +edge_1_0_+disjointig_1_0_999999 349002 368990 999999 -1 -1 19988 0
Chain
	Aln	1	+HG003_pb_pass3_read1297_start633000 6 19993 20000 -edge_1_0_+disjointig_1_0_999999 633005 652992 999999 -1 -1 19987 0
Chain
	Aln	0	-HG003_pb_pass3_read1297_start633000 6 19993 20000 +edge_1_0_+disjointig_1_0_999999 347006 366993 999999 -1 -1 19987 0
Chain
	Aln	1	+HG003_pb_pass3_read1298_start635000 9 19996 20000 -edge_1_0_+disjointig_1_0_999999 635008 654995 999999 -1 -1 19987 0
Chain
	Aln	0	-HG003_pb_pass3_read1298_start635000 3 19990 20000 +edge_1_0_+disjointig_1_0_999999 345003 364990 999999 -1 -1 19987 0
Chain
	Aln	1	+HG003_pb_pass3_read1299_start637000 9 19998 20000 -edge_1_0_+disjointig_1_0_999999 637008 656997 999999 -1 -1 19989 0
Chain
	Aln	0	-HG003_pb_pass3_read1299_start637000 1 19990 20000 +edge_1_0_+disjointig_1_0_999999 343001 362990 999999 -1 -1 19989 0
Chain
	Aln	1	+HG003_pb_pass3_read1300_start639000 8 19995 20000 -edge_1_0_+disjointig_1_0_999999 639007 658994 999999 -1 -1 19987 0
Chain
	Aln	0	-HG003_pb_pass3_read1300_start639000 4 19991 20000 +edge_1_0_+disjointig_1_0_999999 341004 360991 999999 -1 -1 19987 0
Chain
	Aln	1	+HG003_pb_pass3_read1301_start641000 10 19995 20000 -edge_1_0_+disjointig_1_0_999999 641009 660994 999999 -1 -1 19985 0
Chain
	Aln	0	-HG003_pb_pass3_read1301_start641000 4 19989 20000 +edge_1_0_+disjointig_1_0_999999 339004 358989 999999 -1 -1 19985 0
Chain
	Aln	1	+HG003_pb_pass3_read1302_start643000 3 19996 20000 -edge_1_0_+disjointig_1_0_999999 643002 662995 999999 -1 -1 19993 0
Chain
	Aln	0	-HG003_pb_pass3_read1302_start643000 3 19996 20000 +edge_1_0_+disjointig_1_0_999999 337003 356996 999999 -1 -1 19993 0
Chain
	Aln	1	+HG003_pb_pass3_read1303_start645000 10 19995 20000 -edge_1_0_+disjointig_1_0_999999 645009 664994 999999 -1 -1 19985 0
Chain
	Aln	0	-HG003_pb_pass3_read1303_start645000 4 19989 20000 +edge_1_0_+disjointig_1_0_999999 335004 354989 999999 -1 -1 19985 0
Chain
	Aln	1	+HG003_pb_pass3_read1304_start647000 8 19994 20000 -edge_1_0_+disjointig_1_0_999999 647007 666993 999999 -1 -1 19986 0
Chain
	Aln	0	-HG003_pb_pass3_read1304_start647000 5 19991 20000 +edge_1_0_+disjointig_1_0_999999 333005 352991 999999 -1 -1 19986 0
Chain
	Aln	1	+HG003_pb_pass3_read1305_start649000 10 19997 20000 -edge_1_0_+disjointig_1_0_999999 649009 668996 999999 -1 -1 19987 0
Chain
	Aln	0	-HG003_pb_pass3_read1305_start649000 2 19989 20000 +edge_1_0_+disjointig_1_0_999999 331002 350989 999999 -1 -1 19987 0
Chain
	Aln	1	+HG003_pb_pass3_read1306_start651000 8 19991 20000 -edge_1_0_+disjointig_1_0_999999 651007 670990 999999 -1 -1 19983 0
Chain
	Aln	0	-HG003_pb_pass3_read1306_start651000 8 19991 20000 +edge_1_0_+disjointig_1_0_999999 329008 348991 999999 -1 -1 19983 0
Chain
	Aln	1	+HG003_pb_pass3_read1307_start653000 6 19997 20000 -edge_1_0_+disjointig_1_0_999999 653005 672996 999999 -1 -1 19991 0.000102256
Chain
	Aln	0	-HG003_pb_pass3_read1307_start653000 2 19993 20000 +edge_1_0_+disjointig_1_0_999999 327002 346993 999999 -1 -1 19991 0.000102256
Chain
	Aln	1	+HG003_pb_pass3_read1308_start655000 11 19995 20000 -edge_1_0_+disjointig_1_0_999999 655010 674994 999999 -1 -1 19984 0.000178829
Chain
	Aln	0	-HG003_pb_pass3_read1308_start655000 4 19988 20000 +edge_1_0_+disjointig_1_0_999999 325004 344988 999999 -1 -1 19984 0.000178829
Chain
	Aln	1	+HG003_pb_pass3_read1309_start657000 10 19994 20000 -edge_1_0_+disjointig_1_0_999999 657009 676993 999999 -1 -1 19984 0.000292408
Chain
	Aln	0	-HG003_pb_pass3_read1309_start657000 5 19989 20000 +edge_1_0_+disjointig_1_0_999999 323005 342989 999999 -1 -1 19984 0.000292408
Chain
	Aln	1	+HG003_pb_pass3_read1310_start659000 11 19995 20000 -edge_1_0_+disjointig_1_0_999999 659010 678994 999999 -1 -1 19984 0.000389929
Chain
	Aln	0	-HG003_pb_pass3_read1310_start659000 4 19988 20000 +edge_1_0_+disjointig_1_0_999999 321004 340988 999999 -1 -1 19984 0.000389929
Chain
	Aln	1	+HG003_pb_pass3_read1311_start661000 6 19997 20000 -edge_1_0_+disjointig_1_0_999999 661005 680996 999999 -1 -1 19991 0.000426802
Chain
	Aln	0	-HG003_pb_pass3_read1311_start661000 2 19993 20000 +edge_1_0_+disjointig_1_0_999999 319002 338993 999999 -1 -1 19991 0.000426802
Chain
	Aln	1	+HG003_pb_pass3_read1312_start663000 10 19996 20000 -edge_1_0_+disjointig_1_0_999999 663009 682995 999999 -1 -1 19986 3.90106e-05
Chain
	Aln	0	-HG003_pb_pass3_read1312_start663000 3 19989 20000 +edge_1_0_+disjointig_1_0_999999 317003 336989 999999 -1 -1 19986 3.90106e-05
Chain
	Aln	1	+HG003_pb_pass3_read1313_start665000 1 19994 20000 -edge_1_0_+disjointig_1_0_999999 665000 684993 999999 -1 -1 19993 0.000286414
Chain
	Aln	0	-HG003_pb_pass3_read1313_start665000 5 19998 20000 +edge_1_0_+disjointig_1_0_999999 315005 334998 999999 -1 -1 19993 0.000286414
Chain
	Aln	1	+HG003_pb_pass3_read1314_start667000 10 19993 20000 -edge_1_0_+disjointig_1_0_999999 667009 686992 999999 -1 -1 19983 0.000143479
Chain
	Aln	0	-HG003_pb_pass3_read1314_start667000 6 19989 20000 +edge_1_0_+disjointig_1_0_999999 313006 332989 999999 -1 -1 19983 0.000143479
Chain
	Aln	1	+HG003_pb_pass3_read1315_start669000 7 19991 20000 -edge_1_0_+disjointig_1_0_999999 669006 688990 999999 -1 -1 19984 0.000259932
Chain
	Aln	0	-HG003_pb_pass3_read1315_start669000 8 19992 20000 +edge_1_0_+disjointig_1_0_999999 311008 330992 999999 -1 -1 19984 0.000259932
Chain
	Aln	1	+HG003_pb_pass3_read1316_start671000 13 19996 20000 -edge_1_0_+disjointig_1_0_999999 671012 690995 999999 -1 -1 19983 0
Chain
	Aln	0	-HG003_pb_pass3_read1316_start671000 3 19986 20000 +edge_1_0_+disjointig_1_0_999999 309003 328986 999999 -1 -1 19983 0
Chain
	Aln	1	+HG003_pb_pass3_read1317_start673000 3 19995 20000 -edge_1_0_+disjointig_1_0_999999 673002 692994 999999 -1 -1 19992 8.1828e-06
Chain
	Aln	0	-HG003_pb_pass3_read1317_start673000 4 19996 20000 +edge_1_0_+disjointig_1_0_999999 307004 326996 999999 -1 -1 19992 8.1828e-06
Chain
	Aln	1	+HG003_pb_pass3_read1318_start675000 9 19996 20000 -edge_1_0_+disjointig_1_0_999999 675008 694995 999999 -1 -1 19987 0
Chain
	Aln	0	-HG003_pb_pass3_read1318_start675000 3 19990 20000 +edge_1_0_+disjointig_1_0_999999 305003 324990 999999 -1 -1 19987 0
Chain
	Aln	1	+HG003_pb_pass3_read1319_start677000 3 19995 20000 -edge_1_0_+disjointig_1_0_999999 677002 696994 999999 -1 -1 19992 0
Chain
	Aln	0	-HG003_pb_pass3_read1319_start677000 4 19996 20000 +edge_1_0_+disjointig_1_0_999999 303004 322996 999999 -1 -1 19992 0
Chain
	Aln	1	+HG003_pb_pass3_read1320_start679000 10 19998 20000 -edge_1_0_+disjointig_1_0_999999 679009 698997 999999 -1 -1 19988 0
Chain
	Aln	0	-HG003_pb_pass3_read1320_start679000 1 19989 20000 +edge_1_0_+disjointig_1_0_999999 301001 320989 999999 -1 -1 19988 0
Chain
	Aln	1	+HG003_pb_pass3_read1321_start681000 8 19998 20000 -edge_1_0_+disjointig_1_0_999999 681007 700997 999999 -1 -1 19990 0
Chain
	Aln	0	-HG003_pb_pass3_read1321_start681000 1 19991 20000 +edge_1_0_+disjointig_1_0_999999 299001 318991 999999 -1 -1 19990 0
Chain
	Aln	1	+HG003_pb_pass3_read1322_start683000 10 19992 20000 -edge_1_0_+disjointig_1_0_999999 683009 702991 999999 -1 -1 19982 0.000156741
Chain
	Aln	0	-HG003_pb_pass3_read1322_start683000 7 19989 20000 +edge_1_0_+disjointig_1_0_999999 297007 316989 999999 -1 -1 19982 0.000156741
Chain
	Aln	1	+HG003_pb_pass3_read1323_start685000 10 19998 20000 -edge_1_0_+disjointig_1_0_999999 685009 704997 999999 -1 -1 19988 0.000320423
Chain
	Aln	0	-HG003_pb_pass3_read1323_start685000 1 19989 20000 +edge_1_0_+disjointig_1_0_999999 295001 314989 999999 -1 -1 19988 0.000320423
Chain
	Aln	1	+HG003_pb_pass3_read1324_start687000 7 19992 20000 -edge_1_0_+disjointig_1_0_999999 687006 706991 999999 -1 -1 19985 8.45988e-05
Chain
	Aln	0	-HG003_pb_pass3_read1324_start687000 7 19992 20000 +edge_1_0_+disjointig_1_0_999999 293007 312992 999999 -1 -1 19985 8.45988e-05
Chain
	Aln	1	+HG003_pb_pass3_read1325_start689000 10 19993 20000 -edge_1_0_+disjointig_1_0_999999 689009 708992 999999 -1 -1 19983 7.87096e-05
Chain
	Aln	0	-HG003_pb_pass3_read1325_start689000 6 19989 20000 +edge_1_0_+disjointig_1_0_999999 291006 310989 999999 -1 -1 19983 7.87096e-05
Chain
	Aln	1	+HG003_pb_pass3_read1326_start691000 9 19997 20000 -edge_1_0_+disjointig_1_0_999999 691008 710996 999999 -1 -1 19988 0.000125799
Chain
	Aln	0	-HG003_pb_pass3_read1326_start691000 2 19990 20000 +edge_1_0_+disjointig_1_0_999999 289002 308990 999999 -1 -1 19988 0.000125799
Chain
	Aln	1	+HG003_pb_pass3_read1327_start693000 12 19990 20000 -edge_1_0_+disjointig_1_0_999999 693011 712989 999999 -1 -1 19978 0.000144962
Chain
	Aln	0	-HG003_pb_pass3_read1327_start693000 9 19987 20000 +edge_1_0_+disjointig_1_0_999999 287009 306987 999999 -1 -1 19978 0.000144962
Chain
	Aln	1	+HG003_pb_pass3_read1328_start695000 4 19998 20000 -edge_1_0_+disjointig_1_0_999999 695003 714997 999999 -1 -1 19994 0.000354322
Chain
	Aln	0	-HG003_pb_pass3_read1328_start695000 1 19995 20000 +edge_1_0_+disjointig_1_0_999999 285001 304995 999999 -1 -1 19994 0.000354322
Chain
	Aln	1	+HG003_pb_pass3_read1329_start697000 6 19996 20000 -edge_1_0_+disjointig_1_0_999999 697005 716995 999999 -1 -1 19990 0.000245137
Chain
	Aln	0	-HG003_pb_pass3_read1329_start697000 3 19993 20000 +edge_1_0_+disjointig_1_0_999999 283003 302993 999999 -1 -1 19990 0.000245137
Chain
	Aln	1	+HG003_pb_pass3_read1330_start699000 12 19993 20000 -edge_1_0_+disjointig_1_0_999999 699011 718992 999999 -1 -1 19981 0.000137589
Chain
	Aln	0	-HG003_pb_pass3_read1330_start699000 6 19987 20000 +edge_1_0_+disjointig_1_0_999999 281006 300987 999999 -1 -1 19981 0.000137589
Chain
	Aln	1	+HG003_pb_pass3_read1331_start701000 2 19995 20000 -edge_1_0_+disjointig_1_0_999999 701001 720994 999999 -1 -1 19993 9.19577e-05
Chain
	Aln	0	-HG003_pb_pass3_read1331_start701000 4 19997 20000 +edge_1_0_+disjointig_1_0_999999 279004 298997 999999 -1 -1 19993 9.19577e-05
Chain
	Aln	1	+HG003_pb_pass3_read1332_start703000 17 19993 20000 -edge_1_0_+disjointig_1_0_999999 703016 722992 999999 -1 -1 19976 9.04734e-05
Chain
	Aln	0	-HG003_pb_pass3_read1332_start703000 6 19982 20000 +edge_1_0_+disjointig_1_0_999999 277006 296982 999999 -1 -1 19976 9.04734e-05
Chain
	Aln	1	+HG003_pb_pass3_read1333_start705000 7 19993 20000 -edge_1_0_+disjointig_1_0_999999 705006 724992 999999 -1 -1 19986 0.000200924
Chain
	Aln	0	-HG003_pb_pass3_read1333_start705000 6 19992 20000 +edge_1_0_+disjointig_1_0_999999 275006 294992 999999 -1 -1 19986 0.000200924
Chain
	Aln	1	+HG003_pb_pass3_read1334_start707000 11 19990 20000 -edge_1_0_+disjointig_1_0_999999 707010 726989 999999 -1 -1 19979 0.000261447
Chain
	Aln	0	-HG003_pb_pass3_read1334_start707000 9 19988 20000 +edge_1_0_+disjointig_1_0_999999 273009 292988 999999 -1 -1 19979 0.000261447
Chain
	Aln	1	+HG003_pb_pass3_read1335_start709000 12 19995 20000 -edge_1_0_+disjointig_1_0_999999 709011 728994 999999 -1 -1 19983 0.000224533
Chain
	Aln	0	-HG003_pb_pass3_read1335_start709000 4 19987 20000 +edge_1_0_+disjointig_1_0_999999 271004 290987 999999 -1 -1 19983 0.000224533
Chain
	Aln	1	+HG003_pb_pass3_read1336_start711000 7 19992 20000 -edge_1_0_+disjointig_1_0_999999 711006 730991 999999 -1 -1 19985 0.000295345
Chain
	Aln	0	-HG003_pb_pass3_read1336_start711000 7 19992 20000 +edge_1_0_+disjointig_1_0_999999 269007 288992 999999 -1 -1 19985 0.000295345
Chain
	Aln	1	+HG003_pb_pass3_read1337_start713000 11 19995 20000 -edge_1_0_+disjointig_1_0_999999 713010 732994 999999 -1 -1 19984 0.000292408
Chain
	Aln	0	-HG003_pb_pass3_read1337_start713000 4 19988 20000 +edge_1_0_+disjointig_1_0_999999 267004 286988 999999 -1 -1 19984 0.000292408
Chain
	Aln	1	+HG003_pb_pass3_read1338_start715000 10 19997 20000 -edge_1_0_+disjointig_1_0_999999 715009 734996 999999 -1 -1 19987 0.000447586
Chain
	Aln	0	-HG003_pb_pass3_read1338_start715000 2 19989 20000 +edge_1_0_+disjointig_1_0_999999 265002 284989 999999 -1 -1 19987 0.000447586
Chain
	Aln	1	+HG003_pb_pass3_read1339_start717000 11 19994 20000 -edge_1_0_+disjointig_1_0_999999 717010 736993 999999 -1 -1 19983 0.000338197
Chain
	Aln	0	-HG003_pb_pass3_read1339_start717000 5 19988 20000 +edge_1_0_+disjointig_1_0_999999 263005 282988 999999 -1 -1 19983 0.000338197
Chain
	Aln	1	+HG003_pb_pass3_read1340_start719000 2 19998 20000 -edge_1_0_+disjointig_1_0_999999 719001 738997 999999 -1 -1 19996 0.000311481
Chain
	Aln	0	-HG003_pb_pass3_read1340_start719000 1 19997 20000 +edge_1_0_+disjointig_1_0_999999 261001 280997 999999 -1 -1 19996 0.000311481
Chain
	Aln	1	+HG003_pb_pass3_read1341_start721000 6 19997 20000 -edge_1_0_+disjointig_1_0_999999 721005 740996 999999 -1 -1 19991 0.000183227
Chain
	Aln	0	-HG003_pb_pass3_read1341_start721000 2 19993 20000 +edge_1_0_+disjointig_1_0_999999 259002 278993 999999 -1 -1 19991 0.000183227
Chain
	Aln	1	+HG003_pb_pass3_read1342_start723000 9 19989 20000 -edge_1_0_+disjointig_1_0_999999 723008 742988 999999 -1 -1 19980 0.000443264
Chain
	Aln	0	-HG003_pb_pass3_read1342_start723000 10 19990 20000 +edge_1_0_+disjointig_1_0_999999 257010 276990 999999 -1 -1 19980 0.000443264
Chain
	Aln	1	+HG003_pb_pass3_read1343_start725000 4 19995 20000 -edge_1_0_+disjointig_1_0_999999 725003 744994 999999 -1 -1 19991 0.00067139
Chain
	Aln	0	-HG003_pb_pass3_read1343_start725000 4 19995 20000 +edge_1_0_+disjointig_1_0_999999 255004 274995 999999 -1 -1 19991 0.00067139
Chain
	Aln	1	+HG003_pb_pass3_read1344_start727000 12 19994 20000 -edge_1_0_+disjointig_1_0_999999 727011 746993 999999 -1 -1 19982 0.000628565
Chain
	Aln	0	-HG003_pb_pass3_read1344_start727000 5 19987 20000 +edge_1_0_+disjointig_1_0_999999 253005 272987 999999 -1 -1 19982 0.000628565
Chain
	Aln	1	+HG003_pb_pass3_read1345_start729000 11 19998 20000 -edge_1_0_+disjointig_1_0_999999 729010 748997 999999 -1 -1 19987 0.000415029
Chain
	Aln	0	-HG003_pb_pass3_read1345_start729000 1 19988 20000 +edge_1_0_+disjointig_1_0_999999 251001 270988 999999 -1 -1 19987 0.000415029
Chain
	Aln	1	+HG003_pb_pass3_read1346_start731000 7 19997 20000 -edge_1_0_+disjointig_1_0_999999 731006 750996 999999 -1 -1 19990 0.000358803
Chain
	Aln	0	-HG003_pb_pass3_read1346_start731000 2 19992 20000 +edge_1_0_+disjointig_1_0_999999 249002 268992 999999 -1 -1 19990 0.000358803
Chain
	Aln	1	+HG003_pb_pass3_read1347_start733000 11 19997 20000 -edge_1_0_+disjointig_1_0_999999 733010 752996 999999 -1 -1 19986 0.000152306
Chain
	Aln	0	-HG003_pb_pass3_read1347_start733000 2 19988 20000 +edge_1_0_+disjointig_1_0_999999 247002 266988 999999 -1 -1 19986 0.000152306
Chain
	Aln	1	+HG003_pb_pass3_read1348_start735000 9 19991 20000 -edge_1_0_+disjointig_1_0_999999 735008 754990 999999 -1 -1 19982 1.10714e-05
Chain
	Aln	0	-HG003_pb_pass3_read1348_start735000 8 19990 20000 +edge_1_0_+disjointig_1_0_999999 245008 264990 999999 -1 -1 19982 1.10714e-05
Chain
	Aln	1	+HG003_pb_pass3_read1349_start737000 6 19991 20000 -edge_1_0_+disjointig_1_0_999999 737005 756990 999999 -1 -1 19985 0.0002142
Chain
	Aln	0	-HG003_pb_pass3_read1349_start737000 8 19993 20000 +edge_1_0_+disjointig_1_0_999999 243008 262993 999999 -1 -1 19985 0.0002142
Chain
	Aln	1	+HG003_pb_pass3_read1350_start739000 2 19995 20000 -edge_1_0_+disjointig_1_0_999999 739001 758994 999999 -1 -1 19993 0.000400147
Chain
	Aln	0	-HG003_pb_pass3_read1350_start739000 4 19997 20000 +edge_1_0_+disjointig_1_0_999999 241004 260997 999999 -1 -1 19993 0.000400147
Chain
	Aln	1	+HG003_pb_pass3_read1351_start741000 12 19996 20000 -edge_1_0_+disjointig_1_0_999999 741011 760995 999999 -1 -1 19984 0.000667127
Chain
	Aln	0	-HG003_pb_pass3_read1351_start741000 3 19987 20000 +edge_1_0_+disjointig_1_0_999999 239003 258987 999999 -1 -1 19984 0.000667127
Chain
	Aln	1	+HG003_pb_pass3_read1352_start743000 9 19998 20000 -edge_1_0_+disjointig_1_0_999999 743008 762997 999999 -1 -1 19989 0.000307121
Chain
	Aln	0	-HG003_pb_pass3_read1352_start743000 1 19990 20000 +edge_1_0_+disjointig_1_0_999999 237001 256990 999999 -1 -1 19989 0.000307121
Chain
	Aln	1	+HG003_pb_pass3_read1353_start745000 4 19995 20000 -edge_1_0_+disjointig_1_0_999999 745003 764994 999999 -1 -1 19991 6.98992e-05
Chain
	Aln	0	-HG003_pb_pass3_read1353_start745000 4 19995 20000 +edge_1_0_+disjointig_1_0_999999 235004 254995 999999 -1 -1 19991 6.98992e-05
Chain
	Aln	1	+HG003_pb_pass3_read1354_start747000 7 19991 20000 -edge_1_0_+disjointig_1_0_999999 747006 766990 999999 -1 -1 19984 6.54726e-05
Chain
	Aln	0	-HG003_pb_pass3_read1354_start747000 8 19992 20000 +edge_1_0_+disjointig_1_0_999999 233008 252992 999999 -1 -1 19984 6.54726e-05
Chain
	Aln	1	+HG003_pb_pass3_read1355_start749000 12 19989 20000 -edge_1_0_+disjointig_1_0_999999 749011 768988 999999 -1 -1 19977 0.000320534
Chain
	Aln	0	-HG003_pb_pass3_read1355_start749000 10 19987 20000 +edge_1_0_+disjointig_1_0_999999 231010 250987 999999 -1 -1 19977 0.000320534
Chain
	Aln	1	+HG003_pb_pass3_read1356_start751000 7 19993 20000 -edge_1_0_+disjointig_1_0_999999 751006 770992 999999 -1 -1 19986 0.000265817
Chain
	Aln	0	-HG003_pb_pass3_read1356_start751000 6 19992 20000 +edge_1_0_+disjointig_1_0_999999 229006 248992 999999 -1 -1 19986 0.000265817
Chain
	Aln	1	+HG003_pb_pass3_read1357_start753000 11 19998 20000 -edge_1_0_+disjointig_1_0_999999 753010 772997 999999 -1 -1 19987 0.000366233
Chain
	Aln	0	-HG003_pb_pass3_read1357_start753000 1 19988 20000 +edge_1_0_+disjointig_1_0_999999 227001 246988 999999 -1 -1 19987 0.000366233
Chain
	Aln	1	+HG003_pb_pass3_read1358_start755000 10 19997 20000 -edge_1_0_+disjointig_1_0_999999 755009 774996 999999 -1 -1 19987 0.000349972
Chain
	Aln	0	-HG003_pb_pass3_read1358_start755000 2 19989 20000 +edge_1_0_+disjointig_1_0_999999 225002 244989 999999 -1 -1 19987 0.000349972
Chain
	Aln	1	+HG003_pb_pass3_read1359_start757000 5 19998 20000 -edge_1_0_+disjointig_1_0_999999 757004 776997 999999 -1 -1 19993 0.000189112
Chain
	Aln	0	-HG003_pb_pass3_read1359_start757000 1 19994 20000 +edge_1_0_+disjointig_1_0_999999 223001 242994 999999 -1 -1 19993 0.000189112
Chain
	Aln	1	+HG003_pb_pass3_read1360_start759000 7 19996 20000 -edge_1_0_+disjointig_1_0_999999 759006 778995 999999 -1 -1 19989 0.000112552
Chain
	Aln	0	-HG003_pb_pass3_read1360_start759000 3 19992 20000 +edge_1_0_+disjointig_1_0_999999 221003 240992 999999 -1 -1 19989 0.000112552
Chain
	Aln	1	+HG003_pb_pass3_read1361_start761000 3 19996 20000 -edge_1_0_+disjointig_1_0_999999 761002 780995 999999 -1 -1 19993 2.72856e-05
Chain
	Aln	0	-HG003_pb_pass3_read1361_start761000 3 19996 20000 +edge_1_0_+disjointig_1_0_999999 219003 238996 999999 -1 -1 19993 2.72856e-05
Chain
	Aln	1	+HG003_pb_pass3_read1362_start763000 3 19998 20000 -edge_1_0_+disjointig_1_0_999999 763002 782997 999999 -1 -1 19995 8.16648e-05
Chain
	Aln	0	-HG003_pb_pass3_read1362_start763000 1 19996 20000 +edge_1_0_+disjointig_1_0_999999 217001 236996 999999 -1 -1 19995 8.16648e-05
Chain
	Aln	1	+HG003_pb_pass3_read1364_start767000 9 19998 20000 -edge_1_0_+disjointig_1_0_999999 767008 786997 999999 -1 -1 19989 0.000258417
Chain
	Aln	0	-HG003_pb_pass3_read1364_start767000 1 19990 20000 +edge_1_0_+disjointig_1_0_999999 213001 232990 999999 -1 -1 19989 0.000258417
Chain
	Aln	1	+HG003_pb_pass3_read1363_start765000 9 19998 20000 -edge_1_0_+disjointig_1_0_999999 765008 784997 999999 -1 -1 19989 4.78396e-05
Chain
	Aln	0	-HG003_pb_pass3_read1363_start765000 1 19990 20000 +edge_1_0_+disjointig_1_0_999999 215001 234990 999999 -1 -1 19989 4.78396e-05
Chain
	Aln	1	+HG003_pb_pass3_read1365_start769000 12 19994 20000 -edge_1_0_+disjointig_1_0_999999 769011 788993 999999 -1 -1 19982 0.000432865
Chain
	Aln	0	-HG003_pb_pass3_read1365_start769000 5 19987 20000 +edge_1_0_+disjointig_1_0_999999 211005 230987 999999 -1 -1 19982 0.000432865
Chain
	Aln	1	+HG003_pb_pass3_read1366_start771000 6 19998 20000 -edge_1_0_+disjointig_1_0_999999 771005 790997 999999 -1 -1 19992 7.28408e-05
Chain
	Aln	0	-HG003_pb_pass3_read1366_start771000 1 19993 20000 +edge_1_0_+disjointig_1_0_999999 209001 228993 999999 -1 -1 19992 7.28408e-05
Chain
	Aln	1	+HG003_pb_pass3_read1367_start773000 13 19990 20000 -edge_1_0_+disjointig_1_0_999999 773012 792989 999999 -1 -1 19977 0.000109612
Chain
	Aln	0	-HG003_pb_pass3_read1367_start773000 9 19986 20000 +edge_1_0_+disjointig_1_0_999999 207009 226986 999999 -1 -1 19977 0.000109612
Chain
	Aln	1	+HG003_pb_pass3_read1368_start775000 8 19997 20000 -edge_1_0_+disjointig_1_0_999999 775007 794996 999999 -1 -1 19989 0.000372114
Chain
	Aln	0	-HG003_pb_pass3_read1368_start775000 2 19991 20000 +edge_1_0_+disjointig_1_0_999999 205002 224991 999999 -1 -1 19989 0.000372114
Chain
	Aln	1	+HG003_pb_pass3_read1369_start777000 7 19992 20000 -edge_1_0_+disjointig_1_0_999999 777006 796991 999999 -1 -1 19985 0.000295345
Chain
	Aln	0	-HG003_pb_pass3_read1369_start777000 7 19992 20000 +edge_1_0_+disjointig_1_0_999999 203007 222992 999999 -1 -1 19985 0.000295345
Chain
	Aln	1	+HG003_pb_pass3_read1370_start779000 1 19992 20000 -edge_1_0_+disjointig_1_0_999999 779000 798991 999999 -1 -1 19991 0.000296768
Chain
	Aln	0	-HG003_pb_pass3_read1370_start779000 7 19998 20000 +edge_1_0_+disjointig_1_0_999999 201007 220998 999999 -1 -1 19991 0.000296768
Chain
	Aln	1	+HG003_pb_pass3_read1371_start781000 16 19994 20000 -edge_1_0_+disjointig_1_0_999999 781015 800993 999999 -1 -1 19978 0.000421086
Chain
	Aln	0	-HG003_pb_pass3_read1371_start781000 5 19983 20000 +edge_1_0_+disjointig_1_0_999999 199005 218983 999999 -1 -1 19978 0.000421086
Chain
	Aln	1	+HG003_pb_pass3_read1372_start783000 4 19997 20000 -edge_1_0_+disjointig_1_0_999999 783003 802996 999999 -1 -1 19993 0.000481523
Chain
	Aln	0	-HG003_pb_pass3_read1372_start783000 2 19995 20000 +edge_1_0_+disjointig_1_0_999999 197002 216995 999999 -1 -1 19993 0.000481523
Chain
	Aln	1	+HG003_pb_pass3_read1373_start785000 11 19998 20000 -edge_1_0_+disjointig_1_0_999999 785010 804997 999999 -1 -1 19987 0.000415029
Chain
	Aln	0	-HG003_pb_pass3_read1373_start785000 1 19988 20000 +edge_1_0_+disjointig_1_0_999999 195001 214988 999999 -1 -1 19987 0.000415029
Chain
	Aln	1	+HG003_pb_pass3_read1374_start787000 10 19996 20000 -edge_1_0_+disjointig_1_0_999999 787009 806995 999999 -1 -1 19986 0.00016851
Chain
	Aln	0	-HG003_pb_pass3_read1374_start787000 3 19989 20000 +edge_1_0_+disjointig_1_0_999999 193003 212989 999999 -1 -1 19986 0.00016851
Chain
	Aln	1	+HG003_pb_pass3_read1375_start789000 7 19994 20000 -edge_1_0_+disjointig_1_0_999999 789006 808993 999999 -1 -1 19987 0
Chain
	Aln	0	-HG003_pb_pass3_read1375_start789000 5 19992 20000 +edge_1_0_+disjointig_1_0_999999 191005 210992 999999 -1 -1 19987 0
Chain
	Aln	1	+HG003_pb_pass3_read1376_start791000 3 19997 20000 -edge_1_0_+disjointig_1_0_999999 791002 810996 999999 -1 -1 19994 6.25516e-05
Chain
	Aln	0	-HG003_pb_pass3_read1376_start791000 2 19996 20000 +edge_1_0_+disjointig_1_0_999999 189002 208996 999999 -1 -1 19994 6.25516e-05
Chain
	Aln	1	+HG003_pb_pass3_read1377_start793000 2 19998 20000 -edge_1_0_+disjointig_1_0_999999 793001 812997 999999 -1 -1 19996 0.000100786
Chain
	Aln	0	-HG003_pb_pass3_read1377_start793000 1 19997 20000 +edge_1_0_+disjointig_1_0_999999 187001 206997 999999 -1 -1 19996 0.000100786
Chain
	Aln	1	+HG003_pb_pass3_read1378_start795000 1 19994 20000 -edge_1_0_+disjointig_1_0_999999 795000 814993 999999 -1 -1 19993 0
Chain
	Aln	0	-HG003_pb_pass3_read1378_start795000 5 19998 20000 +edge_1_0_+disjointig_1_0_999999 185005 204998 999999 -1 -1 19993 0
Chain
	Aln	1	+HG003_pb_pass3_read1379_start797000 1 19995 20000 -edge_1_0_+disjointig_1_0_999999 797000 816994 999999 -1 -1 19994 0
Chain
	Aln	0	-HG003_pb_pass3_read1379_start797000 4 19998 20000 +edge_1_0_+disjointig_1_0_999999 183004 202998 999999 -1 -1 19994 0
Chain
	Aln	1	+HG003_pb_pass3_read1381_start801000 2 19997 20000 -edge_1_0_+disjointig_1_0_999999 801001 820996 999999 -1 -1 19995 0
Chain
	Aln	0	-HG003_pb_pass3_read1381_start801000 2 19997 20000 +edge_1_0_+disjointig_1_0_999999 179002 198997 999999 -1 -1 19995 0
Chain
	Aln	1	+HG003_pb_pass3_read1380_start799000 0 19993 20000 -edge_1_0_+disjointig_1_0_999999 798999 818992 999999 -1 -1 19993 0
Chain
	Aln	0	-HG003_pb_pass3_read1380_start799000 6 19999 20000 +edge_1_0_+disjointig_1_0_999999 181006 200999 999999 -1 -1 19993 0
Chain
	Aln	1	+HG003_pb_pass3_read1382_start803000 1 19998 20000 -edge_1_0_+disjointig_1_0_999999 803000 822997 999999 -1 -1 19997 0
Chain
	Aln	0	-HG003_pb_pass3_read1382_start803000 1 19998 20000 +edge_1_0_+disjointig_1_0_999999 177001 196998 999999 -1 -1 19997 0
Chain
	Aln	1	+HG003_pb_pass3_read1383_start805000 1 19998 20000 -edge_1_0_+disjointig_1_0_999999 805000 824997 999999 -1 -1 19997 0
Chain
	Aln	0	-HG003_pb_pass3_read1383_start805000 1 19998 20000 +edge_1_0_+disjointig_1_0_999999 175001 194998 999999 -1 -1 19997 0
Chain
	Aln	1	+HG003_pb_pass3_read1384_start807000 5 19996 20000 -edge_1_0_+disjointig_1_0_999999 807004 826995 999999 -1 -1 19991 0
Chain
	Aln	0	-HG003_pb_pass3_read1384_start807000 3 19994 20000 +edge_1_0_+disjointig_1_0_999999 173003 192994 999999 -1 -1 19991 0
Chain
	Aln	1	+HG003_pb_pass3_read1385_start809000 5 19998 20000 -edge_1_0_+disjointig_1_0_999999 809004 828997 999999 -1 -1 19993 0
Chain
	Aln	0	-HG003_pb_pass3_read1385_start809000 1 19994 20000 +edge_1_0_+disjointig_1_0_999999 171001 190994 999999 -1 -1 19993 0
Chain
	Aln	1	+HG003_pb_pass3_read1386_start811000 7 19997 20000 -edge_1_0_+disjointig_1_0_999999 811006 830996 999999 -1 -1 19990 0
Chain
	Aln	0	-HG003_pb_pass3_read1386_start811000 2 19992 20000 +edge_1_0_+disjointig_1_0_999999 169002 188992 999999 -1 -1 19990 0
Chain
	Aln	1	+HG003_pb_pass3_read1387_start813000 8 19996 20000 -edge_1_0_+disjointig_1_0_999999 813007 832995 999999 -1 -1 19988 0
Chain
	Aln	0	-HG003_pb_pass3_read1387_start813000 3 19991 20000 +edge_1_0_+disjointig_1_0_999999 167003 186991 999999 -1 -1 19988 0
Chain
	Aln	1	+HG003_pb_pass3_read1388_start815000 4 19997 20000 -edge_1_0_+disjointig_1_0_999999 815003 834996 999999 -1 -1 19993 0
Chain
	Aln	0	-HG003_pb_pass3_read1388_start815000 2 19995 20000 +edge_1_0_+disjointig_1_0_999999 165002 184995 999999 -1 -1 19993 0
Chain
	Aln	1	+HG003_pb_pass3_read1389_start817000 3 19992 20000 -edge_1_0_+disjointig_1_0_999999 817002 836991 999999 -1 -1 19989 0
Chain
	Aln	0	-HG003_pb_pass3_read1389_start817000 7 19996 20000 +edge_1_0_+disjointig_1_0_999999 163007 182996 999999 -1 -1 19989 0
Chain
	Aln	1	+HG003_pb_pass3_read1390_start819000 6 19996 20000 -edge_1_0_+disjointig_1_0_999999 819005 838995 999999 -1 -1 19990 0
Chain
	Aln	0	-HG003_pb_pass3_read1390_start819000 3 19993 20000 +edge_1_0_+disjointig_1_0_999999 161003 180993 999999 -1 -1 19990 0
Chain
	Aln	1	+HG003_pb_pass3_read1391_start821000 1 19997 20000 -edge_1_0_+disjointig_1_0_999999 821000 840996 999999 -1 -1 19996 0
Chain
	Aln	0	-HG003_pb_pass3_read1391_start821000 2 19998 20000 +edge_1_0_+disjointig_1_0_999999 159002 178998 999999 -1 -1 19996 0
Chain
	Aln	1	+HG003_pb_pass3_read1392_start823000 5 19996 20000 -edge_1_0_+disjointig_1_0_999999 823004 842995 999999 -1 -1 19991 0
Chain
	Aln	0	-HG003_pb_pass3_read1392_start823000 3 19994 20000 +edge_1_0_+disjointig_1_0_999999 157003 176994 999999 -1 -1 19991 0
Chain
	Aln	1	+HG003_pb_pass3_read1393_start825000 3 19998 20000 -edge_1_0_+disjointig_1_0_999999 825002 844997 999999 -1 -1 19995 0
Chain
	Aln	0	-HG003_pb_pass3_read1393_start825000 1 19996 20000 +edge_1_0_+disjointig_1_0_999999 155001 174996 999999 -1 -1 19995 0
Chain
	Aln	1	+HG003_pb_pass3_read1394_start827000 2 19994 20000 -edge_1_0_+disjointig_1_0_999999 827001 846993 999999 -1 -1 19992 0
Chain
	Aln	0	-HG003_pb_pass3_read1394_start827000 5 19997 20000 +edge_1_0_+disjointig_1_0_999999 153005 172997 999999 -1 -1 19992 0
Chain
	Aln	1	+HG003_pb_pass3_read1395_start829000 15 19991 20000 -edge_1_0_+disjointig_1_0_999999 829014 848990 999999 -1 -1 19976 0
Chain
	Aln	0	-HG003_pb_pass3_read1395_start829000 8 19984 20000 +edge_1_0_+disjointig_1_0_999999 151008 170984 999999 -1 -1 19976 0
Chain
	Aln	1	+HG003_pb_pass3_read1396_start831000 6 19998 20000 -edge_1_0_+disjointig_1_0_999999 831005 850997 999999 -1 -1 19992 0
Chain
	Aln	0	-HG003_pb_pass3_read1396_start831000 1 19993 20000 +edge_1_0_+disjointig_1_0_999999 149001 168993 999999 -1 -1 19992 0
Chain
	Aln	1	+HG003_pb_pass3_read1397_start833000 11 19995 20000 -edge_1_0_+disjointig_1_0_999999 833010 852994 999999 -1 -1 19984 0
Chain
	Aln	0	-HG003_pb_pass3_read1397_start833000 4 19988 20000 +edge_1_0_+disjointig_1_0_999999 147004 166988 999999 -1 -1 19984 0
Chain
	Aln	1	+HG003_pb_pass3_read1398_start835000 9 19997 20000 -edge_1_0_+disjointig_1_0_999999 835008 854996 999999 -1 -1 19988 0
Chain
	Aln	0	-HG003_pb_pass3_read1398_start835000 2 19990 20000 +edge_1_0_+disjointig_1_0_999999 145002 164990 999999 -1 -1 19988 0
Chain
	Aln	1	+HG003_pb_pass3_read1399_start837000 5 19996 20000 -edge_1_0_+disjointig_1_0_999999 837004 856995 999999 -1 -1 19991 0
Chain
	Aln	0	-HG003_pb_pass3_read1399_start837000 3 19994 20000 +edge_1_0_+disjointig_1_0_999999 143003 162994 999999 -1 -1 19991 0
Chain
	Aln	1	+HG003_pb_pass3_read1400_start839000 13 19998 20000 -edge_1_0_+disjointig_1_0_999999 839012 858997 999999 -1 -1 19985 0
Chain
	Aln	0	-HG003_pb_pass3_read1400_start839000 1 19986 20000 +edge_1_0_+disjointig_1_0_999999 141001 160986 999999 -1 -1 19985 0
Chain
	Aln	1	+HG003_pb_pass3_read1401_start841000 6 19998 20000 -edge_1_0_+disjointig_1_0_999999 841005 860997 999999 -1 -1 19992 0
Chain
	Aln	0	-HG003_pb_pass3_read1401_start841000 1 19993 20000 +edge_1_0_+disjointig_1_0_999999 139001 158993 999999 -1 -1 19992 0
Chain
	Aln	1	+HG003_pb_pass3_read1403_start845000 12 19995 20000 -edge_1_0_+disjointig_1_0_999999 845011 864994 999999 -1 -1 19983 0
Chain
	Aln	0	-HG003_pb_pass3_read1403_start845000 4 19987 20000 +edge_1_0_+disjointig_1_0_999999 135004 154987 999999 -1 -1 19983 0
Chain
	Aln	1	+HG003_pb_pass3_read1402_start843000 4 19997 20000 -edge_1_0_+disjointig_1_0_999999 843003 862996 999999 -1 -1 19993 0
Chain
	Aln	0	-HG003_pb_pass3_read1402_start843000 2 19995 20000 +edge_1_0_+disjointig_1_0_999999 137002 156995 999999 -1 -1 19993 0
Chain
	Aln	1	+HG003_pb_pass3_read1405_start849000 14 19992 20000 -edge_1_0_+disjointig_1_0_999999 849013 868991 999999 -1 -1 19978 0
Chain
	Aln	0	-HG003_pb_pass3_read1405_start849000 7 19985 20000 +edge_1_0_+disjointig_1_0_999999 131007 150985 999999 -1 -1 19978 0
Chain
	Aln	1	+HG003_pb_pass3_read1404_start847000 15 19990 20000 -edge_1_0_+disjointig_1_0_999999 847014 866989 999999 -1 -1 19975 0
Chain
	Aln	0	-HG003_pb_pass3_read1404_start847000 9 19984 20000 +edge_1_0_+disjointig_1_0_999999 133009 152984 999999 -1 -1 19975 0
Chain
	Aln	1	+HG003_pb_pass3_read1406_start851000 6 19996 20000 -edge_1_0_+disjointig_1_0_999999 851005 870995 999999 -1 -1 19990 0
Chain
	Aln	0	-HG003_pb_pass3_read1406_start851000 3 19993 20000 +edge_1_0_+disjointig_1_0_999999 129003 148993 999999 -1 -1 19990 0
Chain
	Aln	1	+HG003_pb_pass3_read1407_start853000 4 19998 20000 -edge_1_0_+disjointig_1_0_999999 853003 872997 999999 -1 -1 19994 0
Chain
	Aln	0	-HG003_pb_pass3_read1407_start853000 1 19995 20000 +edge_1_0_+disjointig_1_0_999999 127001 146995 999999 -1 -1 19994 0
Chain
	Aln	1	+HG003_pb_pass3_read1408_start855000 11 19990 20000 -edge_1_0_+disjointig_1_0_999999 855010 874989 999999 -1 -1 19979 0
Chain
	Aln	0	-HG003_pb_pass3_read1408_start855000 9 19988 20000 +edge_1_0_+disjointig_1_0_999999 125009 144988 999999 -1 -1 19979 0
Chain
	Aln	1	+HG003_pb_pass3_read1409_start857000 8 19997 20000 -edge_1_0_+disjointig_1_0_999999 857007 876996 999999 -1 -1 19989 0
Chain
	Aln	0	-HG003_pb_pass3_read1409_start857000 2 19991 20000 +edge_1_0_+disjointig_1_0_999999 123002 142991 999999 -1 -1 19989 0
Chain
	Aln	1	+HG003_pb_pass3_read1410_start859000 8 19997 20000 -edge_1_0_+disjointig_1_0_999999 859007 878996 999999 -1 -1 19989 0
Chain
	Aln	0	-HG003_pb_pass3_read1410_start859000 2 19991 20000 +edge_1_0_+disjointig_1_0_999999 121002 140991 999999 -1 -1 19989 0
Chain
	Aln	1	+HG003_pb_pass3_read1411_start861000 16 19998 20000 -edge_1_0_+disjointig_1_0_999999 861015 880997 999999 -1 -1 19982 0.000400307
Chain
	Aln	0	-HG003_pb_pass3_read1411_start861000 1 19983 20000 +edge_1_0_+disjointig_1_0_999999 119001 138983 999999 -1 -1 19982 0.000400307
Chain
	Aln	1	+HG003_pb_pass3_read1412_start863000 8 19993 20000 -edge_1_0_+disjointig_1_0_999999 863007 882992 999999 -1 -1 19985 0.000555771
Chain
	Aln	0	-HG003_pb_pass3_read1412_start863000 6 19991 20000 +edge_1_0_+disjointig_1_0_999999 117006 136991 999999 -1 -1 19985 0.000555771
Chain
	Aln	1	+HG003_pb_pass3_read1413_start865000 13 19997 20000 -edge_1_0_+disjointig_1_0_999999 865012 884996 999999 -1 -1 19984 0.000487615
Chain
	Aln	0	-HG003_pb_pass3_read1413_start865000 2 19986 20000 +edge_1_0_+disjointig_1_0_999999 115002 134986 999999 -1 -1 19984 0.000487615
Chain
	Aln	1	+HG003_pb_pass3_read1414_start867000 10 19997 20000 -edge_1_0_+disjointig_1_0_999999 867009 886996 999999 -1 -1 19987 0.000725011
Chain
	Aln	0	-HG003_pb_pass3_read1414_start867000 2 19989 20000 +edge_1_0_+disjointig_1_0_999999 113002 132989 999999 -1 -1 19987 0.000725011
Chain
	Aln	1	+HG003_pb_pass3_read1415_start869000 11 19998 20000 -edge_1_0_+disjointig_1_0_999999 869010 888997 999999 -1 -1 19987 0.000888821
Chain
	Aln	0	-HG003_pb_pass3_read1415_start869000 1 19988 20000 +edge_1_0_+disjointig_1_0_999999 111001 130988 999999 -1 -1 19987 0.000888821
Chain
	Aln	1	+HG003_pb_pass3_read1416_start871000 11 19994 20000 -edge_1_0_+disjointig_1_0_999999 871010 890993 999999 -1 -1 19983 0.000877043
Chain
	Aln	0	-HG003_pb_pass3_read1416_start871000 5 19988 20000 +edge_1_0_+disjointig_1_0_999999 109005 128988 999999 -1 -1 19983 0.000877043
Chain
	Aln	1	+HG003_pb_pass3_read1417_start873000 5 19995 20000 -edge_1_0_+disjointig_1_0_999999 873004 892994 999999 -1 -1 19990 0.00102903
Chain
	Aln	0	-HG003_pb_pass3_read1417_start873000 4 19994 20000 +edge_1_0_+disjointig_1_0_999999 107004 126994 999999 -1 -1 19990 0.00102903
Chain
	Aln	1	+HG003_pb_pass3_read1418_start875000 11 19995 20000 -edge_1_0_+disjointig_1_0_999999 875010 894994 999999 -1 -1 19984 0.00094564
Chain
	Aln	0	-HG003_pb_pass3_read1418_start875000 4 19988 20000 +edge_1_0_+disjointig_1_0_999999 105004 124988 999999 -1 -1 19984 0.00094564
Chain
	Aln	1	+HG003_pb_pass3_read1419_start877000 13 19997 20000 -edge_1_0_+disjointig_1_0_999999 877012 896996 999999 -1 -1 19984 0.000765282
Chain
	Aln	0	-HG003_pb_pass3_read1419_start877000 2 19986 20000 +edge_1_0_+disjointig_1_0_999999 103002 122986 999999 -1 -1 19984 0.000765282
Chain
	Aln	1	+HG003_pb_pass3_read1420_start879000 16 19991 20000 -edge_1_0_+disjointig_1_0_999999 879015 898990 999999 -1 -1 19975 0.000624291
Chain
	Aln	0	-HG003_pb_pass3_read1420_start879000 8 19983 20000 +edge_1_0_+disjointig_1_0_999999 101008 120983 999999 -1 -1 19975 0.000624291
Chain
	Aln	1	+HG003_pb_pass3_read1421_start881000 17 19997 20000 -edge_1_0_+disjointig_1_0_999999 881016 900996 999999 -1 -1 19980 0.000296873
Chain
	Aln	0	-HG003_pb_pass3_read1421_start881000 2 19982 20000 +edge_1_0_+disjointig_1_0_999999 99002 118982 999999 -1 -1 19980 0.000296873
Chain
	Aln	1	+HG003_pb_pass3_read1422_start883000 12 19997 20000 -edge_1_0_+disjointig_1_0_999999 883011 902996 999999 -1 -1 19985 3.74446e-06
Chain
	Aln	0	-HG003_pb_pass3_read1422_start883000 2 19987 20000 +edge_1_0_+disjointig_1_0_999999 97002 116987 999999 -1 -1 19985 3.74446e-06
Chain
	Aln	1	+HG003_pb_pass3_read1423_start885000 5 19992 20000 -edge_1_0_+disjointig_1_0_999999 885004 904991 999999 -1 -1 19987 0
Chain
	Aln	0	-HG003_pb_pass3_read1423_start885000 7 19994 20000 +edge_1_0_+disjointig_1_0_999999 95007 114994 999999 -1 -1 19987 0
Chain
	Aln	1	+HG003_pb_pass3_read1424_start887000 8 19994 20000 -edge_1_0_+disjointig_1_0_999999 887007 906993 999999 -1 -1 19986 0
Chain
	Aln	0	-HG003_pb_pass3_read1424_start887000 5 19991 20000 +edge_1_0_+disjointig_1_0_999999 93005 112991 999999 -1 -1 19986 0
Chain
	Aln	1	+HG003_pb_pass3_read1425_start889000 9 19998 20000 -edge_1_0_+disjointig_1_0_999999 889008 908997 999999 -1 -1 19989 0
Chain
	Aln	0	-HG003_pb_pass3_read1425_start889000 1 19990 20000 +edge_1_0_+disjointig_1_0_999999 91001 110990 999999 -1 -1 19989 0
Chain
	Aln	1	+HG003_pb_pass3_read1426_start891000 2 19996 20000 -edge_1_0_+disjointig_1_0_999999 891001 910995 999999 -1 -1 19994 0
Chain
	Aln	0	-HG003_pb_pass3_read1426_start891000 3 19997 20000 +edge_1_0_+disjointig_1_0_999999 89003 108997 999999 -1 -1 19994 0
Chain
	Aln	1	+HG003_pb_pass3_read1427_start893000 12 19997 20000 -edge_1_0_+disjointig_1_0_999999 893011 912996 999999 -1 -1 19985 0
Chain
	Aln	0	-HG003_pb_pass3_read1427_start893000 2 19987 20000 +edge_1_0_+disjointig_1_0_999999 87002 106987 999999 -1 -1 19985 0
Chain
	Aln	1	+HG003_pb_pass3_read1428_start895000 2 19997 20000 -edge_1_0_+disjointig_1_0_999999 895001 914996 999999 -1 -1 19995 0
Chain
	Aln	0	-HG003_pb_pass3_read1428_start895000 2 19997 20000 +edge_1_0_+disjointig_1_0_999999 85002 104997 999999 -1 -1 19995 0
Chain
	Aln	1	+HG003_pb_pass3_read1429_start897000 11 19997 20000 -edge_1_0_+disjointig_1_0_999999 897010 916996 999999 -1 -1 19986 0
Chain
	Aln	0	-HG003_pb_pass3_read1429_start897000 2 19988 20000 +edge_1_0_+disjointig_1_0_999999 83002 102988 999999 -1 -1 19986 0
Chain
	Aln	1	+HG003_pb_pass3_read1430_start899000 2 19998 20000 -edge_1_0_+disjointig_1_0_999999 899001 918997 999999 -1 -1 19996 3.80055e-06
Chain
	Aln	0	-HG003_pb_pass3_read1430_start899000 1 19997 20000 +edge_1_0_+disjointig_1_0_999999 81001 100997 999999 -1 -1 19996 3.80055e-06
Chain
	Aln	1	+HG003_pb_pass3_read1431_start901000 8 19994 20000 -edge_1_0_+disjointig_1_0_999999 901007 920993 999999 -1 -1 19986 5.5182e-05
Chain
	Aln	0	-HG003_pb_pass3_read1431_start901000 5 19991 20000 +edge_1_0_+disjointig_1_0_999999 79005 98991 999999 -1 -1 19986 5.5182e-05
Chain
	Aln	1	+HG003_pb_pass3_read1432_start903000 15 19994 20000 -edge_1_0_+disjointig_1_0_999999 903014 922993 999999 -1 -1 19979 6.69365e-05
Chain
	Aln	0	-HG003_pb_pass3_read1432_start903000 5 19984 20000 +edge_1_0_+disjointig_1_0_999999 77005 96984 999999 -1 -1 19979 6.69365e-05
Chain
	Aln	1	+HG003_pb_pass3_read1433_start905000 5 19997 20000 -edge_1_0_+disjointig_1_0_999999 905004 924996 999999 -1 -1 19992 0.00020237
Chain
	Aln	0	-HG003_pb_pass3_read1433_start905000 2 19994 20000 +edge_1_0_+disjointig_1_0_999999 75002 94994 999999 -1 -1 19992 0.00020237
Chain
	Aln	1	+HG003_pb_pass3_read1434_start907000 17 19995 20000 -edge_1_0_+disjointig_1_0_999999 907016 926994 999999 -1 -1 19978 0.000193593
Chain
	Aln	0	-HG003_pb_pass3_read1434_start907000 4 19982 20000 +edge_1_0_+disjointig_1_0_999999 73004 92982 999999 -1 -1 19978 0.000193593
Chain
	Aln	1	+HG003_pb_pass3_read1435_start909000 6 19998 20000 -edge_1_0_+disjointig_1_0_999999 909005 928997 999999 -1 -1 19992 0.000348439
Chain
	Aln	0	-HG003_pb_pass3_read1435_start909000 1 19993 20000 +edge_1_0_+disjointig_1_0_999999 71001 90993 999999 -1 -1 19992 0.000348439
Chain
	Aln	1	+HG003_pb_pass3_read1436_start911000 7 19993 20000 -edge_1_0_+disjointig_1_0_999999 911006 930992 999999 -1 -1 19986 0.000689364
Chain
	Aln	0	-HG003_pb_pass3_read1436_start911000 6 19992 20000 +edge_1_0_+disjointig_1_0_999999 69006 88992 999999 -1 -1 19986 0.000689364
Chain
	Aln	1	+HG003_pb_pass3_read1437_start913000 7 19995 20000 -edge_1_0_+disjointig_1_0_999999 913006 932994 999999 -1 -1 19988 0.000695248
Chain
	Aln	0	-HG003_pb_pass3_read1437_start913000 4 19992 20000 +edge_1_0_+disjointig_1_0_999999 67004 86992 999999 -1 -1 19988 0.000695248
Chain
	Aln	1	+HG003_pb_pass3_read1438_start915000 12 19993 20000 -edge_1_0_+disjointig_1_0_999999 915011 934992 999999 -1 -1 19981 0.000838357
Chain
	Aln	0	-HG003_pb_pass3_read1438_start915000 6 19987 20000 +edge_1_0_+disjointig_1_0_999999 65006 84987 999999 -1 -1 19981 0.000838357
Chain
	Aln	1	+HG003_pb_pass3_read1439_start917000 6 19993 20000 -edge_1_0_+disjointig_1_0_999999 917005 936992 999999 -1 -1 19987 0.000496447
Chain
	Aln	0	-HG003_pb_pass3_read1439_start917000 6 19993 20000 +edge_1_0_+disjointig_1_0_999999 63006 82993 999999 -1 -1 19987 0.000496447
Chain
	Aln	1	+HG003_pb_pass3_read1440_start919000 8 19992 20000 -edge_1_0_+disjointig_1_0_999999 919007 938991 999999 -1 -1 19984 0.000536519
Chain
	Aln	0	-HG003_pb_pass3_read1440_start919000 7 19991 20000 +edge_1_0_+disjointig_1_0_999999 61007 80991 999999 -1 -1 19984 0.000536519
Chain
	Aln	1	+HG003_pb_pass3_read1441_start921000 10 19990 20000 -edge_1_0_+disjointig_1_0_999999 921009 940989 999999 -1 -1 19980 0.000688054
Chain
	Aln	0	-HG003_pb_pass3_read1441_start921000 9 19989 20000 +edge_1_0_+disjointig_1_0_999999 59009 78989 999999 -1 -1 19980 0.000688054
Chain
	Aln	1	+HG003_pb_pass3_read1442_start923000 15 19996 20000 -edge_1_0_+disjointig_1_0_999999 923014 942995 999999 -1 -1 19981 0.000986097
Chain
	Aln	0	-HG003_pb_pass3_read1442_start923000 3 19984 20000 +edge_1_0_+disjointig_1_0_999999 57003 76984 999999 -1 -1 19981 0.000986097
Chain
	Aln	1	+HG003_pb_pass3_read1443_start925000 5 19997 20000 -edge_1_0_+disjointig_1_0_999999 925004 944996 999999 -1 -1 19992 0.000854345
Chain
	Aln	0	-HG003_pb_pass3_read1443_start925000 2 19994 20000 +edge_1_0_+disjointig_1_0_999999 55002 74994 999999 -1 -1 19992 0.000854345
Chain
	Aln	1	+HG003_pb_pass3_read1444_start927000 6 19989 20000 -edge_1_0_+disjointig_1_0_999999 927005 946988 999999 -1 -1 19983 0.00066418
Chain
	Aln	0	-HG003_pb_pass3_read1444_start927000 10 19993 20000 +edge_1_0_+disjointig_1_0_999999 53010 72993 999999 -1 -1 19983 0.00066418
Chain
	Aln	1	+HG003_pb_pass3_read1445_start929000 5 19990 20000 -edge_1_0_+disjointig_1_0_999999 929004 948989 999999 -1 -1 19985 0.000621065
Chain
	Aln	0	-HG003_pb_pass3_read1445_start929000 9 19994 20000 +edge_1_0_+disjointig_1_0_999999 51009 70994 999999 -1 -1 19985 0.000621065
Chain
	Aln	1	+HG003_pb_pass3_read1446_start931000 8 19996 20000 -edge_1_0_+disjointig_1_0_999999 931007 950995 999999 -1 -1 19988 0.000369173
Chain
	Aln	0	-HG003_pb_pass3_read1446_start931000 3 19991 20000 +edge_1_0_+disjointig_1_0_999999 49003 68991 999999 -1 -1 19988 0.000369173
Chain
	Aln	1	+HG003_pb_pass3_read1447_start933000 4 19996 20000 -edge_1_0_+disjointig_1_0_999999 933003 952995 999999 -1 -1 19992 0.000380942
Chain
	Aln	0	-HG003_pb_pass3_read1447_start933000 3 19995 20000 +edge_1_0_+disjointig_1_0_999999 47003 66995 999999 -1 -1 19992 0.000380942
Chain
	Aln	1	+HG003_pb_pass3_read1448_start935000 8 19997 20000 -edge_1_0_+disjointig_1_0_999999 935007 954996 999999 -1 -1 19989 6.40086e-05
Chain
	Aln	0	-HG003_pb_pass3_read1448_start935000 2 19991 20000 +edge_1_0_+disjointig_1_0_999999 45002 64991 999999 -1 -1 19989 6.40086e-05
Chain
	Aln	1	+HG003_pb_pass3_read1449_start937000 3 19998 20000 -edge_1_0_+disjointig_1_0_999999 937002 956997 999999 -1 -1 19995 0.000114022
Chain
	Aln	0	-HG003_pb_pass3_read1449_start937000 1 19996 20000 +edge_1_0_+disjointig_1_0_999999 43001 62996 999999 -1 -1 19995 0.000114022
Chain
	Aln	1	+HG003_pb_pass3_read1450_start939000 4 19996 20000 -edge_1_0_+disjointig_1_0_999999 939003 958995 999999 -1 -1 19992 0
Chain
	Aln	0	-HG003_pb_pass3_read1450_start939000 3 19995 20000 +edge_1_0_+disjointig_1_0_999999 41003 60995 999999 -1 -1 19992 0
Chain
	Aln	1	+HG003_pb_pass3_read1452_start943000 14 19992 20000 -edge_1_0_+disjointig_1_0_999999 943013 962991 999999 -1 -1 19978 4.78115e-05
Chain
	Aln	0	-HG003_pb_pass3_read1452_start943000 7 19985 20000 +edge_1_0_+disjointig_1_0_999999 37007 56985 999999 -1 -1 19978 4.78115e-05
Chain
	Aln	1	+HG003_pb_pass3_read1451_start941000 12 19993 20000 -edge_1_0_+disjointig_1_0_999999 941011 960992 999999 -1 -1 19981 8.12671e-06
Chain
	Aln	0	-HG003_pb_pass3_read1451_start941000 6 19987 20000 +edge_1_0_+disjointig_1_0_999999 39006 58987 999999 -1 -1 19981 8.12671e-06
Chain
	Aln	1	+HG003_pb_pass3_read1453_start945000 6 19996 20000 -edge_1_0_+disjointig_1_0_999999 945005 964995 999999 -1 -1 19990 0.000131691
Chain
	Aln	0	-HG003_pb_pass3_read1453_start945000 3 19993 20000 +edge_1_0_+disjointig_1_0_999999 35003 54993 999999 -1 -1 19990 0.000131691
Chain
	Aln	1	+HG003_pb_pass3_read1454_start947000 11 19994 20000 -edge_1_0_+disjointig_1_0_999999 947010 966993 999999 -1 -1 19983 0.000175879
Chain
	Aln	0	-HG003_pb_pass3_read1454_start947000 5 19988 20000 +edge_1_0_+disjointig_1_0_999999 33005 52988 999999 -1 -1 19983 0.000175879
Chain
	Aln	1	+HG003_pb_pass3_read1455_start949000 4 19996 20000 -edge_1_0_+disjointig_1_0_999999 949003 968995 999999 -1 -1 19992 8.1828e-06
Chain
	Aln	0	-HG003_pb_pass3_read1455_start949000 3 19995 20000 +edge_1_0_+disjointig_1_0_999999 31003 50995 999999 -1 -1 19992 8.1828e-06
Chain
	Aln	1	+HG003_pb_pass3_read1456_start951000 12 19998 20000 -edge_1_0_+disjointig_1_0_999999 951011 970997 999999 -1 -1 19986 8.75396e-05
Chain
	Aln	0	-HG003_pb_pass3_read1456_start951000 1 19987 20000 +edge_1_0_+disjointig_1_0_999999 29001 48987 999999 -1 -1 19986 8.75396e-05
Chain
	Aln	1	+HG003_pb_pass3_read1457_start953000 7 19993 20000 -edge_1_0_+disjointig_1_0_999999 953006 972992 999999 -1 -1 19986 0
Chain
	Aln	0	-HG003_pb_pass3_read1457_start953000 6 19992 20000 +edge_1_0_+disjointig_1_0_999999 27006 46992 999999 -1 -1 19986 0
Chain
	Aln	1	+HG003_pb_pass3_read1458_start955000 3 19992 20000 -edge_1_0_+disjointig_1_0_999999 955002 974991 999999 -1 -1 19989 0
Chain
	Aln	0	-HG003_pb_pass3_read1458_start955000 7 19996 20000 +edge_1_0_+disjointig_1_0_999999 25007 44996 999999 -1 -1 19989 0
Chain
	Aln	1	+HG003_pb_pass3_read1459_start957000 14 19990 20000 -edge_1_0_+disjointig_1_0_999999 957013 976989 999999 -1 -1 19976 0
Chain
	Aln	0	-HG003_pb_pass3_read1459_start957000 9 19985 20000 +edge_1_0_+disjointig_1_0_999999 23009 42985 999999 -1 -1 19976 0
Chain
	Aln	1	+HG003_pb_pass3_read1461_start961000 8 19997 20000 -edge_1_0_+disjointig_1_0_999999 961007 980996 999999 -1 -1 19989 8.01872e-05
Chain
	Aln	0	-HG003_pb_pass3_read1461_start961000 2 19991 20000 +edge_1_0_+disjointig_1_0_999999 19002 38991 999999 -1 -1 19989 8.01872e-05
Chain
	Aln	1	+HG003_pb_pass3_read1460_start959000 13 19991 20000 -edge_1_0_+disjointig_1_0_999999 959012 978990 999999 -1 -1 19978 0.000274738
Chain
	Aln	0	-HG003_pb_pass3_read1460_start959000 8 19986 20000 +edge_1_0_+disjointig_1_0_999999 21008 40986 999999 -1 -1 19978 0.000274738
Chain
	Aln	1	+HG003_pb_pass3_read1462_start963000 12 19995 20000 -edge_1_0_+disjointig_1_0_999999 963011 982994 999999 -1 -1 19983 0.000127276
Chain
	Aln	0	-HG003_pb_pass3_read1462_start963000 4 19987 20000 +edge_1_0_+disjointig_1_0_999999 17004 36987 999999 -1 -1 19983 0.000127276
Chain
	Aln	1	+HG003_pb_pass3_read1463_start965000 10 19995 20000 -edge_1_0_+disjointig_1_0_999999 965009 984994 999999 -1 -1 19985 0.0002142
Chain
	Aln	0	-HG003_pb_pass3_read1463_start965000 4 19989 20000 +edge_1_0_+disjointig_1_0_999999 15004 34989 999999 -1 -1 19985 0.0002142
Chain
	Aln	1	+HG003_pb_pass3_read1464_start967000 3 19995 20000 -edge_1_0_+disjointig_1_0_999999 967002 986994 999999 -1 -1 19992 0.00020237
Chain
	Aln	0	-HG003_pb_pass3_read1464_start967000 4 19996 20000 +edge_1_0_+disjointig_1_0_999999 13004 32996 999999 -1 -1 19992 0.00020237
Chain
	Aln	1	+HG003_pb_pass3_read1465_start969000 6 19997 20000 -edge_1_0_+disjointig_1_0_999999 969005 988996 999999 -1 -1 19991 0.000378002
Chain
	Aln	0	-HG003_pb_pass3_read1465_start969000 2 19993 20000 +edge_1_0_+disjointig_1_0_999999 11002 30993 999999 -1 -1 19991 0.000378002
Chain
	Aln	1	+HG003_pb_pass3_read1466_start971000 4 19997 20000 -edge_1_0_+disjointig_1_0_999999 971003 990996 999999 -1 -1 19993 0.000237741
Chain
	Aln	0	-HG003_pb_pass3_read1466_start971000 2 19995 20000 +edge_1_0_+disjointig_1_0_999999 9002 28995 999999 -1 -1 19993 0.000237741
Chain
	Aln	1	+HG003_pb_pass3_read1467_start973000 8 19993 20000 -edge_1_0_+disjointig_1_0_999999 973007 992992 999999 -1 -1 19985 0.0002142
Chain
	Aln	0	-HG003_pb_pass3_read1467_start973000 6 19991 20000 +edge_1_0_+disjointig_1_0_999999 7006 26991 999999 -1 -1 19985 0.0002142
Chain
	Aln	1	+HG003_pb_pass3_read1468_start975000 8 19997 20000 -edge_1_0_+disjointig_1_0_999999 975007 994996 999999 -1 -1 19989 0.000290887
Chain
	Aln	0	-HG003_pb_pass3_read1468_start975000 2 19991 20000 +edge_1_0_+disjointig_1_0_999999 5002 24991 999999 -1 -1 19989 0.000290887
Chain
	Aln	1	+HG003_pb_pass3_read1469_start977000 15 19994 20000 -edge_1_0_+disjointig_1_0_999999 977014 996993 999999 -1 -1 19979 5.07542e-05
Chain
	Aln	0	-HG003_pb_pass3_read1469_start977000 5 19984 20000 +edge_1_0_+disjointig_1_0_999999 3005 22984 999999 -1 -1 19979 5.07542e-05
Chain
	Aln	1	+HG003_pb_pass3_read1470_start979000 8 19998 20000 -edge_1_0_+disjointig_1_0_999999 979007 998997 999999 -1 -1 19990 0
Chain
	Aln	0	-HG003_pb_pass3_read1470_start979000 1 19991 20000 +edge_1_0_+disjointig_1_0_999999 1001 20991 999999 -1 -1 19990 0
Chain
	Aln	1	+HG003_pb_pass4_read1471_start1500 12 19991 20000 -edge_1_0_+disjointig_1_0_999999 1511 21490 999999 -1 -1 19979 0
Chain
	Aln	0	-HG003_pb_pass4_read1471_start1500 8 19987 20000 +edge_1_0_+disjointig_1_0_999999 978508 998487 999999 -1 -1 19979 0
Chain
	Aln	1	+HG003_pb_pass4_read1472_start3500 3 19992 20000 -edge_1_0_+disjointig_1_0_999999 3502 23491 999999 -1 -1 19989 0
Chain
	Aln	0	-HG003_pb_pass4_read1472_start3500 7 19996 20000 +edge_1_0_+disjointig_1_0_999999 976507 996496 999999 -1 -1 19989 0
Chain
	Aln	1	+HG003_pb_pass4_read1473_start5500 9 19996 20000 -edge_1_0_+disjointig_1_0_999999 5508 25495 999999 -1 -1 19987 0
Chain
	Aln	0	-HG003_pb_pass4_read1473_start5500 3 19990 20000 +edge_1_0_+disjointig_1_0_999999 974503 994490 999999 -1 -1 19987 0
Chain
	Aln	1	+HG003_pb_pass4_read1474_start7500 8 19992 20000 -edge_1_0_+disjointig_1_0_999999 7507 27491 999999 -1 -1 19984 0
Chain
	Aln	0	-HG003_pb_pass4_read1474_start7500 7 19991 20000 +edge_1_0_+disjointig_1_0_999999 972507 992491 999999 -1 -1 19984 0
Chain
	Aln	1	+HG003_pb_pass4_read1475_start9500 7 19996 20000 -edge_1_0_+disjointig_1_0_999999 9506 29495 999999 -1 -1 19989 3.16731e-05
Chain
	Aln	0	-HG003_pb_pass4_read1475_start9500 3 19992 20000 +edge_1_0_+disjointig_1_0_999999 970503 990492 999999 -1 -1 19989 3.16731e-05
Chain
	Aln	1	+HG003_pb_pass4_read1476_start11500 7 19997 20000 -edge_1_0_+disjointig_1_0_999999 11506 31496 999999 -1 -1 19990 0
Chain
	Aln	0	-HG003_pb_pass4_read1476_start11500 2 19992 20000 +edge_1_0_+disjointig_1_0_999999 968502 988492 999999 -1 -1 19990 0
Chain
	Aln	1	+HG003_pb_pass4_read1477_start13500 2 19996 20000 -edge_1_0_+disjointig_1_0_999999 13501 33495 999999 -1 -1 19994 0
Chain
	Aln	0	-HG003_pb_pass4_read1477_start13500 3 19997 20000 +edge_1_0_+disjointig_1_0_999999 966503 986497 999999 -1 -1 19994 0
Chain
	Aln	1	+HG003_pb_pass4_read1478_start15500 7 19998 20000 -edge_1_0_+disjointig_1_0_999999 15506 35497 999999 -1 -1 19991 0
Chain
	Aln	0	-HG003_pb_pass4_read1478_start15500 1 19992 20000 +edge_1_0_+disjointig_1_0_999999 964501 984492 999999 -1 -1 19991 0
Chain
	Aln	1	+HG003_pb_pass4_read1479_start17500 8 19994 20000 -edge_1_0_+disjointig_1_0_999999 17507 37493 999999 -1 -1 19986 0
Chain
	Aln	0	-HG003_pb_pass4_read1479_start17500 5 19991 20000 +edge_1_0_+disjointig_1_0_999999 962505 982491 999999 -1 -1 19986 0
Chain
	Aln	1	+HG003_pb_pass4_read1481_start21500 11 19993 20000 -edge_1_0_+disjointig_1_0_999999 21510 41492 999999 -1 -1 19982 0.000108143
Chain
	Aln	0	-HG003_pb_pass4_read1481_start21500 6 19988 20000 +edge_1_0_+disjointig_1_0_999999 958506 978488 999999 -1 -1 19982 0.000108143
Chain
	Aln	1	+HG003_pb_pass4_read1480_start19500 7 19993 20000 -edge_1_0_+disjointig_1_0_999999 19506 39492 999999 -1 -1 19986 0
Chain
	Aln	0	-HG003_pb_pass4_read1480_start19500 6 19992 20000 +edge_1_0_+disjointig_1_0_999999 960506 980492 999999 -1 -1 19986 0
Chain
	Aln	1	+HG003_pb_pass4_read1482_start23500 6 19992 20000 -edge_1_0_+disjointig_1_0_999999 23505 43491 999999 -1 -1 19986 0.000184715
Chain
	Aln	0	-HG003_pb_pass4_read1482_start23500 7 19993 20000 +edge_1_0_+disjointig_1_0_999999 956507 976493 999999 -1 -1 19986 0.000184715
Chain
	Aln	1	+HG003_pb_pass4_read1483_start25500 11 19998 20000 -edge_1_0_+disjointig_1_0_999999 25510 45497 999999 -1 -1 19987 0.000431299
Chain
	Aln	0	-HG003_pb_pass4_read1483_start25500 1 19988 20000 +edge_1_0_+disjointig_1_0_999999 954501 974488 999999 -1 -1 19987 0.000431299
Chain
	Aln	1	+HG003_pb_pass4_read1485_start29500 13 19998 20000 -edge_1_0_+disjointig_1_0_999999 29512 49497 999999 -1 -1 19985 0.000311593
Chain
	Aln	0	-HG003_pb_pass4_read1485_start29500 1 19986 20000 +edge_1_0_+disjointig_1_0_999999 950501 970486 999999 -1 -1 19985 0.000311593
Chain
	Aln	1	+HG003_pb_pass4_read1484_start27500 11 19994 20000 -edge_1_0_+disjointig_1_0_999999 27510 47493 999999 -1 -1 19983 0.000452088
Chain
	Aln	0	-HG003_pb_pass4_read1484_start27500 5 19988 20000 +edge_1_0_+disjointig_1_0_999999 952505 972488 999999 -1 -1 19983 0.000452088
Chain
	Aln	1	+HG003_pb_pass4_read1486_start31500 9 19995 20000 -edge_1_0_+disjointig_1_0_999999 31508 51494 999999 -1 -1 19986 0.000395815
Chain
	Aln	0	-HG003_pb_pass4_read1486_start31500 4 19990 20000 +edge_1_0_+disjointig_1_0_999999 948504 968490 999999 -1 -1 19986 0.000395815
Chain
	Aln	1	+HG003_pb_pass4_read1487_start33500 3 19996 20000 -edge_1_0_+disjointig_1_0_999999 33502 53495 999999 -1 -1 19993 0.000530397
Chain
	Aln	0	-HG003_pb_pass4_read1487_start33500 3 19996 20000 +edge_1_0_+disjointig_1_0_999999 946503 966496 999999 -1 -1 19993 0.000530397
Chain
	Aln	1	+HG003_pb_pass4_read1488_start35500 7 19994 20000 -edge_1_0_+disjointig_1_0_999999 35506 55493 999999 -1 -1 19987 0.000480152
Chain
	Aln	0	-HG003_pb_pass4_read1488_start35500 5 19992 20000 +edge_1_0_+disjointig_1_0_999999 944505 964492 999999 -1 -1 19987 0.000480152
Chain
	Aln	1	+HG003_pb_pass4_read1489_start37500 8 19993 20000 -edge_1_0_+disjointig_1_0_999999 37507 57492 999999 -1 -1 19985 0.000409138
Chain
	Aln	0	-HG003_pb_pass4_read1489_start37500 6 19991 20000 +edge_1_0_+disjointig_1_0_999999 942506 962491 999999 -1 -1 19985 0.000409138
Chain
	Aln	1	+HG003_pb_pass4_read1490_start39500 13 19993 20000 -edge_1_0_+disjointig_1_0_999999 39512 59492 999999 -1 -1 19980 0.000150852
Chain
	Aln	0	-HG003_pb_pass4_read1490_start39500 6 19986 20000 +edge_1_0_+disjointig_1_0_999999 940506 960486 999999 -1 -1 19980 0.000150852
Chain
	Aln	1	+HG003_pb_pass4_read1491_start41500 12 19997 20000 -edge_1_0_+disjointig_1_0_999999 41511 61496 999999 -1 -1 19985 8.45988e-05
Chain
	Aln	0	-HG003_pb_pass4_read1491_start41500 2 19987 20000 +edge_1_0_+disjointig_1_0_999999 938502 958487 999999 -1 -1 19985 8.45988e-05
Chain
	Aln	1	+HG003_pb_pass4_read1492_start43500 6 19996 20000 -edge_1_0_+disjointig_1_0_999999 43505 63495 999999 -1 -1 19990 5.07823e-05
Chain
	Aln	0	-HG003_pb_pass4_read1492_start43500 3 19993 20000 +edge_1_0_+disjointig_1_0_999999 936503 956493 999999 -1 -1 19990 5.07823e-05
Chain
	Aln	1	+HG003_pb_pass4_read1493_start45500 3 19995 20000 -edge_1_0_+disjointig_1_0_999999 45502 65494 999999 -1 -1 19992 0
Chain
	Aln	0	-HG003_pb_pass4_read1493_start45500 4 19996 20000 +edge_1_0_+disjointig_1_0_999999 934504 954496 999999 -1 -1 19992 0
Chain
	Aln	1	+HG003_pb_pass4_read1494_start47500 7 19990 20000 -edge_1_0_+disjointig_1_0_999999 47506 67489 999999 -1 -1 19983 0
Chain
	Aln	0	-HG003_pb_pass4_read1494_start47500 9 19992 20000 +edge_1_0_+disjointig_1_0_999999 932509 952492 999999 -1 -1 19983 0
Chain
	Aln	1	+HG003_pb_pass4_read1495_start49500 10 19992 20000 -edge_1_0_+disjointig_1_0_999999 49509 69491 999999 -1 -1 19982 0
Chain
	Aln	0	-HG003_pb_pass4_read1495_start49500 7 19989 20000 +edge_1_0_+disjointig_1_0_999999 930507 950489 999999 -1 -1 19982 0
Chain
	Aln	1	+HG003_pb_pass4_read1496_start51500 13 19992 20000 -edge_1_0_+disjointig_1_0_999999 51512 71491 999999 -1 -1 19979 0
Chain
	Aln	0	-HG003_pb_pass4_read1496_start51500 7 19986 20000 +edge_1_0_+disjointig_1_0_999999 928507 948486 999999 -1 -1 19979 0
Chain
	Aln	1	+HG003_pb_pass4_read1497_start53500 4 19993 20000 -edge_1_0_+disjointig_1_0_999999 53503 73492 999999 -1 -1 19989 0
Chain
	Aln	0	-HG003_pb_pass4_read1497_start53500 6 19995 20000 +edge_1_0_+disjointig_1_0_999999 926506 946495 999999 -1 -1 19989 0
Chain
	Aln	1	+HG003_pb_pass4_read1498_start55500 2 19998 20000 -edge_1_0_+disjointig_1_0_999999 55501 75497 999999 -1 -1 19996 0.000214137
Chain
	Aln	0	-HG003_pb_pass4_read1498_start55500 1 19997 20000 +edge_1_0_+disjointig_1_0_999999 924501 944497 999999 -1 -1 19996 0.000214137
Chain
	Aln	1	+HG003_pb_pass4_read1499_start57500 8 19995 20000 -edge_1_0_+disjointig_1_0_999999 57507 77494 999999 -1 -1 19987 0.000187658
Chain
	Aln	0	-HG003_pb_pass4_read1499_start57500 4 19991 20000 +edge_1_0_+disjointig_1_0_999999 922504 942491 999999 -1 -1 19987 0.000187658
Chain
	Aln	1	+HG003_pb_pass4_read1500_start59500 7 19993 20000 -edge_1_0_+disjointig_1_0_999999 59506 79492 999999 -1 -1 19986 0.000282052
Chain
	Aln	0	-HG003_pb_pass4_read1500_start59500 6 19992 20000 +edge_1_0_+disjointig_1_0_999999 920506 940492 999999 -1 -1 19986 0.000282052
Chain
	Aln	1	+HG003_pb_pass4_read1501_start61500 3 19992 20000 -edge_1_0_+disjointig_1_0_999999 61502 81491 999999 -1 -1 19989 0.000258417
Chain
	Aln	0	-HG003_pb_pass4_read1501_start61500 7 19996 20000 +edge_1_0_+disjointig_1_0_999999 918507 938496 999999 -1 -1 19989 0.000258417
Chain
	Aln	1	+HG003_pb_pass4_read1502_start63500 4 19997 20000 -edge_1_0_+disjointig_1_0_999999 63503 83496 999999 -1 -1 19993 0
Chain
	Aln	0	-HG003_pb_pass4_read1502_start63500 2 19995 20000 +edge_1_0_+disjointig_1_0_999999 916502 936495 999999 -1 -1 19993 0
Chain
	Aln	1	+HG003_pb_pass4_read1503_start65500 7 19992 20000 -edge_1_0_+disjointig_1_0_999999 65506 85491 999999 -1 -1 19985 0
Chain
	Aln	0	-HG003_pb_pass4_read1503_start65500 7 19992 20000 +edge_1_0_+disjointig_1_0_999999 914507 934492 999999 -1 -1 19985 0
Chain
	Aln	1	+HG003_pb_pass4_read1504_start67500 9 19993 20000 -edge_1_0_+disjointig_1_0_999999 67508 87492 999999 -1 -1 19984 4.92969e-05
Chain
	Aln	0	-HG003_pb_pass4_read1504_start67500 6 19990 20000 +edge_1_0_+disjointig_1_0_999999 912506 932490 999999 -1 -1 19984 4.92969e-05
Chain
	Aln	1	+HG003_pb_pass4_read1505_start69500 3 19997 20000 -edge_1_0_+disjointig_1_0_999999 69502 89496 999999 -1 -1 19994 0.000127269
Chain
	Aln	0	-HG003_pb_pass4_read1505_start69500 2 19996 20000 +edge_1_0_+disjointig_1_0_999999 910502 930496 999999 -1 -1 19994 0.000127269
Chain
	Aln	1	+HG003_pb_pass4_read1506_start71500 5 19995 20000 -edge_1_0_+disjointig_1_0_999999 71504 91494 999999 -1 -1 19990 0
Chain
	Aln	0	-HG003_pb_pass4_read1506_start71500 4 19994 20000 +edge_1_0_+disjointig_1_0_999999 908504 928494 999999 -1 -1 19990 0
Chain
	Aln	1	+HG003_pb_pass4_read1507_start73500 7 19991 20000 -edge_1_0_+disjointig_1_0_999999 73506 93490 999999 -1 -1 19984 0
Chain
	Aln	0	-HG003_pb_pass4_read1507_start73500 8 19992 20000 +edge_1_0_+disjointig_1_0_999999 906508 926492 999999 -1 -1 19984 0
Chain
	Aln	1	+HG003_pb_pass4_read1508_start75500 4 19991 20000 -edge_1_0_+disjointig_1_0_999999 75503 95490 999999 -1 -1 19987 0
Chain
	Aln	0	-HG003_pb_pass4_read1508_start75500 8 19995 20000 +edge_1_0_+disjointig_1_0_999999 904508 924495 999999 -1 -1 19987 0
Chain
	Aln	1	+HG003_pb_pass4_read1509_start77500 12 19998 20000 -edge_1_0_+disjointig_1_0_999999 77511 97497 999999 -1 -1 19986 0
Chain
	Aln	0	-HG003_pb_pass4_read1509_start77500 1 19987 20000 +edge_1_0_+disjointig_1_0_999999 902501 922487 999999 -1 -1 19986 0
Chain
	Aln	1	+HG003_pb_pass4_read1510_start79500 13 19994 20000 -edge_1_0_+disjointig_1_0_999999 79512 99493 999999 -1 -1 19981 0
Chain
	Aln	0	-HG003_pb_pass4_read1510_start79500 5 19986 20000 +edge_1_0_+disjointig_1_0_999999 900505 920486 999999 -1 -1 19981 0
Chain
	Aln	1	+HG003_pb_pass4_read1511_start81500 4 19993 20000 -edge_1_0_+disjointig_1_0_999999 81503 101492 999999 -1 -1 19989 0
Chain
	Aln	0	-HG003_pb_pass4_read1511_start81500 6 19995 20000 +edge_1_0_+disjointig_1_0_999999 898506 918495 999999 -1 -1 19989 0
Chain
	Aln	1	+HG003_pb_pass4_read1512_start83500 1 19996 20000 -edge_1_0_+disjointig_1_0_999999 83500 103495 999999 -1 -1 19995 0
Chain
	Aln	0	-HG003_pb_pass4_read1512_start83500 3 19998 20000 +edge_1_0_+disjointig_1_0_999999 896503 916498 999999 -1 -1 19995 0
Chain
	Aln	1	+HG003_pb_pass4_read1513_start85500 6 19990 20000 -edge_1_0_+disjointig_1_0_999999 85505 105489 999999 -1 -1 19984 0
Chain
	Aln	0	-HG003_pb_pass4_read1513_start85500 9 19993 20000 +edge_1_0_+disjointig_1_0_999999 894509 914493 999999 -1 -1 19984 0
Chain
	Aln	1	+HG003_pb_pass4_read1514_start87500 9 19992 20000 -edge_1_0_+disjointig_1_0_999999 87508 107491 999999 -1 -1 19983 0
Chain
	Aln	0	-HG003_pb_pass4_read1514_start87500 7 19990 20000 +edge_1_0_+disjointig_1_0_999999 892507 912490 999999 -1 -1 19983 0
Chain
	Aln	1	+HG003_pb_pass4_read1515_start89500 6 19995 20000 -edge_1_0_+disjointig_1_0_999999 89505 109494 999999 -1 -1 19989 0
Chain
	Aln	0	-HG003_pb_pass4_read1515_start89500 4 19993 20000 +edge_1_0_+disjointig_1_0_999999 890504 910493 999999 -1 -1 19989 0
Chain
	Aln	1	+HG003_pb_pass4_read1516_start91500 12 19995 20000 -edge_1_0_+disjointig_1_0_999999 91511 111494 999999 -1 -1 19983 0
Chain
	Aln	0	-HG003_pb_pass4_read1516_start91500 4 19987 20000 +edge_1_0_+disjointig_1_0_999999 888504 908487 999999 -1 -1 19983 0
Chain
	Aln	1	+HG003_pb_pass4_read1518_start95500 9 19995 20000 -edge_1_0_+disjointig_1_0_999999 95508 115494 999999 -1 -1 19986 0
Chain
	Aln	0	-HG003_pb_pass4_read1518_start95500 4 19990 20000 +edge_1_0_+disjointig_1_0_999999 884504 904490 999999 -1 -1 19986 0
Chain
	Aln	1	+HG003_pb_pass4_read1519_start97500 6 19990 20000 -edge_1_0_+disjointig_1_0_999999 97505 117489 999999 -1 -1 19984 0
Chain
	Aln	0	-HG003_pb_pass4_read1519_start97500 9 19993 20000 +edge_1_0_+disjointig_1_0_999999 882509 902493 999999 -1 -1 19984 0
Chain
	Aln	1	+HG003_pb_pass4_read1517_start93500 7 19996 20000 -edge_1_0_+disjointig_1_0_999999 93506 113495 999999 -1 -1 19989 0
Chain
	Aln	0	-HG003_pb_pass4_read1517_start93500 3 19992 20000 +edge_1_0_+disjointig_1_0_999999 886503 906492 999999 -1 -1 19989 0
Chain
	Aln	1	+HG003_pb_pass4_read1520_start99500 8 19995 20000 -edge_1_0_+disjointig_1_0_999999 99507 119494 999999 -1 -1 19987 0
Chain
	Aln	0	-HG003_pb_pass4_read1520_start99500 4 19991 20000 +edge_1_0_+disjointig_1_0_999999 880504 900491 999999 -1 -1 19987 0
Chain
	Aln	1	+HG003_pb_pass4_read1521_start101500 5 19990 20000 -edge_1_0_+disjointig_1_0_999999 101504 121489 999999 -1 -1 19985 0
Chain
	Aln	0	-HG003_pb_pass4_read1521_start101500 9 19994 20000 +edge_1_0_+disjointig_1_0_999999 878509 898494 999999 -1 -1 19985 0
Chain
	Aln	1	+HG003_pb_pass4_read1522_start103500 4 19998 20000 -edge_1_0_+disjointig_1_0_999999 103503 123497 999999 -1 -1 19994 0
Chain
	Aln	0	-HG003_pb_pass4_read1522_start103500 1 19995 20000 +edge_1_0_+disjointig_1_0_999999 876501 896495 999999 -1 -1 19994 0
Chain
	Aln	1	+HG003_pb_pass4_read1523_start105500 8 19997 20000 -edge_1_0_+disjointig_1_0_999999 105507 125496 999999 -1 -1 19989 0
Chain
	Aln	0	-HG003_pb_pass4_read1523_start105500 2 19991 20000 +edge_1_0_+disjointig_1_0_999999 874502 894491 999999 -1 -1 19989 0
Chain
	Aln	1	+HG003_pb_pass4_read1524_start107500 13 19995 20000 -edge_1_0_+disjointig_1_0_999999 107512 127494 999999 -1 -1 19982 0
Chain
	Aln	0	-HG003_pb_pass4_read1524_start107500 4 19986 20000 +edge_1_0_+disjointig_1_0_999999 872504 892486 999999 -1 -1 19982 0
Chain
	Aln	1	+HG003_pb_pass4_read1525_start109500 7 19998 20000 -edge_1_0_+disjointig_1_0_999999 109506 129497 999999 -1 -1 19991 0
Chain
	Aln	0	-HG003_pb_pass4_read1525_start109500 1 19992 20000 +edge_1_0_+disjointig_1_0_999999 870501 890492 999999 -1 -1 19991 0
Chain
	Aln	1	+HG003_pb_pass4_read1526_start111500 5 19995 20000 -edge_1_0_+disjointig_1_0_999999 111504 131494 999999 -1 -1 19990 0
Chain
	Aln	0	-HG003_pb_pass4_read1526_start111500 4 19994 20000 +edge_1_0_+disjointig_1_0_999999 868504 888494 999999 -1 -1 19990 0
Chain
	Aln	1	+HG003_pb_pass4_read1527_start113500 4 19993 20000 -edge_1_0_+disjointig_1_0_999999 113503 133492 999999 -1 -1 19989 0
Chain
	Aln	0	-HG003_pb_pass4_read1527_start113500 6 19995 20000 +edge_1_0_+disjointig_1_0_999999 866506 886495 999999 -1 -1 19989 0
Chain
	Aln	1	+HG003_pb_pass4_read1528_start115500 10 19991 20000 -edge_1_0_+disjointig_1_0_999999 115509 135490 999999 -1 -1 19981 0
Chain
	Aln	0	-HG003_pb_pass4_read1528_start115500 8 19989 20000 +edge_1_0_+disjointig_1_0_999999 864508 884489 999999 -1 -1 19981 0
Chain
	Aln	1	+HG003_pb_pass4_read1529_start117500 7 19990 20000 -edge_1_0_+disjointig_1_0_999999 117506 137489 999999 -1 -1 19983 0
Chain
	Aln	0	-HG003_pb_pass4_read1529_start117500 9 19992 20000 +edge_1_0_+disjointig_1_0_999999 862509 882492 999999 -1 -1 19983 0
Chain
	Aln	1	+HG003_pb_pass4_read1530_start119500 9 19997 20000 -edge_1_0_+disjointig_1_0_999999 119508 139496 999999 -1 -1 19988 0
Chain
	Aln	0	-HG003_pb_pass4_read1530_start119500 2 19990 20000 +edge_1_0_+disjointig_1_0_999999 860502 880490 999999 -1 -1 19988 0
Chain
	Aln	1	+HG003_pb_pass4_read1531_start121500 9 19993 20000 -edge_1_0_+disjointig_1_0_999999 121508 141492 999999 -1 -1 19984 0
Chain
	Aln	0	-HG003_pb_pass4_read1531_start121500 6 19990 20000 +edge_1_0_+disjointig_1_0_999999 858506 878490 999999 -1 -1 19984 0
Chain
	Aln	1	+HG003_pb_pass4_read1532_start123500 14 19994 20000 -edge_1_0_+disjointig_1_0_999999 123513 143493 999999 -1 -1 19980 0
Chain
	Aln	0	-HG003_pb_pass4_read1532_start123500 5 19985 20000 +edge_1_0_+disjointig_1_0_999999 856505 876485 999999 -1 -1 19980 0
Chain
	Aln	1	+HG003_pb_pass4_read1533_start125500 2 19994 20000 -edge_1_0_+disjointig_1_0_999999 125501 145493 999999 -1 -1 19992 0
Chain
	Aln	0	-HG003_pb_pass4_read1533_start125500 5 19997 20000 +edge_1_0_+disjointig_1_0_999999 854505 874497 999999 -1 -1 19992 0
Chain
	Aln	1	+HG003_pb_pass4_read1534_start127500 2 19993 20000 -edge_1_0_+disjointig_1_0_999999 127501 147492 999999 -1 -1 19991 0
Chain
	Aln	0	-HG003_pb_pass4_read1534_start127500 6 19997 20000 +edge_1_0_+disjointig_1_0_999999 852506 872497 999999 -1 -1 19991 0
Chain
	Aln	1	+HG003_pb_pass4_read1535_start129500 11 19994 20000 -edge_1_0_+disjointig_1_0_999999 129510 149493 999999 -1 -1 19983 0
Chain
	Aln	0	-HG003_pb_pass4_read1535_start129500 5 19988 20000 +edge_1_0_+disjointig_1_0_999999 850505 870488 999999 -1 -1 19983 0
Chain
	Aln	1	+HG003_pb_pass4_read1536_start131500 3 19991 20000 -edge_1_0_+disjointig_1_0_999999 131502 151490 999999 -1 -1 19988 0
Chain
	Aln	0	-HG003_pb_pass4_read1536_start131500 8 19996 20000 +edge_1_0_+disjointig_1_0_999999 848508 868496 999999 -1 -1 19988 0
Chain
	Aln	1	+HG003_pb_pass4_read1537_start133500 7 19995 20000 -edge_1_0_+disjointig_1_0_999999 133506 153494 999999 -1 -1 19988 0
Chain
	Aln	0	-HG003_pb_pass4_read1537_start133500 4 19992 20000 +edge_1_0_+disjointig_1_0_999999 846504 866492 999999 -1 -1 19988 0
Chain
	Aln	1	+HG003_pb_pass4_read1538_start135500 11 19995 20000 -edge_1_0_+disjointig_1_0_999999 135510 155494 999999 -1 -1 19984 0
Chain
	Aln	0	-HG003_pb_pass4_read1538_start135500 4 19988 20000 +edge_1_0_+disjointig_1_0_999999 844504 864488 999999 -1 -1 19984 0
Chain
	Aln	1	+HG003_pb_pass4_read1539_start137500 9 19997 20000 -edge_1_0_+disjointig_1_0_999999 137508 157496 999999 -1 -1 19988 0
Chain
	Aln	0	-HG003_pb_pass4_read1539_start137500 2 19990 20000 +edge_1_0_+disjointig_1_0_999999 842502 862490 999999 -1 -1 19988 0
Chain
	Aln	1	+HG003_pb_pass4_read1540_start139500 6 19998 20000 -edge_1_0_+disjointig_1_0_999999 139505 159497 999999 -1 -1 19992 0
Chain
	Aln	0	-HG003_pb_pass4_read1540_start139500 1 19993 20000 +edge_1_0_+disjointig_1_0_999999 840501 860493 999999 -1 -1 19992 0
Chain
	Aln	1	+HG003_pb_pass4_read1541_start141500 10 19997 20000 -edge_1_0_+disjointig_1_0_999999 141509 161496 999999 -1 -1 19987 0
Chain
	Aln	0	-HG003_pb_pass4_read1541_start141500 2 19989 20000 +edge_1_0_+disjointig_1_0_999999 838502 858489 999999 -1 -1 19987 0
Chain
	Aln	1	+HG003_pb_pass4_read1542_start143500 3 19996 20000 -edge_1_0_+disjointig_1_0_999999 143502 163495 999999 -1 -1 19993 0
Chain
	Aln	0	-HG003_pb_pass4_read1542_start143500 3 19996 20000 +edge_1_0_+disjointig_1_0_999999 836503 856496 999999 -1 -1 19993 0
Chain
	Aln	1	+HG003_pb_pass4_read1543_start145500 12 19993 20000 -edge_1_0_+disjointig_1_0_999999 145511 165492 999999 -1 -1 19981 0
Chain
	Aln	0	-HG003_pb_pass4_read1543_start145500 6 19987 20000 +edge_1_0_+disjointig_1_0_999999 834506 854487 999999 -1 -1 19981 0
Chain
	Aln	1	+HG003_pb_pass4_read1544_start147500 9 19994 20000 -edge_1_0_+disjointig_1_0_999999 147508 167493 999999 -1 -1 19985 0
Chain
	Aln	0	-HG003_pb_pass4_read1544_start147500 5 19990 20000 +edge_1_0_+disjointig_1_0_999999 832505 852490 999999 -1 -1 19985 0
Chain
	Aln	1	+HG003_pb_pass4_read1545_start149500 12 19995 20000 -edge_1_0_+disjointig_1_0_999999 149511 169494 999999 -1 -1 19983 0.000111082
Chain
	Aln	0	-HG003_pb_pass4_read1545_start149500 4 19987 20000 +edge_1_0_+disjointig_1_0_999999 830504 850487 999999 -1 -1 19983 0.000111082
Chain
	Aln	1	+HG003_pb_pass4_read1546_start151500 7 19995 20000 -edge_1_0_+disjointig_1_0_999999 151506 171494 999999 -1 -1 19988 0.000287935
Chain
	Aln	0	-HG003_pb_pass4_read1546_start151500 4 19992 20000 +edge_1_0_+disjointig_1_0_999999 828504 848492 999999 -1 -1 19988 0.000287935
Chain
	Aln	1	+HG003_pb_pass4_read1547_start153500 12 19998 20000 -edge_1_0_+disjointig_1_0_999999 153511 173497 999999 -1 -1 19986 0.000330786
Chain
	Aln	0	-HG003_pb_pass4_read1547_start153500 1 19987 20000 +edge_1_0_+disjointig_1_0_999999 826501 846487 999999 -1 -1 19986 0.000330786
Chain
	Aln	1	+HG003_pb_pass4_read1548_start155500 6 19990 20000 -edge_1_0_+disjointig_1_0_999999 155505 175489 999999 -1 -1 19984 7.99398e-07
Chain
	Aln	0	-HG003_pb_pass4_read1548_start155500 9 19993 20000 +edge_1_0_+disjointig_1_0_999999 824509 844493 999999 -1 -1 19984 7.99398e-07
Chain
	Aln	1	+HG003_pb_pass4_read1549_start157500 6 19991 20000 -edge_1_0_+disjointig_1_0_999999 157505 177490 999999 -1 -1 19985 0.000165566
Chain
	Aln	0	-HG003_pb_pass4_read1549_start157500 8 19993 20000 +edge_1_0_+disjointig_1_0_999999 822508 842493 999999 -1 -1 19985 0.000165566
Chain
	Aln	1	+HG003_pb_pass4_read1550_start159500 10 19997 20000 -edge_1_0_+disjointig_1_0_999999 159509 179496 999999 -1 -1 19987 0.000349972
Chain
	Aln	0	-HG003_pb_pass4_read1550_start159500 2 19989 20000 +edge_1_0_+disjointig_1_0_999999 820502 840489 999999 -1 -1 19987 0.000349972
Chain
	Aln	1	+HG003_pb_pass4_read1551_start161500 11 19991 20000 -edge_1_0_+disjointig_1_0_999999 161510 181490 999999 -1 -1 19980 0.000296873
Chain
	Aln	0	-HG003_pb_pass4_read1551_start161500 8 19988 20000 +edge_1_0_+disjointig_1_0_999999 818508 838488 999999 -1 -1 19980 0.000296873
Chain
	Aln	1	+HG003_pb_pass4_read1552_start163500 11 19997 20000 -edge_1_0_+disjointig_1_0_999999 163510 183496 999999 -1 -1 19986 0.000184715
Chain
	Aln	0	-HG003_pb_pass4_read1552_start163500 2 19988 20000 +edge_1_0_+disjointig_1_0_999999 816502 836488 999999 -1 -1 19986 0.000184715
Chain
	Aln	1	+HG003_pb_pass4_read1553_start165500 10 19994 20000 -edge_1_0_+disjointig_1_0_999999 165509 185493 999999 -1 -1 19984 0.000114029
Chain
	Aln	0	-HG003_pb_pass4_read1553_start165500 5 19989 20000 +edge_1_0_+disjointig_1_0_999999 814505 834489 999999 -1 -1 19984 0.000114029
Chain
	Aln	1	+HG003_pb_pass4_read1554_start167500 8 19996 20000 -edge_1_0_+disjointig_1_0_999999 167507 187495 999999 -1 -1 19988 1.25717e-05
Chain
	Aln	0	-HG003_pb_pass4_read1554_start167500 3 19991 20000 +edge_1_0_+disjointig_1_0_999999 812503 832491 999999 -1 -1 19988 1.25717e-05
Chain
	Aln	1	+HG003_pb_pass4_read1555_start169500 11 19992 20000 -edge_1_0_+disjointig_1_0_999999 169510 189491 999999 -1 -1 19981 0
Chain
	Aln	0	-HG003_pb_pass4_read1555_start169500 7 19988 20000 +edge_1_0_+disjointig_1_0_999999 810507 830488 999999 -1 -1 19981 0
Chain
	Aln	1	+HG003_pb_pass4_read1556_start171500 7 19998 20000 -edge_1_0_+disjointig_1_0_999999 171506 191497 999999 -1 -1 19991 0
Chain
	Aln	0	-HG003_pb_pass4_read1556_start171500 1 19992 20000 +edge_1_0_+disjointig_1_0_999999 808501 828492 999999 -1 -1 19991 0
Chain
	Aln	1	+HG003_pb_pass4_read1557_start173500 8 19996 20000 -edge_1_0_+disjointig_1_0_999999 173507 193495 999999 -1 -1 19988 0
Chain
	Aln	0	-HG003_pb_pass4_read1557_start173500 3 19991 20000 +edge_1_0_+disjointig_1_0_999999 806503 826491 999999 -1 -1 19988 0
Chain
	Aln	1	+HG003_pb_pass4_read1558_start175500 10 19998 20000 -edge_1_0_+disjointig_1_0_999999 175509 195497 999999 -1 -1 19988 0
Chain
	Aln	0	-HG003_pb_pass4_read1558_start175500 1 19989 20000 +edge_1_0_+disjointig_1_0_999999 804501 824489 999999 -1 -1 19988 0
Chain
	Aln	1	+HG003_pb_pass4_read1559_start177500 9 19998 20000 -edge_1_0_+disjointig_1_0_999999 177508 197497 999999 -1 -1 19989 0
Chain
	Aln	0	-HG003_pb_pass4_read1559_start177500 1 19990 20000 +edge_1_0_+disjointig_1_0_999999 802501 822490 999999 -1 -1 19989 0
Chain
	Aln	1	+HG003_pb_pass4_read1560_start179500 2 19996 20000 -edge_1_0_+disjointig_1_0_999999 179501 199495 999999 -1 -1 19994 0
Chain
	Aln	0	-HG003_pb_pass4_read1560_start179500 3 19997 20000 +edge_1_0_+disjointig_1_0_999999 800503 820497 999999 -1 -1 19994 0
Chain
	Aln	1	+HG003_pb_pass4_read1561_start181500 10 19990 20000 -edge_1_0_+disjointig_1_0_999999 181509 201489 999999 -1 -1 19980 0.000280628
Chain
	Aln	0	-HG003_pb_pass4_read1561_start181500 9 19989 20000 +edge_1_0_+disjointig_1_0_999999 798509 818489 999999 -1 -1 19980 0.000280628
Chain
	Aln	1	+HG003_pb_pass4_read1562_start183500 16 19997 20000 -edge_1_0_+disjointig_1_0_999999 183515 203496 999999 -1 -1 19981 0.000478789
Chain
	Aln	0	-HG003_pb_pass4_read1562_start183500 2 19983 20000 +edge_1_0_+disjointig_1_0_999999 796502 816483 999999 -1 -1 19981 0.000478789
Chain
	Aln	1	+HG003_pb_pass4_read1563_start185500 5 19995 20000 -edge_1_0_+disjointig_1_0_999999 185504 205494 999999 -1 -1 19990 0.000407585
Chain
	Aln	0	-HG003_pb_pass4_read1563_start185500 4 19994 20000 +edge_1_0_+disjointig_1_0_999999 794504 814494 999999 -1 -1 19990 0.000407585
Chain
	Aln	1	+HG003_pb_pass4_read1564_start187500 2 19997 20000 -edge_1_0_+disjointig_1_0_999999 187501 207496 999999 -1 -1 19995 0.000699496
Chain
	Aln	0	-HG003_pb_pass4_read1564_start187500 2 19997 20000 +edge_1_0_+disjointig_1_0_999999 792502 812497 999999 -1 -1 19995 0.000699496
Chain
	Aln	1	+HG003_pb_pass4_read1565_start189500 9 19991 20000 -edge_1_0_+disjointig_1_0_999999 189508 209490 999999 -1 -1 19982 0.000612231
Chain
	Aln	0	-HG003_pb_pass4_read1565_start189500 8 19990 20000 +edge_1_0_+disjointig_1_0_999999 790508 810490 999999 -1 -1 19982 0.000612231
Chain
	Aln	1	+HG003_pb_pass4_read1566_start191500 4 19996 20000 -edge_1_0_+disjointig_1_0_999999 191503 211495 999999 -1 -1 19992 0.00044602
Chain
	Aln	0	-HG003_pb_pass4_read1566_start191500 3 19995 20000 +edge_1_0_+disjointig_1_0_999999 788503 808495 999999 -1 -1 19992 0.00044602
Chain
	Aln	1	+HG003_pb_pass4_read1567_start193500 10 19990 20000 -edge_1_0_+disjointig_1_0_999999 193509 213489 999999 -1 -1 19980 0.000622675
Chain
	Aln	0	-HG003_pb_pass4_read1567_start193500 9 19989 20000 +edge_1_0_+disjointig_1_0_999999 786509 806489 999999 -1 -1 19980 0.000622675
Chain
	Aln	1	+HG003_pb_pass4_read1568_start195500 10 19994 20000 -edge_1_0_+disjointig_1_0_999999 195509 215493 999999 -1 -1 19984 0.000601786
Chain
	Aln	0	-HG003_pb_pass4_read1568_start195500 5 19989 20000 +edge_1_0_+disjointig_1_0_999999 784505 804489 999999 -1 -1 19984 0.000601786
Chain
	Aln	1	+HG003_pb_pass4_read1569_start197500 3 19998 20000 -edge_1_0_+disjointig_1_0_999999 197502 217497 999999 -1 -1 19995 0.000781275
Chain
	Aln	0	-HG003_pb_pass4_read1569_start197500 1 19996 20000 +edge_1_0_+disjointig_1_0_999999 782501 802496 999999 -1 -1 19995 0.000781275
Chain
	Aln	1	+HG003_pb_pass4_read1570_start199500 7 19998 20000 -edge_1_0_+disjointig_1_0_999999 199506 219497 999999 -1 -1 19991 0.00081863
Chain
	Aln	0	-HG003_pb_pass4_read1570_start199500 1 19992 20000 +edge_1_0_+disjointig_1_0_999999 780501 800492 999999 -1 -1 19991 0.00081863
Chain
	Aln	1	+HG003_pb_pass4_read1571_start201500 5 19992 20000 -edge_1_0_+disjointig_1_0_999999 201504 221491 999999 -1 -1 19987 0.000610614
Chain
	Aln	0	-HG003_pb_pass4_read1571_start201500 7 19994 20000 +edge_1_0_+disjointig_1_0_999999 778507 798494 999999 -1 -1 19987 0.000610614
Chain
	Aln	1	+HG003_pb_pass4_read1572_start203500 4 19998 20000 -edge_1_0_+disjointig_1_0_999999 203503 223497 999999 -1 -1 19994 0.000663875
Chain
	Aln	0	-HG003_pb_pass4_read1572_start203500 1 19995 20000 +edge_1_0_+disjointig_1_0_999999 776501 796495 999999 -1 -1 19994 0.000663875
Chain
	Aln	1	+HG003_pb_pass4_read1573_start205500 11 19998 20000 -edge_1_0_+disjointig_1_0_999999 205510 225497 999999 -1 -1 19987 0.000888821
Chain
	Aln	0	-HG003_pb_pass4_read1573_start205500 1 19988 20000 +edge_1_0_+disjointig_1_0_999999 774501 794488 999999 -1 -1 19987 0.000888821
Chain
	Aln	1	+HG003_pb_pass4_read1574_start207500 10 19997 20000 -edge_1_0_+disjointig_1_0_999999 207509 227496 999999 -1 -1 19987 0.000447586
Chain
	Aln	0	-HG003_pb_pass4_read1574_start207500 2 19989 20000 +edge_1_0_+disjointig_1_0_999999 772502 792489 999999 -1 -1 19987 0.000447586
Chain
	Aln	1	+HG003_pb_pass4_read1575_start209500 12 19995 20000 -edge_1_0_+disjointig_1_0_999999 209511 229494 999999 -1 -1 19983 0.000517268
Chain
	Aln	0	-HG003_pb_pass4_read1575_start209500 4 19987 20000 +edge_1_0_+disjointig_1_0_999999 770504 790487 999999 -1 -1 19983 0.000517268
Chain
	Aln	1	+HG003_pb_pass4_read1576_start211500 11 19998 20000 -edge_1_0_+disjointig_1_0_999999 211510 231497 999999 -1 -1 19987 0.000415029
Chain
	Aln	0	-HG003_pb_pass4_read1576_start211500 1 19988 20000 +edge_1_0_+disjointig_1_0_999999 768501 788488 999999 -1 -1 19987 0.000415029
Chain
	Aln	1	+HG003_pb_pass4_read1577_start213500 2 19997 20000 -edge_1_0_+disjointig_1_0_999999 213501 233496 999999 -1 -1 19995 0.000503698
Chain
	Aln	0	-HG003_pb_pass4_read1577_start213500 2 19997 20000 +edge_1_0_+disjointig_1_0_999999 766502 786497 999999 -1 -1 19995 0.000503698
Chain
	Aln	1	+HG003_pb_pass4_read1578_start215500 10 19991 20000 -edge_1_0_+disjointig_1_0_999999 215509 235490 999999 -1 -1 19981 0.000789198
Chain
	Aln	0	-HG003_pb_pass4_read1578_start215500 8 19989 20000 +edge_1_0_+disjointig_1_0_999999 764508 784489 999999 -1 -1 19981 0.000789198
Chain
	Aln	1	+HG003_pb_pass4_read1579_start217500 9 19992 20000 -edge_1_0_+disjointig_1_0_999999 217508 237491 999999 -1 -1 19983 0.000549887
Chain
	Aln	0	-HG003_pb_pass4_read1579_start217500 7 19990 20000 +edge_1_0_+disjointig_1_0_999999 762507 782490 999999 -1 -1 19983 0.000549887
Chain
	Aln	1	+HG003_pb_pass4_read1580_start219500 7 19991 20000 -edge_1_0_+disjointig_1_0_999999 219506 239490 999999 -1 -1 19984 0.000178829
Chain
	Aln	0	-HG003_pb_pass4_read1580_start219500 8 19992 20000 +edge_1_0_+disjointig_1_0_999999 760508 780492 999999 -1 -1 19984 0.000178829
Chain
	Aln	1	+HG003_pb_pass4_read1581_start221500 10 19998 20000 -edge_1_0_+disjointig_1_0_999999 221509 241497 999999 -1 -1 19988 0.000174397
Chain
	Aln	0	-HG003_pb_pass4_read1581_start221500 1 19989 20000 +edge_1_0_+disjointig_1_0_999999 758501 778489 999999 -1 -1 19988 0.000174397
Chain
	Aln	1	+HG003_pb_pass4_read1582_start223500 9 19997 20000 -edge_1_0_+disjointig_1_0_999999 223508 243496 999999 -1 -1 19988 0
Chain
	Aln	0	-HG003_pb_pass4_read1582_start223500 2 19990 20000 +edge_1_0_+disjointig_1_0_999999 756502 776490 999999 -1 -1 19988 0
Chain
	Aln	1	+HG003_pb_pass4_read1583_start225500 5 19997 20000 -edge_1_0_+disjointig_1_0_999999 225504 245496 999999 -1 -1 19992 0
Chain
	Aln	0	-HG003_pb_pass4_read1583_start225500 2 19994 20000 +edge_1_0_+disjointig_1_0_999999 754502 774494 999999 -1 -1 19992 0
Chain
	Aln	1	+HG003_pb_pass4_read1584_start227500 4 19996 20000 -edge_1_0_+disjointig_1_0_999999 227503 247495 999999 -1 -1 19992 2.43417e-05
Chain
	Aln	0	-HG003_pb_pass4_read1584_start227500 3 19995 20000 +edge_1_0_+disjointig_1_0_999999 752503 772495 999999 -1 -1 19992 2.43417e-05
Chain
	Aln	1	+HG003_pb_pass4_read1585_start229500 5 19998 20000 -edge_1_0_+disjointig_1_0_999999 229504 249497 999999 -1 -1 19993 0.000302657
Chain
	Aln	0	-HG003_pb_pass4_read1585_start229500 1 19994 20000 +edge_1_0_+disjointig_1_0_999999 750501 770494 999999 -1 -1 19993 0.000302657
Chain
	Aln	1	+HG003_pb_pass4_read1586_start231500 5 19990 20000 -edge_1_0_+disjointig_1_0_999999 231504 251489 999999 -1 -1 19985 0.000572085
Chain
	Aln	0	-HG003_pb_pass4_read1586_start231500 9 19994 20000 +edge_1_0_+disjointig_1_0_999999 748509 768494 999999 -1 -1 19985 0.000572085
Chain
	Aln	1	+HG003_pb_pass4_read1587_start233500 10 19990 20000 -edge_1_0_+disjointig_1_0_999999 233509 253489 999999 -1 -1 19980 0.000508433
Chain
	Aln	0	-HG003_pb_pass4_read1587_start233500 9 19989 20000 +edge_1_0_+disjointig_1_0_999999 746509 766489 999999 -1 -1 19980 0.000508433
Chain
	Aln	1	+HG003_pb_pass4_read1588_start235500 9 19998 20000 -edge_1_0_+disjointig_1_0_999999 235508 255497 999999 -1 -1 19989 0.000274647
Chain
	Aln	0	-HG003_pb_pass4_read1588_start235500 1 19990 20000 +edge_1_0_+disjointig_1_0_999999 744501 764490 999999 -1 -1 19989 0.000274647
Chain
	Aln	1	+HG003_pb_pass4_read1589_start237500 1 19990 20000 -edge_1_0_+disjointig_1_0_999999 237500 257489 999999 -1 -1 19989 0.000258417
Chain
	Aln	0	-HG003_pb_pass4_read1589_start237500 9 19998 20000 +edge_1_0_+disjointig_1_0_999999 742509 762498 999999 -1 -1 19989 0.000258417
Chain
	Aln	1	+HG003_pb_pass4_read1590_start239500 10 19996 20000 -edge_1_0_+disjointig_1_0_999999 239509 259495 999999 -1 -1 19986 0.000444642
Chain
	Aln	0	-HG003_pb_pass4_read1590_start239500 3 19989 20000 +edge_1_0_+disjointig_1_0_999999 740503 760489 999999 -1 -1 19986 0.000444642
Chain
	Aln	1	+HG003_pb_pass4_read1591_start241500 2 19993 20000 -edge_1_0_+disjointig_1_0_999999 241501 261492 999999 -1 -1 19991 0.000475638
Chain
	Aln	0	-HG003_pb_pass4_read1591_start241500 6 19997 20000 +edge_1_0_+disjointig_1_0_999999 738506 758497 999999 -1 -1 19991 0.000475638
Chain
	Aln	1	+HG003_pb_pass4_read1592_start243500 7 19995 20000 -edge_1_0_+disjointig_1_0_999999 243506 263494 999999 -1 -1 19988 0.000369173
Chain
	Aln	0	-HG003_pb_pass4_read1592_start243500 4 19992 20000 +edge_1_0_+disjointig_1_0_999999 736504 756492 999999 -1 -1 19988 0.000369173
Chain
	Aln	1	+HG003_pb_pass4_read1593_start245500 6 19992 20000 -edge_1_0_+disjointig_1_0_999999 245505 265491 999999 -1 -1 19986 2.28417e-05
Chain
	Aln	0	-HG003_pb_pass4_read1593_start245500 7 19993 20000 +edge_1_0_+disjointig_1_0_999999 734507 754493 999999 -1 -1 19986 2.28417e-05
Chain
	Aln	1	+HG003_pb_pass4_read1594_start247500 8 19990 20000 -edge_1_0_+disjointig_1_0_999999 247507 267489 999999 -1 -1 19982 5.95885e-05
Chain
	Aln	0	-HG003_pb_pass4_read1594_start247500 9 19991 20000 +edge_1_0_+disjointig_1_0_999999 732509 752491 999999 -1 -1 19982 5.95885e-05
Chain
	Aln	1	+HG003_pb_pass4_read1595_start249500 15 19993 20000 -edge_1_0_+disjointig_1_0_999999 249514 269492 999999 -1 -1 19978 0
Chain
	Aln	0	-HG003_pb_pass4_read1595_start249500 6 19984 20000 +edge_1_0_+disjointig_1_0_999999 730506 750484 999999 -1 -1 19978 0
Chain
	Aln	1	+HG003_pb_pass4_read1596_start251500 9 19996 20000 -edge_1_0_+disjointig_1_0_999999 251508 271495 999999 -1 -1 19987 0
Chain
	Aln	0	-HG003_pb_pass4_read1596_start251500 3 19990 20000 +edge_1_0_+disjointig_1_0_999999 728503 748490 999999 -1 -1 19987 0
Chain
	Aln	1	+HG003_pb_pass4_read1597_start253500 11 19989 20000 -edge_1_0_+disjointig_1_0_999999 253510 273488 999999 -1 -1 19978 0
Chain
	Aln	0	-HG003_pb_pass4_read1597_start253500 10 19988 20000 +edge_1_0_+disjointig_1_0_999999 726510 746488 999999 -1 -1 19978 0
Chain
	Aln	1	+HG003_pb_pass4_read1598_start255500 3 19998 20000 -edge_1_0_+disjointig_1_0_999999 255502 275497 999999 -1 -1 19995 0
Chain
	Aln	0	-HG003_pb_pass4_read1598_start255500 1 19996 20000 +edge_1_0_+disjointig_1_0_999999 724501 744496 999999 -1 -1 19995 0
Chain
	Aln	1	+HG003_pb_pass4_read1599_start257500 13 19998 20000 -edge_1_0_+disjointig_1_0_999999 257512 277497 999999 -1 -1 19985 0
Chain
	Aln	0	-HG003_pb_pass4_read1599_start257500 1 19986 20000 +edge_1_0_+disjointig_1_0_999999 722501 742486 999999 -1 -1 19985 0
Chain
	Aln	1	+HG003_pb_pass4_read1600_start259500 7 19996 20000 -edge_1_0_+disjointig_1_0_999999 259506 279495 999999 -1 -1 19989 0
Chain
	Aln	0	-HG003_pb_pass4_read1600_start259500 3 19992 20000 +edge_1_0_+disjointig_1_0_999999 720503 740492 999999 -1 -1 19989 0
Chain
	Aln	1	+HG003_pb_pass4_read1601_start261500 5 19991 20000 -edge_1_0_+disjointig_1_0_999999 261504 281490 999999 -1 -1 19986 0
Chain
	Aln	0	-HG003_pb_pass4_read1601_start261500 8 19994 20000 +edge_1_0_+disjointig_1_0_999999 718508 738494 999999 -1 -1 19986 0
Chain
	Aln	1	+HG003_pb_pass4_read1602_start263500 10 19998 20000 -edge_1_0_+disjointig_1_0_999999 263509 283497 999999 -1 -1 19988 0
Chain
	Aln	0	-HG003_pb_pass4_read1602_start263500 1 19989 20000 +edge_1_0_+disjointig_1_0_999999 716501 736489 999999 -1 -1 19988 0
Chain
	Aln	1	+HG003_pb_pass4_read1603_start265500 8 19994 20000 -edge_1_0_+disjointig_1_0_999999 265507 285493 999999 -1 -1 19986 0
Chain
	Aln	0	-HG003_pb_pass4_read1603_start265500 5 19991 20000 +edge_1_0_+disjointig_1_0_999999 714505 734491 999999 -1 -1 19986 0
Chain
	Aln	1	+HG003_pb_pass4_read1604_start267500 9 19997 20000 -edge_1_0_+disjointig_1_0_999999 267508 287496 999999 -1 -1 19988 0
Chain
	Aln	0	-HG003_pb_pass4_read1604_start267500 2 19990 20000 +edge_1_0_+disjointig_1_0_999999 712502 732490 999999 -1 -1 19988 0
Chain
	Aln	1	+HG003_pb_pass4_read1605_start269500 5 19997 20000 -edge_1_0_+disjointig_1_0_999999 269504 289496 999999 -1 -1 19992 0
Chain
	Aln	0	-HG003_pb_pass4_read1605_start269500 2 19994 20000 +edge_1_0_+disjointig_1_0_999999 710502 730494 999999 -1 -1 19992 0
Chain
	Aln	1	+HG003_pb_pass4_read1606_start271500 10 19998 20000 -edge_1_0_+disjointig_1_0_999999 271509 291497 999999 -1 -1 19988 0
Chain
	Aln	0	-HG003_pb_pass4_read1606_start271500 1 19989 20000 +edge_1_0_+disjointig_1_0_999999 708501 728489 999999 -1 -1 19988 0
Chain
	Aln	1	+HG003_pb_pass4_read1607_start273500 3 19995 20000 -edge_1_0_+disjointig_1_0_999999 273502 293494 999999 -1 -1 19992 0
Chain
	Aln	0	-HG003_pb_pass4_read1607_start273500 4 19996 20000 +edge_1_0_+disjointig_1_0_999999 706504 726496 999999 -1 -1 19992 0
Chain
	Aln	1	+HG003_pb_pass4_read1608_start275500 9 19994 20000 -edge_1_0_+disjointig_1_0_999999 275508 295493 999999 -1 -1 19985 0.000197982
Chain
	Aln	0	-HG003_pb_pass4_read1608_start275500 5 19990 20000 +edge_1_0_+disjointig_1_0_999999 704505 724490 999999 -1 -1 19985 0.000197982
Chain
	Aln	1	+HG003_pb_pass4_read1609_start277500 11 19989 20000 -edge_1_0_+disjointig_1_0_999999 277510 297488 999999 -1 -1 19978 0.000486245
Chain
	Aln	0	-HG003_pb_pass4_read1609_start277500 10 19988 20000 +edge_1_0_+disjointig_1_0_999999 702510 722488 999999 -1 -1 19978 0.000486245
Chain
	Aln	1	+HG003_pb_pass4_read1610_start279500 4 19995 20000 -edge_1_0_+disjointig_1_0_999999 279503 299494 999999 -1 -1 19991 0.000557118
Chain
	Aln	0	-HG003_pb_pass4_read1610_start279500 4 19995 20000 +edge_1_0_+disjointig_1_0_999999 700504 720495 999999 -1 -1 19991 0.000557118
Chain
	Aln	1	+HG003_pb_pass4_read1611_start281500 7 19997 20000 -edge_1_0_+disjointig_1_0_999999 281506 301496 999999 -1 -1 19990 0.000196486
Chain
	Aln	0	-HG003_pb_pass4_read1611_start281500 2 19992 20000 +edge_1_0_+disjointig_1_0_999999 698502 718492 999999 -1 -1 19990 0.000196486
Chain
	Aln	1	+HG003_pb_pass4_read1612_start283500 9 19997 20000 -edge_1_0_+disjointig_1_0_999999 283508 303496 999999 -1 -1 19988 0
Chain
	Aln	0	-HG003_pb_pass4_read1612_start283500 2 19990 20000 +edge_1_0_+disjointig_1_0_999999 696502 716490 999999 -1 -1 19988 0
Chain
	Aln	1	+HG003_pb_pass4_read1613_start285500 8 19995 20000 -edge_1_0_+disjointig_1_0_999999 285507 305494 999999 -1 -1 19987 9.04804e-05
Chain
	Aln	0	-HG003_pb_pass4_read1613_start285500 4 19991 20000 +edge_1_0_+disjointig_1_0_999999 694504 714491 999999 -1 -1 19987 9.04804e-05
Chain
	Aln	1	+HG003_pb_pass4_read1614_start287500 6 19997 20000 -edge_1_0_+disjointig_1_0_999999 287505 307496 999999 -1 -1 19991 0.000150824
Chain
	Aln	0	-HG003_pb_pass4_read1614_start287500 2 19993 20000 +edge_1_0_+disjointig_1_0_999999 692502 712493 999999 -1 -1 19991 0.000150824
Chain
	Aln	1	+HG003_pb_pass4_read1615_start289500 13 19995 20000 -edge_1_0_+disjointig_1_0_999999 289512 309494 999999 -1 -1 19982 2.72365e-05
Chain
	Aln	0	-HG003_pb_pass4_read1615_start289500 4 19986 20000 +edge_1_0_+disjointig_1_0_999999 690504 710486 999999 -1 -1 19982 2.72365e-05
Chain
	Aln	1	+HG003_pb_pass4_read1616_start291500 8 19992 20000 -edge_1_0_+disjointig_1_0_999999 291507 311491 999999 -1 -1 19984 0
Chain
	Aln	0	-HG003_pb_pass4_read1616_start291500 7 19991 20000 +edge_1_0_+disjointig_1_0_999999 688507 708491 999999 -1 -1 19984 0
Chain
	Aln	1	+HG003_pb_pass4_read1617_start293500 7 19993 20000 -edge_1_0_+disjointig_1_0_999999 293506 313492 999999 -1 -1 19986 0
Chain
	Aln	0	-HG003_pb_pass4_read1617_start293500 6 19992 20000 +edge_1_0_+disjointig_1_0_999999 686506 706492 999999 -1 -1 19986 0
Chain
	Aln	1	+HG003_pb_pass4_read1618_start295500 4 19994 20000 -edge_1_0_+disjointig_1_0_999999 295503 315493 999999 -1 -1 19990 0
Chain
	Aln	0	-HG003_pb_pass4_read1618_start295500 5 19995 20000 +edge_1_0_+disjointig_1_0_999999 684505 704495 999999 -1 -1 19990 0
Chain
	Aln	1	+HG003_pb_pass4_read1619_start297500 10 19994 20000 -edge_1_0_+disjointig_1_0_999999 297509 317493 999999 -1 -1 19984 0
Chain
	Aln	0	-HG003_pb_pass4_read1619_start297500 5 19989 20000 +edge_1_0_+disjointig_1_0_999999 682505 702489 999999 -1 -1 19984 0
Chain
	Aln	1	+HG003_pb_pass4_read1620_start299500 10 19998 20000 -edge_1_0_+disjointig_1_0_999999 299509 319497 999999 -1 -1 19988 0
Chain
	Aln	0	-HG003_pb_pass4_read1620_start299500 1 19989 20000 +edge_1_0_+disjointig_1_0_999999 680501 700489 999999 -1 -1 19988 0
Chain
	Aln	1	+HG003_pb_pass4_read1621_start301500 5 19994 20000 -edge_1_0_+disjointig_1_0_999999 301504 321493 999999 -1 -1 19989 0
Chain
	Aln	0	-HG003_pb_pass4_read1621_start301500 5 19994 20000 +edge_1_0_+disjointig_1_0_999999 678505 698494 999999 -1 -1 19989 0
Chain
	Aln	1	+HG003_pb_pass4_read1622_start303500 6 19998 20000 -edge_1_0_+disjointig_1_0_999999 303505 323497 999999 -1 -1 19992 0
Chain
	Aln	0	-HG003_pb_pass4_read1622_start303500 1 19993 20000 +edge_1_0_+disjointig_1_0_999999 676501 696493 999999 -1 -1 19992 0
Chain
	Aln	1	+HG003_pb_pass4_read1623_start305500 13 19992 20000 -edge_1_0_+disjointig_1_0_999999 305512 325491 999999 -1 -1 19979 0
Chain
	Aln	0	-HG003_pb_pass4_read1623_start305500 7 19986 20000 +edge_1_0_+disjointig_1_0_999999 674507 694486 999999 -1 -1 19979 0
Chain
	Aln	1	+HG003_pb_pass4_read1624_start307500 10 19998 20000 -edge_1_0_+disjointig_1_0_999999 307509 327497 999999 -1 -1 19988 0
Chain
	Aln	0	-HG003_pb_pass4_read1624_start307500 1 19989 20000 +edge_1_0_+disjointig_1_0_999999 672501 692489 999999 -1 -1 19988 0
Chain
	Aln	1	+HG003_pb_pass4_read1625_start309500 7 19994 20000 -edge_1_0_+disjointig_1_0_999999 309506 329493 999999 -1 -1 19987 2.57856e-05
Chain
	Aln	0	-HG003_pb_pass4_read1625_start309500 5 19992 20000 +edge_1_0_+disjointig_1_0_999999 670505 690492 999999 -1 -1 19987 2.57856e-05
Chain
	Aln	1	+HG003_pb_pass4_read1626_start311500 10 19998 20000 -edge_1_0_+disjointig_1_0_999999 311509 331497 999999 -1 -1 19988 0
Chain
	Aln	0	-HG003_pb_pass4_read1626_start311500 1 19989 20000 +edge_1_0_+disjointig_1_0_999999 668501 688489 999999 -1 -1 19988 0
Chain
	Aln	1	+HG003_pb_pass4_read1627_start313500 11 19990 20000 -edge_1_0_+disjointig_1_0_999999 313510 333489 999999 -1 -1 19979 0.000228983
Chain
	Aln	0	-HG003_pb_pass4_read1627_start313500 9 19988 20000 +edge_1_0_+disjointig_1_0_999999 666509 686488 999999 -1 -1 19979 0.000228983
Chain
	Aln	1	+HG003_pb_pass4_read1628_start315500 9 19995 20000 -edge_1_0_+disjointig_1_0_999999 315508 335494 999999 -1 -1 19986 0.000119914
Chain
	Aln	0	-HG003_pb_pass4_read1628_start315500 4 19990 20000 +edge_1_0_+disjointig_1_0_999999 664504 684490 999999 -1 -1 19986 0.000119914
Chain
	Aln	1	+HG003_pb_pass4_read1629_start317500 6 19998 20000 -edge_1_0_+disjointig_1_0_999999 317505 337497 999999 -1 -1 19992 4.04962e-05
Chain
	Aln	0	-HG003_pb_pass4_read1629_start317500 1 19993 20000 +edge_1_0_+disjointig_1_0_999999 662501 682493 999999 -1 -1 19992 4.04962e-05
Chain
	Aln	1	+HG003_pb_pass4_read1630_start319500 12 19996 20000 -edge_1_0_+disjointig_1_0_999999 319511 339495 999999 -1 -1 19984 0
Chain
	Aln	0	-HG003_pb_pass4_read1630_start319500 3 19987 20000 +edge_1_0_+disjointig_1_0_999999 660503 680487 999999 -1 -1 19984 0
Chain
	Aln	1	+HG003_pb_pass4_read1631_start321500 5 19996 20000 -edge_1_0_+disjointig_1_0_999999 321504 341495 999999 -1 -1 19991 0
Chain
	Aln	0	-HG003_pb_pass4_read1631_start321500 3 19994 20000 +edge_1_0_+disjointig_1_0_999999 658503 678494 999999 -1 -1 19991 0
Chain
	Aln	1	+HG003_pb_pass4_read1632_start323500 3 19994 20000 -edge_1_0_+disjointig_1_0_999999 323502 343493 999999 -1 -1 19991 0
Chain
	Aln	0	-HG003_pb_pass4_read1632_start323500 5 19996 20000 +edge_1_0_+disjointig_1_0_999999 656505 676496 999999 -1 -1 19991 0
Chain
	Aln	1	+HG003_pb_pass4_read1633_start325500 6 19998 20000 -edge_1_0_+disjointig_1_0_999999 325505 345497 999999 -1 -1 19992 0
Chain
	Aln	0	-HG003_pb_pass4_read1633_start325500 1 19993 20000 +edge_1_0_+disjointig_1_0_999999 654501 674493 999999 -1 -1 19992 0
Chain
	Aln	1	+HG003_pb_pass4_read1634_start327500 8 19997 20000 -edge_1_0_+disjointig_1_0_999999 327507 347496 999999 -1 -1 19989 0
Chain
	Aln	0	-HG003_pb_pass4_read1634_start327500 2 19991 20000 +edge_1_0_+disjointig_1_0_999999 652502 672491 999999 -1 -1 19989 0
Chain
	Aln	1	+HG003_pb_pass4_read1635_start329500 5 19997 20000 -edge_1_0_+disjointig_1_0_999999 329504 349496 999999 -1 -1 19992 0
Chain
	Aln	0	-HG003_pb_pass4_read1635_start329500 2 19994 20000 +edge_1_0_+disjointig_1_0_999999 650502 670494 999999 -1 -1 19992 0
Chain
	Aln	1	+HG003_pb_pass4_read1636_start331500 7 19995 20000 -edge_1_0_+disjointig_1_0_999999 331506 351494 999999 -1 -1 19988 4.48967e-05
Chain
	Aln	0	-HG003_pb_pass4_read1636_start331500 4 19992 20000 +edge_1_0_+disjointig_1_0_999999 648504 668492 999999 -1 -1 19988 4.48967e-05
Chain
	Aln	1	+HG003_pb_pass4_read1637_start333500 5 19993 20000 -edge_1_0_+disjointig_1_0_999999 333504 353492 999999 -1 -1 19988 4.48967e-05
Chain
	Aln	0	-HG003_pb_pass4_read1637_start333500 6 19994 20000 +edge_1_0_+disjointig_1_0_999999 646506 666494 999999 -1 -1 19988 4.48967e-05
Chain
	Aln	1	+HG003_pb_pass4_read1638_start335500 5 19997 20000 -edge_1_0_+disjointig_1_0_999999 335504 355496 999999 -1 -1 19992 5.66672e-05
Chain
	Aln	0	-HG003_pb_pass4_read1638_start335500 2 19994 20000 +edge_1_0_+disjointig_1_0_999999 644502 664494 999999 -1 -1 19992 5.66672e-05
Chain
	Aln	1	+HG003_pb_pass4_read1639_start337500 14 19996 20000 -edge_1_0_+disjointig_1_0_999999 337513 357495 999999 -1 -1 19982 1.10714e-05
Chain
	Aln	0	-HG003_pb_pass4_read1639_start337500 3 19985 20000 +edge_1_0_+disjointig_1_0_999999 642503 662485 999999 -1 -1 19982 1.10714e-05
Chain
	Aln	1	+HG003_pb_pass4_read1640_start339500 8 19998 20000 -edge_1_0_+disjointig_1_0_999999 339507 359497 999999 -1 -1 19990 3.46166e-05
Chain
	Aln	0	-HG003_pb_pass4_read1640_start339500 1 19991 20000 +edge_1_0_+disjointig_1_0_999999 640501 660491 999999 -1 -1 19990 3.46166e-05
Chain
	Aln	1	+HG003_pb_pass4_read1641_start341500 9 19995 20000 -edge_1_0_+disjointig_1_0_999999 341508 361494 999999 -1 -1 19986 0
Chain
	Aln	0	-HG003_pb_pass4_read1641_start341500 4 19990 20000 +edge_1_0_+disjointig_1_0_999999 638504 658490 999999 -1 -1 19986 0
Chain
	Aln	1	+HG003_pb_pass4_read1642_start343500 3 19998 20000 -edge_1_0_+disjointig_1_0_999999 343502 363497 999999 -1 -1 19995 0.000162594
Chain
	Aln	0	-HG003_pb_pass4_read1642_start343500 1 19996 20000 +edge_1_0_+disjointig_1_0_999999 636501 656496 999999 -1 -1 19995 0.000162594
Chain
	Aln	1	+HG003_pb_pass4_read1643_start345500 13 19994 20000 -edge_1_0_+disjointig_1_0_999999 345512 365493 999999 -1 -1 19981 0.000234871
Chain
	Aln	0	-HG003_pb_pass4_read1643_start345500 5 19986 20000 +edge_1_0_+disjointig_1_0_999999 634505 654486 999999 -1 -1 19981 0.000234871
Chain
	Aln	1	+HG003_pb_pass4_read1644_start347500 9 19997 20000 -edge_1_0_+disjointig_1_0_999999 347508 367496 999999 -1 -1 19988 0.000109612
Chain
	Aln	0	-HG003_pb_pass4_read1644_start347500 2 19990 20000 +edge_1_0_+disjointig_1_0_999999 632502 652490 999999 -1 -1 19988 0.000109612
Chain
	Aln	1	+HG003_pb_pass4_read1645_start349500 4 19992 20000 -edge_1_0_+disjointig_1_0_999999 349503 369491 999999 -1 -1 19988 9.34279e-05
Chain
	Aln	0	-HG003_pb_pass4_read1645_start349500 7 19995 20000 +edge_1_0_+disjointig_1_0_999999 630507 650495 999999 -1 -1 19988 9.34279e-05
Chain
	Aln	1	+HG003_pb_pass4_read1646_start351500 7 19997 20000 -edge_1_0_+disjointig_1_0_999999 351506 371496 999999 -1 -1 19990 0.000147886
Chain
	Aln	0	-HG003_pb_pass4_read1646_start351500 2 19992 20000 +edge_1_0_+disjointig_1_0_999999 628502 648492 999999 -1 -1 19990 0.000147886
Chain
	Aln	1	+HG003_pb_pass4_read1647_start353500 15 19991 20000 -edge_1_0_+disjointig_1_0_999999 353514 373490 999999 -1 -1 19976 0.000155272
Chain
	Aln	0	-HG003_pb_pass4_read1647_start353500 8 19984 20000 +edge_1_0_+disjointig_1_0_999999 626508 646484 999999 -1 -1 19976 0.000155272
Chain
	Aln	1	+HG003_pb_pass4_read1648_start355500 5 19996 20000 -edge_1_0_+disjointig_1_0_999999 355504 375495 999999 -1 -1 19991 0.000134629
Chain
	Aln	0	-HG003_pb_pass4_read1648_start355500 3 19994 20000 +edge_1_0_+disjointig_1_0_999999 624503 644494 999999 -1 -1 19991 0.000134629
Chain
	Aln	1	+HG003_pb_pass4_read1649_start357500 6 19991 20000 -edge_1_0_+disjointig_1_0_999999 357505 377490 999999 -1 -1 19985 0.000246645
Chain
	Aln	0	-HG003_pb_pass4_read1649_start357500 8 19993 20000 +edge_1_0_+disjointig_1_0_999999 622508 642493 999999 -1 -1 19985 0.000246645
Chain
	Aln	1	+HG003_pb_pass4_read1650_start359500 7 19991 20000 -edge_1_0_+disjointig_1_0_999999 359506 379490 999999 -1 -1 19984 0.000487615
Chain
	Aln	0	-HG003_pb_pass4_read1650_start359500 8 19992 20000 +edge_1_0_+disjointig_1_0_999999 620508 640492 999999 -1 -1 19984 0.000487615
Chain
	Aln	1	+HG003_pb_pass4_read1651_start361500 8 19997 20000 -edge_1_0_+disjointig_1_0_999999 361507 381496 999999 -1 -1 19989 0.000616506
Chain
	Aln	0	-HG003_pb_pass4_read1651_start361500 2 19991 20000 +edge_1_0_+disjointig_1_0_999999 618502 638491 999999 -1 -1 19989 0.000616506
Chain
	Aln	1	+HG003_pb_pass4_read1652_start363500 5 19994 20000 -edge_1_0_+disjointig_1_0_999999 363504 383493 999999 -1 -1 19989 0.000534928
Chain
	Aln	0	-HG003_pb_pass4_read1652_start363500 5 19994 20000 +edge_1_0_+disjointig_1_0_999999 616505 636494 999999 -1 -1 19989 0.000534928
Chain
	Aln	1	+HG003_pb_pass4_read1653_start365500 5 19996 20000 -edge_1_0_+disjointig_1_0_999999 365504 385495 999999 -1 -1 19991 0.000655055
Chain
	Aln	0	-HG003_pb_pass4_read1653_start365500 3 19994 20000 +edge_1_0_+disjointig_1_0_999999 614503 634494 999999 -1 -1 19991 0.000655055
Chain
	Aln	1	+HG003_pb_pass4_read1654_start367500 8 19998 20000 -edge_1_0_+disjointig_1_0_999999 367507 387497 999999 -1 -1 19990 0.000586806
Chain
	Aln	0	-HG003_pb_pass4_read1654_start367500 1 19991 20000 +edge_1_0_+disjointig_1_0_999999 612501 632491 999999 -1 -1 19990 0.000586806
Chain
	Aln	1	+HG003_pb_pass4_read1655_start369500 10 19996 20000 -edge_1_0_+disjointig_1_0_999999 369509 389495 999999 -1 -1 19986 0.000298289
Chain
	Aln	0	-HG003_pb_pass4_read1655_start369500 3 19989 20000 +edge_1_0_+disjointig_1_0_999999 610503 630489 999999 -1 -1 19986 0.000298289
Chain
	Aln	1	+HG003_pb_pass4_read1656_start371500 7 19998 20000 -edge_1_0_+disjointig_1_0_999999 371506 391497 999999 -1 -1 19991 0.000491927
Chain
	Aln	0	-HG003_pb_pass4_read1656_start371500 1 19992 20000 +edge_1_0_+disjointig_1_0_999999 608501 628492 999999 -1 -1 19991 0.000491927
Chain
	Aln	1	+HG003_pb_pass4_read1657_start373500 12 19997 20000 -edge_1_0_+disjointig_1_0_999999 373511 393496 999999 -1 -1 19985 0.000523155
Chain
	Aln	0	-HG003_pb_pass4_read1657_start373500 2 19987 20000 +edge_1_0_+disjointig_1_0_999999 606502 626487 999999 -1 -1 19985 0.000523155
Chain
	Aln	1	+HG003_pb_pass4_read1658_start375500 9 19998 20000 -edge_1_0_+disjointig_1_0_999999 375508 395497 999999 -1 -1 19989 0.000747262
Chain
	Aln	0	-HG003_pb_pass4_read1658_start375500 1 19990 20000 +edge_1_0_+disjointig_1_0_999999 604501 624490 999999 -1 -1 19989 0.000747262
Chain
	Aln	1	+HG003_pb_pass4_read1659_start377500 8 19994 20000 -edge_1_0_+disjointig_1_0_999999 377507 397493 999999 -1 -1 19986 0.000771165
Chain
	Aln	0	-HG003_pb_pass4_read1659_start377500 5 19991 20000 +edge_1_0_+disjointig_1_0_999999 602505 622491 999999 -1 -1 19986 0.000771165
Chain
	Aln	1	+HG003_pb_pass4_read1660_start379500 14 19996 20000 -edge_1_0_+disjointig_1_0_999999 379513 399495 999999 -1 -1 19982 0.000498025
Chain
	Aln	0	-HG003_pb_pass4_read1660_start379500 3 19985 20000 +edge_1_0_+disjointig_1_0_999999 600503 620485 999999 -1 -1 19982 0.000498025
Chain
	Aln	1	+HG003_pb_pass4_read1661_start381500 9 19998 20000 -edge_1_0_+disjointig_1_0_999999 381508 401497 999999 -1 -1 19989 0.000404639
Chain
	Aln	0	-HG003_pb_pass4_read1661_start381500 1 19990 20000 +edge_1_0_+disjointig_1_0_999999 598501 618490 999999 -1 -1 19989 0.000404639
Chain
	Aln	1	+HG003_pb_pass4_read1662_start383500 10 19997 20000 -edge_1_0_+disjointig_1_0_999999 383509 403496 999999 -1 -1 19987 0.000692303
Chain
	Aln	0	-HG003_pb_pass4_read1662_start383500 2 19989 20000 +edge_1_0_+disjointig_1_0_999999 596502 616489 999999 -1 -1 19987 0.000692303
Chain
	Aln	1	+HG003_pb_pass4_read1663_start385500 10 19991 20000 -edge_1_0_+disjointig_1_0_999999 385509 405490 999999 -1 -1 19981 0.000462497
Chain
	Aln	0	-HG003_pb_pass4_read1663_start385500 8 19989 20000 +edge_1_0_+disjointig_1_0_999999 594508 614489 999999 -1 -1 19981 0.000462497
Chain
	Aln	1	+HG003_pb_pass4_read1664_start387500 8 19993 20000 -edge_1_0_+disjointig_1_0_999999 387507 407492 999999 -1 -1 19985 0.000392868
Chain
	Aln	0	-HG003_pb_pass4_read1664_start387500 6 19991 20000 +edge_1_0_+disjointig_1_0_999999 592506 612491 999999 -1 -1 19985 0.000392868
Chain
	Aln	1	+HG003_pb_pass4_read1665_start389500 9 19997 20000 -edge_1_0_+disjointig_1_0_999999 389508 409496 999999 -1 -1 19988 0.000793425
Chain
	Aln	0	-HG003_pb_pass4_read1665_start389500 2 19990 20000 +edge_1_0_+disjointig_1_0_999999 590502 610490 999999 -1 -1 19988 0.000793425
Chain
	Aln	1	+HG003_pb_pass4_read1666_start391500 4 19995 20000 -edge_1_0_+disjointig_1_0_999999 391503 411494 999999 -1 -1 19991 0.000573433
Chain
	Aln	0	-HG003_pb_pass4_read1666_start391500 4 19995 20000 +edge_1_0_+disjointig_1_0_999999 588504 608495 999999 -1 -1 19991 0.000573433
Chain
	Aln	1	+HG003_pb_pass4_read1667_start393500 1 19997 20000 -edge_1_0_+disjointig_1_0_999999 393500 413496 999999 -1 -1 19996 0.000392708
Chain
	Aln	0	-HG003_pb_pass4_read1667_start393500 2 19998 20000 +edge_1_0_+disjointig_1_0_999999 586502 606498 999999 -1 -1 19996 0.000392708
Chain
	Aln	1	+HG003_pb_pass4_read1668_start395500 7 19997 20000 -edge_1_0_+disjointig_1_0_999999 395506 415496 999999 -1 -1 19990 0.000277593
Chain
	Aln	0	-HG003_pb_pass4_read1668_start395500 2 19992 20000 +edge_1_0_+disjointig_1_0_999999 584502 604492 999999 -1 -1 19990 0.000277593
Chain
	Aln	1	+HG003_pb_pass4_read1669_start397500 6 19993 20000 -edge_1_0_+disjointig_1_0_999999 397505 417492 999999 -1 -1 19987 0
Chain
	Aln	0	-HG003_pb_pass4_read1669_start397500 6 19993 20000 +edge_1_0_+disjointig_1_0_999999 582506 602493 999999 -1 -1 19987 0
Chain
	Aln	1	+HG003_pb_pass4_read1670_start399500 6 19998 20000 -edge_1_0_+disjointig_1_0_999999 399505 419497 999999 -1 -1 19992 0
Chain
	Aln	0	-HG003_pb_pass4_read1670_start399500 1 19993 20000 +edge_1_0_+disjointig_1_0_999999 580501 600493 999999 -1 -1 19992 0
Chain
	Aln	1	+HG003_pb_pass4_read1671_start401500 6 19992 20000 -edge_1_0_+disjointig_1_0_999999 401505 421491 999999 -1 -1 19986 0
Chain
	Aln	0	-HG003_pb_pass4_read1671_start401500 7 19993 20000 +edge_1_0_+disjointig_1_0_999999 578507 598493 999999 -1 -1 19986 0
Chain
	Aln	1	+HG003_pb_pass4_read1672_start403500 5 19996 20000 -edge_1_0_+disjointig_1_0_999999 403504 423495 999999 -1 -1 19991 0
Chain
	Aln	0	-HG003_pb_pass4_read1672_start403500 3 19994 20000 +edge_1_0_+disjointig_1_0_999999 576503 596494 999999 -1 -1 19991 0
Chain
	Aln	1	+HG003_pb_pass4_read1673_start405500 16 19998 20000 -edge_1_0_+disjointig_1_0_999999 405515 425497 999999 -1 -1 19982 0
Chain
	Aln	0	-HG003_pb_pass4_read1673_start405500 1 19983 20000 +edge_1_0_+disjointig_1_0_999999 574501 594483 999999 -1 -1 19982 0
Chain
	Aln	1	+HG003_pb_pass4_read1674_start407500 11 19995 20000 -edge_1_0_+disjointig_1_0_999999 407510 427494 999999 -1 -1 19984 0
Chain
	Aln	0	-HG003_pb_pass4_read1674_start407500 4 19988 20000 +edge_1_0_+disjointig_1_0_999999 572504 592488 999999 -1 -1 19984 0
Chain
	Aln	1	+HG003_pb_pass4_read1675_start409500 10 19995 20000 -edge_1_0_+disjointig_1_0_999999 409509 429494 999999 -1 -1 19985 0
Chain
	Aln	0	-HG003_pb_pass4_read1675_start409500 4 19989 20000 +edge_1_0_+disjointig_1_0_999999 570504 590489 999999 -1 -1 19985 0
Chain
	Aln	1	+HG003_pb_pass4_read1676_start411500 7 19998 20000 -edge_1_0_+disjointig_1_0_999999 411506 431497 999999 -1 -1 19991 0
Chain
	Aln	0	-HG003_pb_pass4_read1676_start411500 1 19992 20000 +edge_1_0_+disjointig_1_0_999999 568501 588492 999999 -1 -1 19991 0
Chain
	Aln	1	+HG003_pb_pass4_read1677_start413500 7 19992 20000 -edge_1_0_+disjointig_1_0_999999 413506 433491 999999 -1 -1 19985 0
Chain
	Aln	0	-HG003_pb_pass4_read1677_start413500 7 19992 20000 +edge_1_0_+disjointig_1_0_999999 566507 586492 999999 -1 -1 19985 0
Chain
	Aln	1	+HG003_pb_pass4_read1678_start415500 14 19991 20000 -edge_1_0_+disjointig_1_0_999999 415513 435490 999999 -1 -1 19977 0
Chain
	Aln	0	-HG003_pb_pass4_read1678_start415500 8 19985 20000 +edge_1_0_+disjointig_1_0_999999 564508 584485 999999 -1 -1 19977 0
Chain
	Aln	1	+HG003_pb_pass4_read1679_start417500 10 19993 20000 -edge_1_0_+disjointig_1_0_999999 417509 437492 999999 -1 -1 19983 0
Chain
	Aln	0	-HG003_pb_pass4_read1679_start417500 6 19989 20000 +edge_1_0_+disjointig_1_0_999999 562506 582489 999999 -1 -1 19983 0
Chain
	Aln	1	+HG003_pb_pass4_read1680_start419500 17 19997 20000 -edge_1_0_+disjointig_1_0_999999 419516 439496 999999 -1 -1 19980 0
Chain
	Aln	0	-HG003_pb_pass4_read1680_start419500 2 19982 20000 +edge_1_0_+disjointig_1_0_999999 560502 580482 999999 -1 -1 19980 0
Chain
	Aln	1	+HG003_pb_pass4_read1681_start421500 13 19992 20000 -edge_1_0_+disjointig_1_0_999999 421512 441491 999999 -1 -1 19979 0
Chain
	Aln	0	-HG003_pb_pass4_read1681_start421500 7 19986 20000 +edge_1_0_+disjointig_1_0_999999 558507 578486 999999 -1 -1 19979 0
Chain
	Aln	1	+HG003_pb_pass4_read1682_start423500 1 19992 20000 -edge_1_0_+disjointig_1_0_999999 423500 443491 999999 -1 -1 19991 0
Chain
	Aln	0	-HG003_pb_pass4_read1682_start423500 7 19998 20000 +edge_1_0_+disjointig_1_0_999999 556507 576498 999999 -1 -1 19991 0
Chain
	Aln	1	+HG003_pb_pass4_read1683_start425500 13 19993 20000 -edge_1_0_+disjointig_1_0_999999 425512 445492 999999 -1 -1 19980 3.75179e-05
Chain
	Aln	0	-HG003_pb_pass4_read1683_start425500 6 19986 20000 +edge_1_0_+disjointig_1_0_999999 554506 574486 999999 -1 -1 19980 3.75179e-05
Chain
	Aln	1	+HG003_pb_pass4_read1684_start427500 10 19992 20000 -edge_1_0_+disjointig_1_0_999999 427509 447491 999999 -1 -1 19982 0
Chain
	Aln	0	-HG003_pb_pass4_read1684_start427500 7 19989 20000 +edge_1_0_+disjointig_1_0_999999 552507 572489 999999 -1 -1 19982 0
Chain
	Aln	1	+HG003_pb_pass4_read1685_start429500 8 19991 20000 -edge_1_0_+disjointig_1_0_999999 429507 449490 999999 -1 -1 19983 0
Chain
	Aln	0	-HG003_pb_pass4_read1685_start429500 8 19991 20000 +edge_1_0_+disjointig_1_0_999999 550508 570491 999999 -1 -1 19983 0
Chain
	Aln	1	+HG003_pb_pass4_read1686_start431500 6 19997 20000 -edge_1_0_+disjointig_1_0_999999 431505 451496 999999 -1 -1 19991 0.000378002
Chain
	Aln	0	-HG003_pb_pass4_read1686_start431500 2 19993 20000 +edge_1_0_+disjointig_1_0_999999 548502 568493 999999 -1 -1 19991 0.000378002
Chain
	Aln	1	+HG003_pb_pass4_read1687_start433500 8 19992 20000 -edge_1_0_+disjointig_1_0_999999 433507 453491 999999 -1 -1 19984 0.000552825
Chain
	Aln	0	-HG003_pb_pass4_read1687_start433500 7 19991 20000 +edge_1_0_+disjointig_1_0_999999 546507 566491 999999 -1 -1 19984 0.000552825
Chain
	Aln	1	+HG003_pb_pass4_read1688_start435500 18 19996 20000 -edge_1_0_+disjointig_1_0_999999 435517 455495 999999 -1 -1 19978 0.000421086
Chain
	Aln	0	-HG003_pb_pass4_read1688_start435500 3 19981 20000 +edge_1_0_+disjointig_1_0_999999 544503 564481 999999 -1 -1 19978 0.000421086
Chain
	Aln	1	+HG003_pb_pass4_read1689_start437500 11 19995 20000 -edge_1_0_+disjointig_1_0_999999 437510 457494 999999 -1 -1 19984 0.000422472
Chain
	Aln	0	-HG003_pb_pass4_read1689_start437500 4 19988 20000 +edge_1_0_+disjointig_1_0_999999 542504 562488 999999 -1 -1 19984 0.000422472
Chain
	Aln	1	+HG003_pb_pass4_read1690_start439500 12 19995 20000 -edge_1_0_+disjointig_1_0_999999 439511 459494 999999 -1 -1 19983 0.000745967
Chain
	Aln	0	-HG003_pb_pass4_read1690_start439500 4 19987 20000 +edge_1_0_+disjointig_1_0_999999 540504 560487 999999 -1 -1 19983 0.000745967
Chain
	Aln	1	+HG003_pb_pass4_read1691_start441500 2 19991 20000 -edge_1_0_+disjointig_1_0_999999 441501 461490 999999 -1 -1 19989 0.000714545
Chain
	Aln	0	-HG003_pb_pass4_read1691_start441500 8 19997 20000 +edge_1_0_+disjointig_1_0_999999 538508 558497 999999 -1 -1 19989 0.000714545
Chain
	Aln	1	+HG003_pb_pass4_read1692_start443500 13 19996 20000 -edge_1_0_+disjointig_1_0_999999 443512 463495 999999 -1 -1 19983 0.000566203
Chain
	Aln	0	-HG003_pb_pass4_read1692_start443500 3 19986 20000 +edge_1_0_+disjointig_1_0_999999 536503 556486 999999 -1 -1 19983 0.000566203
Chain
	Aln	1	+HG003_pb_pass4_read1693_start445500 3 19996 20000 -edge_1_0_+disjointig_1_0_999999 445502 465495 999999 -1 -1 19993 0.000677276
Chain
	Aln	0	-HG003_pb_pass4_read1693_start445500 3 19996 20000 +edge_1_0_+disjointig_1_0_999999 534503 554496 999999 -1 -1 19993 0.000677276
Chain
	Aln	1	+HG003_pb_pass4_read1694_start447500 12 19996 20000 -edge_1_0_+disjointig_1_0_999999 447511 467495 999999 -1 -1 19984 0.000618116
Chain
	Aln	0	-HG003_pb_pass4_read1694_start447500 3 19987 20000 +edge_1_0_+disjointig_1_0_999999 532503 552487 999999 -1 -1 19984 0.000618116
Chain
	Aln	1	+HG003_pb_pass4_read1695_start449500 6 19989 20000 -edge_1_0_+disjointig_1_0_999999 449505 469488 999999 -1 -1 19983 0.000468383
Chain
	Aln	0	-HG003_pb_pass4_read1695_start449500 10 19993 20000 +edge_1_0_+disjointig_1_0_999999 530510 550493 999999 -1 -1 19983 0.000468383
Chain
	Aln	1	+HG003_pb_pass4_read1696_start451500 9 19997 20000 -edge_1_0_+disjointig_1_0_999999 451508 471496 999999 -1 -1 19988 0.000483094
Chain
	Aln	0	-HG003_pb_pass4_read1696_start451500 2 19990 20000 +edge_1_0_+disjointig_1_0_999999 528502 548490 999999 -1 -1 19988 0.000483094
Chain
	Aln	1	+HG003_pb_pass4_read1697_start453500 11 19994 20000 -edge_1_0_+disjointig_1_0_999999 453510 473493 999999 -1 -1 19983 0.000403253
Chain
	Aln	0	-HG003_pb_pass4_read1697_start453500 5 19988 20000 +edge_1_0_+disjointig_1_0_999999 526505 546488 999999 -1 -1 19983 0.000403253
Chain
	Aln	1	+HG003_pb_pass4_read1698_start455500 16 19991 20000 -edge_1_0_+disjointig_1_0_999999 455515 475490 999999 -1 -1 19975 0.000412257
Chain
	Aln	0	-HG003_pb_pass4_read1698_start455500 8 19983 20000 +edge_1_0_+disjointig_1_0_999999 524508 544483 999999 -1 -1 19975 0.000412257
Chain
	Aln	1	+HG003_pb_pass4_read1699_start457500 14 19998 20000 -edge_1_0_+disjointig_1_0_999999 457513 477497 999999 -1 -1 19984 0.000276169
Chain
	Aln	0	-HG003_pb_pass4_read1699_start457500 1 19985 20000 +edge_1_0_+disjointig_1_0_999999 522501 542485 999999 -1 -1 19984 0.000276169
Chain
	Aln	1	+HG003_pb_pass4_read1700_start459500 7 19997 20000 -edge_1_0_+disjointig_1_0_999999 459506 479496 999999 -1 -1 19990 0
Chain
	Aln	0	-HG003_pb_pass4_read1700_start459500 2 19992 20000 +edge_1_0_+disjointig_1_0_999999 520502 540492 999999 -1 -1 19990 0
Chain
	Aln	1	+HG003_pb_pass4_read1701_start461500 5 19994 20000 -edge_1_0_+disjointig_1_0_999999 461504 481493 999999 -1 -1 19989 0.000193544
Chain
	Aln	0	-HG003_pb_pass4_read1701_start461500 5 19994 20000 +edge_1_0_+disjointig_1_0_999999 518505 538494 999999 -1 -1 19989 0.000193544
Chain
	Aln	1	+HG003_pb_pass4_read1702_start463500 9 19997 20000 -edge_1_0_+disjointig_1_0_999999 463508 483496 999999 -1 -1 19988 0.0004017
Chain
	Aln	0	-HG003_pb_pass4_read1702_start463500 2 19990 20000 +edge_1_0_+disjointig_1_0_999999 516502 536490 999999 -1 -1 19988 0.0004017
Chain
	Aln	1	+HG003_pb_pass4_read1703_start465500 8 19993 20000 -edge_1_0_+disjointig_1_0_999999 465507 485492 999999 -1 -1 19985 0.000555771
Chain
	Aln	0	-HG003_pb_pass4_read1703_start465500 6 19991 20000 +edge_1_0_+disjointig_1_0_999999 514506 534491 999999 -1 -1 19985 0.000555771
Chain
	Aln	1	+HG003_pb_pass4_read1704_start467500 4 19995 20000 -edge_1_0_+disjointig_1_0_999999 467503 487494 999999 -1 -1 19991 0.000704076
Chain
	Aln	0	-HG003_pb_pass4_read1704_start467500 4 19995 20000 +edge_1_0_+disjointig_1_0_999999 512504 532495 999999 -1 -1 19991 0.000704076
Chain
	Aln	1	+HG003_pb_pass4_read1705_start469500 9 19997 20000 -edge_1_0_+disjointig_1_0_999999 469508 489496 999999 -1 -1 19988 0.000875365
Chain
	Aln	0	-HG003_pb_pass4_read1705_start469500 2 19990 20000 +edge_1_0_+disjointig_1_0_999999 510502 530490 999999 -1 -1 19988 0.000875365
Chain
	Aln	1	+HG003_pb_pass4_read1706_start471500 10 19994 20000 -edge_1_0_+disjointig_1_0_999999 471509 491493 999999 -1 -1 19984 0.000601786
Chain
	Aln	0	-HG003_pb_pass4_read1706_start471500 5 19989 20000 +edge_1_0_+disjointig_1_0_999999 508505 528489 999999 -1 -1 19984 0.000601786
Chain
	Aln	1	+HG003_pb_pass4_read1707_start473500 8 19991 20000 -edge_1_0_+disjointig_1_0_999999 473507 493490 999999 -1 -1 19983 0.00032195
Chain
	Aln	0	-HG003_pb_pass4_read1707_start473500 8 19991 20000 +edge_1_0_+disjointig_1_0_999999 506508 526491 999999 -1 -1 19983 0.00032195
Chain
	Aln	1	+HG003_pb_pass4_read1708_start475500 18 19990 20000 -edge_1_0_+disjointig_1_0_999999 475517 495489 999999 -1 -1 19972 0.000273314
Chain
	Aln	0	-HG003_pb_pass4_read1708_start475500 9 19981 20000 +edge_1_0_+disjointig_1_0_999999 504509 524481 999999 -1 -1 19972 0.000273314
Chain
	Aln	1	+HG003_pb_pass4_read1709_start477500 4 19998 20000 -edge_1_0_+disjointig_1_0_999999 477503 497497 999999 -1 -1 19994 0.000598572
Chain
	Aln	0	-HG003_pb_pass4_read1709_start477500 1 19995 20000 +edge_1_0_+disjointig_1_0_999999 502501 522495 999999 -1 -1 19994 0.000598572
Chain
	Aln	1	+HG003_pb_pass4_read1710_start479500 5 19995 20000 -edge_1_0_+disjointig_1_0_999999 479504 499494 999999 -1 -1 19990 0.000505277
Chain
	Aln	0	-HG003_pb_pass4_read1710_start479500 4 19994 20000 +edge_1_0_+disjointig_1_0_999999 500504 520494 999999 -1 -1 19990 0.000505277
Chain
	Aln	1	+HG003_pb_pass4_read1711_start481500 9 19994 20000 -edge_1_0_+disjointig_1_0_999999 481508 501493 999999 -1 -1 19985 0.000133167
Chain
	Aln	0	-HG003_pb_pass4_read1711_start481500 5 19990 20000 +edge_1_0_+disjointig_1_0_999999 498505 518490 999999 -1 -1 19985 0.000133167
Chain
	Aln	1	+HG003_pb_pass4_read1712_start483500 11 19997 20000 -edge_1_0_+disjointig_1_0_999999 483510 503496 999999 -1 -1 19986 0.000233362
Chain
	Aln	0	-HG003_pb_pass4_read1712_start483500 2 19988 20000 +edge_1_0_+disjointig_1_0_999999 496502 516488 999999 -1 -1 19986 0.000233362
Chain
	Aln	1	+HG003_pb_pass4_read1713_start485500 8 19994 20000 -edge_1_0_+disjointig_1_0_999999 485507 505493 999999 -1 -1 19986 0.000136106
Chain
	Aln	0	-HG003_pb_pass4_read1713_start485500 5 19991 20000 +edge_1_0_+disjointig_1_0_999999 494505 514491 999999 -1 -1 19986 0.000136106
Chain
	Aln	1	+HG003_pb_pass4_read1714_start487500 7 19996 20000 -edge_1_0_+disjointig_1_0_999999 487506 507495 999999 -1 -1 19989 0
Chain
	Aln	0	-HG003_pb_pass4_read1714_start487500 3 19992 20000 +edge_1_0_+disjointig_1_0_999999 492503 512492 999999 -1 -1 19989 0
Chain
	Aln	1	+HG003_pb_pass4_read1715_start489500 8 19992 20000 -edge_1_0_+disjointig_1_0_999999 489507 509491 999999 -1 -1 19984 0
Chain
	Aln	0	-HG003_pb_pass4_read1715_start489500 7 19991 20000 +edge_1_0_+disjointig_1_0_999999 490507 510491 999999 -1 -1 19984 0
Chain
	Aln	1	+HG003_pb_pass4_read1716_start491500 8 19994 20000 -edge_1_0_+disjointig_1_0_999999 491507 511493 999999 -1 -1 19986 0
Chain
	Aln	0	-HG003_pb_pass4_read1716_start491500 5 19991 20000 +edge_1_0_+disjointig_1_0_999999 488505 508491 999999 -1 -1 19986 0
Chain
	Aln	1	+HG003_pb_pass4_read1717_start493500 4 19998 20000 -edge_1_0_+disjointig_1_0_999999 493503 513497 999999 -1 -1 19994 0
Chain
	Aln	0	-HG003_pb_pass4_read1717_start493500 1 19995 20000 +edge_1_0_+disjointig_1_0_999999 486501 506495 999999 -1 -1 19994 0
Chain
	Aln	1	+HG003_pb_pass4_read1718_start495500 14 19994 20000 -edge_1_0_+disjointig_1_0_999999 495513 515493 999999 -1 -1 19980 0.000134643
Chain
	Aln	0	-HG003_pb_pass4_read1718_start495500 5 19985 20000 +edge_1_0_+disjointig_1_0_999999 484505 504485 999999 -1 -1 19980 0.000134643
Chain
	Aln	1	+HG003_pb_pass4_read1719_start497500 6 19991 20000 -edge_1_0_+disjointig_1_0_999999 497505 517490 999999 -1 -1 19985 0
Chain
	Aln	0	-HG003_pb_pass4_read1719_start497500 8 19993 20000 +edge_1_0_+disjointig_1_0_999999 482508 502493 999999 -1 -1 19985 0
Chain
	Aln	1	+HG003_pb_pass4_read1720_start499500 10 19998 20000 -edge_1_0_+disjointig_1_0_999999 499509 519497 999999 -1 -1 19988 0
Chain
	Aln	0	-HG003_pb_pass4_read1720_start499500 1 19989 20000 +edge_1_0_+disjointig_1_0_999999 480501 500489 999999 -1 -1 19988 0
Chain
	Aln	1	+HG003_pb_pass4_read1721_start501500 9 19998 20000 -edge_1_0_+disjointig_1_0_999999 501508 521497 999999 -1 -1 19989 0.000112552
Chain
	Aln	0	-HG003_pb_pass4_read1721_start501500 1 19990 20000 +edge_1_0_+disjointig_1_0_999999 478501 498490 999999 -1 -1 19989 0.000112552
Chain
	Aln	1	+HG003_pb_pass4_read1722_start503500 11 19996 20000 -edge_1_0_+disjointig_1_0_999999 503510 523495 999999 -1 -1 19985 0
Chain
	Aln	0	-HG003_pb_pass4_read1722_start503500 3 19988 20000 +edge_1_0_+disjointig_1_0_999999 476503 496488 999999 -1 -1 19985 0
Chain
	Aln	1	+HG003_pb_pass4_read1723_start505500 8 19998 20000 -edge_1_0_+disjointig_1_0_999999 505507 525497 999999 -1 -1 19990 0
Chain
	Aln	0	-HG003_pb_pass4_read1723_start505500 1 19991 20000 +edge_1_0_+disjointig_1_0_999999 474501 494491 999999 -1 -1 19990 0
Chain
	Aln	1	+HG003_pb_pass4_read1724_start507500 2 19992 20000 -edge_1_0_+disjointig_1_0_999999 507501 527491 999999 -1 -1 19990 2.29999e-06
Chain
	Aln	0	-HG003_pb_pass4_read1724_start507500 7 19997 20000 +edge_1_0_+disjointig_1_0_999999 472507 492497 999999 -1 -1 19990 2.29999e-06
Chain
	Aln	1	+HG003_pb_pass4_read1725_start509500 6 19994 20000 -edge_1_0_+disjointig_1_0_999999 509505 529493 999999 -1 -1 19988 4.48967e-05
Chain
	Aln	0	-HG003_pb_pass4_read1725_start509500 5 19993 20000 +edge_1_0_+disjointig_1_0_999999 470505 490493 999999 -1 -1 19988 4.48967e-05
Chain
	Aln	1	+HG003_pb_pass4_read1726_start511500 6 19993 20000 -edge_1_0_+disjointig_1_0_999999 511505 531492 999999 -1 -1 19987 0.000106673
Chain
	Aln	0	-HG003_pb_pass4_read1726_start511500 6 19993 20000 +edge_1_0_+disjointig_1_0_999999 468506 488493 999999 -1 -1 19987 0.000106673
Chain
	Aln	1	+HG003_pb_pass4_read1727_start513500 9 19990 20000 -edge_1_0_+disjointig_1_0_999999 513508 533489 999999 -1 -1 19981 0.000169999
Chain
	Aln	0	-HG003_pb_pass4_read1727_start513500 9 19990 20000 +edge_1_0_+disjointig_1_0_999999 466509 486490 999999 -1 -1 19981 0.000169999
Chain
	Aln	1	+HG003_pb_pass4_read1728_start515500 12 19990 20000 -edge_1_0_+disjointig_1_0_999999 515511 535489 999999 -1 -1 19978 0
Chain
	Aln	0	-HG003_pb_pass4_read1728_start515500 9 19987 20000 +edge_1_0_+disjointig_1_0_999999 464509 484487 999999 -1 -1 19978 0
Chain
	Aln	1	+HG003_pb_pass4_read1729_start517500 3 19996 20000 -edge_1_0_+disjointig_1_0_999999 517502 537495 999999 -1 -1 19993 0
Chain
	Aln	0	-HG003_pb_pass4_read1729_start517500 3 19996 20000 +edge_1_0_+disjointig_1_0_999999 462503 482496 999999 -1 -1 19993 0
Chain
	Aln	1	+HG003_pb_pass4_read1730_start519500 1 19996 20000 -edge_1_0_+disjointig_1_0_999999 519500 539495 999999 -1 -1 19995 9.78455e-05
Chain
	Aln	0	-HG003_pb_pass4_read1730_start519500 3 19998 20000 +edge_1_0_+disjointig_1_0_999999 460503 480498 999999 -1 -1 19995 9.78455e-05
Chain
	Aln	1	+HG003_pb_pass4_read1731_start521500 7 19992 20000 -edge_1_0_+disjointig_1_0_999999 521506 541491 999999 -1 -1 19985 0
Chain
	Aln	0	-HG003_pb_pass4_read1731_start521500 7 19992 20000 +edge_1_0_+disjointig_1_0_999999 458507 478492 999999 -1 -1 19985 0
Chain
	Aln	1	+HG003_pb_pass4_read1732_start523500 2 19993 20000 -edge_1_0_+disjointig_1_0_999999 523501 543492 999999 -1 -1 19991 0.00021564
Chain
	Aln	0	-HG003_pb_pass4_read1732_start523500 6 19997 20000 +edge_1_0_+disjointig_1_0_999999 456506 476497 999999 -1 -1 19991 0.00021564
Chain
	Aln	1	+HG003_pb_pass4_read1733_start525500 10 19994 20000 -edge_1_0_+disjointig_1_0_999999 525509 545493 999999 -1 -1 19984 0.000471325
Chain
	Aln	0	-HG003_pb_pass4_read1733_start525500 5 19989 20000 +edge_1_0_+disjointig_1_0_999999 454505 474489 999999 -1 -1 19984 0.000471325
Chain
	Aln	1	+HG003_pb_pass4_read1734_start527500 11 19996 20000 -edge_1_0_+disjointig_1_0_999999 527510 547495 999999 -1 -1 19985 1.98976e-05
Chain
	Aln	0	-HG003_pb_pass4_read1734_start527500 3 19988 20000 +edge_1_0_+disjointig_1_0_999999 452503 472488 999999 -1 -1 19985 1.98976e-05
Chain
	Aln	1	+HG003_pb_pass4_read1735_start529500 6 19998 20000 -edge_1_0_+disjointig_1_0_999999 529505 549497 999999 -1 -1 19992 8.9017e-05
Chain
	Aln	0	-HG003_pb_pass4_read1735_start529500 1 19993 20000 +edge_1_0_+disjointig_1_0_999999 450501 470493 999999 -1 -1 19992 8.9017e-05
Chain
	Aln	1	+HG003_pb_pass4_read1736_start531500 12 19993 20000 -edge_1_0_+disjointig_1_0_999999 531511 551492 999999 -1 -1 19981 0
Chain
	Aln	0	-HG003_pb_pass4_read1736_start531500 6 19987 20000 +edge_1_0_+disjointig_1_0_999999 448506 468487 999999 -1 -1 19981 0
Chain
	Aln	1	+HG003_pb_pass4_read1737_start533500 11 19998 20000 -edge_1_0_+disjointig_1_0_999999 533510 553497 999999 -1 -1 19987 0
Chain
	Aln	0	-HG003_pb_pass4_read1737_start533500 1 19988 20000 +edge_1_0_+disjointig_1_0_999999 446501 466488 999999 -1 -1 19987 0
Chain
	Aln	1	+HG003_pb_pass4_read1738_start535500 10 19997 20000 -edge_1_0_+disjointig_1_0_999999 535509 555496 999999 -1 -1 19987 4.19537e-05
Chain
	Aln	0	-HG003_pb_pass4_read1738_start535500 2 19989 20000 +edge_1_0_+disjointig_1_0_999999 444502 464489 999999 -1 -1 19987 4.19537e-05
Chain
	Aln	1	+HG003_pb_pass4_read1739_start537500 4 19996 20000 -edge_1_0_+disjointig_1_0_999999 537503 557495 999999 -1 -1 19992 7.28408e-05
Chain
	Aln	0	-HG003_pb_pass4_read1739_start537500 3 19995 20000 +edge_1_0_+disjointig_1_0_999999 442503 462495 999999 -1 -1 19992 7.28408e-05
Chain
	Aln	1	+HG003_pb_pass4_read1740_start539500 3 19993 20000 -edge_1_0_+disjointig_1_0_999999 539502 559492 999999 -1 -1 19990 6.69505e-05
Chain
	Aln	0	-HG003_pb_pass4_read1740_start539500 6 19996 20000 +edge_1_0_+disjointig_1_0_999999 440506 460496 999999 -1 -1 19990 6.69505e-05
Chain
	Aln	1	+HG003_pb_pass4_read1741_start541500 16 19997 20000 -edge_1_0_+disjointig_1_0_999999 541515 561496 999999 -1 -1 19981 0.000202426
Chain
	Aln	0	-HG003_pb_pass4_read1741_start541500 2 19983 20000 +edge_1_0_+disjointig_1_0_999999 438502 458483 999999 -1 -1 19981 0.000202426
Chain
	Aln	1	+HG003_pb_pass4_read1742_start543500 5 19997 20000 -edge_1_0_+disjointig_1_0_999999 543504 563496 999999 -1 -1 19992 0.000218581
Chain
	Aln	0	-HG003_pb_pass4_read1742_start543500 2 19994 20000 +edge_1_0_+disjointig_1_0_999999 436502 456494 999999 -1 -1 19992 0.000218581
Chain
	Aln	1	+HG003_pb_pass4_read1743_start545500 6 19989 20000 -edge_1_0_+disjointig_1_0_999999 545505 565488 999999 -1 -1 19983 3.01803e-05
Chain
	Aln	0	-HG003_pb_pass4_read1743_start545500 10 19993 20000 +edge_1_0_+disjointig_1_0_999999 434510 454493 999999 -1 -1 19983 3.01803e-05
Chain
	Aln	1	+HG003_pb_pass4_read1744_start547500 11 19998 20000 -edge_1_0_+disjointig_1_0_999999 547510 567497 999999 -1 -1 19987 0.000171453
Chain
	Aln	0	-HG003_pb_pass4_read1744_start547500 1 19988 20000 +edge_1_0_+disjointig_1_0_999999 432501 452488 999999 -1 -1 19987 0.000171453
Chain
	Aln	1	+HG003_pb_pass4_read1745_start549500 12 19992 20000 -edge_1_0_+disjointig_1_0_999999 549511 569491 999999 -1 -1 19980 0.000280628
Chain
	Aln	0	-HG003_pb_pass4_read1745_start549500 7 19987 20000 +edge_1_0_+disjointig_1_0_999999 430507 450487 999999 -1 -1 19980 0.000280628
Chain
	Aln	1	+HG003_pb_pass4_read1746_start551500 11 19997 20000 -edge_1_0_+disjointig_1_0_999999 551510 571496 999999 -1 -1 19986 0.000184715
Chain
	Aln	0	-HG003_pb_pass4_read1746_start551500 2 19988 20000 +edge_1_0_+disjointig_1_0_999999 428502 448488 999999 -1 -1 19986 0.000184715
Chain
	Aln	1	+HG003_pb_pass4_read1747_start553500 13 19993 20000 -edge_1_0_+disjointig_1_0_999999 553512 573492 999999 -1 -1 19980 0.000215702
Chain
	Aln	0	-HG003_pb_pass4_read1747_start553500 6 19986 20000 +edge_1_0_+disjointig_1_0_999999 426506 446486 999999 -1 -1 19980 0.000215702
Chain
	Aln	1	+HG003_pb_pass4_read1748_start555500 5 19993 20000 -edge_1_0_+disjointig_1_0_999999 555504 575492 999999 -1 -1 19988 0.000271702
Chain
	Aln	0	-HG003_pb_pass4_read1748_start555500 6 19994 20000 +edge_1_0_+disjointig_1_0_999999 424506 444494 999999 -1 -1 19988 0.000271702
Chain
	Aln	1	+HG003_pb_pass4_read1749_start557500 8 19997 20000 -edge_1_0_+disjointig_1_0_999999 557507 577496 999999 -1 -1 19989 0.000355862
Chain
	Aln	0	-HG003_pb_pass4_read1749_start557500 2 19991 20000 +edge_1_0_+disjointig_1_0_999999 422502 442491 999999 -1 -1 19989 0.000355862
Chain
	Aln	1	+HG003_pb_pass4_read1750_start559500 16 19994 20000 -edge_1_0_+disjointig_1_0_999999 559515 579493 999999 -1 -1 19978 0.000307233
Chain
	Aln	0	-HG003_pb_pass4_read1750_start559500 5 19983 20000 +edge_1_0_+disjointig_1_0_999999 420505 440483 999999 -1 -1 19978 0.000307233
Chain
	Aln	1	+HG003_pb_pass4_read1751_start561500 10 19996 20000 -edge_1_0_+disjointig_1_0_999999 561509 581495 999999 -1 -1 19986 0.000136106
Chain
	Aln	0	-HG003_pb_pass4_read1751_start561500 3 19989 20000 +edge_1_0_+disjointig_1_0_999999 418503 438489 999999 -1 -1 19986 0.000136106
Chain
	Aln	1	+HG003_pb_pass4_read1752_start563500 11 19991 20000 -edge_1_0_+disjointig_1_0_999999 563510 583490 999999 -1 -1 19980 0.000118452
Chain
	Aln	0	-HG003_pb_pass4_read1752_start563500 8 19988 20000 +edge_1_0_+disjointig_1_0_999999 416508 436488 999999 -1 -1 19980 0.000118452
Chain
	Aln	1	+HG003_pb_pass4_read1753_start565500 6 19992 20000 -edge_1_0_+disjointig_1_0_999999 565505 585491 999999 -1 -1 19986 0.00016851
Chain
	Aln	0	-HG003_pb_pass4_read1753_start565500 7 19993 20000 +edge_1_0_+disjointig_1_0_999999 414507 434493 999999 -1 -1 19986 0.00016851
Chain
	Aln	1	+HG003_pb_pass4_read1754_start567500 3 19997 20000 -edge_1_0_+disjointig_1_0_999999 567502 587496 999999 -1 -1 19994 0
Chain
	Aln	0	-HG003_pb_pass4_read1754_start567500 2 19996 20000 +edge_1_0_+disjointig_1_0_999999 412502 432496 999999 -1 -1 19994 0
Chain
	Aln	1	+HG003_pb_pass4_read1755_start569500 12 19995 20000 -edge_1_0_+disjointig_1_0_999999 569511 589494 999999 -1 -1 19983 0
Chain
	Aln	0	-HG003_pb_pass4_read1755_start569500 4 19987 20000 +edge_1_0_+disjointig_1_0_999999 410504 430487 999999 -1 -1 19983 0
Chain
	Aln	1	+HG003_pb_pass4_read1756_start571500 15 19996 20000 -edge_1_0_+disjointig_1_0_999999 571514 591495 999999 -1 -1 19981 0
Chain
	Aln	0	-HG003_pb_pass4_read1756_start571500 3 19984 20000 +edge_1_0_+disjointig_1_0_999999 408503 428484 999999 -1 -1 19981 0
Chain
	Aln	1	+HG003_pb_pass4_read1757_start573500 11 19997 20000 -edge_1_0_+disjointig_1_0_999999 573510 593496 999999 -1 -1 19986 0
Chain
	Aln	0	-HG003_pb_pass4_read1757_start573500 2 19988 20000 +edge_1_0_+disjointig_1_0_999999 406502 426488 999999 -1 -1 19986 0
Chain
	Aln	1	+HG003_pb_pass4_read1758_start575500 5 19989 20000 -edge_1_0_+disjointig_1_0_999999 575504 595488 999999 -1 -1 19984 0
Chain
	Aln	0	-HG003_pb_pass4_read1758_start575500 10 19994 20000 +edge_1_0_+disjointig_1_0_999999 404510 424494 999999 -1 -1 19984 0
Chain
	Aln	1	+HG003_pb_pass4_read1759_start577500 11 19997 20000 -edge_1_0_+disjointig_1_0_999999 577510 597496 999999 -1 -1 19986 0
Chain
	Aln	0	-HG003_pb_pass4_read1759_start577500 2 19988 20000 +edge_1_0_+disjointig_1_0_999999 402502 422488 999999 -1 -1 19986 0
Chain
	Aln	1	+HG003_pb_pass4_read1760_start579500 13 19996 20000 -edge_1_0_+disjointig_1_0_999999 579512 599495 999999 -1 -1 19983 0
Chain
	Aln	0	-HG003_pb_pass4_read1760_start579500 3 19986 20000 +edge_1_0_+disjointig_1_0_999999 400503 420486 999999 -1 -1 19983 0
Chain
	Aln	1	+HG003_pb_pass4_read1761_start581500 11 19998 20000 -edge_1_0_+disjointig_1_0_999999 581510 601497 999999 -1 -1 19987 0
Chain
	Aln	0	-HG003_pb_pass4_read1761_start581500 1 19988 20000 +edge_1_0_+disjointig_1_0_999999 398501 418488 999999 -1 -1 19987 0
Chain
	Aln	1	+HG003_pb_pass4_read1762_start583500 10 19993 20000 -edge_1_0_+disjointig_1_0_999999 583509 603492 999999 -1 -1 19983 0
Chain
	Aln	0	-HG003_pb_pass4_read1762_start583500 6 19989 20000 +edge_1_0_+disjointig_1_0_999999 396506 416489 999999 -1 -1 19983 0
Chain
	Aln	1	+HG003_pb_pass4_read1763_start585500 6 19997 20000 -edge_1_0_+disjointig_1_0_999999 585505 605496 999999 -1 -1 19991 0
Chain
	Aln	0	-HG003_pb_pass4_read1763_start585500 2 19993 20000 +edge_1_0_+disjointig_1_0_999999 394502 414493 999999 -1 -1 19991 0
Chain
	Aln	1	+HG003_pb_pass4_read1764_start587500 10 19997 20000 -edge_1_0_+disjointig_1_0_999999 587509 607496 999999 -1 -1 19987 0
Chain
	Aln	0	-HG003_pb_pass4_read1764_start587500 2 19989 20000 +edge_1_0_+disjointig_1_0_999999 392502 412489 999999 -1 -1 19987 0
Chain
	Aln	1	+HG003_pb_pass4_read1765_start589500 7 19995 20000 -edge_1_0_+disjointig_1_0_999999 589506 609494 999999 -1 -1 19988 0.000499395
Chain
	Aln	0	-HG003_pb_pass4_read1765_start589500 4 19992 20000 +edge_1_0_+disjointig_1_0_999999 390504 410492 999999 -1 -1 19988 0.000499395
Chain
	Aln	1	+HG003_pb_pass4_read1766_start591500 8 19997 20000 -edge_1_0_+disjointig_1_0_999999 591507 611496 999999 -1 -1 19989 0.000323366
Chain
	Aln	0	-HG003_pb_pass4_read1766_start591500 2 19991 20000 +edge_1_0_+disjointig_1_0_999999 388502 408491 999999 -1 -1 19989 0.000323366
Chain
	Aln	1	+HG003_pb_pass4_read1767_start593500 14 19989 20000 -edge_1_0_+disjointig_1_0_999999 593513 613488 999999 -1 -1 19975 7.1342e-05
Chain
	Aln	0	-HG003_pb_pass4_read1767_start593500 10 19985 20000 +edge_1_0_+disjointig_1_0_999999 386510 406485 999999 -1 -1 19975 7.1342e-05
Chain
	Aln	1	+HG003_pb_pass4_read1768_start595500 4 19998 20000 -edge_1_0_+disjointig_1_0_999999 595503 615497 999999 -1 -1 19994 0
Chain
	Aln	0	-HG003_pb_pass4_read1768_start595500 1 19995 20000 +edge_1_0_+disjointig_1_0_999999 384501 404495 999999 -1 -1 19994 0
Chain
	Aln	1	+HG003_pb_pass4_read1769_start597500 7 19997 20000 -edge_1_0_+disjointig_1_0_999999 597506 617496 999999 -1 -1 19990 1.84605e-05
Chain
	Aln	0	-HG003_pb_pass4_read1769_start597500 2 19992 20000 +edge_1_0_+disjointig_1_0_999999 382502 402492 999999 -1 -1 19990 1.84605e-05
Chain
	Aln	1	+HG003_pb_pass4_read1771_start601500 10 19994 20000 -edge_1_0_+disjointig_1_0_999999 601509 621493 999999 -1 -1 19984 0
Chain
	Aln	0	-HG003_pb_pass4_read1771_start601500 5 19989 20000 +edge_1_0_+disjointig_1_0_999999 378505 398489 999999 -1 -1 19984 0
Chain
	Aln	1	+HG003_pb_pass4_read1770_start599500 6 19993 20000 -edge_1_0_+disjointig_1_0_999999 599505 619492 999999 -1 -1 19987 0
Chain
	Aln	0	-HG003_pb_pass4_read1770_start599500 6 19993 20000 +edge_1_0_+disjointig_1_0_999999 380506 400493 999999 -1 -1 19987 0
Chain
	Aln	1	+HG003_pb_pass4_read1772_start603500 3 19995 20000 -edge_1_0_+disjointig_1_0_999999 603502 623494 999999 -1 -1 19992 0
Chain
	Aln	0	-HG003_pb_pass4_read1772_start603500 4 19996 20000 +edge_1_0_+disjointig_1_0_999999 376504 396496 999999 -1 -1 19992 0
Chain
	Aln	1	+HG003_pb_pass4_read1773_start605500 6 19997 20000 -edge_1_0_+disjointig_1_0_999999 605505 625496 999999 -1 -1 19991 0.000102256
Chain
	Aln	0	-HG003_pb_pass4_read1773_start605500 2 19993 20000 +edge_1_0_+disjointig_1_0_999999 374502 394493 999999 -1 -1 19991 0.000102256
Chain
	Aln	1	+HG003_pb_pass4_read1774_start607500 7 19998 20000 -edge_1_0_+disjointig_1_0_999999 607506 627497 999999 -1 -1 19991 0.000231853
Chain
	Aln	0	-HG003_pb_pass4_read1774_start607500 1 19992 20000 +edge_1_0_+disjointig_1_0_999999 372501 392492 999999 -1 -1 19991 0.000231853
Chain
	Aln	1	+HG003_pb_pass4_read1775_start609500 7 19992 20000 -edge_1_0_+disjointig_1_0_999999 609506 629491 999999 -1 -1 19985 0.000230421
Chain
	Aln	0	-HG003_pb_pass4_read1775_start609500 7 19992 20000 +edge_1_0_+disjointig_1_0_999999 370507 390492 999999 -1 -1 19985 0.000230421
Chain
	Aln	1	+HG003_pb_pass4_read1776_start611500 10 19997 20000 -edge_1_0_+disjointig_1_0_999999 611509 631496 999999 -1 -1 19987 0.000398754
Chain
	Aln	0	-HG003_pb_pass4_read1776_start611500 2 19989 20000 +edge_1_0_+disjointig_1_0_999999 368502 388489 999999 -1 -1 19987 0.000398754
Chain
	Aln	1	+HG003_pb_pass4_read1777_start613500 5 19994 20000 -edge_1_0_+disjointig_1_0_999999 613504 633493 999999 -1 -1 19989 0.000420912
Chain
	Aln	0	-HG003_pb_pass4_read1777_start613500 5 19994 20000 +edge_1_0_+disjointig_1_0_999999 366505 386494 999999 -1 -1 19989 0.000420912
Chain
	Aln	1	+HG003_pb_pass4_read1778_start615500 15 19995 20000 -edge_1_0_+disjointig_1_0_999999 615514 635494 999999 -1 -1 19980 0.000459547
Chain
	Aln	0	-HG003_pb_pass4_read1778_start615500 4 19984 20000 +edge_1_0_+disjointig_1_0_999999 364504 384484 999999 -1 -1 19980 0.000459547
Chain
	Aln	1	+HG003_pb_pass4_read1780_start619500 2 19996 20000 -edge_1_0_+disjointig_1_0_999999 619501 639495 999999 -1 -1 19994 7.87236e-05
Chain
	Aln	0	-HG003_pb_pass4_read1780_start619500 3 19997 20000 +edge_1_0_+disjointig_1_0_999999 360503 380497 999999 -1 -1 19994 7.87236e-05
Chain
	Aln	1	+HG003_pb_pass4_read1779_start617500 4 19996 20000 -edge_1_0_+disjointig_1_0_999999 617503 637495 999999 -1 -1 19992 0.000186169
Chain
	Aln	0	-HG003_pb_pass4_read1779_start617500 3 19995 20000 +edge_1_0_+disjointig_1_0_999999 362503 382495 999999 -1 -1 19992 0.000186169
Chain
	Aln	1	+HG003_pb_pass4_read1781_start621500 7 19997 20000 -edge_1_0_+disjointig_1_0_999999 621506 641496 999999 -1 -1 19990 0
Chain
	Aln	0	-HG003_pb_pass4_read1781_start621500 2 19992 20000 +edge_1_0_+disjointig_1_0_999999 358502 378492 999999 -1 -1 19990 0
Chain
	Aln	1	+HG003_pb_pass4_read1782_start623500 7 19997 20000 -edge_1_0_+disjointig_1_0_999999 623506 643496 999999 -1 -1 19990 2.29999e-06
Chain
	Aln	0	-HG003_pb_pass4_read1782_start623500 2 19992 20000 +edge_1_0_+disjointig_1_0_999999 356502 376492 999999 -1 -1 19990 2.29999e-06
Chain
	Aln	1	+HG003_pb_pass4_read1783_start625500 13 19995 20000 -edge_1_0_+disjointig_1_0_999999 625512 645494 999999 -1 -1 19982 0
Chain
	Aln	0	-HG003_pb_pass4_read1783_start625500 4 19986 20000 +edge_1_0_+disjointig_1_0_999999 354504 374486 999999 -1 -1 19982 0
Chain
	Aln	1	+HG003_pb_pass4_read1784_start627500 8 19996 20000 -edge_1_0_+disjointig_1_0_999999 627507 647495 999999 -1 -1 19988 0
Chain
	Aln	0	-HG003_pb_pass4_read1784_start627500 3 19991 20000 +edge_1_0_+disjointig_1_0_999999 352503 372491 999999 -1 -1 19988 0
Chain
	Aln	1	+HG003_pb_pass4_read1785_start629500 3 19994 20000 -edge_1_0_+disjointig_1_0_999999 629502 649493 999999 -1 -1 19991 0
Chain
	Aln	0	-HG003_pb_pass4_read1785_start629500 5 19996 20000 +edge_1_0_+disjointig_1_0_999999 350505 370496 999999 -1 -1 19991 0
Chain
	Aln	1	+HG003_pb_pass4_read1786_start631500 6 19995 20000 -edge_1_0_+disjointig_1_0_999999 631505 651494 999999 -1 -1 19989 0
Chain
	Aln	0	-HG003_pb_pass4_read1786_start631500 4 19993 20000 +edge_1_0_+disjointig_1_0_999999 348504 368493 999999 -1 -1 19989 0
Chain
	Aln	1	+HG003_pb_pass4_read1787_start633500 11 19998 20000 -edge_1_0_+disjointig_1_0_999999 633510 653497 999999 -1 -1 19987 0
Chain
	Aln	0	-HG003_pb_pass4_read1787_start633500 1 19988 20000 +edge_1_0_+disjointig_1_0_999999 346501 366488 999999 -1 -1 19987 0
Chain
	Aln	1	+HG003_pb_pass4_read1788_start635500 1 19994 20000 -edge_1_0_+disjointig_1_0_999999 635500 655493 999999 -1 -1 19993 0
Chain
	Aln	0	-HG003_pb_pass4_read1788_start635500 5 19998 20000 +edge_1_0_+disjointig_1_0_999999 344505 364498 999999 -1 -1 19993 0
Chain
	Aln	1	+HG003_pb_pass4_read1789_start637500 2 19992 20000 -edge_1_0_+disjointig_1_0_999999 637501 657491 999999 -1 -1 19990 0
Chain
	Aln	0	-HG003_pb_pass4_read1789_start637500 7 19997 20000 +edge_1_0_+disjointig_1_0_999999 342507 362497 999999 -1 -1 19990 0
Chain
	Aln	1	+HG003_pb_pass4_read1790_start639500 8 19998 20000 -edge_1_0_+disjointig_1_0_999999 639507 659497 999999 -1 -1 19990 0
Chain
	Aln	0	-HG003_pb_pass4_read1790_start639500 1 19991 20000 +edge_1_0_+disjointig_1_0_999999 340501 360491 999999 -1 -1 19990 0
Chain
	Aln	1	+HG003_pb_pass4_read1791_start641500 10 19997 20000 -edge_1_0_+disjointig_1_0_999999 641509 661496 999999 -1 -1 19987 0
Chain
	Aln	0	-HG003_pb_pass4_read1791_start641500 2 19989 20000 +edge_1_0_+disjointig_1_0_999999 338502 358489 999999 -1 -1 19987 0
Chain
	Aln	1	+HG003_pb_pass4_read1792_start643500 10 19996 20000 -edge_1_0_+disjointig_1_0_999999 643509 663495 999999 -1 -1 19986 0
Chain
	Aln	0	-HG003_pb_pass4_read1792_start643500 3 19989 20000 +edge_1_0_+disjointig_1_0_999999 336503 356489 999999 -1 -1 19986 0
Chain
	Aln	1	+HG003_pb_pass4_read1793_start645500 16 19993 20000 -edge_1_0_+disjointig_1_0_999999 645515 665492 999999 -1 -1 19977 0
Chain
	Aln	0	-HG003_pb_pass4_read1793_start645500 6 19983 20000 +edge_1_0_+disjointig_1_0_999999 334506 354483 999999 -1 -1 19977 0
Chain
	Aln	1	+HG003_pb_pass4_read1794_start647500 4 19997 20000 -edge_1_0_+disjointig_1_0_999999 647503 667496 999999 -1 -1 19993 0
Chain
	Aln	0	-HG003_pb_pass4_read1794_start647500 2 19995 20000 +edge_1_0_+disjointig_1_0_999999 332502 352495 999999 -1 -1 19993 0
Chain
	Aln	1	+HG003_pb_pass4_read1795_start649500 8 19996 20000 -edge_1_0_+disjointig_1_0_999999 649507 669495 999999 -1 -1 19988 0
Chain
	Aln	0	-HG003_pb_pass4_read1795_start649500 3 19991 20000 +edge_1_0_+disjointig_1_0_999999 330503 350491 999999 -1 -1 19988 0
Chain
	Aln	1	+HG003_pb_pass4_read1796_start651500 10 19996 20000 -edge_1_0_+disjointig_1_0_999999 651509 671495 999999 -1 -1 19986 0
Chain
	Aln	0	-HG003_pb_pass4_read1796_start651500 3 19989 20000 +edge_1_0_+disjointig_1_0_999999 328503 348489 999999 -1 -1 19986 0
Chain
	Aln	1	+HG003_pb_pass4_read1797_start653500 6 19995 20000 -edge_1_0_+disjointig_1_0_999999 653505 673494 999999 -1 -1 19989 0.000193544
Chain
	Aln	0	-HG003_pb_pass4_read1797_start653500 4 19993 20000 +edge_1_0_+disjointig_1_0_999999 326504 346493 999999 -1 -1 19989 0.000193544
Chain
	Aln	1	+HG003_pb_pass4_read1798_start655500 8 19992 20000 -edge_1_0_+disjointig_1_0_999999 655507 675491 999999 -1 -1 19984 0.000259932
Chain
	Aln	0	-HG003_pb_pass4_read1798_start655500 7 19991 20000 +edge_1_0_+disjointig_1_0_999999 324507 344491 999999 -1 -1 19984 0.000259932
Chain
	Aln	1	+HG003_pb_pass4_read1799_start657500 11 19998 20000 -edge_1_0_+disjointig_1_0_999999 657510 677497 999999 -1 -1 19987 0.000252531
Chain
	Aln	0	-HG003_pb_pass4_read1799_start657500 1 19988 20000 +edge_1_0_+disjointig_1_0_999999 322501 342488 999999 -1 -1 19987 0.000252531
Chain
	Aln	1	+HG003_pb_pass4_read1800_start659500 11 19992 20000 -edge_1_0_+disjointig_1_0_999999 659510 679491 999999 -1 -1 19981 0.000413643
Chain
	Aln	0	-HG003_pb_pass4_read1800_start659500 7 19988 20000 +edge_1_0_+disjointig_1_0_999999 320507 340488 999999 -1 -1 19981 0.000413643
Chain
	Aln	1	+HG003_pb_pass4_read1801_start661500 3 19998 20000 -edge_1_0_+disjointig_1_0_999999 661502 681497 999999 -1 -1 19995 0.000341014
Chain
	Aln	0	-HG003_pb_pass4_read1801_start661500 1 19996 20000 +edge_1_0_+disjointig_1_0_999999 318501 338496 999999 -1 -1 19995 0.000341014
Chain
	Aln	1	+HG003_pb_pass4_read1802_start663500 12 19992 20000 -edge_1_0_+disjointig_1_0_999999 663511 683491 999999 -1 -1 19980 5.36968e-05
Chain
	Aln	0	-HG003_pb_pass4_read1802_start663500 7 19987 20000 +edge_1_0_+disjointig_1_0_999999 316507 336487 999999 -1 -1 19980 5.36968e-05
Chain
	Aln	1	+HG003_pb_pass4_read1803_start665500 16 19998 20000 -edge_1_0_+disjointig_1_0_999999 665515 685497 999999 -1 -1 19982 0.000189154
Chain
	Aln	0	-HG003_pb_pass4_read1803_start665500 1 19983 20000 +edge_1_0_+disjointig_1_0_999999 314501 334483 999999 -1 -1 19982 0.000189154
Chain
	Aln	1	+HG003_pb_pass4_read1804_start667500 3 19998 20000 -edge_1_0_+disjointig_1_0_999999 667502 687497 999999 -1 -1 19995 8.16648e-05
Chain
	Aln	0	-HG003_pb_pass4_read1804_start667500 1 19996 20000 +edge_1_0_+disjointig_1_0_999999 312501 332496 999999 -1 -1 19995 8.16648e-05
Chain
	Aln	1	+HG003_pb_pass4_read1805_start669500 5 19995 20000 -edge_1_0_+disjointig_1_0_999999 669504 689494 999999 -1 -1 19990 1.84605e-05
Chain
	Aln	0	-HG003_pb_pass4_read1805_start669500 4 19994 20000 +edge_1_0_+disjointig_1_0_999999 310504 330494 999999 -1 -1 19990 1.84605e-05
Chain
	Aln	1	+HG003_pb_pass4_read1806_start671500 16 19994 20000 -edge_1_0_+disjointig_1_0_999999 671515 691493 999999 -1 -1 19978 0
Chain
	Aln	0	-HG003_pb_pass4_read1806_start671500 5 19983 20000 +edge_1_0_+disjointig_1_0_999999 308505 328483 999999 -1 -1 19978 0
Chain
	Aln	1	+HG003_pb_pass4_read1807_start673500 10 19997 20000 -edge_1_0_+disjointig_1_0_999999 673509 693496 999999 -1 -1 19987 0
Chain
	Aln	0	-HG003_pb_pass4_read1807_start673500 2 19989 20000 +edge_1_0_+disjointig_1_0_999999 306502 326489 999999 -1 -1 19987 0
Chain
	Aln	1	+HG003_pb_pass4_read1808_start675500 16 19995 20000 -edge_1_0_+disjointig_1_0_999999 675515 695494 999999 -1 -1 19979 0
Chain
	Aln	0	-HG003_pb_pass4_read1808_start675500 4 19983 20000 +edge_1_0_+disjointig_1_0_999999 304504 324483 999999 -1 -1 19979 0
Chain
	Aln	1	+HG003_pb_pass4_read1809_start677500 10 19997 20000 -edge_1_0_+disjointig_1_0_999999 677509 697496 999999 -1 -1 19987 0
Chain
	Aln	0	-HG003_pb_pass4_read1809_start677500 2 19989 20000 +edge_1_0_+disjointig_1_0_999999 302502 322489 999999 -1 -1 19987 0
Chain
	Aln	1	+HG003_pb_pass4_read1810_start679500 4 19994 20000 -edge_1_0_+disjointig_1_0_999999 679503 699493 999999 -1 -1 19990 0
Chain
	Aln	0	-HG003_pb_pass4_read1810_start679500 5 19995 20000 +edge_1_0_+disjointig_1_0_999999 300505 320495 999999 -1 -1 19990 0
Chain
	Aln	1	+HG003_pb_pass4_read1811_start681500 11 19996 20000 -edge_1_0_+disjointig_1_0_999999 681510 701495 999999 -1 -1 19985 0
Chain
	Aln	0	-HG003_pb_pass4_read1811_start681500 3 19988 20000 +edge_1_0_+disjointig_1_0_999999 298503 318488 999999 -1 -1 19985 0
Chain
	Aln	1	+HG003_pb_pass4_read1812_start683500 10 19989 20000 -edge_1_0_+disjointig_1_0_999999 683509 703488 999999 -1 -1 19979 0.000180318
Chain
	Aln	0	-HG003_pb_pass4_read1812_start683500 10 19989 20000 +edge_1_0_+disjointig_1_0_999999 296510 316489 999999 -1 -1 19979 0.000180318
Chain
	Aln	1	+HG003_pb_pass4_read1813_start685500 9 19996 20000 -edge_1_0_+disjointig_1_0_999999 685508 705495 999999 -1 -1 19987 0.000220083
Chain
	Aln	0	-HG003_pb_pass4_read1813_start685500 3 19990 20000 +edge_1_0_+disjointig_1_0_999999 294503 314490 999999 -1 -1 19987 0.000220083
Chain
	Aln	1	+HG003_pb_pass4_read1814_start687500 1 19996 20000 -edge_1_0_+disjointig_1_0_999999 687500 707495 999999 -1 -1 19995 0.000114022
Chain
	Aln	0	-HG003_pb_pass4_read1814_start687500 3 19998 20000 +edge_1_0_+disjointig_1_0_999999 292503 312498 999999 -1 -1 19995 0.000114022
Chain
	Aln	1	+HG003_pb_pass4_read1815_start689500 12 19993 20000 -edge_1_0_+disjointig_1_0_999999 689511 709492 999999 -1 -1 19981 0.000202426
Chain
	Aln	0	-HG003_pb_pass4_read1815_start689500 6 19987 20000 +edge_1_0_+disjointig_1_0_999999 290506 310487 999999 -1 -1 19981 0.000202426
Chain
	Aln	1	+HG003_pb_pass4_read1816_start691500 11 19996 20000 -edge_1_0_+disjointig_1_0_999999 691510 711495 999999 -1 -1 19985 0.000116975
Chain
	Aln	0	-HG003_pb_pass4_read1816_start691500 3 19988 20000 +edge_1_0_+disjointig_1_0_999999 288503 308488 999999 -1 -1 19985 0.000116975
Chain
	Aln	1	+HG003_pb_pass4_read1817_start693500 14 19998 20000 -edge_1_0_+disjointig_1_0_999999 693513 713497 999999 -1 -1 19984 0.000259932
Chain
	Aln	0	-HG003_pb_pass4_read1817_start693500 1 19985 20000 +edge_1_0_+disjointig_1_0_999999 286501 306485 999999 -1 -1 19984 0.000259932
Chain
	Aln	1	+HG003_pb_pass4_read1818_start695500 12 19997 20000 -edge_1_0_+disjointig_1_0_999999 695511 715496 999999 -1 -1 19985 0.000295345
Chain
	Aln	0	-HG003_pb_pass4_read1818_start695500 2 19987 20000 +edge_1_0_+disjointig_1_0_999999 284502 304487 999999 -1 -1 19985 0.000295345
Chain
	Aln	1	+HG003_pb_pass4_read1819_start697500 9 19995 20000 -edge_1_0_+disjointig_1_0_999999 697508 717494 999999 -1 -1 19986 0.000249592
Chain
	Aln	0	-HG003_pb_pass4_read1819_start697500 4 19990 20000 +edge_1_0_+disjointig_1_0_999999 282504 302490 999999 -1 -1 19986 0.000249592
Chain
	Aln	1	+HG003_pb_pass4_read1820_start699500 8 19994 20000 -edge_1_0_+disjointig_1_0_999999 699507 719493 999999 -1 -1 19986 3.90106e-05
Chain
	Aln	0	-HG003_pb_pass4_read1820_start699500 5 19991 20000 +edge_1_0_+disjointig_1_0_999999 280505 300491 999999 -1 -1 19986 3.90106e-05
Chain
	Aln	1	+HG003_pb_pass4_read1821_start701500 12 19993 20000 -edge_1_0_+disjointig_1_0_999999 701511 721492 999999 -1 -1 19981 0.000105196
Chain
	Aln	0	-HG003_pb_pass4_read1821_start701500 6 19987 20000 +edge_1_0_+disjointig_1_0_999999 278506 298487 999999 -1 -1 19981 0.000105196
Chain
	Aln	1	+HG003_pb_pass4_read1822_start703500 8 19995 20000 -edge_1_0_+disjointig_1_0_999999 703507 723494 999999 -1 -1 19987 0.000203866
Chain
	Aln	0	-HG003_pb_pass4_read1822_start703500 4 19991 20000 +edge_1_0_+disjointig_1_0_999999 276504 296491 999999 -1 -1 19987 0.000203866
Chain
	Aln	1	+HG003_pb_pass4_read1823_start705500 15 19998 20000 -edge_1_0_+disjointig_1_0_999999 705514 725497 999999 -1 -1 19983 0.00020831
Chain
	Aln	0	-HG003_pb_pass4_read1823_start705500 1 19984 20000 +edge_1_0_+disjointig_1_0_999999 274501 294484 999999 -1 -1 19983 0.00020831
Chain
	Aln	1	+HG003_pb_pass4_read1824_start707500 7 19994 20000 -edge_1_0_+disjointig_1_0_999999 707506 727493 999999 -1 -1 19987 0.000349972
Chain
	Aln	0	-HG003_pb_pass4_read1824_start707500 5 19992 20000 +edge_1_0_+disjointig_1_0_999999 272505 292492 999999 -1 -1 19987 0.000349972
Chain
	Aln	1	+HG003_pb_pass4_read1825_start709500 12 19995 20000 -edge_1_0_+disjointig_1_0_999999 709511 729494 999999 -1 -1 19983 0.000192097
Chain
	Aln	0	-HG003_pb_pass4_read1825_start709500 4 19987 20000 +edge_1_0_+disjointig_1_0_999999 270504 290487 999999 -1 -1 19983 0.000192097
Chain
	Aln	1	+HG003_pb_pass4_read1826_start711500 6 19997 20000 -edge_1_0_+disjointig_1_0_999999 711505 731496 999999 -1 -1 19991 0.000394261
Chain
	Aln	0	-HG003_pb_pass4_read1826_start711500 2 19993 20000 +edge_1_0_+disjointig_1_0_999999 268502 288493 999999 -1 -1 19991 0.000394261
Chain
	Aln	1	+HG003_pb_pass4_read1827_start713500 5 19993 20000 -edge_1_0_+disjointig_1_0_999999 713504 733492 999999 -1 -1 19988 0.000352914
Chain
	Aln	0	-HG003_pb_pass4_read1827_start713500 6 19994 20000 +edge_1_0_+disjointig_1_0_999999 266506 286494 999999 -1 -1 19988 0.000352914
Chain
	Aln	1	+HG003_pb_pass4_read1828_start715500 4 19997 20000 -edge_1_0_+disjointig_1_0_999999 715503 735496 999999 -1 -1 19993 0.000497809
Chain
	Aln	0	-HG003_pb_pass4_read1828_start715500 2 19995 20000 +edge_1_0_+disjointig_1_0_999999 264502 284495 999999 -1 -1 19993 0.000497809
Chain
	Aln	1	+HG003_pb_pass4_read1829_start717500 11 19992 20000 -edge_1_0_+disjointig_1_0_999999 717510 737491 999999 -1 -1 19981 0.000348571
Chain
	Aln	0	-HG003_pb_pass4_read1829_start717500 7 19988 20000 +edge_1_0_+disjointig_1_0_999999 262507 282488 999999 -1 -1 19981 0.000348571
Chain
	Aln	1	+HG003_pb_pass4_read1830_start719500 16 19997 20000 -edge_1_0_+disjointig_1_0_999999 719515 739496 999999 -1 -1 19981 0.000267332
Chain
	Aln	0	-HG003_pb_pass4_read1830_start719500 2 19983 20000 +edge_1_0_+disjointig_1_0_999999 260502 280483 999999 -1 -1 19981 0.000267332
Chain
	Aln	1	+HG003_pb_pass4_read1831_start721500 13 19994 20000 -edge_1_0_+disjointig_1_0_999999 721512 741493 999999 -1 -1 19981 0.000267332
Chain
	Aln	0	-HG003_pb_pass4_read1831_start721500 5 19986 20000 +edge_1_0_+disjointig_1_0_999999 258505 278486 999999 -1 -1 19981 0.000267332
Chain
	Aln	1	+HG003_pb_pass4_read1832_start723500 13 19997 20000 -edge_1_0_+disjointig_1_0_999999 723512 743496 999999 -1 -1 19984 0.000503907
Chain
	Aln	0	-HG003_pb_pass4_read1832_start723500 2 19986 20000 +edge_1_0_+disjointig_1_0_999999 256502 276486 999999 -1 -1 19984 0.000503907
Chain
	Aln	1	+HG003_pb_pass4_read1833_start725500 11 19989 20000 -edge_1_0_+disjointig_1_0_999999 725510 745488 999999 -1 -1 19978 0.000584126
Chain
	Aln	0	-HG003_pb_pass4_read1833_start725500 10 19988 20000 +edge_1_0_+disjointig_1_0_999999 254510 274488 999999 -1 -1 19978 0.000584126
Chain
	Aln	1	+HG003_pb_pass4_read1834_start727500 9 19990 20000 -edge_1_0_+disjointig_1_0_999999 727508 747489 999999 -1 -1 19981 0.000543995
Chain
	Aln	0	-HG003_pb_pass4_read1834_start727500 9 19990 20000 +edge_1_0_+disjointig_1_0_999999 252509 272490 999999 -1 -1 19981 0.000543995
Chain
	Aln	1	+HG003_pb_pass4_read1835_start729500 13 19996 20000 -edge_1_0_+disjointig_1_0_999999 729512 749495 999999 -1 -1 19983 0.000354461
Chain
	Aln	0	-HG003_pb_pass4_read1835_start729500 3 19986 20000 +edge_1_0_+disjointig_1_0_999999 250503 270486 999999 -1 -1 19983 0.000354461
Chain
	Aln	1	+HG003_pb_pass4_read1836_start731500 1 19996 20000 -edge_1_0_+disjointig_1_0_999999 731500 751495 999999 -1 -1 19995 0.000259848
Chain
	Aln	0	-HG003_pb_pass4_read1836_start731500 3 19998 20000 +edge_1_0_+disjointig_1_0_999999 248503 268498 999999 -1 -1 19995 0.000259848
Chain
	Aln	1	+HG003_pb_pass4_read1837_start733500 8 19992 20000 -edge_1_0_+disjointig_1_0_999999 733507 753491 999999 -1 -1 19984 8.16508e-05
Chain
	Aln	0	-HG003_pb_pass4_read1837_start733500 7 19991 20000 +edge_1_0_+disjointig_1_0_999999 246507 266491 999999 -1 -1 19984 8.16508e-05
Chain
	Aln	1	+HG003_pb_pass4_read1838_start735500 3 19998 20000 -edge_1_0_+disjointig_1_0_999999 735502 755497 999999 -1 -1 19995 6.54936e-05
Chain
	Aln	0	-HG003_pb_pass4_read1838_start735500 1 19996 20000 +edge_1_0_+disjointig_1_0_999999 244501 264496 999999 -1 -1 19995 6.54936e-05
Chain
	Aln	1	+HG003_pb_pass4_read1839_start737500 11 19998 20000 -edge_1_0_+disjointig_1_0_999999 737510 757497 999999 -1 -1 19987 0.000284997
Chain
	Aln	0	-HG003_pb_pass4_read1839_start737500 1 19988 20000 +edge_1_0_+disjointig_1_0_999999 242501 262488 999999 -1 -1 19987 0.000284997
Chain
	Aln	1	+HG003_pb_pass4_read1840_start739500 12 19996 20000 -edge_1_0_+disjointig_1_0_999999 739511 759495 999999 -1 -1 19984 0.000438754
Chain
	Aln	0	-HG003_pb_pass4_read1840_start739500 3 19987 20000 +edge_1_0_+disjointig_1_0_999999 240503 260487 999999 -1 -1 19984 0.000438754
Chain
	Aln	1	+HG003_pb_pass4_read1841_start741500 8 19996 20000 -edge_1_0_+disjointig_1_0_999999 741507 761495 999999 -1 -1 19988 0.000466811
Chain
	Aln	0	-HG003_pb_pass4_read1841_start741500 3 19991 20000 +edge_1_0_+disjointig_1_0_999999 238503 258491 999999 -1 -1 19988 0.000466811
Chain
	Aln	1	+HG003_pb_pass4_read1842_start743500 8 19997 20000 -edge_1_0_+disjointig_1_0_999999 743507 763496 999999 -1 -1 19989 0.000209757
Chain
	Aln	0	-HG003_pb_pass4_read1842_start743500 2 19991 20000 +edge_1_0_+disjointig_1_0_999999 236502 256491 999999 -1 -1 19989 0.000209757
Chain
	Aln	1	+HG003_pb_pass4_read1843_start745500 4 19998 20000 -edge_1_0_+disjointig_1_0_999999 745503 765497 999999 -1 -1 19994 0.00015965
Chain
	Aln	0	-HG003_pb_pass4_read1843_start745500 1 19995 20000 +edge_1_0_+disjointig_1_0_999999 234501 254495 999999 -1 -1 19994 0.00015965
Chain
	Aln	1	+HG003_pb_pass4_read1844_start747500 9 19995 20000 -edge_1_0_+disjointig_1_0_999999 747508 767494 999999 -1 -1 19986 3.90106e-05
Chain
	Aln	0	-HG003_pb_pass4_read1844_start747500 4 19990 20000 +edge_1_0_+disjointig_1_0_999999 232504 252490 999999 -1 -1 19986 3.90106e-05
Chain
	Aln	1	+HG003_pb_pass4_read1845_start749500 8 19995 20000 -edge_1_0_+disjointig_1_0_999999 749507 769494 999999 -1 -1 19987 0.000301234
Chain
	Aln	0	-HG003_pb_pass4_read1845_start749500 4 19991 20000 +edge_1_0_+disjointig_1_0_999999 230504 250491 999999 -1 -1 19987 0.000301234
Chain
	Aln	1	+HG003_pb_pass4_read1846_start751500 13 19993 20000 -edge_1_0_+disjointig_1_0_999999 751512 771492 999999 -1 -1 19980 0.000280628
Chain
	Aln	0	-HG003_pb_pass4_read1846_start751500 6 19986 20000 +edge_1_0_+disjointig_1_0_999999 228506 248486 999999 -1 -1 19980 0.000280628
Chain
	Aln	1	+HG003_pb_pass4_read1847_start753500 3 19993 20000 -edge_1_0_+disjointig_1_0_999999 753502 773492 999999 -1 -1 19990 0.000310065
Chain
	Aln	0	-HG003_pb_pass4_read1847_start753500 6 19996 20000 +edge_1_0_+disjointig_1_0_999999 226506 246496 999999 -1 -1 19990 0.000310065
Chain
	Aln	1	+HG003_pb_pass4_read1848_start755500 7 19997 20000 -edge_1_0_+disjointig_1_0_999999 755506 775496 999999 -1 -1 19990 0.000310065
Chain
	Aln	0	-HG003_pb_pass4_read1848_start755500 2 19992 20000 +edge_1_0_+disjointig_1_0_999999 224502 244492 999999 -1 -1 19990 0.000310065
Chain
	Aln	1	+HG003_pb_pass4_read1849_start757500 10 19995 20000 -edge_1_0_+disjointig_1_0_999999 757509 777494 999999 -1 -1 19985 0.000133167
Chain
	Aln	0	-HG003_pb_pass4_read1849_start757500 4 19989 20000 +edge_1_0_+disjointig_1_0_999999 222504 242489 999999 -1 -1 19985 0.000133167
Chain
	Aln	1	+HG003_pb_pass4_read1850_start759500 11 19998 20000 -edge_1_0_+disjointig_1_0_999999 759510 779497 999999 -1 -1 19987 0.000139051
Chain
	Aln	0	-HG003_pb_pass4_read1850_start759500 1 19988 20000 +edge_1_0_+disjointig_1_0_999999 220501 240488 999999 -1 -1 19987 0.000139051
Chain
	Aln	1	+HG003_pb_pass4_read1851_start761500 3 19995 20000 -edge_1_0_+disjointig_1_0_999999 761502 781494 999999 -1 -1 19992 0.000251023
Chain
	Aln	0	-HG003_pb_pass4_read1851_start761500 4 19996 20000 +edge_1_0_+disjointig_1_0_999999 218504 238496 999999 -1 -1 19992 0.000251023
Chain
	Aln	1	+HG003_pb_pass4_read1852_start763500 16 19998 20000 -edge_1_0_+disjointig_1_0_999999 763515 783497 999999 -1 -1 19982 0
Chain
	Aln	0	-HG003_pb_pass4_read1852_start763500 1 19983 20000 +edge_1_0_+disjointig_1_0_999999 216501 236483 999999 -1 -1 19982 0
Chain
	Aln	1	+HG003_pb_pass4_read1853_start765500 8 19995 20000 -edge_1_0_+disjointig_1_0_999999 765507 785494 999999 -1 -1 19987 4.19537e-05
Chain
	Aln	0	-HG003_pb_pass4_read1853_start765500 4 19991 20000 +edge_1_0_+disjointig_1_0_999999 214504 234491 999999 -1 -1 19987 4.19537e-05
Chain
	Aln	1	+HG003_pb_pass4_read1854_start767500 5 19991 20000 -edge_1_0_+disjointig_1_0_999999 767504 787490 999999 -1 -1 19986 0.000330786
Chain
	Aln	0	-HG003_pb_pass4_read1854_start767500 8 19994 20000 +edge_1_0_+disjointig_1_0_999999 212508 232494 999999 -1 -1 19986 0.000330786
Chain
	Aln	1	+HG003_pb_pass4_read1855_start769500 13 19994 20000 -edge_1_0_+disjointig_1_0_999999 769512 789493 999999 -1 -1 19981 0.000397368
Chain
	Aln	0	-HG003_pb_pass4_read1855_start769500 5 19986 20000 +edge_1_0_+disjointig_1_0_999999 210505 230486 999999 -1 -1 19981 0.000397368
Chain
	Aln	1	+HG003_pb_pass4_read1856_start771500 7 19998 20000 -edge_1_0_+disjointig_1_0_999999 771506 791497 999999 -1 -1 19991 0.000118445
Chain
	Aln	0	-HG003_pb_pass4_read1856_start771500 1 19992 20000 +edge_1_0_+disjointig_1_0_999999 208501 228492 999999 -1 -1 19991 0.000118445
Chain
	Aln	1	+HG003_pb_pass4_read1857_start773500 6 19992 20000 -edge_1_0_+disjointig_1_0_999999 773505 793491 999999 -1 -1 19986 0.000200924
Chain
	Aln	0	-HG003_pb_pass4_read1857_start773500 7 19993 20000 +edge_1_0_+disjointig_1_0_999999 206507 226493 999999 -1 -1 19986 0.000200924
Chain
	Aln	1	+HG003_pb_pass4_read1858_start775500 11 19995 20000 -edge_1_0_+disjointig_1_0_999999 775510 795494 999999 -1 -1 19984 0.000292408
Chain
	Aln	0	-HG003_pb_pass4_read1858_start775500 4 19988 20000 +edge_1_0_+disjointig_1_0_999999 204504 224488 999999 -1 -1 19984 0.000292408
Chain
	Aln	1	+HG003_pb_pass4_read1859_start777500 17 19994 20000 -edge_1_0_+disjointig_1_0_999999 777516 797493 999999 -1 -1 19977 0.00028804
Chain
	Aln	0	-HG003_pb_pass4_read1859_start777500 5 19982 20000 +edge_1_0_+disjointig_1_0_999999 202505 222482 999999 -1 -1 19977 0.00028804
Chain
	Aln	1	+HG003_pb_pass4_read1860_start779500 11 19996 20000 -edge_1_0_+disjointig_1_0_999999 779510 799495 999999 -1 -1 19985 0.000197982
Chain
	Aln	0	-HG003_pb_pass4_read1860_start779500 3 19988 20000 +edge_1_0_+disjointig_1_0_999999 200503 220488 999999 -1 -1 19985 0.000197982
Chain
	Aln	1	+HG003_pb_pass4_read1861_start781500 4 19997 20000 -edge_1_0_+disjointig_1_0_999999 781503 801496 999999 -1 -1 19993 0.000253963
Chain
	Aln	0	-HG003_pb_pass4_read1861_start781500 2 19995 20000 +edge_1_0_+disjointig_1_0_999999 198502 218495 999999 -1 -1 19993 0.000253963
Chain
	Aln	1	+HG003_pb_pass4_read1862_start783500 12 19997 20000 -edge_1_0_+disjointig_1_0_999999 783511 803496 999999 -1 -1 19985 0.000425417
Chain
	Aln	0	-HG003_pb_pass4_read1862_start783500 2 19987 20000 +edge_1_0_+disjointig_1_0_999999 196502 216487 999999 -1 -1 19985 0.000425417
Chain
	Aln	1	+HG003_pb_pass4_read1863_start785500 3 19996 20000 -edge_1_0_+disjointig_1_0_999999 785502 805495 999999 -1 -1 19993 0.000400147
Chain
	Aln	0	-HG003_pb_pass4_read1863_start785500 3 19996 20000 +edge_1_0_+disjointig_1_0_999999 194503 214496 999999 -1 -1 19993 0.000400147
Chain
	Aln	1	+HG003_pb_pass4_read1864_start787500 19 19993 20000 -edge_1_0_+disjointig_1_0_999999 787518 807492 999999 -1 -1 19974 3.60322e-05
Chain
	Aln	0	-HG003_pb_pass4_read1864_start787500 6 19980 20000 +edge_1_0_+disjointig_1_0_999999 192506 212480 999999 -1 -1 19974 3.60322e-05
Chain
	Aln	1	+HG003_pb_pass4_read1865_start789500 0 19998 20000 -edge_1_0_+disjointig_1_0_999999 789499 809497 999999 -1 -1 19998 7.43186e-05
Chain
	Aln	0	-HG003_pb_pass4_read1865_start789500 1 19999 20000 +edge_1_0_+disjointig_1_0_999999 190501 210499 999999 -1 -1 19998 7.43186e-05
Chain
	Aln	1	+HG003_pb_pass4_read1866_start791500 1 19995 20000 -edge_1_0_+disjointig_1_0_999999 791500 811494 999999 -1 -1 19994 6.25516e-05
Chain
	Aln	0	-HG003_pb_pass4_read1866_start791500 4 19998 20000 +edge_1_0_+disjointig_1_0_999999 188504 208498 999999 -1 -1 19994 6.25516e-05
Chain
	Aln	1	+HG003_pb_pass4_read1867_start793500 9 19994 20000 -edge_1_0_+disjointig_1_0_999999 793508 813493 999999 -1 -1 19985 8.45988e-05
Chain
	Aln	0	-HG003_pb_pass4_read1867_start793500 5 19990 20000 +edge_1_0_+disjointig_1_0_999999 186505 206490 999999 -1 -1 19985 8.45988e-05
Chain
	Aln	1	+HG003_pb_pass4_read1868_start795500 4 19997 20000 -edge_1_0_+disjointig_1_0_999999 795503 815496 999999 -1 -1 19993 0
Chain
	Aln	0	-HG003_pb_pass4_read1868_start795500 2 19995 20000 +edge_1_0_+disjointig_1_0_999999 184502 204495 999999 -1 -1 19993 0
Chain
	Aln	1	+HG003_pb_pass4_read1869_start797500 3 19996 20000 -edge_1_0_+disjointig_1_0_999999 797502 817495 999999 -1 -1 19993 0
Chain
	Aln	0	-HG003_pb_pass4_read1869_start797500 3 19996 20000 +edge_1_0_+disjointig_1_0_999999 182503 202496 999999 -1 -1 19993 0
Chain
	Aln	1	+HG003_pb_pass4_read1870_start799500 1 19997 20000 -edge_1_0_+disjointig_1_0_999999 799500 819496 999999 -1 -1 19996 3.61093e-05
Chain
	Aln	0	-HG003_pb_pass4_read1870_start799500 2 19998 20000 +edge_1_0_+disjointig_1_0_999999 180502 200498 999999 -1 -1 19996 3.61093e-05
Chain
	Aln	1	+HG003_pb_pass4_read1871_start801500 2 19995 20000 -edge_1_0_+disjointig_1_0_999999 801501 821494 999999 -1 -1 19993 0
Chain
	Aln	0	-HG003_pb_pass4_read1871_start801500 4 19997 20000 +edge_1_0_+disjointig_1_0_999999 178504 198497 999999 -1 -1 19993 0
Chain
	Aln	1	+HG003_pb_pass4_read1872_start803500 5 19996 20000 -edge_1_0_+disjointig_1_0_999999 803504 823495 999999 -1 -1 19991 0
Chain
	Aln	0	-HG003_pb_pass4_read1872_start803500 3 19994 20000 +edge_1_0_+disjointig_1_0_999999 176503 196494 999999 -1 -1 19991 0
Chain
	Aln	1	+HG003_pb_pass4_read1873_start805500 2 19998 20000 -edge_1_0_+disjointig_1_0_999999 805501 825497 999999 -1 -1 19996 0
Chain
	Aln	0	-HG003_pb_pass4_read1873_start805500 1 19997 20000 +edge_1_0_+disjointig_1_0_999999 174501 194497 999999 -1 -1 19996 0
Chain
	Aln	1	+HG003_pb_pass4_read1874_start807500 1 19998 20000 -edge_1_0_+disjointig_1_0_999999 807500 827497 999999 -1 -1 19997 0
Chain
	Aln	0	-HG003_pb_pass4_read1874_start807500 1 19998 20000 +edge_1_0_+disjointig_1_0_999999 172501 192498 999999 -1 -1 19997 0
Chain
	Aln	1	+HG003_pb_pass4_read1875_start809500 6 19994 20000 -edge_1_0_+disjointig_1_0_999999 809505 829493 999999 -1 -1 19988 0
Chain
	Aln	0	-HG003_pb_pass4_read1875_start809500 5 19993 20000 +edge_1_0_+disjointig_1_0_999999 170505 190493 999999 -1 -1 19988 0
Chain
	Aln	1	+HG003_pb_pass4_read1876_start811500 0 19996 20000 -edge_1_0_+disjointig_1_0_999999 811499 831495 999999 -1 -1 19996 0
Chain
	Aln	0	-HG003_pb_pass4_read1876_start811500 3 19999 20000 +edge_1_0_+disjointig_1_0_999999 168503 188499 999999 -1 -1 19996 0
Chain
	Aln	1	+HG003_pb_pass4_read1877_start813500 0 19996 20000 -edge_1_0_+disjointig_1_0_999999 813499 833495 999999 -1 -1 19996 0
Chain
	Aln	0	-HG003_pb_pass4_read1877_start813500 3 19999 20000 +edge_1_0_+disjointig_1_0_999999 166503 186499 999999 -1 -1 19996 0
Chain
	Aln	1	+HG003_pb_pass4_read1878_start815500 7 19992 20000 -edge_1_0_+disjointig_1_0_999999 815506 835491 999999 -1 -1 19985 0
Chain
	Aln	0	-HG003_pb_pass4_read1878_start815500 7 19992 20000 +edge_1_0_+disjointig_1_0_999999 164507 184492 999999 -1 -1 19985 0
Chain
	Aln	1	+HG003_pb_pass4_read1879_start817500 6 19995 20000 -edge_1_0_+disjointig_1_0_999999 817505 837494 999999 -1 -1 19989 0
Chain
	Aln	0	-HG003_pb_pass4_read1879_start817500 4 19993 20000 +edge_1_0_+disjointig_1_0_999999 162504 182493 999999 -1 -1 19989 0
Chain
	Aln	1	+HG003_pb_pass4_read1880_start819500 1 19997 20000 -edge_1_0_+disjointig_1_0_999999 819500 839496 999999 -1 -1 19996 0
Chain
	Aln	0	-HG003_pb_pass4_read1880_start819500 2 19998 20000 +edge_1_0_+disjointig_1_0_999999 160502 180498 999999 -1 -1 19996 0
Chain
	Aln	1	+HG003_pb_pass4_read1881_start821500 4 19998 20000 -edge_1_0_+disjointig_1_0_999999 821503 841497 999999 -1 -1 19994 0
Chain
	Aln	0	-HG003_pb_pass4_read1881_start821500 1 19995 20000 +edge_1_0_+disjointig_1_0_999999 158501 178495 999999 -1 -1 19994 0
Chain
	Aln	1	+HG003_pb_pass4_read1882_start823500 0 19990 20000 -edge_1_0_+disjointig_1_0_999999 823499 843489 999999 -1 -1 19990 0
Chain
	Aln	0	-HG003_pb_pass4_read1882_start823500 9 19999 20000 +edge_1_0_+disjointig_1_0_999999 156509 176499 999999 -1 -1 19990 0
Chain
	Aln	1	+HG003_pb_pass4_read1883_start825500 3 19991 20000 -edge_1_0_+disjointig_1_0_999999 825502 845490 999999 -1 -1 19988 0
Chain
	Aln	0	-HG003_pb_pass4_read1883_start825500 8 19996 20000 +edge_1_0_+disjointig_1_0_999999 154508 174496 999999 -1 -1 19988 0
Chain
	Aln	1	+HG003_pb_pass4_read1884_start827500 3 19993 20000 -edge_1_0_+disjointig_1_0_999999 827502 847492 999999 -1 -1 19990 0
Chain
	Aln	0	-HG003_pb_pass4_read1884_start827500 6 19996 20000 +edge_1_0_+disjointig_1_0_999999 152506 172496 999999 -1 -1 19990 0
Chain
	Aln	1	+HG003_pb_pass4_read1885_start829500 5 19997 20000 -edge_1_0_+disjointig_1_0_999999 829504 849496 999999 -1 -1 19992 0
Chain
	Aln	0	-HG003_pb_pass4_read1885_start829500 2 19994 20000 +edge_1_0_+disjointig_1_0_999999 150502 170494 999999 -1 -1 19992 0
Chain
	Aln	1	+HG003_pb_pass4_read1886_start831500 11 19997 20000 -edge_1_0_+disjointig_1_0_999999 831510 851496 999999 -1 -1 19986 0
Chain
	Aln	0	-HG003_pb_pass4_read1886_start831500 2 19988 20000 +edge_1_0_+disjointig_1_0_999999 148502 168488 999999 -1 -1 19986 0
Chain
	Aln	1	+HG003_pb_pass4_read1887_start833500 5 19995 20000 -edge_1_0_+disjointig_1_0_999999 833504 853494 999999 -1 -1 19990 0
Chain
	Aln	0	-HG003_pb_pass4_read1887_start833500 4 19994 20000 +edge_1_0_+disjointig_1_0_999999 146504 166494 999999 -1 -1 19990 0
Chain
	Aln	1	+HG003_pb_pass4_read1888_start835500 7 19995 20000 -edge_1_0_+disjointig_1_0_999999 835506 855494 999999 -1 -1 19988 0
Chain
	Aln	0	-HG003_pb_pass4_read1888_start835500 4 19992 20000 +edge_1_0_+disjointig_1_0_999999 144504 164492 999999 -1 -1 19988 0
Chain
	Aln	1	+HG003_pb_pass4_read1889_start837500 7 19996 20000 -edge_1_0_+disjointig_1_0_999999 837506 857495 999999 -1 -1 19989 0
Chain
	Aln	0	-HG003_pb_pass4_read1889_start837500 3 19992 20000 +edge_1_0_+disjointig_1_0_999999 142503 162492 999999 -1 -1 19989 0
Chain
	Aln	1	+HG003_pb_pass4_read1890_start839500 3 19992 20000 -edge_1_0_+disjointig_1_0_999999 839502 859491 999999 -1 -1 19989 0
Chain
	Aln	0	-HG003_pb_pass4_read1890_start839500 7 19996 20000 +edge_1_0_+disjointig_1_0_999999 140507 160496 999999 -1 -1 19989 0
Chain
	Aln	1	+HG003_pb_pass4_read1891_start841500 9 19997 20000 -edge_1_0_+disjointig_1_0_999999 841508 861496 999999 -1 -1 19988 0
Chain
	Aln	0	-HG003_pb_pass4_read1891_start841500 2 19990 20000 +edge_1_0_+disjointig_1_0_999999 138502 158490 999999 -1 -1 19988 0
Chain
	Aln	1	+HG003_pb_pass4_read1892_start843500 13 19994 20000 -edge_1_0_+disjointig_1_0_999999 843512 863493 999999 -1 -1 19981 0
Chain
	Aln	0	-HG003_pb_pass4_read1892_start843500 5 19986 20000 +edge_1_0_+disjointig_1_0_999999 136505 156486 999999 -1 -1 19981 0
Chain
	Aln	1	+HG003_pb_pass4_read1893_start845500 12 19996 20000 -edge_1_0_+disjointig_1_0_999999 845511 865495 999999 -1 -1 19984 0
Chain
	Aln	0	-HG003_pb_pass4_read1893_start845500 3 19987 20000 +edge_1_0_+disjointig_1_0_999999 134503 154487 999999 -1 -1 19984 0
Chain
	Aln	1	+HG003_pb_pass4_read1894_start847500 1 19997 20000 -edge_1_0_+disjointig_1_0_999999 847500 867496 999999 -1 -1 19996 0
Chain
	Aln	0	-HG003_pb_pass4_read1894_start847500 2 19998 20000 +edge_1_0_+disjointig_1_0_999999 132502 152498 999999 -1 -1 19996 0
Chain
	Aln	1	+HG003_pb_pass4_read1895_start849500 4 19998 20000 -edge_1_0_+disjointig_1_0_999999 849503 869497 999999 -1 -1 19994 0
Chain
	Aln	0	-HG003_pb_pass4_read1895_start849500 1 19995 20000 +edge_1_0_+disjointig_1_0_999999 130501 150495 999999 -1 -1 19994 0
Chain
	Aln	1	+HG003_pb_pass4_read1896_start851500 8 19998 20000 -edge_1_0_+disjointig_1_0_999999 851507 871497 999999 -1 -1 19990 0
Chain
	Aln	0	-HG003_pb_pass4_read1896_start851500 1 19991 20000 +edge_1_0_+disjointig_1_0_999999 128501 148491 999999 -1 -1 19990 0
Chain
	Aln	1	+HG003_pb_pass4_read1897_start853500 9 19996 20000 -edge_1_0_+disjointig_1_0_999999 853508 873495 999999 -1 -1 19987 0
Chain
	Aln	0	-HG003_pb_pass4_read1897_start853500 3 19990 20000 +edge_1_0_+disjointig_1_0_999999 126503 146490 999999 -1 -1 19987 0
Chain
	Aln	1	+HG003_pb_pass4_read1898_start855500 11 19998 20000 -edge_1_0_+disjointig_1_0_999999 855510 875497 999999 -1 -1 19987 0
Chain
	Aln	0	-HG003_pb_pass4_read1898_start855500 1 19988 20000 +edge_1_0_+disjointig_1_0_999999 124501 144488 999999 -1 -1 19987 0
Chain
	Aln	1	+HG003_pb_pass4_read1899_start857500 12 19997 20000 -edge_1_0_+disjointig_1_0_999999 857511 877496 999999 -1 -1 19985 0
Chain
	Aln	0	-HG003_pb_pass4_read1899_start857500 2 19987 20000 +edge_1_0_+disjointig_1_0_999999 122502 142487 999999 -1 -1 19985 0
Chain
	Aln	1	+HG003_pb_pass4_read1900_start859500 7 19995 20000 -edge_1_0_+disjointig_1_0_999999 859506 879494 999999 -1 -1 19988 1.25717e-05
Chain
	Aln	0	-HG003_pb_pass4_read1900_start859500 4 19992 20000 +edge_1_0_+disjointig_1_0_999999 120504 140492 999999 -1 -1 19988 1.25717e-05
Chain
	Aln	1	+HG003_pb_pass4_read1901_start861500 13 19995 20000 -edge_1_0_+disjointig_1_0_999999 861512 881494 999999 -1 -1 19982 0.000367773
Chain
	Aln	0	-HG003_pb_pass4_read1901_start861500 4 19986 20000 +edge_1_0_+disjointig_1_0_999999 118504 138486 999999 -1 -1 19982 0.000367773
Chain
	Aln	1	+HG003_pb_pass4_read1902_start863500 11 19995 20000 -edge_1_0_+disjointig_1_0_999999 863510 883494 999999 -1 -1 19984 0.000503907
Chain
	Aln	0	-HG003_pb_pass4_read1902_start863500 4 19988 20000 +edge_1_0_+disjointig_1_0_999999 116504 136488 999999 -1 -1 19984 0.000503907
Chain
	Aln	1	+HG003_pb_pass4_read1903_start865500 9 19998 20000 -edge_1_0_+disjointig_1_0_999999 865508 885497 999999 -1 -1 19989 0.000388375
Chain
	Aln	0	-HG003_pb_pass4_read1903_start865500 1 19990 20000 +edge_1_0_+disjointig_1_0_999999 114501 134490 999999 -1 -1 19989 0.000388375
Chain
	Aln	1	+HG003_pb_pass4_read1904_start867500 10 19998 20000 -edge_1_0_+disjointig_1_0_999999 867509 887497 999999 -1 -1 19988 0.000793425
Chain
	Aln	0	-HG003_pb_pass4_read1904_start867500 1 19989 20000 +edge_1_0_+disjointig_1_0_999999 112501 132489 999999 -1 -1 19988 0.000793425
Chain
	Aln	1	+HG003_pb_pass4_read1905_start869500 12 19995 20000 -edge_1_0_+disjointig_1_0_999999 869511 889494 999999 -1 -1 19983 0.000909864
Chain
	Aln	0	-HG003_pb_pass4_read1905_start869500 4 19987 20000 +edge_1_0_+disjointig_1_0_999999 110504 130487 999999 -1 -1 19983 0.000909864
Chain
	Aln	1	+HG003_pb_pass4_read1906_start871500 5 19997 20000 -edge_1_0_+disjointig_1_0_999999 871504 891496 999999 -1 -1 19992 0.000969186
Chain
	Aln	0	-HG003_pb_pass4_read1906_start871500 2 19994 20000 +edge_1_0_+disjointig_1_0_999999 108502 128494 999999 -1 -1 19992 0.000969186
Chain
	Aln	1	+HG003_pb_pass4_read1907_start873500 8 19998 20000 -edge_1_0_+disjointig_1_0_999999 873507 893497 999999 -1 -1 19990 0.00104547
Chain
	Aln	0	-HG003_pb_pass4_read1907_start873500 1 19991 20000 +edge_1_0_+disjointig_1_0_999999 106501 126491 999999 -1 -1 19990 0.00104547
Chain
	Aln	1	+HG003_pb_pass4_read1908_start875500 6 19995 20000 -edge_1_0_+disjointig_1_0_999999 875505 895494 999999 -1 -1 19989 0.000943942
Chain
	Aln	0	-HG003_pb_pass4_read1908_start875500 4 19993 20000 +edge_1_0_+disjointig_1_0_999999 104504 124493 999999 -1 -1 19989 0.000943942
Chain
	Aln	1	+HG003_pb_pass4_read1909_start877500 11 19998 20000 -edge_1_0_+disjointig_1_0_999999 877510 897497 999999 -1 -1 19987 0.000675959
Chain
	Aln	0	-HG003_pb_pass4_read1909_start877500 1 19988 20000 +edge_1_0_+disjointig_1_0_999999 102501 122488 999999 -1 -1 19987 0.000675959
Chain
	Aln	1	+HG003_pb_pass4_read1910_start879500 7 19991 20000 -edge_1_0_+disjointig_1_0_999999 879506 899490 999999 -1 -1 19984 0.000438754
Chain
	Aln	0	-HG003_pb_pass4_read1910_start879500 8 19992 20000 +edge_1_0_+disjointig_1_0_999999 100508 120492 999999 -1 -1 19984 0.000438754
Chain
	Aln	1	+HG003_pb_pass4_read1911_start881500 8 19996 20000 -edge_1_0_+disjointig_1_0_999999 881507 901495 999999 -1 -1 19988 0.000223031
Chain
	Aln	0	-HG003_pb_pass4_read1911_start881500 3 19991 20000 +edge_1_0_+disjointig_1_0_999999 98503 118491 999999 -1 -1 19988 0.000223031
Chain
	Aln	1	+HG003_pb_pass4_read1912_start883500 7 19997 20000 -edge_1_0_+disjointig_1_0_999999 883506 903496 999999 -1 -1 19990 0
Chain
	Aln	0	-HG003_pb_pass4_read1912_start883500 2 19992 20000 +edge_1_0_+disjointig_1_0_999999 96502 116492 999999 -1 -1 19990 0
Chain
	Aln	1	+HG003_pb_pass4_read1913_start885500 4 19992 20000 -edge_1_0_+disjointig_1_0_999999 885503 905491 999999 -1 -1 19988 0
Chain
	Aln	0	-HG003_pb_pass4_read1913_start885500 7 19995 20000 +edge_1_0_+disjointig_1_0_999999 94507 114495 999999 -1 -1 19988 0
Chain
	Aln	1	+HG003_pb_pass4_read1914_start887500 3 19993 20000 -edge_1_0_+disjointig_1_0_999999 887502 907492 999999 -1 -1 19990 0
Chain
	Aln	0	-HG003_pb_pass4_read1914_start887500 6 19996 20000 +edge_1_0_+disjointig_1_0_999999 92506 112496 999999 -1 -1 19990 0
Chain
	Aln	1	+HG003_pb_pass4_read1915_start889500 13 19997 20000 -edge_1_0_+disjointig_1_0_999999 889512 909496 999999 -1 -1 19984 0
Chain
	Aln	0	-HG003_pb_pass4_read1915_start889500 2 19986 20000 +edge_1_0_+disjointig_1_0_999999 90502 110486 999999 -1 -1 19984 0
Chain
	Aln	1	+HG003_pb_pass4_read1916_start891500 3 19993 20000 -edge_1_0_+disjointig_1_0_999999 891502 911492 999999 -1 -1 19990 0
Chain
	Aln	0	-HG003_pb_pass4_read1916_start891500 6 19996 20000 +edge_1_0_+disjointig_1_0_999999 88506 108496 999999 -1 -1 19990 0
Chain
	Aln	1	+HG003_pb_pass4_read1917_start893500 8 19993 20000 -edge_1_0_+disjointig_1_0_999999 893507 913492 999999 -1 -1 19985 0
Chain
	Aln	0	-HG003_pb_pass4_read1917_start893500 6 19991 20000 +edge_1_0_+disjointig_1_0_999999 86506 106491 999999 -1 -1 19985 0
Chain
	Aln	1	+HG003_pb_pass4_read1918_start895500 11 19994 20000 -edge_1_0_+disjointig_1_0_999999 895510 915493 999999 -1 -1 19983 0
Chain
	Aln	0	-HG003_pb_pass4_read1918_start895500 5 19988 20000 +edge_1_0_+disjointig_1_0_999999 84505 104488 999999 -1 -1 19983 0
Chain
	Aln	1	+HG003_pb_pass4_read1919_start897500 1 19993 20000 -edge_1_0_+disjointig_1_0_999999 897500 917492 999999 -1 -1 19992 0
Chain
	Aln	0	-HG003_pb_pass4_read1919_start897500 6 19998 20000 +edge_1_0_+disjointig_1_0_999999 82506 102498 999999 -1 -1 19992 0
Chain
	Aln	1	+HG003_pb_pass4_read1920_start899500 8 19996 20000 -edge_1_0_+disjointig_1_0_999999 899507 919495 999999 -1 -1 19988 9.34279e-05
Chain
	Aln	0	-HG003_pb_pass4_read1920_start899500 3 19991 20000 +edge_1_0_+disjointig_1_0_999999 80503 100491 999999 -1 -1 19988 9.34279e-05
Chain
	Aln	1	+HG003_pb_pass4_read1921_start901500 7 19997 20000 -edge_1_0_+disjointig_1_0_999999 901506 921496 999999 -1 -1 19990 0.000212698
Chain
	Aln	0	-HG003_pb_pass4_read1921_start901500 2 19992 20000 +edge_1_0_+disjointig_1_0_999999 78502 98492 999999 -1 -1 19990 0.000212698
Chain
	Aln	1	+HG003_pb_pass4_read1922_start903500 7 19997 20000 -edge_1_0_+disjointig_1_0_999999 903506 923496 999999 -1 -1 19990 0.000196486
Chain
	Aln	0	-HG003_pb_pass4_read1922_start903500 2 19992 20000 +edge_1_0_+disjointig_1_0_999999 76502 96492 999999 -1 -1 19990 0.000196486
Chain
	Aln	1	+HG003_pb_pass4_read1923_start905500 16 19997 20000 -edge_1_0_+disjointig_1_0_999999 905515 925496 999999 -1 -1 19981 0.000283573
Chain
	Aln	0	-HG003_pb_pass4_read1923_start905500 2 19983 20000 +edge_1_0_+disjointig_1_0_999999 74502 94483 999999 -1 -1 19981 0.000283573
Chain
	Aln	1	+HG003_pb_pass4_read1924_start907500 5 19995 20000 -edge_1_0_+disjointig_1_0_999999 907504 927494 999999 -1 -1 19990 0.000228913
Chain
	Aln	0	-HG003_pb_pass4_read1924_start907500 4 19994 20000 +edge_1_0_+disjointig_1_0_999999 72504 92494 999999 -1 -1 19990 0.000228913
Chain
	Aln	1	+HG003_pb_pass4_read1925_start909500 3 19990 20000 -edge_1_0_+disjointig_1_0_999999 909502 929489 999999 -1 -1 19987 0.000447586
Chain
	Aln	0	-HG003_pb_pass4_read1925_start909500 9 19996 20000 +edge_1_0_+disjointig_1_0_999999 70509 90496 999999 -1 -1 19987 0.000447586
Chain
	Aln	1	+HG003_pb_pass4_read1926_start911500 12 19990 20000 -edge_1_0_+disjointig_1_0_999999 911511 931489 999999 -1 -1 19978 0.000633123
Chain
	Aln	0	-HG003_pb_pass4_read1926_start911500 9 19987 20000 +edge_1_0_+disjointig_1_0_999999 68509 88487 999999 -1 -1 19978 0.000633123
Chain
	Aln	1	+HG003_pb_pass4_read1927_start913500 3 19998 20000 -edge_1_0_+disjointig_1_0_999999 913502 933497 999999 -1 -1 19995 0.000781275
Chain
	Aln	0	-HG003_pb_pass4_read1927_start913500 1 19996 20000 +edge_1_0_+disjointig_1_0_999999 66501 86496 999999 -1 -1 19995 0.000781275
Chain
	Aln	1	+HG003_pb_pass4_read1928_start915500 5 19996 20000 -edge_1_0_+disjointig_1_0_999999 915504 935495 999999 -1 -1 19991 0.000736785
Chain
	Aln	0	-HG003_pb_pass4_read1928_start915500 3 19994 20000 +edge_1_0_+disjointig_1_0_999999 64503 84494 999999 -1 -1 19991 0.000736785
Chain
	Aln	1	+HG003_pb_pass4_read1929_start917500 16 19996 20000 -edge_1_0_+disjointig_1_0_999999 917515 937495 999999 -1 -1 19980 0.000361884
Chain
	Aln	0	-HG003_pb_pass4_read1929_start917500 3 19983 20000 +edge_1_0_+disjointig_1_0_999999 62503 82483 999999 -1 -1 19980 0.000361884
Chain
	Aln	1	+HG003_pb_pass4_read1930_start919500 13 19991 20000 -edge_1_0_+disjointig_1_0_999999 919512 939490 999999 -1 -1 19978 0.000453661
Chain
	Aln	0	-HG003_pb_pass4_read1930_start919500 8 19986 20000 +edge_1_0_+disjointig_1_0_999999 60508 80486 999999 -1 -1 19978 0.000453661
Chain
	Aln	1	+HG003_pb_pass4_read1931_start921500 13 19992 20000 -edge_1_0_+disjointig_1_0_999999 921512 941491 999999 -1 -1 19979 0.000636071
Chain
	Aln	0	-HG003_pb_pass4_read1931_start921500 7 19986 20000 +edge_1_0_+disjointig_1_0_999999 58507 78486 999999 -1 -1 19979 0.000636071
Chain
	Aln	1	+HG003_pb_pass4_read1932_start923500 10 19996 20000 -edge_1_0_+disjointig_1_0_999999 923509 943495 999999 -1 -1 19986 0.000902282
Chain
	Aln	0	-HG003_pb_pass4_read1932_start923500 3 19989 20000 +edge_1_0_+disjointig_1_0_999999 56503 76489 999999 -1 -1 19986 0.000902282
Chain
	Aln	1	+HG003_pb_pass4_read1933_start925500 6 19992 20000 -edge_1_0_+disjointig_1_0_999999 925505 945491 999999 -1 -1 19986 0.000836684
Chain
	Aln	0	-HG003_pb_pass4_read1933_start925500 7 19993 20000 +edge_1_0_+disjointig_1_0_999999 54507 74493 999999 -1 -1 19986 0.000836684
Chain
	Aln	1	+HG003_pb_pass4_read1934_start927500 5 19993 20000 -edge_1_0_+disjointig_1_0_999999 927504 947492 999999 -1 -1 19988 0.000564599
Chain
	Aln	0	-HG003_pb_pass4_read1934_start927500 6 19994 20000 +edge_1_0_+disjointig_1_0_999999 52506 72494 999999 -1 -1 19988 0.000564599
Chain
	Aln	1	+HG003_pb_pass4_read1935_start929500 14 19997 20000 -edge_1_0_+disjointig_1_0_999999 929513 949496 999999 -1 -1 19983 0.000615174
Chain
	Aln	0	-HG003_pb_pass4_read1935_start929500 2 19985 20000 +edge_1_0_+disjointig_1_0_999999 50502 70485 999999 -1 -1 19983 0.000615174
Chain
	Aln	1	+HG003_pb_pass4_read1936_start931500 1 19998 20000 -edge_1_0_+disjointig_1_0_999999 931500 951497 999999 -1 -1 19997 0.000411916
Chain
	Aln	0	-HG003_pb_pass4_read1936_start931500 1 19998 20000 +edge_1_0_+disjointig_1_0_999999 48501 68498 999999 -1 -1 19997 0.000411916
Chain
	Aln	1	+HG003_pb_pass4_read1937_start933500 18 19994 20000 -edge_1_0_+disjointig_1_0_999999 933517 953493 999999 -1 -1 19976 0.000285095
Chain
	Aln	0	-HG003_pb_pass4_read1937_start933500 5 19981 20000 +edge_1_0_+disjointig_1_0_999999 46505 66481 999999 -1 -1 19976 0.000285095
Chain
	Aln	1	+HG003_pb_pass4_read1938_start935500 9 19998 20000 -edge_1_0_+disjointig_1_0_999999 935508 955497 999999 -1 -1 19989 0
Chain
	Aln	0	-HG003_pb_pass4_read1938_start935500 1 19990 20000 +edge_1_0_+disjointig_1_0_999999 44501 64490 999999 -1 -1 19989 0
Chain
	Aln	1	+HG003_pb_pass4_read1939_start937500 2 19993 20000 -edge_1_0_+disjointig_1_0_999999 937501 957492 999999 -1 -1 19991 0.00016702
Chain
	Aln	0	-HG003_pb_pass4_read1939_start937500 6 19997 20000 +edge_1_0_+disjointig_1_0_999999 42506 62497 999999 -1 -1 19991 0.00016702
Chain
	Aln	1	+HG003_pb_pass4_read1940_start939500 7 19992 20000 -edge_1_0_+disjointig_1_0_999999 939506 959491 999999 -1 -1 19985 3.74446e-06
Chain
	Aln	0	-HG003_pb_pass4_read1940_start939500 7 19992 20000 +edge_1_0_+disjointig_1_0_999999 40507 60492 999999 -1 -1 19985 3.74446e-06
Chain
	Aln	1	+HG003_pb_pass4_read1941_start941500 8 19994 20000 -edge_1_0_+disjointig_1_0_999999 941507 961493 999999 -1 -1 19986 7.13561e-05
Chain
	Aln	0	-HG003_pb_pass4_read1941_start941500 5 19991 20000 +edge_1_0_+disjointig_1_0_999999 38505 58491 999999 -1 -1 19986 7.13561e-05
Chain
	Aln	1	+HG003_pb_pass4_read1942_start943500 8 19994 20000 -edge_1_0_+disjointig_1_0_999999 943507 963493 999999 -1 -1 19986 0
Chain
	Aln	0	-HG003_pb_pass4_read1942_start943500 5 19991 20000 +edge_1_0_+disjointig_1_0_999999 36505 56491 999999 -1 -1 19986 0
Chain
	Aln	1	+HG003_pb_pass4_read1943_start945500 11 19995 20000 -edge_1_0_+disjointig_1_0_999999 945510 965494 999999 -1 -1 19984 0.000146417
Chain
	Aln	0	-HG003_pb_pass4_read1943_start945500 4 19988 20000 +edge_1_0_+disjointig_1_0_999999 34504 54488 999999 -1 -1 19984 0.000146417
Chain
	Aln	1	+HG003_pb_pass4_read1944_start947500 9 19995 20000 -edge_1_0_+disjointig_1_0_999999 947508 967494 999999 -1 -1 19986 0.000249592
Chain
	Aln	0	-HG003_pb_pass4_read1944_start947500 4 19990 20000 +edge_1_0_+disjointig_1_0_999999 32504 52490 999999 -1 -1 19986 0.000249592
Chain
	Aln	1	+HG003_pb_pass4_read1945_start949500 13 19990 20000 -edge_1_0_+disjointig_1_0_999999 949512 969489 999999 -1 -1 19977 6.10455e-05
Chain
	Aln	0	-HG003_pb_pass4_read1945_start949500 9 19986 20000 +edge_1_0_+disjointig_1_0_999999 30509 50486 999999 -1 -1 19977 6.10455e-05
Chain
	Aln	1	+HG003_pb_pass4_read1946_start951500 12 19995 20000 -edge_1_0_+disjointig_1_0_999999 951511 971494 999999 -1 -1 19983 0.000143479
Chain
	Aln	0	-HG003_pb_pass4_read1946_start951500 4 19987 20000 +edge_1_0_+disjointig_1_0_999999 28504 48487 999999 -1 -1 19983 0.000143479
Chain
	Aln	1	+HG003_pb_pass4_read1947_start953500 11 19994 20000 -edge_1_0_+disjointig_1_0_999999 953510 973493 999999 -1 -1 19983 0
Chain
	Aln	0	-HG003_pb_pass4_read1947_start953500 5 19988 20000 +edge_1_0_+disjointig_1_0_999999 26505 46488 999999 -1 -1 19983 0
Chain
	Aln	1	+HG003_pb_pass4_read1948_start955500 8 19998 20000 -edge_1_0_+disjointig_1_0_999999 955507 975497 999999 -1 -1 19990 0.000115499
Chain
	Aln	0	-HG003_pb_pass4_read1948_start955500 1 19991 20000 +edge_1_0_+disjointig_1_0_999999 24501 44491 999999 -1 -1 19990 0.000115499
Chain
	Aln	1	+HG003_pb_pass4_read1949_start957500 10 19994 20000 -edge_1_0_+disjointig_1_0_999999 957509 977493 999999 -1 -1 19984 0.000130222
Chain
	Aln	0	-HG003_pb_pass4_read1949_start957500 5 19989 20000 +edge_1_0_+disjointig_1_0_999999 22505 42489 999999 -1 -1 19984 0.000130222
Chain
	Aln	1	+HG003_pb_pass4_read1950_start959500 14 19995 20000 -edge_1_0_+disjointig_1_0_999999 959513 979494 999999 -1 -1 19981 0.000105196
Chain
	Aln	0	-HG003_pb_pass4_read1950_start959500 4 19985 20000 +edge_1_0_+disjointig_1_0_999999 20504 40485 999999 -1 -1 19981 0.000105196
Chain
	Aln	1	+HG003_pb_pass4_read1951_start961500 10 19997 20000 -edge_1_0_+disjointig_1_0_999999 961509 981496 999999 -1 -1 19987 4.19537e-05
Chain
	Aln	0	-HG003_pb_pass4_read1951_start961500 2 19989 20000 +edge_1_0_+disjointig_1_0_999999 18502 38489 999999 -1 -1 19987 4.19537e-05
Chain
	Aln	1	+HG003_pb_pass4_read1952_start963500 4 19997 20000 -edge_1_0_+disjointig_1_0_999999 963503 983496 999999 -1 -1 19993 0.000237741
Chain
	Aln	0	-HG003_pb_pass4_read1952_start963500 2 19995 20000 +edge_1_0_+disjointig_1_0_999999 16502 36495 999999 -1 -1 19993 0.000237741
Chain
	Aln	1	+HG003_pb_pass4_read1953_start965500 9 19993 20000 -edge_1_0_+disjointig_1_0_999999 965508 985492 999999 -1 -1 19984 0.000130222
Chain
	Aln	0	-HG003_pb_pass4_read1953_start965500 6 19990 20000 +edge_1_0_+disjointig_1_0_999999 14506 34490 999999 -1 -1 19984 0.000130222
Chain
	Aln	1	+HG003_pb_pass4_read1954_start967500 8 19997 20000 -edge_1_0_+disjointig_1_0_999999 967507 987496 999999 -1 -1 19989 0.000209757
Chain
	Aln	0	-HG003_pb_pass4_read1954_start967500 2 19991 20000 +edge_1_0_+disjointig_1_0_999999 12502 32491 999999 -1 -1 19989 0.000209757
Chain
	Aln	1	+HG003_pb_pass4_read1955_start969500 9 19993 20000 -edge_1_0_+disjointig_1_0_999999 969508 989492 999999 -1 -1 19984 0.000243698
Chain
	Aln	0	-HG003_pb_pass4_read1955_start969500 6 19990 20000 +edge_1_0_+disjointig_1_0_999999 10506 30490 999999 -1 -1 19984 0.000243698
Chain
	Aln	1	+HG003_pb_pass4_read1956_start971500 8 19995 20000 -edge_1_0_+disjointig_1_0_999999 971507 991494 999999 -1 -1 19987 0.000171453
Chain
	Aln	0	-HG003_pb_pass4_read1956_start971500 4 19991 20000 +edge_1_0_+disjointig_1_0_999999 8504 28491 999999 -1 -1 19987 0.000171453
Chain
	Aln	1	+HG003_pb_pass4_read1957_start973500 9 19996 20000 -edge_1_0_+disjointig_1_0_999999 973508 993495 999999 -1 -1 19987 0
Chain
	Aln	0	-HG003_pb_pass4_read1957_start973500 3 19990 20000 +edge_1_0_+disjointig_1_0_999999 6503 26490 999999 -1 -1 19987 0
Chain
	Aln	1	+HG003_pb_pass4_read1958_start975500 7 19992 20000 -edge_1_0_+disjointig_1_0_999999 975506 995491 999999 -1 -1 19985 0.000230421
Chain
	Aln	0	-HG003_pb_pass4_read1958_start975500 7 19992 20000 +edge_1_0_+disjointig_1_0_999999 4507 24492 999999 -1 -1 19985 0.000230421
Chain
	Aln	1	+HG003_pb_pass4_read1959_start977500 5 19993 20000 -edge_1_0_+disjointig_1_0_999999 977504 997492 999999 -1 -1 19988 0
Chain
	Aln	0	-HG003_pb_pass4_read1959_start977500 6 19994 20000 +edge_1_0_+disjointig_1_0_999999 2506 22494 999999 -1 -1 19988 0
Chain
	Aln	1	+HG003_pb_pass4_read1960_start979500 4 19995 20000 -edge_1_0_+disjointig_1_0_999999 979503 999494 999999 -1 -1 19991 0
Chain
	Aln	0	-HG003_pb_pass4_read1960_start979500 4 19995 20000 +edge_1_0_+disjointig_1_0_999999 504 20495 999999 -1 -1 19991 0
