Chain
	Aln	1	+HG002_ont_1_start_703497 29 14989 15000 -edge_1_0_+disjointig_1_0_998487 702519 717479 998487 -1 -1 12289 0.04158
Chain
	Aln	0	-HG002_ont_1_start_703497 10 14970 15000 +edge_1_0_+disjointig_1_0_998487 281007 295967 998487 -1 -1 12289 0.04158
Chain
	Aln	1	+HG002_ont_2_start_742496 1 14997 15000 -edge_1_0_+disjointig_1_0_998487 741490 756486 998487 -1 -1 12485 0.0383441
Chain
	Aln	0	-HG002_ont_2_start_742496 2 14998 15000 +edge_1_0_+disjointig_1_0_998487 242000 256996 998487 -1 -1 12485 0.0383441
Chain
	Aln	1	+HG002_ont_3_start_982917 16 14998 15000 -edge_1_0_+disjointig_1_0_998487 981926 996908 998487 -1 -1 12094 0.0391919
Chain
	Aln	0	-HG002_ont_3_start_982917 1 14983 15000 +edge_1_0_+disjointig_1_0_998487 1578 16560 998487 -1 -1 12094 0.0391919
Chain
	Aln	1	+HG002_ont_4_start_522423 1 14998 15000 -edge_1_0_+disjointig_1_0_998487 521417 536414 998487 -1 -1 12131 0.0420932
Chain
	Aln	0	-HG002_ont_4_start_522423 1 14998 15000 +edge_1_0_+disjointig_1_0_998487 462072 477069 998487 -1 -1 12131 0.0420932
Chain
	Aln	1	+HG002_ont_5_start_798448 1 14998 15000 -edge_1_0_+disjointig_1_0_998487 797442 812439 998487 -1 -1 12371 0.0400744
Chain
	Aln	0	-HG002_ont_5_start_798448 1 14998 15000 +edge_1_0_+disjointig_1_0_998487 186047 201044 998487 -1 -1 12371 0.0400744
Chain
	Aln	1	+HG002_ont_0_start_582635 1 14998 15000 -edge_1_0_+disjointig_1_0_998487 581629 596626 998487 -1 -1 12465 0.0395957
Chain
	Aln	0	-HG002_ont_0_start_582635 1 14998 15000 +edge_1_0_+disjointig_1_0_998487 401860 416857 998487 -1 -1 12465 0.0395957
Chain
	Aln	1	+HG002_ont_8_start_236330 7 14989 15000 -edge_1_0_+disjointig_1_0_998487 235330 250312 998487 -1 -1 12274 0.0410242
Chain
	Aln	0	-HG002_ont_8_start_236330 10 14992 15000 +edge_1_0_+disjointig_1_0_998487 748174 763156 998487 -1 -1 12274 0.0410242
Chain
	Aln	1	+HG002_ont_6_start_528227 1 14998 15000 -edge_1_0_+disjointig_1_0_998487 527221 542218 998487 -1 -1 12129 0.0415979
Chain
	Aln	0	-HG002_ont_6_start_528227 1 14998 15000 +edge_1_0_+disjointig_1_0_998487 456268 471265 998487 -1 -1 12129 0.0415979
Chain
	Aln	1	+HG002_ont_7_start_10181 1 14980 15000 -edge_1_0_+disjointig_1_0_998487 9175 24154 998487 -1 -1 12289 0.0402679
Chain
	Aln	0	-HG002_ont_7_start_10181 19 14998 15000 +edge_1_0_+disjointig_1_0_998487 974332 989311 998487 -1 -1 12289 0.0402679
Chain
	Aln	1	+HG002_ont_9_start_863621 10 14998 15000 -edge_1_0_+disjointig_1_0_998487 862624 877612 998487 -1 -1 12378 0.0420018
Chain
	Aln	0	-HG002_ont_9_start_863621 1 14989 15000 +edge_1_0_+disjointig_1_0_998487 120874 135862 998487 -1 -1 12378 0.0420018
Chain
	Aln	1	+HG002_ont_10_start_127058 1 14998 15000 -edge_1_0_+disjointig_1_0_998487 126052 141049 998487 -1 -1 12400 0.0407214
Chain
	Aln	0	-HG002_ont_10_start_127058 1 14998 15000 +edge_1_0_+disjointig_1_0_998487 857437 872434 998487 -1 -1 12400 0.0407214
Chain
	Aln	1	+HG002_ont_11_start_668144 13 14998 15000 -edge_1_0_+disjointig_1_0_998487 667150 682135 998487 -1 -1 12467 0.0406508
Chain
	Aln	0	-HG002_ont_11_start_668144 1 14986 15000 +edge_1_0_+disjointig_1_0_998487 316351 331336 998487 -1 -1 12467 0.0406508
Chain
	Aln	1	+HG002_ont_14_start_812705 0 14995 15000 -edge_1_0_+disjointig_1_0_998487 811698 826693 998487 -1 -1 12063 0.0438113
Chain
	Aln	0	-HG002_ont_14_start_812705 4 14999 15000 +edge_1_0_+disjointig_1_0_998487 171793 186788 998487 -1 -1 12063 0.0438113
Chain
	Aln	1	+HG002_ont_12_start_424144 7 14989 15000 -edge_1_0_+disjointig_1_0_998487 423144 438126 998487 -1 -1 12419 0.0387881
Chain
	Aln	0	-HG002_ont_12_start_424144 10 14992 15000 +edge_1_0_+disjointig_1_0_998487 560360 575342 998487 -1 -1 12419 0.0387881
Chain
	Aln	1	+HG002_ont_13_start_291671 23 14998 15000 -edge_1_0_+disjointig_1_0_998487 290687 305662 998487 -1 -1 12176 0.0415195
Chain
	Aln	0	-HG002_ont_13_start_291671 1 14976 15000 +edge_1_0_+disjointig_1_0_998487 692824 707799 998487 -1 -1 12176 0.0415195
Chain
	Aln	1	+HG002_ont_15_start_352514 0 14998 15000 -edge_1_0_+disjointig_1_0_998487 351507 366505 998487 -1 -1 12301 0.0412528
Chain
	Aln	0	-HG002_ont_15_start_352514 1 14999 15000 +edge_1_0_+disjointig_1_0_998487 631981 646979 998487 -1 -1 12301 0.0412528
Chain
	Aln	1	+HG002_ont_16_start_527427 1 14998 15000 -edge_1_0_+disjointig_1_0_998487 526421 541418 998487 -1 -1 12400 0.0404711
Chain
	Aln	0	-HG002_ont_16_start_527427 1 14998 15000 +edge_1_0_+disjointig_1_0_998487 457068 472065 998487 -1 -1 12400 0.0404711
Chain
	Aln	1	+HG002_ont_19_start_818140 34 14994 15000 -edge_1_0_+disjointig_1_0_998487 817167 832127 998487 -1 -1 12268 0.0414924
Chain
	Aln	0	-HG002_ont_19_start_818140 5 14965 15000 +edge_1_0_+disjointig_1_0_998487 166359 181319 998487 -1 -1 12268 0.0414924
Chain
	Aln	1	+HG002_ont_17_start_498753 1 14991 15000 -edge_1_0_+disjointig_1_0_998487 497747 512737 998487 -1 -1 12346 0.0387664
Chain
	Aln	0	-HG002_ont_17_start_498753 8 14998 15000 +edge_1_0_+disjointig_1_0_998487 485749 500739 998487 -1 -1 12346 0.0387664
Chain
	Aln	1	+HG002_ont_18_start_150540 25 14998 15000 -edge_1_0_+disjointig_1_0_998487 149558 164531 998487 -1 -1 11990 0.0445989
Chain
	Aln	0	-HG002_ont_18_start_150540 1 14974 15000 +edge_1_0_+disjointig_1_0_998487 833955 848928 998487 -1 -1 11990 0.0445989
Chain
	Aln	1	+HG002_ont_20_start_380977 1 14992 15000 -edge_1_0_+disjointig_1_0_998487 379971 394962 998487 -1 -1 12759 0.0375913
Chain
	Aln	0	-HG002_ont_20_start_380977 7 14998 15000 +edge_1_0_+disjointig_1_0_998487 603524 618515 998487 -1 -1 12759 0.0375913
Chain
	Aln	1	+HG002_ont_21_start_893853 0 14998 15000 -edge_1_0_+disjointig_1_0_998487 892846 907844 998487 -1 -1 12267 0.0415223
Chain
	Aln	0	-HG002_ont_21_start_893853 1 14999 15000 +edge_1_0_+disjointig_1_0_998487 90642 105640 998487 -1 -1 12267 0.0415223
Chain
	Aln	1	+HG002_ont_25_start_652564 11 14980 15000 -edge_1_0_+disjointig_1_0_998487 651568 666537 998487 -1 -1 12355 0.0391026
Chain
	Aln	0	-HG002_ont_25_start_652564 19 14988 15000 +edge_1_0_+disjointig_1_0_998487 331949 346918 998487 -1 -1 12355 0.0391026
Chain
	Aln	1	+HG002_ont_23_start_106417 1 14996 15000 -edge_1_0_+disjointig_1_0_998487 105411 120406 998487 -1 -1 12247 0.0426983
Chain
	Aln	0	-HG002_ont_23_start_106417 3 14998 15000 +edge_1_0_+disjointig_1_0_998487 878080 893075 998487 -1 -1 12247 0.0426983
Chain
	Aln	1	+HG002_ont_22_start_286465 1 14998 15000 -edge_1_0_+disjointig_1_0_998487 285459 300456 998487 -1 -1 12542 0.0398655
Chain
	Aln	0	-HG002_ont_22_start_286465 1 14998 15000 +edge_1_0_+disjointig_1_0_998487 698030 713027 998487 -1 -1 12542 0.0398655
Chain
	Aln	1	+HG002_ont_24_start_868868 5 14998 15000 -edge_1_0_+disjointig_1_0_998487 867866 882859 998487 -1 -1 12343 0.0426905
Chain
	Aln	0	-HG002_ont_24_start_868868 1 14994 15000 +edge_1_0_+disjointig_1_0_998487 115627 130620 998487 -1 -1 12343 0.0426905
Chain
	Aln	1	+HG002_ont_26_start_829275 16 14998 15000 -edge_1_0_+disjointig_1_0_998487 828284 843266 998487 -1 -1 12419 0.0383042
Chain
	Aln	0	-HG002_ont_26_start_829275 1 14983 15000 +edge_1_0_+disjointig_1_0_998487 155220 170202 998487 -1 -1 12419 0.0383042
Chain
	Aln	1	+HG002_ont_27_start_774351 1 14998 15000 -edge_1_0_+disjointig_1_0_998487 773345 788342 998487 -1 -1 12544 0.0393578
Chain
	Aln	0	-HG002_ont_27_start_774351 1 14998 15000 +edge_1_0_+disjointig_1_0_998487 210144 225141 998487 -1 -1 12544 0.0393578
Chain
	Aln	1	+HG002_ont_28_start_793455 20 14998 15000 -edge_1_0_+disjointig_1_0_998487 792468 807446 998487 -1 -1 12259 0.0422759
Chain
	Aln	0	-HG002_ont_28_start_793455 1 14979 15000 +edge_1_0_+disjointig_1_0_998487 191040 206018 998487 -1 -1 12259 0.0422759
Chain
	Aln	1	+HG002_ont_30_start_127264 4 14998 15000 -edge_1_0_+disjointig_1_0_998487 126261 141255 998487 -1 -1 12297 0.0439894
Chain
	Aln	0	-HG002_ont_30_start_127264 1 14995 15000 +edge_1_0_+disjointig_1_0_998487 857231 872225 998487 -1 -1 12297 0.0439894
Chain
	Aln	1	+HG002_ont_29_start_224787 18 14998 15000 -edge_1_0_+disjointig_1_0_998487 223798 238778 998487 -1 -1 12201 0.0403342
Chain
	Aln	0	-HG002_ont_29_start_224787 1 14981 15000 +edge_1_0_+disjointig_1_0_998487 759708 774688 998487 -1 -1 12201 0.0403342
Chain
	Aln	1	+HG002_ont_34_start_353546 1 14995 15000 -edge_1_0_+disjointig_1_0_998487 352540 367534 998487 -1 -1 12486 0.0396686
Chain
	Aln	0	-HG002_ont_34_start_353546 4 14998 15000 +edge_1_0_+disjointig_1_0_998487 630952 645946 998487 -1 -1 12486 0.0396686
Chain
	Aln	1	+HG002_ont_33_start_601239 3 14998 15000 -edge_1_0_+disjointig_1_0_998487 600235 615230 998487 -1 -1 12223 0.0392352
Chain
	Aln	0	-HG002_ont_33_start_601239 1 14996 15000 +edge_1_0_+disjointig_1_0_998487 383256 398251 998487 -1 -1 12223 0.0392352
Chain
	Aln	1	+HG002_ont_32_start_374910 1 14989 15000 -edge_1_0_+disjointig_1_0_998487 373904 388892 998487 -1 -1 12387 0.0401633
Chain
	Aln	0	-HG002_ont_32_start_374910 10 14998 15000 +edge_1_0_+disjointig_1_0_998487 609594 624582 998487 -1 -1 12387 0.0401633
Chain
	Aln	1	+HG002_ont_35_start_329299 3 14998 15000 -edge_1_0_+disjointig_1_0_998487 328295 343290 998487 -1 -1 11788 0.045854
Chain
	Aln	0	-HG002_ont_35_start_329299 1 14996 15000 +edge_1_0_+disjointig_1_0_998487 655196 670191 998487 -1 -1 11788 0.045854
Chain
	Aln	1	+HG002_ont_31_start_834467 6 14986 15000 -edge_1_0_+disjointig_1_0_998487 833466 848446 998487 -1 -1 12559 0.0409139
Chain
	Aln	0	-HG002_ont_31_start_834467 13 14993 15000 +edge_1_0_+disjointig_1_0_998487 150040 165020 998487 -1 -1 12559 0.0409139
Chain
	Aln	1	+HG002_ont_38_start_709767 12 14980 15000 -edge_1_0_+disjointig_1_0_998487 708772 723740 998487 -1 -1 12104 0.0429746
Chain
	Aln	0	-HG002_ont_38_start_709767 19 14987 15000 +edge_1_0_+disjointig_1_0_998487 274746 289714 998487 -1 -1 12104 0.0429746
Chain
	Aln	1	+HG002_ont_36_start_44742 1 14989 15000 -edge_1_0_+disjointig_1_0_998487 43736 58724 998487 -1 -1 12221 0.0402099
Chain
	Aln	0	-HG002_ont_36_start_44742 10 14998 15000 +edge_1_0_+disjointig_1_0_998487 939762 954750 998487 -1 -1 12221 0.0402099
Chain
	Aln	1	+HG002_ont_37_start_138214 9 14998 15000 -edge_1_0_+disjointig_1_0_998487 137216 152205 998487 -1 -1 12154 0.0433023
Chain
	Aln	0	-HG002_ont_37_start_138214 1 14990 15000 +edge_1_0_+disjointig_1_0_998487 846281 861270 998487 -1 -1 12154 0.0433023
Chain
	Aln	1	+HG002_ont_39_start_597136 16 14998 15000 -edge_1_0_+disjointig_1_0_998487 596145 611127 998487 -1 -1 12454 0.0387653
Chain
	Aln	0	-HG002_ont_39_start_597136 1 14983 15000 +edge_1_0_+disjointig_1_0_998487 387359 402341 998487 -1 -1 12454 0.0387653
Chain
	Aln	1	+HG002_ont_40_start_87670 1 14989 15000 -edge_1_0_+disjointig_1_0_998487 86664 101652 998487 -1 -1 12515 0.0380873
Chain
	Aln	0	-HG002_ont_40_start_87670 10 14998 15000 +edge_1_0_+disjointig_1_0_998487 896834 911822 998487 -1 -1 12515 0.0380873
Chain
	Aln	1	+HG002_ont_42_start_708474 18 14973 15000 -edge_1_0_+disjointig_1_0_998487 707485 722440 998487 -1 -1 12259 0.0406584
Chain
	Aln	0	-HG002_ont_42_start_708474 26 14981 15000 +edge_1_0_+disjointig_1_0_998487 276046 291001 998487 -1 -1 12259 0.0406584
Chain
	Aln	1	+HG002_ont_41_start_899537 1 14986 15000 -edge_1_0_+disjointig_1_0_998487 898531 913516 998487 -1 -1 12435 0.0405256
Chain
	Aln	0	-HG002_ont_41_start_899537 13 14998 15000 +edge_1_0_+disjointig_1_0_998487 84970 99955 998487 -1 -1 12435 0.0405256
Chain
	Aln	1	+HG002_ont_43_start_748246 1 14962 15000 -edge_1_0_+disjointig_1_0_998487 747240 762201 998487 -1 -1 11921 0.0435292
Chain
	Aln	0	-HG002_ont_43_start_748246 37 14998 15000 +edge_1_0_+disjointig_1_0_998487 236285 251246 998487 -1 -1 11921 0.0435292
Chain
	Aln	1	+HG002_ont_45_start_933718 37 14992 15000 -edge_1_0_+disjointig_1_0_998487 932748 947703 998487 -1 -1 12079 0.0443189
Chain
	Aln	0	-HG002_ont_45_start_933718 7 14962 15000 +edge_1_0_+disjointig_1_0_998487 50783 65738 998487 -1 -1 12079 0.0443189
Chain
	Aln	1	+HG002_ont_47_start_926232 13 14971 15000 -edge_1_0_+disjointig_1_0_998487 925238 940196 998487 -1 -1 11945 0.0460088
Chain
	Aln	0	-HG002_ont_47_start_926232 28 14986 15000 +edge_1_0_+disjointig_1_0_998487 58290 73248 998487 -1 -1 11945 0.0460088
Chain
	Aln	1	+HG002_ont_44_start_150235 0 14998 15000 -edge_1_0_+disjointig_1_0_998487 149228 164226 998487 -1 -1 12405 0.0392012
Chain
	Aln	0	-HG002_ont_44_start_150235 1 14999 15000 +edge_1_0_+disjointig_1_0_998487 834260 849258 998487 -1 -1 12405 0.0392012
Chain
	Aln	1	+HG002_ont_46_start_565751 5 14998 15000 -edge_1_0_+disjointig_1_0_998487 564749 579742 998487 -1 -1 11967 0.0418533
Chain
	Aln	0	-HG002_ont_46_start_565751 1 14994 15000 +edge_1_0_+disjointig_1_0_998487 418744 433737 998487 -1 -1 11967 0.0418533
Chain
	Aln	1	+HG002_ont_49_start_171668 8 14998 15000 -edge_1_0_+disjointig_1_0_998487 170669 185659 998487 -1 -1 12433 0.0419536
Chain
	Aln	0	-HG002_ont_49_start_171668 1 14991 15000 +edge_1_0_+disjointig_1_0_998487 812827 827817 998487 -1 -1 12433 0.0419536
Chain
	Aln	1	+HG002_ont_48_start_731252 1 14989 15000 -edge_1_0_+disjointig_1_0_998487 730246 745234 998487 -1 -1 12574 0.0407018
Chain
	Aln	0	-HG002_ont_48_start_731252 10 14998 15000 +edge_1_0_+disjointig_1_0_998487 253252 268240 998487 -1 -1 12574 0.0407018
Chain
	Aln	1	+HG002_ont_51_start_494969 1 14998 15000 -edge_1_0_+disjointig_1_0_998487 493963 508960 998487 -1 -1 12177 0.0404633
Chain
	Aln	0	-HG002_ont_51_start_494969 1 14998 15000 +edge_1_0_+disjointig_1_0_998487 489526 504523 998487 -1 -1 12177 0.0404633
Chain
	Aln	1	+HG002_ont_50_start_475852 15 14986 15000 -edge_1_0_+disjointig_1_0_998487 474860 489831 998487 -1 -1 12366 0.0387829
Chain
	Aln	0	-HG002_ont_50_start_475852 13 14984 15000 +edge_1_0_+disjointig_1_0_998487 508655 523626 998487 -1 -1 12366 0.0387829
Chain
	Aln	1	+HG002_ont_55_start_456994 35 14998 15000 -edge_1_0_+disjointig_1_0_998487 456022 470985 998487 -1 -1 12067 0.0410679
Chain
	Aln	0	-HG002_ont_55_start_456994 1 14964 15000 +edge_1_0_+disjointig_1_0_998487 527501 542464 998487 -1 -1 12067 0.0410679
Chain
	Aln	1	+HG002_ont_54_start_85003 1 14978 15000 -edge_1_0_+disjointig_1_0_998487 83997 98974 998487 -1 -1 12356 0.0390043
Chain
	Aln	0	-HG002_ont_54_start_85003 21 14998 15000 +edge_1_0_+disjointig_1_0_998487 899512 914489 998487 -1 -1 12356 0.0390043
Chain
	Aln	1	+HG002_ont_53_start_961142 1 14946 15000 -edge_1_0_+disjointig_1_0_998487 960136 975081 998487 -1 -1 11913 0.0445979
Chain
	Aln	0	-HG002_ont_53_start_961142 53 14998 15000 +edge_1_0_+disjointig_1_0_998487 23405 38350 998487 -1 -1 11913 0.0445979
Chain
	Aln	1	+HG002_ont_58_start_512888 1 14948 15000 -edge_1_0_+disjointig_1_0_998487 511882 526829 998487 -1 -1 12305 0.0397695
Chain
	Aln	0	-HG002_ont_58_start_512888 51 14998 15000 +edge_1_0_+disjointig_1_0_998487 471657 486604 998487 -1 -1 12305 0.0397695
Chain
	Aln	1	+HG002_ont_56_start_907125 1 14967 15000 -edge_1_0_+disjointig_1_0_998487 906119 921085 998487 -1 -1 11905 0.0440787
Chain
	Aln	0	-HG002_ont_56_start_907125 32 14998 15000 +edge_1_0_+disjointig_1_0_998487 77401 92367 998487 -1 -1 11905 0.0440787
Chain
	Aln	1	+HG002_ont_52_start_21078 4 14998 15000 -edge_1_0_+disjointig_1_0_998487 20075 35069 998487 -1 -1 12585 0.0375882
Chain
	Aln	0	-HG002_ont_52_start_21078 1 14995 15000 +edge_1_0_+disjointig_1_0_998487 963417 978411 998487 -1 -1 12585 0.0375882
Chain
	Aln	1	+HG002_ont_57_start_15750 1 14998 15000 -edge_1_0_+disjointig_1_0_998487 14744 29741 998487 -1 -1 12350 0.0404867
Chain
	Aln	0	-HG002_ont_57_start_15750 1 14998 15000 +edge_1_0_+disjointig_1_0_998487 968745 983742 998487 -1 -1 12350 0.0404867
Chain
	Aln	1	+HG002_ont_59_start_894518 0 14998 15000 -edge_1_0_+disjointig_1_0_998487 893511 908509 998487 -1 -1 11902 0.0412449
Chain
	Aln	0	-HG002_ont_59_start_894518 1 14999 15000 +edge_1_0_+disjointig_1_0_998487 89977 104975 998487 -1 -1 11902 0.0412449
Chain
	Aln	1	+HG002_ont_62_start_729934 29 14984 15000 -edge_1_0_+disjointig_1_0_998487 728956 743911 998487 -1 -1 12132 0.0428256
Chain
	Aln	0	-HG002_ont_62_start_729934 15 14970 15000 +edge_1_0_+disjointig_1_0_998487 254575 269530 998487 -1 -1 12132 0.0428256
Chain
	Aln	1	+HG002_ont_60_start_269093 1 14983 15000 -edge_1_0_+disjointig_1_0_998487 268087 283069 998487 -1 -1 12343 0.0401087
Chain
	Aln	0	-HG002_ont_60_start_269093 16 14998 15000 +edge_1_0_+disjointig_1_0_998487 715417 730399 998487 -1 -1 12343 0.0401087
Chain
	Aln	1	+HG002_ont_61_start_171475 52 14998 15000 -edge_1_0_+disjointig_1_0_998487 170520 185466 998487 -1 -1 12410 0.0392034
Chain
	Aln	0	-HG002_ont_61_start_171475 1 14947 15000 +edge_1_0_+disjointig_1_0_998487 813020 827966 998487 -1 -1 12410 0.0392034
Chain
	Aln	1	+HG002_ont_63_start_549214 1 14992 15000 -edge_1_0_+disjointig_1_0_998487 548208 563199 998487 -1 -1 12222 0.0431465
Chain
	Aln	0	-HG002_ont_63_start_549214 7 14998 15000 +edge_1_0_+disjointig_1_0_998487 435287 450278 998487 -1 -1 12222 0.0431465
Chain
	Aln	1	+HG002_ont_64_start_97589 1 14998 15000 -edge_1_0_+disjointig_1_0_998487 96583 111580 998487 -1 -1 12375 0.0400434
Chain
	Aln	0	-HG002_ont_64_start_97589 1 14998 15000 +edge_1_0_+disjointig_1_0_998487 886906 901903 998487 -1 -1 12375 0.0400434
Chain
	Aln	1	+HG002_ont_65_start_67999 28 14998 15000 -edge_1_0_+disjointig_1_0_998487 67020 81990 998487 -1 -1 12377 0.0401703
Chain
	Aln	0	-HG002_ont_65_start_67999 1 14971 15000 +edge_1_0_+disjointig_1_0_998487 916496 931466 998487 -1 -1 12377 0.0401703
Chain
	Aln	1	+HG002_ont_66_start_320843 1 14990 15000 -edge_1_0_+disjointig_1_0_998487 319837 334826 998487 -1 -1 12642 0.0379788
Chain
	Aln	0	-HG002_ont_66_start_320843 9 14998 15000 +edge_1_0_+disjointig_1_0_998487 663660 678649 998487 -1 -1 12642 0.0379788
Chain
	Aln	1	+HG002_ont_67_start_147711 15 14998 15000 -edge_1_0_+disjointig_1_0_998487 146719 161702 998487 -1 -1 12404 0.0395177
Chain
	Aln	0	-HG002_ont_67_start_147711 1 14984 15000 +edge_1_0_+disjointig_1_0_998487 836784 851767 998487 -1 -1 12404 0.0395177
Chain
	Aln	1	+HG002_ont_68_start_233373 12 14998 15000 -edge_1_0_+disjointig_1_0_998487 232378 247364 998487 -1 -1 12335 0.0429882
Chain
	Aln	0	-HG002_ont_68_start_233373 1 14987 15000 +edge_1_0_+disjointig_1_0_998487 751122 766108 998487 -1 -1 12335 0.0429882
Chain
	Aln	1	+HG002_ont_70_start_658978 0 14998 15000 -edge_1_0_+disjointig_1_0_998487 657971 672969 998487 -1 -1 12421 0.0383519
Chain
	Aln	0	-HG002_ont_70_start_658978 1 14999 15000 +edge_1_0_+disjointig_1_0_998487 325517 340515 998487 -1 -1 12421 0.0383519
Chain
	Aln	1	+HG002_ont_69_start_616350 40 14962 15000 -edge_1_0_+disjointig_1_0_998487 615383 630305 998487 -1 -1 12209 0.0422008
Chain
	Aln	0	-HG002_ont_69_start_616350 37 14959 15000 +edge_1_0_+disjointig_1_0_998487 368181 383103 998487 -1 -1 12209 0.0422008
Chain
	Aln	1	+HG002_ont_71_start_179428 1 14966 15000 -edge_1_0_+disjointig_1_0_998487 178422 193387 998487 -1 -1 12021 0.04106
Chain
	Aln	0	-HG002_ont_71_start_179428 33 14998 15000 +edge_1_0_+disjointig_1_0_998487 805099 820064 998487 -1 -1 12021 0.04106
Chain
	Aln	1	+HG002_ont_72_start_685686 24 14998 15000 -edge_1_0_+disjointig_1_0_998487 684703 699677 998487 -1 -1 11979 0.0453709
Chain
	Aln	0	-HG002_ont_72_start_685686 1 14975 15000 +edge_1_0_+disjointig_1_0_998487 298809 313783 998487 -1 -1 11979 0.0453709
Chain
	Aln	1	+HG002_ont_73_start_956981 27 14998 15000 -edge_1_0_+disjointig_1_0_998487 956001 970972 998487 -1 -1 12688 0.0368548
Chain
	Aln	0	-HG002_ont_73_start_956981 1 14972 15000 +edge_1_0_+disjointig_1_0_998487 27514 42485 998487 -1 -1 12688 0.0368548
Chain
	Aln	1	+HG002_ont_75_start_209404 9 14998 15000 -edge_1_0_+disjointig_1_0_998487 208406 223395 998487 -1 -1 12066 0.0402994
Chain
	Aln	0	-HG002_ont_75_start_209404 1 14990 15000 +edge_1_0_+disjointig_1_0_998487 775091 790080 998487 -1 -1 12066 0.0402994
Chain
	Aln	1	+HG002_ont_74_start_861670 0 14995 15000 -edge_1_0_+disjointig_1_0_998487 860663 875658 998487 -1 -1 12454 0.0400433
Chain
	Aln	0	-HG002_ont_74_start_861670 4 14999 15000 +edge_1_0_+disjointig_1_0_998487 122828 137823 998487 -1 -1 12454 0.0400433
Chain
	Aln	1	+HG002_ont_76_start_72306 20 14979 15000 -edge_1_0_+disjointig_1_0_998487 71319 86278 998487 -1 -1 12293 0.0402829
Chain
	Aln	0	-HG002_ont_76_start_72306 20 14979 15000 +edge_1_0_+disjointig_1_0_998487 912208 927167 998487 -1 -1 12293 0.0402829
Chain
	Aln	1	+HG002_ont_77_start_421475 26 14998 15000 -edge_1_0_+disjointig_1_0_998487 420494 435466 998487 -1 -1 12096 0.0424057
Chain
	Aln	0	-HG002_ont_77_start_421475 1 14973 15000 +edge_1_0_+disjointig_1_0_998487 563020 577992 998487 -1 -1 12096 0.0424057
Chain
	Aln	1	+HG002_ont_78_start_122357 1 14998 15000 -edge_1_0_+disjointig_1_0_998487 121351 136348 998487 -1 -1 12495 0.0411067
Chain
	Aln	0	-HG002_ont_78_start_122357 1 14998 15000 +edge_1_0_+disjointig_1_0_998487 862138 877135 998487 -1 -1 12495 0.0411067
Chain
	Aln	1	+HG002_ont_79_start_587262 1 14968 15000 -edge_1_0_+disjointig_1_0_998487 586256 601223 998487 -1 -1 12655 0.0369642
Chain
	Aln	0	-HG002_ont_79_start_587262 31 14998 15000 +edge_1_0_+disjointig_1_0_998487 397263 412230 998487 -1 -1 12655 0.0369642
Chain
	Aln	1	+HG002_ont_80_start_133592 9 14990 15000 -edge_1_0_+disjointig_1_0_998487 132594 147575 998487 -1 -1 12016 0.0427001
Chain
	Aln	0	-HG002_ont_80_start_133592 9 14990 15000 +edge_1_0_+disjointig_1_0_998487 850911 865892 998487 -1 -1 12016 0.0427001
Chain
	Aln	1	+HG002_ont_82_start_785387 12 14998 15000 -edge_1_0_+disjointig_1_0_998487 784392 799378 998487 -1 -1 12292 0.0414038
Chain
	Aln	0	-HG002_ont_82_start_785387 1 14987 15000 +edge_1_0_+disjointig_1_0_998487 199108 214094 998487 -1 -1 12292 0.0414038
Chain
	Aln	1	+HG002_ont_81_start_253389 15 14998 15000 -edge_1_0_+disjointig_1_0_998487 252397 267380 998487 -1 -1 12196 0.0410123
Chain
	Aln	0	-HG002_ont_81_start_253389 1 14984 15000 +edge_1_0_+disjointig_1_0_998487 731106 746089 998487 -1 -1 12196 0.0410123
Chain
	Aln	1	+HG002_ont_83_start_6353 1 14994 15000 -edge_1_0_+disjointig_1_0_998487 5347 20340 998487 -1 -1 12662 0.0394188
Chain
	Aln	0	-HG002_ont_83_start_6353 5 14998 15000 +edge_1_0_+disjointig_1_0_998487 978146 993139 998487 -1 -1 12662 0.0394188
Chain
	Aln	1	+HG002_ont_84_start_290315 0 14991 15000 -edge_1_0_+disjointig_1_0_998487 289308 304299 998487 -1 -1 11998 0.0432774
Chain
	Aln	0	-HG002_ont_84_start_290315 8 14999 15000 +edge_1_0_+disjointig_1_0_998487 694187 709178 998487 -1 -1 11998 0.0432774
Chain
	Aln	1	+HG002_ont_86_start_240439 29 14998 15000 -edge_1_0_+disjointig_1_0_998487 239461 254430 998487 -1 -1 12503 0.0360945
Chain
	Aln	0	-HG002_ont_86_start_240439 1 14970 15000 +edge_1_0_+disjointig_1_0_998487 744056 759025 998487 -1 -1 12503 0.0360945
Chain
	Aln	1	+HG002_ont_85_start_456272 1 14998 15000 -edge_1_0_+disjointig_1_0_998487 455266 470263 998487 -1 -1 12180 0.0437778
Chain
	Aln	0	-HG002_ont_85_start_456272 1 14998 15000 +edge_1_0_+disjointig_1_0_998487 528223 543220 998487 -1 -1 12180 0.0437778
Chain
	Aln	1	+HG002_ont_87_start_468424 1 14996 15000 -edge_1_0_+disjointig_1_0_998487 467418 482413 998487 -1 -1 12264 0.0412806
Chain
	Aln	0	-HG002_ont_87_start_468424 3 14998 15000 +edge_1_0_+disjointig_1_0_998487 516073 531068 998487 -1 -1 12264 0.0412806
Chain
	Aln	1	+HG002_ont_88_start_803747 2 14998 15000 -edge_1_0_+disjointig_1_0_998487 802742 817738 998487 -1 -1 12367 0.040475
Chain
	Aln	0	-HG002_ont_88_start_803747 1 14997 15000 +edge_1_0_+disjointig_1_0_998487 180748 195744 998487 -1 -1 12367 0.040475
Chain
	Aln	1	+HG002_ont_90_start_296247 1 14998 15000 -edge_1_0_+disjointig_1_0_998487 295241 310238 998487 -1 -1 12201 0.0436047
Chain
	Aln	0	-HG002_ont_90_start_296247 1 14998 15000 +edge_1_0_+disjointig_1_0_998487 688248 703245 998487 -1 -1 12201 0.0436047
Chain
	Aln	1	+HG002_ont_89_start_469829 0 14973 15000 -edge_1_0_+disjointig_1_0_998487 468822 483795 998487 -1 -1 12416 0.0397558
Chain
	Aln	0	-HG002_ont_89_start_469829 26 14999 15000 +edge_1_0_+disjointig_1_0_998487 514691 529664 998487 -1 -1 12416 0.0397558
Chain
	Aln	1	+HG002_ont_91_start_129750 1 14985 15000 -edge_1_0_+disjointig_1_0_998487 128744 143728 998487 -1 -1 12579 0.0396525
Chain
	Aln	0	-HG002_ont_91_start_129750 14 14998 15000 +edge_1_0_+disjointig_1_0_998487 854758 869742 998487 -1 -1 12579 0.0396525
Chain
	Aln	1	+HG002_ont_92_start_784944 0 14998 15000 -edge_1_0_+disjointig_1_0_998487 783937 798935 998487 -1 -1 12287 0.041237
Chain
	Aln	0	-HG002_ont_92_start_784944 1 14999 15000 +edge_1_0_+disjointig_1_0_998487 199551 214549 998487 -1 -1 12287 0.041237
Chain
	Aln	1	+HG002_ont_93_start_611598 0 14977 15000 -edge_1_0_+disjointig_1_0_998487 610591 625568 998487 -1 -1 12202 0.0424738
Chain
	Aln	0	-HG002_ont_93_start_611598 22 14999 15000 +edge_1_0_+disjointig_1_0_998487 372918 387895 998487 -1 -1 12202 0.0424738
Chain
	Aln	1	+HG002_ont_94_start_170960 1 14974 15000 -edge_1_0_+disjointig_1_0_998487 169954 184927 998487 -1 -1 12328 0.0383517
Chain
	Aln	0	-HG002_ont_94_start_170960 25 14998 15000 +edge_1_0_+disjointig_1_0_998487 813559 828532 998487 -1 -1 12328 0.0383517
Chain
	Aln	1	+HG002_ont_95_start_88303 1 14964 15000 -edge_1_0_+disjointig_1_0_998487 87297 102260 998487 -1 -1 12028 0.0431838
Chain
	Aln	0	-HG002_ont_95_start_88303 35 14998 15000 +edge_1_0_+disjointig_1_0_998487 896226 911189 998487 -1 -1 12028 0.0431838
Chain
	Aln	1	+HG002_ont_96_start_280497 13 14998 15000 -edge_1_0_+disjointig_1_0_998487 279503 294488 998487 -1 -1 12165 0.0411386
Chain
	Aln	0	-HG002_ont_96_start_280497 1 14986 15000 +edge_1_0_+disjointig_1_0_998487 703998 718983 998487 -1 -1 12165 0.0411386
Chain
	Aln	1	+HG002_ont_97_start_484871 1 14978 15000 -edge_1_0_+disjointig_1_0_998487 483865 498842 998487 -1 -1 12184 0.0409572
Chain
	Aln	0	-HG002_ont_97_start_484871 21 14998 15000 +edge_1_0_+disjointig_1_0_998487 499644 514621 998487 -1 -1 12184 0.0409572
Chain
	Aln	1	+HG002_ont_98_start_404813 1 14979 15000 -edge_1_0_+disjointig_1_0_998487 403807 418785 998487 -1 -1 12402 0.0390235
Chain
	Aln	0	-HG002_ont_98_start_404813 20 14998 15000 +edge_1_0_+disjointig_1_0_998487 579701 594679 998487 -1 -1 12402 0.0390235
Chain
	Aln	1	+HG002_ont_99_start_809105 0 14997 15000 -edge_1_0_+disjointig_1_0_998487 808098 823095 998487 -1 -1 12582 0.0389457
Chain
	Aln	0	-HG002_ont_99_start_809105 2 14999 15000 +edge_1_0_+disjointig_1_0_998487 175391 190388 998487 -1 -1 12582 0.0389457
Chain
	Aln	1	+HG002_ont_101_start_121819 5 14956 15000 -edge_1_0_+disjointig_1_0_998487 120817 135768 998487 -1 -1 12112 0.0431039
Chain
	Aln	0	-HG002_ont_101_start_121819 43 14994 15000 +edge_1_0_+disjointig_1_0_998487 862718 877669 998487 -1 -1 12112 0.0431039
Chain
	Aln	1	+HG002_ont_100_start_910936 0 14998 15000 -edge_1_0_+disjointig_1_0_998487 909929 924927 998487 -1 -1 12672 0.0375519
Chain
	Aln	0	-HG002_ont_100_start_910936 1 14999 15000 +edge_1_0_+disjointig_1_0_998487 73559 88557 998487 -1 -1 12672 0.0375519
Chain
	Aln	1	+HG002_ont_103_start_873039 1 14998 15000 -edge_1_0_+disjointig_1_0_998487 872033 887030 998487 -1 -1 11941 0.0427224
Chain
	Aln	0	-HG002_ont_103_start_873039 1 14998 15000 +edge_1_0_+disjointig_1_0_998487 111456 126453 998487 -1 -1 11941 0.0427224
Chain
	Aln	1	+HG002_ont_102_start_18989 1 14998 15000 -edge_1_0_+disjointig_1_0_998487 17983 32980 998487 -1 -1 11997 0.0415025
Chain
	Aln	0	-HG002_ont_102_start_18989 1 14998 15000 +edge_1_0_+disjointig_1_0_998487 965506 980503 998487 -1 -1 11997 0.0415025
Chain
	Aln	1	+HG002_ont_104_start_710733 0 14998 15000 -edge_1_0_+disjointig_1_0_998487 709726 724724 998487 -1 -1 12309 0.04157
Chain
	Aln	0	-HG002_ont_104_start_710733 1 14999 15000 +edge_1_0_+disjointig_1_0_998487 273762 288760 998487 -1 -1 12309 0.04157
Chain
	Aln	1	+HG002_ont_106_start_128606 1 14997 15000 -edge_1_0_+disjointig_1_0_998487 127600 142596 998487 -1 -1 12257 0.0418491
Chain
	Aln	0	-HG002_ont_106_start_128606 2 14998 15000 +edge_1_0_+disjointig_1_0_998487 855890 870886 998487 -1 -1 12257 0.0418491
Chain
	Aln	1	+HG002_ont_105_start_802667 0 14998 15000 -edge_1_0_+disjointig_1_0_998487 801660 816658 998487 -1 -1 12064 0.0434196
Chain
	Aln	0	-HG002_ont_105_start_802667 1 14999 15000 +edge_1_0_+disjointig_1_0_998487 181828 196826 998487 -1 -1 12064 0.0434196
Chain
	Aln	1	+HG002_ont_107_start_803484 0 14998 15000 -edge_1_0_+disjointig_1_0_998487 802477 817475 998487 -1 -1 12264 0.0404126
Chain
	Aln	0	-HG002_ont_107_start_803484 1 14999 15000 +edge_1_0_+disjointig_1_0_998487 181011 196009 998487 -1 -1 12264 0.0404126
Chain
	Aln	1	+HG002_ont_108_start_197472 11 14998 15000 -edge_1_0_+disjointig_1_0_998487 196476 211463 998487 -1 -1 12098 0.0429676
Chain
	Aln	0	-HG002_ont_108_start_197472 1 14988 15000 +edge_1_0_+disjointig_1_0_998487 787023 802010 998487 -1 -1 12098 0.0429676
Chain
	Aln	1	+HG002_ont_109_start_241390 1 14948 15000 -edge_1_0_+disjointig_1_0_998487 240384 255331 998487 -1 -1 12207 0.0418006
Chain
	Aln	0	-HG002_ont_109_start_241390 51 14998 15000 +edge_1_0_+disjointig_1_0_998487 743155 758102 998487 -1 -1 12207 0.0418006
Chain
	Aln	1	+HG002_ont_110_start_608724 16 14998 15000 -edge_1_0_+disjointig_1_0_998487 607733 622715 998487 -1 -1 12572 0.0379963
Chain
	Aln	0	-HG002_ont_110_start_608724 1 14983 15000 +edge_1_0_+disjointig_1_0_998487 375771 390753 998487 -1 -1 12572 0.0379963
Chain
	Aln	1	+HG002_ont_112_start_706421 1 14998 15000 -edge_1_0_+disjointig_1_0_998487 705415 720412 998487 -1 -1 12373 0.0400589
Chain
	Aln	0	-HG002_ont_112_start_706421 1 14998 15000 +edge_1_0_+disjointig_1_0_998487 278074 293071 998487 -1 -1 12373 0.0400589
Chain
	Aln	1	+HG002_ont_111_start_110997 1 14998 15000 -edge_1_0_+disjointig_1_0_998487 109991 124988 998487 -1 -1 12145 0.0426251
Chain
	Aln	0	-HG002_ont_111_start_110997 1 14998 15000 +edge_1_0_+disjointig_1_0_998487 873498 888495 998487 -1 -1 12145 0.0426251
Chain
	Aln	1	+HG002_ont_113_start_959478 18 14998 15000 -edge_1_0_+disjointig_1_0_998487 958489 973469 998487 -1 -1 12390 0.038879
Chain
	Aln	0	-HG002_ont_113_start_959478 1 14981 15000 +edge_1_0_+disjointig_1_0_998487 25017 39997 998487 -1 -1 12390 0.038879
Chain
	Aln	1	+HG002_ont_114_start_349210 9 14998 15000 -edge_1_0_+disjointig_1_0_998487 348212 363201 998487 -1 -1 12356 0.0410359
Chain
	Aln	0	-HG002_ont_114_start_349210 1 14990 15000 +edge_1_0_+disjointig_1_0_998487 635285 650274 998487 -1 -1 12356 0.0410359
Chain
	Aln	1	+HG002_ont_115_start_227218 6 14981 15000 -edge_1_0_+disjointig_1_0_998487 226217 241192 998487 -1 -1 12317 0.0396634
Chain
	Aln	0	-HG002_ont_115_start_227218 18 14993 15000 +edge_1_0_+disjointig_1_0_998487 757294 772269 998487 -1 -1 12317 0.0396634
Chain
	Aln	1	+HG002_ont_116_start_596003 37 14998 15000 -edge_1_0_+disjointig_1_0_998487 595033 609994 998487 -1 -1 12118 0.0416717
Chain
	Aln	0	-HG002_ont_116_start_596003 1 14962 15000 +edge_1_0_+disjointig_1_0_998487 388492 403453 998487 -1 -1 12118 0.0416717
Chain
	Aln	1	+HG002_ont_117_start_579181 1 14998 15000 -edge_1_0_+disjointig_1_0_998487 578175 593172 998487 -1 -1 12320 0.0407214
Chain
	Aln	0	-HG002_ont_117_start_579181 1 14998 15000 +edge_1_0_+disjointig_1_0_998487 405314 420311 998487 -1 -1 12320 0.0407214
Chain
	Aln	1	+HG002_ont_118_start_15790 2 14998 15000 -edge_1_0_+disjointig_1_0_998487 14785 29781 998487 -1 -1 12217 0.0415304
Chain
	Aln	0	-HG002_ont_118_start_15790 1 14997 15000 +edge_1_0_+disjointig_1_0_998487 968705 983701 998487 -1 -1 12217 0.0415304
Chain
	Aln	1	+HG002_ont_119_start_133056 28 14998 15000 -edge_1_0_+disjointig_1_0_998487 132077 147047 998487 -1 -1 12275 0.0389844
Chain
	Aln	0	-HG002_ont_119_start_133056 1 14971 15000 +edge_1_0_+disjointig_1_0_998487 851439 866409 998487 -1 -1 12275 0.0389844
Chain
	Aln	1	+HG002_ont_120_start_355044 15 14998 15000 -edge_1_0_+disjointig_1_0_998487 354052 369035 998487 -1 -1 12175 0.042199
Chain
	Aln	0	-HG002_ont_120_start_355044 1 14984 15000 +edge_1_0_+disjointig_1_0_998487 629451 644434 998487 -1 -1 12175 0.042199
Chain
	Aln	1	+HG002_ont_121_start_816463 0 14998 15000 -edge_1_0_+disjointig_1_0_998487 815456 830454 998487 -1 -1 12472 0.0389345
Chain
	Aln	0	-HG002_ont_121_start_816463 1 14999 15000 +edge_1_0_+disjointig_1_0_998487 168032 183030 998487 -1 -1 12472 0.0389345
Chain
	Aln	1	+HG002_ont_122_start_413134 15 14979 15000 -edge_1_0_+disjointig_1_0_998487 412142 427106 998487 -1 -1 12386 0.0384825
Chain
	Aln	0	-HG002_ont_122_start_413134 20 14984 15000 +edge_1_0_+disjointig_1_0_998487 571380 586344 998487 -1 -1 12386 0.0384825
Chain
	Aln	1	+HG002_ont_123_start_669583 1 14995 15000 -edge_1_0_+disjointig_1_0_998487 668577 683571 998487 -1 -1 12388 0.039684
Chain
	Aln	0	-HG002_ont_123_start_669583 4 14998 15000 +edge_1_0_+disjointig_1_0_998487 314915 329909 998487 -1 -1 12388 0.039684
Chain
	Aln	1	+HG002_ont_124_start_785075 0 14995 15000 -edge_1_0_+disjointig_1_0_998487 784068 799063 998487 -1 -1 12272 0.0417255
Chain
	Aln	0	-HG002_ont_124_start_785075 4 14999 15000 +edge_1_0_+disjointig_1_0_998487 199423 214418 998487 -1 -1 12272 0.0417255
Chain
	Aln	1	+HG002_ont_125_start_144878 9 14981 15000 -edge_1_0_+disjointig_1_0_998487 143880 158852 998487 -1 -1 12366 0.0393977
Chain
	Aln	0	-HG002_ont_125_start_144878 18 14990 15000 +edge_1_0_+disjointig_1_0_998487 839634 854606 998487 -1 -1 12366 0.0393977
Chain
	Aln	1	+HG002_ont_126_start_93873 1 14998 15000 -edge_1_0_+disjointig_1_0_998487 92867 107864 998487 -1 -1 12266 0.0412726
Chain
	Aln	0	-HG002_ont_126_start_93873 1 14998 15000 +edge_1_0_+disjointig_1_0_998487 890622 905619 998487 -1 -1 12266 0.0412726
Chain
	Aln	1	+HG002_ont_127_start_668135 54 14983 15000 -edge_1_0_+disjointig_1_0_998487 667182 682111 998487 -1 -1 12465 0.0376307
Chain
	Aln	0	-HG002_ont_127_start_668135 16 14945 15000 +edge_1_0_+disjointig_1_0_998487 316375 331304 998487 -1 -1 12465 0.0376307
Chain
	Aln	1	+HG002_ont_128_start_558320 1 14998 15000 -edge_1_0_+disjointig_1_0_998487 557314 572311 998487 -1 -1 12656 0.0361391
Chain
	Aln	0	-HG002_ont_128_start_558320 1 14998 15000 +edge_1_0_+disjointig_1_0_998487 426175 441172 998487 -1 -1 12656 0.0361391
Chain
	Aln	1	+HG002_ont_129_start_147080 7 14998 15000 -edge_1_0_+disjointig_1_0_998487 146080 161071 998487 -1 -1 12404 0.0399192
Chain
	Aln	0	-HG002_ont_129_start_147080 1 14992 15000 +edge_1_0_+disjointig_1_0_998487 837415 852406 998487 -1 -1 12404 0.0399192
Chain
	Aln	1	+HG002_ont_130_start_684669 10 14998 15000 -edge_1_0_+disjointig_1_0_998487 683672 698660 998487 -1 -1 12533 0.038918
Chain
	Aln	0	-HG002_ont_130_start_684669 1 14989 15000 +edge_1_0_+disjointig_1_0_998487 299826 314814 998487 -1 -1 12533 0.038918
Chain
	Aln	1	+HG002_ont_132_start_980531 7 14983 15000 -edge_1_0_+disjointig_1_0_998487 979531 994507 998487 -1 -1 12398 0.0399068
Chain
	Aln	0	-HG002_ont_132_start_980531 16 14992 15000 +edge_1_0_+disjointig_1_0_998487 3979 18955 998487 -1 -1 12398 0.0399068
Chain
	Aln	1	+HG002_ont_131_start_285691 1 14998 15000 -edge_1_0_+disjointig_1_0_998487 284685 299682 998487 -1 -1 12435 0.0409491
Chain
	Aln	0	-HG002_ont_131_start_285691 1 14998 15000 +edge_1_0_+disjointig_1_0_998487 698804 713801 998487 -1 -1 12435 0.0409491
Chain
	Aln	1	+HG002_ont_133_start_904322 6 14998 15000 -edge_1_0_+disjointig_1_0_998487 903321 918313 998487 -1 -1 12347 0.0387666
Chain
	Aln	0	-HG002_ont_133_start_904322 1 14993 15000 +edge_1_0_+disjointig_1_0_998487 80173 95165 998487 -1 -1 12347 0.0387666
Chain
	Aln	1	+HG002_ont_135_start_701375 1 14998 15000 -edge_1_0_+disjointig_1_0_998487 700369 715366 998487 -1 -1 11846 0.0446931
Chain
	Aln	0	-HG002_ont_135_start_701375 1 14998 15000 +edge_1_0_+disjointig_1_0_998487 283120 298117 998487 -1 -1 11846 0.0446931
Chain
	Aln	1	+HG002_ont_136_start_539935 24 14998 15000 -edge_1_0_+disjointig_1_0_998487 538952 553926 998487 -1 -1 12315 0.0431043
Chain
	Aln	0	-HG002_ont_136_start_539935 1 14975 15000 +edge_1_0_+disjointig_1_0_998487 444560 459534 998487 -1 -1 12315 0.0431043
Chain
	Aln	1	+HG002_ont_134_start_796800 2 14998 15000 -edge_1_0_+disjointig_1_0_998487 795795 810791 998487 -1 -1 12350 0.0398616
Chain
	Aln	0	-HG002_ont_134_start_796800 1 14997 15000 +edge_1_0_+disjointig_1_0_998487 187695 202691 998487 -1 -1 12350 0.0398616
Chain
	Aln	1	+HG002_ont_137_start_470394 19 14998 15000 -edge_1_0_+disjointig_1_0_998487 469406 484385 998487 -1 -1 12394 0.0404473
Chain
	Aln	0	-HG002_ont_137_start_470394 1 14980 15000 +edge_1_0_+disjointig_1_0_998487 514101 529080 998487 -1 -1 12394 0.0404473
Chain
	Aln	1	+HG002_ont_138_start_115495 1 14998 15000 -edge_1_0_+disjointig_1_0_998487 114489 129486 998487 -1 -1 12203 0.0397651
Chain
	Aln	0	-HG002_ont_138_start_115495 1 14998 15000 +edge_1_0_+disjointig_1_0_998487 869000 883997 998487 -1 -1 12203 0.0397651
Chain
	Aln	1	+HG002_ont_139_start_961676 3 14998 15000 -edge_1_0_+disjointig_1_0_998487 960672 975667 998487 -1 -1 11890 0.0452582
Chain
	Aln	0	-HG002_ont_139_start_961676 1 14996 15000 +edge_1_0_+disjointig_1_0_998487 22819 37814 998487 -1 -1 11890 0.0452582
Chain
	Aln	1	+HG002_ont_140_start_103064 1 14998 15000 -edge_1_0_+disjointig_1_0_998487 102058 117055 998487 -1 -1 12783 0.0372
Chain
	Aln	0	-HG002_ont_140_start_103064 1 14998 15000 +edge_1_0_+disjointig_1_0_998487 881431 896428 998487 -1 -1 12783 0.0372
Chain
	Aln	1	+HG002_ont_141_start_368813 1 14995 15000 -edge_1_0_+disjointig_1_0_998487 367807 382801 998487 -1 -1 12153 0.0406391
Chain
	Aln	0	-HG002_ont_141_start_368813 4 14998 15000 +edge_1_0_+disjointig_1_0_998487 615685 630679 998487 -1 -1 12153 0.0406391
Chain
	Aln	1	+HG002_ont_142_start_847977 0 14997 15000 -edge_1_0_+disjointig_1_0_998487 846970 861967 998487 -1 -1 12172 0.0427954
Chain
	Aln	0	-HG002_ont_142_start_847977 2 14999 15000 +edge_1_0_+disjointig_1_0_998487 136519 151516 998487 -1 -1 12172 0.0427954
Chain
	Aln	1	+HG002_ont_143_start_634088 37 14998 15000 -edge_1_0_+disjointig_1_0_998487 633118 648079 998487 -1 -1 12442 0.0402517
Chain
	Aln	0	-HG002_ont_143_start_634088 1 14962 15000 +edge_1_0_+disjointig_1_0_998487 350407 365368 998487 -1 -1 12442 0.0402517
Chain
	Aln	1	+HG002_ont_144_start_547244 0 14998 15000 -edge_1_0_+disjointig_1_0_998487 546237 561235 998487 -1 -1 12228 0.0440466
Chain
	Aln	0	-HG002_ont_144_start_547244 1 14999 15000 +edge_1_0_+disjointig_1_0_998487 437251 452249 998487 -1 -1 12228 0.0440466
Chain
	Aln	1	+HG002_ont_145_start_598429 14 14945 15000 -edge_1_0_+disjointig_1_0_998487 597436 612367 998487 -1 -1 12206 0.0391137
Chain
	Aln	0	-HG002_ont_145_start_598429 54 14985 15000 +edge_1_0_+disjointig_1_0_998487 386119 401050 998487 -1 -1 12206 0.0391137
Chain
	Aln	1	+HG002_ont_146_start_731124 16 14993 15000 -edge_1_0_+disjointig_1_0_998487 730133 745110 998487 -1 -1 12302 0.0416708
Chain
	Aln	0	-HG002_ont_146_start_731124 6 14983 15000 +edge_1_0_+disjointig_1_0_998487 253376 268353 998487 -1 -1 12302 0.0416708
Chain
	Aln	1	+HG002_ont_147_start_188096 1 14998 15000 -edge_1_0_+disjointig_1_0_998487 187090 202087 998487 -1 -1 11921 0.0423666
Chain
	Aln	0	-HG002_ont_147_start_188096 1 14998 15000 +edge_1_0_+disjointig_1_0_998487 796399 811396 998487 -1 -1 11921 0.0423666
Chain
	Aln	1	+HG002_ont_148_start_794531 29 14998 15000 -edge_1_0_+disjointig_1_0_998487 793553 808522 998487 -1 -1 12351 0.0422728
Chain
	Aln	0	-HG002_ont_148_start_794531 1 14970 15000 +edge_1_0_+disjointig_1_0_998487 189964 204933 998487 -1 -1 12351 0.0422728
Chain
	Aln	1	+HG002_ont_149_start_604126 4 14989 15000 -edge_1_0_+disjointig_1_0_998487 603123 618108 998487 -1 -1 12551 0.0379257
Chain
	Aln	0	-HG002_ont_149_start_604126 10 14995 15000 +edge_1_0_+disjointig_1_0_998487 380378 395363 998487 -1 -1 12551 0.0379257
Chain
	Aln	1	+HG002_ont_150_start_581980 0 14980 15000 -edge_1_0_+disjointig_1_0_998487 580973 595953 998487 -1 -1 12666 0.0368167
Chain
	Aln	0	-HG002_ont_150_start_581980 19 14999 15000 +edge_1_0_+disjointig_1_0_998487 402533 417513 998487 -1 -1 12666 0.0368167
Chain
	Aln	1	+HG002_ont_151_start_622686 1 14998 15000 -edge_1_0_+disjointig_1_0_998487 621680 636677 998487 -1 -1 12079 0.0416138
Chain
	Aln	0	-HG002_ont_151_start_622686 1 14998 15000 +edge_1_0_+disjointig_1_0_998487 361809 376806 998487 -1 -1 12079 0.0416138
Chain
	Aln	1	+HG002_ont_152_start_472253 4 14981 15000 -edge_1_0_+disjointig_1_0_998487 471250 486227 998487 -1 -1 12278 0.0423769
Chain
	Aln	0	-HG002_ont_152_start_472253 18 14995 15000 +edge_1_0_+disjointig_1_0_998487 512259 527236 998487 -1 -1 12278 0.0423769
Chain
	Aln	1	+HG002_ont_153_start_955141 41 14998 15000 -edge_1_0_+disjointig_1_0_998487 954175 969132 998487 -1 -1 12225 0.0422095
Chain
	Aln	0	-HG002_ont_153_start_955141 1 14958 15000 +edge_1_0_+disjointig_1_0_998487 29354 44311 998487 -1 -1 12225 0.0422095
Chain
	Aln	1	+HG002_ont_154_start_521847 2 14998 15000 -edge_1_0_+disjointig_1_0_998487 520842 535838 998487 -1 -1 12004 0.0440387
Chain
	Aln	0	-HG002_ont_154_start_521847 1 14997 15000 +edge_1_0_+disjointig_1_0_998487 462648 477644 998487 -1 -1 12004 0.0440387
Chain
	Aln	1	+HG002_ont_155_start_101781 1 14979 15000 -edge_1_0_+disjointig_1_0_998487 100775 115753 998487 -1 -1 12661 0.0376743
Chain
	Aln	0	-HG002_ont_155_start_101781 20 14998 15000 +edge_1_0_+disjointig_1_0_998487 882733 897711 998487 -1 -1 12661 0.0376743
Chain
	Aln	1	+HG002_ont_156_start_448932 6 14988 15000 -edge_1_0_+disjointig_1_0_998487 447931 462913 998487 -1 -1 12274 0.0400233
Chain
	Aln	0	-HG002_ont_156_start_448932 11 14993 15000 +edge_1_0_+disjointig_1_0_998487 535573 550555 998487 -1 -1 12274 0.0400233
Chain
	Aln	1	+HG002_ont_157_start_357338 1 14998 15000 -edge_1_0_+disjointig_1_0_998487 356332 371329 998487 -1 -1 12372 0.0420852
Chain
	Aln	0	-HG002_ont_157_start_357338 1 14998 15000 +edge_1_0_+disjointig_1_0_998487 627157 642154 998487 -1 -1 12372 0.0420852
Chain
	Aln	1	+HG002_ont_158_start_455691 29 14927 15000 -edge_1_0_+disjointig_1_0_998487 454713 469611 998487 -1 -1 12469 0.0401674
Chain
	Aln	0	-HG002_ont_158_start_455691 72 14970 15000 +edge_1_0_+disjointig_1_0_998487 528875 543773 998487 -1 -1 12469 0.0401674
Chain
	Aln	1	+HG002_ont_160_start_43465 1 14998 15000 -edge_1_0_+disjointig_1_0_998487 42459 57456 998487 -1 -1 12179 0.0423505
Chain
	Aln	0	-HG002_ont_160_start_43465 1 14998 15000 +edge_1_0_+disjointig_1_0_998487 941030 956027 998487 -1 -1 12179 0.0423505
Chain
	Aln	1	+HG002_ont_159_start_822649 1 14997 15000 -edge_1_0_+disjointig_1_0_998487 821643 836639 998487 -1 -1 12339 0.0415781
Chain
	Aln	0	-HG002_ont_159_start_822649 2 14998 15000 +edge_1_0_+disjointig_1_0_998487 161847 176843 998487 -1 -1 12339 0.0415781
Chain
	Aln	1	+HG002_ont_161_start_487304 6 14998 15000 -edge_1_0_+disjointig_1_0_998487 486303 501295 998487 -1 -1 12240 0.0410792
Chain
	Aln	0	-HG002_ont_161_start_487304 1 14993 15000 +edge_1_0_+disjointig_1_0_998487 497191 512183 998487 -1 -1 12240 0.0410792
Chain
	Aln	1	+HG002_ont_162_start_64550 1 14998 15000 -edge_1_0_+disjointig_1_0_998487 63544 78541 998487 -1 -1 12184 0.0425685
Chain
	Aln	0	-HG002_ont_162_start_64550 1 14998 15000 +edge_1_0_+disjointig_1_0_998487 919945 934942 998487 -1 -1 12184 0.0425685
Chain
	Aln	1	+HG002_ont_164_start_261050 1 14998 15000 -edge_1_0_+disjointig_1_0_998487 260044 275041 998487 -1 -1 12078 0.0453
Chain
	Aln	0	-HG002_ont_164_start_261050 1 14998 15000 +edge_1_0_+disjointig_1_0_998487 723445 738442 998487 -1 -1 12078 0.0453
Chain
	Aln	1	+HG002_ont_163_start_744224 24 14978 15000 -edge_1_0_+disjointig_1_0_998487 743241 758195 998487 -1 -1 12377 0.0397352
Chain
	Aln	0	-HG002_ont_163_start_744224 21 14975 15000 +edge_1_0_+disjointig_1_0_998487 240291 255245 998487 -1 -1 12377 0.0397352
Chain
	Aln	1	+HG002_ont_165_start_325840 70 14998 15000 -edge_1_0_+disjointig_1_0_998487 324903 339831 998487 -1 -1 12139 0.0427927
Chain
	Aln	0	-HG002_ont_165_start_325840 1 14929 15000 +edge_1_0_+disjointig_1_0_998487 658655 673583 998487 -1 -1 12139 0.0427927
Chain
	Aln	1	+HG002_ont_166_start_68482 1 14998 15000 -edge_1_0_+disjointig_1_0_998487 67476 82473 998487 -1 -1 12389 0.0393196
Chain
	Aln	0	-HG002_ont_166_start_68482 1 14998 15000 +edge_1_0_+disjointig_1_0_998487 916013 931010 998487 -1 -1 12389 0.0393196
Chain
	Aln	1	+HG002_ont_167_start_442396 6 14998 15000 -edge_1_0_+disjointig_1_0_998487 441395 456387 998487 -1 -1 12043 0.0434371
Chain
	Aln	0	-HG002_ont_167_start_442396 1 14993 15000 +edge_1_0_+disjointig_1_0_998487 542099 557091 998487 -1 -1 12043 0.0434371
Chain
	Aln	1	+HG002_ont_168_start_854983 1 14998 15000 -edge_1_0_+disjointig_1_0_998487 853977 868974 998487 -1 -1 12166 0.0431047
Chain
	Aln	0	-HG002_ont_168_start_854983 1 14998 15000 +edge_1_0_+disjointig_1_0_998487 129512 144509 998487 -1 -1 12166 0.0431047
Chain
	Aln	1	+HG002_ont_169_start_610167 9 14985 15000 -edge_1_0_+disjointig_1_0_998487 609169 624145 998487 -1 -1 11933 0.0433579
Chain
	Aln	0	-HG002_ont_169_start_610167 14 14990 15000 +edge_1_0_+disjointig_1_0_998487 374341 389317 998487 -1 -1 11933 0.0433579
Chain
	Aln	1	+HG002_ont_170_start_822754 1 14998 15000 -edge_1_0_+disjointig_1_0_998487 821748 836745 998487 -1 -1 12213 0.0408077
Chain
	Aln	0	-HG002_ont_170_start_822754 1 14998 15000 +edge_1_0_+disjointig_1_0_998487 161741 176738 998487 -1 -1 12213 0.0408077
Chain
	Aln	1	+HG002_ont_171_start_979858 0 14998 15000 -edge_1_0_+disjointig_1_0_998487 978851 993849 998487 -1 -1 12332 0.0417691
Chain
	Aln	0	-HG002_ont_171_start_979858 1 14999 15000 +edge_1_0_+disjointig_1_0_998487 4637 19635 998487 -1 -1 12332 0.0417691
Chain
	Aln	1	+HG002_ont_172_start_983998 0 14998 15000 -edge_1_0_+disjointig_1_0_998487 982991 997989 998487 -1 -1 12404 0.0422176
Chain
	Aln	0	-HG002_ont_172_start_983998 1 14999 15000 +edge_1_0_+disjointig_1_0_998487 497 15495 998487 -1 -1 12404 0.0422176
Chain
	Aln	1	+HG002_ont_174_start_351875 20 14998 15000 -edge_1_0_+disjointig_1_0_998487 350888 365866 998487 -1 -1 12219 0.0429894
Chain
	Aln	0	-HG002_ont_174_start_351875 1 14979 15000 +edge_1_0_+disjointig_1_0_998487 632620 647598 998487 -1 -1 12219 0.0429894
Chain
	Aln	1	+HG002_ont_173_start_489427 30 14998 15000 -edge_1_0_+disjointig_1_0_998487 488450 503418 998487 -1 -1 11884 0.0442614
Chain
	Aln	0	-HG002_ont_173_start_489427 1 14969 15000 +edge_1_0_+disjointig_1_0_998487 495068 510036 998487 -1 -1 11884 0.0442614
Chain
	Aln	1	+HG002_ont_175_start_561620 0 14998 15000 -edge_1_0_+disjointig_1_0_998487 560613 575611 998487 -1 -1 12487 0.0386992
Chain
	Aln	0	-HG002_ont_175_start_561620 1 14999 15000 +edge_1_0_+disjointig_1_0_998487 422875 437873 998487 -1 -1 12487 0.0386992
Chain
	Aln	1	+HG002_ont_176_start_53476 1 14998 15000 -edge_1_0_+disjointig_1_0_998487 52470 67467 998487 -1 -1 12311 0.042836
Chain
	Aln	0	-HG002_ont_176_start_53476 1 14998 15000 +edge_1_0_+disjointig_1_0_998487 931019 946016 998487 -1 -1 12311 0.042836
Chain
	Aln	1	+HG002_ont_177_start_228631 1 14974 15000 -edge_1_0_+disjointig_1_0_998487 227625 242598 998487 -1 -1 12104 0.0424743
Chain
	Aln	0	-HG002_ont_177_start_228631 25 14998 15000 +edge_1_0_+disjointig_1_0_998487 755888 770861 998487 -1 -1 12104 0.0424743
Chain
	Aln	1	+HG002_ont_178_start_57279 1 14990 15000 -edge_1_0_+disjointig_1_0_998487 56273 71262 998487 -1 -1 12378 0.0411148
Chain
	Aln	0	-HG002_ont_178_start_57279 9 14998 15000 +edge_1_0_+disjointig_1_0_998487 927224 942213 998487 -1 -1 12378 0.0411148
Chain
	Aln	1	+HG002_ont_179_start_181757 1 14983 15000 -edge_1_0_+disjointig_1_0_998487 180751 195733 998487 -1 -1 12076 0.0422192
Chain
	Aln	0	-HG002_ont_179_start_181757 16 14998 15000 +edge_1_0_+disjointig_1_0_998487 802753 817735 998487 -1 -1 12076 0.0422192
Chain
	Aln	1	+HG002_ont_180_start_176759 1 14980 15000 -edge_1_0_+disjointig_1_0_998487 175753 190732 998487 -1 -1 12113 0.0415272
Chain
	Aln	0	-HG002_ont_180_start_176759 19 14998 15000 +edge_1_0_+disjointig_1_0_998487 807754 822733 998487 -1 -1 12113 0.0415272
Chain
	Aln	1	+HG002_ont_181_start_515608 0 14959 15000 -edge_1_0_+disjointig_1_0_998487 514601 529560 998487 -1 -1 12306 0.0415681
Chain
	Aln	0	-HG002_ont_181_start_515608 40 14999 15000 +edge_1_0_+disjointig_1_0_998487 468926 483885 998487 -1 -1 12306 0.0415681
Chain
	Aln	1	+HG002_ont_182_start_563294 0 14985 15000 -edge_1_0_+disjointig_1_0_998487 562287 577272 998487 -1 -1 12273 0.0402915
Chain
	Aln	0	-HG002_ont_182_start_563294 14 14999 15000 +edge_1_0_+disjointig_1_0_998487 421214 436199 998487 -1 -1 12273 0.0402915
Chain
	Aln	1	+HG002_ont_183_start_294248 11 14998 15000 -edge_1_0_+disjointig_1_0_998487 293252 308239 998487 -1 -1 12469 0.0387925
Chain
	Aln	0	-HG002_ont_183_start_294248 1 14988 15000 +edge_1_0_+disjointig_1_0_998487 690247 705234 998487 -1 -1 12469 0.0387925
Chain
	Aln	1	+HG002_ont_184_start_864161 1 14952 15000 -edge_1_0_+disjointig_1_0_998487 863155 878106 998487 -1 -1 12293 0.0411315
Chain
	Aln	0	-HG002_ont_184_start_864161 47 14998 15000 +edge_1_0_+disjointig_1_0_998487 120380 135331 998487 -1 -1 12293 0.0411315
Chain
	Aln	1	+HG002_ont_185_start_555683 1 14998 15000 -edge_1_0_+disjointig_1_0_998487 554677 569674 998487 -1 -1 12067 0.0435225
Chain
	Aln	0	-HG002_ont_185_start_555683 1 14998 15000 +edge_1_0_+disjointig_1_0_998487 428812 443809 998487 -1 -1 12067 0.0435225
Chain
	Aln	1	+HG002_ont_186_start_283553 34 14961 15000 -edge_1_0_+disjointig_1_0_998487 282580 297507 998487 -1 -1 12510 0.0386097
Chain
	Aln	0	-HG002_ont_186_start_283553 38 14965 15000 +edge_1_0_+disjointig_1_0_998487 700979 715906 998487 -1 -1 12510 0.0386097
Chain
	Aln	1	+HG002_ont_187_start_167625 7 14998 15000 -edge_1_0_+disjointig_1_0_998487 166625 181616 998487 -1 -1 12085 0.0412887
Chain
	Aln	0	-HG002_ont_187_start_167625 1 14992 15000 +edge_1_0_+disjointig_1_0_998487 816870 831861 998487 -1 -1 12085 0.0412887
Chain
	Aln	1	+HG002_ont_190_start_526774 11 14998 15000 -edge_1_0_+disjointig_1_0_998487 525778 540765 998487 -1 -1 11966 0.0412017
Chain
	Aln	0	-HG002_ont_190_start_526774 1 14988 15000 +edge_1_0_+disjointig_1_0_998487 457721 472708 998487 -1 -1 11966 0.0412017
Chain
	Aln	1	+HG002_ont_188_start_219162 13 14990 15000 -edge_1_0_+disjointig_1_0_998487 218168 233145 998487 -1 -1 12065 0.0400114
Chain
	Aln	0	-HG002_ont_188_start_219162 9 14986 15000 +edge_1_0_+disjointig_1_0_998487 765341 780318 998487 -1 -1 12065 0.0400114
Chain
	Aln	1	+HG002_ont_189_start_677543 13 14998 15000 -edge_1_0_+disjointig_1_0_998487 676549 691534 998487 -1 -1 12109 0.0430005
Chain
	Aln	0	-HG002_ont_189_start_677543 1 14986 15000 +edge_1_0_+disjointig_1_0_998487 306952 321937 998487 -1 -1 12109 0.0430005
Chain
	Aln	1	+HG002_ont_191_start_142212 0 14998 15000 -edge_1_0_+disjointig_1_0_998487 141205 156203 998487 -1 -1 12198 0.0427182
Chain
	Aln	0	-HG002_ont_191_start_142212 1 14999 15000 +edge_1_0_+disjointig_1_0_998487 842283 857281 998487 -1 -1 12198 0.0427182
Chain
	Aln	1	+HG002_ont_193_start_501707 1 14989 15000 -edge_1_0_+disjointig_1_0_998487 500701 515689 998487 -1 -1 11985 0.0437673
Chain
	Aln	0	-HG002_ont_193_start_501707 10 14998 15000 +edge_1_0_+disjointig_1_0_998487 482797 497785 998487 -1 -1 11985 0.0437673
Chain
	Aln	1	+HG002_ont_192_start_349011 25 14998 15000 -edge_1_0_+disjointig_1_0_998487 348029 363002 998487 -1 -1 12364 0.0405332
Chain
	Aln	0	-HG002_ont_192_start_349011 1 14974 15000 +edge_1_0_+disjointig_1_0_998487 635484 650457 998487 -1 -1 12364 0.0405332
Chain
	Aln	1	+HG002_ont_194_start_183360 29 14998 15000 -edge_1_0_+disjointig_1_0_998487 182382 197351 998487 -1 -1 12319 0.0411231
Chain
	Aln	0	-HG002_ont_194_start_183360 1 14970 15000 +edge_1_0_+disjointig_1_0_998487 801135 816104 998487 -1 -1 12319 0.0411231
Chain
	Aln	1	+HG002_ont_195_start_892732 0 14985 15000 -edge_1_0_+disjointig_1_0_998487 891725 906710 998487 -1 -1 12263 0.0401204
Chain
	Aln	0	-HG002_ont_195_start_892732 14 14999 15000 +edge_1_0_+disjointig_1_0_998487 91776 106761 998487 -1 -1 12263 0.0401204
Chain
	Aln	1	+HG002_ont_197_start_811923 11 14998 15000 -edge_1_0_+disjointig_1_0_998487 810927 825914 998487 -1 -1 12342 0.0390283
Chain
	Aln	0	-HG002_ont_197_start_811923 1 14988 15000 +edge_1_0_+disjointig_1_0_998487 172572 187559 998487 -1 -1 12342 0.0390283
Chain
	Aln	1	+HG002_ont_196_start_969243 1 14998 15000 -edge_1_0_+disjointig_1_0_998487 968237 983234 998487 -1 -1 12415 0.0376744
Chain
	Aln	0	-HG002_ont_196_start_969243 1 14998 15000 +edge_1_0_+disjointig_1_0_998487 15252 30249 998487 -1 -1 12415 0.0376744
Chain
	Aln	1	+HG002_ont_198_start_814497 3 14998 15000 -edge_1_0_+disjointig_1_0_998487 813493 828488 998487 -1 -1 12183 0.0419251
Chain
	Aln	0	-HG002_ont_198_start_814497 1 14996 15000 +edge_1_0_+disjointig_1_0_998487 169998 184993 998487 -1 -1 12183 0.0419251
Chain
	Aln	1	+HG002_ont_199_start_87467 25 14998 15000 -edge_1_0_+disjointig_1_0_998487 86485 101458 998487 -1 -1 12513 0.0384046
Chain
	Aln	0	-HG002_ont_199_start_87467 1 14974 15000 +edge_1_0_+disjointig_1_0_998487 897028 912001 998487 -1 -1 12513 0.0384046
Chain
	Aln	1	+HG002_ont_201_start_320255 1 14998 15000 -edge_1_0_+disjointig_1_0_998487 319249 334246 998487 -1 -1 12111 0.0438191
Chain
	Aln	0	-HG002_ont_201_start_320255 1 14998 15000 +edge_1_0_+disjointig_1_0_998487 664240 679237 998487 -1 -1 12111 0.0438191
Chain
	Aln	1	+HG002_ont_200_start_149809 0 14998 15000 -edge_1_0_+disjointig_1_0_998487 148802 163800 998487 -1 -1 12170 0.0416575
Chain
	Aln	0	-HG002_ont_200_start_149809 1 14999 15000 +edge_1_0_+disjointig_1_0_998487 834686 849684 998487 -1 -1 12170 0.0416575
Chain
	Aln	1	+HG002_ont_202_start_470875 61 14998 15000 -edge_1_0_+disjointig_1_0_998487 469929 484866 998487 -1 -1 12290 0.0421228
Chain
	Aln	0	-HG002_ont_202_start_470875 1 14938 15000 +edge_1_0_+disjointig_1_0_998487 513620 528557 998487 -1 -1 12290 0.0421228
Chain
	Aln	1	+HG002_ont_203_start_256263 1 14993 15000 -edge_1_0_+disjointig_1_0_998487 255257 270249 998487 -1 -1 12237 0.0421218
Chain
	Aln	0	-HG002_ont_203_start_256263 6 14998 15000 +edge_1_0_+disjointig_1_0_998487 728237 743229 998487 -1 -1 12237 0.0421218
Chain
	Aln	1	+HG002_ont_204_start_231147 14 14988 15000 -edge_1_0_+disjointig_1_0_998487 230154 245128 998487 -1 -1 12265 0.0409376
Chain
	Aln	0	-HG002_ont_204_start_231147 11 14985 15000 +edge_1_0_+disjointig_1_0_998487 753358 768332 998487 -1 -1 12265 0.0409376
Chain
	Aln	1	+HG002_ont_205_start_339211 1 14998 15000 -edge_1_0_+disjointig_1_0_998487 338205 353202 998487 -1 -1 12332 0.0391438
Chain
	Aln	0	-HG002_ont_205_start_339211 1 14998 15000 +edge_1_0_+disjointig_1_0_998487 645284 660281 998487 -1 -1 12332 0.0391438
Chain
	Aln	1	+HG002_ont_206_start_475892 7 14998 15000 -edge_1_0_+disjointig_1_0_998487 474892 489883 998487 -1 -1 12351 0.0408312
Chain
	Aln	0	-HG002_ont_206_start_475892 1 14992 15000 +edge_1_0_+disjointig_1_0_998487 508603 523594 998487 -1 -1 12351 0.0408312
Chain
	Aln	1	+HG002_ont_207_start_253341 17 14998 15000 -edge_1_0_+disjointig_1_0_998487 252351 267332 998487 -1 -1 12284 0.0400659
Chain
	Aln	0	-HG002_ont_207_start_253341 1 14982 15000 +edge_1_0_+disjointig_1_0_998487 731154 746135 998487 -1 -1 12284 0.0400659
Chain
	Aln	1	+HG002_ont_208_start_76560 12 14998 15000 -edge_1_0_+disjointig_1_0_998487 75565 90551 998487 -1 -1 12694 0.0369873
Chain
	Aln	0	-HG002_ont_208_start_76560 1 14987 15000 +edge_1_0_+disjointig_1_0_998487 907935 922921 998487 -1 -1 12694 0.0369873
Chain
	Aln	1	+HG002_ont_209_start_330068 1 14998 15000 -edge_1_0_+disjointig_1_0_998487 329062 344059 998487 -1 -1 12430 0.0385214
Chain
	Aln	0	-HG002_ont_209_start_330068 1 14998 15000 +edge_1_0_+disjointig_1_0_998487 654427 669424 998487 -1 -1 12430 0.0385214
Chain
	Aln	1	+HG002_ont_210_start_5665 1 14987 15000 -edge_1_0_+disjointig_1_0_998487 4659 19645 998487 -1 -1 12233 0.0397374
Chain
	Aln	0	-HG002_ont_210_start_5665 12 14998 15000 +edge_1_0_+disjointig_1_0_998487 978841 993827 998487 -1 -1 12233 0.0397374
Chain
	Aln	1	+HG002_ont_211_start_110356 33 14998 15000 -edge_1_0_+disjointig_1_0_998487 109382 124347 998487 -1 -1 12204 0.0427998
Chain
	Aln	0	-HG002_ont_211_start_110356 1 14966 15000 +edge_1_0_+disjointig_1_0_998487 874139 889104 998487 -1 -1 12204 0.0427998
Chain
	Aln	1	+HG002_ont_212_start_675258 12 14994 15000 -edge_1_0_+disjointig_1_0_998487 674263 689245 998487 -1 -1 12006 0.0414993
Chain
	Aln	0	-HG002_ont_212_start_675258 5 14987 15000 +edge_1_0_+disjointig_1_0_998487 309241 324223 998487 -1 -1 12006 0.0414993
Chain
	Aln	1	+HG002_ont_213_start_691915 0 14998 15000 -edge_1_0_+disjointig_1_0_998487 690908 705906 998487 -1 -1 12505 0.0409059
Chain
	Aln	0	-HG002_ont_213_start_691915 1 14999 15000 +edge_1_0_+disjointig_1_0_998487 292580 307578 998487 -1 -1 12505 0.0409059
Chain
	Aln	1	+HG002_ont_214_start_242411 8 14998 15000 -edge_1_0_+disjointig_1_0_998487 241412 256402 998487 -1 -1 12094 0.0412135
Chain
	Aln	0	-HG002_ont_214_start_242411 1 14991 15000 +edge_1_0_+disjointig_1_0_998487 742084 757074 998487 -1 -1 12094 0.0412135
Chain
	Aln	1	+HG002_ont_215_start_778164 17 14988 15000 -edge_1_0_+disjointig_1_0_998487 777174 792145 998487 -1 -1 12335 0.0396322
Chain
	Aln	0	-HG002_ont_215_start_778164 11 14982 15000 +edge_1_0_+disjointig_1_0_998487 206341 221312 998487 -1 -1 12335 0.0396322
Chain
	Aln	1	+HG002_ont_217_start_402834 9 14998 15000 -edge_1_0_+disjointig_1_0_998487 401836 416825 998487 -1 -1 12192 0.0408156
Chain
	Aln	0	-HG002_ont_217_start_402834 1 14990 15000 +edge_1_0_+disjointig_1_0_998487 581661 596650 998487 -1 -1 12192 0.0408156
Chain
	Aln	1	+HG002_ont_218_start_401036 18 14998 15000 -edge_1_0_+disjointig_1_0_998487 400047 415027 998487 -1 -1 12130 0.0422919
Chain
	Aln	0	-HG002_ont_218_start_401036 1 14981 15000 +edge_1_0_+disjointig_1_0_998487 583459 598439 998487 -1 -1 12130 0.0422919
Chain
	Aln	1	+HG002_ont_216_start_448946 30 14998 15000 -edge_1_0_+disjointig_1_0_998487 447969 462937 998487 -1 -1 12611 0.0377693
Chain
	Aln	0	-HG002_ont_216_start_448946 1 14969 15000 +edge_1_0_+disjointig_1_0_998487 535549 550517 998487 -1 -1 12611 0.0377693
Chain
	Aln	1	+HG002_ont_219_start_971209 0 14976 15000 -edge_1_0_+disjointig_1_0_998487 970202 985178 998487 -1 -1 12264 0.0405763
Chain
	Aln	0	-HG002_ont_219_start_971209 23 14999 15000 +edge_1_0_+disjointig_1_0_998487 13308 28284 998487 -1 -1 12264 0.0405763
Chain
	Aln	1	+HG002_ont_220_start_550829 1 14998 15000 -edge_1_0_+disjointig_1_0_998487 549823 564820 998487 -1 -1 12378 0.0389153
Chain
	Aln	0	-HG002_ont_220_start_550829 1 14998 15000 +edge_1_0_+disjointig_1_0_998487 433666 448663 998487 -1 -1 12378 0.0389153
Chain
	Aln	1	+HG002_ont_221_start_888670 4 14998 15000 -edge_1_0_+disjointig_1_0_998487 887667 902661 998487 -1 -1 12486 0.0395455
Chain
	Aln	0	-HG002_ont_221_start_888670 1 14995 15000 +edge_1_0_+disjointig_1_0_998487 95825 110819 998487 -1 -1 12486 0.0395455
Chain
	Aln	1	+HG002_ont_222_start_461889 1 14998 15000 -edge_1_0_+disjointig_1_0_998487 460883 475880 998487 -1 -1 12293 0.0406822
Chain
	Aln	0	-HG002_ont_222_start_461889 1 14998 15000 +edge_1_0_+disjointig_1_0_998487 522606 537603 998487 -1 -1 12293 0.0406822
Chain
	Aln	1	+HG002_ont_224_start_421881 26 14981 15000 -edge_1_0_+disjointig_1_0_998487 420900 435855 998487 -1 -1 12379 0.0387428
Chain
	Aln	0	-HG002_ont_224_start_421881 18 14973 15000 +edge_1_0_+disjointig_1_0_998487 562631 577586 998487 -1 -1 12379 0.0387428
Chain
	Aln	1	+HG002_ont_223_start_751506 1 14984 15000 -edge_1_0_+disjointig_1_0_998487 750500 765483 998487 -1 -1 12028 0.0419661
Chain
	Aln	0	-HG002_ont_223_start_751506 15 14998 15000 +edge_1_0_+disjointig_1_0_998487 233003 247986 998487 -1 -1 12028 0.0419661
Chain
	Aln	1	+HG002_ont_225_start_436953 1 14982 15000 -edge_1_0_+disjointig_1_0_998487 435947 450928 998487 -1 -1 12365 0.0398104
Chain
	Aln	0	-HG002_ont_225_start_436953 17 14998 15000 +edge_1_0_+disjointig_1_0_998487 547558 562539 998487 -1 -1 12365 0.0398104
Chain
	Aln	1	+HG002_ont_226_start_752692 33 14992 15000 -edge_1_0_+disjointig_1_0_998487 751718 766677 998487 -1 -1 12084 0.0444266
Chain
	Aln	0	-HG002_ont_226_start_752692 7 14966 15000 +edge_1_0_+disjointig_1_0_998487 231809 246768 998487 -1 -1 12084 0.0444266
Chain
	Aln	1	+HG002_ont_228_start_205102 1 14998 15000 -edge_1_0_+disjointig_1_0_998487 204096 219093 998487 -1 -1 12418 0.041973
Chain
	Aln	0	-HG002_ont_228_start_205102 1 14998 15000 +edge_1_0_+disjointig_1_0_998487 779393 794390 998487 -1 -1 12418 0.041973
Chain
	Aln	1	+HG002_ont_227_start_754136 1 14988 15000 -edge_1_0_+disjointig_1_0_998487 753130 768117 998487 -1 -1 11984 0.0453794
Chain
	Aln	0	-HG002_ont_227_start_754136 11 14998 15000 +edge_1_0_+disjointig_1_0_998487 230369 245356 998487 -1 -1 11984 0.0453794
Chain
	Aln	1	+HG002_ont_229_start_696251 1 14977 15000 -edge_1_0_+disjointig_1_0_998487 695245 710221 998487 -1 -1 11944 0.0437946
Chain
	Aln	0	-HG002_ont_229_start_696251 22 14998 15000 +edge_1_0_+disjointig_1_0_998487 288265 303241 998487 -1 -1 11944 0.0437946
Chain
	Aln	1	+HG002_ont_230_start_187021 16 14958 15000 -edge_1_0_+disjointig_1_0_998487 186030 200972 998487 -1 -1 12469 0.040216
Chain
	Aln	0	-HG002_ont_230_start_187021 41 14983 15000 +edge_1_0_+disjointig_1_0_998487 797514 812456 998487 -1 -1 12469 0.040216
Chain
	Aln	1	+HG002_ont_231_start_909358 23 14998 15000 -edge_1_0_+disjointig_1_0_998487 908374 923349 998487 -1 -1 12093 0.0421836
Chain
	Aln	0	-HG002_ont_231_start_909358 1 14976 15000 +edge_1_0_+disjointig_1_0_998487 75137 90112 998487 -1 -1 12093 0.0421836
Chain
	Aln	1	+HG002_ont_232_start_436337 1 14998 15000 -edge_1_0_+disjointig_1_0_998487 435331 450328 998487 -1 -1 12385 0.0413439
Chain
	Aln	0	-HG002_ont_232_start_436337 1 14998 15000 +edge_1_0_+disjointig_1_0_998487 548158 563155 998487 -1 -1 12385 0.0413439
Chain
	Aln	1	+HG002_ont_233_start_42111 1 14998 15000 -edge_1_0_+disjointig_1_0_998487 41105 56102 998487 -1 -1 12376 0.0414152
Chain
	Aln	0	-HG002_ont_233_start_42111 1 14998 15000 +edge_1_0_+disjointig_1_0_998487 942384 957381 998487 -1 -1 12376 0.0414152
Chain
	Aln	1	+HG002_ont_236_start_703563 7 14983 15000 -edge_1_0_+disjointig_1_0_998487 702563 717539 998487 -1 -1 12281 0.0406939
Chain
	Aln	0	-HG002_ont_236_start_703563 16 14992 15000 +edge_1_0_+disjointig_1_0_998487 280947 295923 998487 -1 -1 12281 0.0406939
Chain
	Aln	1	+HG002_ont_234_start_616059 0 14998 15000 -edge_1_0_+disjointig_1_0_998487 615052 630050 998487 -1 -1 12367 0.0381565
Chain
	Aln	0	-HG002_ont_234_start_616059 1 14999 15000 +edge_1_0_+disjointig_1_0_998487 368436 383434 998487 -1 -1 12367 0.0381565
Chain
	Aln	1	+HG002_ont_235_start_21267 1 14998 15000 -edge_1_0_+disjointig_1_0_998487 20261 35258 998487 -1 -1 12357 0.0410594
Chain
	Aln	0	-HG002_ont_235_start_21267 1 14998 15000 +edge_1_0_+disjointig_1_0_998487 963228 978225 998487 -1 -1 12357 0.0410594
Chain
	Aln	1	+HG002_ont_238_start_58588 12 14973 15000 -edge_1_0_+disjointig_1_0_998487 57593 72554 998487 -1 -1 12267 0.0427922
Chain
	Aln	0	-HG002_ont_238_start_58588 26 14987 15000 +edge_1_0_+disjointig_1_0_998487 925932 940893 998487 -1 -1 12267 0.0427922
Chain
	Aln	1	+HG002_ont_239_start_892492 15 14998 15000 -edge_1_0_+disjointig_1_0_998487 891500 906483 998487 -1 -1 12411 0.0410833
Chain
	Aln	0	-HG002_ont_239_start_892492 1 14984 15000 +edge_1_0_+disjointig_1_0_998487 92003 106986 998487 -1 -1 12411 0.0410833
Chain
	Aln	1	+HG002_ont_237_start_24657 33 14974 15000 -edge_1_0_+disjointig_1_0_998487 23683 38624 998487 -1 -1 12402 0.0404857
Chain
	Aln	0	-HG002_ont_237_start_24657 25 14966 15000 +edge_1_0_+disjointig_1_0_998487 959862 974803 998487 -1 -1 12402 0.0404857
Chain
	Aln	1	+HG002_ont_240_start_310165 0 14981 15000 -edge_1_0_+disjointig_1_0_998487 309158 324139 998487 -1 -1 12614 0.0380373
Chain
	Aln	0	-HG002_ont_240_start_310165 18 14999 15000 +edge_1_0_+disjointig_1_0_998487 674347 689328 998487 -1 -1 12614 0.0380373
Chain
	Aln	1	+HG002_ont_241_start_18233 21 14994 15000 -edge_1_0_+disjointig_1_0_998487 17247 32220 998487 -1 -1 12493 0.0378337
Chain
	Aln	0	-HG002_ont_241_start_18233 5 14978 15000 +edge_1_0_+disjointig_1_0_998487 966266 981239 998487 -1 -1 12493 0.0378337
Chain
	Aln	1	+HG002_ont_243_start_323728 2 14994 15000 -edge_1_0_+disjointig_1_0_998487 322723 337715 998487 -1 -1 12231 0.0414035
Chain
	Aln	0	-HG002_ont_243_start_323728 5 14997 15000 +edge_1_0_+disjointig_1_0_998487 660771 675763 998487 -1 -1 12231 0.0414035
Chain
	Aln	1	+HG002_ont_242_start_747510 0 14998 15000 -edge_1_0_+disjointig_1_0_998487 746503 761501 998487 -1 -1 12055 0.0420651
Chain
	Aln	0	-HG002_ont_242_start_747510 1 14999 15000 +edge_1_0_+disjointig_1_0_998487 236985 251983 998487 -1 -1 12055 0.0420651
Chain
	Aln	1	+HG002_ont_244_start_26036 1 14998 15000 -edge_1_0_+disjointig_1_0_998487 25030 40027 998487 -1 -1 12778 0.0372369
Chain
	Aln	0	-HG002_ont_244_start_26036 1 14998 15000 +edge_1_0_+disjointig_1_0_998487 958459 973456 998487 -1 -1 12778 0.0372369
Chain
	Aln	1	+HG002_ont_245_start_839465 28 14971 15000 -edge_1_0_+disjointig_1_0_998487 838486 853429 998487 -1 -1 12020 0.0417448
Chain
	Aln	0	-HG002_ont_245_start_839465 28 14971 15000 +edge_1_0_+disjointig_1_0_998487 145057 160000 998487 -1 -1 12020 0.0417448
Chain
	Aln	1	+HG002_ont_246_start_207248 1 14980 15000 -edge_1_0_+disjointig_1_0_998487 206242 221221 998487 -1 -1 12268 0.0418223
Chain
	Aln	0	-HG002_ont_246_start_207248 19 14998 15000 +edge_1_0_+disjointig_1_0_998487 777265 792244 998487 -1 -1 12268 0.0418223
Chain
	Aln	1	+HG002_ont_248_start_933629 0 14998 15000 -edge_1_0_+disjointig_1_0_998487 932622 947620 998487 -1 -1 12278 0.0406783
Chain
	Aln	0	-HG002_ont_248_start_933629 1 14999 15000 +edge_1_0_+disjointig_1_0_998487 50866 65864 998487 -1 -1 12278 0.0406783
Chain
	Aln	1	+HG002_ont_247_start_596348 9 14997 15000 -edge_1_0_+disjointig_1_0_998487 595350 610338 998487 -1 -1 12201 0.0426546
Chain
	Aln	0	-HG002_ont_247_start_596348 2 14990 15000 +edge_1_0_+disjointig_1_0_998487 388148 403136 998487 -1 -1 12201 0.0426546
Chain
	Aln	1	+HG002_ont_249_start_600832 1 14998 15000 -edge_1_0_+disjointig_1_0_998487 599826 614823 998487 -1 -1 12297 0.0414073
Chain
	Aln	0	-HG002_ont_249_start_600832 1 14998 15000 +edge_1_0_+disjointig_1_0_998487 383663 398660 998487 -1 -1 12297 0.0414073
Chain
	Aln	1	+HG002_ont_251_start_11864 1 14991 15000 -edge_1_0_+disjointig_1_0_998487 10858 25848 998487 -1 -1 12284 0.0404749
Chain
	Aln	0	-HG002_ont_251_start_11864 8 14998 15000 +edge_1_0_+disjointig_1_0_998487 972638 987628 998487 -1 -1 12284 0.0404749
Chain
	Aln	1	+HG002_ont_250_start_971235 1 14998 15000 -edge_1_0_+disjointig_1_0_998487 970229 985226 998487 -1 -1 12209 0.0413439
Chain
	Aln	0	-HG002_ont_250_start_971235 1 14998 15000 +edge_1_0_+disjointig_1_0_998487 13260 28257 998487 -1 -1 12209 0.0413439
Chain
	Aln	1	+HG002_ont_252_start_333736 0 14998 15000 -edge_1_0_+disjointig_1_0_998487 332729 347727 998487 -1 -1 12687 0.0374406
Chain
	Aln	0	-HG002_ont_252_start_333736 1 14999 15000 +edge_1_0_+disjointig_1_0_998487 650759 665757 998487 -1 -1 12687 0.0374406
Chain
	Aln	1	+HG002_ont_253_start_316058 12 14998 15000 -edge_1_0_+disjointig_1_0_998487 315063 330049 998487 -1 -1 12272 0.0419459
Chain
	Aln	0	-HG002_ont_253_start_316058 1 14987 15000 +edge_1_0_+disjointig_1_0_998487 668437 683423 998487 -1 -1 12272 0.0419459
Chain
	Aln	1	+HG002_ont_256_start_792758 0 14998 15000 -edge_1_0_+disjointig_1_0_998487 791751 806749 998487 -1 -1 11847 0.0463208
Chain
	Aln	0	-HG002_ont_256_start_792758 1 14999 15000 +edge_1_0_+disjointig_1_0_998487 191737 206735 998487 -1 -1 11847 0.0463208
Chain
	Aln	1	+HG002_ont_254_start_391454 15 14970 15000 -edge_1_0_+disjointig_1_0_998487 390462 405417 998487 -1 -1 12504 0.0381605
Chain
	Aln	0	-HG002_ont_254_start_391454 29 14984 15000 +edge_1_0_+disjointig_1_0_998487 593069 608024 998487 -1 -1 12504 0.0381605
Chain
	Aln	1	+HG002_ont_255_start_346354 9 14998 15000 -edge_1_0_+disjointig_1_0_998487 345356 360345 998487 -1 -1 12098 0.0419416
Chain
	Aln	0	-HG002_ont_255_start_346354 1 14990 15000 +edge_1_0_+disjointig_1_0_998487 638141 653130 998487 -1 -1 12098 0.0419416
Chain
	Aln	1	+HG002_ont_257_start_333209 1 14998 15000 -edge_1_0_+disjointig_1_0_998487 332203 347200 998487 -1 -1 12089 0.0434732
Chain
	Aln	0	-HG002_ont_257_start_333209 1 14998 15000 +edge_1_0_+disjointig_1_0_998487 651286 666283 998487 -1 -1 12089 0.0434732
Chain
	Aln	1	+HG002_ont_258_start_79484 0 14985 15000 -edge_1_0_+disjointig_1_0_998487 78477 93462 998487 -1 -1 12262 0.041766
Chain
	Aln	0	-HG002_ont_258_start_79484 14 14999 15000 +edge_1_0_+disjointig_1_0_998487 905024 920009 998487 -1 -1 12262 0.041766
Chain
	Aln	1	+HG002_ont_260_start_691570 35 14979 15000 -edge_1_0_+disjointig_1_0_998487 690598 705542 998487 -1 -1 12439 0.0410881
Chain
	Aln	0	-HG002_ont_260_start_691570 20 14964 15000 +edge_1_0_+disjointig_1_0_998487 292944 307888 998487 -1 -1 12439 0.0410881
Chain
	Aln	1	+HG002_ont_259_start_70025 7 14998 15000 -edge_1_0_+disjointig_1_0_998487 69025 84016 998487 -1 -1 12289 0.0419575
Chain
	Aln	0	-HG002_ont_259_start_70025 1 14992 15000 +edge_1_0_+disjointig_1_0_998487 914470 929461 998487 -1 -1 12289 0.0419575
Chain
	Aln	1	+HG002_ont_261_start_368451 1 14986 15000 -edge_1_0_+disjointig_1_0_998487 367445 382430 998487 -1 -1 12236 0.0408313
Chain
	Aln	0	-HG002_ont_261_start_368451 13 14998 15000 +edge_1_0_+disjointig_1_0_998487 616056 631041 998487 -1 -1 12236 0.0408313
Chain
	Aln	1	+HG002_ont_263_start_758347 2 14990 15000 -edge_1_0_+disjointig_1_0_998487 757342 772330 998487 -1 -1 12162 0.0406704
Chain
	Aln	0	-HG002_ont_263_start_758347 9 14997 15000 +edge_1_0_+disjointig_1_0_998487 226156 241144 998487 -1 -1 12162 0.0406704
Chain
	Aln	1	+HG002_ont_264_start_285997 15 14977 15000 -edge_1_0_+disjointig_1_0_998487 285005 299967 998487 -1 -1 12312 0.0410245
Chain
	Aln	0	-HG002_ont_264_start_285997 22 14984 15000 +edge_1_0_+disjointig_1_0_998487 698519 713481 998487 -1 -1 12312 0.0410245
Chain
	Aln	1	+HG002_ont_262_start_749462 5 14998 15000 -edge_1_0_+disjointig_1_0_998487 748460 763453 998487 -1 -1 12218 0.0413837
Chain
	Aln	0	-HG002_ont_262_start_749462 1 14994 15000 +edge_1_0_+disjointig_1_0_998487 235033 250026 998487 -1 -1 12218 0.0413837
Chain
	Aln	1	+HG002_ont_265_start_442599 12 14998 15000 -edge_1_0_+disjointig_1_0_998487 441604 456590 998487 -1 -1 12335 0.0401865
Chain
	Aln	0	-HG002_ont_265_start_442599 1 14987 15000 +edge_1_0_+disjointig_1_0_998487 541896 556882 998487 -1 -1 12335 0.0401865
Chain
	Aln	1	+HG002_ont_266_start_543083 0 14998 15000 -edge_1_0_+disjointig_1_0_998487 542076 557074 998487 -1 -1 12381 0.0392623
Chain
	Aln	0	-HG002_ont_266_start_543083 1 14999 15000 +edge_1_0_+disjointig_1_0_998487 441412 456410 998487 -1 -1 12381 0.0392623
Chain
	Aln	1	+HG002_ont_267_start_444990 1 14998 15000 -edge_1_0_+disjointig_1_0_998487 443984 458981 998487 -1 -1 12497 0.0386196
Chain
	Aln	0	-HG002_ont_267_start_444990 1 14998 15000 +edge_1_0_+disjointig_1_0_998487 539505 554502 998487 -1 -1 12497 0.0386196
Chain
	Aln	1	+HG002_ont_268_start_38550 1 14972 15000 -edge_1_0_+disjointig_1_0_998487 37544 52515 998487 -1 -1 12032 0.0438411
Chain
	Aln	0	-HG002_ont_268_start_38550 27 14998 15000 +edge_1_0_+disjointig_1_0_998487 945971 960942 998487 -1 -1 12032 0.0438411
Chain
	Aln	1	+HG002_ont_269_start_143797 15 14952 15000 -edge_1_0_+disjointig_1_0_998487 142805 157742 998487 -1 -1 12322 0.0418654
Chain
	Aln	0	-HG002_ont_269_start_143797 47 14984 15000 +edge_1_0_+disjointig_1_0_998487 840744 855681 998487 -1 -1 12322 0.0418654
Chain
	Aln	1	+HG002_ont_270_start_364582 55 14996 15000 -edge_1_0_+disjointig_1_0_998487 363630 378571 998487 -1 -1 12166 0.0424942
Chain
	Aln	0	-HG002_ont_270_start_364582 3 14944 15000 +edge_1_0_+disjointig_1_0_998487 619915 634856 998487 -1 -1 12166 0.0424942
Chain
	Aln	1	+HG002_ont_271_start_157585 41 14983 15000 -edge_1_0_+disjointig_1_0_998487 156619 171561 998487 -1 -1 12503 0.0379965
Chain
	Aln	0	-HG002_ont_271_start_157585 16 14958 15000 +edge_1_0_+disjointig_1_0_998487 826925 841867 998487 -1 -1 12503 0.0379965
Chain
	Aln	1	+HG002_ont_272_start_31492 1 14962 15000 -edge_1_0_+disjointig_1_0_998487 30486 45447 998487 -1 -1 12194 0.0431268
Chain
	Aln	0	-HG002_ont_272_start_31492 37 14998 15000 +edge_1_0_+disjointig_1_0_998487 953039 968000 998487 -1 -1 12194 0.0431268
Chain
	Aln	1	+HG002_ont_273_start_820486 21 14998 15000 -edge_1_0_+disjointig_1_0_998487 819500 834477 998487 -1 -1 12240 0.0400192
Chain
	Aln	0	-HG002_ont_273_start_820486 1 14978 15000 +edge_1_0_+disjointig_1_0_998487 164009 178986 998487 -1 -1 12240 0.0400192
Chain
	Aln	1	+HG002_ont_274_start_596877 27 14988 15000 -edge_1_0_+disjointig_1_0_998487 595897 610858 998487 -1 -1 12023 0.0410285
Chain
	Aln	0	-HG002_ont_274_start_596877 11 14972 15000 +edge_1_0_+disjointig_1_0_998487 387628 402589 998487 -1 -1 12023 0.0410285
Chain
	Aln	1	+HG002_ont_276_start_854560 0 14996 15000 -edge_1_0_+disjointig_1_0_998487 853553 868549 998487 -1 -1 12361 0.040397
Chain
	Aln	0	-HG002_ont_276_start_854560 3 14999 15000 +edge_1_0_+disjointig_1_0_998487 129937 144933 998487 -1 -1 12361 0.040397
Chain
	Aln	1	+HG002_ont_275_start_933231 0 14957 15000 -edge_1_0_+disjointig_1_0_998487 932224 947181 998487 -1 -1 12344 0.0393848
Chain
	Aln	0	-HG002_ont_275_start_933231 42 14999 15000 +edge_1_0_+disjointig_1_0_998487 51305 66262 998487 -1 -1 12344 0.0393848
Chain
	Aln	1	+HG002_ont_277_start_782994 1 14996 15000 -edge_1_0_+disjointig_1_0_998487 781988 796983 998487 -1 -1 12237 0.0409885
Chain
	Aln	0	-HG002_ont_277_start_782994 3 14998 15000 +edge_1_0_+disjointig_1_0_998487 201503 216498 998487 -1 -1 12237 0.0409885
Chain
	Aln	1	+HG002_ont_278_start_261291 6 14983 15000 -edge_1_0_+disjointig_1_0_998487 260290 275267 998487 -1 -1 12359 0.040089
Chain
	Aln	0	-HG002_ont_278_start_261291 16 14993 15000 +edge_1_0_+disjointig_1_0_998487 723219 738196 998487 -1 -1 12359 0.040089
Chain
	Aln	1	+HG002_ont_279_start_151208 0 14998 15000 -edge_1_0_+disjointig_1_0_998487 150201 165199 998487 -1 -1 12268 0.0445128
Chain
	Aln	0	-HG002_ont_279_start_151208 1 14999 15000 +edge_1_0_+disjointig_1_0_998487 833287 848285 998487 -1 -1 12268 0.0445128
Chain
	Aln	1	+HG002_ont_280_start_433144 1 14983 15000 -edge_1_0_+disjointig_1_0_998487 432138 447120 998487 -1 -1 12399 0.0374965
Chain
	Aln	0	-HG002_ont_280_start_433144 16 14998 15000 +edge_1_0_+disjointig_1_0_998487 551366 566348 998487 -1 -1 12399 0.0374965
Chain
	Aln	1	+HG002_ont_281_start_344761 19 14998 15000 -edge_1_0_+disjointig_1_0_998487 343773 358752 998487 -1 -1 12276 0.0418864
Chain
	Aln	0	-HG002_ont_281_start_344761 1 14980 15000 +edge_1_0_+disjointig_1_0_998487 639734 654713 998487 -1 -1 12276 0.0418864
Chain
	Aln	1	+HG002_ont_282_start_961959 35 14998 15000 -edge_1_0_+disjointig_1_0_998487 960987 975950 998487 -1 -1 12107 0.0433232
Chain
	Aln	0	-HG002_ont_282_start_961959 1 14964 15000 +edge_1_0_+disjointig_1_0_998487 22536 37499 998487 -1 -1 12107 0.0433232
Chain
	Aln	1	+HG002_ont_283_start_568357 0 14998 15000 -edge_1_0_+disjointig_1_0_998487 567350 582348 998487 -1 -1 12375 0.0391859
Chain
	Aln	0	-HG002_ont_283_start_568357 1 14999 15000 +edge_1_0_+disjointig_1_0_998487 416138 431136 998487 -1 -1 12375 0.0391859
Chain
	Aln	1	+HG002_ont_284_start_745899 0 14998 15000 -edge_1_0_+disjointig_1_0_998487 744892 759890 998487 -1 -1 12271 0.039247
Chain
	Aln	0	-HG002_ont_284_start_745899 1 14999 15000 +edge_1_0_+disjointig_1_0_998487 238596 253594 998487 -1 -1 12271 0.039247
Chain
	Aln	1	+HG002_ont_286_start_724224 1 14998 15000 -edge_1_0_+disjointig_1_0_998487 723218 738215 998487 -1 -1 12508 0.0416377
Chain
	Aln	0	-HG002_ont_286_start_724224 1 14998 15000 +edge_1_0_+disjointig_1_0_998487 260271 275268 998487 -1 -1 12508 0.0416377
Chain
	Aln	1	+HG002_ont_285_start_795327 0 14967 15000 -edge_1_0_+disjointig_1_0_998487 794320 809287 998487 -1 -1 12086 0.04106
Chain
	Aln	0	-HG002_ont_285_start_795327 32 14999 15000 +edge_1_0_+disjointig_1_0_998487 189199 204166 998487 -1 -1 12086 0.04106
Chain
	Aln	1	+HG002_ont_287_start_777137 1 14959 15000 -edge_1_0_+disjointig_1_0_998487 776131 791089 998487 -1 -1 12571 0.0383909
Chain
	Aln	0	-HG002_ont_287_start_777137 40 14998 15000 +edge_1_0_+disjointig_1_0_998487 207397 222355 998487 -1 -1 12571 0.0383909
Chain
	Aln	1	+HG002_ont_288_start_235735 11 14985 15000 -edge_1_0_+disjointig_1_0_998487 234739 249713 998487 -1 -1 12418 0.0403652
Chain
	Aln	0	-HG002_ont_288_start_235735 14 14988 15000 +edge_1_0_+disjointig_1_0_998487 748773 763747 998487 -1 -1 12418 0.0403652
Chain
	Aln	1	+HG002_ont_289_start_619279 41 14998 15000 -edge_1_0_+disjointig_1_0_998487 618313 633270 998487 -1 -1 11866 0.0438358
Chain
	Aln	0	-HG002_ont_289_start_619279 1 14958 15000 +edge_1_0_+disjointig_1_0_998487 365216 380173 998487 -1 -1 11866 0.0438358
Chain
	Aln	1	+HG002_ont_290_start_169190 18 14998 15000 -edge_1_0_+disjointig_1_0_998487 168201 183181 998487 -1 -1 12379 0.0395752
Chain
	Aln	0	-HG002_ont_290_start_169190 1 14981 15000 +edge_1_0_+disjointig_1_0_998487 815305 830285 998487 -1 -1 12379 0.0395752
Chain
	Aln	1	+HG002_ont_292_start_479997 1 14998 15000 -edge_1_0_+disjointig_1_0_998487 478991 493988 998487 -1 -1 12274 0.0417174
Chain
	Aln	0	-HG002_ont_292_start_479997 1 14998 15000 +edge_1_0_+disjointig_1_0_998487 504498 519495 998487 -1 -1 12274 0.0417174
Chain
	Aln	1	+HG002_ont_291_start_484966 1 14998 15000 -edge_1_0_+disjointig_1_0_998487 483960 498957 998487 -1 -1 12391 0.0409177
Chain
	Aln	0	-HG002_ont_291_start_484966 1 14998 15000 +edge_1_0_+disjointig_1_0_998487 499529 514526 998487 -1 -1 12391 0.0409177
Chain
	Aln	1	+HG002_ont_293_start_132851 6 14998 15000 -edge_1_0_+disjointig_1_0_998487 131850 146842 998487 -1 -1 12324 0.0395531
Chain
	Aln	0	-HG002_ont_293_start_132851 1 14993 15000 +edge_1_0_+disjointig_1_0_998487 851644 866636 998487 -1 -1 12324 0.0395531
Chain
	Aln	1	+HG002_ont_294_start_734395 1 14998 15000 -edge_1_0_+disjointig_1_0_998487 733389 748386 998487 -1 -1 12018 0.0430069
Chain
	Aln	0	-HG002_ont_294_start_734395 1 14998 15000 +edge_1_0_+disjointig_1_0_998487 250100 265097 998487 -1 -1 12018 0.0430069
Chain
	Aln	1	+HG002_ont_296_start_692888 51 14990 15000 -edge_1_0_+disjointig_1_0_998487 691932 706871 998487 -1 -1 12318 0.042292
Chain
	Aln	0	-HG002_ont_296_start_692888 9 14948 15000 +edge_1_0_+disjointig_1_0_998487 291615 306554 998487 -1 -1 12318 0.042292
Chain
	Aln	1	+HG002_ont_295_start_808893 2 14990 15000 -edge_1_0_+disjointig_1_0_998487 807888 822876 998487 -1 -1 12421 0.038918
Chain
	Aln	0	-HG002_ont_295_start_808893 9 14997 15000 +edge_1_0_+disjointig_1_0_998487 175610 190598 998487 -1 -1 12421 0.038918
Chain
	Aln	1	+HG002_ont_297_start_937271 1 14990 15000 -edge_1_0_+disjointig_1_0_998487 936265 951254 998487 -1 -1 12385 0.0409335
Chain
	Aln	0	-HG002_ont_297_start_937271 9 14998 15000 +edge_1_0_+disjointig_1_0_998487 47232 62221 998487 -1 -1 12385 0.0409335
Chain
	Aln	1	+HG002_ont_298_start_497593 31 14998 15000 -edge_1_0_+disjointig_1_0_998487 496617 511584 998487 -1 -1 12433 0.0404705
Chain
	Aln	0	-HG002_ont_298_start_497593 1 14968 15000 +edge_1_0_+disjointig_1_0_998487 486902 501869 998487 -1 -1 12433 0.0404705
Chain
	Aln	1	+HG002_ont_299_start_453321 1 14967 15000 -edge_1_0_+disjointig_1_0_998487 452315 467281 998487 -1 -1 12204 0.0403806
Chain
	Aln	0	-HG002_ont_299_start_453321 32 14998 15000 +edge_1_0_+disjointig_1_0_998487 531205 546171 998487 -1 -1 12204 0.0403806
Chain
	Aln	1	+HG002_ont_300_start_373517 1 14980 15000 -edge_1_0_+disjointig_1_0_998487 372511 387490 998487 -1 -1 12280 0.0421109
Chain
	Aln	0	-HG002_ont_300_start_373517 19 14998 15000 +edge_1_0_+disjointig_1_0_998487 610996 625975 998487 -1 -1 12280 0.0421109
Chain
	Aln	1	+HG002_ont_301_start_302364 1 14998 15000 -edge_1_0_+disjointig_1_0_998487 301358 316355 998487 -1 -1 12469 0.0391972
Chain
	Aln	0	-HG002_ont_301_start_302364 1 14998 15000 +edge_1_0_+disjointig_1_0_998487 682131 697128 998487 -1 -1 12469 0.0391972
Chain
	Aln	1	+HG002_ont_302_start_907408 16 14998 15000 -edge_1_0_+disjointig_1_0_998487 906417 921399 998487 -1 -1 12335 0.0399226
Chain
	Aln	0	-HG002_ont_302_start_907408 1 14983 15000 +edge_1_0_+disjointig_1_0_998487 77087 92069 998487 -1 -1 12335 0.0399226
Chain
	Aln	1	+HG002_ont_303_start_644847 38 14998 15000 -edge_1_0_+disjointig_1_0_998487 643878 658838 998487 -1 -1 12276 0.0427151
Chain
	Aln	0	-HG002_ont_303_start_644847 1 14961 15000 +edge_1_0_+disjointig_1_0_998487 339648 354608 998487 -1 -1 12276 0.0427151
Chain
	Aln	1	+HG002_ont_305_start_870862 15 14998 15000 -edge_1_0_+disjointig_1_0_998487 869870 884853 998487 -1 -1 12036 0.0438552
Chain
	Aln	0	-HG002_ont_305_start_870862 1 14984 15000 +edge_1_0_+disjointig_1_0_998487 113633 128616 998487 -1 -1 12036 0.0438552
Chain
	Aln	1	+HG002_ont_304_start_565657 14 14976 15000 -edge_1_0_+disjointig_1_0_998487 564664 579626 998487 -1 -1 12046 0.0412302
Chain
	Aln	0	-HG002_ont_304_start_565657 23 14985 15000 +edge_1_0_+disjointig_1_0_998487 418860 433822 998487 -1 -1 12046 0.0412302
Chain
	Aln	1	+HG002_ont_306_start_240409 23 14998 15000 -edge_1_0_+disjointig_1_0_998487 239425 254400 998487 -1 -1 12238 0.0415354
Chain
	Aln	0	-HG002_ont_306_start_240409 1 14976 15000 +edge_1_0_+disjointig_1_0_998487 744086 759061 998487 -1 -1 12238 0.0415354
Chain
	Aln	1	+HG002_ont_307_start_831234 16 14992 15000 -edge_1_0_+disjointig_1_0_998487 830243 845219 998487 -1 -1 12233 0.0415792
Chain
	Aln	0	-HG002_ont_307_start_831234 7 14983 15000 +edge_1_0_+disjointig_1_0_998487 153267 168243 998487 -1 -1 12233 0.0415792
Chain
	Aln	1	+HG002_ont_309_start_547832 1 14979 15000 -edge_1_0_+disjointig_1_0_998487 546826 561804 998487 -1 -1 12310 0.0414836
Chain
	Aln	0	-HG002_ont_309_start_547832 20 14998 15000 +edge_1_0_+disjointig_1_0_998487 436682 451660 998487 -1 -1 12310 0.0414836
Chain
	Aln	1	+HG002_ont_308_start_137231 17 14986 15000 -edge_1_0_+disjointig_1_0_998487 136241 151210 998487 -1 -1 12579 0.0384946
Chain
	Aln	0	-HG002_ont_308_start_137231 13 14982 15000 +edge_1_0_+disjointig_1_0_998487 847276 862245 998487 -1 -1 12579 0.0384946
Chain
	Aln	1	+HG002_ont_310_start_625301 20 14958 15000 -edge_1_0_+disjointig_1_0_998487 624314 639252 998487 -1 -1 12384 0.0401145
Chain
	Aln	0	-HG002_ont_310_start_625301 41 14979 15000 +edge_1_0_+disjointig_1_0_998487 359234 374172 998487 -1 -1 12384 0.0401145
Chain
	Aln	1	+HG002_ont_311_start_126955 17 14998 15000 -edge_1_0_+disjointig_1_0_998487 125965 140946 998487 -1 -1 12227 0.0417743
Chain
	Aln	0	-HG002_ont_311_start_126955 1 14982 15000 +edge_1_0_+disjointig_1_0_998487 857540 872521 998487 -1 -1 12227 0.0417743
Chain
	Aln	1	+HG002_ont_312_start_294082 21 14998 15000 -edge_1_0_+disjointig_1_0_998487 293096 308073 998487 -1 -1 12072 0.0431406
Chain
	Aln	0	-HG002_ont_312_start_294082 1 14978 15000 +edge_1_0_+disjointig_1_0_998487 690413 705390 998487 -1 -1 12072 0.0431406
Chain
	Aln	1	+HG002_ont_313_start_147453 0 14990 15000 -edge_1_0_+disjointig_1_0_998487 146446 161436 998487 -1 -1 12330 0.0399927
Chain
	Aln	0	-HG002_ont_313_start_147453 9 14999 15000 +edge_1_0_+disjointig_1_0_998487 837050 852040 998487 -1 -1 12330 0.0399927
Chain
	Aln	1	+HG002_ont_314_start_204061 20 14998 15000 -edge_1_0_+disjointig_1_0_998487 203074 218052 998487 -1 -1 12675 0.0402484
Chain
	Aln	0	-HG002_ont_314_start_204061 1 14979 15000 +edge_1_0_+disjointig_1_0_998487 780434 795412 998487 -1 -1 12675 0.0402484
Chain
	Aln	1	+HG002_ont_315_start_234205 1 14998 15000 -edge_1_0_+disjointig_1_0_998487 233199 248196 998487 -1 -1 12722 0.0404555
Chain
	Aln	0	-HG002_ont_315_start_234205 1 14998 15000 +edge_1_0_+disjointig_1_0_998487 750290 765287 998487 -1 -1 12722 0.0404555
Chain
	Aln	1	+HG002_ont_316_start_196568 27 14998 15000 -edge_1_0_+disjointig_1_0_998487 195588 210559 998487 -1 -1 11980 0.0424341
Chain
	Aln	0	-HG002_ont_316_start_196568 1 14972 15000 +edge_1_0_+disjointig_1_0_998487 787927 802898 998487 -1 -1 11980 0.0424341
Chain
	Aln	1	+HG002_ont_318_start_9007 5 14998 15000 -edge_1_0_+disjointig_1_0_998487 8005 22998 998487 -1 -1 12186 0.0422784
Chain
	Aln	0	-HG002_ont_318_start_9007 1 14994 15000 +edge_1_0_+disjointig_1_0_998487 975488 990481 998487 -1 -1 12186 0.0422784
Chain
	Aln	1	+HG002_ont_317_start_413800 1 14998 15000 -edge_1_0_+disjointig_1_0_998487 412794 427791 998487 -1 -1 12077 0.0429173
Chain
	Aln	0	-HG002_ont_317_start_413800 1 14998 15000 +edge_1_0_+disjointig_1_0_998487 570695 585692 998487 -1 -1 12077 0.0429173
Chain
	Aln	1	+HG002_ont_320_start_776007 0 14998 15000 -edge_1_0_+disjointig_1_0_998487 775000 789998 998487 -1 -1 12601 0.0391706
Chain
	Aln	0	-HG002_ont_320_start_776007 1 14999 15000 +edge_1_0_+disjointig_1_0_998487 208488 223486 998487 -1 -1 12601 0.0391706
Chain
	Aln	1	+HG002_ont_319_start_201136 2 14998 15000 -edge_1_0_+disjointig_1_0_998487 200131 215127 998487 -1 -1 12366 0.0409846
Chain
	Aln	0	-HG002_ont_319_start_201136 1 14997 15000 +edge_1_0_+disjointig_1_0_998487 783359 798355 998487 -1 -1 12366 0.0409846
Chain
	Aln	1	+HG002_ont_321_start_202208 1 14945 15000 -edge_1_0_+disjointig_1_0_998487 201202 216146 998487 -1 -1 12216 0.0383585
Chain
	Aln	0	-HG002_ont_321_start_202208 54 14998 15000 +edge_1_0_+disjointig_1_0_998487 782340 797284 998487 -1 -1 12216 0.0383585
Chain
	Aln	1	+HG002_ont_322_start_26770 1 14978 15000 -edge_1_0_+disjointig_1_0_998487 25764 40741 998487 -1 -1 12172 0.0423285
Chain
	Aln	0	-HG002_ont_322_start_26770 21 14998 15000 +edge_1_0_+disjointig_1_0_998487 957745 972722 998487 -1 -1 12172 0.0423285
Chain
	Aln	1	+HG002_ont_324_start_880037 46 14992 15000 -edge_1_0_+disjointig_1_0_998487 879076 894022 998487 -1 -1 12148 0.0398663
Chain
	Aln	0	-HG002_ont_324_start_880037 7 14953 15000 +edge_1_0_+disjointig_1_0_998487 104464 119410 998487 -1 -1 12148 0.0398663
Chain
	Aln	1	+HG002_ont_323_start_698194 1 14986 15000 -edge_1_0_+disjointig_1_0_998487 697188 712173 998487 -1 -1 12558 0.0395717
Chain
	Aln	0	-HG002_ont_323_start_698194 13 14998 15000 +edge_1_0_+disjointig_1_0_998487 286313 301298 998487 -1 -1 12558 0.0395717
Chain
	Aln	1	+HG002_ont_325_start_72329 8 14998 15000 -edge_1_0_+disjointig_1_0_998487 71330 86320 998487 -1 -1 12292 0.0412926
Chain
	Aln	0	-HG002_ont_325_start_72329 1 14991 15000 +edge_1_0_+disjointig_1_0_998487 912166 927156 998487 -1 -1 12292 0.0412926
Chain
	Aln	1	+HG002_ont_326_start_190727 1 14975 15000 -edge_1_0_+disjointig_1_0_998487 189721 204695 998487 -1 -1 11923 0.0420029
Chain
	Aln	0	-HG002_ont_326_start_190727 24 14998 15000 +edge_1_0_+disjointig_1_0_998487 793791 808765 998487 -1 -1 11923 0.0420029
Chain
	Aln	1	+HG002_ont_328_start_272757 17 14995 15000 -edge_1_0_+disjointig_1_0_998487 271767 286745 998487 -1 -1 12339 0.040124
Chain
	Aln	0	-HG002_ont_328_start_272757 4 14982 15000 +edge_1_0_+disjointig_1_0_998487 711741 726719 998487 -1 -1 12339 0.040124
Chain
	Aln	1	+HG002_ont_327_start_963068 18 14996 15000 -edge_1_0_+disjointig_1_0_998487 962079 977057 998487 -1 -1 12326 0.0397291
Chain
	Aln	0	-HG002_ont_327_start_963068 3 14981 15000 +edge_1_0_+disjointig_1_0_998487 21429 36407 998487 -1 -1 12326 0.0397291
Chain
	Aln	1	+HG002_ont_329_start_978093 64 14998 15000 -edge_1_0_+disjointig_1_0_998487 977150 992084 998487 -1 -1 12307 0.0388428
Chain
	Aln	0	-HG002_ont_329_start_978093 1 14935 15000 +edge_1_0_+disjointig_1_0_998487 6402 21336 998487 -1 -1 12307 0.0388428
Chain
	Aln	1	+HG002_ont_330_start_975612 1 14987 15000 -edge_1_0_+disjointig_1_0_998487 974606 989592 998487 -1 -1 12123 0.0413483
Chain
	Aln	0	-HG002_ont_330_start_975612 12 14998 15000 +edge_1_0_+disjointig_1_0_998487 8894 23880 998487 -1 -1 12123 0.0413483
Chain
	Aln	1	+HG002_ont_331_start_613064 33 14988 15000 -edge_1_0_+disjointig_1_0_998487 612090 627045 998487 -1 -1 12544 0.0388264
Chain
	Aln	0	-HG002_ont_331_start_613064 11 14966 15000 +edge_1_0_+disjointig_1_0_998487 371441 386396 998487 -1 -1 12544 0.0388264
Chain
	Aln	1	+HG002_ont_333_start_829430 19 14986 15000 -edge_1_0_+disjointig_1_0_998487 828442 843409 998487 -1 -1 12151 0.0418152
Chain
	Aln	0	-HG002_ont_333_start_829430 13 14980 15000 +edge_1_0_+disjointig_1_0_998487 155077 170044 998487 -1 -1 12151 0.0418152
Chain
	Aln	1	+HG002_ont_332_start_107876 1 14976 15000 -edge_1_0_+disjointig_1_0_998487 106870 121845 998487 -1 -1 12281 0.0411942
Chain
	Aln	0	-HG002_ont_332_start_107876 23 14998 15000 +edge_1_0_+disjointig_1_0_998487 876641 891616 998487 -1 -1 12281 0.0411942
Chain
	Aln	1	+HG002_ont_334_start_973581 34 14998 15000 -edge_1_0_+disjointig_1_0_998487 972608 987572 998487 -1 -1 12249 0.0390371
Chain
	Aln	0	-HG002_ont_334_start_973581 1 14965 15000 +edge_1_0_+disjointig_1_0_998487 10914 25878 998487 -1 -1 12249 0.0390371
Chain
	Aln	1	+HG002_ont_335_start_641003 24 14994 15000 -edge_1_0_+disjointig_1_0_998487 640020 654990 998487 -1 -1 12427 0.0409061
Chain
	Aln	0	-HG002_ont_335_start_641003 5 14975 15000 +edge_1_0_+disjointig_1_0_998487 343496 358466 998487 -1 -1 12427 0.0409061
Chain
	Aln	1	+HG002_ont_337_start_537025 12 14998 15000 -edge_1_0_+disjointig_1_0_998487 536030 551016 998487 -1 -1 12336 0.038584
Chain
	Aln	0	-HG002_ont_337_start_537025 1 14987 15000 +edge_1_0_+disjointig_1_0_998487 447470 462456 998487 -1 -1 12336 0.038584
Chain
	Aln	1	+HG002_ont_336_start_794287 9 14995 15000 -edge_1_0_+disjointig_1_0_998487 793289 808275 998487 -1 -1 12092 0.0431432
Chain
	Aln	0	-HG002_ont_336_start_794287 4 14990 15000 +edge_1_0_+disjointig_1_0_998487 190211 205197 998487 -1 -1 12092 0.0431432
Chain
	Aln	1	+HG002_ont_338_start_400125 97 14988 15000 -edge_1_0_+disjointig_1_0_998487 399215 414106 998487 -1 -1 11573 0.0459169
Chain
	Aln	0	-HG002_ont_338_start_400125 11 14902 15000 +edge_1_0_+disjointig_1_0_998487 584380 599271 998487 -1 -1 11573 0.0459169
Chain
	Aln	1	+HG002_ont_339_start_975926 14 14968 15000 -edge_1_0_+disjointig_1_0_998487 974933 989887 998487 -1 -1 12328 0.0418842
Chain
	Aln	0	-HG002_ont_339_start_975926 31 14985 15000 +edge_1_0_+disjointig_1_0_998487 8599 23553 998487 -1 -1 12328 0.0418842
Chain
	Aln	1	+HG002_ont_341_start_306163 1 14978 15000 -edge_1_0_+disjointig_1_0_998487 305157 320134 998487 -1 -1 12264 0.0414637
Chain
	Aln	0	-HG002_ont_341_start_306163 21 14998 15000 +edge_1_0_+disjointig_1_0_998487 678352 693329 998487 -1 -1 12264 0.0414637
Chain
	Aln	1	+HG002_ont_340_start_859185 25 14998 15000 -edge_1_0_+disjointig_1_0_998487 858203 873176 998487 -1 -1 12512 0.0382914
Chain
	Aln	0	-HG002_ont_340_start_859185 1 14974 15000 +edge_1_0_+disjointig_1_0_998487 125310 140283 998487 -1 -1 12512 0.0382914
Chain
	Aln	1	+HG002_ont_342_start_837524 5 14998 15000 -edge_1_0_+disjointig_1_0_998487 836522 851515 998487 -1 -1 11698 0.046621
Chain
	Aln	0	-HG002_ont_342_start_837524 1 14994 15000 +edge_1_0_+disjointig_1_0_998487 146971 161964 998487 -1 -1 11698 0.046621
Chain
	Aln	1	+HG002_ont_343_start_204576 3 14998 15000 -edge_1_0_+disjointig_1_0_998487 203572 218567 998487 -1 -1 12094 0.0409806
Chain
	Aln	0	-HG002_ont_343_start_204576 1 14996 15000 +edge_1_0_+disjointig_1_0_998487 779919 794914 998487 -1 -1 12094 0.0409806
Chain
	Aln	1	+HG002_ont_344_start_855702 27 14987 15000 -edge_1_0_+disjointig_1_0_998487 854722 869682 998487 -1 -1 12310 0.0405291
Chain
	Aln	0	-HG002_ont_344_start_855702 12 14972 15000 +edge_1_0_+disjointig_1_0_998487 128804 143764 998487 -1 -1 12310 0.0405291
Chain
	Aln	1	+HG002_ont_347_start_652960 0 14997 15000 -edge_1_0_+disjointig_1_0_998487 651953 666950 998487 -1 -1 12078 0.0422619
Chain
	Aln	0	-HG002_ont_347_start_652960 2 14999 15000 +edge_1_0_+disjointig_1_0_998487 331536 346533 998487 -1 -1 12078 0.0422619
Chain
	Aln	1	+HG002_ont_345_start_264435 15 14998 15000 -edge_1_0_+disjointig_1_0_998487 263443 278426 998487 -1 -1 12487 0.0399885
Chain
	Aln	0	-HG002_ont_345_start_264435 1 14984 15000 +edge_1_0_+disjointig_1_0_998487 720060 735043 998487 -1 -1 12487 0.0399885
Chain
	Aln	1	+HG002_ont_346_start_531554 4 14982 15000 -edge_1_0_+disjointig_1_0_998487 530551 545529 998487 -1 -1 12316 0.040303
Chain
	Aln	0	-HG002_ont_346_start_531554 17 14995 15000 +edge_1_0_+disjointig_1_0_998487 452957 467935 998487 -1 -1 12316 0.040303
Chain
	Aln	1	+HG002_ont_349_start_154638 1 14982 15000 -edge_1_0_+disjointig_1_0_998487 153632 168613 998487 -1 -1 12305 0.0423038
Chain
	Aln	0	-HG002_ont_349_start_154638 17 14998 15000 +edge_1_0_+disjointig_1_0_998487 829873 844854 998487 -1 -1 12305 0.0423038
Chain
	Aln	1	+HG002_ont_348_start_28002 1 14968 15000 -edge_1_0_+disjointig_1_0_998487 26996 41963 998487 -1 -1 11896 0.0416793
Chain
	Aln	0	-HG002_ont_348_start_28002 31 14998 15000 +edge_1_0_+disjointig_1_0_998487 956523 971490 998487 -1 -1 11896 0.0416793
Chain
	Aln	1	+HG002_ont_350_start_347667 1 14978 15000 -edge_1_0_+disjointig_1_0_998487 346661 361638 998487 -1 -1 12205 0.0430997
Chain
	Aln	0	-HG002_ont_350_start_347667 21 14998 15000 +edge_1_0_+disjointig_1_0_998487 636848 651825 998487 -1 -1 12205 0.0430997
Chain
	Aln	1	+HG002_ont_351_start_108923 8 14998 15000 -edge_1_0_+disjointig_1_0_998487 107924 122914 998487 -1 -1 12383 0.0394607
Chain
	Aln	0	-HG002_ont_351_start_108923 1 14991 15000 +edge_1_0_+disjointig_1_0_998487 875572 890562 998487 -1 -1 12383 0.0394607
Chain
	Aln	1	+HG002_ont_353_start_17026 1 14998 15000 -edge_1_0_+disjointig_1_0_998487 16020 31017 998487 -1 -1 12277 0.0422057
Chain
	Aln	0	-HG002_ont_353_start_17026 1 14998 15000 +edge_1_0_+disjointig_1_0_998487 967469 982466 998487 -1 -1 12277 0.0422057
Chain
	Aln	1	+HG002_ont_352_start_911778 25 14998 15000 -edge_1_0_+disjointig_1_0_998487 910796 925769 998487 -1 -1 12353 0.0404941
Chain
	Aln	0	-HG002_ont_352_start_911778 1 14974 15000 +edge_1_0_+disjointig_1_0_998487 72717 87690 998487 -1 -1 12353 0.0404941
Chain
	Aln	1	+HG002_ont_354_start_471125 3 14998 15000 -edge_1_0_+disjointig_1_0_998487 470121 485116 998487 -1 -1 12027 0.0431867
Chain
	Aln	0	-HG002_ont_354_start_471125 1 14996 15000 +edge_1_0_+disjointig_1_0_998487 513370 528365 998487 -1 -1 12027 0.0431867
Chain
	Aln	1	+HG002_ont_355_start_685471 1 14990 15000 -edge_1_0_+disjointig_1_0_998487 684465 699454 998487 -1 -1 12408 0.0417657
Chain
	Aln	0	-HG002_ont_355_start_685471 9 14998 15000 +edge_1_0_+disjointig_1_0_998487 299032 314021 998487 -1 -1 12408 0.0417657
Chain
	Aln	1	+HG002_ont_358_start_361719 30 14998 15000 -edge_1_0_+disjointig_1_0_998487 360742 375710 998487 -1 -1 11981 0.0446547
Chain
	Aln	0	-HG002_ont_358_start_361719 1 14969 15000 +edge_1_0_+disjointig_1_0_998487 622776 637744 998487 -1 -1 11981 0.0446547
Chain
	Aln	1	+HG002_ont_357_start_717473 21 14998 15000 -edge_1_0_+disjointig_1_0_998487 716487 731464 998487 -1 -1 12816 0.0379467
Chain
	Aln	0	-HG002_ont_357_start_717473 1 14978 15000 +edge_1_0_+disjointig_1_0_998487 267022 281999 998487 -1 -1 12816 0.0379467
Chain
	Aln	1	+HG002_ont_356_start_906575 1 14998 15000 -edge_1_0_+disjointig_1_0_998487 905569 920566 998487 -1 -1 12223 0.0413597
Chain
	Aln	0	-HG002_ont_356_start_906575 1 14998 15000 +edge_1_0_+disjointig_1_0_998487 77920 92917 998487 -1 -1 12223 0.0413597
Chain
	Aln	1	+HG002_ont_359_start_864817 2 14990 15000 -edge_1_0_+disjointig_1_0_998487 863812 878800 998487 -1 -1 12282 0.0402332
Chain
	Aln	0	-HG002_ont_359_start_864817 9 14997 15000 +edge_1_0_+disjointig_1_0_998487 119686 134674 998487 -1 -1 12282 0.0402332
Chain
	Aln	1	+HG002_ont_361_start_979730 0 14978 15000 -edge_1_0_+disjointig_1_0_998487 978723 993701 998487 -1 -1 12317 0.0401706
Chain
	Aln	0	-HG002_ont_361_start_979730 21 14999 15000 +edge_1_0_+disjointig_1_0_998487 4785 19763 998487 -1 -1 12317 0.0401706
Chain
	Aln	1	+HG002_ont_362_start_88648 1 14989 15000 -edge_1_0_+disjointig_1_0_998487 87642 102630 998487 -1 -1 12033 0.0425898
Chain
	Aln	0	-HG002_ont_362_start_88648 10 14998 15000 +edge_1_0_+disjointig_1_0_998487 895856 910844 998487 -1 -1 12033 0.0425898
Chain
	Aln	1	+HG002_ont_360_start_867750 27 14998 15000 -edge_1_0_+disjointig_1_0_998487 866770 881741 998487 -1 -1 12343 0.0400654
Chain
	Aln	0	-HG002_ont_360_start_867750 1 14972 15000 +edge_1_0_+disjointig_1_0_998487 116745 131716 998487 -1 -1 12343 0.0400654
Chain
	Aln	1	+HG002_ont_363_start_476905 7 14977 15000 -edge_1_0_+disjointig_1_0_998487 475905 490875 998487 -1 -1 12314 0.0427056
Chain
	Aln	0	-HG002_ont_363_start_476905 22 14992 15000 +edge_1_0_+disjointig_1_0_998487 507611 522581 998487 -1 -1 12314 0.0427056
Chain
	Aln	1	+HG002_ont_364_start_453388 15 14998 15000 -edge_1_0_+disjointig_1_0_998487 452396 467379 998487 -1 -1 12181 0.0412573
Chain
	Aln	0	-HG002_ont_364_start_453388 1 14984 15000 +edge_1_0_+disjointig_1_0_998487 531107 546090 998487 -1 -1 12181 0.0412573
Chain
	Aln	1	+HG002_ont_365_start_683266 1 14991 15000 -edge_1_0_+disjointig_1_0_998487 682260 697250 998487 -1 -1 12545 0.0384713
Chain
	Aln	0	-HG002_ont_365_start_683266 8 14998 15000 +edge_1_0_+disjointig_1_0_998487 301236 316226 998487 -1 -1 12545 0.0384713
Chain
	Aln	1	+HG002_ont_366_start_492700 28 14998 15000 -edge_1_0_+disjointig_1_0_998487 491721 506691 998487 -1 -1 12167 0.0423413
Chain
	Aln	0	-HG002_ont_366_start_492700 1 14971 15000 +edge_1_0_+disjointig_1_0_998487 491795 506765 998487 -1 -1 12167 0.0423413
Chain
	Aln	1	+HG002_ont_368_start_497111 16 14998 15000 -edge_1_0_+disjointig_1_0_998487 496120 511102 998487 -1 -1 11801 0.043283
Chain
	Aln	0	-HG002_ont_368_start_497111 1 14983 15000 +edge_1_0_+disjointig_1_0_998487 487384 502366 998487 -1 -1 11801 0.043283
Chain
	Aln	1	+HG002_ont_367_start_13753 35 14998 15000 -edge_1_0_+disjointig_1_0_998487 12781 27744 998487 -1 -1 12407 0.0396625
Chain
	Aln	0	-HG002_ont_367_start_13753 1 14964 15000 +edge_1_0_+disjointig_1_0_998487 970742 985705 998487 -1 -1 12407 0.0396625
Chain
	Aln	1	+HG002_ont_370_start_393008 1 14998 15000 -edge_1_0_+disjointig_1_0_998487 392002 406999 998487 -1 -1 12172 0.0425361
Chain
	Aln	0	-HG002_ont_370_start_393008 1 14998 15000 +edge_1_0_+disjointig_1_0_998487 591487 606484 998487 -1 -1 12172 0.0425361
Chain
	Aln	1	+HG002_ont_369_start_4305 1 14998 15000 -edge_1_0_+disjointig_1_0_998487 3299 18296 998487 -1 -1 12284 0.0401287
Chain
	Aln	0	-HG002_ont_369_start_4305 1 14998 15000 +edge_1_0_+disjointig_1_0_998487 980190 995187 998487 -1 -1 12284 0.0401287
Chain
	Aln	1	+HG002_ont_372_start_366273 0 14989 15000 -edge_1_0_+disjointig_1_0_998487 365266 380255 998487 -1 -1 12099 0.0432286
Chain
	Aln	0	-HG002_ont_372_start_366273 10 14999 15000 +edge_1_0_+disjointig_1_0_998487 618231 633220 998487 -1 -1 12099 0.0432286
Chain
	Aln	1	+HG002_ont_373_start_106841 5 14990 15000 -edge_1_0_+disjointig_1_0_998487 105839 120824 998487 -1 -1 11988 0.0424244
Chain
	Aln	0	-HG002_ont_373_start_106841 9 14994 15000 +edge_1_0_+disjointig_1_0_998487 877662 892647 998487 -1 -1 11988 0.0424244
Chain
	Aln	1	+HG002_ont_371_start_567469 1 14998 15000 -edge_1_0_+disjointig_1_0_998487 566463 581460 998487 -1 -1 12115 0.041582
Chain
	Aln	0	-HG002_ont_371_start_567469 1 14998 15000 +edge_1_0_+disjointig_1_0_998487 417026 432023 998487 -1 -1 12115 0.041582
Chain
	Aln	1	+HG002_ont_374_start_318359 1 14998 15000 -edge_1_0_+disjointig_1_0_998487 317353 332350 998487 -1 -1 12221 0.042013
Chain
	Aln	0	-HG002_ont_374_start_318359 1 14998 15000 +edge_1_0_+disjointig_1_0_998487 666136 681133 998487 -1 -1 12221 0.042013
Chain
	Aln	1	+HG002_ont_376_start_368124 1 14998 15000 -edge_1_0_+disjointig_1_0_998487 367118 382115 998487 -1 -1 12307 0.041328
Chain
	Aln	0	-HG002_ont_376_start_368124 1 14998 15000 +edge_1_0_+disjointig_1_0_998487 616371 631368 998487 -1 -1 12307 0.041328
Chain
	Aln	1	+HG002_ont_377_start_923107 25 14983 15000 -edge_1_0_+disjointig_1_0_998487 922125 937083 998487 -1 -1 11746 0.0459315
Chain
	Aln	0	-HG002_ont_377_start_923107 16 14974 15000 +edge_1_0_+disjointig_1_0_998487 61403 76361 998487 -1 -1 11746 0.0459315
Chain
	Aln	1	+HG002_ont_375_start_152961 15 14980 15000 -edge_1_0_+disjointig_1_0_998487 151969 166934 998487 -1 -1 12384 0.0391098
Chain
	Aln	0	-HG002_ont_375_start_152961 19 14984 15000 +edge_1_0_+disjointig_1_0_998487 831552 846517 998487 -1 -1 12384 0.0391098
Chain
	Aln	1	+HG002_ont_378_start_813092 9 14998 15000 -edge_1_0_+disjointig_1_0_998487 812094 827083 998487 -1 -1 12204 0.0416063
Chain
	Aln	0	-HG002_ont_378_start_813092 1 14990 15000 +edge_1_0_+disjointig_1_0_998487 171403 186392 998487 -1 -1 12204 0.0416063
Chain
	Aln	1	+HG002_ont_379_start_660936 15 14995 15000 -edge_1_0_+disjointig_1_0_998487 659944 674924 998487 -1 -1 12307 0.0422838
Chain
	Aln	0	-HG002_ont_379_start_660936 4 14984 15000 +edge_1_0_+disjointig_1_0_998487 323562 338542 998487 -1 -1 12307 0.0422838
Chain
	Aln	1	+HG002_ont_380_start_711803 5 14998 15000 -edge_1_0_+disjointig_1_0_998487 710801 725794 998487 -1 -1 12061 0.0439523
Chain
	Aln	0	-HG002_ont_380_start_711803 1 14994 15000 +edge_1_0_+disjointig_1_0_998487 272692 287685 998487 -1 -1 12061 0.0439523
Chain
	Aln	1	+HG002_ont_382_start_444092 24 14998 15000 -edge_1_0_+disjointig_1_0_998487 443109 458083 998487 -1 -1 12195 0.0421315
Chain
	Aln	0	-HG002_ont_382_start_444092 1 14975 15000 +edge_1_0_+disjointig_1_0_998487 540403 555377 998487 -1 -1 12195 0.0421315
Chain
	Aln	1	+HG002_ont_381_start_241703 7 14998 15000 -edge_1_0_+disjointig_1_0_998487 240703 255694 998487 -1 -1 12234 0.0416301
Chain
	Aln	0	-HG002_ont_381_start_241703 1 14992 15000 +edge_1_0_+disjointig_1_0_998487 742792 757783 998487 -1 -1 12234 0.0416301
Chain
	Aln	1	+HG002_ont_383_start_586219 1 14998 15000 -edge_1_0_+disjointig_1_0_998487 585213 600210 998487 -1 -1 12193 0.0426251
Chain
	Aln	0	-HG002_ont_383_start_586219 1 14998 15000 +edge_1_0_+disjointig_1_0_998487 398276 413273 998487 -1 -1 12193 0.0426251
Chain
	Aln	1	+HG002_ont_384_start_217750 15 14969 15000 -edge_1_0_+disjointig_1_0_998487 216758 231712 998487 -1 -1 12229 0.0405133
Chain
	Aln	0	-HG002_ont_384_start_217750 30 14984 15000 +edge_1_0_+disjointig_1_0_998487 766774 781728 998487 -1 -1 12229 0.0405133
Chain
	Aln	1	+HG002_ont_385_start_790216 1 14968 15000 -edge_1_0_+disjointig_1_0_998487 789210 804177 998487 -1 -1 12206 0.0427914
Chain
	Aln	0	-HG002_ont_385_start_790216 31 14998 15000 +edge_1_0_+disjointig_1_0_998487 194309 209276 998487 -1 -1 12206 0.0427914
Chain
	Aln	1	+HG002_ont_386_start_705555 1 14974 15000 -edge_1_0_+disjointig_1_0_998487 704549 719522 998487 -1 -1 12525 0.0395323
Chain
	Aln	0	-HG002_ont_386_start_705555 25 14998 15000 +edge_1_0_+disjointig_1_0_998487 278964 293937 998487 -1 -1 12525 0.0395323
Chain
	Aln	1	+HG002_ont_388_start_501819 1 14998 15000 -edge_1_0_+disjointig_1_0_998487 500813 515810 998487 -1 -1 12233 0.0409019
Chain
	Aln	0	-HG002_ont_388_start_501819 1 14998 15000 +edge_1_0_+disjointig_1_0_998487 482676 497673 998487 -1 -1 12233 0.0409019
Chain
	Aln	1	+HG002_ont_387_start_339713 1 14985 15000 -edge_1_0_+disjointig_1_0_998487 338707 353691 998487 -1 -1 11828 0.0453337
Chain
	Aln	0	-HG002_ont_387_start_339713 14 14998 15000 +edge_1_0_+disjointig_1_0_998487 644795 659779 998487 -1 -1 11828 0.0453337
Chain
	Aln	1	+HG002_ont_389_start_221990 0 14956 15000 -edge_1_0_+disjointig_1_0_998487 220983 235939 998487 -1 -1 12066 0.0437656
Chain
	Aln	0	-HG002_ont_389_start_221990 43 14999 15000 +edge_1_0_+disjointig_1_0_998487 762547 777503 998487 -1 -1 12066 0.0437656
Chain
	Aln	1	+HG002_ont_390_start_180342 40 14998 15000 -edge_1_0_+disjointig_1_0_998487 179375 194333 998487 -1 -1 12262 0.0407724
Chain
	Aln	0	-HG002_ont_390_start_180342 1 14959 15000 +edge_1_0_+disjointig_1_0_998487 804153 819111 998487 -1 -1 12262 0.0407724
Chain
	Aln	1	+HG002_ont_392_start_256469 1 14998 15000 -edge_1_0_+disjointig_1_0_998487 255463 270460 998487 -1 -1 11828 0.0457934
Chain
	Aln	0	-HG002_ont_392_start_256469 1 14998 15000 +edge_1_0_+disjointig_1_0_998487 728026 743023 998487 -1 -1 11828 0.0457934
Chain
	Aln	1	+HG002_ont_391_start_794607 9 14993 15000 -edge_1_0_+disjointig_1_0_998487 793609 808593 998487 -1 -1 12118 0.04189
Chain
	Aln	0	-HG002_ont_391_start_794607 6 14990 15000 +edge_1_0_+disjointig_1_0_998487 189893 204877 998487 -1 -1 12118 0.04189
Chain
	Aln	1	+HG002_ont_393_start_52039 14 14978 15000 -edge_1_0_+disjointig_1_0_998487 51046 66010 998487 -1 -1 12382 0.0406075
Chain
	Aln	0	-HG002_ont_393_start_52039 21 14985 15000 +edge_1_0_+disjointig_1_0_998487 932476 947440 998487 -1 -1 12382 0.0406075
Chain
	Aln	1	+HG002_ont_394_start_305726 34 14978 15000 -edge_1_0_+disjointig_1_0_998487 304753 319697 998487 -1 -1 12564 0.0386311
Chain
	Aln	0	-HG002_ont_394_start_305726 21 14965 15000 +edge_1_0_+disjointig_1_0_998487 678789 693733 998487 -1 -1 12564 0.0386311
Chain
	Aln	1	+HG002_ont_395_start_347102 1 14998 15000 -edge_1_0_+disjointig_1_0_998487 346096 361093 998487 -1 -1 12221 0.0409964
Chain
	Aln	0	-HG002_ont_395_start_347102 1 14998 15000 +edge_1_0_+disjointig_1_0_998487 637393 652390 998487 -1 -1 12221 0.0409964
Chain
	Aln	1	+HG002_ont_397_start_485528 37 14994 15000 -edge_1_0_+disjointig_1_0_998487 484558 499515 998487 -1 -1 12099 0.0416799
Chain
	Aln	0	-HG002_ont_397_start_485528 5 14962 15000 +edge_1_0_+disjointig_1_0_998487 498971 513928 998487 -1 -1 12099 0.0416799
Chain
	Aln	1	+HG002_ont_396_start_796103 5 14995 15000 -edge_1_0_+disjointig_1_0_998487 795101 810091 998487 -1 -1 12240 0.0390858
Chain
	Aln	0	-HG002_ont_396_start_796103 4 14994 15000 +edge_1_0_+disjointig_1_0_998487 188395 203385 998487 -1 -1 12240 0.0390858
Chain
	Aln	1	+HG002_ont_398_start_774937 0 14993 15000 -edge_1_0_+disjointig_1_0_998487 773930 788923 998487 -1 -1 12141 0.0435561
Chain
	Aln	0	-HG002_ont_398_start_774937 6 14999 15000 +edge_1_0_+disjointig_1_0_998487 209563 224556 998487 -1 -1 12141 0.0435561
Chain
	Aln	1	+HG002_ont_399_start_397893 1 14998 15000 -edge_1_0_+disjointig_1_0_998487 396887 411884 998487 -1 -1 12265 0.0417891
Chain
	Aln	0	-HG002_ont_399_start_397893 1 14998 15000 +edge_1_0_+disjointig_1_0_998487 586602 601599 998487 -1 -1 12265 0.0417891
Chain
	Aln	1	+HG002_ont_400_start_1006 3 14998 15000 -edge_1_0_+disjointig_1_0_998487 2 14997 998487 -1 -1 12269 0.0409885
Chain
	Aln	0	-HG002_ont_400_start_1006 1 14996 15000 +edge_1_0_+disjointig_1_0_998487 983489 998484 998487 -1 -1 12269 0.0409885
Chain
	Aln	1	+HG002_ont_401_start_237456 2 14998 15000 -edge_1_0_+disjointig_1_0_998487 236451 251447 998487 -1 -1 12386 0.0422258
Chain
	Aln	0	-HG002_ont_401_start_237456 1 14997 15000 +edge_1_0_+disjointig_1_0_998487 747039 762035 998487 -1 -1 12386 0.0422258
Chain
	Aln	1	+HG002_ont_402_start_454081 1 14963 15000 -edge_1_0_+disjointig_1_0_998487 453075 468037 998487 -1 -1 12169 0.0433357
Chain
	Aln	0	-HG002_ont_402_start_454081 36 14998 15000 +edge_1_0_+disjointig_1_0_998487 530449 545411 998487 -1 -1 12169 0.0433357
Chain
	Aln	1	+HG002_ont_403_start_59911 17 14982 15000 -edge_1_0_+disjointig_1_0_998487 58921 73886 998487 -1 -1 12325 0.0404314
Chain
	Aln	0	-HG002_ont_403_start_59911 17 14982 15000 +edge_1_0_+disjointig_1_0_998487 924600 939565 998487 -1 -1 12325 0.0404314
Chain
	Aln	1	+HG002_ont_404_start_138036 1 14998 15000 -edge_1_0_+disjointig_1_0_998487 137030 152027 998487 -1 -1 12312 0.0410357
Chain
	Aln	0	-HG002_ont_404_start_138036 1 14998 15000 +edge_1_0_+disjointig_1_0_998487 846459 861456 998487 -1 -1 12312 0.0410357
Chain
	Aln	1	+HG002_ont_405_start_489086 1 14998 15000 -edge_1_0_+disjointig_1_0_998487 488080 503077 998487 -1 -1 11755 0.0455972
Chain
	Aln	0	-HG002_ont_405_start_489086 1 14998 15000 +edge_1_0_+disjointig_1_0_998487 495409 510406 998487 -1 -1 11755 0.0455972
Chain
	Aln	1	+HG002_ont_406_start_560584 6 14985 15000 -edge_1_0_+disjointig_1_0_998487 559583 574562 998487 -1 -1 12530 0.0395174
Chain
	Aln	0	-HG002_ont_406_start_560584 14 14993 15000 +edge_1_0_+disjointig_1_0_998487 423924 438903 998487 -1 -1 12530 0.0395174
Chain
	Aln	1	+HG002_ont_407_start_617904 1 14998 15000 -edge_1_0_+disjointig_1_0_998487 616898 631895 998487 -1 -1 12408 0.0391743
Chain
	Aln	0	-HG002_ont_407_start_617904 1 14998 15000 +edge_1_0_+disjointig_1_0_998487 366591 381588 998487 -1 -1 12408 0.0391743
Chain
	Aln	1	+HG002_ont_408_start_270298 1 14981 15000 -edge_1_0_+disjointig_1_0_998487 269292 284272 998487 -1 -1 12431 0.0386892
Chain
	Aln	0	-HG002_ont_408_start_270298 18 14998 15000 +edge_1_0_+disjointig_1_0_998487 714214 729194 998487 -1 -1 12431 0.0386892
Chain
	Aln	1	+HG002_ont_409_start_228733 14 14986 15000 -edge_1_0_+disjointig_1_0_998487 227740 242712 998487 -1 -1 12079 0.0416431
Chain
	Aln	0	-HG002_ont_409_start_228733 13 14985 15000 +edge_1_0_+disjointig_1_0_998487 755774 770746 998487 -1 -1 12079 0.0416431
Chain
	Aln	1	+HG002_ont_411_start_909989 7 14998 15000 -edge_1_0_+disjointig_1_0_998487 908989 923980 998487 -1 -1 12484 0.0405413
Chain
	Aln	0	-HG002_ont_411_start_909989 1 14992 15000 +edge_1_0_+disjointig_1_0_998487 74506 89497 998487 -1 -1 12484 0.0405413
Chain
	Aln	1	+HG002_ont_410_start_213113 1 14998 15000 -edge_1_0_+disjointig_1_0_998487 212107 227104 998487 -1 -1 12678 0.0391896
Chain
	Aln	0	-HG002_ont_410_start_213113 1 14998 15000 +edge_1_0_+disjointig_1_0_998487 771382 786379 998487 -1 -1 12678 0.0391896
Chain
	Aln	1	+HG002_ont_412_start_520976 20 14984 15000 -edge_1_0_+disjointig_1_0_998487 519989 534953 998487 -1 -1 12135 0.0416755
Chain
	Aln	0	-HG002_ont_412_start_520976 15 14979 15000 +edge_1_0_+disjointig_1_0_998487 463533 478497 998487 -1 -1 12135 0.0416755
Chain
	Aln	1	+HG002_ont_413_start_907355 32 14969 15000 -edge_1_0_+disjointig_1_0_998487 906380 921317 998487 -1 -1 12319 0.0412508
Chain
	Aln	0	-HG002_ont_413_start_907355 30 14967 15000 +edge_1_0_+disjointig_1_0_998487 77169 92106 998487 -1 -1 12319 0.0412508
Chain
	Aln	1	+HG002_ont_414_start_470194 1 14992 15000 -edge_1_0_+disjointig_1_0_998487 469188 484179 998487 -1 -1 12266 0.0417576
Chain
	Aln	0	-HG002_ont_414_start_470194 7 14998 15000 +edge_1_0_+disjointig_1_0_998487 514307 529298 998487 -1 -1 12266 0.0417576
Chain
	Aln	1	+HG002_ont_415_start_422876 23 14998 15000 -edge_1_0_+disjointig_1_0_998487 421892 436867 998487 -1 -1 12499 0.0362634
Chain
	Aln	0	-HG002_ont_415_start_422876 1 14976 15000 +edge_1_0_+disjointig_1_0_998487 561619 576594 998487 -1 -1 12499 0.0362634
Chain
	Aln	1	+HG002_ont_416_start_518843 26 14971 15000 -edge_1_0_+disjointig_1_0_998487 517862 532807 998487 -1 -1 12640 0.0361673
Chain
	Aln	0	-HG002_ont_416_start_518843 28 14973 15000 +edge_1_0_+disjointig_1_0_998487 465679 480624 998487 -1 -1 12640 0.0361673
Chain
	Aln	1	+HG002_ont_417_start_276001 40 14998 15000 -edge_1_0_+disjointig_1_0_998487 275034 289992 998487 -1 -1 12430 0.0393427
Chain
	Aln	0	-HG002_ont_417_start_276001 1 14959 15000 +edge_1_0_+disjointig_1_0_998487 708494 723452 998487 -1 -1 12430 0.0393427
Chain
	Aln	1	+HG002_ont_418_start_42454 1 14987 15000 -edge_1_0_+disjointig_1_0_998487 41448 56434 998487 -1 -1 12544 0.0383425
Chain
	Aln	0	-HG002_ont_418_start_42454 12 14998 15000 +edge_1_0_+disjointig_1_0_998487 942052 957038 998487 -1 -1 12544 0.0383425
Chain
	Aln	1	+HG002_ont_420_start_293060 1 14990 15000 -edge_1_0_+disjointig_1_0_998487 292054 307043 998487 -1 -1 12490 0.0377995
Chain
	Aln	0	-HG002_ont_420_start_293060 9 14998 15000 +edge_1_0_+disjointig_1_0_998487 691443 706432 998487 -1 -1 12490 0.0377995
Chain
	Aln	1	+HG002_ont_419_start_120260 1 14971 15000 -edge_1_0_+disjointig_1_0_998487 119254 134224 998487 -1 -1 12187 0.0401548
Chain
	Aln	0	-HG002_ont_419_start_120260 28 14998 15000 +edge_1_0_+disjointig_1_0_998487 864262 879232 998487 -1 -1 12187 0.0401548
Chain
	Aln	1	+HG002_ont_421_start_225350 29 14993 15000 -edge_1_0_+disjointig_1_0_998487 224372 239336 998487 -1 -1 11923 0.0440542
Chain
	Aln	0	-HG002_ont_421_start_225350 6 14970 15000 +edge_1_0_+disjointig_1_0_998487 759150 774114 998487 -1 -1 11923 0.0440542
Chain
	Aln	1	+HG002_ont_422_start_735054 2 14988 15000 -edge_1_0_+disjointig_1_0_998487 734049 749035 998487 -1 -1 12128 0.0424607
Chain
	Aln	0	-HG002_ont_422_start_735054 11 14997 15000 +edge_1_0_+disjointig_1_0_998487 249451 264437 998487 -1 -1 12128 0.0424607
Chain
	Aln	1	+HG002_ont_424_start_968453 11 14998 15000 -edge_1_0_+disjointig_1_0_998487 967457 982444 998487 -1 -1 12026 0.0426426
Chain
	Aln	0	-HG002_ont_424_start_968453 1 14988 15000 +edge_1_0_+disjointig_1_0_998487 16042 31029 998487 -1 -1 12026 0.0426426
Chain
	Aln	1	+HG002_ont_425_start_559475 1 14998 15000 -edge_1_0_+disjointig_1_0_998487 558469 573466 998487 -1 -1 12264 0.0401598
Chain
	Aln	0	-HG002_ont_425_start_559475 1 14998 15000 +edge_1_0_+disjointig_1_0_998487 425020 440017 998487 -1 -1 12264 0.0401598
Chain
	Aln	1	+HG002_ont_423_start_273359 9 14998 15000 -edge_1_0_+disjointig_1_0_998487 272361 287350 998487 -1 -1 12514 0.0378592
Chain
	Aln	0	-HG002_ont_423_start_273359 1 14990 15000 +edge_1_0_+disjointig_1_0_998487 711136 726125 998487 -1 -1 12514 0.0378592
Chain
	Aln	1	+HG002_ont_427_start_977612 19 14998 15000 -edge_1_0_+disjointig_1_0_998487 976624 991603 998487 -1 -1 12229 0.0420065
Chain
	Aln	0	-HG002_ont_427_start_977612 1 14980 15000 +edge_1_0_+disjointig_1_0_998487 6883 21862 998487 -1 -1 12229 0.0420065
Chain
	Aln	1	+HG002_ont_428_start_488635 1 14998 15000 -edge_1_0_+disjointig_1_0_998487 487629 502626 998487 -1 -1 12002 0.0433993
Chain
	Aln	0	-HG002_ont_428_start_488635 1 14998 15000 +edge_1_0_+disjointig_1_0_998487 495860 510857 998487 -1 -1 12002 0.0433993
Chain
	Aln	1	+HG002_ont_429_start_327074 1 14998 15000 -edge_1_0_+disjointig_1_0_998487 326068 341065 998487 -1 -1 11889 0.0424957
Chain
	Aln	0	-HG002_ont_429_start_327074 1 14998 15000 +edge_1_0_+disjointig_1_0_998487 657421 672418 998487 -1 -1 11889 0.0424957
Chain
	Aln	1	+HG002_ont_426_start_324395 10 14991 15000 -edge_1_0_+disjointig_1_0_998487 323398 338379 998487 -1 -1 12703 0.0367839
Chain
	Aln	0	-HG002_ont_426_start_324395 8 14989 15000 +edge_1_0_+disjointig_1_0_998487 660107 675088 998487 -1 -1 12703 0.0367839
Chain
	Aln	1	+HG002_ont_430_start_555208 18 14986 15000 -edge_1_0_+disjointig_1_0_998487 554219 569187 998487 -1 -1 12449 0.0398521
Chain
	Aln	0	-HG002_ont_430_start_555208 13 14981 15000 +edge_1_0_+disjointig_1_0_998487 429299 444267 998487 -1 -1 12449 0.0398521
Chain
	Aln	1	+HG002_ont_431_start_152964 9 14998 15000 -edge_1_0_+disjointig_1_0_998487 151966 166955 998487 -1 -1 12382 0.0405804
Chain
	Aln	0	-HG002_ont_431_start_152964 1 14990 15000 +edge_1_0_+disjointig_1_0_998487 831531 846520 998487 -1 -1 12382 0.0405804
Chain
	Aln	1	+HG002_ont_432_start_881794 0 14998 15000 -edge_1_0_+disjointig_1_0_998487 880787 895785 998487 -1 -1 12611 0.0399544
Chain
	Aln	0	-HG002_ont_432_start_881794 1 14999 15000 +edge_1_0_+disjointig_1_0_998487 102701 117699 998487 -1 -1 12611 0.0399544
Chain
	Aln	1	+HG002_ont_433_start_423923 14 14979 15000 -edge_1_0_+disjointig_1_0_998487 422930 437895 998487 -1 -1 12024 0.0423136
Chain
	Aln	0	-HG002_ont_433_start_423923 20 14985 15000 +edge_1_0_+disjointig_1_0_998487 560591 575556 998487 -1 -1 12024 0.0423136
Chain
	Aln	1	+HG002_ont_434_start_577828 1 14979 15000 -edge_1_0_+disjointig_1_0_998487 576822 591800 998487 -1 -1 12129 0.0439929
Chain
	Aln	0	-HG002_ont_434_start_577828 20 14998 15000 +edge_1_0_+disjointig_1_0_998487 406686 421664 998487 -1 -1 12129 0.0439929
Chain
	Aln	1	+HG002_ont_435_start_544548 1 14998 15000 -edge_1_0_+disjointig_1_0_998487 543542 558539 998487 -1 -1 12105 0.0432109
Chain
	Aln	0	-HG002_ont_435_start_544548 1 14998 15000 +edge_1_0_+disjointig_1_0_998487 439947 454944 998487 -1 -1 12105 0.0432109
Chain
	Aln	1	+HG002_ont_436_start_436716 11 14992 15000 -edge_1_0_+disjointig_1_0_998487 435720 450701 998487 -1 -1 11853 0.0447058
Chain
	Aln	0	-HG002_ont_436_start_436716 7 14988 15000 +edge_1_0_+disjointig_1_0_998487 547785 562766 998487 -1 -1 11853 0.0447058
Chain
	Aln	1	+HG002_ont_438_start_113936 1 14970 15000 -edge_1_0_+disjointig_1_0_998487 112930 127899 998487 -1 -1 12265 0.0411706
Chain
	Aln	0	-HG002_ont_438_start_113936 29 14998 15000 +edge_1_0_+disjointig_1_0_998487 870587 885556 998487 -1 -1 12265 0.0411706
Chain
	Aln	1	+HG002_ont_437_start_623755 15 14998 15000 -edge_1_0_+disjointig_1_0_998487 622763 637746 998487 -1 -1 12162 0.041281
Chain
	Aln	0	-HG002_ont_437_start_623755 1 14984 15000 +edge_1_0_+disjointig_1_0_998487 360740 375723 998487 -1 -1 12162 0.041281
Chain
	Aln	1	+HG002_ont_439_start_689941 1 14998 15000 -edge_1_0_+disjointig_1_0_998487 688935 703932 998487 -1 -1 12126 0.0433009
Chain
	Aln	0	-HG002_ont_439_start_689941 1 14998 15000 +edge_1_0_+disjointig_1_0_998487 294554 309551 998487 -1 -1 12126 0.0433009
Chain
	Aln	1	+HG002_ont_440_start_975713 10 14998 15000 -edge_1_0_+disjointig_1_0_998487 974716 989704 998487 -1 -1 12221 0.0423636
Chain
	Aln	0	-HG002_ont_440_start_975713 1 14989 15000 +edge_1_0_+disjointig_1_0_998487 8782 23770 998487 -1 -1 12221 0.0423636
Chain
	Aln	1	+HG002_ont_441_start_516148 0 14998 15000 -edge_1_0_+disjointig_1_0_998487 515141 530139 998487 -1 -1 12310 0.0413082
Chain
	Aln	0	-HG002_ont_441_start_516148 1 14999 15000 +edge_1_0_+disjointig_1_0_998487 468347 483345 998487 -1 -1 12310 0.0413082
Chain
	Aln	1	+HG002_ont_443_start_485641 0 14998 15000 -edge_1_0_+disjointig_1_0_998487 484634 499632 998487 -1 -1 12570 0.0371227
Chain
	Aln	0	-HG002_ont_443_start_485641 1 14999 15000 +edge_1_0_+disjointig_1_0_998487 498854 513852 998487 -1 -1 12570 0.0371227
Chain
	Aln	1	+HG002_ont_442_start_225711 1 14998 15000 -edge_1_0_+disjointig_1_0_998487 224705 239702 998487 -1 -1 12405 0.041439
Chain
	Aln	0	-HG002_ont_442_start_225711 1 14998 15000 +edge_1_0_+disjointig_1_0_998487 758784 773781 998487 -1 -1 12405 0.041439
Chain
	Aln	1	+HG002_ont_444_start_526221 1 14989 15000 -edge_1_0_+disjointig_1_0_998487 525215 540203 998487 -1 -1 12653 0.0387358
Chain
	Aln	0	-HG002_ont_444_start_526221 10 14998 15000 +edge_1_0_+disjointig_1_0_998487 458283 473271 998487 -1 -1 12653 0.0387358
Chain
	Aln	1	+HG002_ont_446_start_86013 1 14998 15000 -edge_1_0_+disjointig_1_0_998487 85007 100004 998487 -1 -1 12125 0.0431782
Chain
	Aln	0	-HG002_ont_446_start_86013 1 14998 15000 +edge_1_0_+disjointig_1_0_998487 898482 913479 998487 -1 -1 12125 0.0431782
Chain
	Aln	1	+HG002_ont_447_start_938572 0 14984 15000 -edge_1_0_+disjointig_1_0_998487 937565 952549 998487 -1 -1 12104 0.0417461
Chain
	Aln	0	-HG002_ont_447_start_938572 15 14999 15000 +edge_1_0_+disjointig_1_0_998487 45937 60921 998487 -1 -1 12104 0.0417461
Chain
	Aln	1	+HG002_ont_445_start_551079 1 14978 15000 -edge_1_0_+disjointig_1_0_998487 550073 565050 998487 -1 -1 12598 0.0388672
Chain
	Aln	0	-HG002_ont_445_start_551079 21 14998 15000 +edge_1_0_+disjointig_1_0_998487 433436 448413 998487 -1 -1 12598 0.0388672
Chain
	Aln	1	+HG002_ont_448_start_911008 31 14995 15000 -edge_1_0_+disjointig_1_0_998487 910032 924996 998487 -1 -1 12607 0.0381432
Chain
	Aln	0	-HG002_ont_448_start_911008 4 14968 15000 +edge_1_0_+disjointig_1_0_998487 73490 88454 998487 -1 -1 12607 0.0381432
Chain
	Aln	1	+HG002_ont_449_start_557669 15 14998 15000 -edge_1_0_+disjointig_1_0_998487 556677 571660 998487 -1 -1 12283 0.0397102
Chain
	Aln	0	-HG002_ont_449_start_557669 1 14984 15000 +edge_1_0_+disjointig_1_0_998487 426826 441809 998487 -1 -1 12283 0.0397102
Chain
	Aln	1	+HG002_ont_450_start_5508 112 14998 15000 -edge_1_0_+disjointig_1_0_998487 4613 19499 998487 -1 -1 12251 0.0396995
Chain
	Aln	0	-HG002_ont_450_start_5508 1 14887 15000 +edge_1_0_+disjointig_1_0_998487 978987 993873 998487 -1 -1 12251 0.0396995
Chain
	Aln	1	+HG002_ont_451_start_815492 18 14986 15000 -edge_1_0_+disjointig_1_0_998487 814503 829471 998487 -1 -1 11985 0.0426409
Chain
	Aln	0	-HG002_ont_451_start_815492 13 14981 15000 +edge_1_0_+disjointig_1_0_998487 169015 183983 998487 -1 -1 11985 0.0426409
Chain
	Aln	1	+HG002_ont_452_start_147479 7 14996 15000 -edge_1_0_+disjointig_1_0_998487 146479 161468 998487 -1 -1 12211 0.0410438
Chain
	Aln	0	-HG002_ont_452_start_147479 3 14992 15000 +edge_1_0_+disjointig_1_0_998487 837018 852007 998487 -1 -1 12211 0.0410438
Chain
	Aln	1	+HG002_ont_453_start_260913 1 14977 15000 -edge_1_0_+disjointig_1_0_998487 259907 274883 998487 -1 -1 12522 0.0396904
Chain
	Aln	0	-HG002_ont_453_start_260913 22 14998 15000 +edge_1_0_+disjointig_1_0_998487 723603 738579 998487 -1 -1 12522 0.0396904
Chain
	Aln	1	+HG002_ont_454_start_141115 11 14916 15000 -edge_1_0_+disjointig_1_0_998487 140119 155024 998487 -1 -1 12384 0.0379033
Chain
	Aln	0	-HG002_ont_454_start_141115 83 14988 15000 +edge_1_0_+disjointig_1_0_998487 843462 858367 998487 -1 -1 12384 0.0379033
Chain
	Aln	1	+HG002_ont_455_start_840438 1 14998 15000 -edge_1_0_+disjointig_1_0_998487 839432 854429 998487 -1 -1 12311 0.0418051
Chain
	Aln	0	-HG002_ont_455_start_840438 1 14998 15000 +edge_1_0_+disjointig_1_0_998487 144057 159054 998487 -1 -1 12311 0.0418051
Chain
	Aln	1	+HG002_ont_458_start_140902 16 14988 15000 -edge_1_0_+disjointig_1_0_998487 139911 154883 998487 -1 -1 12313 0.0415634
Chain
	Aln	0	-HG002_ont_458_start_140902 11 14983 15000 +edge_1_0_+disjointig_1_0_998487 843603 858575 998487 -1 -1 12313 0.0415634
Chain
	Aln	1	+HG002_ont_456_start_947325 0 14998 15000 -edge_1_0_+disjointig_1_0_998487 946318 961316 998487 -1 -1 12281 0.0400318
Chain
	Aln	0	-HG002_ont_456_start_947325 1 14999 15000 +edge_1_0_+disjointig_1_0_998487 37170 52168 998487 -1 -1 12281 0.0400318
Chain
	Aln	1	+HG002_ont_457_start_307536 1 14961 15000 -edge_1_0_+disjointig_1_0_998487 306530 321490 998487 -1 -1 12406 0.0388004
Chain
	Aln	0	-HG002_ont_457_start_307536 38 14998 15000 +edge_1_0_+disjointig_1_0_998487 676996 691956 998487 -1 -1 12406 0.0388004
Chain
	Aln	1	+HG002_ont_459_start_482053 1 14998 15000 -edge_1_0_+disjointig_1_0_998487 481047 496044 998487 -1 -1 12385 0.0408391
Chain
	Aln	0	-HG002_ont_459_start_482053 1 14998 15000 +edge_1_0_+disjointig_1_0_998487 502442 517439 998487 -1 -1 12385 0.0408391
Chain
	Aln	1	+HG002_ont_460_start_259781 1 14977 15000 -edge_1_0_+disjointig_1_0_998487 258775 273751 998487 -1 -1 12174 0.0448123
Chain
	Aln	0	-HG002_ont_460_start_259781 22 14998 15000 +edge_1_0_+disjointig_1_0_998487 724735 739711 998487 -1 -1 12174 0.0448123
Chain
	Aln	1	+HG002_ont_463_start_505493 5 14998 15000 -edge_1_0_+disjointig_1_0_998487 504491 519484 998487 -1 -1 12151 0.040902
Chain
	Aln	0	-HG002_ont_463_start_505493 1 14994 15000 +edge_1_0_+disjointig_1_0_998487 479002 493995 998487 -1 -1 12151 0.040902
Chain
	Aln	1	+HG002_ont_461_start_975503 4 14998 15000 -edge_1_0_+disjointig_1_0_998487 974500 989494 998487 -1 -1 12309 0.0423226
Chain
	Aln	0	-HG002_ont_461_start_975503 1 14995 15000 +edge_1_0_+disjointig_1_0_998487 8992 23986 998487 -1 -1 12309 0.0423226
Chain
	Aln	1	+HG002_ont_462_start_761385 1 14991 15000 -edge_1_0_+disjointig_1_0_998487 760379 775369 998487 -1 -1 11988 0.042315
Chain
	Aln	0	-HG002_ont_462_start_761385 8 14998 15000 +edge_1_0_+disjointig_1_0_998487 223117 238107 998487 -1 -1 11988 0.042315
Chain
	Aln	1	+HG002_ont_464_start_140500 0 14998 15000 -edge_1_0_+disjointig_1_0_998487 139493 154491 998487 -1 -1 12499 0.0395843
Chain
	Aln	0	-HG002_ont_464_start_140500 1 14999 15000 +edge_1_0_+disjointig_1_0_998487 843995 858993 998487 -1 -1 12499 0.0395843
Chain
	Aln	1	+HG002_ont_465_start_587744 0 14973 15000 -edge_1_0_+disjointig_1_0_998487 586737 601710 998487 -1 -1 12035 0.0431658
Chain
	Aln	0	-HG002_ont_465_start_587744 26 14999 15000 +edge_1_0_+disjointig_1_0_998487 396776 411749 998487 -1 -1 12035 0.0431658
Chain
	Aln	1	+HG002_ont_468_start_890662 29 14998 15000 -edge_1_0_+disjointig_1_0_998487 889684 904653 998487 -1 -1 12200 0.0405488
Chain
	Aln	0	-HG002_ont_468_start_890662 1 14970 15000 +edge_1_0_+disjointig_1_0_998487 93833 108802 998487 -1 -1 12200 0.0405488
Chain
	Aln	1	+HG002_ont_467_start_588179 0 14998 15000 -edge_1_0_+disjointig_1_0_998487 587172 602170 998487 -1 -1 12099 0.0428724
Chain
	Aln	0	-HG002_ont_467_start_588179 1 14999 15000 +edge_1_0_+disjointig_1_0_998487 396316 411314 998487 -1 -1 12099 0.0428724
Chain
	Aln	1	+HG002_ont_466_start_44310 1 14992 15000 -edge_1_0_+disjointig_1_0_998487 43304 58295 998487 -1 -1 12651 0.0373243
Chain
	Aln	0	-HG002_ont_466_start_44310 7 14998 15000 +edge_1_0_+disjointig_1_0_998487 940191 955182 998487 -1 -1 12651 0.0373243
Chain
	Aln	1	+HG002_ont_469_start_284956 1 14998 15000 -edge_1_0_+disjointig_1_0_998487 283950 298947 998487 -1 -1 12322 0.037652
Chain
	Aln	0	-HG002_ont_469_start_284956 1 14998 15000 +edge_1_0_+disjointig_1_0_998487 699539 714536 998487 -1 -1 12322 0.037652
Chain
	Aln	1	+HG002_ont_470_start_465955 1 14998 15000 -edge_1_0_+disjointig_1_0_998487 464949 479946 998487 -1 -1 12227 0.0408234
Chain
	Aln	0	-HG002_ont_470_start_465955 1 14998 15000 +edge_1_0_+disjointig_1_0_998487 518540 533537 998487 -1 -1 12227 0.0408234
Chain
	Aln	1	+HG002_ont_471_start_648922 1 14992 15000 -edge_1_0_+disjointig_1_0_998487 647916 662907 998487 -1 -1 12407 0.0397725
Chain
	Aln	0	-HG002_ont_471_start_648922 7 14998 15000 +edge_1_0_+disjointig_1_0_998487 335579 350570 998487 -1 -1 12407 0.0397725
Chain
	Aln	1	+HG002_ont_472_start_122992 1 14966 15000 -edge_1_0_+disjointig_1_0_998487 121986 136951 998487 -1 -1 11982 0.0427835
Chain
	Aln	0	-HG002_ont_472_start_122992 33 14998 15000 +edge_1_0_+disjointig_1_0_998487 861535 876500 998487 -1 -1 11982 0.0427835
Chain
	Aln	1	+HG002_ont_473_start_512681 1 14992 15000 -edge_1_0_+disjointig_1_0_998487 511675 526666 998487 -1 -1 12542 0.0383772
Chain
	Aln	0	-HG002_ont_473_start_512681 7 14998 15000 +edge_1_0_+disjointig_1_0_998487 471820 486811 998487 -1 -1 12542 0.0383772
Chain
	Aln	1	+HG002_ont_475_start_693110 3 14988 15000 -edge_1_0_+disjointig_1_0_998487 692106 707091 998487 -1 -1 12493 0.0376422
Chain
	Aln	0	-HG002_ont_475_start_693110 11 14996 15000 +edge_1_0_+disjointig_1_0_998487 291395 306380 998487 -1 -1 12493 0.0376422
Chain
	Aln	1	+HG002_ont_474_start_774867 0 14998 15000 -edge_1_0_+disjointig_1_0_998487 773860 788858 998487 -1 -1 12279 0.0394307
Chain
	Aln	0	-HG002_ont_474_start_774867 1 14999 15000 +edge_1_0_+disjointig_1_0_998487 209628 224626 998487 -1 -1 12279 0.0394307
Chain
	Aln	1	+HG002_ont_476_start_798005 1 14998 15000 -edge_1_0_+disjointig_1_0_998487 796999 811996 998487 -1 -1 12287 0.041997
Chain
	Aln	0	-HG002_ont_476_start_798005 1 14998 15000 +edge_1_0_+disjointig_1_0_998487 186490 201487 998487 -1 -1 12287 0.041997
Chain
	Aln	1	+HG002_ont_478_start_38351 19 14985 15000 -edge_1_0_+disjointig_1_0_998487 37363 52329 998487 -1 -1 12412 0.0403806
Chain
	Aln	0	-HG002_ont_478_start_38351 14 14980 15000 +edge_1_0_+disjointig_1_0_998487 946157 961123 998487 -1 -1 12412 0.0403806
Chain
	Aln	1	+HG002_ont_479_start_413323 34 14981 15000 -edge_1_0_+disjointig_1_0_998487 412350 427297 998487 -1 -1 12420 0.0387645
Chain
	Aln	0	-HG002_ont_479_start_413323 18 14965 15000 +edge_1_0_+disjointig_1_0_998487 571189 586136 998487 -1 -1 12420 0.0387645
Chain
	Aln	1	+HG002_ont_477_start_849089 0 14998 15000 -edge_1_0_+disjointig_1_0_998487 848082 863080 998487 -1 -1 12460 0.0392699
Chain
	Aln	0	-HG002_ont_477_start_849089 1 14999 15000 +edge_1_0_+disjointig_1_0_998487 135406 150404 998487 -1 -1 12460 0.0392699
Chain
	Aln	1	+HG002_ont_480_start_323559 1 14988 15000 -edge_1_0_+disjointig_1_0_998487 322553 337540 998487 -1 -1 12220 0.0414712
Chain
	Aln	0	-HG002_ont_480_start_323559 11 14998 15000 +edge_1_0_+disjointig_1_0_998487 660946 675933 998487 -1 -1 12220 0.0414712
Chain
	Aln	1	+HG002_ont_481_start_233652 1 14998 15000 -edge_1_0_+disjointig_1_0_998487 232646 247643 998487 -1 -1 12573 0.0365101
Chain
	Aln	0	-HG002_ont_481_start_233652 1 14998 15000 +edge_1_0_+disjointig_1_0_998487 750843 765840 998487 -1 -1 12573 0.0365101
Chain
	Aln	1	+HG002_ont_482_start_258227 1 14998 15000 -edge_1_0_+disjointig_1_0_998487 257221 272218 998487 -1 -1 12100 0.0405648
Chain
	Aln	0	-HG002_ont_482_start_258227 1 14998 15000 +edge_1_0_+disjointig_1_0_998487 726268 741265 998487 -1 -1 12100 0.0405648
Chain
	Aln	1	+HG002_ont_483_start_773112 1 14981 15000 -edge_1_0_+disjointig_1_0_998487 772106 787086 998487 -1 -1 12230 0.0393678
Chain
	Aln	0	-HG002_ont_483_start_773112 18 14998 15000 +edge_1_0_+disjointig_1_0_998487 211400 226380 998487 -1 -1 12230 0.0393678
Chain
	Aln	1	+HG002_ont_484_start_816982 0 14995 15000 -edge_1_0_+disjointig_1_0_998487 815975 830970 998487 -1 -1 12004 0.0431132
Chain
	Aln	0	-HG002_ont_484_start_816982 4 14999 15000 +edge_1_0_+disjointig_1_0_998487 167516 182511 998487 -1 -1 12004 0.0431132
Chain
	Aln	1	+HG002_ont_487_start_656921 17 14998 15000 -edge_1_0_+disjointig_1_0_998487 655931 670912 998487 -1 -1 12153 0.0432791
Chain
	Aln	0	-HG002_ont_487_start_656921 1 14982 15000 +edge_1_0_+disjointig_1_0_998487 327574 342555 998487 -1 -1 12153 0.0432791
Chain
	Aln	1	+HG002_ont_486_start_188499 1 14994 15000 -edge_1_0_+disjointig_1_0_998487 187493 202486 998487 -1 -1 12556 0.0406117
Chain
	Aln	0	-HG002_ont_486_start_188499 5 14998 15000 +edge_1_0_+disjointig_1_0_998487 796000 810993 998487 -1 -1 12556 0.0406117
Chain
	Aln	1	+HG002_ont_485_start_536704 11 14987 15000 -edge_1_0_+disjointig_1_0_998487 535708 550684 998487 -1 -1 12141 0.0418026
Chain
	Aln	0	-HG002_ont_485_start_536704 12 14988 15000 +edge_1_0_+disjointig_1_0_998487 447802 462778 998487 -1 -1 12141 0.0418026
Chain
	Aln	1	+HG002_ont_490_start_581796 5 14996 15000 -edge_1_0_+disjointig_1_0_998487 580794 595785 998487 -1 -1 12296 0.0396414
Chain
	Aln	0	-HG002_ont_490_start_581796 3 14994 15000 +edge_1_0_+disjointig_1_0_998487 402701 417692 998487 -1 -1 12296 0.0396414
Chain
	Aln	1	+HG002_ont_489_start_495777 65 14983 15000 -edge_1_0_+disjointig_1_0_998487 494835 509753 998487 -1 -1 12347 0.0387188
Chain
	Aln	0	-HG002_ont_489_start_495777 16 14934 15000 +edge_1_0_+disjointig_1_0_998487 488733 503651 998487 -1 -1 12347 0.0387188
Chain
	Aln	1	+HG002_ont_491_start_863001 0 14998 15000 -edge_1_0_+disjointig_1_0_998487 861994 876992 998487 -1 -1 12360 0.042702
Chain
	Aln	0	-HG002_ont_491_start_863001 1 14999 15000 +edge_1_0_+disjointig_1_0_998487 121494 136492 998487 -1 -1 12360 0.042702
Chain
	Aln	1	+HG002_ont_488_start_182623 1 14998 15000 -edge_1_0_+disjointig_1_0_998487 181617 196614 998487 -1 -1 12454 0.0410515
Chain
	Aln	0	-HG002_ont_488_start_182623 1 14998 15000 +edge_1_0_+disjointig_1_0_998487 801872 816869 998487 -1 -1 12454 0.0410515
Chain
	Aln	1	+HG002_ont_492_start_847070 1 14989 15000 -edge_1_0_+disjointig_1_0_998487 846064 861052 998487 -1 -1 12404 0.0414116
Chain
	Aln	0	-HG002_ont_492_start_847070 10 14998 15000 +edge_1_0_+disjointig_1_0_998487 137434 152422 998487 -1 -1 12404 0.0414116
Chain
	Aln	1	+HG002_ont_493_start_847145 1 14998 15000 -edge_1_0_+disjointig_1_0_998487 846139 861136 998487 -1 -1 12653 0.0374515
Chain
	Aln	0	-HG002_ont_493_start_847145 1 14998 15000 +edge_1_0_+disjointig_1_0_998487 137350 152347 998487 -1 -1 12653 0.0374515
Chain
	Aln	1	+HG002_ont_494_start_549414 1 14987 15000 -edge_1_0_+disjointig_1_0_998487 548408 563394 998487 -1 -1 12407 0.0398764
Chain
	Aln	0	-HG002_ont_494_start_549414 12 14998 15000 +edge_1_0_+disjointig_1_0_998487 435092 450078 998487 -1 -1 12407 0.0398764
Chain
	Aln	1	+HG002_ont_495_start_336025 1 14988 15000 -edge_1_0_+disjointig_1_0_998487 335019 350006 998487 -1 -1 12202 0.0392421
Chain
	Aln	0	-HG002_ont_495_start_336025 11 14998 15000 +edge_1_0_+disjointig_1_0_998487 648480 663467 998487 -1 -1 12202 0.0392421
Chain
	Aln	1	+HG002_ont_497_start_458212 7 14982 15000 -edge_1_0_+disjointig_1_0_998487 457212 472187 998487 -1 -1 12275 0.041623
Chain
	Aln	0	-HG002_ont_497_start_458212 17 14992 15000 +edge_1_0_+disjointig_1_0_998487 526299 541274 998487 -1 -1 12275 0.041623
Chain
	Aln	1	+HG002_ont_496_start_415300 26 14998 15000 -edge_1_0_+disjointig_1_0_998487 414319 429291 998487 -1 -1 12130 0.0413647
Chain
	Aln	0	-HG002_ont_496_start_415300 1 14973 15000 +edge_1_0_+disjointig_1_0_998487 569195 584167 998487 -1 -1 12130 0.0413647
Chain
	Aln	1	+HG002_ont_498_start_813348 1 14990 15000 -edge_1_0_+disjointig_1_0_998487 812342 827331 998487 -1 -1 12493 0.0427559
Chain
	Aln	0	-HG002_ont_498_start_813348 9 14998 15000 +edge_1_0_+disjointig_1_0_998487 171155 186144 998487 -1 -1 12493 0.0427559
Chain
	Aln	1	+HG002_ont_499_start_130988 15 14998 15000 -edge_1_0_+disjointig_1_0_998487 129996 144979 998487 -1 -1 12455 0.0388832
Chain
	Aln	0	-HG002_ont_499_start_130988 1 14984 15000 +edge_1_0_+disjointig_1_0_998487 853507 868490 998487 -1 -1 12455 0.0388832
Chain
	Aln	1	+HG002_ont_500_start_742036 3 14980 15000 -edge_1_0_+disjointig_1_0_998487 741032 756009 998487 -1 -1 12367 0.039903
Chain
	Aln	0	-HG002_ont_500_start_742036 19 14996 15000 +edge_1_0_+disjointig_1_0_998487 242477 257454 998487 -1 -1 12367 0.039903
Chain
	Aln	1	+HG002_ont_501_start_478378 7 14998 15000 -edge_1_0_+disjointig_1_0_998487 477378 492369 998487 -1 -1 12219 0.0404866
Chain
	Aln	0	-HG002_ont_501_start_478378 1 14992 15000 +edge_1_0_+disjointig_1_0_998487 506117 521108 998487 -1 -1 12219 0.0404866
Chain
	Aln	1	+HG002_ont_502_start_906049 35 14998 15000 -edge_1_0_+disjointig_1_0_998487 905077 920040 998487 -1 -1 12808 0.0359477
Chain
	Aln	0	-HG002_ont_502_start_906049 1 14964 15000 +edge_1_0_+disjointig_1_0_998487 78446 93409 998487 -1 -1 12808 0.0359477
Chain
	Aln	1	+HG002_ont_503_start_858589 0 14998 15000 -edge_1_0_+disjointig_1_0_998487 857582 872580 998487 -1 -1 12250 0.0405219
Chain
	Aln	0	-HG002_ont_503_start_858589 1 14999 15000 +edge_1_0_+disjointig_1_0_998487 125906 140904 998487 -1 -1 12250 0.0405219
Chain
	Aln	1	+HG002_ont_504_start_779795 11 14998 15000 -edge_1_0_+disjointig_1_0_998487 778799 793786 998487 -1 -1 12142 0.0440532
Chain
	Aln	0	-HG002_ont_504_start_779795 1 14988 15000 +edge_1_0_+disjointig_1_0_998487 204700 219687 998487 -1 -1 12142 0.0440532
Chain
	Aln	1	+HG002_ont_505_start_41861 16 14986 15000 -edge_1_0_+disjointig_1_0_998487 40870 55840 998487 -1 -1 12029 0.0408904
Chain
	Aln	0	-HG002_ont_505_start_41861 13 14983 15000 +edge_1_0_+disjointig_1_0_998487 942646 957616 998487 -1 -1 12029 0.0408904
Chain
	Aln	1	+HG002_ont_506_start_133496 1 14975 15000 -edge_1_0_+disjointig_1_0_998487 132490 147464 998487 -1 -1 12428 0.0378451
Chain
	Aln	0	-HG002_ont_506_start_133496 24 14998 15000 +edge_1_0_+disjointig_1_0_998487 851022 865996 998487 -1 -1 12428 0.0378451
Chain
	Aln	1	+HG002_ont_507_start_892101 15 14973 15000 -edge_1_0_+disjointig_1_0_998487 891109 906067 998487 -1 -1 12152 0.0429352
Chain
	Aln	0	-HG002_ont_507_start_892101 26 14984 15000 +edge_1_0_+disjointig_1_0_998487 92419 107377 998487 -1 -1 12152 0.0429352
Chain
	Aln	1	+HG002_ont_508_start_75343 1 14984 15000 -edge_1_0_+disjointig_1_0_998487 74337 89320 998487 -1 -1 12626 0.0365355
Chain
	Aln	0	-HG002_ont_508_start_75343 15 14998 15000 +edge_1_0_+disjointig_1_0_998487 909166 924149 998487 -1 -1 12626 0.0365355
Chain
	Aln	1	+HG002_ont_510_start_567543 0 14997 15000 -edge_1_0_+disjointig_1_0_998487 566536 581533 998487 -1 -1 12356 0.0414469
Chain
	Aln	0	-HG002_ont_510_start_567543 2 14999 15000 +edge_1_0_+disjointig_1_0_998487 416953 431950 998487 -1 -1 12356 0.0414469
Chain
	Aln	1	+HG002_ont_509_start_637971 1 14998 15000 -edge_1_0_+disjointig_1_0_998487 636965 651962 998487 -1 -1 12634 0.0375926
Chain
	Aln	0	-HG002_ont_509_start_637971 1 14998 15000 +edge_1_0_+disjointig_1_0_998487 346524 361521 998487 -1 -1 12634 0.0375926
Chain
	Aln	1	+HG002_ont_512_start_239587 16 14970 15000 -edge_1_0_+disjointig_1_0_998487 238596 253550 998487 -1 -1 11698 0.0446921
Chain
	Aln	0	-HG002_ont_512_start_239587 29 14983 15000 +edge_1_0_+disjointig_1_0_998487 744936 759890 998487 -1 -1 11698 0.0446921
Chain
	Aln	1	+HG002_ont_511_start_542329 8 14998 15000 -edge_1_0_+disjointig_1_0_998487 541330 556320 998487 -1 -1 12417 0.0382303
Chain
	Aln	0	-HG002_ont_511_start_542329 1 14991 15000 +edge_1_0_+disjointig_1_0_998487 442166 457156 998487 -1 -1 12417 0.0382303
Chain
	Aln	1	+HG002_ont_514_start_752767 3 14996 15000 -edge_1_0_+disjointig_1_0_998487 751763 766756 998487 -1 -1 12591 0.0388617
Chain
	Aln	0	-HG002_ont_514_start_752767 3 14996 15000 +edge_1_0_+disjointig_1_0_998487 231730 246723 998487 -1 -1 12591 0.0388617
Chain
	Aln	1	+HG002_ont_513_start_341337 27 14988 15000 -edge_1_0_+disjointig_1_0_998487 340357 355318 998487 -1 -1 12365 0.0414884
Chain
	Aln	0	-HG002_ont_513_start_341337 11 14972 15000 +edge_1_0_+disjointig_1_0_998487 643168 658129 998487 -1 -1 12365 0.0414884
Chain
	Aln	1	+HG002_ont_515_start_227426 6 14998 15000 -edge_1_0_+disjointig_1_0_998487 226425 241417 998487 -1 -1 12738 0.0384716
Chain
	Aln	0	-HG002_ont_515_start_227426 1 14993 15000 +edge_1_0_+disjointig_1_0_998487 757069 772061 998487 -1 -1 12738 0.0384716
Chain
	Aln	1	+HG002_ont_516_start_237871 28 14998 15000 -edge_1_0_+disjointig_1_0_998487 236892 251862 998487 -1 -1 12302 0.0406311
Chain
	Aln	0	-HG002_ont_516_start_237871 1 14971 15000 +edge_1_0_+disjointig_1_0_998487 746624 761594 998487 -1 -1 12302 0.0406311
Chain
	Aln	1	+HG002_ont_517_start_29743 1 14998 15000 -edge_1_0_+disjointig_1_0_998487 28737 43734 998487 -1 -1 12397 0.0407449
Chain
	Aln	0	-HG002_ont_517_start_29743 1 14998 15000 +edge_1_0_+disjointig_1_0_998487 954752 969749 998487 -1 -1 12397 0.0407449
Chain
	Aln	1	+HG002_ont_518_start_262524 1 14989 15000 -edge_1_0_+disjointig_1_0_998487 261518 276506 998487 -1 -1 12281 0.040741
Chain
	Aln	0	-HG002_ont_518_start_262524 10 14998 15000 +edge_1_0_+disjointig_1_0_998487 721980 736968 998487 -1 -1 12281 0.040741
Chain
	Aln	1	+HG002_ont_519_start_645756 3 14984 15000 -edge_1_0_+disjointig_1_0_998487 644752 659733 998487 -1 -1 11944 0.0431563
Chain
	Aln	0	-HG002_ont_519_start_645756 15 14996 15000 +edge_1_0_+disjointig_1_0_998487 338753 353734 998487 -1 -1 11944 0.0431563
Chain
	Aln	1	+HG002_ont_520_start_779620 34 14953 15000 -edge_1_0_+disjointig_1_0_998487 778647 793566 998487 -1 -1 12022 0.0471328
Chain
	Aln	0	-HG002_ont_520_start_779620 46 14965 15000 +edge_1_0_+disjointig_1_0_998487 204920 219839 998487 -1 -1 12022 0.0471328
Chain
	Aln	1	+HG002_ont_521_start_880878 1 14998 15000 -edge_1_0_+disjointig_1_0_998487 879872 894869 998487 -1 -1 12304 0.0408469
Chain
	Aln	0	-HG002_ont_521_start_880878 1 14998 15000 +edge_1_0_+disjointig_1_0_998487 103617 118614 998487 -1 -1 12304 0.0408469
Chain
	Aln	1	+HG002_ont_522_start_863987 6 14984 15000 -edge_1_0_+disjointig_1_0_998487 862986 877964 998487 -1 -1 12041 0.0431364
Chain
	Aln	0	-HG002_ont_522_start_863987 15 14993 15000 +edge_1_0_+disjointig_1_0_998487 120522 135500 998487 -1 -1 12041 0.0431364
Chain
	Aln	1	+HG002_ont_523_start_407880 19 14998 15000 -edge_1_0_+disjointig_1_0_998487 406892 421871 998487 -1 -1 12481 0.038067
Chain
	Aln	0	-HG002_ont_523_start_407880 1 14980 15000 +edge_1_0_+disjointig_1_0_998487 576615 591594 998487 -1 -1 12481 0.038067
Chain
	Aln	1	+HG002_ont_525_start_925476 1 14998 15000 -edge_1_0_+disjointig_1_0_998487 924470 939467 998487 -1 -1 11977 0.0433419
Chain
	Aln	0	-HG002_ont_525_start_925476 1 14998 15000 +edge_1_0_+disjointig_1_0_998487 59019 74016 998487 -1 -1 11977 0.0433419
Chain
	Aln	1	+HG002_ont_524_start_298619 1 14998 15000 -edge_1_0_+disjointig_1_0_998487 297613 312610 998487 -1 -1 12162 0.0410831
Chain
	Aln	0	-HG002_ont_524_start_298619 1 14998 15000 +edge_1_0_+disjointig_1_0_998487 685876 700873 998487 -1 -1 12162 0.0410831
Chain
	Aln	1	+HG002_ont_526_start_390340 28 14998 15000 -edge_1_0_+disjointig_1_0_998487 389361 404331 998487 -1 -1 12310 0.0410718
Chain
	Aln	0	-HG002_ont_526_start_390340 1 14971 15000 +edge_1_0_+disjointig_1_0_998487 594155 609125 998487 -1 -1 12310 0.0410718
Chain
	Aln	1	+HG002_ont_527_start_635159 1 14998 15000 -edge_1_0_+disjointig_1_0_998487 634153 649150 998487 -1 -1 12495 0.0392431
Chain
	Aln	0	-HG002_ont_527_start_635159 1 14998 15000 +edge_1_0_+disjointig_1_0_998487 349336 364333 998487 -1 -1 12495 0.0392431
Chain
	Aln	1	+HG002_ont_528_start_277799 0 14937 15000 -edge_1_0_+disjointig_1_0_998487 276792 291729 998487 -1 -1 12514 0.0399705
Chain
	Aln	0	-HG002_ont_528_start_277799 62 14999 15000 +edge_1_0_+disjointig_1_0_998487 706757 721694 998487 -1 -1 12514 0.0399705
Chain
	Aln	1	+HG002_ont_529_start_354191 1 14985 15000 -edge_1_0_+disjointig_1_0_998487 353185 368169 998487 -1 -1 12371 0.0422995
Chain
	Aln	0	-HG002_ont_529_start_354191 14 14998 15000 +edge_1_0_+disjointig_1_0_998487 630317 645301 998487 -1 -1 12371 0.0422995
Chain
	Aln	1	+HG002_ont_530_start_227715 12 14986 15000 -edge_1_0_+disjointig_1_0_998487 226720 241694 998487 -1 -1 12185 0.0437784
Chain
	Aln	0	-HG002_ont_530_start_227715 13 14987 15000 +edge_1_0_+disjointig_1_0_998487 756792 771766 998487 -1 -1 12185 0.0437784
Chain
	Aln	1	+HG002_ont_531_start_792442 40 14998 15000 -edge_1_0_+disjointig_1_0_998487 791475 806433 998487 -1 -1 12557 0.03972
Chain
	Aln	0	-HG002_ont_531_start_792442 1 14959 15000 +edge_1_0_+disjointig_1_0_998487 192053 207011 998487 -1 -1 12557 0.03972
Chain
	Aln	1	+HG002_ont_532_start_961193 5 14992 15000 -edge_1_0_+disjointig_1_0_998487 960191 975178 998487 -1 -1 12518 0.0390283
Chain
	Aln	0	-HG002_ont_532_start_961193 7 14994 15000 +edge_1_0_+disjointig_1_0_998487 23308 38295 998487 -1 -1 12518 0.0390283
Chain
	Aln	1	+HG002_ont_533_start_283573 41 14998 15000 -edge_1_0_+disjointig_1_0_998487 282607 297564 998487 -1 -1 12378 0.0403609
Chain
	Aln	0	-HG002_ont_533_start_283573 1 14958 15000 +edge_1_0_+disjointig_1_0_998487 700922 715879 998487 -1 -1 12378 0.0403609
Chain
	Aln	1	+HG002_ont_534_start_774924 14 14998 15000 -edge_1_0_+disjointig_1_0_998487 773931 788915 998487 -1 -1 12687 0.0390699
Chain
	Aln	0	-HG002_ont_534_start_774924 1 14985 15000 +edge_1_0_+disjointig_1_0_998487 209571 224555 998487 -1 -1 12687 0.0390699
Chain
	Aln	1	+HG002_ont_535_start_711971 1 14982 15000 -edge_1_0_+disjointig_1_0_998487 710965 725946 998487 -1 -1 12381 0.0394407
Chain
	Aln	0	-HG002_ont_535_start_711971 17 14998 15000 +edge_1_0_+disjointig_1_0_998487 272540 287521 998487 -1 -1 12381 0.0394407
Chain
	Aln	1	+HG002_ont_537_start_397727 6 14998 15000 -edge_1_0_+disjointig_1_0_998487 396726 411718 998487 -1 -1 12232 0.0408902
Chain
	Aln	0	-HG002_ont_537_start_397727 1 14993 15000 +edge_1_0_+disjointig_1_0_998487 586768 601760 998487 -1 -1 12232 0.0408902
Chain
	Aln	1	+HG002_ont_536_start_666891 0 14998 15000 -edge_1_0_+disjointig_1_0_998487 665884 680882 998487 -1 -1 12294 0.0406783
Chain
	Aln	0	-HG002_ont_536_start_666891 1 14999 15000 +edge_1_0_+disjointig_1_0_998487 317604 332602 998487 -1 -1 12294 0.0406783
Chain
	Aln	1	+HG002_ont_538_start_48934 1 14998 15000 -edge_1_0_+disjointig_1_0_998487 47928 62925 998487 -1 -1 12309 0.0420772
Chain
	Aln	0	-HG002_ont_538_start_48934 1 14998 15000 +edge_1_0_+disjointig_1_0_998487 935561 950558 998487 -1 -1 12309 0.0420772
Chain
	Aln	1	+HG002_ont_539_start_512149 8 14998 15000 -edge_1_0_+disjointig_1_0_998487 511150 526140 998487 -1 -1 12618 0.0381627
Chain
	Aln	0	-HG002_ont_539_start_512149 1 14991 15000 +edge_1_0_+disjointig_1_0_998487 472346 487336 998487 -1 -1 12618 0.0381627
Chain
	Aln	1	+HG002_ont_540_start_759745 44 14940 15000 -edge_1_0_+disjointig_1_0_998487 758782 773678 998487 -1 -1 11965 0.0418725
Chain
	Aln	0	-HG002_ont_540_start_759745 59 14955 15000 +edge_1_0_+disjointig_1_0_998487 224808 239704 998487 -1 -1 11965 0.0418725
Chain
	Aln	1	+HG002_ont_541_start_345172 15 14998 15000 -edge_1_0_+disjointig_1_0_998487 344180 359163 998487 -1 -1 12179 0.0401436
Chain
	Aln	0	-HG002_ont_541_start_345172 1 14984 15000 +edge_1_0_+disjointig_1_0_998487 639323 654306 998487 -1 -1 12179 0.0401436
Chain
	Aln	1	+HG002_ont_542_start_763337 0 14954 15000 -edge_1_0_+disjointig_1_0_998487 762330 777284 998487 -1 -1 12102 0.0437246
Chain
	Aln	0	-HG002_ont_542_start_763337 45 14999 15000 +edge_1_0_+disjointig_1_0_998487 221202 236156 998487 -1 -1 12102 0.0437246
Chain
	Aln	1	+HG002_ont_543_start_307791 13 14962 15000 -edge_1_0_+disjointig_1_0_998487 306797 321746 998487 -1 -1 11847 0.0451707
Chain
	Aln	0	-HG002_ont_543_start_307791 37 14986 15000 +edge_1_0_+disjointig_1_0_998487 676740 691689 998487 -1 -1 11847 0.0451707
Chain
	Aln	1	+HG002_ont_546_start_479100 14 14989 15000 -edge_1_0_+disjointig_1_0_998487 478107 493082 998487 -1 -1 12562 0.0387682
Chain
	Aln	0	-HG002_ont_546_start_479100 10 14985 15000 +edge_1_0_+disjointig_1_0_998487 505404 520379 998487 -1 -1 12562 0.0387682
Chain
	Aln	1	+HG002_ont_544_start_655211 2 14998 15000 -edge_1_0_+disjointig_1_0_998487 654206 669202 998487 -1 -1 12405 0.0406783
Chain
	Aln	0	-HG002_ont_544_start_655211 1 14997 15000 +edge_1_0_+disjointig_1_0_998487 329284 344280 998487 -1 -1 12405 0.0406783
Chain
	Aln	1	+HG002_ont_545_start_437113 31 14998 15000 -edge_1_0_+disjointig_1_0_998487 436137 451104 998487 -1 -1 12261 0.0409416
Chain
	Aln	0	-HG002_ont_545_start_437113 1 14968 15000 +edge_1_0_+disjointig_1_0_998487 547382 562349 998487 -1 -1 12261 0.0409416
Chain
	Aln	1	+HG002_ont_548_start_554255 14 14998 15000 -edge_1_0_+disjointig_1_0_998487 553262 568246 998487 -1 -1 11802 0.0465164
Chain
	Aln	0	-HG002_ont_548_start_554255 1 14985 15000 +edge_1_0_+disjointig_1_0_998487 430240 445224 998487 -1 -1 11802 0.0465164
Chain
	Aln	1	+HG002_ont_547_start_138666 0 14970 15000 -edge_1_0_+disjointig_1_0_998487 137659 152629 998487 -1 -1 12239 0.0412537
Chain
	Aln	0	-HG002_ont_547_start_138666 29 14999 15000 +edge_1_0_+disjointig_1_0_998487 845857 860827 998487 -1 -1 12239 0.0412537
Chain
	Aln	1	+HG002_ont_551_start_607801 5 14998 15000 -edge_1_0_+disjointig_1_0_998487 606799 621792 998487 -1 -1 12274 0.0401907
Chain
	Aln	0	-HG002_ont_551_start_607801 1 14994 15000 +edge_1_0_+disjointig_1_0_998487 376694 391687 998487 -1 -1 12274 0.0401907
Chain
	Aln	1	+HG002_ont_549_start_123916 1 14995 15000 -edge_1_0_+disjointig_1_0_998487 122910 137904 998487 -1 -1 12432 0.0402101
Chain
	Aln	0	-HG002_ont_549_start_123916 4 14998 15000 +edge_1_0_+disjointig_1_0_998487 860582 875576 998487 -1 -1 12432 0.0402101
Chain
	Aln	1	+HG002_ont_550_start_86143 1 14998 15000 -edge_1_0_+disjointig_1_0_998487 85137 100134 998487 -1 -1 12196 0.0423425
Chain
	Aln	0	-HG002_ont_550_start_86143 1 14998 15000 +edge_1_0_+disjointig_1_0_998487 898352 913349 998487 -1 -1 12196 0.0423425
Chain
	Aln	1	+HG002_ont_552_start_312408 1 14980 15000 -edge_1_0_+disjointig_1_0_998487 311402 326381 998487 -1 -1 12312 0.0435423
Chain
	Aln	0	-HG002_ont_552_start_312408 19 14998 15000 +edge_1_0_+disjointig_1_0_998487 672105 687084 998487 -1 -1 12312 0.0435423
Chain
	Aln	1	+HG002_ont_553_start_431738 1 14998 15000 -edge_1_0_+disjointig_1_0_998487 430732 445729 998487 -1 -1 12358 0.0409255
Chain
	Aln	0	-HG002_ont_553_start_431738 1 14998 15000 +edge_1_0_+disjointig_1_0_998487 552757 567754 998487 -1 -1 12358 0.0409255
Chain
	Aln	1	+HG002_ont_554_start_93603 17 14991 15000 -edge_1_0_+disjointig_1_0_998487 92613 107587 998487 -1 -1 12331 0.0401705
Chain
	Aln	0	-HG002_ont_554_start_93603 8 14982 15000 +edge_1_0_+disjointig_1_0_998487 890899 905873 998487 -1 -1 12331 0.0401705
Chain
	Aln	1	+HG002_ont_557_start_747696 18 14987 15000 -edge_1_0_+disjointig_1_0_998487 746707 761676 998487 -1 -1 11897 0.0446923
Chain
	Aln	0	-HG002_ont_557_start_747696 12 14981 15000 +edge_1_0_+disjointig_1_0_998487 236810 251779 998487 -1 -1 11897 0.0446923
Chain
	Aln	1	+HG002_ont_555_start_309586 1 14997 15000 -edge_1_0_+disjointig_1_0_998487 308580 323576 998487 -1 -1 12459 0.0408823
Chain
	Aln	0	-HG002_ont_555_start_309586 2 14998 15000 +edge_1_0_+disjointig_1_0_998487 674910 689906 998487 -1 -1 12459 0.0408823
Chain
	Aln	1	+HG002_ont_556_start_491521 1 14987 15000 -edge_1_0_+disjointig_1_0_998487 490515 505501 998487 -1 -1 12021 0.0437264
Chain
	Aln	0	-HG002_ont_556_start_491521 12 14998 15000 +edge_1_0_+disjointig_1_0_998487 492985 507971 998487 -1 -1 12021 0.0437264
Chain
	Aln	1	+HG002_ont_558_start_278510 5 14978 15000 -edge_1_0_+disjointig_1_0_998487 277508 292481 998487 -1 -1 12251 0.0411705
Chain
	Aln	0	-HG002_ont_558_start_278510 21 14994 15000 +edge_1_0_+disjointig_1_0_998487 706005 720978 998487 -1 -1 12251 0.0411705
Chain
	Aln	1	+HG002_ont_559_start_41445 29 14998 15000 -edge_1_0_+disjointig_1_0_998487 40467 55436 998487 -1 -1 12333 0.0412656
Chain
	Aln	0	-HG002_ont_559_start_41445 1 14970 15000 +edge_1_0_+disjointig_1_0_998487 943050 958019 998487 -1 -1 12333 0.0412656
Chain
	Aln	1	+HG002_ont_560_start_620183 0 14989 15000 -edge_1_0_+disjointig_1_0_998487 619176 634165 998487 -1 -1 12333 0.0402138
Chain
	Aln	0	-HG002_ont_560_start_620183 10 14999 15000 +edge_1_0_+disjointig_1_0_998487 364321 379310 998487 -1 -1 12333 0.0402138
Chain
	Aln	1	+HG002_ont_561_start_753818 0 14998 15000 -edge_1_0_+disjointig_1_0_998487 752811 767809 998487 -1 -1 12380 0.0413874
Chain
	Aln	0	-HG002_ont_561_start_753818 1 14999 15000 +edge_1_0_+disjointig_1_0_998487 230677 245675 998487 -1 -1 12380 0.0413874
Chain
	Aln	1	+HG002_ont_563_start_319737 1 14998 15000 -edge_1_0_+disjointig_1_0_998487 318731 333728 998487 -1 -1 12252 0.0411304
Chain
	Aln	0	-HG002_ont_563_start_319737 1 14998 15000 +edge_1_0_+disjointig_1_0_998487 664758 679755 998487 -1 -1 12252 0.0411304
Chain
	Aln	1	+HG002_ont_562_start_336743 1 14998 15000 -edge_1_0_+disjointig_1_0_998487 335737 350734 998487 -1 -1 12014 0.0422619
Chain
	Aln	0	-HG002_ont_562_start_336743 1 14998 15000 +edge_1_0_+disjointig_1_0_998487 647752 662749 998487 -1 -1 12014 0.0422619
Chain
	Aln	1	+HG002_ont_564_start_896725 0 14998 15000 -edge_1_0_+disjointig_1_0_998487 895718 910716 998487 -1 -1 12006 0.041817
Chain
	Aln	0	-HG002_ont_564_start_896725 1 14999 15000 +edge_1_0_+disjointig_1_0_998487 87770 102768 998487 -1 -1 12006 0.041817
Chain
	Aln	1	+HG002_ont_565_start_735701 38 14998 15000 -edge_1_0_+disjointig_1_0_998487 734732 749692 998487 -1 -1 12379 0.0411194
Chain
	Aln	0	-HG002_ont_565_start_735701 1 14961 15000 +edge_1_0_+disjointig_1_0_998487 248794 263754 998487 -1 -1 12379 0.0411194
Chain
	Aln	1	+HG002_ont_566_start_59473 1 14961 15000 -edge_1_0_+disjointig_1_0_998487 58467 73427 998487 -1 -1 12358 0.0392892
Chain
	Aln	0	-HG002_ont_566_start_59473 38 14998 15000 +edge_1_0_+disjointig_1_0_998487 925059 940019 998487 -1 -1 12358 0.0392892
Chain
	Aln	1	+HG002_ont_567_start_678354 15 14989 15000 -edge_1_0_+disjointig_1_0_998487 677362 692336 998487 -1 -1 12219 0.040295
Chain
	Aln	0	-HG002_ont_567_start_678354 10 14984 15000 +edge_1_0_+disjointig_1_0_998487 306150 321124 998487 -1 -1 12219 0.040295
Chain
	Aln	1	+HG002_ont_568_start_82486 1 14987 15000 -edge_1_0_+disjointig_1_0_998487 81480 96466 998487 -1 -1 12550 0.0375791
Chain
	Aln	0	-HG002_ont_568_start_82486 12 14998 15000 +edge_1_0_+disjointig_1_0_998487 902020 917006 998487 -1 -1 12550 0.0375791
Chain
	Aln	1	+HG002_ont_570_start_788246 20 14992 15000 -edge_1_0_+disjointig_1_0_998487 787259 802231 998487 -1 -1 12537 0.0404276
Chain
	Aln	0	-HG002_ont_570_start_788246 7 14979 15000 +edge_1_0_+disjointig_1_0_998487 196255 211227 998487 -1 -1 12537 0.0404276
Chain
	Aln	1	+HG002_ont_569_start_914292 30 14998 15000 -edge_1_0_+disjointig_1_0_998487 913315 928283 998487 -1 -1 12472 0.0389385
Chain
	Aln	0	-HG002_ont_569_start_914292 1 14969 15000 +edge_1_0_+disjointig_1_0_998487 70203 85171 998487 -1 -1 12472 0.0389385
Chain
	Aln	1	+HG002_ont_571_start_908028 0 14998 15000 -edge_1_0_+disjointig_1_0_998487 907021 922019 998487 -1 -1 12382 0.0398694
Chain
	Aln	0	-HG002_ont_571_start_908028 1 14999 15000 +edge_1_0_+disjointig_1_0_998487 76467 91465 998487 -1 -1 12382 0.0398694
Chain
	Aln	1	+HG002_ont_572_start_763155 1 14998 15000 -edge_1_0_+disjointig_1_0_998487 762149 777146 998487 -1 -1 12470 0.0377414
Chain
	Aln	0	-HG002_ont_572_start_763155 1 14998 15000 +edge_1_0_+disjointig_1_0_998487 221340 236337 998487 -1 -1 12470 0.0377414
Chain
	Aln	1	+HG002_ont_573_start_721241 3 14998 15000 -edge_1_0_+disjointig_1_0_998487 720237 735232 998487 -1 -1 12006 0.0406665
Chain
	Aln	0	-HG002_ont_573_start_721241 1 14996 15000 +edge_1_0_+disjointig_1_0_998487 263254 278249 998487 -1 -1 12006 0.0406665
Chain
	Aln	1	+HG002_ont_574_start_581544 19 14981 15000 -edge_1_0_+disjointig_1_0_998487 580556 595518 998487 -1 -1 11944 0.0425606
Chain
	Aln	0	-HG002_ont_574_start_581544 18 14980 15000 +edge_1_0_+disjointig_1_0_998487 402968 417930 998487 -1 -1 11944 0.0425606
Chain
	Aln	1	+HG002_ont_575_start_426463 1 14996 15000 -edge_1_0_+disjointig_1_0_998487 425457 440452 998487 -1 -1 12183 0.0404087
Chain
	Aln	0	-HG002_ont_575_start_426463 3 14998 15000 +edge_1_0_+disjointig_1_0_998487 558034 573029 998487 -1 -1 12183 0.0404087
Chain
	Aln	1	+HG002_ont_577_start_555249 21 14998 15000 -edge_1_0_+disjointig_1_0_998487 554263 569240 998487 -1 -1 12162 0.040377
Chain
	Aln	0	-HG002_ont_577_start_555249 1 14978 15000 +edge_1_0_+disjointig_1_0_998487 429246 444223 998487 -1 -1 12162 0.040377
Chain
	Aln	1	+HG002_ont_576_start_230916 54 14998 15000 -edge_1_0_+disjointig_1_0_998487 229963 244907 998487 -1 -1 12090 0.0449901
Chain
	Aln	0	-HG002_ont_576_start_230916 1 14945 15000 +edge_1_0_+disjointig_1_0_998487 753579 768523 998487 -1 -1 12090 0.0449901
Chain
	Aln	1	+HG002_ont_578_start_933422 0 14972 15000 -edge_1_0_+disjointig_1_0_998487 932415 947387 998487 -1 -1 12404 0.0392291
Chain
	Aln	0	-HG002_ont_578_start_933422 27 14999 15000 +edge_1_0_+disjointig_1_0_998487 51099 66071 998487 -1 -1 12404 0.0392291
Chain
	Aln	1	+HG002_ont_579_start_806143 0 14998 15000 -edge_1_0_+disjointig_1_0_998487 805136 820134 998487 -1 -1 12541 0.0375742
Chain
	Aln	0	-HG002_ont_579_start_806143 1 14999 15000 +edge_1_0_+disjointig_1_0_998487 178352 193350 998487 -1 -1 12541 0.0375742
Chain
	Aln	1	+HG002_ont_580_start_351981 16 14977 15000 -edge_1_0_+disjointig_1_0_998487 350990 365951 998487 -1 -1 12171 0.0409969
Chain
	Aln	0	-HG002_ont_580_start_351981 22 14983 15000 +edge_1_0_+disjointig_1_0_998487 632535 647496 998487 -1 -1 12171 0.0409969
Chain
	Aln	1	+HG002_ont_582_start_804310 24 14998 15000 -edge_1_0_+disjointig_1_0_998487 803327 818301 998487 -1 -1 12074 0.0410559
Chain
	Aln	0	-HG002_ont_582_start_804310 1 14975 15000 +edge_1_0_+disjointig_1_0_998487 180185 195159 998487 -1 -1 12074 0.0410559
Chain
	Aln	1	+HG002_ont_581_start_522913 1 14998 15000 -edge_1_0_+disjointig_1_0_998487 521907 536904 998487 -1 -1 12289 0.0405883
Chain
	Aln	0	-HG002_ont_581_start_522913 1 14998 15000 +edge_1_0_+disjointig_1_0_998487 461582 476579 998487 -1 -1 12289 0.0405883
Chain
	Aln	1	+HG002_ont_583_start_679034 1 14998 15000 -edge_1_0_+disjointig_1_0_998487 678028 693025 998487 -1 -1 12341 0.0428522
Chain
	Aln	0	-HG002_ont_583_start_679034 1 14998 15000 +edge_1_0_+disjointig_1_0_998487 305461 320458 998487 -1 -1 12341 0.0428522
Chain
	Aln	1	+HG002_ont_585_start_829644 20 14982 15000 -edge_1_0_+disjointig_1_0_998487 828657 843619 998487 -1 -1 12541 0.0380302
Chain
	Aln	0	-HG002_ont_585_start_829644 17 14979 15000 +edge_1_0_+disjointig_1_0_998487 154867 169829 998487 -1 -1 12541 0.0380302
Chain
	Aln	1	+HG002_ont_584_start_884679 0 14998 15000 -edge_1_0_+disjointig_1_0_998487 883672 898670 998487 -1 -1 12177 0.0400938
Chain
	Aln	0	-HG002_ont_584_start_884679 1 14999 15000 +edge_1_0_+disjointig_1_0_998487 99816 114814 998487 -1 -1 12177 0.0400938
Chain
	Aln	1	+HG002_ont_586_start_177474 9 14981 15000 -edge_1_0_+disjointig_1_0_998487 176476 191448 998487 -1 -1 12438 0.0400771
Chain
	Aln	0	-HG002_ont_586_start_177474 18 14990 15000 +edge_1_0_+disjointig_1_0_998487 807038 822010 998487 -1 -1 12438 0.0400771
Chain
	Aln	1	+HG002_ont_587_start_858111 1 14982 15000 -edge_1_0_+disjointig_1_0_998487 857105 872086 998487 -1 -1 12440 0.0388677
Chain
	Aln	0	-HG002_ont_587_start_858111 17 14998 15000 +edge_1_0_+disjointig_1_0_998487 126400 141381 998487 -1 -1 12440 0.0388677
Chain
	Aln	1	+HG002_ont_588_start_715173 7 14980 15000 -edge_1_0_+disjointig_1_0_998487 714173 729146 998487 -1 -1 12515 0.0379085
Chain
	Aln	0	-HG002_ont_588_start_715173 19 14992 15000 +edge_1_0_+disjointig_1_0_998487 269340 284313 998487 -1 -1 12515 0.0379085
Chain
	Aln	1	+HG002_ont_589_start_325786 1 14976 15000 -edge_1_0_+disjointig_1_0_998487 324780 339755 998487 -1 -1 12120 0.0423529
Chain
	Aln	0	-HG002_ont_589_start_325786 23 14998 15000 +edge_1_0_+disjointig_1_0_998487 658731 673706 998487 -1 -1 12120 0.0423529
Chain
	Aln	1	+HG002_ont_590_start_887596 11 14998 15000 -edge_1_0_+disjointig_1_0_998487 886600 901587 998487 -1 -1 12093 0.0430084
Chain
	Aln	0	-HG002_ont_590_start_887596 1 14988 15000 +edge_1_0_+disjointig_1_0_998487 96899 111886 998487 -1 -1 12093 0.0430084
Chain
	Aln	1	+HG002_ont_591_start_748778 1 14998 15000 -edge_1_0_+disjointig_1_0_998487 747772 762769 998487 -1 -1 12335 0.0403542
Chain
	Aln	0	-HG002_ont_591_start_748778 1 14998 15000 +edge_1_0_+disjointig_1_0_998487 235717 250714 998487 -1 -1 12335 0.0403542
Chain
	Aln	1	+HG002_ont_592_start_591581 0 14998 15000 -edge_1_0_+disjointig_1_0_998487 590574 605572 998487 -1 -1 11995 0.0416496
Chain
	Aln	0	-HG002_ont_592_start_591581 1 14999 15000 +edge_1_0_+disjointig_1_0_998487 392914 407912 998487 -1 -1 11995 0.0416496
Chain
	Aln	1	+HG002_ont_593_start_747873 26 14989 15000 -edge_1_0_+disjointig_1_0_998487 746892 761855 998487 -1 -1 12418 0.040322
Chain
	Aln	0	-HG002_ont_593_start_747873 10 14973 15000 +edge_1_0_+disjointig_1_0_998487 236631 251594 998487 -1 -1 12418 0.040322
Chain
	Aln	1	+HG002_ont_595_start_570752 0 14998 15000 -edge_1_0_+disjointig_1_0_998487 569745 584743 998487 -1 -1 12441 0.0389269
Chain
	Aln	0	-HG002_ont_595_start_570752 1 14999 15000 +edge_1_0_+disjointig_1_0_998487 413743 428741 998487 -1 -1 12441 0.0389269
Chain
	Aln	1	+HG002_ont_594_start_157028 0 14997 15000 -edge_1_0_+disjointig_1_0_998487 156021 171018 998487 -1 -1 12136 0.041162
Chain
	Aln	0	-HG002_ont_594_start_157028 2 14999 15000 +edge_1_0_+disjointig_1_0_998487 827468 842465 998487 -1 -1 12136 0.041162
Chain
	Aln	1	+HG002_ont_596_start_519149 1 14998 15000 -edge_1_0_+disjointig_1_0_998487 518143 533140 998487 -1 -1 12055 0.0401675
Chain
	Aln	0	-HG002_ont_596_start_519149 1 14998 15000 +edge_1_0_+disjointig_1_0_998487 465346 480343 998487 -1 -1 12055 0.0401675
Chain
	Aln	1	+HG002_ont_598_start_877720 1 14983 15000 -edge_1_0_+disjointig_1_0_998487 876714 891696 998487 -1 -1 11966 0.0409296
Chain
	Aln	0	-HG002_ont_598_start_877720 16 14998 15000 +edge_1_0_+disjointig_1_0_998487 106790 121772 998487 -1 -1 11966 0.0409296
Chain
	Aln	1	+HG002_ont_597_start_543716 0 14994 15000 -edge_1_0_+disjointig_1_0_998487 542709 557703 998487 -1 -1 12569 0.0358308
Chain
	Aln	0	-HG002_ont_597_start_543716 5 14999 15000 +edge_1_0_+disjointig_1_0_998487 440783 455777 998487 -1 -1 12569 0.0358308
Chain
	Aln	1	+HG002_ont_599_start_751413 1 14998 15000 -edge_1_0_+disjointig_1_0_998487 750407 765404 998487 -1 -1 12344 0.0383254
Chain
	Aln	0	-HG002_ont_599_start_751413 1 14998 15000 +edge_1_0_+disjointig_1_0_998487 233082 248079 998487 -1 -1 12344 0.0383254
Chain
	Aln	1	+HG002_ont_601_start_918393 0 14991 15000 -edge_1_0_+disjointig_1_0_998487 917386 932377 998487 -1 -1 12181 0.0425692
Chain
	Aln	0	-HG002_ont_601_start_918393 8 14999 15000 +edge_1_0_+disjointig_1_0_998487 66109 81100 998487 -1 -1 12181 0.0425692
Chain
	Aln	1	+HG002_ont_602_start_287421 22 14972 15000 -edge_1_0_+disjointig_1_0_998487 286436 301386 998487 -1 -1 12420 0.0375716
Chain
	Aln	0	-HG002_ont_602_start_287421 27 14977 15000 +edge_1_0_+disjointig_1_0_998487 697100 712050 998487 -1 -1 12420 0.0375716
Chain
	Aln	1	+HG002_ont_600_start_220436 4 14998 15000 -edge_1_0_+disjointig_1_0_998487 219433 234427 998487 -1 -1 12265 0.0422904
Chain
	Aln	0	-HG002_ont_600_start_220436 1 14995 15000 +edge_1_0_+disjointig_1_0_998487 764059 779053 998487 -1 -1 12265 0.0422904
Chain
	Aln	1	+HG002_ont_603_start_718223 14 14998 15000 -edge_1_0_+disjointig_1_0_998487 717230 732214 998487 -1 -1 12430 0.0394448
Chain
	Aln	0	-HG002_ont_603_start_718223 1 14985 15000 +edge_1_0_+disjointig_1_0_998487 266272 281256 998487 -1 -1 12430 0.0394448
Chain
	Aln	1	+HG002_ont_606_start_187921 0 14998 15000 -edge_1_0_+disjointig_1_0_998487 186914 201912 998487 -1 -1 12459 0.0406392
Chain
	Aln	0	-HG002_ont_606_start_187921 1 14999 15000 +edge_1_0_+disjointig_1_0_998487 796574 811572 998487 -1 -1 12459 0.0406392
Chain
	Aln	1	+HG002_ont_607_start_611754 31 14977 15000 -edge_1_0_+disjointig_1_0_998487 610778 625724 998487 -1 -1 12202 0.0426112
Chain
	Aln	0	-HG002_ont_607_start_611754 22 14968 15000 +edge_1_0_+disjointig_1_0_998487 372762 387708 998487 -1 -1 12202 0.0426112
Chain
	Aln	1	+HG002_ont_605_start_517670 3 14986 15000 -edge_1_0_+disjointig_1_0_998487 516666 531649 998487 -1 -1 12306 0.041281
Chain
	Aln	0	-HG002_ont_605_start_517670 13 14996 15000 +edge_1_0_+disjointig_1_0_998487 466837 481820 998487 -1 -1 12306 0.041281
Chain
	Aln	1	+HG002_ont_604_start_431430 1 14982 15000 -edge_1_0_+disjointig_1_0_998487 430424 445405 998487 -1 -1 12404 0.0400039
Chain
	Aln	0	-HG002_ont_604_start_431430 17 14998 15000 +edge_1_0_+disjointig_1_0_998487 553081 568062 998487 -1 -1 12404 0.0400039
Chain
	Aln	1	+HG002_ont_610_start_67664 1 14983 15000 -edge_1_0_+disjointig_1_0_998487 66658 81640 998487 -1 -1 12203 0.0424854
Chain
	Aln	0	-HG002_ont_610_start_67664 16 14998 15000 +edge_1_0_+disjointig_1_0_998487 916846 931828 998487 -1 -1 12203 0.0424854
Chain
	Aln	1	+HG002_ont_608_start_889653 17 14998 15000 -edge_1_0_+disjointig_1_0_998487 888663 903644 998487 -1 -1 12194 0.0394024
Chain
	Aln	0	-HG002_ont_608_start_889653 1 14982 15000 +edge_1_0_+disjointig_1_0_998487 94842 109823 998487 -1 -1 12194 0.0394024
Chain
	Aln	1	+HG002_ont_609_start_237492 45 14992 15000 -edge_1_0_+disjointig_1_0_998487 236530 251477 998487 -1 -1 12456 0.0378887
Chain
	Aln	0	-HG002_ont_609_start_237492 7 14954 15000 +edge_1_0_+disjointig_1_0_998487 747009 761956 998487 -1 -1 12456 0.0378887
Chain
	Aln	1	+HG002_ont_611_start_605024 1 14998 15000 -edge_1_0_+disjointig_1_0_998487 604018 619015 998487 -1 -1 12291 0.0424796
Chain
	Aln	0	-HG002_ont_611_start_605024 1 14998 15000 +edge_1_0_+disjointig_1_0_998487 379471 394468 998487 -1 -1 12291 0.0424796
Chain
	Aln	1	+HG002_ont_612_start_526033 1 14998 15000 -edge_1_0_+disjointig_1_0_998487 525027 540024 998487 -1 -1 12352 0.0397266
Chain
	Aln	0	-HG002_ont_612_start_526033 1 14998 15000 +edge_1_0_+disjointig_1_0_998487 458462 473459 998487 -1 -1 12352 0.0397266
Chain
	Aln	1	+HG002_ont_613_start_833811 4 14980 15000 -edge_1_0_+disjointig_1_0_998487 832808 847784 998487 -1 -1 12300 0.0423245
Chain
	Aln	0	-HG002_ont_613_start_833811 19 14995 15000 +edge_1_0_+disjointig_1_0_998487 150702 165678 998487 -1 -1 12300 0.0423245
Chain
	Aln	1	+HG002_ont_614_start_474664 1 14998 15000 -edge_1_0_+disjointig_1_0_998487 473658 488655 998487 -1 -1 12301 0.0437036
Chain
	Aln	0	-HG002_ont_614_start_474664 1 14998 15000 +edge_1_0_+disjointig_1_0_998487 509831 524828 998487 -1 -1 12301 0.0437036
Chain
	Aln	1	+HG002_ont_615_start_350734 1 14998 15000 -edge_1_0_+disjointig_1_0_998487 349728 364725 998487 -1 -1 12155 0.0425442
Chain
	Aln	0	-HG002_ont_615_start_350734 1 14998 15000 +edge_1_0_+disjointig_1_0_998487 633761 648758 998487 -1 -1 12155 0.0425442
Chain
	Aln	1	+HG002_ont_616_start_967260 1 14994 15000 -edge_1_0_+disjointig_1_0_998487 966254 981247 998487 -1 -1 12544 0.0389757
Chain
	Aln	0	-HG002_ont_616_start_967260 5 14998 15000 +edge_1_0_+disjointig_1_0_998487 17239 32232 998487 -1 -1 12544 0.0389757
Chain
	Aln	1	+HG002_ont_617_start_75027 1 14972 15000 -edge_1_0_+disjointig_1_0_998487 74021 88992 998487 -1 -1 12482 0.0382685
Chain
	Aln	0	-HG002_ont_617_start_75027 27 14998 15000 +edge_1_0_+disjointig_1_0_998487 909494 924465 998487 -1 -1 12482 0.0382685
Chain
	Aln	1	+HG002_ont_619_start_468625 11 14998 15000 -edge_1_0_+disjointig_1_0_998487 467629 482616 998487 -1 -1 12426 0.0387546
Chain
	Aln	0	-HG002_ont_619_start_468625 1 14988 15000 +edge_1_0_+disjointig_1_0_998487 515870 530857 998487 -1 -1 12426 0.0387546
Chain
	Aln	1	+HG002_ont_618_start_811763 1 14992 15000 -edge_1_0_+disjointig_1_0_998487 810757 825748 998487 -1 -1 12022 0.0414075
Chain
	Aln	0	-HG002_ont_618_start_811763 7 14998 15000 +edge_1_0_+disjointig_1_0_998487 172738 187729 998487 -1 -1 12022 0.0414075
Chain
	Aln	1	+HG002_ont_621_start_873768 20 14997 15000 -edge_1_0_+disjointig_1_0_998487 872781 887758 998487 -1 -1 12527 0.0397793
Chain
	Aln	0	-HG002_ont_621_start_873768 2 14979 15000 +edge_1_0_+disjointig_1_0_998487 110728 125705 998487 -1 -1 12527 0.0397793
Chain
	Aln	1	+HG002_ont_622_start_961789 0 14998 15000 -edge_1_0_+disjointig_1_0_998487 960782 975780 998487 -1 -1 12153 0.0407802
Chain
	Aln	0	-HG002_ont_622_start_961789 1 14999 15000 +edge_1_0_+disjointig_1_0_998487 22706 37704 998487 -1 -1 12153 0.0407802
Chain
	Aln	1	+HG002_ont_620_start_784983 0 14998 15000 -edge_1_0_+disjointig_1_0_998487 783976 798974 998487 -1 -1 12239 0.0426452
Chain
	Aln	0	-HG002_ont_620_start_784983 1 14999 15000 +edge_1_0_+disjointig_1_0_998487 199512 214510 998487 -1 -1 12239 0.0426452
Chain
	Aln	1	+HG002_ont_623_start_948869 4 14998 15000 -edge_1_0_+disjointig_1_0_998487 947866 962860 998487 -1 -1 12369 0.0412055
Chain
	Aln	0	-HG002_ont_623_start_948869 1 14995 15000 +edge_1_0_+disjointig_1_0_998487 35626 50620 998487 -1 -1 12369 0.0412055
Chain
	Aln	1	+HG002_ont_625_start_142394 0 14998 15000 -edge_1_0_+disjointig_1_0_998487 141387 156385 998487 -1 -1 12357 0.0410633
Chain
	Aln	0	-HG002_ont_625_start_142394 1 14999 15000 +edge_1_0_+disjointig_1_0_998487 842101 857099 998487 -1 -1 12357 0.0410633
Chain
	Aln	1	+HG002_ont_624_start_477879 1 14998 15000 -edge_1_0_+disjointig_1_0_998487 476873 491870 998487 -1 -1 12490 0.0394038
Chain
	Aln	0	-HG002_ont_624_start_477879 1 14998 15000 +edge_1_0_+disjointig_1_0_998487 506616 521613 998487 -1 -1 12490 0.0394038
Chain
	Aln	1	+HG002_ont_626_start_490300 16 14988 15000 -edge_1_0_+disjointig_1_0_998487 489309 504281 998487 -1 -1 12296 0.0389542
Chain
	Aln	0	-HG002_ont_626_start_490300 11 14983 15000 +edge_1_0_+disjointig_1_0_998487 494205 509177 998487 -1 -1 12296 0.0389542
Chain
	Aln	1	+HG002_ont_627_start_669757 1 14998 15000 -edge_1_0_+disjointig_1_0_998487 668751 683748 998487 -1 -1 12145 0.0414707
Chain
	Aln	0	-HG002_ont_627_start_669757 1 14998 15000 +edge_1_0_+disjointig_1_0_998487 314738 329735 998487 -1 -1 12145 0.0414707
Chain
	Aln	1	+HG002_ont_628_start_56439 3 14990 15000 -edge_1_0_+disjointig_1_0_998487 55435 70422 998487 -1 -1 12348 0.0388609
Chain
	Aln	0	-HG002_ont_628_start_56439 9 14996 15000 +edge_1_0_+disjointig_1_0_998487 928064 943051 998487 -1 -1 12348 0.0388609
Chain
	Aln	1	+HG002_ont_629_start_12941 1 14993 15000 -edge_1_0_+disjointig_1_0_998487 11935 26927 998487 -1 -1 12422 0.0389261
Chain
	Aln	0	-HG002_ont_629_start_12941 6 14998 15000 +edge_1_0_+disjointig_1_0_998487 971559 986551 998487 -1 -1 12422 0.0389261
Chain
	Aln	1	+HG002_ont_630_start_744887 0 14996 15000 -edge_1_0_+disjointig_1_0_998487 743880 758876 998487 -1 -1 12355 0.042605
Chain
	Aln	0	-HG002_ont_630_start_744887 3 14999 15000 +edge_1_0_+disjointig_1_0_998487 239610 254606 998487 -1 -1 12355 0.042605
Chain
	Aln	1	+HG002_ont_631_start_684984 1 14998 15000 -edge_1_0_+disjointig_1_0_998487 683978 698975 998487 -1 -1 11967 0.0423828
Chain
	Aln	0	-HG002_ont_631_start_684984 1 14998 15000 +edge_1_0_+disjointig_1_0_998487 299511 314508 998487 -1 -1 11967 0.0423828
Chain
	Aln	1	+HG002_ont_632_start_476440 3 14998 15000 -edge_1_0_+disjointig_1_0_998487 475436 490431 998487 -1 -1 12444 0.0423991
Chain
	Aln	0	-HG002_ont_632_start_476440 1 14996 15000 +edge_1_0_+disjointig_1_0_998487 508055 523050 998487 -1 -1 12444 0.0423991
Chain
	Aln	1	+HG002_ont_633_start_760234 30 14998 15000 -edge_1_0_+disjointig_1_0_998487 759257 774225 998487 -1 -1 12458 0.0399063
Chain
	Aln	0	-HG002_ont_633_start_760234 1 14969 15000 +edge_1_0_+disjointig_1_0_998487 224261 239229 998487 -1 -1 12458 0.0399063
Chain
	Aln	1	+HG002_ont_635_start_307493 26 14998 15000 -edge_1_0_+disjointig_1_0_998487 306512 321484 998487 -1 -1 12254 0.0405136
Chain
	Aln	0	-HG002_ont_635_start_307493 1 14973 15000 +edge_1_0_+disjointig_1_0_998487 677002 691974 998487 -1 -1 12254 0.0405136
Chain
	Aln	1	+HG002_ont_634_start_979140 0 14991 15000 -edge_1_0_+disjointig_1_0_998487 978133 993124 998487 -1 -1 12184 0.0433266
Chain
	Aln	0	-HG002_ont_634_start_979140 8 14999 15000 +edge_1_0_+disjointig_1_0_998487 5362 20353 998487 -1 -1 12184 0.0433266
Chain
	Aln	1	+HG002_ont_637_start_442075 1 14969 15000 -edge_1_0_+disjointig_1_0_998487 441069 456037 998487 -1 -1 12316 0.0421642
Chain
	Aln	0	-HG002_ont_637_start_442075 30 14998 15000 +edge_1_0_+disjointig_1_0_998487 542449 557417 998487 -1 -1 12316 0.0421642
Chain
	Aln	1	+HG002_ont_636_start_497643 5 14983 15000 -edge_1_0_+disjointig_1_0_998487 496641 511619 998487 -1 -1 12298 0.0399456
Chain
	Aln	0	-HG002_ont_636_start_497643 16 14994 15000 +edge_1_0_+disjointig_1_0_998487 486867 501845 998487 -1 -1 12298 0.0399456
Chain
	Aln	1	+HG002_ont_638_start_733391 1 14983 15000 -edge_1_0_+disjointig_1_0_998487 732385 747367 998487 -1 -1 12193 0.0411584
Chain
	Aln	0	-HG002_ont_638_start_733391 16 14998 15000 +edge_1_0_+disjointig_1_0_998487 251119 266101 998487 -1 -1 12193 0.0411584
Chain
	Aln	1	+HG002_ont_639_start_335778 1 14998 15000 -edge_1_0_+disjointig_1_0_998487 334772 349769 998487 -1 -1 12521 0.0405258
Chain
	Aln	0	-HG002_ont_639_start_335778 1 14998 15000 +edge_1_0_+disjointig_1_0_998487 648717 663714 998487 -1 -1 12521 0.0405258
Chain
	Aln	1	+HG002_ont_640_start_676448 0 14998 15000 -edge_1_0_+disjointig_1_0_998487 675441 690439 998487 -1 -1 12296 0.0404126
Chain
	Aln	0	-HG002_ont_640_start_676448 1 14999 15000 +edge_1_0_+disjointig_1_0_998487 308047 323045 998487 -1 -1 12296 0.0404126
Chain
	Aln	1	+HG002_ont_642_start_371700 1 14998 15000 -edge_1_0_+disjointig_1_0_998487 370694 385691 998487 -1 -1 12436 0.0395727
Chain
	Aln	0	-HG002_ont_642_start_371700 1 14998 15000 +edge_1_0_+disjointig_1_0_998487 612795 627792 998487 -1 -1 12436 0.0395727
Chain
	Aln	1	+HG002_ont_641_start_568210 24 14998 15000 -edge_1_0_+disjointig_1_0_998487 567227 582201 998487 -1 -1 12174 0.0420431
Chain
	Aln	0	-HG002_ont_641_start_568210 1 14975 15000 +edge_1_0_+disjointig_1_0_998487 416285 431259 998487 -1 -1 12174 0.0420431
Chain
	Aln	1	+HG002_ont_645_start_812106 0 14998 15000 -edge_1_0_+disjointig_1_0_998487 811099 826097 998487 -1 -1 12347 0.0412686
Chain
	Aln	0	-HG002_ont_645_start_812106 1 14999 15000 +edge_1_0_+disjointig_1_0_998487 172389 187387 998487 -1 -1 12347 0.0412686
Chain
	Aln	1	+HG002_ont_644_start_473690 14 14991 15000 -edge_1_0_+disjointig_1_0_998487 472697 487674 998487 -1 -1 12071 0.0430181
Chain
	Aln	0	-HG002_ont_644_start_473690 8 14985 15000 +edge_1_0_+disjointig_1_0_998487 510812 525789 998487 -1 -1 12071 0.0430181
Chain
	Aln	1	+HG002_ont_643_start_562178 1 14962 15000 -edge_1_0_+disjointig_1_0_998487 561172 576133 998487 -1 -1 12597 0.0386904
Chain
	Aln	0	-HG002_ont_643_start_562178 37 14998 15000 +edge_1_0_+disjointig_1_0_998487 422353 437314 998487 -1 -1 12597 0.0386904
Chain
	Aln	1	+HG002_ont_646_start_546025 14 14998 15000 -edge_1_0_+disjointig_1_0_998487 545032 560016 998487 -1 -1 12093 0.041962
Chain
	Aln	0	-HG002_ont_646_start_546025 1 14985 15000 +edge_1_0_+disjointig_1_0_998487 438470 453454 998487 -1 -1 12093 0.041962
Chain
	Aln	1	+HG002_ont_647_start_17157 1 14995 15000 -edge_1_0_+disjointig_1_0_998487 16151 31145 998487 -1 -1 12317 0.0427755
Chain
	Aln	0	-HG002_ont_647_start_17157 4 14998 15000 +edge_1_0_+disjointig_1_0_998487 967341 982335 998487 -1 -1 12317 0.0427755
Chain
	Aln	1	+HG002_ont_648_start_439425 1 14953 15000 -edge_1_0_+disjointig_1_0_998487 438419 453371 998487 -1 -1 12168 0.0418763
Chain
	Aln	0	-HG002_ont_648_start_439425 46 14998 15000 +edge_1_0_+disjointig_1_0_998487 545115 560067 998487 -1 -1 12168 0.0418763
Chain
	Aln	1	+HG002_ont_649_start_341948 8 14998 15000 -edge_1_0_+disjointig_1_0_998487 340949 355939 998487 -1 -1 12501 0.0394147
Chain
	Aln	0	-HG002_ont_649_start_341948 1 14991 15000 +edge_1_0_+disjointig_1_0_998487 642547 657537 998487 -1 -1 12501 0.0394147
Chain
	Aln	1	+HG002_ont_650_start_85318 3 14998 15000 -edge_1_0_+disjointig_1_0_998487 84314 99309 998487 -1 -1 12189 0.0440929
Chain
	Aln	0	-HG002_ont_650_start_85318 1 14996 15000 +edge_1_0_+disjointig_1_0_998487 899177 914172 998487 -1 -1 12189 0.0440929
Chain
	Aln	1	+HG002_ont_652_start_261141 28 14985 15000 -edge_1_0_+disjointig_1_0_998487 260162 275119 998487 -1 -1 12293 0.0411551
Chain
	Aln	0	-HG002_ont_652_start_261141 14 14971 15000 +edge_1_0_+disjointig_1_0_998487 723367 738324 998487 -1 -1 12293 0.0411551
Chain
	Aln	1	+HG002_ont_653_start_645759 0 14998 15000 -edge_1_0_+disjointig_1_0_998487 644752 659750 998487 -1 -1 12202 0.0414033
Chain
	Aln	0	-HG002_ont_653_start_645759 1 14999 15000 +edge_1_0_+disjointig_1_0_998487 338736 353734 998487 -1 -1 12202 0.0414033
Chain
	Aln	1	+HG002_ont_651_start_223781 45 14998 15000 -edge_1_0_+disjointig_1_0_998487 222819 237772 998487 -1 -1 12341 0.0400102
Chain
	Aln	0	-HG002_ont_651_start_223781 1 14954 15000 +edge_1_0_+disjointig_1_0_998487 760714 775667 998487 -1 -1 12341 0.0400102
Chain
	Aln	1	+HG002_ont_654_start_397437 1 14991 15000 -edge_1_0_+disjointig_1_0_998487 396431 411421 998487 -1 -1 12432 0.0426058
Chain
	Aln	0	-HG002_ont_654_start_397437 8 14998 15000 +edge_1_0_+disjointig_1_0_998487 587065 602055 998487 -1 -1 12432 0.0426058
Chain
	Aln	1	+HG002_ont_655_start_584887 8 14998 15000 -edge_1_0_+disjointig_1_0_998487 583888 598878 998487 -1 -1 12466 0.0395606
Chain
	Aln	0	-HG002_ont_655_start_584887 1 14991 15000 +edge_1_0_+disjointig_1_0_998487 399608 414598 998487 -1 -1 12466 0.0395606
Chain
	Aln	1	+HG002_ont_656_start_165503 4 14998 15000 -edge_1_0_+disjointig_1_0_998487 164500 179494 998487 -1 -1 11903 0.0438074
Chain
	Aln	0	-HG002_ont_656_start_165503 1 14995 15000 +edge_1_0_+disjointig_1_0_998487 818992 833986 998487 -1 -1 11903 0.0438074
Chain
	Aln	1	+HG002_ont_657_start_514731 11 14990 15000 -edge_1_0_+disjointig_1_0_998487 513735 528714 998487 -1 -1 12497 0.0374699
Chain
	Aln	0	-HG002_ont_657_start_514731 9 14988 15000 +edge_1_0_+disjointig_1_0_998487 469772 484751 998487 -1 -1 12497 0.0374699
Chain
	Aln	1	+HG002_ont_658_start_887160 1 14998 15000 -edge_1_0_+disjointig_1_0_998487 886154 901151 998487 -1 -1 12189 0.04227
Chain
	Aln	0	-HG002_ont_658_start_887160 1 14998 15000 +edge_1_0_+disjointig_1_0_998487 97335 112332 998487 -1 -1 12189 0.04227
Chain
	Aln	1	+HG002_ont_659_start_640838 13 14986 15000 -edge_1_0_+disjointig_1_0_998487 639844 654817 998487 -1 -1 12428 0.0410362
Chain
	Aln	0	-HG002_ont_659_start_640838 13 14986 15000 +edge_1_0_+disjointig_1_0_998487 343669 358642 998487 -1 -1 12428 0.0410362
Chain
	Aln	1	+HG002_ont_660_start_394533 1 14993 15000 -edge_1_0_+disjointig_1_0_998487 393527 408519 998487 -1 -1 12256 0.0422262
Chain
	Aln	0	-HG002_ont_660_start_394533 6 14998 15000 +edge_1_0_+disjointig_1_0_998487 589967 604959 998487 -1 -1 12256 0.0422262
Chain
	Aln	1	+HG002_ont_661_start_732964 1 14996 15000 -edge_1_0_+disjointig_1_0_998487 731958 746953 998487 -1 -1 11957 0.0436298
Chain
	Aln	0	-HG002_ont_661_start_732964 3 14998 15000 +edge_1_0_+disjointig_1_0_998487 251533 266528 998487 -1 -1 11957 0.0436298
Chain
	Aln	1	+HG002_ont_662_start_409490 1 14984 15000 -edge_1_0_+disjointig_1_0_998487 408484 423467 998487 -1 -1 12372 0.0386631
Chain
	Aln	0	-HG002_ont_662_start_409490 15 14998 15000 +edge_1_0_+disjointig_1_0_998487 575019 590002 998487 -1 -1 12372 0.0386631
Chain
	Aln	1	+HG002_ont_663_start_617798 0 14998 15000 -edge_1_0_+disjointig_1_0_998487 616791 631789 998487 -1 -1 12441 0.0384423
Chain
	Aln	0	-HG002_ont_663_start_617798 1 14999 15000 +edge_1_0_+disjointig_1_0_998487 366697 381695 998487 -1 -1 12441 0.0384423
Chain
	Aln	1	+HG002_ont_664_start_574843 10 14998 15000 -edge_1_0_+disjointig_1_0_998487 573846 588834 998487 -1 -1 12088 0.0410004
Chain
	Aln	0	-HG002_ont_664_start_574843 1 14989 15000 +edge_1_0_+disjointig_1_0_998487 409652 424640 998487 -1 -1 12088 0.0410004
Chain
	Aln	1	+HG002_ont_666_start_536893 3 14983 15000 -edge_1_0_+disjointig_1_0_998487 535889 550869 998487 -1 -1 11829 0.045174
Chain
	Aln	0	-HG002_ont_666_start_536893 16 14996 15000 +edge_1_0_+disjointig_1_0_998487 447617 462597 998487 -1 -1 11829 0.045174
Chain
	Aln	1	+HG002_ont_665_start_37839 9 14984 15000 -edge_1_0_+disjointig_1_0_998487 36841 51816 998487 -1 -1 12322 0.0412496
Chain
	Aln	0	-HG002_ont_665_start_37839 15 14990 15000 +edge_1_0_+disjointig_1_0_998487 946670 961645 998487 -1 -1 12322 0.0412496
Chain
	Aln	1	+HG002_ont_667_start_267303 1 14998 15000 -edge_1_0_+disjointig_1_0_998487 266297 281294 998487 -1 -1 11959 0.0432273
Chain
	Aln	0	-HG002_ont_667_start_267303 1 14998 15000 +edge_1_0_+disjointig_1_0_998487 717192 732189 998487 -1 -1 11959 0.0432273
Chain
	Aln	1	+HG002_ont_668_start_564730 0 14998 15000 -edge_1_0_+disjointig_1_0_998487 563723 578721 998487 -1 -1 12212 0.0426048
Chain
	Aln	0	-HG002_ont_668_start_564730 1 14999 15000 +edge_1_0_+disjointig_1_0_998487 419765 434763 998487 -1 -1 12212 0.0426048
Chain
	Aln	1	+HG002_ont_669_start_742429 63 14998 15000 -edge_1_0_+disjointig_1_0_998487 741485 756420 998487 -1 -1 11735 0.0433775
Chain
	Aln	0	-HG002_ont_669_start_742429 1 14936 15000 +edge_1_0_+disjointig_1_0_998487 242066 257001 998487 -1 -1 11735 0.0433775
Chain
	Aln	1	+HG002_ont_670_start_681230 0 14986 15000 -edge_1_0_+disjointig_1_0_998487 680223 695209 998487 -1 -1 12498 0.0405373
Chain
	Aln	0	-HG002_ont_670_start_681230 13 14999 15000 +edge_1_0_+disjointig_1_0_998487 303277 318263 998487 -1 -1 12498 0.0405373
Chain
	Aln	1	+HG002_ont_671_start_276209 1 14998 15000 -edge_1_0_+disjointig_1_0_998487 275203 290200 998487 -1 -1 12163 0.0418371
Chain
	Aln	0	-HG002_ont_671_start_276209 1 14998 15000 +edge_1_0_+disjointig_1_0_998487 708286 723283 998487 -1 -1 12163 0.0418371
Chain
	Aln	1	+HG002_ont_673_start_104325 54 14982 15000 -edge_1_0_+disjointig_1_0_998487 103372 118300 998487 -1 -1 12370 0.0398109
Chain
	Aln	0	-HG002_ont_673_start_104325 17 14945 15000 +edge_1_0_+disjointig_1_0_998487 880186 895114 998487 -1 -1 12370 0.0398109
Chain
	Aln	1	+HG002_ont_672_start_333609 45 14998 15000 -edge_1_0_+disjointig_1_0_998487 332647 347600 998487 -1 -1 12331 0.0383712
Chain
	Aln	0	-HG002_ont_672_start_333609 1 14954 15000 +edge_1_0_+disjointig_1_0_998487 650886 665839 998487 -1 -1 12331 0.0383712
Chain
	Aln	1	+HG002_ont_675_start_110824 5 14998 15000 -edge_1_0_+disjointig_1_0_998487 109822 124815 998487 -1 -1 12291 0.0423348
Chain
	Aln	0	-HG002_ont_675_start_110824 1 14994 15000 +edge_1_0_+disjointig_1_0_998487 873671 888664 998487 -1 -1 12291 0.0423348
Chain
	Aln	1	+HG002_ont_674_start_386879 1 14985 15000 -edge_1_0_+disjointig_1_0_998487 385873 400857 998487 -1 -1 12361 0.0409769
Chain
	Aln	0	-HG002_ont_674_start_386879 14 14998 15000 +edge_1_0_+disjointig_1_0_998487 597629 612613 998487 -1 -1 12361 0.0409769
Chain
	Aln	1	+HG002_ont_677_start_689309 7 14998 15000 -edge_1_0_+disjointig_1_0_998487 688309 703300 998487 -1 -1 12650 0.0399966
Chain
	Aln	0	-HG002_ont_677_start_689309 1 14992 15000 +edge_1_0_+disjointig_1_0_998487 295186 310177 998487 -1 -1 12650 0.0399966
Chain
	Aln	1	+HG002_ont_676_start_215550 0 14998 15000 -edge_1_0_+disjointig_1_0_998487 214543 229541 998487 -1 -1 12410 0.0405219
Chain
	Aln	0	-HG002_ont_676_start_215550 1 14999 15000 +edge_1_0_+disjointig_1_0_998487 768945 783943 998487 -1 -1 12410 0.0405219
Chain
	Aln	1	+HG002_ont_678_start_343284 35 14989 15000 -edge_1_0_+disjointig_1_0_998487 342312 357266 998487 -1 -1 12259 0.0404038
Chain
	Aln	0	-HG002_ont_678_start_343284 10 14964 15000 +edge_1_0_+disjointig_1_0_998487 641220 656174 998487 -1 -1 12259 0.0404038
Chain
	Aln	1	+HG002_ont_679_start_519372 10 14998 15000 -edge_1_0_+disjointig_1_0_998487 518375 533363 998487 -1 -1 12369 0.042074
Chain
	Aln	0	-HG002_ont_679_start_519372 1 14989 15000 +edge_1_0_+disjointig_1_0_998487 465123 480111 998487 -1 -1 12369 0.042074
Chain
	Aln	1	+HG002_ont_680_start_324961 1 14998 15000 -edge_1_0_+disjointig_1_0_998487 323955 338952 998487 -1 -1 12672 0.0363716
Chain
	Aln	0	-HG002_ont_680_start_324961 1 14998 15000 +edge_1_0_+disjointig_1_0_998487 659534 674531 998487 -1 -1 12672 0.0363716
Chain
	Aln	1	+HG002_ont_681_start_314858 6 14998 15000 -edge_1_0_+disjointig_1_0_998487 313857 328849 998487 -1 -1 12401 0.0408195
Chain
	Aln	0	-HG002_ont_681_start_314858 1 14993 15000 +edge_1_0_+disjointig_1_0_998487 669637 684629 998487 -1 -1 12401 0.0408195
Chain
	Aln	1	+HG002_ont_682_start_859987 1 14975 15000 -edge_1_0_+disjointig_1_0_998487 858981 873955 998487 -1 -1 12401 0.039752
Chain
	Aln	0	-HG002_ont_682_start_859987 24 14998 15000 +edge_1_0_+disjointig_1_0_998487 124531 139505 998487 -1 -1 12401 0.039752
Chain
	Aln	1	+HG002_ont_683_start_521285 28 14998 15000 -edge_1_0_+disjointig_1_0_998487 520306 535276 998487 -1 -1 12309 0.0405762
Chain
	Aln	0	-HG002_ont_683_start_521285 1 14971 15000 +edge_1_0_+disjointig_1_0_998487 463210 478180 998487 -1 -1 12309 0.0405762
Chain
	Aln	1	+HG002_ont_684_start_254901 1 14959 15000 -edge_1_0_+disjointig_1_0_998487 253895 268853 998487 -1 -1 12422 0.0423022
Chain
	Aln	0	-HG002_ont_684_start_254901 40 14998 15000 +edge_1_0_+disjointig_1_0_998487 729633 744591 998487 -1 -1 12422 0.0423022
Chain
	Aln	1	+HG002_ont_685_start_69773 40 14998 15000 -edge_1_0_+disjointig_1_0_998487 68806 83764 998487 -1 -1 12011 0.0443641
Chain
	Aln	0	-HG002_ont_685_start_69773 1 14959 15000 +edge_1_0_+disjointig_1_0_998487 914722 929680 998487 -1 -1 12011 0.0443641
Chain
	Aln	1	+HG002_ont_686_start_741327 37 14961 15000 -edge_1_0_+disjointig_1_0_998487 740357 755281 998487 -1 -1 11990 0.0453528
Chain
	Aln	0	-HG002_ont_686_start_741327 38 14962 15000 +edge_1_0_+disjointig_1_0_998487 243205 258129 998487 -1 -1 11990 0.0453528
Chain
	Aln	1	+HG002_ont_687_start_922881 12 14998 15000 -edge_1_0_+disjointig_1_0_998487 921886 936872 998487 -1 -1 12381 0.039093
Chain
	Aln	0	-HG002_ont_687_start_922881 1 14987 15000 +edge_1_0_+disjointig_1_0_998487 61614 76600 998487 -1 -1 12381 0.039093
Chain
	Aln	1	+HG002_ont_689_start_301382 15 14989 15000 -edge_1_0_+disjointig_1_0_998487 300390 315364 998487 -1 -1 12187 0.0420672
Chain
	Aln	0	-HG002_ont_689_start_301382 10 14984 15000 +edge_1_0_+disjointig_1_0_998487 683122 698096 998487 -1 -1 12187 0.0420672
Chain
	Aln	1	+HG002_ont_688_start_866536 0 14998 15000 -edge_1_0_+disjointig_1_0_998487 865529 880527 998487 -1 -1 12453 0.0400628
Chain
	Aln	0	-HG002_ont_688_start_866536 1 14999 15000 +edge_1_0_+disjointig_1_0_998487 117959 132957 998487 -1 -1 12453 0.0400628
Chain
	Aln	1	+HG002_ont_690_start_200966 18 14998 15000 -edge_1_0_+disjointig_1_0_998487 199977 214957 998487 -1 -1 11958 0.0422596
Chain
	Aln	0	-HG002_ont_690_start_200966 1 14981 15000 +edge_1_0_+disjointig_1_0_998487 783529 798509 998487 -1 -1 11958 0.0422596
Chain
	Aln	1	+HG002_ont_693_start_454895 22 14961 15000 -edge_1_0_+disjointig_1_0_998487 453910 468849 998487 -1 -1 12333 0.041021
Chain
	Aln	0	-HG002_ont_693_start_454895 38 14977 15000 +edge_1_0_+disjointig_1_0_998487 529637 544576 998487 -1 -1 12333 0.041021
Chain
	Aln	1	+HG002_ont_691_start_184274 2 14985 15000 -edge_1_0_+disjointig_1_0_998487 183269 198252 998487 -1 -1 12183 0.0440956
Chain
	Aln	0	-HG002_ont_691_start_184274 14 14997 15000 +edge_1_0_+disjointig_1_0_998487 800234 815217 998487 -1 -1 12183 0.0440956
Chain
	Aln	1	+HG002_ont_692_start_370164 1 14988 15000 -edge_1_0_+disjointig_1_0_998487 369158 384145 998487 -1 -1 12188 0.0412176
Chain
	Aln	0	-HG002_ont_692_start_370164 11 14998 15000 +edge_1_0_+disjointig_1_0_998487 614341 629328 998487 -1 -1 12188 0.0412176
Chain
	Aln	1	+HG002_ont_696_start_748592 9 14951 15000 -edge_1_0_+disjointig_1_0_998487 747594 762536 998487 -1 -1 12082 0.0413738
Chain
	Aln	0	-HG002_ont_696_start_748592 48 14990 15000 +edge_1_0_+disjointig_1_0_998487 235950 250892 998487 -1 -1 12082 0.0413738
Chain
	Aln	1	+HG002_ont_694_start_506039 7 14998 15000 -edge_1_0_+disjointig_1_0_998487 505039 520030 998487 -1 -1 12389 0.0402839
Chain
	Aln	0	-HG002_ont_694_start_506039 1 14992 15000 +edge_1_0_+disjointig_1_0_998487 478456 493447 998487 -1 -1 12389 0.0402839
Chain
	Aln	1	+HG002_ont_695_start_12884 3 14998 15000 -edge_1_0_+disjointig_1_0_998487 11880 26875 998487 -1 -1 12477 0.0394957
Chain
	Aln	0	-HG002_ont_695_start_12884 1 14996 15000 +edge_1_0_+disjointig_1_0_998487 971611 986606 998487 -1 -1 12477 0.0394957
Chain
	Aln	1	+HG002_ont_697_start_114498 11 14998 15000 -edge_1_0_+disjointig_1_0_998487 113502 128489 998487 -1 -1 12416 0.0406822
Chain
	Aln	0	-HG002_ont_697_start_114498 1 14988 15000 +edge_1_0_+disjointig_1_0_998487 869997 884984 998487 -1 -1 12416 0.0406822
Chain
	Aln	1	+HG002_ont_700_start_381324 0 14982 15000 -edge_1_0_+disjointig_1_0_998487 380317 395299 998487 -1 -1 12400 0.0418021
Chain
	Aln	0	-HG002_ont_700_start_381324 17 14999 15000 +edge_1_0_+disjointig_1_0_998487 603187 618169 998487 -1 -1 12400 0.0418021
Chain
	Aln	1	+HG002_ont_698_start_673444 10 14998 15000 -edge_1_0_+disjointig_1_0_998487 672447 687435 998487 -1 -1 12358 0.0387889
Chain
	Aln	0	-HG002_ont_698_start_673444 1 14989 15000 +edge_1_0_+disjointig_1_0_998487 311051 326039 998487 -1 -1 12358 0.0387889
Chain
	Aln	1	+HG002_ont_701_start_10637 32 14978 15000 -edge_1_0_+disjointig_1_0_998487 9662 24608 998487 -1 -1 12066 0.0421582
Chain
	Aln	0	-HG002_ont_701_start_10637 21 14967 15000 +edge_1_0_+disjointig_1_0_998487 973878 988824 998487 -1 -1 12066 0.0421582
Chain
	Aln	1	+HG002_ont_699_start_169403 1 14998 15000 -edge_1_0_+disjointig_1_0_998487 168397 183394 998487 -1 -1 11967 0.0416138
Chain
	Aln	0	-HG002_ont_699_start_169403 1 14998 15000 +edge_1_0_+disjointig_1_0_998487 815092 830089 998487 -1 -1 11967 0.0416138
Chain
	Aln	1	+HG002_ont_704_start_622753 31 14993 15000 -edge_1_0_+disjointig_1_0_998487 621777 636739 998487 -1 -1 11635 0.046908
Chain
	Aln	0	-HG002_ont_704_start_622753 6 14968 15000 +edge_1_0_+disjointig_1_0_998487 361747 376709 998487 -1 -1 11635 0.046908
Chain
	Aln	1	+HG002_ont_703_start_279656 1 14998 15000 -edge_1_0_+disjointig_1_0_998487 278650 293647 998487 -1 -1 12133 0.0422057
Chain
	Aln	0	-HG002_ont_703_start_279656 1 14998 15000 +edge_1_0_+disjointig_1_0_998487 704839 719836 998487 -1 -1 12133 0.0422057
Chain
	Aln	1	+HG002_ont_702_start_568077 5 14998 15000 -edge_1_0_+disjointig_1_0_998487 567075 582068 998487 -1 -1 11981 0.0429016
Chain
	Aln	0	-HG002_ont_702_start_568077 1 14994 15000 +edge_1_0_+disjointig_1_0_998487 416418 431411 998487 -1 -1 11981 0.0429016
Chain
	Aln	1	+HG002_ont_705_start_173222 1 14998 15000 -edge_1_0_+disjointig_1_0_998487 172216 187213 998487 -1 -1 12541 0.0384083
Chain
	Aln	0	-HG002_ont_705_start_173222 1 14998 15000 +edge_1_0_+disjointig_1_0_998487 811273 826270 998487 -1 -1 12541 0.0384083
Chain
	Aln	1	+HG002_ont_706_start_568234 9 14998 15000 -edge_1_0_+disjointig_1_0_998487 567236 582225 998487 -1 -1 11951 0.0440527
Chain
	Aln	0	-HG002_ont_706_start_568234 1 14990 15000 +edge_1_0_+disjointig_1_0_998487 416261 431250 998487 -1 -1 11951 0.0440527
Chain
	Aln	1	+HG002_ont_707_start_92135 36 14998 15000 -edge_1_0_+disjointig_1_0_998487 91164 106126 998487 -1 -1 12317 0.0402323
Chain
	Aln	0	-HG002_ont_707_start_92135 1 14963 15000 +edge_1_0_+disjointig_1_0_998487 892360 907322 998487 -1 -1 12317 0.0402323
Chain
	Aln	1	+HG002_ont_709_start_485095 20 14974 15000 -edge_1_0_+disjointig_1_0_998487 484108 499062 998487 -1 -1 12300 0.0412146
Chain
	Aln	0	-HG002_ont_709_start_485095 25 14979 15000 +edge_1_0_+disjointig_1_0_998487 499424 514378 998487 -1 -1 12300 0.0412146
Chain
	Aln	1	+HG002_ont_708_start_133419 18 14957 15000 -edge_1_0_+disjointig_1_0_998487 132430 147369 998487 -1 -1 12281 0.0410526
Chain
	Aln	0	-HG002_ont_708_start_133419 42 14981 15000 +edge_1_0_+disjointig_1_0_998487 851117 866056 998487 -1 -1 12281 0.0410526
Chain
	Aln	1	+HG002_ont_711_start_902647 0 14978 15000 -edge_1_0_+disjointig_1_0_998487 901640 916618 998487 -1 -1 12127 0.0411585
Chain
	Aln	0	-HG002_ont_711_start_902647 21 14999 15000 +edge_1_0_+disjointig_1_0_998487 81868 96846 998487 -1 -1 12127 0.0411585
Chain
	Aln	1	+HG002_ont_710_start_569751 4 14998 15000 -edge_1_0_+disjointig_1_0_998487 568748 583742 998487 -1 -1 12598 0.0397919
Chain
	Aln	0	-HG002_ont_710_start_569751 1 14995 15000 +edge_1_0_+disjointig_1_0_998487 414744 429738 998487 -1 -1 12598 0.0397919
Chain
	Aln	1	+HG002_ont_713_start_116101 34 14998 15000 -edge_1_0_+disjointig_1_0_998487 115128 130092 998487 -1 -1 12313 0.0390371
Chain
	Aln	0	-HG002_ont_713_start_116101 1 14965 15000 +edge_1_0_+disjointig_1_0_998487 868394 883358 998487 -1 -1 12313 0.0390371
Chain
	Aln	1	+HG002_ont_712_start_8932 27 14998 15000 -edge_1_0_+disjointig_1_0_998487 7952 22923 998487 -1 -1 12357 0.0389731
Chain
	Aln	0	-HG002_ont_712_start_8932 1 14972 15000 +edge_1_0_+disjointig_1_0_998487 975563 990534 998487 -1 -1 12357 0.0389731
Chain
	Aln	1	+HG002_ont_715_start_900406 9 14998 15000 -edge_1_0_+disjointig_1_0_998487 899408 914397 998487 -1 -1 12184 0.0411306
Chain
	Aln	0	-HG002_ont_715_start_900406 1 14990 15000 +edge_1_0_+disjointig_1_0_998487 84089 99078 998487 -1 -1 12184 0.0411306
Chain
	Aln	1	+HG002_ont_714_start_749284 0 14990 15000 -edge_1_0_+disjointig_1_0_998487 748277 763267 998487 -1 -1 12298 0.0413719
Chain
	Aln	0	-HG002_ont_714_start_749284 9 14999 15000 +edge_1_0_+disjointig_1_0_998487 235219 250209 998487 -1 -1 12298 0.0413719
Chain
	Aln	1	+HG002_ont_716_start_345271 1 14996 15000 -edge_1_0_+disjointig_1_0_998487 344265 359260 998487 -1 -1 12421 0.0395571
Chain
	Aln	0	-HG002_ont_716_start_345271 3 14998 15000 +edge_1_0_+disjointig_1_0_998487 639226 654221 998487 -1 -1 12421 0.0395571
Chain
	Aln	1	+HG002_ont_717_start_685711 11 14966 15000 -edge_1_0_+disjointig_1_0_998487 684715 699670 998487 -1 -1 12497 0.0395539
Chain
	Aln	0	-HG002_ont_717_start_685711 33 14988 15000 +edge_1_0_+disjointig_1_0_998487 298816 313771 998487 -1 -1 12497 0.0395539
Chain
	Aln	1	+HG002_ont_718_start_385065 5 14981 15000 -edge_1_0_+disjointig_1_0_998487 384063 399039 998487 -1 -1 12145 0.0429326
Chain
	Aln	0	-HG002_ont_718_start_385065 18 14994 15000 +edge_1_0_+disjointig_1_0_998487 599447 614423 998487 -1 -1 12145 0.0429326
Chain
	Aln	1	+HG002_ont_719_start_982930 1 14998 15000 -edge_1_0_+disjointig_1_0_998487 981924 996921 998487 -1 -1 12578 0.0394652
Chain
	Aln	0	-HG002_ont_719_start_982930 1 14998 15000 +edge_1_0_+disjointig_1_0_998487 1565 16562 998487 -1 -1 12578 0.0394652
Chain
	Aln	1	+HG002_ont_720_start_666311 9 14986 15000 -edge_1_0_+disjointig_1_0_998487 665313 680290 998487 -1 -1 12176 0.0416548
Chain
	Aln	0	-HG002_ont_720_start_666311 13 14990 15000 +edge_1_0_+disjointig_1_0_998487 318196 333173 998487 -1 -1 12176 0.0416548
Chain
	Aln	1	+HG002_ont_721_start_477713 0 14998 15000 -edge_1_0_+disjointig_1_0_998487 476706 491704 998487 -1 -1 12305 0.0409688
Chain
	Aln	0	-HG002_ont_721_start_477713 1 14999 15000 +edge_1_0_+disjointig_1_0_998487 506782 521780 998487 -1 -1 12305 0.0409688
Chain
	Aln	1	+HG002_ont_722_start_563709 0 14998 15000 -edge_1_0_+disjointig_1_0_998487 562702 577700 998487 -1 -1 12150 0.0437653
Chain
	Aln	0	-HG002_ont_722_start_563709 1 14999 15000 +edge_1_0_+disjointig_1_0_998487 420786 435784 998487 -1 -1 12150 0.0437653
Chain
	Aln	1	+HG002_ont_723_start_829284 9 14991 15000 -edge_1_0_+disjointig_1_0_998487 828286 843268 998487 -1 -1 11940 0.0430622
Chain
	Aln	0	-HG002_ont_723_start_829284 8 14990 15000 +edge_1_0_+disjointig_1_0_998487 155218 170200 998487 -1 -1 11940 0.0430622
Chain
	Aln	1	+HG002_ont_724_start_134717 1 14990 15000 -edge_1_0_+disjointig_1_0_998487 133711 148700 998487 -1 -1 12274 0.0406743
Chain
	Aln	0	-HG002_ont_724_start_134717 9 14998 15000 +edge_1_0_+disjointig_1_0_998487 849786 864775 998487 -1 -1 12274 0.0406743
Chain
	Aln	1	+HG002_ont_725_start_285579 1 14981 15000 -edge_1_0_+disjointig_1_0_998487 284573 299553 998487 -1 -1 12285 0.0406782
Chain
	Aln	0	-HG002_ont_725_start_285579 18 14998 15000 +edge_1_0_+disjointig_1_0_998487 698933 713913 998487 -1 -1 12285 0.0406782
Chain
	Aln	1	+HG002_ont_726_start_295478 1 14998 15000 -edge_1_0_+disjointig_1_0_998487 294472 309469 998487 -1 -1 12372 0.0395727
Chain
	Aln	0	-HG002_ont_726_start_295478 1 14998 15000 +edge_1_0_+disjointig_1_0_998487 689017 704014 998487 -1 -1 12372 0.0395727
Chain
	Aln	1	+HG002_ont_728_start_937147 25 14998 15000 -edge_1_0_+disjointig_1_0_998487 936165 951138 998487 -1 -1 12139 0.0402911
Chain
	Aln	0	-HG002_ont_728_start_937147 1 14974 15000 +edge_1_0_+disjointig_1_0_998487 47348 62321 998487 -1 -1 12139 0.0402911
Chain
	Aln	1	+HG002_ont_727_start_368945 1 14990 15000 -edge_1_0_+disjointig_1_0_998487 367939 382928 998487 -1 -1 12434 0.040175
Chain
	Aln	0	-HG002_ont_727_start_368945 9 14998 15000 +edge_1_0_+disjointig_1_0_998487 615558 630547 998487 -1 -1 12434 0.040175
Chain
	Aln	1	+HG002_ont_729_start_412228 1 14995 15000 -edge_1_0_+disjointig_1_0_998487 411222 426216 998487 -1 -1 12135 0.0412846
Chain
	Aln	0	-HG002_ont_729_start_412228 4 14998 15000 +edge_1_0_+disjointig_1_0_998487 572270 587264 998487 -1 -1 12135 0.0412846
Chain
	Aln	1	+HG002_ont_730_start_131362 1 14982 15000 -edge_1_0_+disjointig_1_0_998487 130356 145337 998487 -1 -1 12360 0.0421187
Chain
	Aln	0	-HG002_ont_730_start_131362 17 14998 15000 +edge_1_0_+disjointig_1_0_998487 853149 868130 998487 -1 -1 12360 0.0421187
Chain
	Aln	1	+HG002_ont_731_start_769977 1 14960 15000 -edge_1_0_+disjointig_1_0_998487 768971 783930 998487 -1 -1 12062 0.0412184
Chain
	Aln	0	-HG002_ont_731_start_769977 39 14998 15000 +edge_1_0_+disjointig_1_0_998487 214556 229515 998487 -1 -1 12062 0.0412184
Chain
	Aln	1	+HG002_ont_732_start_352862 14 14998 15000 -edge_1_0_+disjointig_1_0_998487 351869 366853 998487 -1 -1 12497 0.0396679
Chain
	Aln	0	-HG002_ont_732_start_352862 1 14985 15000 +edge_1_0_+disjointig_1_0_998487 631633 646617 998487 -1 -1 12497 0.0396679
Chain
	Aln	1	+HG002_ont_733_start_196670 39 14998 15000 -edge_1_0_+disjointig_1_0_998487 195702 210661 998487 -1 -1 12024 0.0438602
Chain
	Aln	0	-HG002_ont_733_start_196670 1 14960 15000 +edge_1_0_+disjointig_1_0_998487 787825 802784 998487 -1 -1 12024 0.0438602
Chain
	Aln	1	+HG002_ont_734_start_68226 17 14998 15000 -edge_1_0_+disjointig_1_0_998487 67236 82217 998487 -1 -1 12490 0.0394638
Chain
	Aln	0	-HG002_ont_734_start_68226 1 14982 15000 +edge_1_0_+disjointig_1_0_998487 916269 931250 998487 -1 -1 12490 0.0394638
Chain
	Aln	1	+HG002_ont_735_start_34236 13 14998 15000 -edge_1_0_+disjointig_1_0_998487 33242 48227 998487 -1 -1 12230 0.0387771
Chain
	Aln	0	-HG002_ont_735_start_34236 1 14986 15000 +edge_1_0_+disjointig_1_0_998487 950259 965244 998487 -1 -1 12230 0.0387771
Chain
	Aln	1	+HG002_ont_736_start_760944 10 14998 15000 -edge_1_0_+disjointig_1_0_998487 759947 774935 998487 -1 -1 12159 0.0422186
Chain
	Aln	0	-HG002_ont_736_start_760944 1 14989 15000 +edge_1_0_+disjointig_1_0_998487 223551 238539 998487 -1 -1 12159 0.0422186
Chain
	Aln	1	+HG002_ont_738_start_735611 0 14998 15000 -edge_1_0_+disjointig_1_0_998487 734604 749602 998487 -1 -1 12498 0.0407096
Chain
	Aln	0	-HG002_ont_738_start_735611 1 14999 15000 +edge_1_0_+disjointig_1_0_998487 248884 263882 998487 -1 -1 12498 0.0407096
Chain
	Aln	1	+HG002_ont_737_start_703300 29 14998 15000 -edge_1_0_+disjointig_1_0_998487 702322 717291 998487 -1 -1 12273 0.0416154
Chain
	Aln	0	-HG002_ont_737_start_703300 1 14970 15000 +edge_1_0_+disjointig_1_0_998487 281195 296164 998487 -1 -1 12273 0.0416154
Chain
	Aln	1	+HG002_ont_741_start_467895 0 14998 15000 -edge_1_0_+disjointig_1_0_998487 466888 481886 998487 -1 -1 12330 0.0405219
Chain
	Aln	0	-HG002_ont_741_start_467895 1 14999 15000 +edge_1_0_+disjointig_1_0_998487 516600 531598 998487 -1 -1 12330 0.0405219
Chain
	Aln	1	+HG002_ont_739_start_92773 1 14986 15000 -edge_1_0_+disjointig_1_0_998487 91767 106752 998487 -1 -1 12235 0.0423679
Chain
	Aln	0	-HG002_ont_739_start_92773 13 14998 15000 +edge_1_0_+disjointig_1_0_998487 891734 906719 998487 -1 -1 12235 0.0423679
Chain
	Aln	1	+HG002_ont_740_start_299147 1 14998 15000 -edge_1_0_+disjointig_1_0_998487 298141 313138 998487 -1 -1 12761 0.0359582
Chain
	Aln	0	-HG002_ont_740_start_299147 1 14998 15000 +edge_1_0_+disjointig_1_0_998487 685348 700345 998487 -1 -1 12761 0.0359582
Chain
	Aln	1	+HG002_ont_742_start_928329 26 14998 15000 -edge_1_0_+disjointig_1_0_998487 927348 942320 998487 -1 -1 12012 0.0412854
Chain
	Aln	0	-HG002_ont_742_start_928329 1 14973 15000 +edge_1_0_+disjointig_1_0_998487 56166 71138 998487 -1 -1 12012 0.0412854
Chain
	Aln	1	+HG002_ont_743_start_726601 3 14960 15000 -edge_1_0_+disjointig_1_0_998487 725597 740554 998487 -1 -1 12160 0.0432586
Chain
	Aln	0	-HG002_ont_743_start_726601 39 14996 15000 +edge_1_0_+disjointig_1_0_998487 257932 272889 998487 -1 -1 12160 0.0432586
Chain
	Aln	1	+HG002_ont_745_start_121000 1 14998 15000 -edge_1_0_+disjointig_1_0_998487 119994 134991 998487 -1 -1 11866 0.0416536
Chain
	Aln	0	-HG002_ont_745_start_121000 1 14998 15000 +edge_1_0_+disjointig_1_0_998487 863495 878492 998487 -1 -1 11866 0.0416536
Chain
	Aln	1	+HG002_ont_746_start_982543 1 14983 15000 -edge_1_0_+disjointig_1_0_998487 981537 996519 998487 -1 -1 12542 0.0396831
Chain
	Aln	0	-HG002_ont_746_start_982543 16 14998 15000 +edge_1_0_+disjointig_1_0_998487 1967 16949 998487 -1 -1 12542 0.0396831
Chain
	Aln	1	+HG002_ont_744_start_43077 1 14962 15000 -edge_1_0_+disjointig_1_0_998487 42071 57032 998487 -1 -1 12238 0.0400961
Chain
	Aln	0	-HG002_ont_744_start_43077 37 14998 15000 +edge_1_0_+disjointig_1_0_998487 941454 956415 998487 -1 -1 12238 0.0400961
Chain
	Aln	1	+HG002_ont_747_start_377208 28 14998 15000 -edge_1_0_+disjointig_1_0_998487 376229 391199 998487 -1 -1 12193 0.041875
Chain
	Aln	0	-HG002_ont_747_start_377208 1 14971 15000 +edge_1_0_+disjointig_1_0_998487 607287 622257 998487 -1 -1 12193 0.041875
Chain
	Aln	1	+HG002_ont_748_start_503788 1 14998 15000 -edge_1_0_+disjointig_1_0_998487 502782 517779 998487 -1 -1 12441 0.0390447
Chain
	Aln	0	-HG002_ont_748_start_503788 1 14998 15000 +edge_1_0_+disjointig_1_0_998487 480707 495704 998487 -1 -1 12441 0.0390447
Chain
	Aln	1	+HG002_ont_749_start_967367 1 14998 15000 -edge_1_0_+disjointig_1_0_998487 966361 981358 998487 -1 -1 12401 0.0413439
Chain
	Aln	0	-HG002_ont_749_start_967367 1 14998 15000 +edge_1_0_+disjointig_1_0_998487 17128 32125 998487 -1 -1 12401 0.0413439
Chain
	Aln	1	+HG002_ont_750_start_669236 1 14985 15000 -edge_1_0_+disjointig_1_0_998487 668230 683214 998487 -1 -1 12367 0.0410557
Chain
	Aln	0	-HG002_ont_750_start_669236 14 14998 15000 +edge_1_0_+disjointig_1_0_998487 315272 330256 998487 -1 -1 12367 0.0410557
Chain
	Aln	1	+HG002_ont_751_start_520683 13 14980 15000 -edge_1_0_+disjointig_1_0_998487 519689 534656 998487 -1 -1 12311 0.0399256
Chain
	Aln	0	-HG002_ont_751_start_520683 19 14986 15000 +edge_1_0_+disjointig_1_0_998487 463830 478797 998487 -1 -1 12311 0.0399256
Chain
	Aln	1	+HG002_ont_752_start_471969 1 14991 15000 -edge_1_0_+disjointig_1_0_998487 470963 485953 998487 -1 -1 12343 0.0419055
Chain
	Aln	0	-HG002_ont_752_start_471969 8 14998 15000 +edge_1_0_+disjointig_1_0_998487 512533 527523 998487 -1 -1 12343 0.0419055
Chain
	Aln	1	+HG002_ont_755_start_679123 0 14998 15000 -edge_1_0_+disjointig_1_0_998487 678116 693114 998487 -1 -1 12387 0.0394614
Chain
	Aln	0	-HG002_ont_755_start_679123 1 14999 15000 +edge_1_0_+disjointig_1_0_998487 305372 320370 998487 -1 -1 12387 0.0394614
Chain
	Aln	1	+HG002_ont_753_start_40625 1 14998 15000 -edge_1_0_+disjointig_1_0_998487 39619 54616 998487 -1 -1 12205 0.0421414
Chain
	Aln	0	-HG002_ont_753_start_40625 1 14998 15000 +edge_1_0_+disjointig_1_0_998487 943870 958867 998487 -1 -1 12205 0.0421414
Chain
	Aln	1	+HG002_ont_754_start_792044 18 14998 15000 -edge_1_0_+disjointig_1_0_998487 791055 806035 998487 -1 -1 12249 0.0399612
Chain
	Aln	0	-HG002_ont_754_start_792044 1 14981 15000 +edge_1_0_+disjointig_1_0_998487 192451 207431 998487 -1 -1 12249 0.0399612
Chain
	Aln	1	+HG002_ont_756_start_402392 1 14998 15000 -edge_1_0_+disjointig_1_0_998487 401386 416383 998487 -1 -1 12175 0.0423828
Chain
	Aln	0	-HG002_ont_756_start_402392 1 14998 15000 +edge_1_0_+disjointig_1_0_998487 582103 597100 998487 -1 -1 12175 0.0423828
Chain
	Aln	1	+HG002_ont_757_start_743324 14 14975 15000 -edge_1_0_+disjointig_1_0_998487 742331 757292 998487 -1 -1 12186 0.0431923
Chain
	Aln	0	-HG002_ont_757_start_743324 24 14985 15000 +edge_1_0_+disjointig_1_0_998487 241194 256155 998487 -1 -1 12186 0.0431923
Chain
	Aln	1	+HG002_ont_758_start_39399 8 14995 15000 -edge_1_0_+disjointig_1_0_998487 38400 53387 998487 -1 -1 12001 0.0433683
Chain
	Aln	0	-HG002_ont_758_start_39399 4 14991 15000 +edge_1_0_+disjointig_1_0_998487 945099 960086 998487 -1 -1 12001 0.0433683
Chain
	Aln	1	+HG002_ont_759_start_715177 1 14986 15000 -edge_1_0_+disjointig_1_0_998487 714171 729156 998487 -1 -1 12392 0.0390052
Chain
	Aln	0	-HG002_ont_759_start_715177 13 14998 15000 +edge_1_0_+disjointig_1_0_998487 269330 284315 998487 -1 -1 12392 0.0390052
Chain
	Aln	1	+HG002_ont_760_start_220836 1 14998 15000 -edge_1_0_+disjointig_1_0_998487 219830 234827 998487 -1 -1 12224 0.0400977
Chain
	Aln	0	-HG002_ont_760_start_220836 1 14998 15000 +edge_1_0_+disjointig_1_0_998487 763659 778656 998487 -1 -1 12224 0.0400977
Chain
	Aln	1	+HG002_ont_761_start_396354 1 14995 15000 -edge_1_0_+disjointig_1_0_998487 395348 410342 998487 -1 -1 12230 0.0406626
Chain
	Aln	0	-HG002_ont_761_start_396354 4 14998 15000 +edge_1_0_+disjointig_1_0_998487 588144 603138 998487 -1 -1 12230 0.0406626
Chain
	Aln	1	+HG002_ont_762_start_258236 1 14982 15000 -edge_1_0_+disjointig_1_0_998487 257230 272211 998487 -1 -1 12187 0.0409493
Chain
	Aln	0	-HG002_ont_762_start_258236 17 14998 15000 +edge_1_0_+disjointig_1_0_998487 726275 741256 998487 -1 -1 12187 0.0409493
Chain
	Aln	1	+HG002_ont_763_start_851275 1 14963 15000 -edge_1_0_+disjointig_1_0_998487 850269 865231 998487 -1 -1 12445 0.0399835
Chain
	Aln	0	-HG002_ont_763_start_851275 36 14998 15000 +edge_1_0_+disjointig_1_0_998487 133255 148217 998487 -1 -1 12445 0.0399835
Chain
	Aln	1	+HG002_ont_765_start_683402 16 14970 15000 -edge_1_0_+disjointig_1_0_998487 682411 697365 998487 -1 -1 11989 0.045616
Chain
	Aln	0	-HG002_ont_765_start_683402 29 14983 15000 +edge_1_0_+disjointig_1_0_998487 301121 316075 998487 -1 -1 11989 0.045616
Chain
	Aln	1	+HG002_ont_766_start_799652 1 14998 15000 -edge_1_0_+disjointig_1_0_998487 798646 813643 998487 -1 -1 12367 0.0409806
Chain
	Aln	0	-HG002_ont_766_start_799652 1 14998 15000 +edge_1_0_+disjointig_1_0_998487 184843 199840 998487 -1 -1 12367 0.0409806
Chain
	Aln	1	+HG002_ont_764_start_484592 18 14984 15000 -edge_1_0_+disjointig_1_0_998487 483603 498569 998487 -1 -1 12354 0.0421081
Chain
	Aln	0	-HG002_ont_764_start_484592 15 14981 15000 +edge_1_0_+disjointig_1_0_998487 499917 514883 998487 -1 -1 12354 0.0421081
Chain
	Aln	1	+HG002_ont_767_start_704363 0 14998 15000 -edge_1_0_+disjointig_1_0_998487 703356 718354 998487 -1 -1 12118 0.0429782
Chain
	Aln	0	-HG002_ont_767_start_704363 1 14999 15000 +edge_1_0_+disjointig_1_0_998487 280132 295130 998487 -1 -1 12118 0.0429782
Chain
	Aln	1	+HG002_ont_768_start_652096 3 14998 15000 -edge_1_0_+disjointig_1_0_998487 651092 666087 998487 -1 -1 12474 0.0403853
Chain
	Aln	0	-HG002_ont_768_start_652096 1 14996 15000 +edge_1_0_+disjointig_1_0_998487 332399 347394 998487 -1 -1 12474 0.0403853
Chain
	Aln	1	+HG002_ont_770_start_763570 3 14988 15000 -edge_1_0_+disjointig_1_0_998487 762566 777551 998487 -1 -1 12341 0.0402604
Chain
	Aln	0	-HG002_ont_770_start_763570 11 14996 15000 +edge_1_0_+disjointig_1_0_998487 220935 235920 998487 -1 -1 12341 0.0402604
Chain
	Aln	1	+HG002_ont_771_start_859695 23 14986 15000 -edge_1_0_+disjointig_1_0_998487 858711 873674 998487 -1 -1 11827 0.0440503
Chain
	Aln	0	-HG002_ont_771_start_859695 13 14976 15000 +edge_1_0_+disjointig_1_0_998487 124812 139775 998487 -1 -1 11827 0.0440503
Chain
	Aln	1	+HG002_ont_769_start_88713 1 14984 15000 -edge_1_0_+disjointig_1_0_998487 87707 102690 998487 -1 -1 12085 0.0390202
Chain
	Aln	0	-HG002_ont_769_start_88713 15 14998 15000 +edge_1_0_+disjointig_1_0_998487 895796 910779 998487 -1 -1 12085 0.0390202
Chain
	Aln	1	+HG002_ont_772_start_336265 1 14980 15000 -edge_1_0_+disjointig_1_0_998487 335259 350238 998487 -1 -1 12219 0.0393255
Chain
	Aln	0	-HG002_ont_772_start_336265 19 14998 15000 +edge_1_0_+disjointig_1_0_998487 648248 663227 998487 -1 -1 12219 0.0393255
Chain
	Aln	1	+HG002_ont_773_start_806943 32 14985 15000 -edge_1_0_+disjointig_1_0_998487 805968 820921 998487 -1 -1 12293 0.0400102
Chain
	Aln	0	-HG002_ont_773_start_806943 14 14967 15000 +edge_1_0_+disjointig_1_0_998487 177565 192518 998487 -1 -1 12293 0.0400102
Chain
	Aln	1	+HG002_ont_774_start_626534 1 14998 15000 -edge_1_0_+disjointig_1_0_998487 625528 640525 998487 -1 -1 12247 0.0414231
Chain
	Aln	0	-HG002_ont_774_start_626534 1 14998 15000 +edge_1_0_+disjointig_1_0_998487 357961 372958 998487 -1 -1 12247 0.0414231
Chain
	Aln	1	+HG002_ont_775_start_619057 1 14992 15000 -edge_1_0_+disjointig_1_0_998487 618051 633042 998487 -1 -1 12187 0.0414949
Chain
	Aln	0	-HG002_ont_775_start_619057 7 14998 15000 +edge_1_0_+disjointig_1_0_998487 365444 380435 998487 -1 -1 12187 0.0414949
Chain
	Aln	1	+HG002_ont_778_start_569422 10 14965 15000 -edge_1_0_+disjointig_1_0_998487 568425 583380 998487 -1 -1 12249 0.0421372
Chain
	Aln	0	-HG002_ont_778_start_569422 34 14989 15000 +edge_1_0_+disjointig_1_0_998487 415106 430061 998487 -1 -1 12249 0.0421372
Chain
	Aln	1	+HG002_ont_776_start_376392 1 14997 15000 -edge_1_0_+disjointig_1_0_998487 375386 390382 998487 -1 -1 12220 0.0401248
Chain
	Aln	0	-HG002_ont_776_start_376392 2 14998 15000 +edge_1_0_+disjointig_1_0_998487 608104 623100 998487 -1 -1 12220 0.0401248
Chain
	Aln	1	+HG002_ont_777_start_552063 1 14992 15000 -edge_1_0_+disjointig_1_0_998487 551057 566048 998487 -1 -1 12309 0.0391737
Chain
	Aln	0	-HG002_ont_777_start_552063 7 14998 15000 +edge_1_0_+disjointig_1_0_998487 432438 447429 998487 -1 -1 12309 0.0391737
Chain
	Aln	1	+HG002_ont_779_start_561052 4 14998 15000 -edge_1_0_+disjointig_1_0_998487 560049 575043 998487 -1 -1 12445 0.0386381
Chain
	Aln	0	-HG002_ont_779_start_561052 1 14995 15000 +edge_1_0_+disjointig_1_0_998487 423443 438437 998487 -1 -1 12445 0.0386381
Chain
	Aln	1	+HG002_ont_781_start_64396 18 14998 15000 -edge_1_0_+disjointig_1_0_998487 63407 78387 998487 -1 -1 12154 0.042875
Chain
	Aln	0	-HG002_ont_781_start_64396 1 14981 15000 +edge_1_0_+disjointig_1_0_998487 920099 935079 998487 -1 -1 12154 0.042875
Chain
	Aln	1	+HG002_ont_780_start_279590 1 14998 15000 -edge_1_0_+disjointig_1_0_998487 278584 293581 998487 -1 -1 12160 0.0414787
Chain
	Aln	0	-HG002_ont_780_start_279590 1 14998 15000 +edge_1_0_+disjointig_1_0_998487 704905 719902 998487 -1 -1 12160 0.0414787
Chain
	Aln	1	+HG002_ont_784_start_671331 1 14987 15000 -edge_1_0_+disjointig_1_0_998487 670325 685311 998487 -1 -1 12219 0.0402176
Chain
	Aln	0	-HG002_ont_784_start_671331 12 14998 15000 +edge_1_0_+disjointig_1_0_998487 313175 328161 998487 -1 -1 12219 0.0402176
Chain
	Aln	1	+HG002_ont_782_start_44636 24 14975 15000 -edge_1_0_+disjointig_1_0_998487 43653 58604 998487 -1 -1 12044 0.0443282
Chain
	Aln	0	-HG002_ont_782_start_44636 24 14975 15000 +edge_1_0_+disjointig_1_0_998487 939882 954833 998487 -1 -1 12044 0.0443282
Chain
	Aln	1	+HG002_ont_785_start_587166 18 14998 15000 -edge_1_0_+disjointig_1_0_998487 586177 601157 998487 -1 -1 12250 0.0388486
Chain
	Aln	0	-HG002_ont_785_start_587166 1 14981 15000 +edge_1_0_+disjointig_1_0_998487 397329 412309 998487 -1 -1 12250 0.0388486
Chain
	Aln	1	+HG002_ont_783_start_252119 18 14981 15000 -edge_1_0_+disjointig_1_0_998487 251130 266093 998487 -1 -1 11991 0.0423138
Chain
	Aln	0	-HG002_ont_783_start_252119 18 14981 15000 +edge_1_0_+disjointig_1_0_998487 732393 747356 998487 -1 -1 11991 0.0423138
Chain
	Aln	1	+HG002_ont_787_start_253841 23 14981 15000 -edge_1_0_+disjointig_1_0_998487 252857 267815 998487 -1 -1 12326 0.040396
Chain
	Aln	0	-HG002_ont_787_start_253841 18 14976 15000 +edge_1_0_+disjointig_1_0_998487 730671 745629 998487 -1 -1 12326 0.040396
Chain
	Aln	1	+HG002_ont_789_start_356643 3 14989 15000 -edge_1_0_+disjointig_1_0_998487 355639 370625 998487 -1 -1 12513 0.0399228
Chain
	Aln	0	-HG002_ont_789_start_356643 10 14996 15000 +edge_1_0_+disjointig_1_0_998487 627861 642847 998487 -1 -1 12513 0.0399228
Chain
	Aln	1	+HG002_ont_786_start_911515 27 14976 15000 -edge_1_0_+disjointig_1_0_998487 910535 925484 998487 -1 -1 12172 0.0428672
Chain
	Aln	0	-HG002_ont_786_start_911515 23 14972 15000 +edge_1_0_+disjointig_1_0_998487 73002 87951 998487 -1 -1 12172 0.0428672
Chain
	Aln	1	+HG002_ont_788_start_3326 1 14993 15000 -edge_1_0_+disjointig_1_0_998487 2320 17312 998487 -1 -1 12605 0.0387515
Chain
	Aln	0	-HG002_ont_788_start_3326 6 14998 15000 +edge_1_0_+disjointig_1_0_998487 981174 996166 998487 -1 -1 12605 0.0387515
Chain
	Aln	1	+HG002_ont_790_start_540586 37 14998 15000 -edge_1_0_+disjointig_1_0_998487 539616 554577 998487 -1 -1 12504 0.0386676
Chain
	Aln	0	-HG002_ont_790_start_540586 1 14962 15000 +edge_1_0_+disjointig_1_0_998487 443909 458870 998487 -1 -1 12504 0.0386676
Chain
	Aln	1	+HG002_ont_792_start_835148 1 14989 15000 -edge_1_0_+disjointig_1_0_998487 834142 849130 998487 -1 -1 12344 0.039017
Chain
	Aln	0	-HG002_ont_792_start_835148 10 14998 15000 +edge_1_0_+disjointig_1_0_998487 149356 164344 998487 -1 -1 12344 0.039017
Chain
	Aln	1	+HG002_ont_791_start_546907 1 14983 15000 -edge_1_0_+disjointig_1_0_998487 545901 560883 998487 -1 -1 12385 0.0400311
Chain
	Aln	0	-HG002_ont_791_start_546907 16 14998 15000 +edge_1_0_+disjointig_1_0_998487 437603 452585 998487 -1 -1 12385 0.0400311
Chain
	Aln	1	+HG002_ont_793_start_550911 26 14968 15000 -edge_1_0_+disjointig_1_0_998487 549930 564872 998487 -1 -1 11831 0.0438016
Chain
	Aln	0	-HG002_ont_793_start_550911 31 14973 15000 +edge_1_0_+disjointig_1_0_998487 433614 448556 998487 -1 -1 11831 0.0438016
Chain
	Aln	1	+HG002_ont_794_start_829657 0 14998 15000 -edge_1_0_+disjointig_1_0_998487 828650 843648 998487 -1 -1 12236 0.0425401
Chain
	Aln	0	-HG002_ont_794_start_829657 1 14999 15000 +edge_1_0_+disjointig_1_0_998487 154838 169836 998487 -1 -1 12236 0.0425401
Chain
	Aln	1	+HG002_ont_797_start_517978 6 14992 15000 -edge_1_0_+disjointig_1_0_998487 516977 531963 998487 -1 -1 12151 0.0406234
Chain
	Aln	0	-HG002_ont_797_start_517978 7 14993 15000 +edge_1_0_+disjointig_1_0_998487 466523 481509 998487 -1 -1 12151 0.0406234
Chain
	Aln	1	+HG002_ont_795_start_393220 31 14998 15000 -edge_1_0_+disjointig_1_0_998487 392244 407211 998487 -1 -1 12169 0.0424426
Chain
	Aln	0	-HG002_ont_795_start_393220 1 14968 15000 +edge_1_0_+disjointig_1_0_998487 591275 606242 998487 -1 -1 12169 0.0424426
Chain
	Aln	1	+HG002_ont_796_start_840398 4 14998 15000 -edge_1_0_+disjointig_1_0_998487 839395 854389 998487 -1 -1 12414 0.0385096
Chain
	Aln	0	-HG002_ont_796_start_840398 1 14995 15000 +edge_1_0_+disjointig_1_0_998487 144097 159091 998487 -1 -1 12414 0.0385096
Chain
	Aln	1	+HG002_ont_799_start_893813 1 14998 15000 -edge_1_0_+disjointig_1_0_998487 892807 907804 998487 -1 -1 12524 0.0382953
Chain
	Aln	0	-HG002_ont_799_start_893813 1 14998 15000 +edge_1_0_+disjointig_1_0_998487 90682 105679 998487 -1 -1 12524 0.0382953
Chain
	Aln	1	+HG002_ont_798_start_233611 18 14998 15000 -edge_1_0_+disjointig_1_0_998487 232622 247602 998487 -1 -1 12586 0.0402018
Chain
	Aln	0	-HG002_ont_798_start_233611 1 14981 15000 +edge_1_0_+disjointig_1_0_998487 750884 765864 998487 -1 -1 12586 0.0402018
Chain
	Aln	1	+HG002_ont_800_start_956748 9 14989 15000 -edge_1_0_+disjointig_1_0_998487 955750 970730 998487 -1 -1 12126 0.0442919
Chain
	Aln	0	-HG002_ont_800_start_956748 10 14990 15000 +edge_1_0_+disjointig_1_0_998487 27756 42736 998487 -1 -1 12126 0.0442919
Chain
	Aln	1	+HG002_ont_801_start_604588 2 14998 15000 -edge_1_0_+disjointig_1_0_998487 603583 618579 998487 -1 -1 12478 0.038881
Chain
	Aln	0	-HG002_ont_801_start_604588 1 14997 15000 +edge_1_0_+disjointig_1_0_998487 379907 394903 998487 -1 -1 12478 0.038881
Chain
	Aln	1	+HG002_ont_802_start_624646 1 14998 15000 -edge_1_0_+disjointig_1_0_998487 623640 638637 998487 -1 -1 12381 0.0416297
Chain
	Aln	0	-HG002_ont_802_start_624646 1 14998 15000 +edge_1_0_+disjointig_1_0_998487 359849 374846 998487 -1 -1 12381 0.0416297
Chain
	Aln	1	+HG002_ont_803_start_371137 1 14994 15000 -edge_1_0_+disjointig_1_0_998487 370131 385124 998487 -1 -1 12300 0.040113
Chain
	Aln	0	-HG002_ont_803_start_371137 5 14998 15000 +edge_1_0_+disjointig_1_0_998487 613362 628355 998487 -1 -1 12300 0.040113
Chain
	Aln	1	+HG002_ont_805_start_788906 1 14982 15000 -edge_1_0_+disjointig_1_0_998487 787900 802881 998487 -1 -1 12452 0.0382927
Chain
	Aln	0	-HG002_ont_805_start_788906 17 14998 15000 +edge_1_0_+disjointig_1_0_998487 195605 210586 998487 -1 -1 12452 0.0382927
Chain
	Aln	1	+HG002_ont_804_start_776996 0 14998 15000 -edge_1_0_+disjointig_1_0_998487 775989 790987 998487 -1 -1 12771 0.0361213
Chain
	Aln	0	-HG002_ont_804_start_776996 1 14999 15000 +edge_1_0_+disjointig_1_0_998487 207499 222497 998487 -1 -1 12771 0.0361213
Chain
	Aln	1	+HG002_ont_806_start_487209 10 14990 15000 -edge_1_0_+disjointig_1_0_998487 486212 501192 998487 -1 -1 12466 0.0389095
Chain
	Aln	0	-HG002_ont_806_start_487209 9 14989 15000 +edge_1_0_+disjointig_1_0_998487 497294 512274 998487 -1 -1 12466 0.0389095
Chain
	Aln	1	+HG002_ont_807_start_281018 18 14998 15000 -edge_1_0_+disjointig_1_0_998487 280029 295009 998487 -1 -1 12353 0.0401474
Chain
	Aln	0	-HG002_ont_807_start_281018 1 14981 15000 +edge_1_0_+disjointig_1_0_998487 703477 718457 998487 -1 -1 12353 0.0401474
Chain
	Aln	1	+HG002_ont_808_start_489090 3 14994 15000 -edge_1_0_+disjointig_1_0_998487 488086 503077 998487 -1 -1 12245 0.0434825
Chain
	Aln	0	-HG002_ont_808_start_489090 5 14996 15000 +edge_1_0_+disjointig_1_0_998487 495409 510400 998487 -1 -1 12245 0.0434825
Chain
	Aln	1	+HG002_ont_809_start_664299 0 14998 15000 -edge_1_0_+disjointig_1_0_998487 663292 678290 998487 -1 -1 12209 0.0412212
Chain
	Aln	0	-HG002_ont_809_start_664299 1 14999 15000 +edge_1_0_+disjointig_1_0_998487 320196 335194 998487 -1 -1 12209 0.0412212
Chain
	Aln	1	+HG002_ont_810_start_829914 1 14998 15000 -edge_1_0_+disjointig_1_0_998487 828908 843905 998487 -1 -1 12101 0.0413122
Chain
	Aln	0	-HG002_ont_810_start_829914 1 14998 15000 +edge_1_0_+disjointig_1_0_998487 154581 169578 998487 -1 -1 12101 0.0413122
Chain
	Aln	1	+HG002_ont_811_start_534953 21 14988 15000 -edge_1_0_+disjointig_1_0_998487 533967 548934 998487 -1 -1 12417 0.0400963
Chain
	Aln	0	-HG002_ont_811_start_534953 11 14978 15000 +edge_1_0_+disjointig_1_0_998487 449552 464519 998487 -1 -1 12417 0.0400963
Chain
	Aln	1	+HG002_ont_813_start_672497 1 14998 15000 -edge_1_0_+disjointig_1_0_998487 671491 686488 998487 -1 -1 12647 0.0404165
Chain
	Aln	0	-HG002_ont_813_start_672497 1 14998 15000 +edge_1_0_+disjointig_1_0_998487 311998 326995 998487 -1 -1 12647 0.0404165
Chain
	Aln	1	+HG002_ont_812_start_355125 20 14998 15000 -edge_1_0_+disjointig_1_0_998487 354138 369116 998487 -1 -1 12132 0.0407409
Chain
	Aln	0	-HG002_ont_812_start_355125 1 14979 15000 +edge_1_0_+disjointig_1_0_998487 629370 644348 998487 -1 -1 12132 0.0407409
Chain
	Aln	1	+HG002_ont_814_start_137551 1 14998 15000 -edge_1_0_+disjointig_1_0_998487 136545 151542 998487 -1 -1 12271 0.0407292
Chain
	Aln	0	-HG002_ont_814_start_137551 1 14998 15000 +edge_1_0_+disjointig_1_0_998487 846944 861941 998487 -1 -1 12271 0.0407292
Chain
	Aln	1	+HG002_ont_815_start_42590 11 14998 15000 -edge_1_0_+disjointig_1_0_998487 41594 56581 998487 -1 -1 12301 0.042748
Chain
	Aln	0	-HG002_ont_815_start_42590 1 14988 15000 +edge_1_0_+disjointig_1_0_998487 941905 956892 998487 -1 -1 12301 0.042748
Chain
	Aln	1	+HG002_ont_817_start_813285 19 14998 15000 -edge_1_0_+disjointig_1_0_998487 812297 827276 998487 -1 -1 11993 0.0422315
Chain
	Aln	0	-HG002_ont_817_start_813285 1 14980 15000 +edge_1_0_+disjointig_1_0_998487 171210 186189 998487 -1 -1 11993 0.0422315
Chain
	Aln	1	+HG002_ont_816_start_178143 15 14998 15000 -edge_1_0_+disjointig_1_0_998487 177151 192134 998487 -1 -1 12535 0.0385193
Chain
	Aln	0	-HG002_ont_816_start_178143 1 14984 15000 +edge_1_0_+disjointig_1_0_998487 806352 821335 998487 -1 -1 12535 0.0385193
Chain
	Aln	1	+HG002_ont_819_start_558216 66 14998 15000 -edge_1_0_+disjointig_1_0_998487 557275 572207 998487 -1 -1 12357 0.0388197
Chain
	Aln	0	-HG002_ont_819_start_558216 1 14933 15000 +edge_1_0_+disjointig_1_0_998487 426279 441211 998487 -1 -1 12357 0.0388197
Chain
	Aln	1	+HG002_ont_818_start_181430 12 14998 15000 -edge_1_0_+disjointig_1_0_998487 180435 195421 998487 -1 -1 11987 0.0448095
Chain
	Aln	0	-HG002_ont_818_start_181430 1 14987 15000 +edge_1_0_+disjointig_1_0_998487 803065 818051 998487 -1 -1 11987 0.0448095
Chain
	Aln	1	+HG002_ont_822_start_557342 39 14998 15000 -edge_1_0_+disjointig_1_0_998487 556374 571333 998487 -1 -1 12517 0.0401582
Chain
	Aln	0	-HG002_ont_822_start_557342 1 14960 15000 +edge_1_0_+disjointig_1_0_998487 427153 442112 998487 -1 -1 12517 0.0401582
Chain
	Aln	1	+HG002_ont_820_start_592230 6 14954 15000 -edge_1_0_+disjointig_1_0_998487 591229 606177 998487 -1 -1 12278 0.0404819
Chain
	Aln	0	-HG002_ont_820_start_592230 45 14993 15000 +edge_1_0_+disjointig_1_0_998487 392309 407257 998487 -1 -1 12278 0.0404819
Chain
	Aln	1	+HG002_ont_823_start_521061 0 14998 15000 -edge_1_0_+disjointig_1_0_998487 520054 535052 998487 -1 -1 12549 0.039939
Chain
	Aln	0	-HG002_ont_823_start_521061 1 14999 15000 +edge_1_0_+disjointig_1_0_998487 463434 478432 998487 -1 -1 12549 0.039939
Chain
	Aln	1	+HG002_ont_821_start_544369 1 14991 15000 -edge_1_0_+disjointig_1_0_998487 543363 558353 998487 -1 -1 12310 0.0414036
Chain
	Aln	0	-HG002_ont_821_start_544369 8 14998 15000 +edge_1_0_+disjointig_1_0_998487 440133 455123 998487 -1 -1 12310 0.0414036
Chain
	Aln	1	+HG002_ont_825_start_471542 29 14998 15000 -edge_1_0_+disjointig_1_0_998487 470564 485533 998487 -1 -1 12445 0.0372231
Chain
	Aln	0	-HG002_ont_825_start_471542 1 14970 15000 +edge_1_0_+disjointig_1_0_998487 512953 527922 998487 -1 -1 12445 0.0372231
Chain
	Aln	1	+HG002_ont_824_start_501792 15 14998 15000 -edge_1_0_+disjointig_1_0_998487 500800 515783 998487 -1 -1 12755 0.0381878
Chain
	Aln	0	-HG002_ont_824_start_501792 1 14984 15000 +edge_1_0_+disjointig_1_0_998487 482703 497686 998487 -1 -1 12755 0.0381878
Chain
	Aln	1	+HG002_ont_826_start_1353 1 14998 15000 -edge_1_0_+disjointig_1_0_998487 347 15344 998487 -1 -1 12315 0.0425442
Chain
	Aln	0	-HG002_ont_826_start_1353 1 14998 15000 +edge_1_0_+disjointig_1_0_998487 983142 998139 998487 -1 -1 12315 0.0425442
Chain
	Aln	1	+HG002_ont_827_start_968570 8 14991 15000 -edge_1_0_+disjointig_1_0_998487 967571 982554 998487 -1 -1 12113 0.041036
Chain
	Aln	0	-HG002_ont_827_start_968570 8 14991 15000 +edge_1_0_+disjointig_1_0_998487 15932 30915 998487 -1 -1 12113 0.041036
Chain
	Aln	1	+HG002_ont_829_start_153635 25 14993 15000 -edge_1_0_+disjointig_1_0_998487 152653 167621 998487 -1 -1 12246 0.0396899
Chain
	Aln	0	-HG002_ont_829_start_153635 6 14974 15000 +edge_1_0_+disjointig_1_0_998487 830865 845833 998487 -1 -1 12246 0.0396899
Chain
	Aln	1	+HG002_ont_831_start_35930 1 14959 15000 -edge_1_0_+disjointig_1_0_998487 34924 49882 998487 -1 -1 12369 0.0395657
Chain
	Aln	0	-HG002_ont_831_start_35930 40 14998 15000 +edge_1_0_+disjointig_1_0_998487 948604 963562 998487 -1 -1 12369 0.0395657
Chain
	Aln	1	+HG002_ont_828_start_903353 1 14979 15000 -edge_1_0_+disjointig_1_0_998487 902347 917325 998487 -1 -1 12401 0.0391532
Chain
	Aln	0	-HG002_ont_828_start_903353 20 14998 15000 +edge_1_0_+disjointig_1_0_998487 81161 96139 998487 -1 -1 12401 0.0391532
Chain
	Aln	1	+HG002_ont_830_start_192502 0 14998 15000 -edge_1_0_+disjointig_1_0_998487 191495 206493 998487 -1 -1 12375 0.0402958
Chain
	Aln	0	-HG002_ont_830_start_192502 1 14999 15000 +edge_1_0_+disjointig_1_0_998487 791993 806991 998487 -1 -1 12375 0.0402958
Chain
	Aln	1	+HG002_ont_833_start_558554 11 14971 15000 -edge_1_0_+disjointig_1_0_998487 557558 572518 998487 -1 -1 12179 0.0410561
Chain
	Aln	0	-HG002_ont_833_start_558554 28 14988 15000 +edge_1_0_+disjointig_1_0_998487 425968 440928 998487 -1 -1 12179 0.0410561
Chain
	Aln	1	+HG002_ont_832_start_33833 13 14998 15000 -edge_1_0_+disjointig_1_0_998487 32839 47824 998487 -1 -1 12207 0.0413126
Chain
	Aln	0	-HG002_ont_832_start_33833 1 14986 15000 +edge_1_0_+disjointig_1_0_998487 950662 965647 998487 -1 -1 12207 0.0413126
Chain
	Aln	1	+HG002_ont_834_start_131117 5 14987 15000 -edge_1_0_+disjointig_1_0_998487 130115 145097 998487 -1 -1 12155 0.0432666
Chain
	Aln	0	-HG002_ont_834_start_131117 12 14994 15000 +edge_1_0_+disjointig_1_0_998487 853389 868371 998487 -1 -1 12155 0.0432666
Chain
	Aln	1	+HG002_ont_835_start_604813 2 14998 15000 -edge_1_0_+disjointig_1_0_998487 603808 618804 998487 -1 -1 12498 0.0417134
Chain
	Aln	0	-HG002_ont_835_start_604813 1 14997 15000 +edge_1_0_+disjointig_1_0_998487 379682 394678 998487 -1 -1 12498 0.0417134
Chain
	Aln	1	+HG002_ont_837_start_184742 1 14970 15000 -edge_1_0_+disjointig_1_0_998487 183736 198705 998487 -1 -1 12275 0.0426286
Chain
	Aln	0	-HG002_ont_837_start_184742 29 14998 15000 +edge_1_0_+disjointig_1_0_998487 799781 814750 998487 -1 -1 12275 0.0426286
Chain
	Aln	1	+HG002_ont_838_start_97399 1 14996 15000 -edge_1_0_+disjointig_1_0_998487 96393 111388 998487 -1 -1 12375 0.0396648
Chain
	Aln	0	-HG002_ont_838_start_97399 3 14998 15000 +edge_1_0_+disjointig_1_0_998487 887098 902093 998487 -1 -1 12375 0.0396648
Chain
	Aln	1	+HG002_ont_836_start_609726 1 14968 15000 -edge_1_0_+disjointig_1_0_998487 608720 623687 998487 -1 -1 12302 0.0392554
Chain
	Aln	0	-HG002_ont_836_start_609726 31 14998 15000 +edge_1_0_+disjointig_1_0_998487 374799 389766 998487 -1 -1 12302 0.0392554
Chain
	Aln	1	+HG002_ont_839_start_305310 19 14985 15000 -edge_1_0_+disjointig_1_0_998487 304322 319288 998487 -1 -1 12386 0.0408353
Chain
	Aln	0	-HG002_ont_839_start_305310 14 14980 15000 +edge_1_0_+disjointig_1_0_998487 679198 694164 998487 -1 -1 12386 0.0408353
Chain
	Aln	1	+HG002_ont_840_start_384643 8 14998 15000 -edge_1_0_+disjointig_1_0_998487 383644 398634 998487 -1 -1 12076 0.0442145
Chain
	Aln	0	-HG002_ont_840_start_384643 1 14991 15000 +edge_1_0_+disjointig_1_0_998487 599852 614842 998487 -1 -1 12076 0.0442145
Chain
	Aln	1	+HG002_ont_841_start_476472 1 14985 15000 -edge_1_0_+disjointig_1_0_998487 475466 490450 998487 -1 -1 12450 0.0394141
Chain
	Aln	0	-HG002_ont_841_start_476472 14 14998 15000 +edge_1_0_+disjointig_1_0_998487 508036 523020 998487 -1 -1 12450 0.0394141
Chain
	Aln	1	+HG002_ont_842_start_747438 0 14998 15000 -edge_1_0_+disjointig_1_0_998487 746431 761429 998487 -1 -1 12234 0.040898
Chain
	Aln	0	-HG002_ont_842_start_747438 1 14999 15000 +edge_1_0_+disjointig_1_0_998487 237057 252055 998487 -1 -1 12234 0.040898
Chain
	Aln	1	+HG002_ont_843_start_747435 22 14998 15000 -edge_1_0_+disjointig_1_0_998487 746450 761426 998487 -1 -1 12391 0.0405841
Chain
	Aln	0	-HG002_ont_843_start_747435 1 14977 15000 +edge_1_0_+disjointig_1_0_998487 237060 252036 998487 -1 -1 12391 0.0405841
Chain
	Aln	1	+HG002_ont_844_start_451866 18 14995 15000 -edge_1_0_+disjointig_1_0_998487 450877 465854 998487 -1 -1 12240 0.0415274
Chain
	Aln	0	-HG002_ont_844_start_451866 4 14981 15000 +edge_1_0_+disjointig_1_0_998487 532632 547609 998487 -1 -1 12240 0.0415274
Chain
	Aln	1	+HG002_ont_847_start_585303 1 14998 15000 -edge_1_0_+disjointig_1_0_998487 584297 599294 998487 -1 -1 12053 0.0433747
Chain
	Aln	0	-HG002_ont_847_start_585303 1 14998 15000 +edge_1_0_+disjointig_1_0_998487 399192 414189 998487 -1 -1 12053 0.0433747
Chain
	Aln	1	+HG002_ont_845_start_362579 1 14983 15000 -edge_1_0_+disjointig_1_0_998487 361573 376555 998487 -1 -1 12250 0.0389782
Chain
	Aln	0	-HG002_ont_845_start_362579 16 14998 15000 +edge_1_0_+disjointig_1_0_998487 621931 636913 998487 -1 -1 12250 0.0389782
Chain
	Aln	1	+HG002_ont_846_start_597279 1 14998 15000 -edge_1_0_+disjointig_1_0_998487 596273 611270 998487 -1 -1 12390 0.0394345
Chain
	Aln	0	-HG002_ont_846_start_597279 1 14998 15000 +edge_1_0_+disjointig_1_0_998487 387216 402213 998487 -1 -1 12390 0.0394345
Chain
	Aln	1	+HG002_ont_848_start_729085 0 14998 15000 -edge_1_0_+disjointig_1_0_998487 728078 743076 998487 -1 -1 11969 0.0435428
Chain
	Aln	0	-HG002_ont_848_start_729085 1 14999 15000 +edge_1_0_+disjointig_1_0_998487 255410 270408 998487 -1 -1 11969 0.0435428
Chain
	Aln	1	+HG002_ont_849_start_654461 17 14997 15000 -edge_1_0_+disjointig_1_0_998487 653471 668451 998487 -1 -1 12408 0.0419864
Chain
	Aln	0	-HG002_ont_849_start_654461 2 14982 15000 +edge_1_0_+disjointig_1_0_998487 330035 345015 998487 -1 -1 12408 0.0419864
Chain
	Aln	1	+HG002_ont_851_start_690949 13 14998 15000 -edge_1_0_+disjointig_1_0_998487 689955 704940 998487 -1 -1 12319 0.0420782
Chain
	Aln	0	-HG002_ont_851_start_690949 1 14986 15000 +edge_1_0_+disjointig_1_0_998487 293546 308531 998487 -1 -1 12319 0.0420782
Chain
	Aln	1	+HG002_ont_850_start_62405 1 14981 15000 -edge_1_0_+disjointig_1_0_998487 61399 76379 998487 -1 -1 12272 0.0407802
Chain
	Aln	0	-HG002_ont_850_start_62405 18 14998 15000 +edge_1_0_+disjointig_1_0_998487 922107 937087 998487 -1 -1 12272 0.0407802
Chain
	Aln	1	+HG002_ont_852_start_905325 11 14985 15000 -edge_1_0_+disjointig_1_0_998487 904329 919303 998487 -1 -1 12283 0.041048
Chain
	Aln	0	-HG002_ont_852_start_905325 14 14988 15000 +edge_1_0_+disjointig_1_0_998487 79183 94157 998487 -1 -1 12283 0.041048
Chain
	Aln	1	+HG002_ont_855_start_909257 27 14967 15000 -edge_1_0_+disjointig_1_0_998487 908277 923217 998487 -1 -1 11838 0.0430769
Chain
	Aln	0	-HG002_ont_855_start_909257 32 14972 15000 +edge_1_0_+disjointig_1_0_998487 75269 90209 998487 -1 -1 11838 0.0430769
Chain
	Aln	1	+HG002_ont_853_start_80396 7 14992 15000 -edge_1_0_+disjointig_1_0_998487 79396 94381 998487 -1 -1 12305 0.0420622
Chain
	Aln	0	-HG002_ont_853_start_80396 7 14992 15000 +edge_1_0_+disjointig_1_0_998487 904105 919090 998487 -1 -1 12305 0.0420622
Chain
	Aln	1	+HG002_ont_854_start_170399 80 14959 15000 -edge_1_0_+disjointig_1_0_998487 169472 184351 998487 -1 -1 12187 0.0385648
Chain
	Aln	0	-HG002_ont_854_start_170399 40 14919 15000 +edge_1_0_+disjointig_1_0_998487 814135 829014 998487 -1 -1 12187 0.0385648
Chain
	Aln	1	+HG002_ont_857_start_982329 1 14991 15000 -edge_1_0_+disjointig_1_0_998487 981323 996313 998487 -1 -1 12436 0.0402878
Chain
	Aln	0	-HG002_ont_857_start_982329 8 14998 15000 +edge_1_0_+disjointig_1_0_998487 2173 17163 998487 -1 -1 12436 0.0402878
Chain
	Aln	1	+HG002_ont_856_start_779267 1 14985 15000 -edge_1_0_+disjointig_1_0_998487 778261 793245 998487 -1 -1 12278 0.0413801
Chain
	Aln	0	-HG002_ont_856_start_779267 14 14998 15000 +edge_1_0_+disjointig_1_0_998487 205241 220225 998487 -1 -1 12278 0.0413801
Chain
	Aln	1	+HG002_ont_859_start_232256 18 14988 15000 -edge_1_0_+disjointig_1_0_998487 231267 246237 998487 -1 -1 11900 0.0433425
Chain
	Aln	0	-HG002_ont_859_start_232256 11 14981 15000 +edge_1_0_+disjointig_1_0_998487 752249 767219 998487 -1 -1 11900 0.0433425
Chain
	Aln	1	+HG002_ont_858_start_830868 30 14998 15000 -edge_1_0_+disjointig_1_0_998487 829891 844859 998487 -1 -1 12174 0.0418912
Chain
	Aln	0	-HG002_ont_858_start_830868 1 14969 15000 +edge_1_0_+disjointig_1_0_998487 153627 168595 998487 -1 -1 12174 0.0418912
Chain
	Aln	1	+HG002_ont_860_start_534779 15 14998 15000 -edge_1_0_+disjointig_1_0_998487 533787 548770 998487 -1 -1 11833 0.0454232
Chain
	Aln	0	-HG002_ont_860_start_534779 1 14984 15000 +edge_1_0_+disjointig_1_0_998487 449716 464699 998487 -1 -1 11833 0.0454232
Chain
	Aln	1	+HG002_ont_862_start_436224 3 14998 15000 -edge_1_0_+disjointig_1_0_998487 435220 450215 998487 -1 -1 12658 0.0381223
Chain
	Aln	0	-HG002_ont_862_start_436224 1 14996 15000 +edge_1_0_+disjointig_1_0_998487 548271 563266 998487 -1 -1 12658 0.0381223
Chain
	Aln	1	+HG002_ont_861_start_216782 0 14998 15000 -edge_1_0_+disjointig_1_0_998487 215775 230773 998487 -1 -1 12290 0.0412133
Chain
	Aln	0	-HG002_ont_861_start_216782 1 14999 15000 +edge_1_0_+disjointig_1_0_998487 767713 782711 998487 -1 -1 12290 0.0412133
Chain
	Aln	1	+HG002_ont_863_start_872829 18 14986 15000 -edge_1_0_+disjointig_1_0_998487 871840 886808 998487 -1 -1 12295 0.0420757
Chain
	Aln	0	-HG002_ont_863_start_872829 13 14981 15000 +edge_1_0_+disjointig_1_0_998487 111678 126646 998487 -1 -1 12295 0.0420757
Chain
	Aln	1	+HG002_ont_864_start_7345 11 14998 15000 -edge_1_0_+disjointig_1_0_998487 6349 21336 998487 -1 -1 12624 0.0369176
Chain
	Aln	0	-HG002_ont_864_start_7345 1 14988 15000 +edge_1_0_+disjointig_1_0_998487 977150 992137 998487 -1 -1 12624 0.0369176
Chain
	Aln	1	+HG002_ont_865_start_341311 1 14998 15000 -edge_1_0_+disjointig_1_0_998487 340305 355302 998487 -1 -1 12047 0.0434239
Chain
	Aln	0	-HG002_ont_865_start_341311 1 14998 15000 +edge_1_0_+disjointig_1_0_998487 643184 658181 998487 -1 -1 12047 0.0434239
Chain
	Aln	1	+HG002_ont_866_start_880308 8 14981 15000 -edge_1_0_+disjointig_1_0_998487 879309 894282 998487 -1 -1 12246 0.0407056
Chain
	Aln	0	-HG002_ont_866_start_880308 18 14991 15000 +edge_1_0_+disjointig_1_0_998487 104204 119177 998487 -1 -1 12246 0.0407056
Chain
	Aln	1	+HG002_ont_867_start_266531 1 14998 15000 -edge_1_0_+disjointig_1_0_998487 265525 280522 998487 -1 -1 12398 0.0408626
Chain
	Aln	0	-HG002_ont_867_start_266531 1 14998 15000 +edge_1_0_+disjointig_1_0_998487 717964 732961 998487 -1 -1 12398 0.0408626
Chain
	Aln	1	+HG002_ont_868_start_38723 1 14996 15000 -edge_1_0_+disjointig_1_0_998487 37717 52712 998487 -1 -1 12424 0.0406509
Chain
	Aln	0	-HG002_ont_868_start_38723 3 14998 15000 +edge_1_0_+disjointig_1_0_998487 945774 960769 998487 -1 -1 12424 0.0406509
Chain
	Aln	1	+HG002_ont_869_start_184444 16 14968 15000 -edge_1_0_+disjointig_1_0_998487 183453 198405 998487 -1 -1 12178 0.0405289
Chain
	Aln	0	-HG002_ont_869_start_184444 31 14983 15000 +edge_1_0_+disjointig_1_0_998487 800081 815033 998487 -1 -1 12178 0.0405289
Chain
	Aln	1	+HG002_ont_870_start_749636 0 14998 15000 -edge_1_0_+disjointig_1_0_998487 748629 763627 998487 -1 -1 12133 0.0431168
Chain
	Aln	0	-HG002_ont_870_start_749636 1 14999 15000 +edge_1_0_+disjointig_1_0_998487 234859 249857 998487 -1 -1 12133 0.0431168
Chain
	Aln	1	+HG002_ont_871_start_878450 1 14998 15000 -edge_1_0_+disjointig_1_0_998487 877444 892441 998487 -1 -1 12023 0.0437531
Chain
	Aln	0	-HG002_ont_871_start_878450 1 14998 15000 +edge_1_0_+disjointig_1_0_998487 106045 121042 998487 -1 -1 12023 0.0437531
Chain
	Aln	1	+HG002_ont_873_start_23244 10 14998 15000 -edge_1_0_+disjointig_1_0_998487 22247 37235 998487 -1 -1 12235 0.0432902
Chain
	Aln	0	-HG002_ont_873_start_23244 1 14989 15000 +edge_1_0_+disjointig_1_0_998487 961251 976239 998487 -1 -1 12235 0.0432902
Chain
	Aln	1	+HG002_ont_872_start_383818 2 14998 15000 -edge_1_0_+disjointig_1_0_998487 382813 397809 998487 -1 -1 12194 0.0405766
Chain
	Aln	0	-HG002_ont_872_start_383818 1 14997 15000 +edge_1_0_+disjointig_1_0_998487 600677 615673 998487 -1 -1 12194 0.0405766
Chain
	Aln	1	+HG002_ont_874_start_912195 1 14977 15000 -edge_1_0_+disjointig_1_0_998487 911189 926165 998487 -1 -1 12201 0.0411981
Chain
	Aln	0	-HG002_ont_874_start_912195 22 14998 15000 +edge_1_0_+disjointig_1_0_998487 72321 87297 998487 -1 -1 12201 0.0411981
Chain
	Aln	1	+HG002_ont_875_start_894809 1 14974 15000 -edge_1_0_+disjointig_1_0_998487 893803 908776 998487 -1 -1 11660 0.0436176
Chain
	Aln	0	-HG002_ont_875_start_894809 25 14998 15000 +edge_1_0_+disjointig_1_0_998487 89710 104683 998487 -1 -1 11660 0.0436176
Chain
	Aln	1	+HG002_ont_877_start_827954 15 14997 15000 -edge_1_0_+disjointig_1_0_998487 826962 841944 998487 -1 -1 12383 0.042453
Chain
	Aln	0	-HG002_ont_877_start_827954 2 14984 15000 +edge_1_0_+disjointig_1_0_998487 156542 171524 998487 -1 -1 12383 0.042453
Chain
	Aln	1	+HG002_ont_876_start_537249 1 14996 15000 -edge_1_0_+disjointig_1_0_998487 536243 551238 998487 -1 -1 12307 0.039819
Chain
	Aln	0	-HG002_ont_876_start_537249 3 14998 15000 +edge_1_0_+disjointig_1_0_998487 447248 462243 998487 -1 -1 12307 0.039819
Chain
	Aln	1	+HG002_ont_878_start_58473 1 14998 15000 -edge_1_0_+disjointig_1_0_998487 57467 72464 998487 -1 -1 12278 0.0395573
Chain
	Aln	0	-HG002_ont_878_start_58473 1 14998 15000 +edge_1_0_+disjointig_1_0_998487 926022 941019 998487 -1 -1 12278 0.0395573
Chain
	Aln	1	+HG002_ont_879_start_117096 6 14959 15000 -edge_1_0_+disjointig_1_0_998487 116095 131048 998487 -1 -1 12449 0.0378449
Chain
	Aln	0	-HG002_ont_879_start_117096 40 14993 15000 +edge_1_0_+disjointig_1_0_998487 867438 882391 998487 -1 -1 12449 0.0378449
Chain
	Aln	1	+HG002_ont_880_start_471213 26 14998 15000 -edge_1_0_+disjointig_1_0_998487 470232 485204 998487 -1 -1 12308 0.0421156
Chain
	Aln	0	-HG002_ont_880_start_471213 1 14973 15000 +edge_1_0_+disjointig_1_0_998487 513282 528254 998487 -1 -1 12308 0.0421156
Chain
	Aln	1	+HG002_ont_881_start_162843 21 14995 15000 -edge_1_0_+disjointig_1_0_998487 161857 176831 998487 -1 -1 12465 0.0399996
Chain
	Aln	0	-HG002_ont_881_start_162843 4 14978 15000 +edge_1_0_+disjointig_1_0_998487 821655 836629 998487 -1 -1 12465 0.0399996
Chain
	Aln	1	+HG002_ont_882_start_712938 42 14978 15000 -edge_1_0_+disjointig_1_0_998487 711973 726909 998487 -1 -1 12276 0.0414617
Chain
	Aln	0	-HG002_ont_882_start_712938 21 14957 15000 +edge_1_0_+disjointig_1_0_998487 271577 286513 998487 -1 -1 12276 0.0414617
Chain
	Aln	1	+HG002_ont_883_start_532885 2 14998 15000 -edge_1_0_+disjointig_1_0_998487 531880 546876 998487 -1 -1 12185 0.0424272
Chain
	Aln	0	-HG002_ont_883_start_532885 1 14997 15000 +edge_1_0_+disjointig_1_0_998487 451610 466606 998487 -1 -1 12185 0.0424272
Chain
	Aln	1	+HG002_ont_884_start_514959 1 14985 15000 -edge_1_0_+disjointig_1_0_998487 513953 528937 998487 -1 -1 12303 0.0411821
Chain
	Aln	0	-HG002_ont_884_start_514959 14 14998 15000 +edge_1_0_+disjointig_1_0_998487 469549 484533 998487 -1 -1 12303 0.0411821
Chain
	Aln	1	+HG002_ont_885_start_729040 45 14998 15000 -edge_1_0_+disjointig_1_0_998487 728078 743031 998487 -1 -1 12130 0.0423148
Chain
	Aln	0	-HG002_ont_885_start_729040 1 14954 15000 +edge_1_0_+disjointig_1_0_998487 255455 270408 998487 -1 -1 12130 0.0423148
Chain
	Aln	1	+HG002_ont_886_start_8534 18 14998 15000 -edge_1_0_+disjointig_1_0_998487 7545 22525 998487 -1 -1 12335 0.0395444
Chain
	Aln	0	-HG002_ont_886_start_8534 1 14981 15000 +edge_1_0_+disjointig_1_0_998487 975961 990941 998487 -1 -1 12335 0.0395444
Chain
	Aln	1	+HG002_ont_887_start_60438 1 14998 15000 -edge_1_0_+disjointig_1_0_998487 59432 74429 998487 -1 -1 12344 0.0402841
Chain
	Aln	0	-HG002_ont_887_start_60438 1 14998 15000 +edge_1_0_+disjointig_1_0_998487 924057 939054 998487 -1 -1 12344 0.0402841
Chain
	Aln	1	+HG002_ont_888_start_195955 23 14998 15000 -edge_1_0_+disjointig_1_0_998487 194971 209946 998487 -1 -1 12399 0.0426847
Chain
	Aln	0	-HG002_ont_888_start_195955 1 14976 15000 +edge_1_0_+disjointig_1_0_998487 788540 803515 998487 -1 -1 12399 0.0426847
Chain
	Aln	1	+HG002_ont_889_start_360713 1 14998 15000 -edge_1_0_+disjointig_1_0_998487 359707 374704 998487 -1 -1 12426 0.0392813
Chain
	Aln	0	-HG002_ont_889_start_360713 1 14998 15000 +edge_1_0_+disjointig_1_0_998487 623782 638779 998487 -1 -1 12426 0.0392813
Chain
	Aln	1	+HG002_ont_891_start_790319 31 14988 15000 -edge_1_0_+disjointig_1_0_998487 789343 804300 998487 -1 -1 12173 0.0410918
Chain
	Aln	0	-HG002_ont_891_start_790319 11 14968 15000 +edge_1_0_+disjointig_1_0_998487 194186 209143 998487 -1 -1 12173 0.0410918
Chain
	Aln	1	+HG002_ont_890_start_698920 4 14998 15000 -edge_1_0_+disjointig_1_0_998487 697917 712911 998487 -1 -1 12328 0.0392848
Chain
	Aln	0	-HG002_ont_890_start_698920 1 14995 15000 +edge_1_0_+disjointig_1_0_998487 285575 300569 998487 -1 -1 12328 0.0392848
Chain
	Aln	1	+HG002_ont_892_start_429640 36 14994 15000 -edge_1_0_+disjointig_1_0_998487 428669 443627 998487 -1 -1 12240 0.0409456
Chain
	Aln	0	-HG002_ont_892_start_429640 5 14963 15000 +edge_1_0_+disjointig_1_0_998487 554859 569817 998487 -1 -1 12240 0.0409456
Chain
	Aln	1	+HG002_ont_894_start_769973 0 14998 15000 -edge_1_0_+disjointig_1_0_998487 768966 783964 998487 -1 -1 12641 0.0387447
Chain
	Aln	0	-HG002_ont_894_start_769973 1 14999 15000 +edge_1_0_+disjointig_1_0_998487 214522 229520 998487 -1 -1 12641 0.0387447
Chain
	Aln	1	+HG002_ont_893_start_771472 3 14992 15000 -edge_1_0_+disjointig_1_0_998487 770468 785457 998487 -1 -1 12252 0.040847
Chain
	Aln	0	-HG002_ont_893_start_771472 7 14996 15000 +edge_1_0_+disjointig_1_0_998487 213029 228018 998487 -1 -1 12252 0.040847
Chain
	Aln	1	+HG002_ont_895_start_566927 0 14990 15000 -edge_1_0_+disjointig_1_0_998487 565920 580910 998487 -1 -1 12522 0.0416262
Chain
	Aln	0	-HG002_ont_895_start_566927 9 14999 15000 +edge_1_0_+disjointig_1_0_998487 417576 432566 998487 -1 -1 12522 0.0416262
Chain
	Aln	1	+HG002_ont_896_start_442230 2 14998 15000 -edge_1_0_+disjointig_1_0_998487 441225 456221 998487 -1 -1 12500 0.0377524
Chain
	Aln	0	-HG002_ont_896_start_442230 1 14997 15000 +edge_1_0_+disjointig_1_0_998487 542265 557261 998487 -1 -1 12500 0.0377524
Chain
	Aln	1	+HG002_ont_897_start_485924 1 14998 15000 -edge_1_0_+disjointig_1_0_998487 484918 499915 998487 -1 -1 12504 0.0392966
Chain
	Aln	0	-HG002_ont_897_start_485924 1 14998 15000 +edge_1_0_+disjointig_1_0_998487 498571 513568 998487 -1 -1 12504 0.0392966
Chain
	Aln	1	+HG002_ont_900_start_892317 33 14998 15000 -edge_1_0_+disjointig_1_0_998487 891343 906308 998487 -1 -1 12302 0.0390029
Chain
	Aln	0	-HG002_ont_900_start_892317 1 14966 15000 +edge_1_0_+disjointig_1_0_998487 92178 107143 998487 -1 -1 12302 0.0390029
Chain
	Aln	1	+HG002_ont_899_start_755561 10 14996 15000 -edge_1_0_+disjointig_1_0_998487 754564 769550 998487 -1 -1 12315 0.0398455
Chain
	Aln	0	-HG002_ont_899_start_755561 3 14989 15000 +edge_1_0_+disjointig_1_0_998487 228936 243922 998487 -1 -1 12315 0.0398455
Chain
	Aln	1	+HG002_ont_898_start_640530 2 14988 15000 -edge_1_0_+disjointig_1_0_998487 639525 654511 998487 -1 -1 12443 0.0394757
Chain
	Aln	0	-HG002_ont_898_start_640530 11 14997 15000 +edge_1_0_+disjointig_1_0_998487 343975 358961 998487 -1 -1 12443 0.0394757
Chain
	Aln	1	+HG002_ont_901_start_482638 1 14976 15000 -edge_1_0_+disjointig_1_0_998487 481632 496607 998487 -1 -1 12287 0.0417827
Chain
	Aln	0	-HG002_ont_901_start_482638 23 14998 15000 +edge_1_0_+disjointig_1_0_998487 501879 516854 998487 -1 -1 12287 0.0417827
Chain
	Aln	1	+HG002_ont_902_start_197445 1 14998 15000 -edge_1_0_+disjointig_1_0_998487 196439 211436 998487 -1 -1 12692 0.0393272
Chain
	Aln	0	-HG002_ont_902_start_197445 1 14998 15000 +edge_1_0_+disjointig_1_0_998487 787050 802047 998487 -1 -1 12692 0.0393272
Chain
	Aln	1	+HG002_ont_904_start_937213 0 14998 15000 -edge_1_0_+disjointig_1_0_998487 936206 951204 998487 -1 -1 12435 0.0389725
Chain
	Aln	0	-HG002_ont_904_start_937213 1 14999 15000 +edge_1_0_+disjointig_1_0_998487 47282 62280 998487 -1 -1 12435 0.0389725
Chain
	Aln	1	+HG002_ont_903_start_589531 0 14998 15000 -edge_1_0_+disjointig_1_0_998487 588524 603522 998487 -1 -1 12285 0.0390181
Chain
	Aln	0	-HG002_ont_903_start_589531 1 14999 15000 +edge_1_0_+disjointig_1_0_998487 394964 409962 998487 -1 -1 12285 0.0390181
Chain
	Aln	1	+HG002_ont_905_start_520149 20 14998 15000 -edge_1_0_+disjointig_1_0_998487 519162 534140 998487 -1 -1 12261 0.0421311
Chain
	Aln	0	-HG002_ont_905_start_520149 1 14979 15000 +edge_1_0_+disjointig_1_0_998487 464346 479324 998487 -1 -1 12261 0.0421311
Chain
	Aln	1	+HG002_ont_907_start_222492 10 14984 15000 -edge_1_0_+disjointig_1_0_998487 221495 236469 998487 -1 -1 12331 0.0407959
Chain
	Aln	0	-HG002_ont_907_start_222492 15 14989 15000 +edge_1_0_+disjointig_1_0_998487 762017 776991 998487 -1 -1 12331 0.0407959
Chain
	Aln	1	+HG002_ont_906_start_379340 2 14998 15000 -edge_1_0_+disjointig_1_0_998487 378335 393331 998487 -1 -1 12153 0.0424272
Chain
	Aln	0	-HG002_ont_906_start_379340 1 14997 15000 +edge_1_0_+disjointig_1_0_998487 605155 620151 998487 -1 -1 12153 0.0424272
Chain
	Aln	1	+HG002_ont_908_start_702563 1 14998 15000 -edge_1_0_+disjointig_1_0_998487 701557 716554 998487 -1 -1 12129 0.0434075
Chain
	Aln	0	-HG002_ont_908_start_702563 1 14998 15000 +edge_1_0_+disjointig_1_0_998487 281932 296929 998487 -1 -1 12129 0.0434075
Chain
	Aln	1	+HG002_ont_911_start_563100 23 14998 15000 -edge_1_0_+disjointig_1_0_998487 562116 577091 998487 -1 -1 12357 0.0386241
Chain
	Aln	0	-HG002_ont_911_start_563100 1 14976 15000 +edge_1_0_+disjointig_1_0_998487 421395 436370 998487 -1 -1 12357 0.0386241
Chain
	Aln	1	+HG002_ont_910_start_317245 4 14978 15000 -edge_1_0_+disjointig_1_0_998487 316242 331216 998487 -1 -1 12009 0.041317
Chain
	Aln	0	-HG002_ont_910_start_317245 21 14995 15000 +edge_1_0_+disjointig_1_0_998487 667270 682244 998487 -1 -1 12009 0.041317
Chain
	Aln	1	+HG002_ont_909_start_298276 1 14997 15000 -edge_1_0_+disjointig_1_0_998487 297270 312266 998487 -1 -1 12355 0.0384797
Chain
	Aln	0	-HG002_ont_909_start_298276 2 14998 15000 +edge_1_0_+disjointig_1_0_998487 686220 701216 998487 -1 -1 12355 0.0384797
Chain
	Aln	1	+HG002_ont_912_start_440635 13 14989 15000 -edge_1_0_+disjointig_1_0_998487 439641 454617 998487 -1 -1 12512 0.039521
Chain
	Aln	0	-HG002_ont_912_start_440635 10 14986 15000 +edge_1_0_+disjointig_1_0_998487 543869 558845 998487 -1 -1 12512 0.039521
Chain
	Aln	1	+HG002_ont_914_start_947276 35 14997 15000 -edge_1_0_+disjointig_1_0_998487 946304 961266 998487 -1 -1 12572 0.0391286
Chain
	Aln	0	-HG002_ont_914_start_947276 2 14964 15000 +edge_1_0_+disjointig_1_0_998487 37220 52182 998487 -1 -1 12572 0.0391286
Chain
	Aln	1	+HG002_ont_913_start_853662 0 14981 15000 -edge_1_0_+disjointig_1_0_998487 852655 867636 998487 -1 -1 12518 0.0383982
Chain
	Aln	0	-HG002_ont_913_start_853662 18 14999 15000 +edge_1_0_+disjointig_1_0_998487 130850 145831 998487 -1 -1 12518 0.0383982
Chain
	Aln	1	+HG002_ont_915_start_496399 19 14998 15000 -edge_1_0_+disjointig_1_0_998487 495411 510390 998487 -1 -1 12386 0.0429362
Chain
	Aln	0	-HG002_ont_915_start_496399 1 14980 15000 +edge_1_0_+disjointig_1_0_998487 488096 503075 998487 -1 -1 12386 0.0429362
Chain
	Aln	1	+HG002_ont_916_start_612039 16 14979 15000 -edge_1_0_+disjointig_1_0_998487 611048 626011 998487 -1 -1 12319 0.0386224
Chain
	Aln	0	-HG002_ont_916_start_612039 20 14983 15000 +edge_1_0_+disjointig_1_0_998487 372475 387438 998487 -1 -1 12319 0.0386224
Chain
	Aln	1	+HG002_ont_917_start_668312 1 14982 15000 -edge_1_0_+disjointig_1_0_998487 667306 682287 998487 -1 -1 12340 0.039633
Chain
	Aln	0	-HG002_ont_917_start_668312 17 14998 15000 +edge_1_0_+disjointig_1_0_998487 316199 331180 998487 -1 -1 12340 0.039633
Chain
	Aln	1	+HG002_ont_918_start_510518 43 14978 15000 -edge_1_0_+disjointig_1_0_998487 509554 524489 998487 -1 -1 12379 0.0402665
Chain
	Aln	0	-HG002_ont_918_start_510518 21 14956 15000 +edge_1_0_+disjointig_1_0_998487 473997 488932 998487 -1 -1 12379 0.0402665
Chain
	Aln	1	+HG002_ont_919_start_201261 8 14987 15000 -edge_1_0_+disjointig_1_0_998487 200262 215241 998487 -1 -1 12217 0.0399573
Chain
	Aln	0	-HG002_ont_919_start_201261 12 14991 15000 +edge_1_0_+disjointig_1_0_998487 783245 798224 998487 -1 -1 12217 0.0399573
Chain
	Aln	1	+HG002_ont_923_start_528251 1 14998 15000 -edge_1_0_+disjointig_1_0_998487 527245 542242 998487 -1 -1 12534 0.038461
Chain
	Aln	0	-HG002_ont_923_start_528251 1 14998 15000 +edge_1_0_+disjointig_1_0_998487 456244 471241 998487 -1 -1 12534 0.038461
Chain
	Aln	1	+HG002_ont_921_start_815245 0 14998 15000 -edge_1_0_+disjointig_1_0_998487 814238 829236 998487 -1 -1 12355 0.0386084
Chain
	Aln	0	-HG002_ont_921_start_815245 1 14999 15000 +edge_1_0_+disjointig_1_0_998487 169250 184248 998487 -1 -1 12355 0.0386084
Chain
	Aln	1	+HG002_ont_922_start_819057 0 14992 15000 -edge_1_0_+disjointig_1_0_998487 818050 833042 998487 -1 -1 12506 0.0393842
Chain
	Aln	0	-HG002_ont_922_start_819057 7 14999 15000 +edge_1_0_+disjointig_1_0_998487 165444 180436 998487 -1 -1 12506 0.0393842
Chain
	Aln	1	+HG002_ont_920_start_731637 1 14972 15000 -edge_1_0_+disjointig_1_0_998487 730631 745602 998487 -1 -1 12342 0.0426122
Chain
	Aln	0	-HG002_ont_920_start_731637 27 14998 15000 +edge_1_0_+disjointig_1_0_998487 252884 267855 998487 -1 -1 12342 0.0426122
Chain
	Aln	1	+HG002_ont_926_start_273612 22 14998 15000 -edge_1_0_+disjointig_1_0_998487 272627 287603 998487 -1 -1 12495 0.0394058
Chain
	Aln	0	-HG002_ont_926_start_273612 1 14977 15000 +edge_1_0_+disjointig_1_0_998487 710883 725859 998487 -1 -1 12495 0.0394058
Chain
	Aln	1	+HG002_ont_925_start_444614 20 14998 15000 -edge_1_0_+disjointig_1_0_998487 443627 458605 998487 -1 -1 12027 0.0414438
Chain
	Aln	0	-HG002_ont_925_start_444614 1 14979 15000 +edge_1_0_+disjointig_1_0_998487 539881 554859 998487 -1 -1 12027 0.0414438
Chain
	Aln	1	+HG002_ont_924_start_807886 18 14998 15000 -edge_1_0_+disjointig_1_0_998487 806897 821877 998487 -1 -1 12189 0.0419463
Chain
	Aln	0	-HG002_ont_924_start_807886 1 14981 15000 +edge_1_0_+disjointig_1_0_998487 176609 191589 998487 -1 -1 12189 0.0419463
Chain
	Aln	1	+HG002_ont_928_start_306443 1 14987 15000 -edge_1_0_+disjointig_1_0_998487 305437 320423 998487 -1 -1 12014 0.0432578
Chain
	Aln	0	-HG002_ont_928_start_306443 12 14998 15000 +edge_1_0_+disjointig_1_0_998487 678063 693049 998487 -1 -1 12014 0.0432578
Chain
	Aln	1	+HG002_ont_929_start_155646 4 14998 15000 -edge_1_0_+disjointig_1_0_998487 154643 169637 998487 -1 -1 12390 0.0400394
Chain
	Aln	0	-HG002_ont_929_start_155646 1 14995 15000 +edge_1_0_+disjointig_1_0_998487 828849 843843 998487 -1 -1 12390 0.0400394
Chain
	Aln	1	+HG002_ont_930_start_41654 18 14993 15000 -edge_1_0_+disjointig_1_0_998487 40665 55640 998487 -1 -1 12249 0.0392026
Chain
	Aln	0	-HG002_ont_930_start_41654 6 14981 15000 +edge_1_0_+disjointig_1_0_998487 942846 957821 998487 -1 -1 12249 0.0392026
Chain
	Aln	1	+HG002_ont_927_start_300022 32 14989 15000 -edge_1_0_+disjointig_1_0_998487 299047 314004 998487 -1 -1 12574 0.0381232
Chain
	Aln	0	-HG002_ont_927_start_300022 10 14967 15000 +edge_1_0_+disjointig_1_0_998487 684482 699439 998487 -1 -1 12574 0.0381232
Chain
	Aln	1	+HG002_ont_931_start_789883 26 14980 15000 -edge_1_0_+disjointig_1_0_998487 788902 803856 998487 -1 -1 12527 0.038587
Chain
	Aln	0	-HG002_ont_931_start_789883 19 14973 15000 +edge_1_0_+disjointig_1_0_998487 194630 209584 998487 -1 -1 12527 0.038587
Chain
	Aln	1	+HG002_ont_932_start_162229 15 14998 15000 -edge_1_0_+disjointig_1_0_998487 161237 176220 998487 -1 -1 12265 0.040847
Chain
	Aln	0	-HG002_ont_932_start_162229 1 14984 15000 +edge_1_0_+disjointig_1_0_998487 822266 837249 998487 -1 -1 12265 0.040847
Chain
	Aln	1	+HG002_ont_933_start_354813 14 14951 15000 -edge_1_0_+disjointig_1_0_998487 353820 368757 998487 -1 -1 11938 0.0430324
Chain
	Aln	0	-HG002_ont_933_start_354813 48 14985 15000 +edge_1_0_+disjointig_1_0_998487 629729 644666 998487 -1 -1 11938 0.0430324
Chain
	Aln	1	+HG002_ont_935_start_803629 0 14998 15000 -edge_1_0_+disjointig_1_0_998487 802622 817620 998487 -1 -1 12170 0.0412765
Chain
	Aln	0	-HG002_ont_935_start_803629 1 14999 15000 +edge_1_0_+disjointig_1_0_998487 180866 195864 998487 -1 -1 12170 0.0412765
Chain
	Aln	1	+HG002_ont_934_start_215508 0 14983 15000 -edge_1_0_+disjointig_1_0_998487 214501 229484 998487 -1 -1 12345 0.0398492
Chain
	Aln	0	-HG002_ont_934_start_215508 16 14999 15000 +edge_1_0_+disjointig_1_0_998487 769002 783985 998487 -1 -1 12345 0.0398492
Chain
	Aln	1	+HG002_ont_937_start_114944 18 14994 15000 -edge_1_0_+disjointig_1_0_998487 113955 128931 998487 -1 -1 12326 0.039352
Chain
	Aln	0	-HG002_ont_937_start_114944 5 14981 15000 +edge_1_0_+disjointig_1_0_998487 869555 884531 998487 -1 -1 12326 0.039352
Chain
	Aln	1	+HG002_ont_936_start_687406 1 14978 15000 -edge_1_0_+disjointig_1_0_998487 686400 701377 998487 -1 -1 12351 0.0424334
Chain
	Aln	0	-HG002_ont_936_start_687406 21 14998 15000 +edge_1_0_+disjointig_1_0_998487 297109 312086 998487 -1 -1 12351 0.0424334
Chain
	Aln	1	+HG002_ont_938_start_367979 1 14984 15000 -edge_1_0_+disjointig_1_0_998487 366973 381956 998487 -1 -1 12253 0.0411939
Chain
	Aln	0	-HG002_ont_938_start_367979 15 14998 15000 +edge_1_0_+disjointig_1_0_998487 616530 631513 998487 -1 -1 12253 0.0411939
Chain
	Aln	1	+HG002_ont_939_start_513852 0 14998 15000 -edge_1_0_+disjointig_1_0_998487 512845 527843 998487 -1 -1 12256 0.0399776
Chain
	Aln	0	-HG002_ont_939_start_513852 1 14999 15000 +edge_1_0_+disjointig_1_0_998487 470643 485641 998487 -1 -1 12256 0.0399776
Chain
	Aln	1	+HG002_ont_940_start_983912 7 14994 15000 -edge_1_0_+disjointig_1_0_998487 982912 997899 998487 -1 -1 12146 0.042062
Chain
	Aln	0	-HG002_ont_940_start_983912 5 14992 15000 +edge_1_0_+disjointig_1_0_998487 587 15574 998487 -1 -1 12146 0.042062
Chain
	Aln	1	+HG002_ont_941_start_788495 6 14973 15000 -edge_1_0_+disjointig_1_0_998487 787494 802461 998487 -1 -1 12559 0.0376758
Chain
	Aln	0	-HG002_ont_941_start_788495 26 14993 15000 +edge_1_0_+disjointig_1_0_998487 196025 210992 998487 -1 -1 12559 0.0376758
Chain
	Aln	1	+HG002_ont_942_start_526909 28 14994 15000 -edge_1_0_+disjointig_1_0_998487 525930 540896 998487 -1 -1 12084 0.0411984
Chain
	Aln	0	-HG002_ont_942_start_526909 5 14971 15000 +edge_1_0_+disjointig_1_0_998487 457590 472556 998487 -1 -1 12084 0.0411984
Chain
	Aln	1	+HG002_ont_943_start_983806 43 14982 15000 -edge_1_0_+disjointig_1_0_998487 982842 997781 998487 -1 -1 11892 0.0428931
Chain
	Aln	0	-HG002_ont_943_start_983806 17 14956 15000 +edge_1_0_+disjointig_1_0_998487 705 15644 998487 -1 -1 11892 0.0428931
Chain
	Aln	1	+HG002_ont_944_start_690773 24 14977 15000 -edge_1_0_+disjointig_1_0_998487 689790 704743 998487 -1 -1 12364 0.0408314
Chain
	Aln	0	-HG002_ont_944_start_690773 22 14975 15000 +edge_1_0_+disjointig_1_0_998487 293743 308696 998487 -1 -1 12364 0.0408314
Chain
	Aln	1	+HG002_ont_945_start_113146 7 14998 15000 -edge_1_0_+disjointig_1_0_998487 112146 127137 998487 -1 -1 12274 0.0390745
Chain
	Aln	0	-HG002_ont_945_start_113146 1 14992 15000 +edge_1_0_+disjointig_1_0_998487 871349 886340 998487 -1 -1 12274 0.0390745
Chain
	Aln	1	+HG002_ont_947_start_191109 1 14998 15000 -edge_1_0_+disjointig_1_0_998487 190103 205100 998487 -1 -1 12461 0.0380477
Chain
	Aln	0	-HG002_ont_947_start_191109 1 14998 15000 +edge_1_0_+disjointig_1_0_998487 793386 808383 998487 -1 -1 12461 0.0380477
Chain
	Aln	1	+HG002_ont_946_start_104762 1 14980 15000 -edge_1_0_+disjointig_1_0_998487 103756 118735 998487 -1 -1 12077 0.0448324
Chain
	Aln	0	-HG002_ont_946_start_104762 19 14998 15000 +edge_1_0_+disjointig_1_0_998487 879751 894730 998487 -1 -1 12077 0.0448324
Chain
	Aln	1	+HG002_ont_949_start_218344 0 14996 15000 -edge_1_0_+disjointig_1_0_998487 217337 232333 998487 -1 -1 12610 0.0394612
Chain
	Aln	0	-HG002_ont_949_start_218344 3 14999 15000 +edge_1_0_+disjointig_1_0_998487 766153 781149 998487 -1 -1 12610 0.0394612
Chain
	Aln	1	+HG002_ont_948_start_407186 1 14998 15000 -edge_1_0_+disjointig_1_0_998487 406180 421177 998487 -1 -1 12460 0.0397574
Chain
	Aln	0	-HG002_ont_948_start_407186 1 14998 15000 +edge_1_0_+disjointig_1_0_998487 577309 592306 998487 -1 -1 12460 0.0397574
Chain
	Aln	1	+HG002_ont_951_start_513259 0 14998 15000 -edge_1_0_+disjointig_1_0_998487 512252 527250 998487 -1 -1 11816 0.0448145
Chain
	Aln	0	-HG002_ont_951_start_513259 1 14999 15000 +edge_1_0_+disjointig_1_0_998487 471236 486234 998487 -1 -1 11816 0.0448145
Chain
	Aln	1	+HG002_ont_950_start_559930 1 14992 15000 -edge_1_0_+disjointig_1_0_998487 558924 573915 998487 -1 -1 12259 0.0407998
Chain
	Aln	0	-HG002_ont_950_start_559930 7 14998 15000 +edge_1_0_+disjointig_1_0_998487 424571 439562 998487 -1 -1 12259 0.0407998
Chain
	Aln	1	+HG002_ont_952_start_642504 1 14998 15000 -edge_1_0_+disjointig_1_0_998487 641498 656495 998487 -1 -1 12465 0.0388622
Chain
	Aln	0	-HG002_ont_952_start_642504 1 14998 15000 +edge_1_0_+disjointig_1_0_998487 341991 356988 998487 -1 -1 12465 0.0388622
Chain
	Aln	1	+HG002_ont_954_start_27616 1 14998 15000 -edge_1_0_+disjointig_1_0_998487 26610 41607 998487 -1 -1 12294 0.0402997
Chain
	Aln	0	-HG002_ont_954_start_27616 1 14998 15000 +edge_1_0_+disjointig_1_0_998487 956879 971876 998487 -1 -1 12294 0.0402997
Chain
	Aln	1	+HG002_ont_953_start_138731 1 14998 15000 -edge_1_0_+disjointig_1_0_998487 137725 152722 998487 -1 -1 12392 0.0395419
Chain
	Aln	0	-HG002_ont_953_start_138731 1 14998 15000 +edge_1_0_+disjointig_1_0_998487 845764 860761 998487 -1 -1 12392 0.0395419
Chain
	Aln	1	+HG002_ont_956_start_915816 7 14995 15000 -edge_1_0_+disjointig_1_0_998487 914816 929804 998487 -1 -1 12324 0.0412848
Chain
	Aln	0	-HG002_ont_956_start_915816 4 14992 15000 +edge_1_0_+disjointig_1_0_998487 68682 83670 998487 -1 -1 12324 0.0412848
Chain
	Aln	1	+HG002_ont_958_start_628397 12 14998 15000 -edge_1_0_+disjointig_1_0_998487 627402 642388 998487 -1 -1 11867 0.044608
Chain
	Aln	0	-HG002_ont_958_start_628397 1 14987 15000 +edge_1_0_+disjointig_1_0_998487 356098 371084 998487 -1 -1 11867 0.044608
Chain
	Aln	1	+HG002_ont_955_start_921856 14 14984 15000 -edge_1_0_+disjointig_1_0_998487 920863 935833 998487 -1 -1 12172 0.0420434
Chain
	Aln	0	-HG002_ont_955_start_921856 15 14985 15000 +edge_1_0_+disjointig_1_0_998487 62653 77623 998487 -1 -1 12172 0.0420434
Chain
	Aln	1	+HG002_ont_957_start_570094 1 14998 15000 -edge_1_0_+disjointig_1_0_998487 569088 584085 998487 -1 -1 12140 0.0424069
Chain
	Aln	0	-HG002_ont_957_start_570094 1 14998 15000 +edge_1_0_+disjointig_1_0_998487 414401 429398 998487 -1 -1 12140 0.0424069
Chain
	Aln	1	+HG002_ont_959_start_571029 11 14990 15000 -edge_1_0_+disjointig_1_0_998487 570033 585012 998487 -1 -1 12502 0.0375516
Chain
	Aln	0	-HG002_ont_959_start_571029 9 14988 15000 +edge_1_0_+disjointig_1_0_998487 413474 428453 998487 -1 -1 12502 0.0375516
Chain
	Aln	1	+HG002_ont_962_start_121358 18 14978 15000 -edge_1_0_+disjointig_1_0_998487 120369 135329 998487 -1 -1 12237 0.0391131
Chain
	Aln	0	-HG002_ont_962_start_121358 21 14981 15000 +edge_1_0_+disjointig_1_0_998487 863157 878117 998487 -1 -1 12237 0.0391131
Chain
	Aln	1	+HG002_ont_960_start_20078 7 14989 15000 -edge_1_0_+disjointig_1_0_998487 19078 34060 998487 -1 -1 12516 0.0382967
Chain
	Aln	0	-HG002_ont_960_start_20078 10 14992 15000 +edge_1_0_+disjointig_1_0_998487 964426 979408 998487 -1 -1 12516 0.0382967
Chain
	Aln	1	+HG002_ont_961_start_865451 1 14998 15000 -edge_1_0_+disjointig_1_0_998487 864445 879442 998487 -1 -1 12156 0.0421494
Chain
	Aln	0	-HG002_ont_961_start_865451 1 14998 15000 +edge_1_0_+disjointig_1_0_998487 119044 134041 998487 -1 -1 12156 0.0421494
Chain
	Aln	1	+HG002_ont_964_start_75667 18 14944 15000 -edge_1_0_+disjointig_1_0_998487 74678 89604 998487 -1 -1 12167 0.0402622
Chain
	Aln	0	-HG002_ont_964_start_75667 55 14981 15000 +edge_1_0_+disjointig_1_0_998487 908882 923808 998487 -1 -1 12167 0.0402622
Chain
	Aln	1	+HG002_ont_963_start_716795 1 14994 15000 -edge_1_0_+disjointig_1_0_998487 715789 730782 998487 -1 -1 12753 0.0374062
Chain
	Aln	0	-HG002_ont_963_start_716795 5 14998 15000 +edge_1_0_+disjointig_1_0_998487 267704 282697 998487 -1 -1 12753 0.0374062
Chain
	Aln	1	+HG002_ont_966_start_738086 3 14979 15000 -edge_1_0_+disjointig_1_0_998487 737082 752058 998487 -1 -1 12515 0.0387645
Chain
	Aln	0	-HG002_ont_966_start_738086 20 14996 15000 +edge_1_0_+disjointig_1_0_998487 246428 261404 998487 -1 -1 12515 0.0387645
Chain
	Aln	1	+HG002_ont_965_start_823403 12 14994 15000 -edge_1_0_+disjointig_1_0_998487 822408 837390 998487 -1 -1 12489 0.0392301
Chain
	Aln	0	-HG002_ont_965_start_823403 5 14987 15000 +edge_1_0_+disjointig_1_0_998487 161096 176078 998487 -1 -1 12489 0.0392301
Chain
	Aln	1	+HG002_ont_968_start_873861 2 14985 15000 -edge_1_0_+disjointig_1_0_998487 872856 887839 998487 -1 -1 12384 0.0421909
Chain
	Aln	0	-HG002_ont_968_start_873861 14 14997 15000 +edge_1_0_+disjointig_1_0_998487 110647 125630 998487 -1 -1 12384 0.0421909
Chain
	Aln	1	+HG002_ont_969_start_332931 8 14998 15000 -edge_1_0_+disjointig_1_0_998487 331932 346922 998487 -1 -1 12350 0.0413402
Chain
	Aln	0	-HG002_ont_969_start_332931 1 14991 15000 +edge_1_0_+disjointig_1_0_998487 651564 666554 998487 -1 -1 12350 0.0413402
Chain
	Aln	1	+HG002_ont_967_start_738427 6 14954 15000 -edge_1_0_+disjointig_1_0_998487 737426 752374 998487 -1 -1 12387 0.0398819
Chain
	Aln	0	-HG002_ont_967_start_738427 45 14993 15000 +edge_1_0_+disjointig_1_0_998487 246112 261060 998487 -1 -1 12387 0.0398819
Chain
	Aln	1	+HG002_ont_970_start_92370 6 14998 15000 -edge_1_0_+disjointig_1_0_998487 91369 106361 998487 -1 -1 12396 0.0388805
Chain
	Aln	0	-HG002_ont_970_start_92370 1 14993 15000 +edge_1_0_+disjointig_1_0_998487 892125 907117 998487 -1 -1 12396 0.0388805
Chain
	Aln	1	+HG002_ont_973_start_973635 1 14992 15000 -edge_1_0_+disjointig_1_0_998487 972629 987620 998487 -1 -1 12416 0.0392119
Chain
	Aln	0	-HG002_ont_973_start_973635 7 14998 15000 +edge_1_0_+disjointig_1_0_998487 10866 25857 998487 -1 -1 12416 0.0392119
Chain
	Aln	1	+HG002_ont_971_start_66182 1 14982 15000 -edge_1_0_+disjointig_1_0_998487 65176 80157 998487 -1 -1 12278 0.0418782
Chain
	Aln	0	-HG002_ont_971_start_66182 17 14998 15000 +edge_1_0_+disjointig_1_0_998487 918329 933310 998487 -1 -1 12278 0.0418782
Chain
	Aln	1	+HG002_ont_972_start_467578 1 14998 15000 -edge_1_0_+disjointig_1_0_998487 466572 481569 998487 -1 -1 11983 0.0411067
Chain
	Aln	0	-HG002_ont_972_start_467578 1 14998 15000 +edge_1_0_+disjointig_1_0_998487 516917 531914 998487 -1 -1 11983 0.0411067
Chain
	Aln	1	+HG002_ont_974_start_196811 12 14998 15000 -edge_1_0_+disjointig_1_0_998487 195816 210802 998487 -1 -1 12535 0.0381695
Chain
	Aln	0	-HG002_ont_974_start_196811 1 14987 15000 +edge_1_0_+disjointig_1_0_998487 787684 802670 998487 -1 -1 12535 0.0381695
Chain
	Aln	1	+HG002_ont_975_start_222304 0 14998 15000 -edge_1_0_+disjointig_1_0_998487 221297 236295 998487 -1 -1 12462 0.0402414
Chain
	Aln	0	-HG002_ont_975_start_222304 1 14999 15000 +edge_1_0_+disjointig_1_0_998487 762191 777189 998487 -1 -1 12462 0.0402414
Chain
	Aln	1	+HG002_ont_977_start_912904 13 14981 15000 -edge_1_0_+disjointig_1_0_998487 911910 926878 998487 -1 -1 12371 0.0378889
Chain
	Aln	0	-HG002_ont_977_start_912904 18 14986 15000 +edge_1_0_+disjointig_1_0_998487 71608 86576 998487 -1 -1 12371 0.0378889
Chain
	Aln	1	+HG002_ont_976_start_2007 1 14998 15000 -edge_1_0_+disjointig_1_0_998487 1001 15998 998487 -1 -1 12182 0.0402997
Chain
	Aln	0	-HG002_ont_976_start_2007 1 14998 15000 +edge_1_0_+disjointig_1_0_998487 982488 997485 998487 -1 -1 12182 0.0402997
Chain
	Aln	1	+HG002_ont_978_start_333800 1 14991 15000 -edge_1_0_+disjointig_1_0_998487 332794 347784 998487 -1 -1 11977 0.0441065
Chain
	Aln	0	-HG002_ont_978_start_333800 8 14998 15000 +edge_1_0_+disjointig_1_0_998487 650702 665692 998487 -1 -1 11977 0.0441065
Chain
	Aln	1	+HG002_ont_981_start_871757 38 14964 15000 -edge_1_0_+disjointig_1_0_998487 870788 885714 998487 -1 -1 12285 0.0402154
Chain
	Aln	0	-HG002_ont_981_start_871757 35 14961 15000 +edge_1_0_+disjointig_1_0_998487 112772 127698 998487 -1 -1 12285 0.0402154
Chain
	Aln	1	+HG002_ont_979_start_571032 3 14989 15000 -edge_1_0_+disjointig_1_0_998487 570028 585014 998487 -1 -1 12128 0.04298
Chain
	Aln	0	-HG002_ont_979_start_571032 10 14996 15000 +edge_1_0_+disjointig_1_0_998487 413472 428458 998487 -1 -1 12128 0.04298
Chain
	Aln	1	+HG002_ont_980_start_680979 0 14998 15000 -edge_1_0_+disjointig_1_0_998487 679972 694970 998487 -1 -1 12599 0.0390638
Chain
	Aln	0	-HG002_ont_980_start_680979 1 14999 15000 +edge_1_0_+disjointig_1_0_998487 303516 318514 998487 -1 -1 12599 0.0390638
Chain
	Aln	1	+HG002_ont_982_start_757417 0 14993 15000 -edge_1_0_+disjointig_1_0_998487 756410 771403 998487 -1 -1 12105 0.0396416
Chain
	Aln	0	-HG002_ont_982_start_757417 6 14999 15000 +edge_1_0_+disjointig_1_0_998487 227083 242076 998487 -1 -1 12105 0.0396416
Chain
	Aln	1	+HG002_ont_984_start_243545 24 14998 15000 -edge_1_0_+disjointig_1_0_998487 242562 257536 998487 -1 -1 12190 0.0419148
Chain
	Aln	0	-HG002_ont_984_start_243545 1 14975 15000 +edge_1_0_+disjointig_1_0_998487 740950 755924 998487 -1 -1 12190 0.0419148
Chain
	Aln	1	+HG002_ont_983_start_482404 16 14972 15000 -edge_1_0_+disjointig_1_0_998487 481413 496369 998487 -1 -1 12148 0.0440144
Chain
	Aln	0	-HG002_ont_983_start_482404 27 14983 15000 +edge_1_0_+disjointig_1_0_998487 502117 517073 998487 -1 -1 12148 0.0440144
Chain
	Aln	1	+HG002_ont_985_start_684106 1 14976 15000 -edge_1_0_+disjointig_1_0_998487 683100 698075 998487 -1 -1 12223 0.0411467
Chain
	Aln	0	-HG002_ont_985_start_684106 23 14998 15000 +edge_1_0_+disjointig_1_0_998487 300411 315386 998487 -1 -1 12223 0.0411467
Chain
	Aln	1	+HG002_ont_986_start_825678 29 14998 15000 -edge_1_0_+disjointig_1_0_998487 824700 839669 998487 -1 -1 12384 0.0396167
Chain
	Aln	0	-HG002_ont_986_start_825678 1 14970 15000 +edge_1_0_+disjointig_1_0_998487 158817 173786 998487 -1 -1 12384 0.0396167
Chain
	Aln	1	+HG002_ont_987_start_483773 6 14998 15000 -edge_1_0_+disjointig_1_0_998487 482772 497764 998487 -1 -1 12241 0.0418334
Chain
	Aln	0	-HG002_ont_987_start_483773 1 14993 15000 +edge_1_0_+disjointig_1_0_998487 500722 515714 998487 -1 -1 12241 0.0418334
Chain
	Aln	1	+HG002_ont_988_start_486173 23 14998 15000 -edge_1_0_+disjointig_1_0_998487 485189 500164 998487 -1 -1 12393 0.0398178
Chain
	Aln	0	-HG002_ont_988_start_486173 1 14976 15000 +edge_1_0_+disjointig_1_0_998487 498322 513297 998487 -1 -1 12393 0.0398178
Chain
	Aln	1	+HG002_ont_989_start_622107 11 14995 15000 -edge_1_0_+disjointig_1_0_998487 621111 636095 998487 -1 -1 12455 0.0381617
Chain
	Aln	0	-HG002_ont_989_start_622107 4 14988 15000 +edge_1_0_+disjointig_1_0_998487 362391 377375 998487 -1 -1 12455 0.0381617
Chain
	Aln	1	+HG002_ont_990_start_718412 2 14998 15000 -edge_1_0_+disjointig_1_0_998487 717407 732403 998487 -1 -1 12245 0.0398075
Chain
	Aln	0	-HG002_ont_990_start_718412 1 14997 15000 +edge_1_0_+disjointig_1_0_998487 266083 281079 998487 -1 -1 12245 0.0398075
Chain
	Aln	1	+HG002_ont_991_start_828648 0 14998 15000 -edge_1_0_+disjointig_1_0_998487 827641 842639 998487 -1 -1 12545 0.0375445
Chain
	Aln	0	-HG002_ont_991_start_828648 1 14999 15000 +edge_1_0_+disjointig_1_0_998487 155847 170845 998487 -1 -1 12545 0.0375445
Chain
	Aln	1	+HG002_ont_993_start_566027 3 14983 15000 -edge_1_0_+disjointig_1_0_998487 565023 580003 998487 -1 -1 12529 0.0410242
Chain
	Aln	0	-HG002_ont_993_start_566027 16 14996 15000 +edge_1_0_+disjointig_1_0_998487 418483 433463 998487 -1 -1 12529 0.0410242
Chain
	Aln	1	+HG002_ont_992_start_76618 13 14998 15000 -edge_1_0_+disjointig_1_0_998487 75624 90609 998487 -1 -1 12320 0.0415588
Chain
	Aln	0	-HG002_ont_992_start_76618 1 14986 15000 +edge_1_0_+disjointig_1_0_998487 907877 922862 998487 -1 -1 12320 0.0415588
Chain
	Aln	1	+HG002_ont_994_start_171644 9 14998 15000 -edge_1_0_+disjointig_1_0_998487 170646 185635 998487 -1 -1 12185 0.0391353
Chain
	Aln	0	-HG002_ont_994_start_171644 1 14990 15000 +edge_1_0_+disjointig_1_0_998487 812851 827840 998487 -1 -1 12185 0.0391353
Chain
	Aln	1	+HG002_ont_996_start_684097 23 14985 15000 -edge_1_0_+disjointig_1_0_998487 683113 698075 998487 -1 -1 12120 0.0416597
Chain
	Aln	0	-HG002_ont_996_start_684097 14 14976 15000 +edge_1_0_+disjointig_1_0_998487 300411 315373 998487 -1 -1 12120 0.0416597
Chain
	Aln	1	+HG002_ont_997_start_235740 1 14998 15000 -edge_1_0_+disjointig_1_0_998487 234734 249731 998487 -1 -1 12133 0.0443003
Chain
	Aln	0	-HG002_ont_997_start_235740 1 14998 15000 +edge_1_0_+disjointig_1_0_998487 748755 763752 998487 -1 -1 12133 0.0443003
Chain
	Aln	1	+HG002_ont_995_start_148696 1 14983 15000 -edge_1_0_+disjointig_1_0_998487 147690 162672 998487 -1 -1 12126 0.0433733
Chain
	Aln	0	-HG002_ont_995_start_148696 16 14998 15000 +edge_1_0_+disjointig_1_0_998487 835814 850796 998487 -1 -1 12126 0.0433733
Chain
	Aln	1	+HG002_ont_998_start_345220 19 14998 15000 -edge_1_0_+disjointig_1_0_998487 344232 359211 998487 -1 -1 12178 0.0431975
Chain
	Aln	0	-HG002_ont_998_start_345220 1 14980 15000 +edge_1_0_+disjointig_1_0_998487 639275 654254 998487 -1 -1 12178 0.0431975
Chain
	Aln	1	+HG002_ont_999_start_64421 1 14987 15000 -edge_1_0_+disjointig_1_0_998487 63415 78401 998487 -1 -1 12054 0.042026
Chain
	Aln	0	-HG002_ont_999_start_64421 12 14998 15000 +edge_1_0_+disjointig_1_0_998487 920085 935071 998487 -1 -1 12054 0.042026
Chain
	Aln	1	+HG002_ont_1000_start_534149 1 14962 15000 -edge_1_0_+disjointig_1_0_998487 533143 548104 998487 -1 -1 12364 0.0414963
Chain
	Aln	0	-HG002_ont_1000_start_534149 37 14998 15000 +edge_1_0_+disjointig_1_0_998487 450382 465343 998487 -1 -1 12364 0.0414963
Chain
	Aln	1	+HG002_ont_1001_start_689352 1 14998 15000 -edge_1_0_+disjointig_1_0_998487 688346 703343 998487 -1 -1 12275 0.0417094
Chain
	Aln	0	-HG002_ont_1001_start_689352 1 14998 15000 +edge_1_0_+disjointig_1_0_998487 295143 310140 998487 -1 -1 12275 0.0417094
Chain
	Aln	1	+HG002_ont_1002_start_550820 3 14998 15000 -edge_1_0_+disjointig_1_0_998487 549816 564811 998487 -1 -1 12155 0.0417653
Chain
	Aln	0	-HG002_ont_1002_start_550820 1 14996 15000 +edge_1_0_+disjointig_1_0_998487 433675 448670 998487 -1 -1 12155 0.0417653
Chain
	Aln	1	+HG002_ont_1003_start_342167 4 14998 15000 -edge_1_0_+disjointig_1_0_998487 341164 356158 998487 -1 -1 12300 0.0396224
Chain
	Aln	0	-HG002_ont_1003_start_342167 1 14995 15000 +edge_1_0_+disjointig_1_0_998487 642328 657322 998487 -1 -1 12300 0.0396224
Chain
	Aln	1	+HG002_ont_1005_start_771699 0 14998 15000 -edge_1_0_+disjointig_1_0_998487 770692 785690 998487 -1 -1 12502 0.0401792
Chain
	Aln	0	-HG002_ont_1005_start_771699 1 14999 15000 +edge_1_0_+disjointig_1_0_998487 212796 227794 998487 -1 -1 12502 0.0401792
Chain
	Aln	1	+HG002_ont_1004_start_848936 14 14946 15000 -edge_1_0_+disjointig_1_0_998487 847943 862875 998487 -1 -1 12677 0.0361962
Chain
	Aln	0	-HG002_ont_1004_start_848936 53 14985 15000 +edge_1_0_+disjointig_1_0_998487 135611 150543 998487 -1 -1 12677 0.0361962
Chain
	Aln	1	+HG002_ont_1006_start_735395 1 14998 15000 -edge_1_0_+disjointig_1_0_998487 734389 749386 998487 -1 -1 12322 0.0404555
Chain
	Aln	0	-HG002_ont_1006_start_735395 1 14998 15000 +edge_1_0_+disjointig_1_0_998487 249100 264097 998487 -1 -1 12322 0.0404555
Chain
	Aln	1	+HG002_ont_1007_start_529825 17 14998 15000 -edge_1_0_+disjointig_1_0_998487 528835 543816 998487 -1 -1 12448 0.0404083
Chain
	Aln	0	-HG002_ont_1007_start_529825 1 14982 15000 +edge_1_0_+disjointig_1_0_998487 454670 469651 998487 -1 -1 12448 0.0404083
Chain
	Aln	1	+HG002_ont_1009_start_475092 23 14998 15000 -edge_1_0_+disjointig_1_0_998487 474108 489083 998487 -1 -1 12112 0.0420309
Chain
	Aln	0	-HG002_ont_1009_start_475092 1 14976 15000 +edge_1_0_+disjointig_1_0_998487 509403 524378 998487 -1 -1 12112 0.0420309
Chain
	Aln	1	+HG002_ont_1008_start_599470 10 14998 15000 -edge_1_0_+disjointig_1_0_998487 598473 613461 998487 -1 -1 12372 0.0399075
Chain
	Aln	0	-HG002_ont_1008_start_599470 1 14989 15000 +edge_1_0_+disjointig_1_0_998487 385025 400013 998487 -1 -1 12372 0.0399075
Chain
	Aln	1	+HG002_ont_1010_start_476257 25 14994 15000 -edge_1_0_+disjointig_1_0_998487 475275 490244 998487 -1 -1 12083 0.0428888
Chain
	Aln	0	-HG002_ont_1010_start_476257 5 14974 15000 +edge_1_0_+disjointig_1_0_998487 508242 523211 998487 -1 -1 12083 0.0428888
Chain
	Aln	1	+HG002_ont_1011_start_766633 8 14998 15000 -edge_1_0_+disjointig_1_0_998487 765634 780624 998487 -1 -1 11924 0.042315
Chain
	Aln	0	-HG002_ont_1011_start_766633 1 14991 15000 +edge_1_0_+disjointig_1_0_998487 217862 232852 998487 -1 -1 11924 0.042315
Chain
	Aln	1	+HG002_ont_1012_start_925509 25 14987 15000 -edge_1_0_+disjointig_1_0_998487 924527 939489 998487 -1 -1 12377 0.0400145
Chain
	Aln	0	-HG002_ont_1012_start_925509 12 14974 15000 +edge_1_0_+disjointig_1_0_998487 58997 73959 998487 -1 -1 12377 0.0400145
Chain
	Aln	1	+HG002_ont_1013_start_69668 1 14998 15000 -edge_1_0_+disjointig_1_0_998487 68662 83659 998487 -1 -1 12334 0.0413676
Chain
	Aln	0	-HG002_ont_1013_start_69668 1 14998 15000 +edge_1_0_+disjointig_1_0_998487 914827 929824 998487 -1 -1 12334 0.0413676
Chain
	Aln	1	+HG002_ont_1014_start_62251 64 14998 15000 -edge_1_0_+disjointig_1_0_998487 61308 76242 998487 -1 -1 12058 0.0421755
Chain
	Aln	0	-HG002_ont_1014_start_62251 1 14935 15000 +edge_1_0_+disjointig_1_0_998487 922244 937178 998487 -1 -1 12058 0.0421755
Chain
	Aln	1	+HG002_ont_1015_start_294265 3 14971 15000 -edge_1_0_+disjointig_1_0_998487 293261 308229 998487 -1 -1 12388 0.039336
Chain
	Aln	0	-HG002_ont_1015_start_294265 28 14996 15000 +edge_1_0_+disjointig_1_0_998487 690257 705225 998487 -1 -1 12388 0.039336
Chain
	Aln	1	+HG002_ont_1017_start_505307 0 14981 15000 -edge_1_0_+disjointig_1_0_998487 504300 519281 998487 -1 -1 12545 0.0375967
Chain
	Aln	0	-HG002_ont_1017_start_505307 18 14999 15000 +edge_1_0_+disjointig_1_0_998487 479205 494186 998487 -1 -1 12545 0.0375967
Chain
	Aln	1	+HG002_ont_1016_start_255956 1 14983 15000 -edge_1_0_+disjointig_1_0_998487 254950 269932 998487 -1 -1 12410 0.0386137
Chain
	Aln	0	-HG002_ont_1016_start_255956 16 14998 15000 +edge_1_0_+disjointig_1_0_998487 728554 743536 998487 -1 -1 12410 0.0386137
Chain
	Aln	1	+HG002_ont_1018_start_753439 38 14955 15000 -edge_1_0_+disjointig_1_0_998487 752470 767387 998487 -1 -1 12227 0.0416504
Chain
	Aln	0	-HG002_ont_1018_start_753439 44 14961 15000 +edge_1_0_+disjointig_1_0_998487 231099 246016 998487 -1 -1 12227 0.0416504
Chain
	Aln	1	+HG002_ont_1019_start_880557 1 14998 15000 -edge_1_0_+disjointig_1_0_998487 879551 894548 998487 -1 -1 12183 0.042836
Chain
	Aln	0	-HG002_ont_1019_start_880557 1 14998 15000 +edge_1_0_+disjointig_1_0_998487 103938 118935 998487 -1 -1 12183 0.042836
Chain
	Aln	1	+HG002_ont_1020_start_768978 4 14994 15000 -edge_1_0_+disjointig_1_0_998487 767975 782965 998487 -1 -1 12248 0.0420257
Chain
	Aln	0	-HG002_ont_1020_start_768978 5 14995 15000 +edge_1_0_+disjointig_1_0_998487 215521 230511 998487 -1 -1 12248 0.0420257
Chain
	Aln	1	+HG002_ont_1022_start_60297 38 14991 15000 -edge_1_0_+disjointig_1_0_998487 59328 74281 998487 -1 -1 12469 0.0380548
Chain
	Aln	0	-HG002_ont_1022_start_60297 8 14961 15000 +edge_1_0_+disjointig_1_0_998487 924205 939158 998487 -1 -1 12469 0.0380548
Chain
	Aln	1	+HG002_ont_1021_start_386971 12 14972 15000 -edge_1_0_+disjointig_1_0_998487 385976 400936 998487 -1 -1 12244 0.0404195
Chain
	Aln	0	-HG002_ont_1021_start_386971 27 14987 15000 +edge_1_0_+disjointig_1_0_998487 597550 612510 998487 -1 -1 12244 0.0404195
Chain
	Aln	1	+HG002_ont_1023_start_694206 1 14998 15000 -edge_1_0_+disjointig_1_0_998487 693200 708197 998487 -1 -1 12521 0.0411541
Chain
	Aln	0	-HG002_ont_1023_start_694206 1 14998 15000 +edge_1_0_+disjointig_1_0_998487 290289 305286 998487 -1 -1 12521 0.0411541
Chain
	Aln	1	+HG002_ont_1025_start_902378 32 14998 15000 -edge_1_0_+disjointig_1_0_998487 901403 916369 998487 -1 -1 12445 0.0416355
Chain
	Aln	0	-HG002_ont_1025_start_902378 1 14967 15000 +edge_1_0_+disjointig_1_0_998487 82117 97083 998487 -1 -1 12445 0.0416355
Chain
	Aln	1	+HG002_ont_1024_start_857897 10 14987 15000 -edge_1_0_+disjointig_1_0_998487 856900 871877 998487 -1 -1 12233 0.041202
Chain
	Aln	0	-HG002_ont_1024_start_857897 12 14989 15000 +edge_1_0_+disjointig_1_0_998487 126609 141586 998487 -1 -1 12233 0.041202
Chain
	Aln	1	+HG002_ont_1026_start_74861 19 14989 15000 -edge_1_0_+disjointig_1_0_998487 73873 88843 998487 -1 -1 12223 0.0386499
Chain
	Aln	0	-HG002_ont_1026_start_74861 10 14980 15000 +edge_1_0_+disjointig_1_0_998487 909643 924613 998487 -1 -1 12223 0.0386499
Chain
	Aln	1	+HG002_ont_1028_start_624314 1 14998 15000 -edge_1_0_+disjointig_1_0_998487 623308 638305 998487 -1 -1 12319 0.0401054
Chain
	Aln	0	-HG002_ont_1028_start_624314 1 14998 15000 +edge_1_0_+disjointig_1_0_998487 360181 375178 998487 -1 -1 12319 0.0401054
Chain
	Aln	1	+HG002_ont_1027_start_835594 1 14997 15000 -edge_1_0_+disjointig_1_0_998487 834588 849584 998487 -1 -1 12149 0.0442964
Chain
	Aln	0	-HG002_ont_1027_start_835594 2 14998 15000 +edge_1_0_+disjointig_1_0_998487 148902 163898 998487 -1 -1 12149 0.0442964
Chain
	Aln	1	+HG002_ont_1030_start_747292 1 14998 15000 -edge_1_0_+disjointig_1_0_998487 746286 761283 998487 -1 -1 12123 0.0429336
Chain
	Aln	0	-HG002_ont_1030_start_747292 1 14998 15000 +edge_1_0_+disjointig_1_0_998487 237203 252200 998487 -1 -1 12123 0.0429336
Chain
	Aln	1	+HG002_ont_1029_start_513813 0 14998 15000 -edge_1_0_+disjointig_1_0_998487 512806 527804 998487 -1 -1 11914 0.0456097
Chain
	Aln	0	-HG002_ont_1029_start_513813 1 14999 15000 +edge_1_0_+disjointig_1_0_998487 470682 485680 998487 -1 -1 11914 0.0456097
Chain
	Aln	1	+HG002_ont_1031_start_460477 1 14981 15000 -edge_1_0_+disjointig_1_0_998487 459471 474451 998487 -1 -1 12452 0.0397524
Chain
	Aln	0	-HG002_ont_1031_start_460477 18 14998 15000 +edge_1_0_+disjointig_1_0_998487 524035 539015 998487 -1 -1 12452 0.0397524
Chain
	Aln	1	+HG002_ont_1034_start_827741 8 14971 15000 -edge_1_0_+disjointig_1_0_998487 826742 841705 998487 -1 -1 12256 0.0395931
Chain
	Aln	0	-HG002_ont_1034_start_827741 28 14991 15000 +edge_1_0_+disjointig_1_0_998487 156781 171744 998487 -1 -1 12256 0.0395931
Chain
	Aln	1	+HG002_ont_1032_start_966737 30 14998 15000 -edge_1_0_+disjointig_1_0_998487 965760 980728 998487 -1 -1 12466 0.0392287
Chain
	Aln	0	-HG002_ont_1032_start_966737 1 14969 15000 +edge_1_0_+disjointig_1_0_998487 17758 32726 998487 -1 -1 12466 0.0392287
Chain
	Aln	1	+HG002_ont_1033_start_189071 3 14963 15000 -edge_1_0_+disjointig_1_0_998487 188067 203027 998487 -1 -1 12669 0.0388689
Chain
	Aln	0	-HG002_ont_1033_start_189071 36 14996 15000 +edge_1_0_+disjointig_1_0_998487 795459 810419 998487 -1 -1 12669 0.0388689
Chain
	Aln	1	+HG002_ont_1035_start_933534 30 14985 15000 -edge_1_0_+disjointig_1_0_998487 932557 947512 998487 -1 -1 12122 0.0435634
Chain
	Aln	0	-HG002_ont_1035_start_933534 14 14969 15000 +edge_1_0_+disjointig_1_0_998487 50974 65929 998487 -1 -1 12122 0.0435634
Chain
	Aln	1	+HG002_ont_1037_start_772669 19 14998 15000 -edge_1_0_+disjointig_1_0_998487 771681 786660 998487 -1 -1 12344 0.0403381
Chain
	Aln	0	-HG002_ont_1037_start_772669 1 14980 15000 +edge_1_0_+disjointig_1_0_998487 211826 226805 998487 -1 -1 12344 0.0403381
Chain
	Aln	1	+HG002_ont_1038_start_593771 1 14998 15000 -edge_1_0_+disjointig_1_0_998487 592765 607762 998487 -1 -1 12283 0.0398887
Chain
	Aln	0	-HG002_ont_1038_start_593771 1 14998 15000 +edge_1_0_+disjointig_1_0_998487 390724 405721 998487 -1 -1 12283 0.0398887
Chain
	Aln	1	+HG002_ont_1036_start_732440 1 14998 15000 -edge_1_0_+disjointig_1_0_998487 731434 746431 998487 -1 -1 12201 0.040152
Chain
	Aln	0	-HG002_ont_1036_start_732440 1 14998 15000 +edge_1_0_+disjointig_1_0_998487 252055 267052 998487 -1 -1 12201 0.040152
Chain
	Aln	1	+HG002_ont_1039_start_503206 1 14993 15000 -edge_1_0_+disjointig_1_0_998487 502200 517192 998487 -1 -1 12664 0.0378262
Chain
	Aln	0	-HG002_ont_1039_start_503206 6 14998 15000 +edge_1_0_+disjointig_1_0_998487 481294 496286 998487 -1 -1 12664 0.0378262
Chain
	Aln	1	+HG002_ont_1040_start_911170 1 14998 15000 -edge_1_0_+disjointig_1_0_998487 910164 925161 998487 -1 -1 12167 0.0414231
Chain
	Aln	0	-HG002_ont_1040_start_911170 1 14998 15000 +edge_1_0_+disjointig_1_0_998487 73325 88322 998487 -1 -1 12167 0.0414231
Chain
	Aln	1	+HG002_ont_1041_start_700263 1 14994 15000 -edge_1_0_+disjointig_1_0_998487 699257 714250 998487 -1 -1 12238 0.0399735
Chain
	Aln	0	-HG002_ont_1041_start_700263 5 14998 15000 +edge_1_0_+disjointig_1_0_998487 284236 299229 998487 -1 -1 12238 0.0399735
Chain
	Aln	1	+HG002_ont_1042_start_277300 1 14998 15000 -edge_1_0_+disjointig_1_0_998487 276294 291291 998487 -1 -1 12045 0.0433091
Chain
	Aln	0	-HG002_ont_1042_start_277300 1 14998 15000 +edge_1_0_+disjointig_1_0_998487 707195 722192 998487 -1 -1 12045 0.0433091
Chain
	Aln	1	+HG002_ont_1043_start_816226 0 14998 15000 -edge_1_0_+disjointig_1_0_998487 815219 830217 998487 -1 -1 12106 0.0422981
Chain
	Aln	0	-HG002_ont_1043_start_816226 1 14999 15000 +edge_1_0_+disjointig_1_0_998487 168269 183267 998487 -1 -1 12106 0.0422981
Chain
	Aln	1	+HG002_ont_1044_start_962701 1 14998 15000 -edge_1_0_+disjointig_1_0_998487 961695 976692 998487 -1 -1 12352 0.0413518
Chain
	Aln	0	-HG002_ont_1044_start_962701 1 14998 15000 +edge_1_0_+disjointig_1_0_998487 21794 36791 998487 -1 -1 12352 0.0413518
Chain
	Aln	1	+HG002_ont_1045_start_766676 8 14998 15000 -edge_1_0_+disjointig_1_0_998487 765677 780667 998487 -1 -1 12092 0.039361
Chain
	Aln	0	-HG002_ont_1045_start_766676 1 14991 15000 +edge_1_0_+disjointig_1_0_998487 217819 232809 998487 -1 -1 12092 0.039361
Chain
	Aln	1	+HG002_ont_1046_start_367426 0 14998 15000 -edge_1_0_+disjointig_1_0_998487 366419 381417 998487 -1 -1 12325 0.0419529
Chain
	Aln	0	-HG002_ont_1046_start_367426 1 14999 15000 +edge_1_0_+disjointig_1_0_998487 617069 632067 998487 -1 -1 12325 0.0419529
Chain
	Aln	1	+HG002_ont_1048_start_76721 1 14986 15000 -edge_1_0_+disjointig_1_0_998487 75715 90700 998487 -1 -1 12252 0.0431393
Chain
	Aln	0	-HG002_ont_1048_start_76721 13 14998 15000 +edge_1_0_+disjointig_1_0_998487 907786 922771 998487 -1 -1 12252 0.0431393
Chain
	Aln	1	+HG002_ont_1047_start_544033 6 14990 15000 -edge_1_0_+disjointig_1_0_998487 543032 558016 998487 -1 -1 12159 0.0439005
Chain
	Aln	0	-HG002_ont_1047_start_544033 9 14993 15000 +edge_1_0_+disjointig_1_0_998487 440470 455454 998487 -1 -1 12159 0.0439005
Chain
	Aln	1	+HG002_ont_1050_start_777080 16 14998 15000 -edge_1_0_+disjointig_1_0_998487 776089 791071 998487 -1 -1 12452 0.0407567
Chain
	Aln	0	-HG002_ont_1050_start_777080 1 14983 15000 +edge_1_0_+disjointig_1_0_998487 207415 222397 998487 -1 -1 12452 0.0407567
Chain
	Aln	1	+HG002_ont_1049_start_5280 16 14998 15000 -edge_1_0_+disjointig_1_0_998487 4289 19271 998487 -1 -1 12363 0.0402019
Chain
	Aln	0	-HG002_ont_1049_start_5280 1 14983 15000 +edge_1_0_+disjointig_1_0_998487 979215 994197 998487 -1 -1 12363 0.0402019
Chain
	Aln	1	+HG002_ont_1051_start_625590 35 14994 15000 -edge_1_0_+disjointig_1_0_998487 624618 639577 998487 -1 -1 11881 0.0434555
Chain
	Aln	0	-HG002_ont_1051_start_625590 5 14964 15000 +edge_1_0_+disjointig_1_0_998487 358909 373868 998487 -1 -1 11881 0.0434555
Chain
	Aln	1	+HG002_ont_1052_start_750280 42 14963 15000 -edge_1_0_+disjointig_1_0_998487 749315 764236 998487 -1 -1 12242 0.0414185
Chain
	Aln	0	-HG002_ont_1052_start_750280 36 14957 15000 +edge_1_0_+disjointig_1_0_998487 234250 249171 998487 -1 -1 12242 0.0414185
Chain
	Aln	1	+HG002_ont_1053_start_686654 46 14998 15000 -edge_1_0_+disjointig_1_0_998487 685693 700645 998487 -1 -1 12229 0.0397583
Chain
	Aln	0	-HG002_ont_1053_start_686654 1 14953 15000 +edge_1_0_+disjointig_1_0_998487 297841 312793 998487 -1 -1 12229 0.0397583
Chain
	Aln	1	+HG002_ont_1054_start_599315 50 14998 15000 -edge_1_0_+disjointig_1_0_998487 598358 613306 998487 -1 -1 12234 0.0398277
Chain
	Aln	0	-HG002_ont_1054_start_599315 1 14949 15000 +edge_1_0_+disjointig_1_0_998487 385180 400128 998487 -1 -1 12234 0.0398277
Chain
	Aln	1	+HG002_ont_1056_start_154393 0 14998 15000 -edge_1_0_+disjointig_1_0_998487 153386 168384 998487 -1 -1 12145 0.0414747
Chain
	Aln	0	-HG002_ont_1056_start_154393 1 14999 15000 +edge_1_0_+disjointig_1_0_998487 830102 845100 998487 -1 -1 12145 0.0414747
Chain
	Aln	1	+HG002_ont_1055_start_243058 30 14992 15000 -edge_1_0_+disjointig_1_0_998487 242081 257043 998487 -1 -1 12517 0.0400456
Chain
	Aln	0	-HG002_ont_1055_start_243058 7 14969 15000 +edge_1_0_+disjointig_1_0_998487 741443 756405 998487 -1 -1 12517 0.0400456
Chain
	Aln	1	+HG002_ont_1057_start_612671 0 14992 15000 -edge_1_0_+disjointig_1_0_998487 611664 626656 998487 -1 -1 12581 0.0390556
Chain
	Aln	0	-HG002_ont_1057_start_612671 7 14999 15000 +edge_1_0_+disjointig_1_0_998487 371830 386822 998487 -1 -1 12581 0.0390556
Chain
	Aln	1	+HG002_ont_1058_start_281990 44 14998 15000 -edge_1_0_+disjointig_1_0_998487 281027 295981 998487 -1 -1 12410 0.0386249
Chain
	Aln	0	-HG002_ont_1058_start_281990 1 14955 15000 +edge_1_0_+disjointig_1_0_998487 702505 717459 998487 -1 -1 12410 0.0386249
Chain
	Aln	1	+HG002_ont_1059_start_210873 13 14998 15000 -edge_1_0_+disjointig_1_0_998487 209879 224864 998487 -1 -1 12087 0.0412493
Chain
	Aln	0	-HG002_ont_1059_start_210873 1 14986 15000 +edge_1_0_+disjointig_1_0_998487 773622 788607 998487 -1 -1 12087 0.0412493
Chain
	Aln	1	+HG002_ont_1060_start_575187 2 14998 15000 -edge_1_0_+disjointig_1_0_998487 574182 589178 998487 -1 -1 12364 0.0408744
Chain
	Aln	0	-HG002_ont_1060_start_575187 1 14997 15000 +edge_1_0_+disjointig_1_0_998487 409308 424304 998487 -1 -1 12364 0.0408744
Chain
	Aln	1	+HG002_ont_1062_start_518160 1 14998 15000 -edge_1_0_+disjointig_1_0_998487 517154 532151 998487 -1 -1 12297 0.0430802
Chain
	Aln	0	-HG002_ont_1062_start_518160 1 14998 15000 +edge_1_0_+disjointig_1_0_998487 466335 481332 998487 -1 -1 12297 0.0430802
Chain
	Aln	1	+HG002_ont_1061_start_791961 1 14975 15000 -edge_1_0_+disjointig_1_0_998487 790955 805929 998487 -1 -1 12482 0.0391299
Chain
	Aln	0	-HG002_ont_1061_start_791961 24 14998 15000 +edge_1_0_+disjointig_1_0_998487 192557 207531 998487 -1 -1 12482 0.0391299
Chain
	Aln	1	+HG002_ont_1063_start_147555 15 14975 15000 -edge_1_0_+disjointig_1_0_998487 146563 161523 998487 -1 -1 12315 0.0418838
Chain
	Aln	0	-HG002_ont_1063_start_147555 24 14984 15000 +edge_1_0_+disjointig_1_0_998487 836963 851923 998487 -1 -1 12315 0.0418838
Chain
	Aln	1	+HG002_ont_1065_start_239339 17 14993 15000 -edge_1_0_+disjointig_1_0_998487 238349 253325 998487 -1 -1 12069 0.0429
Chain
	Aln	0	-HG002_ont_1065_start_239339 6 14982 15000 +edge_1_0_+disjointig_1_0_998487 745161 760137 998487 -1 -1 12069 0.0429
Chain
	Aln	1	+HG002_ont_1066_start_226271 1 14975 15000 -edge_1_0_+disjointig_1_0_998487 225265 240239 998487 -1 -1 12327 0.0403262
Chain
	Aln	0	-HG002_ont_1066_start_226271 24 14998 15000 +edge_1_0_+disjointig_1_0_998487 758247 773221 998487 -1 -1 12327 0.0403262
Chain
	Aln	1	+HG002_ont_1064_start_692698 14 14995 15000 -edge_1_0_+disjointig_1_0_998487 691705 706686 998487 -1 -1 11886 0.0437646
Chain
	Aln	0	-HG002_ont_1064_start_692698 4 14985 15000 +edge_1_0_+disjointig_1_0_998487 291800 306781 998487 -1 -1 11886 0.0437646
Chain
	Aln	1	+HG002_ont_1068_start_583127 4 14980 15000 -edge_1_0_+disjointig_1_0_998487 582124 597100 998487 -1 -1 12156 0.0419386
Chain
	Aln	0	-HG002_ont_1068_start_583127 19 14995 15000 +edge_1_0_+disjointig_1_0_998487 401386 416362 998487 -1 -1 12156 0.0419386
Chain
	Aln	1	+HG002_ont_1069_start_911831 1 14970 15000 -edge_1_0_+disjointig_1_0_998487 910825 925794 998487 -1 -1 12518 0.0378704
Chain
	Aln	0	-HG002_ont_1069_start_911831 29 14998 15000 +edge_1_0_+disjointig_1_0_998487 72692 87661 998487 -1 -1 12518 0.0378704
Chain
	Aln	1	+HG002_ont_1067_start_150053 13 14998 15000 -edge_1_0_+disjointig_1_0_998487 149059 164044 998487 -1 -1 12561 0.037851
Chain
	Aln	0	-HG002_ont_1067_start_150053 1 14986 15000 +edge_1_0_+disjointig_1_0_998487 834442 849427 998487 -1 -1 12561 0.037851
Chain
	Aln	1	+HG002_ont_1070_start_207923 1 14998 15000 -edge_1_0_+disjointig_1_0_998487 206917 221914 998487 -1 -1 12534 0.0410515
Chain
	Aln	0	-HG002_ont_1070_start_207923 1 14998 15000 +edge_1_0_+disjointig_1_0_998487 776572 791569 998487 -1 -1 12534 0.0410515
Chain
	Aln	1	+HG002_ont_1071_start_7408 1 14998 15000 -edge_1_0_+disjointig_1_0_998487 6402 21399 998487 -1 -1 12383 0.0422539
Chain
	Aln	0	-HG002_ont_1071_start_7408 1 14998 15000 +edge_1_0_+disjointig_1_0_998487 977087 992084 998487 -1 -1 12383 0.0422539
Chain
	Aln	1	+HG002_ont_1072_start_763779 30 14998 15000 -edge_1_0_+disjointig_1_0_998487 762802 777770 998487 -1 -1 12220 0.0416513
Chain
	Aln	0	-HG002_ont_1072_start_763779 1 14969 15000 +edge_1_0_+disjointig_1_0_998487 220716 235684 998487 -1 -1 12220 0.0416513
Chain
	Aln	1	+HG002_ont_1073_start_798542 0 14982 15000 -edge_1_0_+disjointig_1_0_998487 797535 812517 998487 -1 -1 12033 0.0430867
Chain
	Aln	0	-HG002_ont_1073_start_798542 17 14999 15000 +edge_1_0_+disjointig_1_0_998487 185969 200951 998487 -1 -1 12033 0.0430867
Chain
	Aln	1	+HG002_ont_1074_start_277994 2 14998 15000 -edge_1_0_+disjointig_1_0_998487 276989 291985 998487 -1 -1 12620 0.0359326
Chain
	Aln	0	-HG002_ont_1074_start_277994 1 14997 15000 +edge_1_0_+disjointig_1_0_998487 706501 721497 998487 -1 -1 12620 0.0359326
Chain
	Aln	1	+HG002_ont_1075_start_54590 1 14998 15000 -edge_1_0_+disjointig_1_0_998487 53584 68581 998487 -1 -1 12220 0.0410042
Chain
	Aln	0	-HG002_ont_1075_start_54590 1 14998 15000 +edge_1_0_+disjointig_1_0_998487 929905 944902 998487 -1 -1 12220 0.0410042
Chain
	Aln	1	+HG002_ont_1076_start_282651 12 14995 15000 -edge_1_0_+disjointig_1_0_998487 281656 296639 998487 -1 -1 12366 0.0401825
Chain
	Aln	0	-HG002_ont_1076_start_282651 4 14987 15000 +edge_1_0_+disjointig_1_0_998487 701847 716830 998487 -1 -1 12366 0.0401825
Chain
	Aln	1	+HG002_ont_1077_start_870642 1 14998 15000 -edge_1_0_+disjointig_1_0_998487 869636 884633 998487 -1 -1 12551 0.0395496
Chain
	Aln	0	-HG002_ont_1077_start_870642 1 14998 15000 +edge_1_0_+disjointig_1_0_998487 113853 128850 998487 -1 -1 12551 0.0395496
Chain
	Aln	1	+HG002_ont_1078_start_621115 1 14998 15000 -edge_1_0_+disjointig_1_0_998487 620109 635106 998487 -1 -1 12383 0.0413597
Chain
	Aln	0	-HG002_ont_1078_start_621115 1 14998 15000 +edge_1_0_+disjointig_1_0_998487 363380 378377 998487 -1 -1 12383 0.0413597
Chain
	Aln	1	+HG002_ont_1079_start_621802 16 14982 15000 -edge_1_0_+disjointig_1_0_998487 620811 635777 998487 -1 -1 12139 0.0417793
Chain
	Aln	0	-HG002_ont_1079_start_621802 17 14983 15000 +edge_1_0_+disjointig_1_0_998487 362709 377675 998487 -1 -1 12139 0.0417793
Chain
	Aln	1	+HG002_ont_1080_start_790823 27 14998 15000 -edge_1_0_+disjointig_1_0_998487 789843 804814 998487 -1 -1 12328 0.0381031
Chain
	Aln	0	-HG002_ont_1080_start_790823 1 14972 15000 +edge_1_0_+disjointig_1_0_998487 193672 208643 998487 -1 -1 12328 0.0381031
Chain
	Aln	1	+HG002_ont_1081_start_655180 0 14992 15000 -edge_1_0_+disjointig_1_0_998487 654173 669165 998487 -1 -1 12278 0.0411581
Chain
	Aln	0	-HG002_ont_1081_start_655180 7 14999 15000 +edge_1_0_+disjointig_1_0_998487 329321 344313 998487 -1 -1 12278 0.0411581
Chain
	Aln	1	+HG002_ont_1082_start_251069 1 14998 15000 -edge_1_0_+disjointig_1_0_998487 250063 265060 998487 -1 -1 12606 0.0387635
Chain
	Aln	0	-HG002_ont_1082_start_251069 1 14998 15000 +edge_1_0_+disjointig_1_0_998487 733426 748423 998487 -1 -1 12606 0.0387635
Chain
	Aln	1	+HG002_ont_1083_start_621298 1 14985 15000 -edge_1_0_+disjointig_1_0_998487 620292 635276 998487 -1 -1 12155 0.0438012
Chain
	Aln	0	-HG002_ont_1083_start_621298 14 14998 15000 +edge_1_0_+disjointig_1_0_998487 363210 378194 998487 -1 -1 12155 0.0438012
Chain
	Aln	1	+HG002_ont_1085_start_477207 1 14994 15000 -edge_1_0_+disjointig_1_0_998487 476201 491194 998487 -1 -1 12364 0.0393728
Chain
	Aln	0	-HG002_ont_1085_start_477207 5 14998 15000 +edge_1_0_+disjointig_1_0_998487 507292 522285 998487 -1 -1 12364 0.0393728
Chain
	Aln	1	+HG002_ont_1084_start_544911 10 14978 15000 -edge_1_0_+disjointig_1_0_998487 543914 558882 998487 -1 -1 11964 0.0426815
Chain
	Aln	0	-HG002_ont_1084_start_544911 21 14989 15000 +edge_1_0_+disjointig_1_0_998487 439604 454572 998487 -1 -1 11964 0.0426815
Chain
	Aln	1	+HG002_ont_1086_start_77197 1 14998 15000 -edge_1_0_+disjointig_1_0_998487 76191 91188 998487 -1 -1 12056 0.0415422
Chain
	Aln	0	-HG002_ont_1086_start_77197 1 14998 15000 +edge_1_0_+disjointig_1_0_998487 907298 922295 998487 -1 -1 12056 0.0415422
Chain
	Aln	1	+HG002_ont_1087_start_852967 49 14973 15000 -edge_1_0_+disjointig_1_0_998487 852009 866933 998487 -1 -1 12050 0.0420715
Chain
	Aln	0	-HG002_ont_1087_start_852967 26 14950 15000 +edge_1_0_+disjointig_1_0_998487 131553 146477 998487 -1 -1 12050 0.0420715
Chain
	Aln	1	+HG002_ont_1089_start_88216 7 14997 15000 -edge_1_0_+disjointig_1_0_998487 87216 102206 998487 -1 -1 12343 0.0398921
Chain
	Aln	0	-HG002_ont_1089_start_88216 2 14992 15000 +edge_1_0_+disjointig_1_0_998487 896280 911270 998487 -1 -1 12343 0.0398921
Chain
	Aln	1	+HG002_ont_1088_start_500880 15 14998 15000 -edge_1_0_+disjointig_1_0_998487 499888 514871 998487 -1 -1 12140 0.0441871
Chain
	Aln	0	-HG002_ont_1088_start_500880 1 14984 15000 +edge_1_0_+disjointig_1_0_998487 483615 498598 998487 -1 -1 12140 0.0441871
Chain
	Aln	1	+HG002_ont_1090_start_293282 4 14998 15000 -edge_1_0_+disjointig_1_0_998487 292279 307273 998487 -1 -1 12475 0.038896
Chain
	Aln	0	-HG002_ont_1090_start_293282 1 14995 15000 +edge_1_0_+disjointig_1_0_998487 691213 706207 998487 -1 -1 12475 0.038896
Chain
	Aln	1	+HG002_ont_1091_start_920203 6 14998 15000 -edge_1_0_+disjointig_1_0_998487 919202 934194 998487 -1 -1 11967 0.0444642
Chain
	Aln	0	-HG002_ont_1091_start_920203 1 14993 15000 +edge_1_0_+disjointig_1_0_998487 64292 79284 998487 -1 -1 11967 0.0444642
Chain
	Aln	1	+HG002_ont_1093_start_912766 1 14998 15000 -edge_1_0_+disjointig_1_0_998487 911760 926757 998487 -1 -1 12428 0.0386575
Chain
	Aln	0	-HG002_ont_1093_start_912766 1 14998 15000 +edge_1_0_+disjointig_1_0_998487 71729 86726 998487 -1 -1 12428 0.0386575
Chain
	Aln	1	+HG002_ont_1092_start_551154 12 14975 15000 -edge_1_0_+disjointig_1_0_998487 550159 565122 998487 -1 -1 12292 0.040682
Chain
	Aln	0	-HG002_ont_1092_start_551154 24 14987 15000 +edge_1_0_+disjointig_1_0_998487 433364 448327 998487 -1 -1 12292 0.040682
Chain
	Aln	1	+HG002_ont_1094_start_515119 8 14998 15000 -edge_1_0_+disjointig_1_0_998487 514120 529110 998487 -1 -1 11833 0.0437091
Chain
	Aln	0	-HG002_ont_1094_start_515119 1 14991 15000 +edge_1_0_+disjointig_1_0_998487 469376 484366 998487 -1 -1 11833 0.0437091
Chain
	Aln	1	+HG002_ont_1096_start_353800 3 14962 15000 -edge_1_0_+disjointig_1_0_998487 352796 367755 998487 -1 -1 12451 0.0384553
Chain
	Aln	0	-HG002_ont_1096_start_353800 37 14996 15000 +edge_1_0_+disjointig_1_0_998487 630731 645690 998487 -1 -1 12451 0.0384553
Chain
	Aln	1	+HG002_ont_1097_start_813973 0 14993 15000 -edge_1_0_+disjointig_1_0_998487 812966 827959 998487 -1 -1 12291 0.0393192
Chain
	Aln	0	-HG002_ont_1097_start_813973 6 14999 15000 +edge_1_0_+disjointig_1_0_998487 170527 185520 998487 -1 -1 12291 0.0393192
Chain
	Aln	1	+HG002_ont_1095_start_984016 13 14998 15000 -edge_1_0_+disjointig_1_0_998487 983022 998007 998487 -1 -1 12076 0.0417181
Chain
	Aln	0	-HG002_ont_1095_start_984016 1 14986 15000 +edge_1_0_+disjointig_1_0_998487 479 15464 998487 -1 -1 12076 0.0417181
Chain
	Aln	1	+HG002_ont_1098_start_836440 24 14998 15000 -edge_1_0_+disjointig_1_0_998487 835457 850431 998487 -1 -1 11988 0.0442183
Chain
	Aln	0	-HG002_ont_1098_start_836440 1 14975 15000 +edge_1_0_+disjointig_1_0_998487 148055 163029 998487 -1 -1 11988 0.0442183
Chain
	Aln	1	+HG002_ont_1099_start_430790 1 14998 15000 -edge_1_0_+disjointig_1_0_998487 429784 444781 998487 -1 -1 12053 0.0423344
Chain
	Aln	0	-HG002_ont_1099_start_430790 1 14998 15000 +edge_1_0_+disjointig_1_0_998487 553705 568702 998487 -1 -1 12053 0.0423344
Chain
	Aln	1	+HG002_ont_1100_start_505420 16 14990 15000 -edge_1_0_+disjointig_1_0_998487 504429 519403 998487 -1 -1 12490 0.0390688
Chain
	Aln	0	-HG002_ont_1100_start_505420 9 14983 15000 +edge_1_0_+disjointig_1_0_998487 479083 494057 998487 -1 -1 12490 0.0390688
Chain
	Aln	1	+HG002_ont_1102_start_44662 28 14998 15000 -edge_1_0_+disjointig_1_0_998487 43683 58653 998487 -1 -1 12063 0.042795
Chain
	Aln	0	-HG002_ont_1102_start_44662 1 14971 15000 +edge_1_0_+disjointig_1_0_998487 939833 954803 998487 -1 -1 12063 0.042795
Chain
	Aln	1	+HG002_ont_1101_start_791533 1 14998 15000 -edge_1_0_+disjointig_1_0_998487 790527 805524 998487 -1 -1 12846 0.0350046
Chain
	Aln	0	-HG002_ont_1101_start_791533 1 14998 15000 +edge_1_0_+disjointig_1_0_998487 192962 207959 998487 -1 -1 12846 0.0350046
Chain
	Aln	1	+HG002_ont_1103_start_541125 1 14998 15000 -edge_1_0_+disjointig_1_0_998487 540119 555116 998487 -1 -1 12527 0.0385139
Chain
	Aln	0	-HG002_ont_1103_start_541125 1 14998 15000 +edge_1_0_+disjointig_1_0_998487 443370 458367 998487 -1 -1 12527 0.0385139
Chain
	Aln	1	+HG002_ont_1104_start_972127 17 14998 15000 -edge_1_0_+disjointig_1_0_998487 971137 986118 998487 -1 -1 12526 0.0379774
Chain
	Aln	0	-HG002_ont_1104_start_972127 1 14982 15000 +edge_1_0_+disjointig_1_0_998487 12368 27349 998487 -1 -1 12526 0.0379774
Chain
	Aln	1	+HG002_ont_1106_start_296086 1 14984 15000 -edge_1_0_+disjointig_1_0_998487 295080 310063 998487 -1 -1 12293 0.0393872
Chain
	Aln	0	-HG002_ont_1106_start_296086 15 14998 15000 +edge_1_0_+disjointig_1_0_998487 688423 703406 998487 -1 -1 12293 0.0393872
Chain
	Aln	1	+HG002_ont_1105_start_329712 17 14982 15000 -edge_1_0_+disjointig_1_0_998487 328722 343687 998487 -1 -1 12282 0.0419114
Chain
	Aln	0	-HG002_ont_1105_start_329712 17 14982 15000 +edge_1_0_+disjointig_1_0_998487 654799 669764 998487 -1 -1 12282 0.0419114
Chain
	Aln	1	+HG002_ont_1107_start_255197 1 14998 15000 -edge_1_0_+disjointig_1_0_998487 254191 269188 998487 -1 -1 12346 0.0375926
Chain
	Aln	0	-HG002_ont_1107_start_255197 1 14998 15000 +edge_1_0_+disjointig_1_0_998487 729298 744295 998487 -1 -1 12346 0.0375926
Chain
	Aln	1	+HG002_ont_1109_start_404334 36 14998 15000 -edge_1_0_+disjointig_1_0_998487 403363 418325 998487 -1 -1 12384 0.0403337
Chain
	Aln	0	-HG002_ont_1109_start_404334 1 14963 15000 +edge_1_0_+disjointig_1_0_998487 580161 595123 998487 -1 -1 12384 0.0403337
Chain
	Aln	1	+HG002_ont_1108_start_917331 41 14998 15000 -edge_1_0_+disjointig_1_0_998487 916365 931322 998487 -1 -1 12070 0.044402
Chain
	Aln	0	-HG002_ont_1108_start_917331 1 14958 15000 +edge_1_0_+disjointig_1_0_998487 67164 82121 998487 -1 -1 12070 0.044402
Chain
	Aln	1	+HG002_ont_1111_start_786881 1 14998 15000 -edge_1_0_+disjointig_1_0_998487 785875 800872 998487 -1 -1 12284 0.041893
Chain
	Aln	0	-HG002_ont_1111_start_786881 1 14998 15000 +edge_1_0_+disjointig_1_0_998487 197614 212611 998487 -1 -1 12284 0.041893
Chain
	Aln	1	+HG002_ont_1110_start_491587 0 14948 15000 -edge_1_0_+disjointig_1_0_998487 490580 505528 998487 -1 -1 12290 0.0393955
Chain
	Aln	0	-HG002_ont_1110_start_491587 51 14999 15000 +edge_1_0_+disjointig_1_0_998487 492958 507906 998487 -1 -1 12290 0.0393955
Chain
	Aln	1	+HG002_ont_1112_start_59533 1 14998 15000 -edge_1_0_+disjointig_1_0_998487 58527 73524 998487 -1 -1 12211 0.0409491
Chain
	Aln	0	-HG002_ont_1112_start_59533 1 14998 15000 +edge_1_0_+disjointig_1_0_998487 924962 939959 998487 -1 -1 12211 0.0409491
Chain
	Aln	1	+HG002_ont_1114_start_88419 11 14996 15000 -edge_1_0_+disjointig_1_0_998487 87423 102408 998487 -1 -1 12465 0.038331
Chain
	Aln	0	-HG002_ont_1114_start_88419 3 14988 15000 +edge_1_0_+disjointig_1_0_998487 896078 911063 998487 -1 -1 12465 0.038331
Chain
	Aln	1	+HG002_ont_1113_start_542172 17 14998 15000 -edge_1_0_+disjointig_1_0_998487 541182 556163 998487 -1 -1 12009 0.0438059
Chain
	Aln	0	-HG002_ont_1113_start_542172 1 14982 15000 +edge_1_0_+disjointig_1_0_998487 442323 457304 998487 -1 -1 12009 0.0438059
Chain
	Aln	1	+HG002_ont_1115_start_373022 11 14991 15000 -edge_1_0_+disjointig_1_0_998487 372026 387006 998487 -1 -1 12357 0.0408667
Chain
	Aln	0	-HG002_ont_1115_start_373022 8 14988 15000 +edge_1_0_+disjointig_1_0_998487 611480 626460 998487 -1 -1 12357 0.0408667
Chain
	Aln	1	+HG002_ont_1117_start_57036 1 14967 15000 -edge_1_0_+disjointig_1_0_998487 56030 70996 998487 -1 -1 12335 0.0399837
Chain
	Aln	0	-HG002_ont_1117_start_57036 32 14998 15000 +edge_1_0_+disjointig_1_0_998487 927490 942456 998487 -1 -1 12335 0.0399837
Chain
	Aln	1	+HG002_ont_1118_start_228523 7 14973 15000 -edge_1_0_+disjointig_1_0_998487 227523 242489 998487 -1 -1 12106 0.0408983
Chain
	Aln	0	-HG002_ont_1118_start_228523 26 14992 15000 +edge_1_0_+disjointig_1_0_998487 755997 770963 998487 -1 -1 12106 0.0408983
Chain
	Aln	1	+HG002_ont_1119_start_552236 0 14998 15000 -edge_1_0_+disjointig_1_0_998487 551229 566227 998487 -1 -1 12244 0.0422176
Chain
	Aln	0	-HG002_ont_1119_start_552236 1 14999 15000 +edge_1_0_+disjointig_1_0_998487 432259 447257 998487 -1 -1 12244 0.0422176
Chain
	Aln	1	+HG002_ont_1116_start_674296 34 14998 15000 -edge_1_0_+disjointig_1_0_998487 673323 688287 998487 -1 -1 12462 0.0392436
Chain
	Aln	0	-HG002_ont_1116_start_674296 1 14965 15000 +edge_1_0_+disjointig_1_0_998487 310199 325163 998487 -1 -1 12462 0.0392436
Chain
	Aln	1	+HG002_ont_1122_start_498841 1 14995 15000 -edge_1_0_+disjointig_1_0_998487 497835 512829 998487 -1 -1 12540 0.0380434
Chain
	Aln	0	-HG002_ont_1122_start_498841 4 14998 15000 +edge_1_0_+disjointig_1_0_998487 485657 500651 998487 -1 -1 12540 0.0380434
Chain
	Aln	1	+HG002_ont_1120_start_904928 13 14992 15000 -edge_1_0_+disjointig_1_0_998487 903934 918913 998487 -1 -1 12064 0.0433451
Chain
	Aln	0	-HG002_ont_1120_start_904928 7 14986 15000 +edge_1_0_+disjointig_1_0_998487 79573 94552 998487 -1 -1 12064 0.0433451
Chain
	Aln	1	+HG002_ont_1121_start_618499 18 14997 15000 -edge_1_0_+disjointig_1_0_998487 617510 632489 998487 -1 -1 12613 0.0369671
Chain
	Aln	0	-HG002_ont_1121_start_618499 2 14981 15000 +edge_1_0_+disjointig_1_0_998487 365997 380976 998487 -1 -1 12613 0.0369671
Chain
	Aln	1	+HG002_ont_1123_start_149701 43 14984 15000 -edge_1_0_+disjointig_1_0_998487 148737 163678 998487 -1 -1 12135 0.0389619
Chain
	Aln	0	-HG002_ont_1123_start_149701 15 14956 15000 +edge_1_0_+disjointig_1_0_998487 834808 849749 998487 -1 -1 12135 0.0389619
Chain
	Aln	1	+HG002_ont_1124_start_660664 0 14985 15000 -edge_1_0_+disjointig_1_0_998487 659657 674642 998487 -1 -1 12216 0.0412414
Chain
	Aln	0	-HG002_ont_1124_start_660664 14 14999 15000 +edge_1_0_+disjointig_1_0_998487 323844 338829 998487 -1 -1 12216 0.0412414
Chain
	Aln	1	+HG002_ont_1127_start_277790 22 14998 15000 -edge_1_0_+disjointig_1_0_998487 276805 291781 998487 -1 -1 12341 0.0401006
Chain
	Aln	0	-HG002_ont_1127_start_277790 1 14977 15000 +edge_1_0_+disjointig_1_0_998487 706705 721681 998487 -1 -1 12341 0.0401006
Chain
	Aln	1	+HG002_ont_1125_start_242701 31 14998 15000 -edge_1_0_+disjointig_1_0_998487 241725 256692 998487 -1 -1 12627 0.0387292
Chain
	Aln	0	-HG002_ont_1125_start_242701 1 14968 15000 +edge_1_0_+disjointig_1_0_998487 741794 756761 998487 -1 -1 12627 0.0387292
Chain
	Aln	1	+HG002_ont_1126_start_702160 15 14971 15000 -edge_1_0_+disjointig_1_0_998487 701168 716124 998487 -1 -1 11952 0.0440477
Chain
	Aln	0	-HG002_ont_1126_start_702160 28 14984 15000 +edge_1_0_+disjointig_1_0_998487 282362 297318 998487 -1 -1 11952 0.0440477
Chain
	Aln	1	+HG002_ont_1128_start_775278 12 14998 15000 -edge_1_0_+disjointig_1_0_998487 774283 789269 998487 -1 -1 12387 0.041032
Chain
	Aln	0	-HG002_ont_1128_start_775278 1 14987 15000 +edge_1_0_+disjointig_1_0_998487 209217 224203 998487 -1 -1 12387 0.041032
Chain
	Aln	1	+HG002_ont_1129_start_971112 16 14998 15000 -edge_1_0_+disjointig_1_0_998487 970121 985103 998487 -1 -1 12198 0.0412454
Chain
	Aln	0	-HG002_ont_1129_start_971112 1 14983 15000 +edge_1_0_+disjointig_1_0_998487 13383 28365 998487 -1 -1 12198 0.0412454
Chain
	Aln	1	+HG002_ont_1130_start_181807 1 14978 15000 -edge_1_0_+disjointig_1_0_998487 180801 195778 998487 -1 -1 11906 0.0447825
Chain
	Aln	0	-HG002_ont_1130_start_181807 21 14998 15000 +edge_1_0_+disjointig_1_0_998487 802708 817685 998487 -1 -1 11906 0.0447825
Chain
	Aln	1	+HG002_ont_1132_start_7991 14 14998 15000 -edge_1_0_+disjointig_1_0_998487 6998 21982 998487 -1 -1 12651 0.0378919
Chain
	Aln	0	-HG002_ont_1132_start_7991 1 14985 15000 +edge_1_0_+disjointig_1_0_998487 976504 991488 998487 -1 -1 12651 0.0378919
Chain
	Aln	1	+HG002_ont_1131_start_875035 26 14998 15000 -edge_1_0_+disjointig_1_0_998487 874054 889026 998487 -1 -1 12423 0.0399453
Chain
	Aln	0	-HG002_ont_1131_start_875035 1 14973 15000 +edge_1_0_+disjointig_1_0_998487 109460 124432 998487 -1 -1 12423 0.0399453
Chain
	Aln	1	+HG002_ont_1133_start_379779 86 14998 15000 -edge_1_0_+disjointig_1_0_998487 378858 393770 998487 -1 -1 12410 0.0393152
Chain
	Aln	0	-HG002_ont_1133_start_379779 1 14913 15000 +edge_1_0_+disjointig_1_0_998487 604716 619628 998487 -1 -1 12410 0.0393152
Chain
	Aln	1	+HG002_ont_1135_start_566976 4 14997 15000 -edge_1_0_+disjointig_1_0_998487 565973 580966 998487 -1 -1 12046 0.0436797
Chain
	Aln	0	-HG002_ont_1135_start_566976 2 14995 15000 +edge_1_0_+disjointig_1_0_998487 417520 432513 998487 -1 -1 12046 0.0436797
Chain
	Aln	1	+HG002_ont_1134_start_316271 12 14993 15000 -edge_1_0_+disjointig_1_0_998487 315276 330257 998487 -1 -1 12384 0.0404083
Chain
	Aln	0	-HG002_ont_1134_start_316271 6 14987 15000 +edge_1_0_+disjointig_1_0_998487 668229 683210 998487 -1 -1 12384 0.0404083
Chain
	Aln	1	+HG002_ont_1136_start_638757 3 14998 15000 -edge_1_0_+disjointig_1_0_998487 637753 652748 998487 -1 -1 12632 0.0370079
Chain
	Aln	0	-HG002_ont_1136_start_638757 1 14996 15000 +edge_1_0_+disjointig_1_0_998487 345738 360733 998487 -1 -1 12632 0.0370079
Chain
	Aln	1	+HG002_ont_1137_start_623189 14 14992 15000 -edge_1_0_+disjointig_1_0_998487 622196 637174 998487 -1 -1 12376 0.0403341
Chain
	Aln	0	-HG002_ont_1137_start_623189 7 14985 15000 +edge_1_0_+disjointig_1_0_998487 361312 376290 998487 -1 -1 12376 0.0403341
Chain
	Aln	1	+HG002_ont_1138_start_91072 8 14998 15000 -edge_1_0_+disjointig_1_0_998487 90073 105063 998487 -1 -1 12569 0.0381702
Chain
	Aln	0	-HG002_ont_1138_start_91072 1 14991 15000 +edge_1_0_+disjointig_1_0_998487 893423 908413 998487 -1 -1 12569 0.0381702
Chain
	Aln	1	+HG002_ont_1139_start_279040 4 14957 15000 -edge_1_0_+disjointig_1_0_998487 278037 292990 998487 -1 -1 12153 0.0418723
Chain
	Aln	0	-HG002_ont_1139_start_279040 42 14995 15000 +edge_1_0_+disjointig_1_0_998487 705496 720449 998487 -1 -1 12153 0.0418723
Chain
	Aln	1	+HG002_ont_1141_start_967505 17 14990 15000 -edge_1_0_+disjointig_1_0_998487 966515 981488 998487 -1 -1 12151 0.0404472
Chain
	Aln	0	-HG002_ont_1141_start_967505 9 14982 15000 +edge_1_0_+disjointig_1_0_998487 16998 31971 998487 -1 -1 12151 0.0404472
Chain
	Aln	1	+HG002_ont_1140_start_203093 1 14998 15000 -edge_1_0_+disjointig_1_0_998487 202087 217084 998487 -1 -1 12351 0.0387559
Chain
	Aln	0	-HG002_ont_1140_start_203093 1 14998 15000 +edge_1_0_+disjointig_1_0_998487 781402 796399 998487 -1 -1 12351 0.0387559
Chain
	Aln	1	+HG002_ont_1142_start_49358 1 14989 15000 -edge_1_0_+disjointig_1_0_998487 48352 63340 998487 -1 -1 12432 0.0388344
Chain
	Aln	0	-HG002_ont_1142_start_49358 10 14998 15000 +edge_1_0_+disjointig_1_0_998487 935146 950134 998487 -1 -1 12432 0.0388344
Chain
	Aln	1	+HG002_ont_1143_start_648057 1 14971 15000 -edge_1_0_+disjointig_1_0_998487 647051 662021 998487 -1 -1 12083 0.043154
Chain
	Aln	0	-HG002_ont_1143_start_648057 28 14998 15000 +edge_1_0_+disjointig_1_0_998487 336465 351435 998487 -1 -1 12083 0.043154
Chain
	Aln	1	+HG002_ont_1144_start_878322 1 14990 15000 -edge_1_0_+disjointig_1_0_998487 877316 892305 998487 -1 -1 12747 0.0381512
Chain
	Aln	0	-HG002_ont_1144_start_878322 9 14998 15000 +edge_1_0_+disjointig_1_0_998487 106181 121170 998487 -1 -1 12747 0.0381512
Chain
	Aln	1	+HG002_ont_1145_start_174363 1 14993 15000 -edge_1_0_+disjointig_1_0_998487 173357 188349 998487 -1 -1 12258 0.0409374
Chain
	Aln	0	-HG002_ont_1145_start_174363 6 14998 15000 +edge_1_0_+disjointig_1_0_998487 810137 825129 998487 -1 -1 12258 0.0409374
Chain
	Aln	1	+HG002_ont_1146_start_124092 3 14969 15000 -edge_1_0_+disjointig_1_0_998487 123088 138054 998487 -1 -1 12262 0.0391902
Chain
	Aln	0	-HG002_ont_1146_start_124092 30 14996 15000 +edge_1_0_+disjointig_1_0_998487 860432 875398 998487 -1 -1 12262 0.0391902
Chain
	Aln	1	+HG002_ont_1147_start_930158 15 14998 15000 -edge_1_0_+disjointig_1_0_998487 929166 944149 998487 -1 -1 11951 0.0440292
Chain
	Aln	0	-HG002_ont_1147_start_930158 1 14984 15000 +edge_1_0_+disjointig_1_0_998487 54337 69320 998487 -1 -1 11951 0.0440292
Chain
	Aln	1	+HG002_ont_1149_start_744136 1 14998 15000 -edge_1_0_+disjointig_1_0_998487 743130 758127 998487 -1 -1 12371 0.0394575
Chain
	Aln	0	-HG002_ont_1149_start_744136 1 14998 15000 +edge_1_0_+disjointig_1_0_998487 240359 255356 998487 -1 -1 12371 0.0394575
Chain
	Aln	1	+HG002_ont_1148_start_124596 13 14998 15000 -edge_1_0_+disjointig_1_0_998487 123602 138587 998487 -1 -1 12473 0.0409808
Chain
	Aln	0	-HG002_ont_1148_start_124596 1 14986 15000 +edge_1_0_+disjointig_1_0_998487 859899 874884 998487 -1 -1 12473 0.0409808
Chain
	Aln	1	+HG002_ont_1150_start_959230 18 14988 15000 -edge_1_0_+disjointig_1_0_998487 958241 973211 998487 -1 -1 12254 0.041135
Chain
	Aln	0	-HG002_ont_1150_start_959230 11 14981 15000 +edge_1_0_+disjointig_1_0_998487 25275 40245 998487 -1 -1 12254 0.041135
Chain
	Aln	1	+HG002_ont_1151_start_117014 1 14974 15000 -edge_1_0_+disjointig_1_0_998487 116008 130981 998487 -1 -1 12276 0.0394785
Chain
	Aln	0	-HG002_ont_1151_start_117014 25 14998 15000 +edge_1_0_+disjointig_1_0_998487 867505 882478 998487 -1 -1 12276 0.0394785
Chain
	Aln	1	+HG002_ont_1154_start_150939 52 14998 15000 -edge_1_0_+disjointig_1_0_998487 149984 164930 998487 -1 -1 12258 0.0425463
Chain
	Aln	0	-HG002_ont_1154_start_150939 1 14947 15000 +edge_1_0_+disjointig_1_0_998487 833556 848502 998487 -1 -1 12258 0.0425463
Chain
	Aln	1	+HG002_ont_1152_start_70067 1 14998 15000 -edge_1_0_+disjointig_1_0_998487 69061 84058 998487 -1 -1 12513 0.0403386
Chain
	Aln	0	-HG002_ont_1152_start_70067 1 14998 15000 +edge_1_0_+disjointig_1_0_998487 914428 929425 998487 -1 -1 12513 0.0403386
Chain
	Aln	1	+HG002_ont_1153_start_572435 18 14993 15000 -edge_1_0_+disjointig_1_0_998487 571446 586421 998487 -1 -1 12197 0.0407213
Chain
	Aln	0	-HG002_ont_1153_start_572435 6 14981 15000 +edge_1_0_+disjointig_1_0_998487 412065 427040 998487 -1 -1 12197 0.0407213
Chain
	Aln	1	+HG002_ont_1155_start_491748 1 14989 15000 -edge_1_0_+disjointig_1_0_998487 490742 505730 998487 -1 -1 12475 0.0399771
Chain
	Aln	0	-HG002_ont_1155_start_491748 10 14998 15000 +edge_1_0_+disjointig_1_0_998487 492756 507744 998487 -1 -1 12475 0.0399771
Chain
	Aln	1	+HG002_ont_1156_start_311261 1 14998 15000 -edge_1_0_+disjointig_1_0_998487 310255 325252 998487 -1 -1 12208 0.0405961
Chain
	Aln	0	-HG002_ont_1156_start_311261 1 14998 15000 +edge_1_0_+disjointig_1_0_998487 673234 688231 998487 -1 -1 12208 0.0405961
Chain
	Aln	1	+HG002_ont_1157_start_38253 18 14998 15000 -edge_1_0_+disjointig_1_0_998487 37264 52244 998487 -1 -1 12212 0.0408745
Chain
	Aln	0	-HG002_ont_1157_start_38253 1 14981 15000 +edge_1_0_+disjointig_1_0_998487 946242 961222 998487 -1 -1 12212 0.0408745
Chain
	Aln	1	+HG002_ont_1158_start_598850 1 14998 15000 -edge_1_0_+disjointig_1_0_998487 597844 612841 998487 -1 -1 12364 0.0398809
Chain
	Aln	0	-HG002_ont_1158_start_598850 1 14998 15000 +edge_1_0_+disjointig_1_0_998487 385645 400642 998487 -1 -1 12364 0.0398809
Chain
	Aln	1	+HG002_ont_1159_start_982641 2 14998 15000 -edge_1_0_+disjointig_1_0_998487 981636 996632 998487 -1 -1 12308 0.0409373
Chain
	Aln	0	-HG002_ont_1159_start_982641 1 14997 15000 +edge_1_0_+disjointig_1_0_998487 1854 16850 998487 -1 -1 12308 0.0409373
Chain
	Aln	1	+HG002_ont_1161_start_580617 1 14952 15000 -edge_1_0_+disjointig_1_0_998487 579611 594562 998487 -1 -1 12228 0.0402592
Chain
	Aln	0	-HG002_ont_1161_start_580617 47 14998 15000 +edge_1_0_+disjointig_1_0_998487 403924 418875 998487 -1 -1 12228 0.0402592
Chain
	Aln	1	+HG002_ont_1160_start_193633 1 14998 15000 -edge_1_0_+disjointig_1_0_998487 192627 207624 998487 -1 -1 12269 0.0399969
Chain
	Aln	0	-HG002_ont_1160_start_193633 1 14998 15000 +edge_1_0_+disjointig_1_0_998487 790862 805859 998487 -1 -1 12269 0.0399969
Chain
	Aln	1	+HG002_ont_1162_start_317025 13 14945 15000 -edge_1_0_+disjointig_1_0_998487 316031 330963 998487 -1 -1 12710 0.0370109
Chain
	Aln	0	-HG002_ont_1162_start_317025 54 14986 15000 +edge_1_0_+disjointig_1_0_998487 667523 682455 998487 -1 -1 12710 0.0370109
Chain
	Aln	1	+HG002_ont_1163_start_648964 1 14998 15000 -edge_1_0_+disjointig_1_0_998487 647958 662955 998487 -1 -1 12296 0.0432191
Chain
	Aln	0	-HG002_ont_1163_start_648964 1 14998 15000 +edge_1_0_+disjointig_1_0_998487 335531 350528 998487 -1 -1 12296 0.0432191
Chain
	Aln	1	+HG002_ont_1165_start_413432 17 14998 15000 -edge_1_0_+disjointig_1_0_998487 412442 427423 998487 -1 -1 12123 0.0422233
Chain
	Aln	0	-HG002_ont_1165_start_413432 1 14982 15000 +edge_1_0_+disjointig_1_0_998487 571063 586044 998487 -1 -1 12123 0.0422233
Chain
	Aln	1	+HG002_ont_1164_start_120590 60 14998 15000 -edge_1_0_+disjointig_1_0_998487 119643 134581 998487 -1 -1 12236 0.0417892
Chain
	Aln	0	-HG002_ont_1164_start_120590 1 14939 15000 +edge_1_0_+disjointig_1_0_998487 863905 878843 998487 -1 -1 12236 0.0417892
Chain
	Aln	1	+HG002_ont_1166_start_733332 34 14998 15000 -edge_1_0_+disjointig_1_0_998487 732359 747323 998487 -1 -1 12269 0.0422693
Chain
	Aln	0	-HG002_ont_1166_start_733332 1 14965 15000 +edge_1_0_+disjointig_1_0_998487 251163 266127 998487 -1 -1 12269 0.0422693
Chain
	Aln	1	+HG002_ont_1167_start_116562 1 14984 15000 -edge_1_0_+disjointig_1_0_998487 115556 130539 998487 -1 -1 12322 0.0402759
Chain
	Aln	0	-HG002_ont_1167_start_116562 15 14998 15000 +edge_1_0_+disjointig_1_0_998487 867947 882930 998487 -1 -1 12322 0.0402759
Chain
	Aln	1	+HG002_ont_1168_start_745984 0 14996 15000 -edge_1_0_+disjointig_1_0_998487 744977 759973 998487 -1 -1 12115 0.039823
Chain
	Aln	0	-HG002_ont_1168_start_745984 3 14999 15000 +edge_1_0_+disjointig_1_0_998487 238513 253509 998487 -1 -1 12115 0.039823
Chain
	Aln	1	+HG002_ont_1169_start_612837 1 14990 15000 -edge_1_0_+disjointig_1_0_998487 611831 626820 998487 -1 -1 12291 0.0402916
Chain
	Aln	0	-HG002_ont_1169_start_612837 9 14998 15000 +edge_1_0_+disjointig_1_0_998487 371666 386655 998487 -1 -1 12291 0.0402916
Chain
	Aln	1	+HG002_ont_1170_start_813557 6 14998 15000 -edge_1_0_+disjointig_1_0_998487 812556 827548 998487 -1 -1 12570 0.0390175
Chain
	Aln	0	-HG002_ont_1170_start_813557 1 14993 15000 +edge_1_0_+disjointig_1_0_998487 170938 185930 998487 -1 -1 12570 0.0390175
Chain
	Aln	1	+HG002_ont_1171_start_467355 18 14998 15000 -edge_1_0_+disjointig_1_0_998487 466366 481346 998487 -1 -1 12170 0.0417144
Chain
	Aln	0	-HG002_ont_1171_start_467355 1 14981 15000 +edge_1_0_+disjointig_1_0_998487 517140 532120 998487 -1 -1 12170 0.0417144
Chain
	Aln	1	+HG002_ont_1172_start_284243 26 14993 15000 -edge_1_0_+disjointig_1_0_998487 283262 298229 998487 -1 -1 12434 0.0393474
Chain
	Aln	0	-HG002_ont_1172_start_284243 6 14973 15000 +edge_1_0_+disjointig_1_0_998487 700257 715224 998487 -1 -1 12434 0.0393474
Chain
	Aln	1	+HG002_ont_1173_start_782475 16 14987 15000 -edge_1_0_+disjointig_1_0_998487 781484 796455 998487 -1 -1 12577 0.0387601
Chain
	Aln	0	-HG002_ont_1173_start_782475 12 14983 15000 +edge_1_0_+disjointig_1_0_998487 202031 217002 998487 -1 -1 12577 0.0387601
Chain
	Aln	1	+HG002_ont_1176_start_286984 0 14998 15000 -edge_1_0_+disjointig_1_0_998487 285977 300975 998487 -1 -1 12153 0.0392929
Chain
	Aln	0	-HG002_ont_1176_start_286984 1 14999 15000 +edge_1_0_+disjointig_1_0_998487 697511 712509 998487 -1 -1 12153 0.0392929
Chain
	Aln	1	+HG002_ont_1175_start_305861 1 14998 15000 -edge_1_0_+disjointig_1_0_998487 304855 319852 998487 -1 -1 12273 0.0400899
Chain
	Aln	0	-HG002_ont_1175_start_305861 1 14998 15000 +edge_1_0_+disjointig_1_0_998487 678634 693631 998487 -1 -1 12273 0.0400899
Chain
	Aln	1	+HG002_ont_1174_start_835837 27 14979 15000 -edge_1_0_+disjointig_1_0_998487 834857 849809 998487 -1 -1 12262 0.0435846
Chain
	Aln	0	-HG002_ont_1174_start_835837 20 14972 15000 +edge_1_0_+disjointig_1_0_998487 148677 163629 998487 -1 -1 12262 0.0435846
Chain
	Aln	1	+HG002_ont_1177_start_559192 1 14998 15000 -edge_1_0_+disjointig_1_0_998487 558186 573183 998487 -1 -1 12131 0.041328
Chain
	Aln	0	-HG002_ont_1177_start_559192 1 14998 15000 +edge_1_0_+disjointig_1_0_998487 425303 440300 998487 -1 -1 12131 0.041328
Chain
	Aln	1	+HG002_ont_1178_start_254184 26 14998 15000 -edge_1_0_+disjointig_1_0_998487 253203 268175 998487 -1 -1 12171 0.0440192
Chain
	Aln	0	-HG002_ont_1178_start_254184 1 14973 15000 +edge_1_0_+disjointig_1_0_998487 730311 745283 998487 -1 -1 12171 0.0440192
Chain
	Aln	1	+HG002_ont_1179_start_392503 10 14985 15000 -edge_1_0_+disjointig_1_0_998487 391506 406481 998487 -1 -1 12467 0.0388822
Chain
	Aln	0	-HG002_ont_1179_start_392503 14 14989 15000 +edge_1_0_+disjointig_1_0_998487 592005 606980 998487 -1 -1 12467 0.0388822
Chain
	Aln	1	+HG002_ont_1180_start_870791 1 14971 15000 -edge_1_0_+disjointig_1_0_998487 869785 884755 998487 -1 -1 12323 0.041476
Chain
	Aln	0	-HG002_ont_1180_start_870791 28 14998 15000 +edge_1_0_+disjointig_1_0_998487 113731 128701 998487 -1 -1 12323 0.041476
Chain
	Aln	1	+HG002_ont_1182_start_711596 8 14998 15000 -edge_1_0_+disjointig_1_0_998487 710597 725587 998487 -1 -1 11993 0.0431835
Chain
	Aln	0	-HG002_ont_1182_start_711596 1 14991 15000 +edge_1_0_+disjointig_1_0_998487 272899 287889 998487 -1 -1 11993 0.0431835
Chain
	Aln	1	+HG002_ont_1181_start_720133 17 14987 15000 -edge_1_0_+disjointig_1_0_998487 719143 734113 998487 -1 -1 12452 0.0417231
Chain
	Aln	0	-HG002_ont_1181_start_720133 12 14982 15000 +edge_1_0_+disjointig_1_0_998487 264373 279343 998487 -1 -1 12452 0.0417231
Chain
	Aln	1	+HG002_ont_1183_start_984494 0 14998 15000 -edge_1_0_+disjointig_1_0_998487 983487 998485 998487 -1 -1 12424 0.0379693
Chain
	Aln	0	-HG002_ont_1183_start_984494 1 14999 15000 +edge_1_0_+disjointig_1_0_998487 1 14999 998487 -1 -1 12424 0.0379693
Chain
	Aln	1	+HG002_ont_1185_start_407987 1 14912 15000 -edge_1_0_+disjointig_1_0_998487 406981 421892 998487 -1 -1 12331 0.0413074
Chain
	Aln	0	-HG002_ont_1185_start_407987 87 14998 15000 +edge_1_0_+disjointig_1_0_998487 576594 591505 998487 -1 -1 12331 0.0413074
Chain
	Aln	1	+HG002_ont_1184_start_433927 1 14985 15000 -edge_1_0_+disjointig_1_0_998487 432921 447905 998487 -1 -1 12416 0.0401709
Chain
	Aln	0	-HG002_ont_1184_start_433927 14 14998 15000 +edge_1_0_+disjointig_1_0_998487 550581 565565 998487 -1 -1 12416 0.0401709
Chain
	Aln	1	+HG002_ont_1186_start_622081 1 14964 15000 -edge_1_0_+disjointig_1_0_998487 621075 636038 998487 -1 -1 12036 0.0422089
Chain
	Aln	0	-HG002_ont_1186_start_622081 35 14998 15000 +edge_1_0_+disjointig_1_0_998487 362448 377411 998487 -1 -1 12036 0.0422089
Chain
	Aln	1	+HG002_ont_1187_start_301660 15 14998 15000 -edge_1_0_+disjointig_1_0_998487 300668 315651 998487 -1 -1 12300 0.0393336
Chain
	Aln	0	-HG002_ont_1187_start_301660 1 14984 15000 +edge_1_0_+disjointig_1_0_998487 682835 697818 998487 -1 -1 12300 0.0393336
Chain
	Aln	1	+HG002_ont_1189_start_134825 1 14989 15000 -edge_1_0_+disjointig_1_0_998487 133819 148807 998487 -1 -1 12439 0.0400081
Chain
	Aln	0	-HG002_ont_1189_start_134825 10 14998 15000 +edge_1_0_+disjointig_1_0_998487 849679 864667 998487 -1 -1 12439 0.0400081
Chain
	Aln	1	+HG002_ont_1188_start_165054 1 14998 15000 -edge_1_0_+disjointig_1_0_998487 164048 179045 998487 -1 -1 12566 0.0401753
Chain
	Aln	0	-HG002_ont_1188_start_165054 1 14998 15000 +edge_1_0_+disjointig_1_0_998487 819441 834438 998487 -1 -1 12566 0.0401753
Chain
	Aln	1	+HG002_ont_1191_start_802200 0 14998 15000 -edge_1_0_+disjointig_1_0_998487 801193 816191 998487 -1 -1 12332 0.0396381
Chain
	Aln	0	-HG002_ont_1191_start_802200 1 14999 15000 +edge_1_0_+disjointig_1_0_998487 182295 197293 998487 -1 -1 12332 0.0396381
Chain
	Aln	1	+HG002_ont_1190_start_120157 1 14998 15000 -edge_1_0_+disjointig_1_0_998487 119151 134148 998487 -1 -1 12167 0.0409177
Chain
	Aln	0	-HG002_ont_1190_start_120157 1 14998 15000 +edge_1_0_+disjointig_1_0_998487 864338 879335 998487 -1 -1 12167 0.0409177
Chain
	Aln	1	+HG002_ont_1192_start_692180 1 14998 15000 -edge_1_0_+disjointig_1_0_998487 691174 706171 998487 -1 -1 12621 0.0397497
Chain
	Aln	0	-HG002_ont_1192_start_692180 1 14998 15000 +edge_1_0_+disjointig_1_0_998487 292315 307312 998487 -1 -1 12621 0.0397497
Chain
	Aln	1	+HG002_ont_1193_start_19020 3 14998 15000 -edge_1_0_+disjointig_1_0_998487 18016 33011 998487 -1 -1 12129 0.0426173
Chain
	Aln	0	-HG002_ont_1193_start_19020 1 14996 15000 +edge_1_0_+disjointig_1_0_998487 965475 980470 998487 -1 -1 12129 0.0426173
Chain
	Aln	1	+HG002_ont_1194_start_556927 1 14998 15000 -edge_1_0_+disjointig_1_0_998487 555921 570918 998487 -1 -1 12192 0.0409727
Chain
	Aln	0	-HG002_ont_1194_start_556927 1 14998 15000 +edge_1_0_+disjointig_1_0_998487 427568 442565 998487 -1 -1 12192 0.0409727
Chain
	Aln	1	+HG002_ont_1195_start_270843 1 14951 15000 -edge_1_0_+disjointig_1_0_998487 269837 284787 998487 -1 -1 12226 0.0398975
Chain
	Aln	0	-HG002_ont_1195_start_270843 48 14998 15000 +edge_1_0_+disjointig_1_0_998487 713699 728649 998487 -1 -1 12226 0.0398975
Chain
	Aln	1	+HG002_ont_1196_start_475949 1 14985 15000 -edge_1_0_+disjointig_1_0_998487 474943 489927 998487 -1 -1 12230 0.0415071
Chain
	Aln	0	-HG002_ont_1196_start_475949 14 14998 15000 +edge_1_0_+disjointig_1_0_998487 508559 523543 998487 -1 -1 12230 0.0415071
Chain
	Aln	1	+HG002_ont_1197_start_179180 1 14987 15000 -edge_1_0_+disjointig_1_0_998487 178174 193160 998487 -1 -1 12290 0.0406626
Chain
	Aln	0	-HG002_ont_1197_start_179180 12 14998 15000 +edge_1_0_+disjointig_1_0_998487 805326 820312 998487 -1 -1 12290 0.0406626
Chain
	Aln	1	+HG002_ont_1198_start_948730 1 14985 15000 -edge_1_0_+disjointig_1_0_998487 947724 962708 998487 -1 -1 12331 0.0419781
Chain
	Aln	0	-HG002_ont_1198_start_948730 14 14998 15000 +edge_1_0_+disjointig_1_0_998487 35778 50762 998487 -1 -1 12331 0.0419781
Chain
	Aln	1	+HG002_ont_1199_start_577042 68 14949 15000 -edge_1_0_+disjointig_1_0_998487 576103 590984 998487 -1 -1 12098 0.0412606
Chain
	Aln	0	-HG002_ont_1199_start_577042 50 14931 15000 +edge_1_0_+disjointig_1_0_998487 407502 422383 998487 -1 -1 12098 0.0412606
Chain
	Aln	1	+HG002_ont_1200_start_692001 1 14998 15000 -edge_1_0_+disjointig_1_0_998487 690995 705992 998487 -1 -1 12410 0.0395266
Chain
	Aln	0	-HG002_ont_1200_start_692001 1 14998 15000 +edge_1_0_+disjointig_1_0_998487 292494 307491 998487 -1 -1 12410 0.0395266
Chain
	Aln	1	+HG002_ont_1201_start_319986 40 14982 15000 -edge_1_0_+disjointig_1_0_998487 319019 333961 998487 -1 -1 12396 0.0400369
Chain
	Aln	0	-HG002_ont_1201_start_319986 17 14959 15000 +edge_1_0_+disjointig_1_0_998487 664525 679467 998487 -1 -1 12396 0.0400369
Chain
	Aln	1	+HG002_ont_1202_start_354069 1 14992 15000 -edge_1_0_+disjointig_1_0_998487 353063 368054 998487 -1 -1 12247 0.0400199
Chain
	Aln	0	-HG002_ont_1202_start_354069 7 14998 15000 +edge_1_0_+disjointig_1_0_998487 630432 645423 998487 -1 -1 12247 0.0400199
Chain
	Aln	1	+HG002_ont_1204_start_142086 0 14992 15000 -edge_1_0_+disjointig_1_0_998487 141079 156071 998487 -1 -1 12529 0.0387212
Chain
	Aln	0	-HG002_ont_1204_start_142086 7 14999 15000 +edge_1_0_+disjointig_1_0_998487 842415 857407 998487 -1 -1 12529 0.0387212
Chain
	Aln	1	+HG002_ont_1203_start_241555 32 14998 15000 -edge_1_0_+disjointig_1_0_998487 240580 255546 998487 -1 -1 12243 0.0400769
Chain
	Aln	0	-HG002_ont_1203_start_241555 1 14967 15000 +edge_1_0_+disjointig_1_0_998487 742940 757906 998487 -1 -1 12243 0.0400769
Chain
	Aln	1	+HG002_ont_1205_start_793270 18 14998 15000 -edge_1_0_+disjointig_1_0_998487 792281 807261 998487 -1 -1 12283 0.0424775
Chain
	Aln	0	-HG002_ont_1205_start_793270 1 14981 15000 +edge_1_0_+disjointig_1_0_998487 191225 206205 998487 -1 -1 12283 0.0424775
Chain
	Aln	1	+HG002_ont_1206_start_812191 50 14998 15000 -edge_1_0_+disjointig_1_0_998487 811234 826182 998487 -1 -1 12062 0.0406701
Chain
	Aln	0	-HG002_ont_1206_start_812191 1 14949 15000 +edge_1_0_+disjointig_1_0_998487 172304 187252 998487 -1 -1 12062 0.0406701
Chain
	Aln	1	+HG002_ont_1208_start_963149 1 14998 15000 -edge_1_0_+disjointig_1_0_998487 962143 977140 998487 -1 -1 12410 0.0396496
Chain
	Aln	0	-HG002_ont_1208_start_963149 1 14998 15000 +edge_1_0_+disjointig_1_0_998487 21346 36343 998487 -1 -1 12410 0.0396496
Chain
	Aln	1	+HG002_ont_1207_start_793603 7 14986 15000 -edge_1_0_+disjointig_1_0_998487 792603 807582 998487 -1 -1 12459 0.0385944
Chain
	Aln	0	-HG002_ont_1207_start_793603 13 14992 15000 +edge_1_0_+disjointig_1_0_998487 190904 205883 998487 -1 -1 12459 0.0385944
Chain
	Aln	1	+HG002_ont_1209_start_859942 18 14984 15000 -edge_1_0_+disjointig_1_0_998487 858953 873919 998487 -1 -1 11909 0.0437801
Chain
	Aln	0	-HG002_ont_1209_start_859942 15 14981 15000 +edge_1_0_+disjointig_1_0_998487 124567 139533 998487 -1 -1 11909 0.0437801
Chain
	Aln	1	+HG002_ont_1211_start_719846 18 14998 15000 -edge_1_0_+disjointig_1_0_998487 718857 733837 998487 -1 -1 12282 0.0398297
Chain
	Aln	0	-HG002_ont_1211_start_719846 1 14981 15000 +edge_1_0_+disjointig_1_0_998487 264649 279629 998487 -1 -1 12282 0.0398297
Chain
	Aln	1	+HG002_ont_1210_start_568382 9 14995 15000 -edge_1_0_+disjointig_1_0_998487 567384 582370 998487 -1 -1 12324 0.0417859
Chain
	Aln	0	-HG002_ont_1210_start_568382 4 14990 15000 +edge_1_0_+disjointig_1_0_998487 416116 431102 998487 -1 -1 12324 0.0417859
Chain
	Aln	1	+HG002_ont_1212_start_387198 1 14989 15000 -edge_1_0_+disjointig_1_0_998487 386192 401180 998487 -1 -1 12179 0.0425736
Chain
	Aln	0	-HG002_ont_1212_start_387198 10 14998 15000 +edge_1_0_+disjointig_1_0_998487 597306 612294 998487 -1 -1 12179 0.0425736
Chain
	Aln	1	+HG002_ont_1213_start_429360 1 14997 15000 -edge_1_0_+disjointig_1_0_998487 428354 443350 998487 -1 -1 12282 0.0400163
Chain
	Aln	0	-HG002_ont_1213_start_429360 2 14998 15000 +edge_1_0_+disjointig_1_0_998487 555136 570132 998487 -1 -1 12282 0.0400163
Chain
	Aln	1	+HG002_ont_1214_start_160547 9 14998 15000 -edge_1_0_+disjointig_1_0_998487 159549 174538 998487 -1 -1 12386 0.0378592
Chain
	Aln	0	-HG002_ont_1214_start_160547 1 14990 15000 +edge_1_0_+disjointig_1_0_998487 823948 838937 998487 -1 -1 12386 0.0378592
Chain
	Aln	1	+HG002_ont_1216_start_947408 24 14998 15000 -edge_1_0_+disjointig_1_0_998487 946425 961399 998487 -1 -1 12036 0.0430308
Chain
	Aln	0	-HG002_ont_1216_start_947408 1 14975 15000 +edge_1_0_+disjointig_1_0_998487 37087 52061 998487 -1 -1 12036 0.0430308
Chain
	Aln	1	+HG002_ont_1215_start_144506 0 14998 15000 -edge_1_0_+disjointig_1_0_998487 143499 158497 998487 -1 -1 12198 0.0424593
Chain
	Aln	0	-HG002_ont_1215_start_144506 1 14999 15000 +edge_1_0_+disjointig_1_0_998487 839989 854987 998487 -1 -1 12198 0.0424593
Chain
	Aln	1	+HG002_ont_1218_start_982502 13 14998 15000 -edge_1_0_+disjointig_1_0_998487 981508 996493 998487 -1 -1 12384 0.040549
Chain
	Aln	0	-HG002_ont_1218_start_982502 1 14986 15000 +edge_1_0_+disjointig_1_0_998487 1993 16978 998487 -1 -1 12384 0.040549
Chain
	Aln	1	+HG002_ont_1217_start_571881 0 14952 15000 -edge_1_0_+disjointig_1_0_998487 570874 585826 998487 -1 -1 12052 0.0425537
Chain
	Aln	0	-HG002_ont_1217_start_571881 47 14999 15000 +edge_1_0_+disjointig_1_0_998487 412660 427612 998487 -1 -1 12052 0.0425537
Chain
	Aln	1	+HG002_ont_1219_start_139188 0 14998 15000 -edge_1_0_+disjointig_1_0_998487 138181 153179 998487 -1 -1 12333 0.0392623
Chain
	Aln	0	-HG002_ont_1219_start_139188 1 14999 15000 +edge_1_0_+disjointig_1_0_998487 845307 860305 998487 -1 -1 12333 0.0392623
Chain
	Aln	1	+HG002_ont_1222_start_159257 25 14966 15000 -edge_1_0_+disjointig_1_0_998487 158275 173216 998487 -1 -1 12218 0.0401731
Chain
	Aln	0	-HG002_ont_1222_start_159257 33 14974 15000 +edge_1_0_+disjointig_1_0_998487 825270 840211 998487 -1 -1 12218 0.0401731
Chain
	Aln	1	+HG002_ont_1220_start_772701 34 14963 15000 -edge_1_0_+disjointig_1_0_998487 771728 786657 998487 -1 -1 12057 0.0432058
Chain
	Aln	0	-HG002_ont_1220_start_772701 36 14965 15000 +edge_1_0_+disjointig_1_0_998487 211829 226758 998487 -1 -1 12057 0.0432058
Chain
	Aln	1	+HG002_ont_1221_start_447471 16 14986 15000 -edge_1_0_+disjointig_1_0_998487 446480 461450 998487 -1 -1 12167 0.0424706
Chain
	Aln	0	-HG002_ont_1221_start_447471 13 14983 15000 +edge_1_0_+disjointig_1_0_998487 537036 552006 998487 -1 -1 12167 0.0424706
Chain
	Aln	1	+HG002_ont_1223_start_779742 0 14986 15000 -edge_1_0_+disjointig_1_0_998487 778735 793721 998487 -1 -1 12044 0.0422349
Chain
	Aln	0	-HG002_ont_1223_start_779742 13 14999 15000 +edge_1_0_+disjointig_1_0_998487 204765 219751 998487 -1 -1 12044 0.0422349
Chain
	Aln	1	+HG002_ont_1224_start_542606 23 14966 15000 -edge_1_0_+disjointig_1_0_998487 541622 556565 998487 -1 -1 12439 0.0414653
Chain
	Aln	0	-HG002_ont_1224_start_542606 33 14976 15000 +edge_1_0_+disjointig_1_0_998487 441921 456864 998487 -1 -1 12439 0.0414653
Chain
	Aln	1	+HG002_ont_1226_start_820745 10 14982 15000 -edge_1_0_+disjointig_1_0_998487 819748 834720 998487 -1 -1 12190 0.0435972
Chain
	Aln	0	-HG002_ont_1226_start_820745 17 14989 15000 +edge_1_0_+disjointig_1_0_998487 163766 178738 998487 -1 -1 12190 0.0435972
Chain
	Aln	1	+HG002_ont_1225_start_461162 1 14998 15000 -edge_1_0_+disjointig_1_0_998487 460156 475153 998487 -1 -1 12482 0.039588
Chain
	Aln	0	-HG002_ont_1225_start_461162 1 14998 15000 +edge_1_0_+disjointig_1_0_998487 523333 538330 998487 -1 -1 12482 0.039588
Chain
	Aln	1	+HG002_ont_1227_start_412114 3 14998 15000 -edge_1_0_+disjointig_1_0_998487 411110 426105 998487 -1 -1 12426 0.0396417
Chain
	Aln	0	-HG002_ont_1227_start_412114 1 14996 15000 +edge_1_0_+disjointig_1_0_998487 572381 587376 998487 -1 -1 12426 0.0396417
Chain
	Aln	1	+HG002_ont_1230_start_929560 52 14977 15000 -edge_1_0_+disjointig_1_0_998487 928605 943530 998487 -1 -1 12088 0.0422854
Chain
	Aln	0	-HG002_ont_1230_start_929560 22 14947 15000 +edge_1_0_+disjointig_1_0_998487 54956 69881 998487 -1 -1 12088 0.0422854
Chain
	Aln	1	+HG002_ont_1228_start_577639 4 14989 15000 -edge_1_0_+disjointig_1_0_998487 576636 591621 998487 -1 -1 12424 0.0393721
Chain
	Aln	0	-HG002_ont_1228_start_577639 10 14995 15000 +edge_1_0_+disjointig_1_0_998487 406865 421850 998487 -1 -1 12424 0.0393721
Chain
	Aln	1	+HG002_ont_1229_start_13146 1 14998 15000 -edge_1_0_+disjointig_1_0_998487 12140 27137 998487 -1 -1 12148 0.0427305
Chain
	Aln	0	-HG002_ont_1229_start_13146 1 14998 15000 +edge_1_0_+disjointig_1_0_998487 971349 986346 998487 -1 -1 12148 0.0427305
Chain
	Aln	1	+HG002_ont_1231_start_86952 17 14996 15000 -edge_1_0_+disjointig_1_0_998487 85962 100941 998487 -1 -1 12416 0.0409021
Chain
	Aln	0	-HG002_ont_1231_start_86952 3 14982 15000 +edge_1_0_+disjointig_1_0_998487 897545 912524 998487 -1 -1 12416 0.0409021
Chain
	Aln	1	+HG002_ont_1232_start_190197 1 14998 15000 -edge_1_0_+disjointig_1_0_998487 189191 204188 998487 -1 -1 12583 0.0399196
Chain
	Aln	0	-HG002_ont_1232_start_190197 1 14998 15000 +edge_1_0_+disjointig_1_0_998487 794298 809295 998487 -1 -1 12583 0.0399196
Chain
	Aln	1	+HG002_ont_1234_start_331337 1 14998 15000 -edge_1_0_+disjointig_1_0_998487 330331 345328 998487 -1 -1 12350 0.0404867
Chain
	Aln	0	-HG002_ont_1234_start_331337 1 14998 15000 +edge_1_0_+disjointig_1_0_998487 653158 668155 998487 -1 -1 12350 0.0404867
Chain
	Aln	1	+HG002_ont_1233_start_194295 24 14998 15000 -edge_1_0_+disjointig_1_0_998487 193312 208286 998487 -1 -1 12080 0.0412615
Chain
	Aln	0	-HG002_ont_1233_start_194295 1 14975 15000 +edge_1_0_+disjointig_1_0_998487 790200 805174 998487 -1 -1 12080 0.0412615
Chain
	Aln	1	+HG002_ont_1235_start_871216 25 14998 15000 -edge_1_0_+disjointig_1_0_998487 870234 885207 998487 -1 -1 12407 0.0408235
Chain
	Aln	0	-HG002_ont_1235_start_871216 1 14974 15000 +edge_1_0_+disjointig_1_0_998487 113279 128252 998487 -1 -1 12407 0.0408235
Chain
	Aln	1	+HG002_ont_1236_start_231248 6 14985 15000 -edge_1_0_+disjointig_1_0_998487 230247 245226 998487 -1 -1 11767 0.0456971
Chain
	Aln	0	-HG002_ont_1236_start_231248 14 14993 15000 +edge_1_0_+disjointig_1_0_998487 753260 768239 998487 -1 -1 11767 0.0456971
Chain
	Aln	1	+HG002_ont_1238_start_665600 6 14979 15000 -edge_1_0_+disjointig_1_0_998487 664599 679572 998487 -1 -1 12176 0.0413845
Chain
	Aln	0	-HG002_ont_1238_start_665600 20 14993 15000 +edge_1_0_+disjointig_1_0_998487 318914 333887 998487 -1 -1 12176 0.0413845
Chain
	Aln	1	+HG002_ont_1239_start_2838 1 14993 15000 -edge_1_0_+disjointig_1_0_998487 1832 16824 998487 -1 -1 12376 0.0389109
Chain
	Aln	0	-HG002_ont_1239_start_2838 6 14998 15000 +edge_1_0_+disjointig_1_0_998487 981662 996654 998487 -1 -1 12376 0.0389109
Chain
	Aln	1	+HG002_ont_1237_start_443051 40 14982 15000 -edge_1_0_+disjointig_1_0_998487 442084 457026 998487 -1 -1 12256 0.0412626
Chain
	Aln	0	-HG002_ont_1237_start_443051 17 14959 15000 +edge_1_0_+disjointig_1_0_998487 541460 556402 998487 -1 -1 12256 0.0412626
Chain
	Aln	1	+HG002_ont_1240_start_340533 1 14983 15000 -edge_1_0_+disjointig_1_0_998487 339527 354509 998487 -1 -1 12356 0.0395138
Chain
	Aln	0	-HG002_ont_1240_start_340533 16 14998 15000 +edge_1_0_+disjointig_1_0_998487 643977 658959 998487 -1 -1 12356 0.0395138
Chain
	Aln	1	+HG002_ont_1241_start_519641 0 14998 15000 -edge_1_0_+disjointig_1_0_998487 518634 533632 998487 -1 -1 12065 0.0424997
Chain
	Aln	0	-HG002_ont_1241_start_519641 1 14999 15000 +edge_1_0_+disjointig_1_0_998487 464854 479852 998487 -1 -1 12065 0.0424997
Chain
	Aln	1	+HG002_ont_1242_start_157368 56 14995 15000 -edge_1_0_+disjointig_1_0_998487 156417 171356 998487 -1 -1 12157 0.0417851
Chain
	Aln	0	-HG002_ont_1242_start_157368 4 14943 15000 +edge_1_0_+disjointig_1_0_998487 827130 842069 998487 -1 -1 12157 0.0417851
Chain
	Aln	1	+HG002_ont_1243_start_694262 8 14993 15000 -edge_1_0_+disjointig_1_0_998487 693263 708248 998487 -1 -1 12432 0.0398029
Chain
	Aln	0	-HG002_ont_1243_start_694262 6 14991 15000 +edge_1_0_+disjointig_1_0_998487 290238 305223 998487 -1 -1 12432 0.0398029
Chain
	Aln	1	+HG002_ont_1244_start_901018 0 14998 15000 -edge_1_0_+disjointig_1_0_998487 900011 915009 998487 -1 -1 12223 0.0418729
Chain
	Aln	0	-HG002_ont_1244_start_901018 1 14999 15000 +edge_1_0_+disjointig_1_0_998487 83477 98475 998487 -1 -1 12223 0.0418729
Chain
	Aln	1	+HG002_ont_1245_start_200119 1 14962 15000 -edge_1_0_+disjointig_1_0_998487 199113 214074 998487 -1 -1 12172 0.0411154
Chain
	Aln	0	-HG002_ont_1245_start_200119 37 14998 15000 +edge_1_0_+disjointig_1_0_998487 784412 799373 998487 -1 -1 12172 0.0411154
Chain
	Aln	1	+HG002_ont_1246_start_929049 0 14986 15000 -edge_1_0_+disjointig_1_0_998487 928042 943028 998487 -1 -1 12395 0.0421143
Chain
	Aln	0	-HG002_ont_1246_start_929049 13 14999 15000 +edge_1_0_+disjointig_1_0_998487 55458 70444 998487 -1 -1 12395 0.0421143
Chain
	Aln	1	+HG002_ont_1248_start_484102 0 14983 15000 -edge_1_0_+disjointig_1_0_998487 483095 498078 998487 -1 -1 12352 0.040167
Chain
	Aln	0	-HG002_ont_1248_start_484102 16 14999 15000 +edge_1_0_+disjointig_1_0_998487 500408 515391 998487 -1 -1 12352 0.040167
Chain
	Aln	1	+HG002_ont_1247_start_477351 24 14966 15000 -edge_1_0_+disjointig_1_0_998487 476368 491310 998487 -1 -1 11841 0.0460146
Chain
	Aln	0	-HG002_ont_1247_start_477351 33 14975 15000 +edge_1_0_+disjointig_1_0_998487 507176 522118 998487 -1 -1 11841 0.0460146
Chain
	Aln	1	+HG002_ont_1249_start_472480 1 14998 15000 -edge_1_0_+disjointig_1_0_998487 471474 486471 998487 -1 -1 12371 0.0418371
Chain
	Aln	0	-HG002_ont_1249_start_472480 1 14998 15000 +edge_1_0_+disjointig_1_0_998487 512015 527012 998487 -1 -1 12371 0.0418371
Chain
	Aln	1	+HG002_ont_1251_start_89940 21 14998 15000 -edge_1_0_+disjointig_1_0_998487 88954 103931 998487 -1 -1 12309 0.0397329
Chain
	Aln	0	-HG002_ont_1251_start_89940 1 14978 15000 +edge_1_0_+disjointig_1_0_998487 894555 909532 998487 -1 -1 12309 0.0397329
Chain
	Aln	1	+HG002_ont_1252_start_258310 17 14991 15000 -edge_1_0_+disjointig_1_0_998487 257320 272294 998487 -1 -1 12021 0.0414758
Chain
	Aln	0	-HG002_ont_1252_start_258310 8 14982 15000 +edge_1_0_+disjointig_1_0_998487 726192 741166 998487 -1 -1 12021 0.0414758
Chain
	Aln	1	+HG002_ont_1250_start_555721 14 14998 15000 -edge_1_0_+disjointig_1_0_998487 554728 569712 998487 -1 -1 12566 0.0388947
Chain
	Aln	0	-HG002_ont_1250_start_555721 1 14985 15000 +edge_1_0_+disjointig_1_0_998487 428774 443758 998487 -1 -1 12566 0.0388947
Chain
	Aln	1	+HG002_ont_1253_start_872959 1 14998 15000 -edge_1_0_+disjointig_1_0_998487 871953 886950 998487 -1 -1 12188 0.0401287
Chain
	Aln	0	-HG002_ont_1253_start_872959 1 14998 15000 +edge_1_0_+disjointig_1_0_998487 111536 126533 998487 -1 -1 12188 0.0401287
Chain
	Aln	1	+HG002_ont_1254_start_566713 1 14981 15000 -edge_1_0_+disjointig_1_0_998487 565707 580687 998487 -1 -1 12124 0.0405607
Chain
	Aln	0	-HG002_ont_1254_start_566713 18 14998 15000 +edge_1_0_+disjointig_1_0_998487 417799 432779 998487 -1 -1 12124 0.0405607
Chain
	Aln	1	+HG002_ont_1255_start_251074 1 14998 15000 -edge_1_0_+disjointig_1_0_998487 250068 265065 998487 -1 -1 12443 0.0385441
Chain
	Aln	0	-HG002_ont_1255_start_251074 1 14998 15000 +edge_1_0_+disjointig_1_0_998487 733421 748418 998487 -1 -1 12443 0.0385441
Chain
	Aln	1	+HG002_ont_1257_start_430099 0 14998 15000 -edge_1_0_+disjointig_1_0_998487 429092 444090 998487 -1 -1 12452 0.0383595
Chain
	Aln	0	-HG002_ont_1257_start_430099 1 14999 15000 +edge_1_0_+disjointig_1_0_998487 554396 569394 998487 -1 -1 12452 0.0383595
Chain
	Aln	1	+HG002_ont_1258_start_695182 11 14998 15000 -edge_1_0_+disjointig_1_0_998487 694186 709173 998487 -1 -1 12339 0.0405334
Chain
	Aln	0	-HG002_ont_1258_start_695182 1 14988 15000 +edge_1_0_+disjointig_1_0_998487 289313 304300 998487 -1 -1 12339 0.0405334
Chain
	Aln	1	+HG002_ont_1256_start_444740 0 14986 15000 -edge_1_0_+disjointig_1_0_998487 443733 458719 998487 -1 -1 12555 0.0383802
Chain
	Aln	0	-HG002_ont_1256_start_444740 13 14999 15000 +edge_1_0_+disjointig_1_0_998487 539767 554753 998487 -1 -1 12555 0.0383802
Chain
	Aln	1	+HG002_ont_1259_start_162704 25 14998 15000 -edge_1_0_+disjointig_1_0_998487 161722 176695 998487 -1 -1 12013 0.0445402
Chain
	Aln	0	-HG002_ont_1259_start_162704 1 14974 15000 +edge_1_0_+disjointig_1_0_998487 821791 836764 998487 -1 -1 12013 0.0445402
Chain
	Aln	1	+HG002_ont_1261_start_744948 19 14971 15000 -edge_1_0_+disjointig_1_0_998487 743960 758912 998487 -1 -1 12386 0.0424403
Chain
	Aln	0	-HG002_ont_1261_start_744948 28 14980 15000 +edge_1_0_+disjointig_1_0_998487 239574 254526 998487 -1 -1 12386 0.0424403
Chain
	Aln	1	+HG002_ont_1263_start_515120 8 14992 15000 -edge_1_0_+disjointig_1_0_998487 514121 529105 998487 -1 -1 12366 0.0422109
Chain
	Aln	0	-HG002_ont_1263_start_515120 7 14991 15000 +edge_1_0_+disjointig_1_0_998487 469381 484365 998487 -1 -1 12366 0.0422109
Chain
	Aln	1	+HG002_ont_1262_start_858401 0 14998 15000 -edge_1_0_+disjointig_1_0_998487 857394 872392 998487 -1 -1 12350 0.0387674
Chain
	Aln	0	-HG002_ont_1262_start_858401 1 14999 15000 +edge_1_0_+disjointig_1_0_998487 126094 141092 998487 -1 -1 12350 0.0387674
Chain
	Aln	1	+HG002_ont_1260_start_543017 0 14973 15000 -edge_1_0_+disjointig_1_0_998487 542010 556983 998487 -1 -1 12051 0.0422563
Chain
	Aln	0	-HG002_ont_1260_start_543017 26 14999 15000 +edge_1_0_+disjointig_1_0_998487 441503 456476 998487 -1 -1 12051 0.0422563
Chain
	Aln	1	+HG002_ont_1264_start_425384 13 14998 15000 -edge_1_0_+disjointig_1_0_998487 424390 439375 998487 -1 -1 12211 0.0400273
Chain
	Aln	0	-HG002_ont_1264_start_425384 1 14986 15000 +edge_1_0_+disjointig_1_0_998487 559111 574096 998487 -1 -1 12211 0.0400273
Chain
	Aln	1	+HG002_ont_1265_start_525249 21 14993 15000 -edge_1_0_+disjointig_1_0_998487 524263 539235 998487 -1 -1 12158 0.0429413
Chain
	Aln	0	-HG002_ont_1265_start_525249 6 14978 15000 +edge_1_0_+disjointig_1_0_998487 459251 474223 998487 -1 -1 12158 0.0429413
Chain
	Aln	1	+HG002_ont_1266_start_24892 7 14998 15000 -edge_1_0_+disjointig_1_0_998487 23892 38883 998487 -1 -1 12124 0.0450228
Chain
	Aln	0	-HG002_ont_1266_start_24892 1 14992 15000 +edge_1_0_+disjointig_1_0_998487 959603 974594 998487 -1 -1 12124 0.0450228
Chain
	Aln	1	+HG002_ont_1267_start_395448 18 14954 15000 -edge_1_0_+disjointig_1_0_998487 394459 409395 998487 -1 -1 12295 0.0416932
Chain
	Aln	0	-HG002_ont_1267_start_395448 45 14981 15000 +edge_1_0_+disjointig_1_0_998487 589091 604027 998487 -1 -1 12295 0.0416932
Chain
	Aln	1	+HG002_ont_1268_start_321268 4 14998 15000 -edge_1_0_+disjointig_1_0_998487 320265 335259 998487 -1 -1 12412 0.0406156
Chain
	Aln	0	-HG002_ont_1268_start_321268 1 14995 15000 +edge_1_0_+disjointig_1_0_998487 663227 678221 998487 -1 -1 12412 0.0406156
Chain
	Aln	1	+HG002_ont_1269_start_403408 0 14998 15000 -edge_1_0_+disjointig_1_0_998487 402401 417399 998487 -1 -1 12098 0.0435346
Chain
	Aln	0	-HG002_ont_1269_start_403408 1 14999 15000 +edge_1_0_+disjointig_1_0_998487 581087 596085 998487 -1 -1 12098 0.0435346
Chain
	Aln	1	+HG002_ont_1270_start_79840 3 14984 15000 -edge_1_0_+disjointig_1_0_998487 78836 93817 998487 -1 -1 12406 0.0386401
Chain
	Aln	0	-HG002_ont_1270_start_79840 15 14996 15000 +edge_1_0_+disjointig_1_0_998487 904669 919650 998487 -1 -1 12406 0.0386401
Chain
	Aln	1	+HG002_ont_1271_start_322442 1 14976 15000 -edge_1_0_+disjointig_1_0_998487 321436 336411 998487 -1 -1 12601 0.0396942
Chain
	Aln	0	-HG002_ont_1271_start_322442 23 14998 15000 +edge_1_0_+disjointig_1_0_998487 662075 677050 998487 -1 -1 12601 0.0396942
Chain
	Aln	1	+HG002_ont_1272_start_832860 31 14998 15000 -edge_1_0_+disjointig_1_0_998487 831884 846851 998487 -1 -1 12263 0.0388204
Chain
	Aln	0	-HG002_ont_1272_start_832860 1 14968 15000 +edge_1_0_+disjointig_1_0_998487 151635 166602 998487 -1 -1 12263 0.0388204
Chain
	Aln	1	+HG002_ont_1274_start_118434 11 14998 15000 -edge_1_0_+disjointig_1_0_998487 117438 132425 998487 -1 -1 11926 0.0449228
Chain
	Aln	0	-HG002_ont_1274_start_118434 1 14988 15000 +edge_1_0_+disjointig_1_0_998487 866061 881048 998487 -1 -1 11926 0.0449228
Chain
	Aln	1	+HG002_ont_1275_start_133342 1 14998 15000 -edge_1_0_+disjointig_1_0_998487 132336 147333 998487 -1 -1 12187 0.0413914
Chain
	Aln	0	-HG002_ont_1275_start_133342 1 14998 15000 +edge_1_0_+disjointig_1_0_998487 851153 866150 998487 -1 -1 12187 0.0413914
Chain
	Aln	1	+HG002_ont_1273_start_392412 19 14981 15000 -edge_1_0_+disjointig_1_0_998487 391424 406386 998487 -1 -1 12455 0.0406545
Chain
	Aln	0	-HG002_ont_1273_start_392412 18 14980 15000 +edge_1_0_+disjointig_1_0_998487 592100 607062 998487 -1 -1 12455 0.0406545
Chain
	Aln	1	+HG002_ont_1276_start_543500 1 14997 15000 -edge_1_0_+disjointig_1_0_998487 542494 557490 998487 -1 -1 12247 0.0415463
Chain
	Aln	0	-HG002_ont_1276_start_543500 2 14998 15000 +edge_1_0_+disjointig_1_0_998487 440996 455992 998487 -1 -1 12247 0.0415463
Chain
	Aln	1	+HG002_ont_1278_start_801132 13 14967 15000 -edge_1_0_+disjointig_1_0_998487 800138 815092 998487 -1 -1 12036 0.0406466
Chain
	Aln	0	-HG002_ont_1278_start_801132 32 14986 15000 +edge_1_0_+disjointig_1_0_998487 183394 198348 998487 -1 -1 12036 0.0406466
Chain
	Aln	1	+HG002_ont_1279_start_159120 1 14998 15000 -edge_1_0_+disjointig_1_0_998487 158114 173111 998487 -1 -1 12216 0.0421815
Chain
	Aln	0	-HG002_ont_1279_start_159120 1 14998 15000 +edge_1_0_+disjointig_1_0_998487 825375 840372 998487 -1 -1 12216 0.0421815
Chain
	Aln	1	+HG002_ont_1277_start_980243 1 14998 15000 -edge_1_0_+disjointig_1_0_998487 979237 994234 998487 -1 -1 12125 0.0417572
Chain
	Aln	0	-HG002_ont_1277_start_980243 1 14998 15000 +edge_1_0_+disjointig_1_0_998487 4252 19249 998487 -1 -1 12125 0.0417572
Chain
	Aln	1	+HG002_ont_1281_start_605841 8 14998 15000 -edge_1_0_+disjointig_1_0_998487 604842 619832 998487 -1 -1 12225 0.0382303
Chain
	Aln	0	-HG002_ont_1281_start_605841 1 14991 15000 +edge_1_0_+disjointig_1_0_998487 378654 393644 998487 -1 -1 12225 0.0382303
Chain
	Aln	1	+HG002_ont_1282_start_715411 6 14998 15000 -edge_1_0_+disjointig_1_0_998487 714410 729402 998487 -1 -1 12334 0.041095
Chain
	Aln	0	-HG002_ont_1282_start_715411 1 14993 15000 +edge_1_0_+disjointig_1_0_998487 269084 284076 998487 -1 -1 12334 0.041095
Chain
	Aln	1	+HG002_ont_1283_start_94500 44 14984 15000 -edge_1_0_+disjointig_1_0_998487 93537 108477 998487 -1 -1 11954 0.0427829
Chain
	Aln	0	-HG002_ont_1283_start_94500 15 14955 15000 +edge_1_0_+disjointig_1_0_998487 890009 904949 998487 -1 -1 11954 0.0427829
Chain
	Aln	1	+HG002_ont_1280_start_563137 14 14998 15000 -edge_1_0_+disjointig_1_0_998487 562144 577128 998487 -1 -1 12241 0.0416743
Chain
	Aln	0	-HG002_ont_1280_start_563137 1 14985 15000 +edge_1_0_+disjointig_1_0_998487 421358 436342 998487 -1 -1 12241 0.0416743
Chain
	Aln	1	+HG002_ont_1284_start_576285 1 14988 15000 -edge_1_0_+disjointig_1_0_998487 575279 590266 998487 -1 -1 12661 0.0380684
Chain
	Aln	0	-HG002_ont_1284_start_576285 11 14998 15000 +edge_1_0_+disjointig_1_0_998487 408220 423207 998487 -1 -1 12661 0.0380684
Chain
	Aln	1	+HG002_ont_1285_start_119231 21 14998 15000 -edge_1_0_+disjointig_1_0_998487 118245 133222 998487 -1 -1 12259 0.0402445
Chain
	Aln	0	-HG002_ont_1285_start_119231 1 14978 15000 +edge_1_0_+disjointig_1_0_998487 865264 880241 998487 -1 -1 12259 0.0402445
Chain
	Aln	1	+HG002_ont_1286_start_490275 1 14998 15000 -edge_1_0_+disjointig_1_0_998487 489269 504266 998487 -1 -1 12235 0.0417732
Chain
	Aln	0	-HG002_ont_1286_start_490275 1 14998 15000 +edge_1_0_+disjointig_1_0_998487 494220 509217 998487 -1 -1 12235 0.0417732
Chain
	Aln	1	+HG002_ont_1287_start_259300 1 14988 15000 -edge_1_0_+disjointig_1_0_998487 258294 273281 998487 -1 -1 12270 0.0415825
Chain
	Aln	0	-HG002_ont_1287_start_259300 11 14998 15000 +edge_1_0_+disjointig_1_0_998487 725205 740192 998487 -1 -1 12270 0.0415825
Chain
	Aln	1	+HG002_ont_1290_start_477095 11 14995 15000 -edge_1_0_+disjointig_1_0_998487 476099 491083 998487 -1 -1 12395 0.0430129
Chain
	Aln	0	-HG002_ont_1290_start_477095 4 14988 15000 +edge_1_0_+disjointig_1_0_998487 507403 522387 998487 -1 -1 12395 0.0430129
Chain
	Aln	1	+HG002_ont_1289_start_750691 0 14995 15000 -edge_1_0_+disjointig_1_0_998487 749684 764679 998487 -1 -1 12168 0.0414074
Chain
	Aln	0	-HG002_ont_1289_start_750691 4 14999 15000 +edge_1_0_+disjointig_1_0_998487 233807 248802 998487 -1 -1 12168 0.0414074
Chain
	Aln	1	+HG002_ont_1288_start_707959 10 14973 15000 -edge_1_0_+disjointig_1_0_998487 706962 721925 998487 -1 -1 12571 0.0395084
Chain
	Aln	0	-HG002_ont_1288_start_707959 26 14989 15000 +edge_1_0_+disjointig_1_0_998487 276561 291524 998487 -1 -1 12571 0.0395084
Chain
	Aln	1	+HG002_ont_1291_start_247136 1 14998 15000 -edge_1_0_+disjointig_1_0_998487 246130 261127 998487 -1 -1 12011 0.0416457
Chain
	Aln	0	-HG002_ont_1291_start_247136 1 14998 15000 +edge_1_0_+disjointig_1_0_998487 737359 752356 998487 -1 -1 12011 0.0416457
Chain
	Aln	1	+HG002_ont_1292_start_976565 1 14998 15000 -edge_1_0_+disjointig_1_0_998487 975559 990556 998487 -1 -1 12388 0.0403152
Chain
	Aln	0	-HG002_ont_1292_start_976565 1 14998 15000 +edge_1_0_+disjointig_1_0_998487 7930 22927 998487 -1 -1 12388 0.0403152
Chain
	Aln	1	+HG002_ont_1293_start_704856 18 14996 15000 -edge_1_0_+disjointig_1_0_998487 703867 718845 998487 -1 -1 12422 0.0399766
Chain
	Aln	0	-HG002_ont_1293_start_704856 3 14981 15000 +edge_1_0_+disjointig_1_0_998487 279641 294619 998487 -1 -1 12422 0.0399766
Chain
	Aln	1	+HG002_ont_1294_start_304424 6 14997 15000 -edge_1_0_+disjointig_1_0_998487 303423 318414 998487 -1 -1 12349 0.0400974
Chain
	Aln	0	-HG002_ont_1294_start_304424 2 14993 15000 +edge_1_0_+disjointig_1_0_998487 680072 695063 998487 -1 -1 12349 0.0400974
Chain
	Aln	1	+HG002_ont_1296_start_357844 1 14988 15000 -edge_1_0_+disjointig_1_0_998487 356838 371825 998487 -1 -1 12392 0.0392574
Chain
	Aln	0	-HG002_ont_1296_start_357844 11 14998 15000 +edge_1_0_+disjointig_1_0_998487 626661 641648 998487 -1 -1 12392 0.0392574
Chain
	Aln	1	+HG002_ont_1295_start_840839 0 14994 15000 -edge_1_0_+disjointig_1_0_998487 839832 854826 998487 -1 -1 12047 0.0427593
Chain
	Aln	0	-HG002_ont_1295_start_840839 5 14999 15000 +edge_1_0_+disjointig_1_0_998487 143660 158654 998487 -1 -1 12047 0.0427593
Chain
	Aln	1	+HG002_ont_1297_start_492594 19 14998 15000 -edge_1_0_+disjointig_1_0_998487 491606 506585 998487 -1 -1 12368 0.042304
Chain
	Aln	0	-HG002_ont_1297_start_492594 1 14980 15000 +edge_1_0_+disjointig_1_0_998487 491901 506880 998487 -1 -1 12368 0.042304
Chain
	Aln	1	+HG002_ont_1298_start_429918 21 14986 15000 -edge_1_0_+disjointig_1_0_998487 428932 443897 998487 -1 -1 12308 0.0410679
Chain
	Aln	0	-HG002_ont_1298_start_429918 13 14978 15000 +edge_1_0_+disjointig_1_0_998487 554589 569554 998487 -1 -1 12308 0.0410679
Chain
	Aln	1	+HG002_ont_1299_start_638953 1 14998 15000 -edge_1_0_+disjointig_1_0_998487 637947 652944 998487 -1 -1 12578 0.0399583
Chain
	Aln	0	-HG002_ont_1299_start_638953 1 14998 15000 +edge_1_0_+disjointig_1_0_998487 345542 360539 998487 -1 -1 12578 0.0399583
Chain
	Aln	1	+HG002_ont_1300_start_533100 1 14998 15000 -edge_1_0_+disjointig_1_0_998487 532094 547091 998487 -1 -1 12229 0.0413122
Chain
	Aln	0	-HG002_ont_1300_start_533100 1 14998 15000 +edge_1_0_+disjointig_1_0_998487 451395 466392 998487 -1 -1 12229 0.0413122
Chain
	Aln	1	+HG002_ont_1301_start_397193 1 14994 15000 -edge_1_0_+disjointig_1_0_998487 396187 411180 998487 -1 -1 12288 0.0371769
Chain
	Aln	0	-HG002_ont_1301_start_397193 5 14998 15000 +edge_1_0_+disjointig_1_0_998487 587306 602299 998487 -1 -1 12288 0.0371769
Chain
	Aln	1	+HG002_ont_1302_start_913644 1 14994 15000 -edge_1_0_+disjointig_1_0_998487 912638 927631 998487 -1 -1 12618 0.0388996
Chain
	Aln	0	-HG002_ont_1302_start_913644 5 14998 15000 +edge_1_0_+disjointig_1_0_998487 70855 85848 998487 -1 -1 12618 0.0388996
Chain
	Aln	1	+HG002_ont_1304_start_632848 5 14998 15000 -edge_1_0_+disjointig_1_0_998487 631846 646839 998487 -1 -1 12362 0.0401285
Chain
	Aln	0	-HG002_ont_1304_start_632848 1 14994 15000 +edge_1_0_+disjointig_1_0_998487 351647 366640 998487 -1 -1 12362 0.0401285
Chain
	Aln	1	+HG002_ont_1303_start_236191 16 14998 15000 -edge_1_0_+disjointig_1_0_998487 235200 250182 998487 -1 -1 12236 0.0410715
Chain
	Aln	0	-HG002_ont_1303_start_236191 1 14983 15000 +edge_1_0_+disjointig_1_0_998487 748304 763286 998487 -1 -1 12236 0.0410715
Chain
	Aln	1	+HG002_ont_1306_start_573179 10 14998 15000 -edge_1_0_+disjointig_1_0_998487 572182 587170 998487 -1 -1 12480 0.0382299
Chain
	Aln	0	-HG002_ont_1306_start_573179 1 14989 15000 +edge_1_0_+disjointig_1_0_998487 411316 426304 998487 -1 -1 12480 0.0382299
Chain
	Aln	1	+HG002_ont_1305_start_904419 0 14991 15000 -edge_1_0_+disjointig_1_0_998487 903412 918403 998487 -1 -1 12499 0.0373835
Chain
	Aln	0	-HG002_ont_1305_start_904419 8 14999 15000 +edge_1_0_+disjointig_1_0_998487 80083 95074 998487 -1 -1 12499 0.0373835
Chain
	Aln	1	+HG002_ont_1307_start_381434 1 14988 15000 -edge_1_0_+disjointig_1_0_998487 380428 395415 998487 -1 -1 12257 0.0423274
Chain
	Aln	0	-HG002_ont_1307_start_381434 11 14998 15000 +edge_1_0_+disjointig_1_0_998487 603071 618058 998487 -1 -1 12257 0.0423274
Chain
	Aln	1	+HG002_ont_1309_start_744193 1 14983 15000 -edge_1_0_+disjointig_1_0_998487 743187 758169 998487 -1 -1 12306 0.0406469
Chain
	Aln	0	-HG002_ont_1309_start_744193 16 14998 15000 +edge_1_0_+disjointig_1_0_998487 240317 255299 998487 -1 -1 12306 0.0406469
Chain
	Aln	1	+HG002_ont_1308_start_175554 43 14998 15000 -edge_1_0_+disjointig_1_0_998487 174590 189545 998487 -1 -1 12308 0.0402749
Chain
	Aln	0	-HG002_ont_1308_start_175554 1 14956 15000 +edge_1_0_+disjointig_1_0_998487 808941 823896 998487 -1 -1 12308 0.0402749
Chain
	Aln	1	+HG002_ont_1310_start_762992 3 14998 15000 -edge_1_0_+disjointig_1_0_998487 761988 776983 998487 -1 -1 12096 0.042885
Chain
	Aln	0	-HG002_ont_1310_start_762992 1 14996 15000 +edge_1_0_+disjointig_1_0_998487 221503 236498 998487 -1 -1 12096 0.042885
Chain
	Aln	1	+HG002_ont_1312_start_351227 1 14985 15000 -edge_1_0_+disjointig_1_0_998487 350221 365205 998487 -1 -1 12476 0.0390928
Chain
	Aln	0	-HG002_ont_1312_start_351227 14 14998 15000 +edge_1_0_+disjointig_1_0_998487 633281 648265 998487 -1 -1 12476 0.0390928
Chain
	Aln	1	+HG002_ont_1311_start_244444 47 14998 15000 -edge_1_0_+disjointig_1_0_998487 243484 258435 998487 -1 -1 12249 0.0397234
Chain
	Aln	0	-HG002_ont_1311_start_244444 1 14952 15000 +edge_1_0_+disjointig_1_0_998487 740051 755002 998487 -1 -1 12249 0.0397234
Chain
	Aln	1	+HG002_ont_1313_start_450193 6 14992 15000 -edge_1_0_+disjointig_1_0_998487 449192 464178 998487 -1 -1 12114 0.0420581
Chain
	Aln	0	-HG002_ont_1313_start_450193 7 14993 15000 +edge_1_0_+disjointig_1_0_998487 534308 549294 998487 -1 -1 12114 0.0420581
Chain
	Aln	1	+HG002_ont_1314_start_371711 1 14995 15000 -edge_1_0_+disjointig_1_0_998487 370705 385699 998487 -1 -1 12158 0.0428974
Chain
	Aln	0	-HG002_ont_1314_start_371711 4 14998 15000 +edge_1_0_+disjointig_1_0_998487 612787 627781 998487 -1 -1 12158 0.0428974
Chain
	Aln	1	+HG002_ont_1315_start_735501 1 14998 15000 -edge_1_0_+disjointig_1_0_998487 734495 749492 998487 -1 -1 12428 0.0379354
Chain
	Aln	0	-HG002_ont_1315_start_735501 1 14998 15000 +edge_1_0_+disjointig_1_0_998487 248994 263991 998487 -1 -1 12428 0.0379354
Chain
	Aln	1	+HG002_ont_1317_start_292503 1 14983 15000 -edge_1_0_+disjointig_1_0_998487 291497 306479 998487 -1 -1 11964 0.0451226
Chain
	Aln	0	-HG002_ont_1317_start_292503 16 14998 15000 +edge_1_0_+disjointig_1_0_998487 692007 706989 998487 -1 -1 11964 0.0451226
Chain
	Aln	1	+HG002_ont_1316_start_922069 49 14998 15000 -edge_1_0_+disjointig_1_0_998487 921111 936060 998487 -1 -1 12391 0.0409813
Chain
	Aln	0	-HG002_ont_1316_start_922069 1 14950 15000 +edge_1_0_+disjointig_1_0_998487 62426 77375 998487 -1 -1 12391 0.0409813
Chain
	Aln	1	+HG002_ont_1318_start_896832 16 14998 15000 -edge_1_0_+disjointig_1_0_998487 895841 910823 998487 -1 -1 12126 0.0414357
Chain
	Aln	0	-HG002_ont_1318_start_896832 1 14983 15000 +edge_1_0_+disjointig_1_0_998487 87663 102645 998487 -1 -1 12126 0.0414357
Chain
	Aln	1	+HG002_ont_1320_start_425990 34 14998 15000 -edge_1_0_+disjointig_1_0_998487 425017 439981 998487 -1 -1 12349 0.0418835
Chain
	Aln	0	-HG002_ont_1320_start_425990 1 14965 15000 +edge_1_0_+disjointig_1_0_998487 558505 573469 998487 -1 -1 12349 0.0418835
Chain
	Aln	1	+HG002_ont_1319_start_754593 10 14975 15000 -edge_1_0_+disjointig_1_0_998487 753596 768561 998487 -1 -1 12431 0.0388734
Chain
	Aln	0	-HG002_ont_1319_start_754593 24 14989 15000 +edge_1_0_+disjointig_1_0_998487 229925 244890 998487 -1 -1 12431 0.0388734
Chain
	Aln	1	+HG002_ont_1321_start_553757 1 14998 15000 -edge_1_0_+disjointig_1_0_998487 552751 567748 998487 -1 -1 12564 0.0382352
Chain
	Aln	0	-HG002_ont_1321_start_553757 1 14998 15000 +edge_1_0_+disjointig_1_0_998487 430738 445735 998487 -1 -1 12564 0.0382352
Chain
	Aln	1	+HG002_ont_1322_start_892045 1 14998 15000 -edge_1_0_+disjointig_1_0_998487 891039 906036 998487 -1 -1 12356 0.0420852
Chain
	Aln	0	-HG002_ont_1322_start_892045 1 14998 15000 +edge_1_0_+disjointig_1_0_998487 92450 107447 998487 -1 -1 12356 0.0420852
Chain
	Aln	1	+HG002_ont_1323_start_573888 45 14991 15000 -edge_1_0_+disjointig_1_0_998487 572926 587872 998487 -1 -1 12078 0.0400371
Chain
	Aln	0	-HG002_ont_1323_start_573888 8 14954 15000 +edge_1_0_+disjointig_1_0_998487 410614 425560 998487 -1 -1 12078 0.0400371
Chain
	Aln	1	+HG002_ont_1324_start_509170 0 14998 15000 -edge_1_0_+disjointig_1_0_998487 508163 523161 998487 -1 -1 12555 0.0407645
Chain
	Aln	0	-HG002_ont_1324_start_509170 1 14999 15000 +edge_1_0_+disjointig_1_0_998487 475325 490323 998487 -1 -1 12555 0.0407645
Chain
	Aln	1	+HG002_ont_1326_start_654652 0 14998 15000 -edge_1_0_+disjointig_1_0_998487 653645 668643 998487 -1 -1 12331 0.0415223
Chain
	Aln	0	-HG002_ont_1326_start_654652 1 14999 15000 +edge_1_0_+disjointig_1_0_998487 329843 344841 998487 -1 -1 12331 0.0415223
Chain
	Aln	1	+HG002_ont_1325_start_295166 17 14998 15000 -edge_1_0_+disjointig_1_0_998487 294176 309157 998487 -1 -1 12061 0.0436408
Chain
	Aln	0	-HG002_ont_1325_start_295166 1 14982 15000 +edge_1_0_+disjointig_1_0_998487 689329 704310 998487 -1 -1 12061 0.0436408
Chain
	Aln	1	+HG002_ont_1328_start_411566 48 14950 15000 -edge_1_0_+disjointig_1_0_998487 410607 425509 998487 -1 -1 12189 0.0399959
Chain
	Aln	0	-HG002_ont_1328_start_411566 49 14951 15000 +edge_1_0_+disjointig_1_0_998487 572977 587879 998487 -1 -1 12189 0.0399959
Chain
	Aln	1	+HG002_ont_1327_start_107585 2 14989 15000 -edge_1_0_+disjointig_1_0_998487 106580 121567 998487 -1 -1 12085 0.0437304
Chain
	Aln	0	-HG002_ont_1327_start_107585 10 14997 15000 +edge_1_0_+disjointig_1_0_998487 876919 891906 998487 -1 -1 12085 0.0437304
Chain
	Aln	1	+HG002_ont_1330_start_971377 1 14996 15000 -edge_1_0_+disjointig_1_0_998487 970371 985366 998487 -1 -1 11773 0.0433013
Chain
	Aln	0	-HG002_ont_1330_start_971377 3 14998 15000 +edge_1_0_+disjointig_1_0_998487 13120 28115 998487 -1 -1 11773 0.0433013
Chain
	Aln	1	+HG002_ont_1329_start_734539 30 14973 15000 -edge_1_0_+disjointig_1_0_998487 733562 748505 998487 -1 -1 12443 0.0374919
Chain
	Aln	0	-HG002_ont_1329_start_734539 26 14969 15000 +edge_1_0_+disjointig_1_0_998487 249981 264924 998487 -1 -1 12443 0.0374919
Chain
	Aln	1	+HG002_ont_1331_start_109017 11 14998 15000 -edge_1_0_+disjointig_1_0_998487 108021 123008 998487 -1 -1 12442 0.0399809
Chain
	Aln	0	-HG002_ont_1331_start_109017 1 14988 15000 +edge_1_0_+disjointig_1_0_998487 875478 890465 998487 -1 -1 12442 0.0399809
Chain
	Aln	1	+HG002_ont_1332_start_733655 1 14998 15000 -edge_1_0_+disjointig_1_0_998487 732649 747646 998487 -1 -1 12331 0.0415184
Chain
	Aln	0	-HG002_ont_1332_start_733655 1 14998 15000 +edge_1_0_+disjointig_1_0_998487 250840 265837 998487 -1 -1 12331 0.0415184
Chain
	Aln	1	+HG002_ont_1333_start_355222 1 14998 15000 -edge_1_0_+disjointig_1_0_998487 354216 369213 998487 -1 -1 12308 0.0423425
Chain
	Aln	0	-HG002_ont_1333_start_355222 1 14998 15000 +edge_1_0_+disjointig_1_0_998487 629273 644270 998487 -1 -1 12308 0.0423425
Chain
	Aln	1	+HG002_ont_1334_start_455580 7 14998 15000 -edge_1_0_+disjointig_1_0_998487 454580 469571 998487 -1 -1 12079 0.0435318
Chain
	Aln	0	-HG002_ont_1334_start_455580 1 14992 15000 +edge_1_0_+disjointig_1_0_998487 528915 543906 998487 -1 -1 12079 0.0435318
Chain
	Aln	1	+HG002_ont_1335_start_710777 8 14998 15000 -edge_1_0_+disjointig_1_0_998487 709778 724768 998487 -1 -1 12273 0.0387133
Chain
	Aln	0	-HG002_ont_1335_start_710777 1 14991 15000 +edge_1_0_+disjointig_1_0_998487 273718 288708 998487 -1 -1 12273 0.0387133
Chain
	Aln	1	+HG002_ont_1338_start_945966 0 14998 15000 -edge_1_0_+disjointig_1_0_998487 944959 959957 998487 -1 -1 12276 0.0401947
Chain
	Aln	0	-HG002_ont_1338_start_945966 1 14999 15000 +edge_1_0_+disjointig_1_0_998487 38529 53527 998487 -1 -1 12276 0.0401947
Chain
	Aln	1	+HG002_ont_1336_start_538121 0 14998 15000 -edge_1_0_+disjointig_1_0_998487 537114 552112 998487 -1 -1 12266 0.040898
Chain
	Aln	0	-HG002_ont_1336_start_538121 1 14999 15000 +edge_1_0_+disjointig_1_0_998487 446374 461372 998487 -1 -1 12266 0.040898
Chain
	Aln	1	+HG002_ont_1337_start_326402 1 14992 15000 -edge_1_0_+disjointig_1_0_998487 325396 340387 998487 -1 -1 12291 0.0406743
Chain
	Aln	0	-HG002_ont_1337_start_326402 7 14998 15000 +edge_1_0_+disjointig_1_0_998487 658099 673090 998487 -1 -1 12291 0.0406743
Chain
	Aln	1	+HG002_ont_1339_start_232662 15 14977 15000 -edge_1_0_+disjointig_1_0_998487 231670 246632 998487 -1 -1 12351 0.0386185
Chain
	Aln	0	-HG002_ont_1339_start_232662 22 14984 15000 +edge_1_0_+disjointig_1_0_998487 751854 766816 998487 -1 -1 12351 0.0386185
Chain
	Aln	1	+HG002_ont_1341_start_362092 15 14978 15000 -edge_1_0_+disjointig_1_0_998487 361100 376063 998487 -1 -1 12233 0.0433397
Chain
	Aln	0	-HG002_ont_1341_start_362092 21 14984 15000 +edge_1_0_+disjointig_1_0_998487 622423 637386 998487 -1 -1 12233 0.0433397
Chain
	Aln	1	+HG002_ont_1342_start_967381 1 14997 15000 -edge_1_0_+disjointig_1_0_998487 966375 981371 998487 -1 -1 12195 0.0415781
Chain
	Aln	0	-HG002_ont_1342_start_967381 2 14998 15000 +edge_1_0_+disjointig_1_0_998487 17115 32111 998487 -1 -1 12195 0.0415781
Chain
	Aln	1	+HG002_ont_1340_start_410565 2 14972 15000 -edge_1_0_+disjointig_1_0_998487 409560 424530 998487 -1 -1 12401 0.0404823
Chain
	Aln	0	-HG002_ont_1340_start_410565 27 14997 15000 +edge_1_0_+disjointig_1_0_998487 573956 588926 998487 -1 -1 12401 0.0404823
Chain
	Aln	1	+HG002_ont_1343_start_272586 9 14981 15000 -edge_1_0_+disjointig_1_0_998487 271588 286560 998487 -1 -1 12510 0.0412695
Chain
	Aln	0	-HG002_ont_1343_start_272586 18 14990 15000 +edge_1_0_+disjointig_1_0_998487 711926 726898 998487 -1 -1 12510 0.0412695
Chain
	Aln	1	+HG002_ont_1344_start_814091 5 14993 15000 -edge_1_0_+disjointig_1_0_998487 813089 828077 998487 -1 -1 12165 0.0414037
Chain
	Aln	0	-HG002_ont_1344_start_814091 6 14994 15000 +edge_1_0_+disjointig_1_0_998487 170409 185397 998487 -1 -1 12165 0.0414037
Chain
	Aln	1	+HG002_ont_1346_start_73656 1 14983 15000 -edge_1_0_+disjointig_1_0_998487 72650 87632 998487 -1 -1 12445 0.0399381
Chain
	Aln	0	-HG002_ont_1346_start_73656 16 14998 15000 +edge_1_0_+disjointig_1_0_998487 910854 925836 998487 -1 -1 12445 0.0399381
Chain
	Aln	1	+HG002_ont_1345_start_638646 1 14963 15000 -edge_1_0_+disjointig_1_0_998487 637640 652602 998487 -1 -1 12197 0.040796
Chain
	Aln	0	-HG002_ont_1345_start_638646 36 14998 15000 +edge_1_0_+disjointig_1_0_998487 345884 360846 998487 -1 -1 12197 0.040796
Chain
	Aln	1	+HG002_ont_1347_start_532305 1 14986 15000 -edge_1_0_+disjointig_1_0_998487 531299 546284 998487 -1 -1 12417 0.0406665
Chain
	Aln	0	-HG002_ont_1347_start_532305 13 14998 15000 +edge_1_0_+disjointig_1_0_998487 452202 467187 998487 -1 -1 12417 0.0406665
Chain
	Aln	1	+HG002_ont_1348_start_963130 0 14998 15000 -edge_1_0_+disjointig_1_0_998487 962123 977121 998487 -1 -1 12172 0.0417691
Chain
	Aln	0	-HG002_ont_1348_start_963130 1 14999 15000 +edge_1_0_+disjointig_1_0_998487 21365 36363 998487 -1 -1 12172 0.0417691
Chain
	Aln	1	+HG002_ont_1349_start_11309 1 14934 15000 -edge_1_0_+disjointig_1_0_998487 10303 25236 998487 -1 -1 12345 0.0409025
Chain
	Aln	0	-HG002_ont_1349_start_11309 65 14998 15000 +edge_1_0_+disjointig_1_0_998487 973250 988183 998487 -1 -1 12345 0.0409025
Chain
	Aln	1	+HG002_ont_1351_start_247165 31 14998 15000 -edge_1_0_+disjointig_1_0_998487 246189 261156 998487 -1 -1 12467 0.0403299
Chain
	Aln	0	-HG002_ont_1351_start_247165 1 14968 15000 +edge_1_0_+disjointig_1_0_998487 737330 752297 998487 -1 -1 12467 0.0403299
Chain
	Aln	1	+HG002_ont_1350_start_11228 5 14988 15000 -edge_1_0_+disjointig_1_0_998487 10226 25209 998487 -1 -1 12730 0.0392264
Chain
	Aln	0	-HG002_ont_1350_start_11228 11 14994 15000 +edge_1_0_+disjointig_1_0_998487 973277 988260 998487 -1 -1 12730 0.0392264
Chain
	Aln	1	+HG002_ont_1352_start_78031 6 14983 15000 -edge_1_0_+disjointig_1_0_998487 77030 92007 998487 -1 -1 12085 0.0421272
Chain
	Aln	0	-HG002_ont_1352_start_78031 16 14993 15000 +edge_1_0_+disjointig_1_0_998487 906479 921456 998487 -1 -1 12085 0.0421272
Chain
	Aln	1	+HG002_ont_1354_start_112473 1 14998 15000 -edge_1_0_+disjointig_1_0_998487 111467 126464 998487 -1 -1 12380 0.040253
Chain
	Aln	0	-HG002_ont_1354_start_112473 1 14998 15000 +edge_1_0_+disjointig_1_0_998487 872022 887019 998487 -1 -1 12380 0.040253
Chain
	Aln	1	+HG002_ont_1353_start_831840 32 14993 15000 -edge_1_0_+disjointig_1_0_998487 830865 845826 998487 -1 -1 12281 0.0381765
Chain
	Aln	0	-HG002_ont_1353_start_831840 6 14967 15000 +edge_1_0_+disjointig_1_0_998487 152660 167621 998487 -1 -1 12281 0.0381765
Chain
	Aln	1	+HG002_ont_1355_start_761388 16 14985 15000 -edge_1_0_+disjointig_1_0_998487 760397 775366 998487 -1 -1 12041 0.0427098
Chain
	Aln	0	-HG002_ont_1355_start_761388 14 14983 15000 +edge_1_0_+disjointig_1_0_998487 223120 238089 998487 -1 -1 12041 0.0427098
Chain
	Aln	1	+HG002_ont_1357_start_727242 1 14998 15000 -edge_1_0_+disjointig_1_0_998487 726236 741233 998487 -1 -1 12240 0.0421173
Chain
	Aln	0	-HG002_ont_1357_start_727242 1 14998 15000 +edge_1_0_+disjointig_1_0_998487 257253 272250 998487 -1 -1 12240 0.0421173
Chain
	Aln	1	+HG002_ont_1358_start_102298 19 14998 15000 -edge_1_0_+disjointig_1_0_998487 101310 116289 998487 -1 -1 12267 0.0399418
Chain
	Aln	0	-HG002_ont_1358_start_102298 1 14980 15000 +edge_1_0_+disjointig_1_0_998487 882197 897176 998487 -1 -1 12267 0.0399418
Chain
	Aln	1	+HG002_ont_1356_start_613015 0 14982 15000 -edge_1_0_+disjointig_1_0_998487 612008 626990 998487 -1 -1 12317 0.0395676
Chain
	Aln	0	-HG002_ont_1356_start_613015 17 14999 15000 +edge_1_0_+disjointig_1_0_998487 371496 386478 998487 -1 -1 12317 0.0395676
Chain
	Aln	1	+HG002_ont_1359_start_714613 19 14963 15000 -edge_1_0_+disjointig_1_0_998487 713625 728569 998487 -1 -1 12315 0.040678
Chain
	Aln	0	-HG002_ont_1359_start_714613 36 14980 15000 +edge_1_0_+disjointig_1_0_998487 269917 284861 998487 -1 -1 12315 0.040678
Chain
	Aln	1	+HG002_ont_1360_start_882339 17 14998 15000 -edge_1_0_+disjointig_1_0_998487 881349 896330 998487 -1 -1 12116 0.0427976
Chain
	Aln	0	-HG002_ont_1360_start_882339 1 14982 15000 +edge_1_0_+disjointig_1_0_998487 102156 117137 998487 -1 -1 12116 0.0427976
Chain
	Aln	1	+HG002_ont_1361_start_255147 24 14998 15000 -edge_1_0_+disjointig_1_0_998487 254164 269138 998487 -1 -1 12223 0.0384236
Chain
	Aln	0	-HG002_ont_1361_start_255147 1 14975 15000 +edge_1_0_+disjointig_1_0_998487 729348 744322 998487 -1 -1 12223 0.0384236
Chain
	Aln	1	+HG002_ont_1362_start_18549 11 14989 15000 -edge_1_0_+disjointig_1_0_998487 17553 32531 998487 -1 -1 12451 0.0390158
Chain
	Aln	0	-HG002_ont_1362_start_18549 10 14988 15000 +edge_1_0_+disjointig_1_0_998487 965955 980933 998487 -1 -1 12451 0.0390158
Chain
	Aln	1	+HG002_ont_1363_start_412115 1 14981 15000 -edge_1_0_+disjointig_1_0_998487 411109 426089 998487 -1 -1 11904 0.0442752
Chain
	Aln	0	-HG002_ont_1363_start_412115 18 14998 15000 +edge_1_0_+disjointig_1_0_998487 572397 587377 998487 -1 -1 11904 0.0442752
Chain
	Aln	1	+HG002_ont_1364_start_268205 3 14986 15000 -edge_1_0_+disjointig_1_0_998487 267201 282184 998487 -1 -1 11984 0.0445544
Chain
	Aln	0	-HG002_ont_1364_start_268205 13 14996 15000 +edge_1_0_+disjointig_1_0_998487 716302 731285 998487 -1 -1 11984 0.0445544
Chain
	Aln	1	+HG002_ont_1365_start_918050 0 14991 15000 -edge_1_0_+disjointig_1_0_998487 917043 932034 998487 -1 -1 12663 0.0349171
Chain
	Aln	0	-HG002_ont_1365_start_918050 8 14999 15000 +edge_1_0_+disjointig_1_0_998487 66452 81443 998487 -1 -1 12663 0.0349171
Chain
	Aln	1	+HG002_ont_1366_start_293116 1 14988 15000 -edge_1_0_+disjointig_1_0_998487 292110 307097 998487 -1 -1 12081 0.0432371
Chain
	Aln	0	-HG002_ont_1366_start_293116 11 14998 15000 +edge_1_0_+disjointig_1_0_998487 691389 706376 998487 -1 -1 12081 0.0432371
Chain
	Aln	1	+HG002_ont_1367_start_3953 1 14998 15000 -edge_1_0_+disjointig_1_0_998487 2947 17944 998487 -1 -1 12090 0.0425523
Chain
	Aln	0	-HG002_ont_1367_start_3953 1 14998 15000 +edge_1_0_+disjointig_1_0_998487 980542 995539 998487 -1 -1 12090 0.0425523
Chain
	Aln	1	+HG002_ont_1368_start_465212 25 14984 15000 -edge_1_0_+disjointig_1_0_998487 464230 479189 998487 -1 -1 12337 0.0400649
Chain
	Aln	0	-HG002_ont_1368_start_465212 15 14974 15000 +edge_1_0_+disjointig_1_0_998487 519297 534256 998487 -1 -1 12337 0.0400649
Chain
	Aln	1	+HG002_ont_1369_start_46863 1 14983 15000 -edge_1_0_+disjointig_1_0_998487 45857 60839 998487 -1 -1 12476 0.0409454
Chain
	Aln	0	-HG002_ont_1369_start_46863 16 14998 15000 +edge_1_0_+disjointig_1_0_998487 937647 952629 998487 -1 -1 12476 0.0409454
Chain
	Aln	1	+HG002_ont_1370_start_875013 33 14967 15000 -edge_1_0_+disjointig_1_0_998487 874039 888973 998487 -1 -1 12052 0.0415814
Chain
	Aln	0	-HG002_ont_1370_start_875013 32 14966 15000 +edge_1_0_+disjointig_1_0_998487 109513 124447 998487 -1 -1 12052 0.0415814
Chain
	Aln	1	+HG002_ont_1371_start_384821 1 14974 15000 -edge_1_0_+disjointig_1_0_998487 383815 398788 998487 -1 -1 12639 0.0367525
Chain
	Aln	0	-HG002_ont_1371_start_384821 25 14998 15000 +edge_1_0_+disjointig_1_0_998487 599698 614671 998487 -1 -1 12639 0.0367525
Chain
	Aln	1	+HG002_ont_1372_start_232608 12 14995 15000 -edge_1_0_+disjointig_1_0_998487 231613 246596 998487 -1 -1 12374 0.0413761
Chain
	Aln	0	-HG002_ont_1372_start_232608 4 14987 15000 +edge_1_0_+disjointig_1_0_998487 751890 766873 998487 -1 -1 12374 0.0413761
Chain
	Aln	1	+HG002_ont_1373_start_902092 15 14986 15000 -edge_1_0_+disjointig_1_0_998487 901100 916071 998487 -1 -1 12396 0.0387981
Chain
	Aln	0	-HG002_ont_1373_start_902092 13 14984 15000 +edge_1_0_+disjointig_1_0_998487 82415 97386 998487 -1 -1 12396 0.0387981
Chain
	Aln	1	+HG002_ont_1375_start_325679 1 14986 15000 -edge_1_0_+disjointig_1_0_998487 324673 339658 998487 -1 -1 12244 0.0410202
Chain
	Aln	0	-HG002_ont_1375_start_325679 13 14998 15000 +edge_1_0_+disjointig_1_0_998487 658828 673813 998487 -1 -1 12244 0.0410202
Chain
	Aln	1	+HG002_ont_1374_start_324136 1 14998 15000 -edge_1_0_+disjointig_1_0_998487 323130 338127 998487 -1 -1 12117 0.0436377
Chain
	Aln	0	-HG002_ont_1374_start_324136 1 14998 15000 +edge_1_0_+disjointig_1_0_998487 660359 675356 998487 -1 -1 12117 0.0436377
Chain
	Aln	1	+HG002_ont_1376_start_539466 2 14998 15000 -edge_1_0_+disjointig_1_0_998487 538461 553457 998487 -1 -1 12424 0.0402802
Chain
	Aln	0	-HG002_ont_1376_start_539466 1 14997 15000 +edge_1_0_+disjointig_1_0_998487 445029 460025 998487 -1 -1 12424 0.0402802
Chain
	Aln	1	+HG002_ont_1377_start_970057 1 14998 15000 -edge_1_0_+disjointig_1_0_998487 969051 984048 998487 -1 -1 12069 0.0418211
Chain
	Aln	0	-HG002_ont_1377_start_970057 1 14998 15000 +edge_1_0_+disjointig_1_0_998487 14438 29435 998487 -1 -1 12069 0.0418211
Chain
	Aln	1	+HG002_ont_1378_start_226790 1 14967 15000 -edge_1_0_+disjointig_1_0_998487 225784 240750 998487 -1 -1 12388 0.0417073
Chain
	Aln	0	-HG002_ont_1378_start_226790 32 14998 15000 +edge_1_0_+disjointig_1_0_998487 757736 772702 998487 -1 -1 12388 0.0417073
Chain
	Aln	1	+HG002_ont_1380_start_776255 7 14998 15000 -edge_1_0_+disjointig_1_0_998487 775255 790246 998487 -1 -1 12333 0.0407214
Chain
	Aln	0	-HG002_ont_1380_start_776255 1 14992 15000 +edge_1_0_+disjointig_1_0_998487 208240 223231 998487 -1 -1 12333 0.0407214
Chain
	Aln	1	+HG002_ont_1379_start_218108 1 14998 15000 -edge_1_0_+disjointig_1_0_998487 217102 232099 998487 -1 -1 12501 0.039935
Chain
	Aln	0	-HG002_ont_1379_start_218108 1 14998 15000 +edge_1_0_+disjointig_1_0_998487 766387 781384 998487 -1 -1 12501 0.039935
Chain
	Aln	1	+HG002_ont_1381_start_6869 1 14964 15000 -edge_1_0_+disjointig_1_0_998487 5863 20826 998487 -1 -1 12059 0.0416397
Chain
	Aln	0	-HG002_ont_1381_start_6869 35 14998 15000 +edge_1_0_+disjointig_1_0_998487 977660 992623 998487 -1 -1 12059 0.0416397
Chain
	Aln	1	+HG002_ont_1383_start_95955 1 14942 15000 -edge_1_0_+disjointig_1_0_998487 94949 109890 998487 -1 -1 12280 0.0414495
Chain
	Aln	0	-HG002_ont_1383_start_95955 57 14998 15000 +edge_1_0_+disjointig_1_0_998487 888596 903537 998487 -1 -1 12280 0.0414495
Chain
	Aln	1	+HG002_ont_1382_start_377282 7 14986 15000 -edge_1_0_+disjointig_1_0_998487 376282 391261 998487 -1 -1 12231 0.0403459
Chain
	Aln	0	-HG002_ont_1382_start_377282 13 14992 15000 +edge_1_0_+disjointig_1_0_998487 607225 622204 998487 -1 -1 12231 0.0403459
Chain
	Aln	1	+HG002_ont_1384_start_774216 17 14998 15000 -edge_1_0_+disjointig_1_0_998487 773226 788207 998487 -1 -1 12105 0.0418542
Chain
	Aln	0	-HG002_ont_1384_start_774216 1 14982 15000 +edge_1_0_+disjointig_1_0_998487 210279 225260 998487 -1 -1 12105 0.0418542
Chain
	Aln	1	+HG002_ont_1385_start_248936 18 14989 15000 -edge_1_0_+disjointig_1_0_998487 247947 262918 998487 -1 -1 12142 0.0397634
Chain
	Aln	0	-HG002_ont_1385_start_248936 10 14981 15000 +edge_1_0_+disjointig_1_0_998487 735568 750539 998487 -1 -1 12142 0.0397634
Chain
	Aln	1	+HG002_ont_1387_start_493106 9 14998 15000 -edge_1_0_+disjointig_1_0_998487 492108 507097 998487 -1 -1 12342 0.0405178
Chain
	Aln	0	-HG002_ont_1387_start_493106 1 14990 15000 +edge_1_0_+disjointig_1_0_998487 491389 506378 998487 -1 -1 12342 0.0405178
Chain
	Aln	1	+HG002_ont_1386_start_558543 1 14998 15000 -edge_1_0_+disjointig_1_0_998487 557537 572534 998487 -1 -1 12572 0.0381751
Chain
	Aln	0	-HG002_ont_1386_start_558543 1 14998 15000 +edge_1_0_+disjointig_1_0_998487 425952 440949 998487 -1 -1 12572 0.0381751
Chain
	Aln	1	+HG002_ont_1388_start_589305 38 14990 15000 -edge_1_0_+disjointig_1_0_998487 588336 603288 998487 -1 -1 12160 0.0427161
Chain
	Aln	0	-HG002_ont_1388_start_589305 9 14961 15000 +edge_1_0_+disjointig_1_0_998487 395198 410150 998487 -1 -1 12160 0.0427161
Chain
	Aln	1	+HG002_ont_1389_start_48099 14 14998 15000 -edge_1_0_+disjointig_1_0_998487 47106 62090 998487 -1 -1 12090 0.0442076
Chain
	Aln	0	-HG002_ont_1389_start_48099 1 14985 15000 +edge_1_0_+disjointig_1_0_998487 936396 951380 998487 -1 -1 12090 0.0442076
Chain
	Aln	1	+HG002_ont_1390_start_225906 1 14998 15000 -edge_1_0_+disjointig_1_0_998487 224900 239897 998487 -1 -1 12238 0.0422619
Chain
	Aln	0	-HG002_ont_1390_start_225906 1 14998 15000 +edge_1_0_+disjointig_1_0_998487 758589 773586 998487 -1 -1 12238 0.0422619
Chain
	Aln	1	+HG002_ont_1391_start_99864 7 14986 15000 -edge_1_0_+disjointig_1_0_998487 98864 113843 998487 -1 -1 12545 0.0391572
Chain
	Aln	0	-HG002_ont_1391_start_99864 13 14992 15000 +edge_1_0_+disjointig_1_0_998487 884643 899622 998487 -1 -1 12545 0.0391572
Chain
	Aln	1	+HG002_ont_1393_start_634962 8 14992 15000 -edge_1_0_+disjointig_1_0_998487 633963 648947 998487 -1 -1 12066 0.0423076
Chain
	Aln	0	-HG002_ont_1393_start_634962 7 14991 15000 +edge_1_0_+disjointig_1_0_998487 349539 364523 998487 -1 -1 12066 0.0423076
Chain
	Aln	1	+HG002_ont_1394_start_51728 1 14981 15000 -edge_1_0_+disjointig_1_0_998487 50722 65702 998487 -1 -1 12089 0.0431442
Chain
	Aln	0	-HG002_ont_1394_start_51728 18 14998 15000 +edge_1_0_+disjointig_1_0_998487 932784 947764 998487 -1 -1 12089 0.0431442
Chain
	Aln	1	+HG002_ont_1392_start_485740 4 14998 15000 -edge_1_0_+disjointig_1_0_998487 484737 499731 998487 -1 -1 12149 0.0413004
Chain
	Aln	0	-HG002_ont_1392_start_485740 1 14995 15000 +edge_1_0_+disjointig_1_0_998487 498755 513749 998487 -1 -1 12149 0.0413004
Chain
	Aln	1	+HG002_ont_1395_start_25862 8 14992 15000 -edge_1_0_+disjointig_1_0_998487 24863 39847 998487 -1 -1 12485 0.0397604
Chain
	Aln	0	-HG002_ont_1395_start_25862 7 14991 15000 +edge_1_0_+disjointig_1_0_998487 958639 973623 998487 -1 -1 12485 0.0397604
Chain
	Aln	1	+HG002_ont_1397_start_602405 1 14980 15000 -edge_1_0_+disjointig_1_0_998487 601399 616378 998487 -1 -1 12076 0.0418223
Chain
	Aln	0	-HG002_ont_1397_start_602405 19 14998 15000 +edge_1_0_+disjointig_1_0_998487 382108 397087 998487 -1 -1 12076 0.0418223
Chain
	Aln	1	+HG002_ont_1398_start_578231 3 14998 15000 -edge_1_0_+disjointig_1_0_998487 577227 592222 998487 -1 -1 12487 0.0390521
Chain
	Aln	0	-HG002_ont_1398_start_578231 1 14996 15000 +edge_1_0_+disjointig_1_0_998487 406264 421259 998487 -1 -1 12487 0.0390521
Chain
	Aln	1	+HG002_ont_1399_start_798387 6 14988 15000 -edge_1_0_+disjointig_1_0_998487 797386 812368 998487 -1 -1 12312 0.0414834
Chain
	Aln	0	-HG002_ont_1399_start_798387 11 14993 15000 +edge_1_0_+disjointig_1_0_998487 186118 201100 998487 -1 -1 12312 0.0414834
Chain
	Aln	1	+HG002_ont_1396_start_664446 1 14998 15000 -edge_1_0_+disjointig_1_0_998487 663440 678437 998487 -1 -1 12183 0.0410436
Chain
	Aln	0	-HG002_ont_1396_start_664446 1 14998 15000 +edge_1_0_+disjointig_1_0_998487 320049 335046 998487 -1 -1 12183 0.0410436
Chain
	Aln	1	+HG002_ont_1401_start_604611 34 14998 15000 -edge_1_0_+disjointig_1_0_998487 603638 618602 998487 -1 -1 11921 0.0443375
Chain
	Aln	0	-HG002_ont_1401_start_604611 1 14965 15000 +edge_1_0_+disjointig_1_0_998487 379884 394848 998487 -1 -1 11921 0.0443375
Chain
	Aln	1	+HG002_ont_1400_start_671767 18 14919 15000 -edge_1_0_+disjointig_1_0_998487 670778 685679 998487 -1 -1 12122 0.0402653
Chain
	Aln	0	-HG002_ont_1400_start_671767 80 14981 15000 +edge_1_0_+disjointig_1_0_998487 312807 327708 998487 -1 -1 12122 0.0402653
Chain
	Aln	1	+HG002_ont_1402_start_32311 5 14996 15000 -edge_1_0_+disjointig_1_0_998487 31309 46300 998487 -1 -1 12301 0.0418615
Chain
	Aln	0	-HG002_ont_1402_start_32311 3 14994 15000 +edge_1_0_+disjointig_1_0_998487 952186 967177 998487 -1 -1 12301 0.0418615
Chain
	Aln	1	+HG002_ont_1403_start_613600 0 14992 15000 -edge_1_0_+disjointig_1_0_998487 612593 627585 998487 -1 -1 12184 0.0435933
Chain
	Aln	0	-HG002_ont_1403_start_613600 7 14999 15000 +edge_1_0_+disjointig_1_0_998487 370901 385893 998487 -1 -1 12184 0.0435933
Chain
	Aln	1	+HG002_ont_1404_start_249867 1 14991 15000 -edge_1_0_+disjointig_1_0_998487 248861 263851 998487 -1 -1 12335 0.0405765
Chain
	Aln	0	-HG002_ont_1404_start_249867 8 14998 15000 +edge_1_0_+disjointig_1_0_998487 734635 749625 998487 -1 -1 12335 0.0405765
Chain
	Aln	1	+HG002_ont_1405_start_981351 3 14998 15000 -edge_1_0_+disjointig_1_0_998487 980347 995342 998487 -1 -1 12577 0.0384909
Chain
	Aln	0	-HG002_ont_1405_start_981351 1 14996 15000 +edge_1_0_+disjointig_1_0_998487 3144 18139 998487 -1 -1 12577 0.0384909
Chain
	Aln	1	+HG002_ont_1406_start_937711 0 14998 15000 -edge_1_0_+disjointig_1_0_998487 936704 951702 998487 -1 -1 12242 0.0430108
Chain
	Aln	0	-HG002_ont_1406_start_937711 1 14999 15000 +edge_1_0_+disjointig_1_0_998487 46784 61782 998487 -1 -1 12242 0.0430108
Chain
	Aln	1	+HG002_ont_1408_start_242170 35 14998 15000 -edge_1_0_+disjointig_1_0_998487 241198 256161 998487 -1 -1 11917 0.0430447
Chain
	Aln	0	-HG002_ont_1408_start_242170 1 14964 15000 +edge_1_0_+disjointig_1_0_998487 742325 757288 998487 -1 -1 11917 0.0430447
Chain
	Aln	1	+HG002_ont_1407_start_730569 0 14983 15000 -edge_1_0_+disjointig_1_0_998487 729562 744545 998487 -1 -1 12315 0.0397102
Chain
	Aln	0	-HG002_ont_1407_start_730569 16 14999 15000 +edge_1_0_+disjointig_1_0_998487 253941 268924 998487 -1 -1 12315 0.0397102
Chain
	Aln	1	+HG002_ont_1410_start_207029 13 14974 15000 -edge_1_0_+disjointig_1_0_998487 206035 220996 998487 -1 -1 12132 0.0433729
Chain
	Aln	0	-HG002_ont_1410_start_207029 25 14986 15000 +edge_1_0_+disjointig_1_0_998487 777490 792451 998487 -1 -1 12132 0.0433729
Chain
	Aln	1	+HG002_ont_1409_start_260888 21 14998 15000 -edge_1_0_+disjointig_1_0_998487 259902 274879 998487 -1 -1 12087 0.0421111
Chain
	Aln	0	-HG002_ont_1409_start_260888 1 14978 15000 +edge_1_0_+disjointig_1_0_998487 723607 738584 998487 -1 -1 12087 0.0421111
Chain
	Aln	1	+HG002_ont_1411_start_847580 1 14977 15000 -edge_1_0_+disjointig_1_0_998487 846574 861550 998487 -1 -1 12287 0.0415314
Chain
	Aln	0	-HG002_ont_1411_start_847580 22 14998 15000 +edge_1_0_+disjointig_1_0_998487 136936 151912 998487 -1 -1 12287 0.0415314
Chain
	Aln	1	+HG002_ont_1413_start_927315 24 14998 15000 -edge_1_0_+disjointig_1_0_998487 926332 941306 998487 -1 -1 12249 0.041317
Chain
	Aln	0	-HG002_ont_1413_start_927315 1 14975 15000 +edge_1_0_+disjointig_1_0_998487 57180 72154 998487 -1 -1 12249 0.041317
Chain
	Aln	1	+HG002_ont_1412_start_684333 1 14998 15000 -edge_1_0_+disjointig_1_0_998487 683327 698324 998487 -1 -1 12373 0.0396881
Chain
	Aln	0	-HG002_ont_1412_start_684333 1 14998 15000 +edge_1_0_+disjointig_1_0_998487 300162 315159 998487 -1 -1 12373 0.0396881
Chain
	Aln	1	+HG002_ont_1415_start_116125 1 14998 15000 -edge_1_0_+disjointig_1_0_998487 115119 130116 998487 -1 -1 12160 0.0432846
Chain
	Aln	0	-HG002_ont_1415_start_116125 1 14998 15000 +edge_1_0_+disjointig_1_0_998487 868370 883367 998487 -1 -1 12160 0.0432846
Chain
	Aln	1	+HG002_ont_1414_start_349846 1 14998 15000 -edge_1_0_+disjointig_1_0_998487 348840 363837 998487 -1 -1 12139 0.0428035
Chain
	Aln	0	-HG002_ont_1414_start_349846 1 14998 15000 +edge_1_0_+disjointig_1_0_998487 634649 649646 998487 -1 -1 12139 0.0428035
Chain
	Aln	1	+HG002_ont_1416_start_115512 11 14998 15000 -edge_1_0_+disjointig_1_0_998487 114516 129503 998487 -1 -1 12303 0.0426021
Chain
	Aln	0	-HG002_ont_1416_start_115512 1 14988 15000 +edge_1_0_+disjointig_1_0_998487 868983 883970 998487 -1 -1 12303 0.0426021
Chain
	Aln	1	+HG002_ont_1417_start_649675 7 14998 15000 -edge_1_0_+disjointig_1_0_998487 648675 663666 998487 -1 -1 12212 0.0427069
Chain
	Aln	0	-HG002_ont_1417_start_649675 1 14992 15000 +edge_1_0_+disjointig_1_0_998487 334820 349811 998487 -1 -1 12212 0.0427069
Chain
	Aln	1	+HG002_ont_1418_start_912976 0 14990 15000 -edge_1_0_+disjointig_1_0_998487 911969 926959 998487 -1 -1 12294 0.041024
Chain
	Aln	0	-HG002_ont_1418_start_912976 9 14999 15000 +edge_1_0_+disjointig_1_0_998487 71527 86517 998487 -1 -1 12294 0.041024
Chain
	Aln	1	+HG002_ont_1419_start_275656 2 14998 15000 -edge_1_0_+disjointig_1_0_998487 274651 289647 998487 -1 -1 12394 0.0407645
Chain
	Aln	0	-HG002_ont_1419_start_275656 1 14997 15000 +edge_1_0_+disjointig_1_0_998487 708839 723835 998487 -1 -1 12394 0.0407645
Chain
	Aln	1	+HG002_ont_1420_start_276637 36 14998 15000 -edge_1_0_+disjointig_1_0_998487 275666 290628 998487 -1 -1 12117 0.044833
Chain
	Aln	0	-HG002_ont_1420_start_276637 1 14963 15000 +edge_1_0_+disjointig_1_0_998487 707858 722820 998487 -1 -1 12117 0.044833
Chain
	Aln	1	+HG002_ont_1421_start_881591 25 14998 15000 -edge_1_0_+disjointig_1_0_998487 880609 895582 998487 -1 -1 12445 0.0407763
Chain
	Aln	0	-HG002_ont_1421_start_881591 1 14974 15000 +edge_1_0_+disjointig_1_0_998487 102904 117877 998487 -1 -1 12445 0.0407763
Chain
	Aln	1	+HG002_ont_1422_start_431517 13 14996 15000 -edge_1_0_+disjointig_1_0_998487 430523 445506 998487 -1 -1 12302 0.03883
Chain
	Aln	0	-HG002_ont_1422_start_431517 3 14986 15000 +edge_1_0_+disjointig_1_0_998487 552980 567963 998487 -1 -1 12302 0.03883
Chain
	Aln	1	+HG002_ont_1423_start_604029 8 14998 15000 -edge_1_0_+disjointig_1_0_998487 603030 618020 998487 -1 -1 12211 0.0405452
Chain
	Aln	0	-HG002_ont_1423_start_604029 1 14991 15000 +edge_1_0_+disjointig_1_0_998487 380466 395456 998487 -1 -1 12211 0.0405452
Chain
	Aln	1	+HG002_ont_1424_start_932836 0 14968 15000 -edge_1_0_+disjointig_1_0_998487 931829 946797 998487 -1 -1 12122 0.0404041
Chain
	Aln	0	-HG002_ont_1424_start_932836 31 14999 15000 +edge_1_0_+disjointig_1_0_998487 51689 66657 998487 -1 -1 12122 0.0404041
Chain
	Aln	1	+HG002_ont_1426_start_534347 1 14988 15000 -edge_1_0_+disjointig_1_0_998487 533341 548328 998487 -1 -1 12163 0.0407841
Chain
	Aln	0	-HG002_ont_1426_start_534347 11 14998 15000 +edge_1_0_+disjointig_1_0_998487 450158 465145 998487 -1 -1 12163 0.0407841
Chain
	Aln	1	+HG002_ont_1425_start_778202 18 14992 15000 -edge_1_0_+disjointig_1_0_998487 777213 792187 998487 -1 -1 12442 0.0403028
Chain
	Aln	0	-HG002_ont_1425_start_778202 7 14981 15000 +edge_1_0_+disjointig_1_0_998487 206299 221273 998487 -1 -1 12442 0.0403028
Chain
	Aln	1	+HG002_ont_1427_start_786649 39 14998 15000 -edge_1_0_+disjointig_1_0_998487 785681 800640 998487 -1 -1 12279 0.0403922
Chain
	Aln	0	-HG002_ont_1427_start_786649 1 14960 15000 +edge_1_0_+disjointig_1_0_998487 197846 212805 998487 -1 -1 12279 0.0403922
Chain
	Aln	1	+HG002_ont_1429_start_621463 0 14990 15000 -edge_1_0_+disjointig_1_0_998487 620456 635446 998487 -1 -1 12383 0.0420979
Chain
	Aln	0	-HG002_ont_1429_start_621463 9 14999 15000 +edge_1_0_+disjointig_1_0_998487 363040 378030 998487 -1 -1 12383 0.0420979
Chain
	Aln	1	+HG002_ont_1430_start_745619 9 14977 15000 -edge_1_0_+disjointig_1_0_998487 744621 759589 998487 -1 -1 12143 0.0411192
Chain
	Aln	0	-HG002_ont_1430_start_745619 22 14990 15000 +edge_1_0_+disjointig_1_0_998487 238897 253865 998487 -1 -1 12143 0.0411192
Chain
	Aln	1	+HG002_ont_1428_start_639621 2 14998 15000 -edge_1_0_+disjointig_1_0_998487 638616 653612 998487 -1 -1 12207 0.04225
Chain
	Aln	0	-HG002_ont_1428_start_639621 1 14997 15000 +edge_1_0_+disjointig_1_0_998487 344874 359870 998487 -1 -1 12207 0.04225
Chain
	Aln	1	+HG002_ont_1431_start_288600 1 14998 15000 -edge_1_0_+disjointig_1_0_998487 287594 302591 998487 -1 -1 12295 0.0396727
Chain
	Aln	0	-HG002_ont_1431_start_288600 1 14998 15000 +edge_1_0_+disjointig_1_0_998487 695895 710892 998487 -1 -1 12295 0.0396727
Chain
	Aln	1	+HG002_ont_1432_start_282120 8 14992 15000 -edge_1_0_+disjointig_1_0_998487 281121 296105 998487 -1 -1 12292 0.0396448
Chain
	Aln	0	-HG002_ont_1432_start_282120 7 14991 15000 +edge_1_0_+disjointig_1_0_998487 702381 717365 998487 -1 -1 12292 0.0396448
Chain
	Aln	1	+HG002_ont_1433_start_171913 1 14990 15000 -edge_1_0_+disjointig_1_0_998487 170907 185896 998487 -1 -1 12055 0.0434582
Chain
	Aln	0	-HG002_ont_1433_start_171913 9 14998 15000 +edge_1_0_+disjointig_1_0_998487 812590 827579 998487 -1 -1 12055 0.0434582
Chain
	Aln	1	+HG002_ont_1434_start_271487 1 14998 15000 -edge_1_0_+disjointig_1_0_998487 270481 285478 998487 -1 -1 12372 0.0418291
Chain
	Aln	0	-HG002_ont_1434_start_271487 1 14998 15000 +edge_1_0_+disjointig_1_0_998487 713008 728005 998487 -1 -1 12372 0.0418291
Chain
	Aln	1	+HG002_ont_1435_start_240304 1 14966 15000 -edge_1_0_+disjointig_1_0_998487 239298 254263 998487 -1 -1 12348 0.037452
Chain
	Aln	0	-HG002_ont_1435_start_240304 33 14998 15000 +edge_1_0_+disjointig_1_0_998487 744223 759188 998487 -1 -1 12348 0.037452
Chain
	Aln	1	+HG002_ont_1436_start_585539 0 14998 15000 -edge_1_0_+disjointig_1_0_998487 584532 599530 998487 -1 -1 12301 0.0411264
Chain
	Aln	0	-HG002_ont_1436_start_585539 1 14999 15000 +edge_1_0_+disjointig_1_0_998487 398956 413954 998487 -1 -1 12301 0.0411264
Chain
	Aln	1	+HG002_ont_1438_start_97421 42 14997 15000 -edge_1_0_+disjointig_1_0_998487 96456 111411 998487 -1 -1 12136 0.0416322
Chain
	Aln	0	-HG002_ont_1438_start_97421 2 14957 15000 +edge_1_0_+disjointig_1_0_998487 887075 902030 998487 -1 -1 12136 0.0416322
Chain
	Aln	1	+HG002_ont_1437_start_747818 2 14988 15000 -edge_1_0_+disjointig_1_0_998487 746813 761799 998487 -1 -1 12340 0.0390396
Chain
	Aln	0	-HG002_ont_1437_start_747818 11 14997 15000 +edge_1_0_+disjointig_1_0_998487 236687 251673 998487 -1 -1 12340 0.0390396
Chain
	Aln	1	+HG002_ont_1439_start_252037 23 14990 15000 -edge_1_0_+disjointig_1_0_998487 251053 266020 998487 -1 -1 12189 0.0411311
Chain
	Aln	0	-HG002_ont_1439_start_252037 9 14976 15000 +edge_1_0_+disjointig_1_0_998487 732466 747433 998487 -1 -1 12189 0.0411311
Chain
	Aln	1	+HG002_ont_1440_start_292353 48 14972 15000 -edge_1_0_+disjointig_1_0_998487 291394 306318 998487 -1 -1 12283 0.0397254
Chain
	Aln	0	-HG002_ont_1440_start_292353 27 14951 15000 +edge_1_0_+disjointig_1_0_998487 692168 707092 998487 -1 -1 12283 0.0397254
Chain
	Aln	1	+HG002_ont_1442_start_272013 3 14981 15000 -edge_1_0_+disjointig_1_0_998487 271009 285987 998487 -1 -1 12014 0.0425748
Chain
	Aln	0	-HG002_ont_1442_start_272013 18 14996 15000 +edge_1_0_+disjointig_1_0_998487 712499 727477 998487 -1 -1 12014 0.0425748
Chain
	Aln	1	+HG002_ont_1441_start_424543 10 14981 15000 -edge_1_0_+disjointig_1_0_998487 423546 438517 998487 -1 -1 12565 0.0372902
Chain
	Aln	0	-HG002_ont_1441_start_424543 18 14989 15000 +edge_1_0_+disjointig_1_0_998487 559969 574940 998487 -1 -1 12565 0.0372902
Chain
	Aln	1	+HG002_ont_1443_start_838955 41 14983 15000 -edge_1_0_+disjointig_1_0_998487 837989 852931 998487 -1 -1 12372 0.0387448
Chain
	Aln	0	-HG002_ont_1443_start_838955 16 14958 15000 +edge_1_0_+disjointig_1_0_998487 145555 160497 998487 -1 -1 12372 0.0387448
Chain
	Aln	1	+HG002_ont_1445_start_375948 8 14980 15000 -edge_1_0_+disjointig_1_0_998487 374949 389921 998487 -1 -1 12431 0.0385366
Chain
	Aln	0	-HG002_ont_1445_start_375948 19 14991 15000 +edge_1_0_+disjointig_1_0_998487 608565 623537 998487 -1 -1 12431 0.0385366
Chain
	Aln	1	+HG002_ont_1446_start_257063 7 14998 15000 -edge_1_0_+disjointig_1_0_998487 256063 271054 998487 -1 -1 11927 0.042553
Chain
	Aln	0	-HG002_ont_1446_start_257063 1 14992 15000 +edge_1_0_+disjointig_1_0_998487 727432 742423 998487 -1 -1 11927 0.042553
Chain
	Aln	1	+HG002_ont_1444_start_76214 50 14976 15000 -edge_1_0_+disjointig_1_0_998487 75257 90183 998487 -1 -1 12506 0.0394937
Chain
	Aln	0	-HG002_ont_1444_start_76214 23 14949 15000 +edge_1_0_+disjointig_1_0_998487 908303 923229 998487 -1 -1 12506 0.0394937
Chain
	Aln	1	+HG002_ont_1448_start_739819 0 14986 15000 -edge_1_0_+disjointig_1_0_998487 738812 753798 998487 -1 -1 11787 0.0443405
Chain
	Aln	0	-HG002_ont_1448_start_739819 13 14999 15000 +edge_1_0_+disjointig_1_0_998487 244688 259674 998487 -1 -1 11787 0.0443405
Chain
	Aln	1	+HG002_ont_1449_start_705725 1 14983 15000 -edge_1_0_+disjointig_1_0_998487 704719 719701 998487 -1 -1 12362 0.0405842
Chain
	Aln	0	-HG002_ont_1449_start_705725 16 14998 15000 +edge_1_0_+disjointig_1_0_998487 278785 293767 998487 -1 -1 12362 0.0405842
Chain
	Aln	1	+HG002_ont_1447_start_924538 25 14998 15000 -edge_1_0_+disjointig_1_0_998487 923556 938529 998487 -1 -1 12403 0.0398563
Chain
	Aln	0	-HG002_ont_1447_start_924538 1 14974 15000 +edge_1_0_+disjointig_1_0_998487 59957 74930 998487 -1 -1 12403 0.0398563
Chain
	Aln	1	+HG002_ont_1450_start_587224 25 14996 15000 -edge_1_0_+disjointig_1_0_998487 586242 601213 998487 -1 -1 12580 0.038013
Chain
	Aln	0	-HG002_ont_1450_start_587224 3 14974 15000 +edge_1_0_+disjointig_1_0_998487 397273 412244 998487 -1 -1 12580 0.038013
Chain
	Aln	1	+HG002_ont_1451_start_757101 0 14998 15000 -edge_1_0_+disjointig_1_0_998487 756094 771092 998487 -1 -1 12371 0.0389725
Chain
	Aln	0	-HG002_ont_1451_start_757101 1 14999 15000 +edge_1_0_+disjointig_1_0_998487 227394 242392 998487 -1 -1 12371 0.0389725
Chain
	Aln	1	+HG002_ont_1452_start_370872 1 14984 15000 -edge_1_0_+disjointig_1_0_998487 369866 384849 998487 -1 -1 12432 0.0406664
Chain
	Aln	0	-HG002_ont_1452_start_370872 15 14998 15000 +edge_1_0_+disjointig_1_0_998487 613637 628620 998487 -1 -1 12432 0.0406664
Chain
	Aln	1	+HG002_ont_1453_start_9661 1 14994 15000 -edge_1_0_+disjointig_1_0_998487 8655 23648 998487 -1 -1 12545 0.03909
Chain
	Aln	0	-HG002_ont_1453_start_9661 5 14998 15000 +edge_1_0_+disjointig_1_0_998487 974838 989831 998487 -1 -1 12545 0.03909
Chain
	Aln	1	+HG002_ont_1455_start_603513 3 14982 15000 -edge_1_0_+disjointig_1_0_998487 602509 617488 998487 -1 -1 12255 0.0404083
Chain
	Aln	0	-HG002_ont_1455_start_603513 17 14996 15000 +edge_1_0_+disjointig_1_0_998487 380998 395977 998487 -1 -1 12255 0.0404083
Chain
	Aln	1	+HG002_ont_1456_start_543570 1 14987 15000 -edge_1_0_+disjointig_1_0_998487 542564 557550 998487 -1 -1 12400 0.0394373
Chain
	Aln	0	-HG002_ont_1456_start_543570 12 14998 15000 +edge_1_0_+disjointig_1_0_998487 440936 455922 998487 -1 -1 12400 0.0394373
Chain
	Aln	1	+HG002_ont_1454_start_41456 1 14990 15000 -edge_1_0_+disjointig_1_0_998487 40450 55439 998487 -1 -1 12661 0.0392882
Chain
	Aln	0	-HG002_ont_1454_start_41456 9 14998 15000 +edge_1_0_+disjointig_1_0_998487 943047 958036 998487 -1 -1 12661 0.0392882
Chain
	Aln	1	+HG002_ont_1457_start_786255 16 14998 15000 -edge_1_0_+disjointig_1_0_998487 785264 800246 998487 -1 -1 12343 0.0406077
Chain
	Aln	0	-HG002_ont_1457_start_786255 1 14983 15000 +edge_1_0_+disjointig_1_0_998487 198240 213222 998487 -1 -1 12343 0.0406077
Chain
	Aln	1	+HG002_ont_1459_start_957526 1 14991 15000 -edge_1_0_+disjointig_1_0_998487 956520 971510 998487 -1 -1 12016 0.0406939
Chain
	Aln	0	-HG002_ont_1459_start_957526 8 14998 15000 +edge_1_0_+disjointig_1_0_998487 26976 41966 998487 -1 -1 12016 0.0406939
Chain
	Aln	1	+HG002_ont_1458_start_293295 1 14998 15000 -edge_1_0_+disjointig_1_0_998487 292289 307286 998487 -1 -1 12272 0.0407214
Chain
	Aln	0	-HG002_ont_1458_start_293295 1 14998 15000 +edge_1_0_+disjointig_1_0_998487 691200 706197 998487 -1 -1 12272 0.0407214
Chain
	Aln	1	+HG002_ont_1460_start_963814 0 14991 15000 -edge_1_0_+disjointig_1_0_998487 962807 977798 998487 -1 -1 12598 0.0381966
Chain
	Aln	0	-HG002_ont_1460_start_963814 8 14999 15000 +edge_1_0_+disjointig_1_0_998487 20688 35679 998487 -1 -1 12598 0.0381966
Chain
	Aln	1	+HG002_ont_1461_start_540284 22 14977 15000 -edge_1_0_+disjointig_1_0_998487 539299 554254 998487 -1 -1 12035 0.0409102
Chain
	Aln	0	-HG002_ont_1461_start_540284 22 14977 15000 +edge_1_0_+disjointig_1_0_998487 444232 459187 998487 -1 -1 12035 0.0409102
Chain
	Aln	1	+HG002_ont_1462_start_124692 12 14985 15000 -edge_1_0_+disjointig_1_0_998487 123697 138670 998487 -1 -1 11757 0.0423047
Chain
	Aln	0	-HG002_ont_1462_start_124692 14 14987 15000 +edge_1_0_+disjointig_1_0_998487 859816 874789 998487 -1 -1 11757 0.0423047
Chain
	Aln	1	+HG002_ont_1464_start_690809 1 14979 15000 -edge_1_0_+disjointig_1_0_998487 689803 704781 998487 -1 -1 12364 0.0396829
Chain
	Aln	0	-HG002_ont_1464_start_690809 20 14998 15000 +edge_1_0_+disjointig_1_0_998487 293705 308683 998487 -1 -1 12364 0.0396829
Chain
	Aln	1	+HG002_ont_1463_start_611651 0 14985 15000 -edge_1_0_+disjointig_1_0_998487 610644 625629 998487 -1 -1 12279 0.0404943
Chain
	Aln	0	-HG002_ont_1463_start_611651 14 14999 15000 +edge_1_0_+disjointig_1_0_998487 372857 387842 998487 -1 -1 12279 0.0404943
Chain
	Aln	1	+HG002_ont_1466_start_45952 1 14995 15000 -edge_1_0_+disjointig_1_0_998487 44946 59940 998487 -1 -1 12555 0.0392619
Chain
	Aln	0	-HG002_ont_1466_start_45952 4 14998 15000 +edge_1_0_+disjointig_1_0_998487 938546 953540 998487 -1 -1 12555 0.0392619
Chain
	Aln	1	+HG002_ont_1465_start_215501 0 14998 15000 -edge_1_0_+disjointig_1_0_998487 214494 229492 998487 -1 -1 12407 0.0413003
Chain
	Aln	0	-HG002_ont_1465_start_215501 1 14999 15000 +edge_1_0_+disjointig_1_0_998487 768994 783992 998487 -1 -1 12407 0.0413003
Chain
	Aln	1	+HG002_ont_1467_start_293265 5 14981 15000 -edge_1_0_+disjointig_1_0_998487 292263 307239 998487 -1 -1 12343 0.0397136
Chain
	Aln	0	-HG002_ont_1467_start_293265 18 14994 15000 +edge_1_0_+disjointig_1_0_998487 691247 706223 998487 -1 -1 12343 0.0397136
Chain
	Aln	1	+HG002_ont_1468_start_612143 1 14981 15000 -edge_1_0_+disjointig_1_0_998487 611137 626117 998487 -1 -1 12394 0.0408274
Chain
	Aln	0	-HG002_ont_1468_start_612143 18 14998 15000 +edge_1_0_+disjointig_1_0_998487 372369 387349 998487 -1 -1 12394 0.0408274
Chain
	Aln	1	+HG002_ont_1470_start_289286 1 14948 15000 -edge_1_0_+disjointig_1_0_998487 288280 303227 998487 -1 -1 12138 0.0395764
Chain
	Aln	0	-HG002_ont_1470_start_289286 51 14998 15000 +edge_1_0_+disjointig_1_0_998487 695259 710206 998487 -1 -1 12138 0.0395764
Chain
	Aln	1	+HG002_ont_1469_start_494091 2 14993 15000 -edge_1_0_+disjointig_1_0_998487 493086 508077 998487 -1 -1 12198 0.0395338
Chain
	Aln	0	-HG002_ont_1469_start_494091 6 14997 15000 +edge_1_0_+disjointig_1_0_998487 490409 505400 998487 -1 -1 12198 0.0395338
Chain
	Aln	1	+HG002_ont_1471_start_27581 1 14962 15000 -edge_1_0_+disjointig_1_0_998487 26575 41536 998487 -1 -1 11991 0.0432169
Chain
	Aln	0	-HG002_ont_1471_start_27581 37 14998 15000 +edge_1_0_+disjointig_1_0_998487 956950 971911 998487 -1 -1 11991 0.0432169
Chain
	Aln	1	+HG002_ont_1473_start_630498 16 14998 15000 -edge_1_0_+disjointig_1_0_998487 629507 644489 998487 -1 -1 12230 0.0417542
Chain
	Aln	0	-HG002_ont_1473_start_630498 1 14983 15000 +edge_1_0_+disjointig_1_0_998487 353997 368979 998487 -1 -1 12230 0.0417542
Chain
	Aln	1	+HG002_ont_1472_start_97041 16 14985 15000 -edge_1_0_+disjointig_1_0_998487 96050 111019 998487 -1 -1 12430 0.0378105
Chain
	Aln	0	-HG002_ont_1472_start_97041 14 14983 15000 +edge_1_0_+disjointig_1_0_998487 887467 902436 998487 -1 -1 12430 0.0378105
Chain
	Aln	1	+HG002_ont_1474_start_580179 55 14989 15000 -edge_1_0_+disjointig_1_0_998487 579227 594161 998487 -1 -1 12179 0.0412072
Chain
	Aln	0	-HG002_ont_1474_start_580179 10 14944 15000 +edge_1_0_+disjointig_1_0_998487 404325 419259 998487 -1 -1 12179 0.0412072
Chain
	Aln	1	+HG002_ont_1475_start_574317 10 14998 15000 -edge_1_0_+disjointig_1_0_998487 573320 588308 998487 -1 -1 11937 0.0433722
Chain
	Aln	0	-HG002_ont_1475_start_574317 1 14989 15000 +edge_1_0_+disjointig_1_0_998487 410178 425166 998487 -1 -1 11937 0.0433722
Chain
	Aln	1	+HG002_ont_1476_start_647411 1 14998 15000 -edge_1_0_+disjointig_1_0_998487 646405 661402 998487 -1 -1 12337 0.0409649
Chain
	Aln	0	-HG002_ont_1476_start_647411 1 14998 15000 +edge_1_0_+disjointig_1_0_998487 337084 352081 998487 -1 -1 12337 0.0409649
Chain
	Aln	1	+HG002_ont_1477_start_929668 30 14998 15000 -edge_1_0_+disjointig_1_0_998487 928691 943659 998487 -1 -1 11997 0.0418992
Chain
	Aln	0	-HG002_ont_1477_start_929668 1 14969 15000 +edge_1_0_+disjointig_1_0_998487 54827 69795 998487 -1 -1 11997 0.0418992
Chain
	Aln	1	+HG002_ont_1478_start_962804 0 14998 15000 -edge_1_0_+disjointig_1_0_998487 961797 976795 998487 -1 -1 12004 0.0419609
Chain
	Aln	0	-HG002_ont_1478_start_962804 1 14999 15000 +edge_1_0_+disjointig_1_0_998487 21691 36689 998487 -1 -1 12004 0.0419609
Chain
	Aln	1	+HG002_ont_1480_start_769335 1 14994 15000 -edge_1_0_+disjointig_1_0_998487 768329 783322 998487 -1 -1 12410 0.0416379
Chain
	Aln	0	-HG002_ont_1480_start_769335 5 14998 15000 +edge_1_0_+disjointig_1_0_998487 215164 230157 998487 -1 -1 12410 0.0416379
Chain
	Aln	1	+HG002_ont_1481_start_443623 1 14998 15000 -edge_1_0_+disjointig_1_0_998487 442617 457614 998487 -1 -1 12100 0.0417014
Chain
	Aln	0	-HG002_ont_1481_start_443623 1 14998 15000 +edge_1_0_+disjointig_1_0_998487 540872 555869 998487 -1 -1 12100 0.0417014
Chain
	Aln	1	+HG002_ont_1479_start_97863 11 14985 15000 -edge_1_0_+disjointig_1_0_998487 96867 111841 998487 -1 -1 12155 0.0409218
Chain
	Aln	0	-HG002_ont_1479_start_97863 14 14988 15000 +edge_1_0_+disjointig_1_0_998487 886645 901619 998487 -1 -1 12155 0.0409218
Chain
	Aln	1	+HG002_ont_1482_start_664815 0 14998 15000 -edge_1_0_+disjointig_1_0_998487 663808 678806 998487 -1 -1 12210 0.0414667
Chain
	Aln	0	-HG002_ont_1482_start_664815 1 14999 15000 +edge_1_0_+disjointig_1_0_998487 319680 334678 998487 -1 -1 12210 0.0414667
Chain
	Aln	1	+HG002_ont_1483_start_599085 19 14998 15000 -edge_1_0_+disjointig_1_0_998487 598097 613076 998487 -1 -1 11836 0.0419504
Chain
	Aln	0	-HG002_ont_1483_start_599085 1 14980 15000 +edge_1_0_+disjointig_1_0_998487 385410 400389 998487 -1 -1 11836 0.0419504
Chain
	Aln	1	+HG002_ont_1484_start_137784 17 14983 15000 -edge_1_0_+disjointig_1_0_998487 136794 151760 998487 -1 -1 12289 0.0407174
Chain
	Aln	0	-HG002_ont_1484_start_137784 16 14982 15000 +edge_1_0_+disjointig_1_0_998487 846726 861692 998487 -1 -1 12289 0.0407174
Chain
	Aln	1	+HG002_ont_1485_start_574152 1 14966 15000 -edge_1_0_+disjointig_1_0_998487 573146 588111 998487 -1 -1 12124 0.04254
Chain
	Aln	0	-HG002_ont_1485_start_574152 33 14998 15000 +edge_1_0_+disjointig_1_0_998487 410375 425340 998487 -1 -1 12124 0.04254
Chain
	Aln	1	+HG002_ont_1486_start_834284 1 14997 15000 -edge_1_0_+disjointig_1_0_998487 833278 848274 998487 -1 -1 12263 0.0404126
Chain
	Aln	0	-HG002_ont_1486_start_834284 2 14998 15000 +edge_1_0_+disjointig_1_0_998487 150212 165208 998487 -1 -1 12263 0.0404126
Chain
	Aln	1	+HG002_ont_1487_start_311099 1 14998 15000 -edge_1_0_+disjointig_1_0_998487 310093 325090 998487 -1 -1 12173 0.0425281
Chain
	Aln	0	-HG002_ont_1487_start_311099 1 14998 15000 +edge_1_0_+disjointig_1_0_998487 673396 688393 998487 -1 -1 12173 0.0425281
Chain
	Aln	1	+HG002_ont_1488_start_573052 43 14980 15000 -edge_1_0_+disjointig_1_0_998487 572088 587025 998487 -1 -1 12290 0.0417372
Chain
	Aln	0	-HG002_ont_1488_start_573052 19 14956 15000 +edge_1_0_+disjointig_1_0_998487 411461 426398 998487 -1 -1 12290 0.0417372
Chain
	Aln	1	+HG002_ont_1489_start_841124 0 14995 15000 -edge_1_0_+disjointig_1_0_998487 840117 855112 998487 -1 -1 12262 0.0432276
Chain
	Aln	0	-HG002_ont_1489_start_841124 4 14999 15000 +edge_1_0_+disjointig_1_0_998487 143374 158369 998487 -1 -1 12262 0.0432276
Chain
	Aln	1	+HG002_ont_1490_start_409097 1 14987 15000 -edge_1_0_+disjointig_1_0_998487 408091 423077 998487 -1 -1 12416 0.0419459
Chain
	Aln	0	-HG002_ont_1490_start_409097 12 14998 15000 +edge_1_0_+disjointig_1_0_998487 575409 590395 998487 -1 -1 12416 0.0419459
Chain
	Aln	1	+HG002_ont_1491_start_866840 1 14998 15000 -edge_1_0_+disjointig_1_0_998487 865834 880831 998487 -1 -1 12215 0.0401675
Chain
	Aln	0	-HG002_ont_1491_start_866840 1 14998 15000 +edge_1_0_+disjointig_1_0_998487 117655 132652 998487 -1 -1 12215 0.0401675
Chain
	Aln	1	+HG002_ont_1492_start_23425 1 14998 15000 -edge_1_0_+disjointig_1_0_998487 22419 37416 998487 -1 -1 11914 0.0437283
Chain
	Aln	0	-HG002_ont_1492_start_23425 1 14998 15000 +edge_1_0_+disjointig_1_0_998487 961070 976067 998487 -1 -1 11914 0.0437283
Chain
	Aln	1	+HG002_ont_1494_start_850699 15 14998 15000 -edge_1_0_+disjointig_1_0_998487 849707 864690 998487 -1 -1 11703 0.046262
Chain
	Aln	0	-HG002_ont_1494_start_850699 1 14984 15000 +edge_1_0_+disjointig_1_0_998487 133796 148779 998487 -1 -1 11703 0.046262
Chain
	Aln	1	+HG002_ont_1493_start_904932 21 14991 15000 -edge_1_0_+disjointig_1_0_998487 903946 918916 998487 -1 -1 12377 0.0404198
Chain
	Aln	0	-HG002_ont_1493_start_904932 8 14978 15000 +edge_1_0_+disjointig_1_0_998487 79570 94540 998487 -1 -1 12377 0.0404198
Chain
	Aln	1	+HG002_ont_1495_start_828858 0 14986 15000 -edge_1_0_+disjointig_1_0_998487 827851 842837 998487 -1 -1 12190 0.0420902
Chain
	Aln	0	-HG002_ont_1495_start_828858 13 14999 15000 +edge_1_0_+disjointig_1_0_998487 155649 170635 998487 -1 -1 12190 0.0420902
Chain
	Aln	1	+HG002_ont_1496_start_861882 1 14998 15000 -edge_1_0_+disjointig_1_0_998487 860876 875873 998487 -1 -1 12325 0.0423344
Chain
	Aln	0	-HG002_ont_1496_start_861882 1 14998 15000 +edge_1_0_+disjointig_1_0_998487 122613 137610 998487 -1 -1 12325 0.0423344
Chain
	Aln	1	+HG002_ont_1497_start_397299 26 14991 15000 -edge_1_0_+disjointig_1_0_998487 396318 411283 998487 -1 -1 11982 0.0430444
Chain
	Aln	0	-HG002_ont_1497_start_397299 8 14973 15000 +edge_1_0_+disjointig_1_0_998487 587203 602168 998487 -1 -1 11982 0.0430444
Chain
	Aln	1	+HG002_ont_1499_start_703335 4 14998 15000 -edge_1_0_+disjointig_1_0_998487 702332 717326 998487 -1 -1 12311 0.0396609
Chain
	Aln	0	-HG002_ont_1499_start_703335 1 14995 15000 +edge_1_0_+disjointig_1_0_998487 281160 296154 998487 -1 -1 12311 0.0396609
Chain
	Aln	1	+HG002_ont_1498_start_701778 5 14998 15000 -edge_1_0_+disjointig_1_0_998487 700776 715769 998487 -1 -1 12225 0.0410752
Chain
	Aln	0	-HG002_ont_1498_start_701778 1 14994 15000 +edge_1_0_+disjointig_1_0_998487 282717 297710 998487 -1 -1 12225 0.0410752
Chain
	Aln	1	+HG002_ont_1500_start_498277 1 14994 15000 -edge_1_0_+disjointig_1_0_998487 497271 512264 998487 -1 -1 12167 0.0424316
Chain
	Aln	0	-HG002_ont_1500_start_498277 5 14998 15000 +edge_1_0_+disjointig_1_0_998487 486222 501215 998487 -1 -1 12167 0.0424316
Chain
	Aln	1	+HG002_ont_1501_start_571207 1 14992 15000 -edge_1_0_+disjointig_1_0_998487 570201 585192 998487 -1 -1 12413 0.0397262
Chain
	Aln	0	-HG002_ont_1501_start_571207 7 14998 15000 +edge_1_0_+disjointig_1_0_998487 413294 428285 998487 -1 -1 12413 0.0397262
Chain
	Aln	1	+HG002_ont_1503_start_254755 1 14998 15000 -edge_1_0_+disjointig_1_0_998487 253749 268746 998487 -1 -1 12653 0.0404945
Chain
	Aln	0	-HG002_ont_1503_start_254755 1 14998 15000 +edge_1_0_+disjointig_1_0_998487 729740 744737 998487 -1 -1 12653 0.0404945
Chain
	Aln	1	+HG002_ont_1502_start_953790 0 14998 15000 -edge_1_0_+disjointig_1_0_998487 952783 967781 998487 -1 -1 12684 0.0382993
Chain
	Aln	0	-HG002_ont_1502_start_953790 1 14999 15000 +edge_1_0_+disjointig_1_0_998487 30705 45703 998487 -1 -1 12684 0.0382993
Chain
	Aln	1	+HG002_ont_1505_start_237918 2 14998 15000 -edge_1_0_+disjointig_1_0_998487 236913 251909 998487 -1 -1 12300 0.0396303
Chain
	Aln	0	-HG002_ont_1505_start_237918 1 14997 15000 +edge_1_0_+disjointig_1_0_998487 746577 761573 998487 -1 -1 12300 0.0396303
Chain
	Aln	1	+HG002_ont_1504_start_230256 1 14967 15000 -edge_1_0_+disjointig_1_0_998487 229250 244216 998487 -1 -1 12258 0.0418513
Chain
	Aln	0	-HG002_ont_1504_start_230256 32 14998 15000 +edge_1_0_+disjointig_1_0_998487 754270 769236 998487 -1 -1 12258 0.0418513
Chain
	Aln	1	+HG002_ont_1506_start_829964 11 14995 15000 -edge_1_0_+disjointig_1_0_998487 828968 843952 998487 -1 -1 12181 0.0435867
Chain
	Aln	0	-HG002_ont_1506_start_829964 4 14988 15000 +edge_1_0_+disjointig_1_0_998487 154534 169518 998487 -1 -1 12181 0.0435867
Chain
	Aln	1	+HG002_ont_1508_start_764527 10 14998 15000 -edge_1_0_+disjointig_1_0_998487 763530 778518 998487 -1 -1 12476 0.0371868
Chain
	Aln	0	-HG002_ont_1508_start_764527 1 14989 15000 +edge_1_0_+disjointig_1_0_998487 219968 234956 998487 -1 -1 12476 0.0371868
Chain
	Aln	1	+HG002_ont_1507_start_673255 18 14998 15000 -edge_1_0_+disjointig_1_0_998487 672266 687246 998487 -1 -1 12371 0.0396368
Chain
	Aln	0	-HG002_ont_1507_start_673255 1 14981 15000 +edge_1_0_+disjointig_1_0_998487 311240 326220 998487 -1 -1 12371 0.0396368
Chain
	Aln	1	+HG002_ont_1509_start_336358 1 14997 15000 -edge_1_0_+disjointig_1_0_998487 335352 350348 998487 -1 -1 12124 0.0417613
Chain
	Aln	0	-HG002_ont_1509_start_336358 2 14998 15000 +edge_1_0_+disjointig_1_0_998487 648138 663134 998487 -1 -1 12124 0.0417613
Chain
	Aln	1	+HG002_ont_1510_start_944218 0 14979 15000 -edge_1_0_+disjointig_1_0_998487 943211 958190 998487 -1 -1 12431 0.0389284
Chain
	Aln	0	-HG002_ont_1510_start_944218 20 14999 15000 +edge_1_0_+disjointig_1_0_998487 40296 55275 998487 -1 -1 12431 0.0389284
Chain
	Aln	1	+HG002_ont_1511_start_865891 1 14998 15000 -edge_1_0_+disjointig_1_0_998487 864885 879882 998487 -1 -1 12419 0.0400744
Chain
	Aln	0	-HG002_ont_1511_start_865891 1 14998 15000 +edge_1_0_+disjointig_1_0_998487 118604 133601 998487 -1 -1 12419 0.0400744
Chain
	Aln	1	+HG002_ont_1512_start_792577 0 14991 15000 -edge_1_0_+disjointig_1_0_998487 791570 806561 998487 -1 -1 12399 0.0405804
Chain
	Aln	0	-HG002_ont_1512_start_792577 8 14999 15000 +edge_1_0_+disjointig_1_0_998487 191925 206916 998487 -1 -1 12399 0.0405804
Chain
	Aln	1	+HG002_ont_1513_start_307242 17 14998 15000 -edge_1_0_+disjointig_1_0_998487 306252 321233 998487 -1 -1 12168 0.0422474
Chain
	Aln	0	-HG002_ont_1513_start_307242 1 14982 15000 +edge_1_0_+disjointig_1_0_998487 677253 692234 998487 -1 -1 12168 0.0422474
Chain
	Aln	1	+HG002_ont_1515_start_247947 10 14991 15000 -edge_1_0_+disjointig_1_0_998487 246950 261931 998487 -1 -1 12275 0.0396407
Chain
	Aln	0	-HG002_ont_1515_start_247947 8 14989 15000 +edge_1_0_+disjointig_1_0_998487 736555 751536 998487 -1 -1 12275 0.0396407
Chain
	Aln	1	+HG002_ont_1514_start_664686 2 14998 15000 -edge_1_0_+disjointig_1_0_998487 663681 678677 998487 -1 -1 12348 0.0420171
Chain
	Aln	0	-HG002_ont_1514_start_664686 1 14997 15000 +edge_1_0_+disjointig_1_0_998487 319809 334805 998487 -1 -1 12348 0.0420171
Chain
	Aln	1	+HG002_ont_1516_start_177583 5 14998 15000 -edge_1_0_+disjointig_1_0_998487 176581 191574 998487 -1 -1 12260 0.0406744
Chain
	Aln	0	-HG002_ont_1516_start_177583 1 14994 15000 +edge_1_0_+disjointig_1_0_998487 806912 821905 998487 -1 -1 12260 0.0406744
Chain
	Aln	1	+HG002_ont_1517_start_103217 34 14998 15000 -edge_1_0_+disjointig_1_0_998487 102244 117208 998487 -1 -1 12276 0.0381056
Chain
	Aln	0	-HG002_ont_1517_start_103217 1 14965 15000 +edge_1_0_+disjointig_1_0_998487 881278 896242 998487 -1 -1 12276 0.0381056
Chain
	Aln	1	+HG002_ont_1518_start_159477 1 14993 15000 -edge_1_0_+disjointig_1_0_998487 158471 173463 998487 -1 -1 12268 0.0412372
Chain
	Aln	0	-HG002_ont_1518_start_159477 6 14998 15000 +edge_1_0_+disjointig_1_0_998487 825023 840015 998487 -1 -1 12268 0.0412372
Chain
	Aln	1	+HG002_ont_1519_start_882853 0 14988 15000 -edge_1_0_+disjointig_1_0_998487 881846 896834 998487 -1 -1 12114 0.0406704
Chain
	Aln	0	-HG002_ont_1519_start_882853 11 14999 15000 +edge_1_0_+disjointig_1_0_998487 101652 116640 998487 -1 -1 12114 0.0406704
Chain
	Aln	1	+HG002_ont_1520_start_443850 57 14987 15000 -edge_1_0_+disjointig_1_0_998487 442900 457830 998487 -1 -1 12349 0.0404815
Chain
	Aln	0	-HG002_ont_1520_start_443850 12 14942 15000 +edge_1_0_+disjointig_1_0_998487 540656 555586 998487 -1 -1 12349 0.0404815
Chain
	Aln	1	+HG002_ont_1521_start_873201 13 14990 15000 -edge_1_0_+disjointig_1_0_998487 872207 887184 998487 -1 -1 12572 0.0400502
Chain
	Aln	0	-HG002_ont_1521_start_873201 9 14986 15000 +edge_1_0_+disjointig_1_0_998487 111302 126279 998487 -1 -1 12572 0.0400502
Chain
	Aln	1	+HG002_ont_1522_start_571070 7 14998 15000 -edge_1_0_+disjointig_1_0_998487 570070 585061 998487 -1 -1 12064 0.0445857
Chain
	Aln	0	-HG002_ont_1522_start_571070 1 14992 15000 +edge_1_0_+disjointig_1_0_998487 413425 428416 998487 -1 -1 12064 0.0445857
Chain
	Aln	1	+HG002_ont_1523_start_778968 31 14980 15000 -edge_1_0_+disjointig_1_0_998487 777992 792941 998487 -1 -1 11823 0.0451029
Chain
	Aln	0	-HG002_ont_1523_start_778968 19 14968 15000 +edge_1_0_+disjointig_1_0_998487 205545 220494 998487 -1 -1 11823 0.0451029
Chain
	Aln	1	+HG002_ont_1524_start_127088 2 14986 15000 -edge_1_0_+disjointig_1_0_998487 126083 141067 998487 -1 -1 12608 0.0373783
Chain
	Aln	0	-HG002_ont_1524_start_127088 13 14997 15000 +edge_1_0_+disjointig_1_0_998487 857419 872403 998487 -1 -1 12608 0.0373783
Chain
	Aln	1	+HG002_ont_1526_start_123849 3 14998 15000 -edge_1_0_+disjointig_1_0_998487 122845 137840 998487 -1 -1 12267 0.0421496
Chain
	Aln	0	-HG002_ont_1526_start_123849 1 14996 15000 +edge_1_0_+disjointig_1_0_998487 860646 875641 998487 -1 -1 12267 0.0421496
Chain
	Aln	1	+HG002_ont_1527_start_607465 0 14982 15000 -edge_1_0_+disjointig_1_0_998487 606458 621440 998487 -1 -1 12125 0.0395676
Chain
	Aln	0	-HG002_ont_1527_start_607465 17 14999 15000 +edge_1_0_+disjointig_1_0_998487 377046 392028 998487 -1 -1 12125 0.0395676
Chain
	Aln	1	+HG002_ont_1525_start_902566 1 14985 15000 -edge_1_0_+disjointig_1_0_998487 901560 916544 998487 -1 -1 12286 0.0398145
Chain
	Aln	0	-HG002_ont_1525_start_902566 14 14998 15000 +edge_1_0_+disjointig_1_0_998487 81942 96926 998487 -1 -1 12286 0.0398145
Chain
	Aln	1	+HG002_ont_1529_start_847820 1 14998 15000 -edge_1_0_+disjointig_1_0_998487 846814 861811 998487 -1 -1 12250 0.0397729
Chain
	Aln	0	-HG002_ont_1529_start_847820 1 14998 15000 +edge_1_0_+disjointig_1_0_998487 136675 151672 998487 -1 -1 12250 0.0397729
Chain
	Aln	1	+HG002_ont_1528_start_300058 5 14998 15000 -edge_1_0_+disjointig_1_0_998487 299056 314049 998487 -1 -1 12265 0.0410122
Chain
	Aln	0	-HG002_ont_1528_start_300058 1 14994 15000 +edge_1_0_+disjointig_1_0_998487 684437 699430 998487 -1 -1 12265 0.0410122
Chain
	Aln	1	+HG002_ont_1530_start_40559 6 14998 15000 -edge_1_0_+disjointig_1_0_998487 39558 54550 998487 -1 -1 12338 0.0373948
Chain
	Aln	0	-HG002_ont_1530_start_40559 1 14993 15000 +edge_1_0_+disjointig_1_0_998487 943936 958928 998487 -1 -1 12338 0.0373948
Chain
	Aln	1	+HG002_ont_1531_start_625164 57 14998 15000 -edge_1_0_+disjointig_1_0_998487 624214 639155 998487 -1 -1 11938 0.0426566
Chain
	Aln	0	-HG002_ont_1531_start_625164 1 14942 15000 +edge_1_0_+disjointig_1_0_998487 359331 374272 998487 -1 -1 11938 0.0426566
Chain
	Aln	1	+HG002_ont_1533_start_786915 0 14998 15000 -edge_1_0_+disjointig_1_0_998487 785908 800906 998487 -1 -1 12498 0.0392241
Chain
	Aln	0	-HG002_ont_1533_start_786915 1 14999 15000 +edge_1_0_+disjointig_1_0_998487 197580 212578 998487 -1 -1 12498 0.0392241
Chain
	Aln	1	+HG002_ont_1534_start_144378 0 14991 15000 -edge_1_0_+disjointig_1_0_998487 143371 158362 998487 -1 -1 12136 0.041646
Chain
	Aln	0	-HG002_ont_1534_start_144378 8 14999 15000 +edge_1_0_+disjointig_1_0_998487 840124 855115 998487 -1 -1 12136 0.041646
Chain
	Aln	1	+HG002_ont_1532_start_173336 1 14976 15000 -edge_1_0_+disjointig_1_0_998487 172330 187305 998487 -1 -1 12232 0.0418386
Chain
	Aln	0	-HG002_ont_1532_start_173336 23 14998 15000 +edge_1_0_+disjointig_1_0_998487 811181 826156 998487 -1 -1 12232 0.0418386
Chain
	Aln	1	+HG002_ont_1535_start_956414 21 14998 15000 -edge_1_0_+disjointig_1_0_998487 955428 970405 998487 -1 -1 12482 0.0417665
Chain
	Aln	0	-HG002_ont_1535_start_956414 1 14978 15000 +edge_1_0_+disjointig_1_0_998487 28081 43058 998487 -1 -1 12482 0.0417665
Chain
	Aln	1	+HG002_ont_1537_start_1243 4 14993 15000 -edge_1_0_+disjointig_1_0_998487 240 15229 998487 -1 -1 12338 0.0399269
Chain
	Aln	0	-HG002_ont_1537_start_1243 6 14995 15000 +edge_1_0_+disjointig_1_0_998487 983257 998246 998487 -1 -1 12338 0.0399269
Chain
	Aln	1	+HG002_ont_1536_start_735279 14 14976 15000 -edge_1_0_+disjointig_1_0_998487 734286 749248 998487 -1 -1 12473 0.0398905
Chain
	Aln	0	-HG002_ont_1536_start_735279 23 14985 15000 +edge_1_0_+disjointig_1_0_998487 249238 264200 998487 -1 -1 12473 0.0398905
Chain
	Aln	1	+HG002_ont_1539_start_728781 10 14998 15000 -edge_1_0_+disjointig_1_0_998487 727784 742772 998487 -1 -1 12612 0.0389256
Chain
	Aln	0	-HG002_ont_1539_start_728781 1 14989 15000 +edge_1_0_+disjointig_1_0_998487 255714 270702 998487 -1 -1 12612 0.0389256
Chain
	Aln	1	+HG002_ont_1538_start_397548 17 14991 15000 -edge_1_0_+disjointig_1_0_998487 396558 411532 998487 -1 -1 12503 0.0388479
Chain
	Aln	0	-HG002_ont_1538_start_397548 8 14982 15000 +edge_1_0_+disjointig_1_0_998487 586954 601928 998487 -1 -1 12503 0.0388479
Chain
	Aln	1	+HG002_ont_1540_start_869628 20 14998 15000 -edge_1_0_+disjointig_1_0_998487 868641 883619 998487 -1 -1 12384 0.0417865
Chain
	Aln	0	-HG002_ont_1540_start_869628 1 14979 15000 +edge_1_0_+disjointig_1_0_998487 114867 129845 998487 -1 -1 12384 0.0417865
Chain
	Aln	1	+HG002_ont_1541_start_368182 64 14998 15000 -edge_1_0_+disjointig_1_0_998487 367239 382173 998487 -1 -1 11786 0.042564
Chain
	Aln	0	-HG002_ont_1541_start_368182 1 14935 15000 +edge_1_0_+disjointig_1_0_998487 616313 631247 998487 -1 -1 11786 0.042564
Chain
	Aln	1	+HG002_ont_1542_start_426741 1 14998 15000 -edge_1_0_+disjointig_1_0_998487 425735 440732 998487 -1 -1 12091 0.0412647
Chain
	Aln	0	-HG002_ont_1542_start_426741 1 14998 15000 +edge_1_0_+disjointig_1_0_998487 557754 572751 998487 -1 -1 12091 0.0412647
Chain
	Aln	1	+HG002_ont_1543_start_519640 20 14998 15000 -edge_1_0_+disjointig_1_0_998487 518653 533631 998487 -1 -1 12450 0.0430628
Chain
	Aln	0	-HG002_ont_1543_start_519640 1 14979 15000 +edge_1_0_+disjointig_1_0_998487 464855 479833 998487 -1 -1 12450 0.0430628
Chain
	Aln	1	+HG002_ont_1544_start_314906 1 14998 15000 -edge_1_0_+disjointig_1_0_998487 313900 328897 998487 -1 -1 12376 0.0386877
Chain
	Aln	0	-HG002_ont_1544_start_314906 1 14998 15000 +edge_1_0_+disjointig_1_0_998487 669589 684586 998487 -1 -1 12376 0.0386877
Chain
	Aln	1	+HG002_ont_1545_start_106789 14 14998 15000 -edge_1_0_+disjointig_1_0_998487 105796 120780 998487 -1 -1 12343 0.0392533
Chain
	Aln	0	-HG002_ont_1545_start_106789 1 14985 15000 +edge_1_0_+disjointig_1_0_998487 877706 892690 998487 -1 -1 12343 0.0392533
Chain
	Aln	1	+HG002_ont_1546_start_858627 0 14972 15000 -edge_1_0_+disjointig_1_0_998487 857620 872592 998487 -1 -1 12151 0.0418348
Chain
	Aln	0	-HG002_ont_1546_start_858627 27 14999 15000 +edge_1_0_+disjointig_1_0_998487 125894 140866 998487 -1 -1 12151 0.0418348
Chain
	Aln	1	+HG002_ont_1547_start_583330 31 14998 15000 -edge_1_0_+disjointig_1_0_998487 582354 597321 998487 -1 -1 12513 0.038623
Chain
	Aln	0	-HG002_ont_1547_start_583330 1 14968 15000 +edge_1_0_+disjointig_1_0_998487 401165 416132 998487 -1 -1 12513 0.038623
Chain
	Aln	1	+HG002_ont_1548_start_257967 1 14998 15000 -edge_1_0_+disjointig_1_0_998487 256961 271958 998487 -1 -1 12237 0.0406196
Chain
	Aln	0	-HG002_ont_1548_start_257967 1 14998 15000 +edge_1_0_+disjointig_1_0_998487 726528 741525 998487 -1 -1 12237 0.0406196
Chain
	Aln	1	+HG002_ont_1551_start_936729 0 14998 15000 -edge_1_0_+disjointig_1_0_998487 935722 950720 998487 -1 -1 12598 0.0377453
Chain
	Aln	0	-HG002_ont_1551_start_936729 1 14999 15000 +edge_1_0_+disjointig_1_0_998487 47766 62764 998487 -1 -1 12598 0.0377453
Chain
	Aln	1	+HG002_ont_1550_start_826915 7 14998 15000 -edge_1_0_+disjointig_1_0_998487 825915 840906 998487 -1 -1 12277 0.0407841
Chain
	Aln	0	-HG002_ont_1550_start_826915 1 14992 15000 +edge_1_0_+disjointig_1_0_998487 157580 172571 998487 -1 -1 12277 0.0407841
Chain
	Aln	1	+HG002_ont_1549_start_162337 31 14995 15000 -edge_1_0_+disjointig_1_0_998487 161361 176325 998487 -1 -1 12244 0.0411905
Chain
	Aln	0	-HG002_ont_1549_start_162337 4 14968 15000 +edge_1_0_+disjointig_1_0_998487 822161 837125 998487 -1 -1 12244 0.0411905
Chain
	Aln	1	+HG002_ont_1552_start_850655 0 14989 15000 -edge_1_0_+disjointig_1_0_998487 849648 864637 998487 -1 -1 12297 0.0413759
Chain
	Aln	0	-HG002_ont_1552_start_850655 10 14999 15000 +edge_1_0_+disjointig_1_0_998487 133849 148838 998487 -1 -1 12297 0.0413759
Chain
	Aln	1	+HG002_ont_1553_start_949098 8 14998 15000 -edge_1_0_+disjointig_1_0_998487 948099 963089 998487 -1 -1 12193 0.0428573
Chain
	Aln	0	-HG002_ont_1553_start_949098 1 14991 15000 +edge_1_0_+disjointig_1_0_998487 35397 50387 998487 -1 -1 12193 0.0428573
Chain
	Aln	1	+HG002_ont_1555_start_116154 36 14998 15000 -edge_1_0_+disjointig_1_0_998487 115183 130145 998487 -1 -1 12413 0.0385125
Chain
	Aln	0	-HG002_ont_1555_start_116154 1 14963 15000 +edge_1_0_+disjointig_1_0_998487 868341 883303 998487 -1 -1 12413 0.0385125
Chain
	Aln	1	+HG002_ont_1554_start_683763 26 14995 15000 -edge_1_0_+disjointig_1_0_998487 682782 697751 998487 -1 -1 12182 0.0418311
Chain
	Aln	0	-HG002_ont_1554_start_683763 4 14973 15000 +edge_1_0_+disjointig_1_0_998487 300735 315704 998487 -1 -1 12182 0.0418311
Chain
	Aln	1	+HG002_ont_1557_start_340549 6 14988 15000 -edge_1_0_+disjointig_1_0_998487 339548 354530 998487 -1 -1 12343 0.0397371
Chain
	Aln	0	-HG002_ont_1557_start_340549 11 14993 15000 +edge_1_0_+disjointig_1_0_998487 643956 658938 998487 -1 -1 12343 0.0397371
Chain
	Aln	1	+HG002_ont_1556_start_97618 26 14982 15000 -edge_1_0_+disjointig_1_0_998487 96637 111593 998487 -1 -1 12612 0.0367664
Chain
	Aln	0	-HG002_ont_1556_start_97618 17 14973 15000 +edge_1_0_+disjointig_1_0_998487 886893 901849 998487 -1 -1 12612 0.0367664
Chain
	Aln	1	+HG002_ont_1559_start_438453 7 14992 15000 -edge_1_0_+disjointig_1_0_998487 437453 452438 998487 -1 -1 12313 0.0408549
Chain
	Aln	0	-HG002_ont_1559_start_438453 7 14992 15000 +edge_1_0_+disjointig_1_0_998487 546048 561033 998487 -1 -1 12313 0.0408549
Chain
	Aln	1	+HG002_ont_1560_start_683003 1 14998 15000 -edge_1_0_+disjointig_1_0_998487 681997 696994 998487 -1 -1 12226 0.0402064
Chain
	Aln	0	-HG002_ont_1560_start_683003 1 14998 15000 +edge_1_0_+disjointig_1_0_998487 301492 316489 998487 -1 -1 12226 0.0402064
Chain
	Aln	1	+HG002_ont_1558_start_846539 15 14990 15000 -edge_1_0_+disjointig_1_0_998487 845547 860522 998487 -1 -1 12215 0.0399571
Chain
	Aln	0	-HG002_ont_1558_start_846539 9 14984 15000 +edge_1_0_+disjointig_1_0_998487 137964 152939 998487 -1 -1 12215 0.0399571
Chain
	Aln	1	+HG002_ont_1561_start_617479 36 14992 15000 -edge_1_0_+disjointig_1_0_998487 616508 631464 998487 -1 -1 12267 0.0426425
Chain
	Aln	0	-HG002_ont_1561_start_617479 7 14963 15000 +edge_1_0_+disjointig_1_0_998487 367022 381978 998487 -1 -1 12267 0.0426425
Chain
	Aln	1	+HG002_ont_1563_start_715457 19 14986 15000 -edge_1_0_+disjointig_1_0_998487 714469 729436 998487 -1 -1 12557 0.0380498
Chain
	Aln	0	-HG002_ont_1563_start_715457 13 14980 15000 +edge_1_0_+disjointig_1_0_998487 269050 284017 998487 -1 -1 12557 0.0380498
Chain
	Aln	1	+HG002_ont_1564_start_17233 4 14998 15000 -edge_1_0_+disjointig_1_0_998487 16230 31224 998487 -1 -1 12679 0.0361927
Chain
	Aln	0	-HG002_ont_1564_start_17233 1 14995 15000 +edge_1_0_+disjointig_1_0_998487 967262 982256 998487 -1 -1 12679 0.0361927
Chain
	Aln	1	+HG002_ont_1562_start_342276 1 14994 15000 -edge_1_0_+disjointig_1_0_998487 341270 356263 998487 -1 -1 12053 0.0425771
Chain
	Aln	0	-HG002_ont_1562_start_342276 5 14998 15000 +edge_1_0_+disjointig_1_0_998487 642223 657216 998487 -1 -1 12053 0.0425771
Chain
	Aln	1	+HG002_ont_1565_start_575224 35 14974 15000 -edge_1_0_+disjointig_1_0_998487 574252 589191 998487 -1 -1 12066 0.0414894
Chain
	Aln	0	-HG002_ont_1565_start_575224 25 14964 15000 +edge_1_0_+disjointig_1_0_998487 409295 424234 998487 -1 -1 12066 0.0414894
Chain
	Aln	1	+HG002_ont_1566_start_99851 1 14984 15000 -edge_1_0_+disjointig_1_0_998487 98845 113828 998487 -1 -1 12016 0.0406664
Chain
	Aln	0	-HG002_ont_1566_start_99851 15 14998 15000 +edge_1_0_+disjointig_1_0_998487 884658 899641 998487 -1 -1 12016 0.0406664
Chain
	Aln	1	+HG002_ont_1567_start_441809 7 14995 15000 -edge_1_0_+disjointig_1_0_998487 440809 455797 998487 -1 -1 12286 0.0405765
Chain
	Aln	0	-HG002_ont_1567_start_441809 4 14992 15000 +edge_1_0_+disjointig_1_0_998487 542689 557677 998487 -1 -1 12286 0.0405765
Chain
	Aln	1	+HG002_ont_1569_start_642406 6 14998 15000 -edge_1_0_+disjointig_1_0_998487 641405 656397 998487 -1 -1 12089 0.0428001
Chain
	Aln	0	-HG002_ont_1569_start_642406 1 14993 15000 +edge_1_0_+disjointig_1_0_998487 342089 357081 998487 -1 -1 12089 0.0428001
Chain
	Aln	1	+HG002_ont_1570_start_897597 1 14998 15000 -edge_1_0_+disjointig_1_0_998487 896591 911588 998487 -1 -1 12005 0.0431129
Chain
	Aln	0	-HG002_ont_1570_start_897597 1 14998 15000 +edge_1_0_+disjointig_1_0_998487 86898 101895 998487 -1 -1 12005 0.0431129
Chain
	Aln	1	+HG002_ont_1568_start_489356 6 14979 15000 -edge_1_0_+disjointig_1_0_998487 488355 503328 998487 -1 -1 12388 0.0388667
Chain
	Aln	0	-HG002_ont_1568_start_489356 20 14993 15000 +edge_1_0_+disjointig_1_0_998487 495158 510131 998487 -1 -1 12388 0.0388667
Chain
	Aln	1	+HG002_ont_1572_start_836271 5 14973 15000 -edge_1_0_+disjointig_1_0_998487 835269 850237 998487 -1 -1 12353 0.0403494
Chain
	Aln	0	-HG002_ont_1572_start_836271 26 14994 15000 +edge_1_0_+disjointig_1_0_998487 148249 163217 998487 -1 -1 12353 0.0403494
Chain
	Aln	1	+HG002_ont_1571_start_915928 19 14998 15000 -edge_1_0_+disjointig_1_0_998487 914940 929919 998487 -1 -1 12108 0.0409336
Chain
	Aln	0	-HG002_ont_1571_start_915928 1 14980 15000 +edge_1_0_+disjointig_1_0_998487 68567 83546 998487 -1 -1 12108 0.0409336
Chain
	Aln	1	+HG002_ont_1573_start_606476 1 14998 15000 -edge_1_0_+disjointig_1_0_998487 605470 620467 998487 -1 -1 12226 0.041845
Chain
	Aln	0	-HG002_ont_1573_start_606476 1 14998 15000 +edge_1_0_+disjointig_1_0_998487 378019 393016 998487 -1 -1 12226 0.041845
Chain
	Aln	1	+HG002_ont_1574_start_656060 0 14983 15000 -edge_1_0_+disjointig_1_0_998487 655053 670036 998487 -1 -1 12173 0.0423439
Chain
	Aln	0	-HG002_ont_1574_start_656060 16 14999 15000 +edge_1_0_+disjointig_1_0_998487 328450 343433 998487 -1 -1 12173 0.0423439
Chain
	Aln	1	+HG002_ont_1575_start_439888 1 14998 15000 -edge_1_0_+disjointig_1_0_998487 438882 453879 998487 -1 -1 12265 0.041917
Chain
	Aln	0	-HG002_ont_1575_start_439888 1 14998 15000 +edge_1_0_+disjointig_1_0_998487 544607 559604 998487 -1 -1 12265 0.041917
Chain
	Aln	1	+HG002_ont_1576_start_294866 1 14998 15000 -edge_1_0_+disjointig_1_0_998487 293860 308857 998487 -1 -1 12346 0.0403931
Chain
	Aln	0	-HG002_ont_1576_start_294866 1 14998 15000 +edge_1_0_+disjointig_1_0_998487 689629 704626 998487 -1 -1 12346 0.0403931
Chain
	Aln	1	+HG002_ont_1577_start_883836 1 14975 15000 -edge_1_0_+disjointig_1_0_998487 882830 897804 998487 -1 -1 12115 0.0422602
Chain
	Aln	0	-HG002_ont_1577_start_883836 24 14998 15000 +edge_1_0_+disjointig_1_0_998487 100682 115656 998487 -1 -1 12115 0.0422602
Chain
	Aln	1	+HG002_ont_1579_start_514581 18 14998 15000 -edge_1_0_+disjointig_1_0_998487 513592 528572 998487 -1 -1 12064 0.0401552
Chain
	Aln	0	-HG002_ont_1579_start_514581 1 14981 15000 +edge_1_0_+disjointig_1_0_998487 469914 484894 998487 -1 -1 12064 0.0401552
Chain
	Aln	1	+HG002_ont_1578_start_376498 1 14984 15000 -edge_1_0_+disjointig_1_0_998487 375492 390475 998487 -1 -1 12185 0.0430253
Chain
	Aln	0	-HG002_ont_1578_start_376498 15 14998 15000 +edge_1_0_+disjointig_1_0_998487 608011 622994 998487 -1 -1 12185 0.0430253
Chain
	Aln	1	+HG002_ont_1581_start_581010 20 14998 15000 -edge_1_0_+disjointig_1_0_998487 580023 595001 998487 -1 -1 12186 0.041198
Chain
	Aln	0	-HG002_ont_1581_start_581010 1 14979 15000 +edge_1_0_+disjointig_1_0_998487 403485 418463 998487 -1 -1 12186 0.041198
Chain
	Aln	1	+HG002_ont_1580_start_152638 4 14987 15000 -edge_1_0_+disjointig_1_0_998487 151635 166618 998487 -1 -1 12610 0.0385571
Chain
	Aln	0	-HG002_ont_1580_start_152638 12 14995 15000 +edge_1_0_+disjointig_1_0_998487 831868 846851 998487 -1 -1 12610 0.0385571
Chain
	Aln	1	+HG002_ont_1582_start_617925 0 14998 15000 -edge_1_0_+disjointig_1_0_998487 616918 631916 998487 -1 -1 12081 0.0438065
Chain
	Aln	0	-HG002_ont_1582_start_617925 1 14999 15000 +edge_1_0_+disjointig_1_0_998487 366570 381568 998487 -1 -1 12081 0.0438065
Chain
	Aln	1	+HG002_ont_1583_start_569999 16 14991 15000 -edge_1_0_+disjointig_1_0_998487 569008 583983 998487 -1 -1 12225 0.0412575
Chain
	Aln	0	-HG002_ont_1583_start_569999 8 14983 15000 +edge_1_0_+disjointig_1_0_998487 414503 429478 998487 -1 -1 12225 0.0412575
Chain
	Aln	1	+HG002_ont_1584_start_98279 1 14998 15000 -edge_1_0_+disjointig_1_0_998487 97273 112270 998487 -1 -1 12293 0.0431129
Chain
	Aln	0	-HG002_ont_1584_start_98279 1 14998 15000 +edge_1_0_+disjointig_1_0_998487 886216 901213 998487 -1 -1 12293 0.0431129
Chain
	Aln	1	+HG002_ont_1585_start_373900 1 14998 15000 -edge_1_0_+disjointig_1_0_998487 372894 387891 998487 -1 -1 12437 0.0396881
Chain
	Aln	0	-HG002_ont_1585_start_373900 1 14998 15000 +edge_1_0_+disjointig_1_0_998487 610595 625592 998487 -1 -1 12437 0.0396881
Chain
	Aln	1	+HG002_ont_1586_start_503828 1 14998 15000 -edge_1_0_+disjointig_1_0_998487 502822 517819 998487 -1 -1 12190 0.0411146
Chain
	Aln	0	-HG002_ont_1586_start_503828 1 14998 15000 +edge_1_0_+disjointig_1_0_998487 480667 495664 998487 -1 -1 12190 0.0411146
Chain
	Aln	1	+HG002_ont_1587_start_957017 2 14968 15000 -edge_1_0_+disjointig_1_0_998487 956012 970978 998487 -1 -1 12296 0.038566
Chain
	Aln	0	-HG002_ont_1587_start_957017 31 14997 15000 +edge_1_0_+disjointig_1_0_998487 27508 42474 998487 -1 -1 12296 0.038566
Chain
	Aln	1	+HG002_ont_1588_start_882901 1 14998 15000 -edge_1_0_+disjointig_1_0_998487 881895 896892 998487 -1 -1 11942 0.0433665
Chain
	Aln	0	-HG002_ont_1588_start_882901 1 14998 15000 +edge_1_0_+disjointig_1_0_998487 101594 116591 998487 -1 -1 11942 0.0433665
Chain
	Aln	1	+HG002_ont_1589_start_242158 1 14998 15000 -edge_1_0_+disjointig_1_0_998487 241152 256149 998487 -1 -1 12516 0.0388394
Chain
	Aln	0	-HG002_ont_1589_start_242158 1 14998 15000 +edge_1_0_+disjointig_1_0_998487 742337 757334 998487 -1 -1 12516 0.0388394
Chain
	Aln	1	+HG002_ont_1590_start_357263 1 14998 15000 -edge_1_0_+disjointig_1_0_998487 356257 371254 998487 -1 -1 12572 0.039266
Chain
	Aln	0	-HG002_ont_1590_start_357263 1 14998 15000 +edge_1_0_+disjointig_1_0_998487 627232 642229 998487 -1 -1 12572 0.039266
Chain
	Aln	1	+HG002_ont_1593_start_744721 1 14985 15000 -edge_1_0_+disjointig_1_0_998487 743715 758699 998487 -1 -1 11962 0.0428907
Chain
	Aln	0	-HG002_ont_1593_start_744721 14 14998 15000 +edge_1_0_+disjointig_1_0_998487 239787 254771 998487 -1 -1 11962 0.0428907
Chain
	Aln	1	+HG002_ont_1592_start_805799 0 14998 15000 -edge_1_0_+disjointig_1_0_998487 804792 819790 998487 -1 -1 12535 0.0382166
Chain
	Aln	0	-HG002_ont_1592_start_805799 1 14999 15000 +edge_1_0_+disjointig_1_0_998487 178696 193694 998487 -1 -1 12535 0.0382166
Chain
	Aln	1	+HG002_ont_1591_start_299215 15 14998 15000 -edge_1_0_+disjointig_1_0_998487 298223 313206 998487 -1 -1 12048 0.0416784
Chain
	Aln	0	-HG002_ont_1591_start_299215 1 14984 15000 +edge_1_0_+disjointig_1_0_998487 685280 700263 998487 -1 -1 12048 0.0416784
Chain
	Aln	1	+HG002_ont_1594_start_373913 0 14973 15000 -edge_1_0_+disjointig_1_0_998487 372906 387879 998487 -1 -1 12424 0.0385935
Chain
	Aln	0	-HG002_ont_1594_start_373913 26 14999 15000 +edge_1_0_+disjointig_1_0_998487 610607 625580 998487 -1 -1 12424 0.0385935
Chain
	Aln	1	+HG002_ont_1595_start_308586 1 14998 15000 -edge_1_0_+disjointig_1_0_998487 307580 322577 998487 -1 -1 12525 0.0387711
Chain
	Aln	0	-HG002_ont_1595_start_308586 1 14998 15000 +edge_1_0_+disjointig_1_0_998487 675909 690906 998487 -1 -1 12525 0.0387711
Chain
	Aln	1	+HG002_ont_1596_start_651823 34 14987 15000 -edge_1_0_+disjointig_1_0_998487 650850 665803 998487 -1 -1 11800 0.0455864
Chain
	Aln	0	-HG002_ont_1596_start_651823 12 14965 15000 +edge_1_0_+disjointig_1_0_998487 332683 347636 998487 -1 -1 11800 0.0455864
Chain
	Aln	1	+HG002_ont_1597_start_98487 3 14983 15000 -edge_1_0_+disjointig_1_0_998487 97483 112463 998487 -1 -1 12455 0.0377865
Chain
	Aln	0	-HG002_ont_1597_start_98487 16 14996 15000 +edge_1_0_+disjointig_1_0_998487 886023 901003 998487 -1 -1 12455 0.0377865
Chain
	Aln	1	+HG002_ont_1599_start_269851 15 14998 15000 -edge_1_0_+disjointig_1_0_998487 268859 283842 998487 -1 -1 12122 0.0436734
Chain
	Aln	0	-HG002_ont_1599_start_269851 1 14984 15000 +edge_1_0_+disjointig_1_0_998487 714644 729627 998487 -1 -1 12122 0.0436734
Chain
	Aln	1	+HG002_ont_1598_start_269117 1 14998 15000 -edge_1_0_+disjointig_1_0_998487 268111 283108 998487 -1 -1 12238 0.0417492
Chain
	Aln	0	-HG002_ont_1598_start_269117 1 14998 15000 +edge_1_0_+disjointig_1_0_998487 715378 730375 998487 -1 -1 12238 0.0417492
Chain
	Aln	1	+HG002_ont_1600_start_777293 5 14998 15000 -edge_1_0_+disjointig_1_0_998487 776291 791284 998487 -1 -1 12320 0.0410831
Chain
	Aln	0	-HG002_ont_1600_start_777293 1 14994 15000 +edge_1_0_+disjointig_1_0_998487 207202 222195 998487 -1 -1 12320 0.0410831
Chain
	Aln	1	+HG002_ont_1601_start_70315 10 14985 15000 -edge_1_0_+disjointig_1_0_998487 69318 84293 998487 -1 -1 12514 0.0378042
Chain
	Aln	0	-HG002_ont_1601_start_70315 14 14989 15000 +edge_1_0_+disjointig_1_0_998487 914193 929168 998487 -1 -1 12514 0.0378042
Chain
	Aln	1	+HG002_ont_1603_start_722218 35 14979 15000 -edge_1_0_+disjointig_1_0_998487 721246 736190 998487 -1 -1 12388 0.0380269
Chain
	Aln	0	-HG002_ont_1603_start_722218 20 14964 15000 +edge_1_0_+disjointig_1_0_998487 262296 277240 998487 -1 -1 12388 0.0380269
Chain
	Aln	1	+HG002_ont_1602_start_127302 67 14997 15000 -edge_1_0_+disjointig_1_0_998487 126362 141292 998487 -1 -1 12458 0.0388957
Chain
	Aln	0	-HG002_ont_1602_start_127302 2 14932 15000 +edge_1_0_+disjointig_1_0_998487 857194 872124 998487 -1 -1 12458 0.0388957
Chain
	Aln	1	+HG002_ont_1604_start_820219 0 14982 15000 -edge_1_0_+disjointig_1_0_998487 819212 834194 998487 -1 -1 12362 0.0409611
Chain
	Aln	0	-HG002_ont_1604_start_820219 17 14999 15000 +edge_1_0_+disjointig_1_0_998487 164292 179274 998487 -1 -1 12362 0.0409611
Chain
	Aln	1	+HG002_ont_1605_start_363519 31 14991 15000 -edge_1_0_+disjointig_1_0_998487 362543 377503 998487 -1 -1 12200 0.0412699
Chain
	Aln	0	-HG002_ont_1605_start_363519 8 14968 15000 +edge_1_0_+disjointig_1_0_998487 620983 635943 998487 -1 -1 12200 0.0412699
Chain
	Aln	1	+HG002_ont_1607_start_758143 1 14998 15000 -edge_1_0_+disjointig_1_0_998487 757137 772134 998487 -1 -1 12366 0.0404867
Chain
	Aln	0	-HG002_ont_1607_start_758143 1 14998 15000 +edge_1_0_+disjointig_1_0_998487 226352 241349 998487 -1 -1 12366 0.0404867
Chain
	Aln	1	+HG002_ont_1606_start_176022 1 14981 15000 -edge_1_0_+disjointig_1_0_998487 175016 189996 998487 -1 -1 12244 0.0412534
Chain
	Aln	0	-HG002_ont_1606_start_176022 18 14998 15000 +edge_1_0_+disjointig_1_0_998487 808490 823470 998487 -1 -1 12244 0.0412534
Chain
	Aln	1	+HG002_ont_1608_start_429089 7 14998 15000 -edge_1_0_+disjointig_1_0_998487 428089 443080 998487 -1 -1 12357 0.0420536
Chain
	Aln	0	-HG002_ont_1608_start_429089 1 14992 15000 +edge_1_0_+disjointig_1_0_998487 555406 570397 998487 -1 -1 12357 0.0420536
Chain
	Aln	1	+HG002_ont_1610_start_4355 10 14998 15000 -edge_1_0_+disjointig_1_0_998487 3358 18346 998487 -1 -1 12292 0.041032
Chain
	Aln	0	-HG002_ont_1610_start_4355 1 14989 15000 +edge_1_0_+disjointig_1_0_998487 980140 995128 998487 -1 -1 12292 0.041032
Chain
	Aln	1	+HG002_ont_1611_start_262506 22 14998 15000 -edge_1_0_+disjointig_1_0_998487 261521 276497 998487 -1 -1 12277 0.0411032
Chain
	Aln	0	-HG002_ont_1611_start_262506 1 14977 15000 +edge_1_0_+disjointig_1_0_998487 721989 736965 998487 -1 -1 12277 0.0411032
Chain
	Aln	1	+HG002_ont_1609_start_28124 1 14998 15000 -edge_1_0_+disjointig_1_0_998487 27118 42115 998487 -1 -1 12358 0.0400512
Chain
	Aln	0	-HG002_ont_1609_start_28124 1 14998 15000 +edge_1_0_+disjointig_1_0_998487 956371 971368 998487 -1 -1 12358 0.0400512
Chain
	Aln	1	+HG002_ont_1612_start_270529 1 14972 15000 -edge_1_0_+disjointig_1_0_998487 269523 284494 998487 -1 -1 12064 0.0398717
Chain
	Aln	0	-HG002_ont_1612_start_270529 27 14998 15000 +edge_1_0_+disjointig_1_0_998487 713992 728963 998487 -1 -1 12064 0.0398717
Chain
	Aln	1	+HG002_ont_1613_start_199606 1 14998 15000 -edge_1_0_+disjointig_1_0_998487 198600 213597 998487 -1 -1 12384 0.0409727
Chain
	Aln	0	-HG002_ont_1613_start_199606 1 14998 15000 +edge_1_0_+disjointig_1_0_998487 784889 799886 998487 -1 -1 12384 0.0409727
Chain
	Aln	1	+HG002_ont_1615_start_507575 19 14984 15000 -edge_1_0_+disjointig_1_0_998487 506587 521552 998487 -1 -1 12363 0.0413928
Chain
	Aln	0	-HG002_ont_1615_start_507575 15 14980 15000 +edge_1_0_+disjointig_1_0_998487 476934 491899 998487 -1 -1 12363 0.0413928
Chain
	Aln	1	+HG002_ont_1614_start_351022 1 14998 15000 -edge_1_0_+disjointig_1_0_998487 350016 365013 998487 -1 -1 12438 0.0415581
Chain
	Aln	0	-HG002_ont_1614_start_351022 1 14998 15000 +edge_1_0_+disjointig_1_0_998487 633473 648470 998487 -1 -1 12438 0.0415581
Chain
	Aln	1	+HG002_ont_1616_start_400841 1 14981 15000 -edge_1_0_+disjointig_1_0_998487 399835 414815 998487 -1 -1 12708 0.0369784
Chain
	Aln	0	-HG002_ont_1616_start_400841 18 14998 15000 +edge_1_0_+disjointig_1_0_998487 583671 598651 998487 -1 -1 12708 0.0369784
Chain
	Aln	1	+HG002_ont_1618_start_576079 16 14997 15000 -edge_1_0_+disjointig_1_0_998487 575088 590069 998487 -1 -1 12183 0.0402291
Chain
	Aln	0	-HG002_ont_1618_start_576079 2 14983 15000 +edge_1_0_+disjointig_1_0_998487 408417 423398 998487 -1 -1 12183 0.0402291
Chain
	Aln	1	+HG002_ont_1617_start_712107 5 14998 15000 -edge_1_0_+disjointig_1_0_998487 711105 726098 998487 -1 -1 12404 0.0406744
Chain
	Aln	0	-HG002_ont_1617_start_712107 1 14994 15000 +edge_1_0_+disjointig_1_0_998487 272388 287381 998487 -1 -1 12404 0.0406744
Chain
	Aln	1	+HG002_ont_1619_start_59364 13 14988 15000 -edge_1_0_+disjointig_1_0_998487 58370 73345 998487 -1 -1 12502 0.0381338
Chain
	Aln	0	-HG002_ont_1619_start_59364 11 14986 15000 +edge_1_0_+disjointig_1_0_998487 925141 940116 998487 -1 -1 12502 0.0381338
Chain
	Aln	1	+HG002_ont_1620_start_558603 19 14998 15000 -edge_1_0_+disjointig_1_0_998487 557615 572594 998487 -1 -1 12099 0.0430586
Chain
	Aln	0	-HG002_ont_1620_start_558603 1 14980 15000 +edge_1_0_+disjointig_1_0_998487 425892 440871 998487 -1 -1 12099 0.0430586
Chain
	Aln	1	+HG002_ont_1621_start_625483 1 14998 15000 -edge_1_0_+disjointig_1_0_998487 624477 639474 998487 -1 -1 11796 0.0422137
Chain
	Aln	0	-HG002_ont_1621_start_625483 1 14998 15000 +edge_1_0_+disjointig_1_0_998487 359012 374009 998487 -1 -1 11796 0.0422137
Chain
	Aln	1	+HG002_ont_1622_start_764164 18 14998 15000 -edge_1_0_+disjointig_1_0_998487 763175 778155 998487 -1 -1 12452 0.0391382
Chain
	Aln	0	-HG002_ont_1622_start_764164 1 14981 15000 +edge_1_0_+disjointig_1_0_998487 220331 235311 998487 -1 -1 12452 0.0391382
Chain
	Aln	1	+HG002_ont_1623_start_838850 18 14993 15000 -edge_1_0_+disjointig_1_0_998487 837861 852836 998487 -1 -1 12236 0.0415513
Chain
	Aln	0	-HG002_ont_1623_start_838850 6 14981 15000 +edge_1_0_+disjointig_1_0_998487 145650 160625 998487 -1 -1 12236 0.0415513
Chain
	Aln	1	+HG002_ont_1624_start_788138 16 14994 15000 -edge_1_0_+disjointig_1_0_998487 787147 802125 998487 -1 -1 12098 0.0416428
Chain
	Aln	0	-HG002_ont_1624_start_788138 5 14983 15000 +edge_1_0_+disjointig_1_0_998487 196361 211339 998487 -1 -1 12098 0.0416428
Chain
	Aln	1	+HG002_ont_1625_start_78664 1 14998 15000 -edge_1_0_+disjointig_1_0_998487 77658 92655 998487 -1 -1 12306 0.0415899
Chain
	Aln	0	-HG002_ont_1625_start_78664 1 14998 15000 +edge_1_0_+disjointig_1_0_998487 905831 920828 998487 -1 -1 12306 0.0415899
Chain
	Aln	1	+HG002_ont_1627_start_218868 5 14998 15000 -edge_1_0_+disjointig_1_0_998487 217866 232859 998487 -1 -1 12360 0.0407684
Chain
	Aln	0	-HG002_ont_1627_start_218868 1 14994 15000 +edge_1_0_+disjointig_1_0_998487 765627 780620 998487 -1 -1 12360 0.0407684
Chain
	Aln	1	+HG002_ont_1626_start_341850 30 14998 15000 -edge_1_0_+disjointig_1_0_998487 340873 355841 998487 -1 -1 12047 0.0454493
Chain
	Aln	0	-HG002_ont_1626_start_341850 1 14969 15000 +edge_1_0_+disjointig_1_0_998487 642645 657613 998487 -1 -1 12047 0.0454493
Chain
	Aln	1	+HG002_ont_1628_start_691051 11 14981 15000 -edge_1_0_+disjointig_1_0_998487 690055 705025 998487 -1 -1 12244 0.041851
Chain
	Aln	0	-HG002_ont_1628_start_691051 18 14988 15000 +edge_1_0_+disjointig_1_0_998487 293461 308431 998487 -1 -1 12244 0.041851
Chain
	Aln	1	+HG002_ont_1629_start_862165 0 14998 15000 -edge_1_0_+disjointig_1_0_998487 861158 876156 998487 -1 -1 12256 0.040475
Chain
	Aln	0	-HG002_ont_1629_start_862165 1 14999 15000 +edge_1_0_+disjointig_1_0_998487 122330 137328 998487 -1 -1 12256 0.040475
Chain
	Aln	1	+HG002_ont_1630_start_877540 1 14998 15000 -edge_1_0_+disjointig_1_0_998487 876534 891531 998487 -1 -1 12160 0.0410988
Chain
	Aln	0	-HG002_ont_1630_start_877540 1 14998 15000 +edge_1_0_+disjointig_1_0_998487 106955 121952 998487 -1 -1 12160 0.0410988
Chain
	Aln	1	+HG002_ont_1632_start_25313 2 14995 15000 -edge_1_0_+disjointig_1_0_998487 24308 39301 998487 -1 -1 12195 0.0416937
Chain
	Aln	0	-HG002_ont_1632_start_25313 4 14997 15000 +edge_1_0_+disjointig_1_0_998487 959185 974178 998487 -1 -1 12195 0.0416937
Chain
	Aln	1	+HG002_ont_1631_start_941201 0 14998 15000 -edge_1_0_+disjointig_1_0_998487 940194 955192 998487 -1 -1 12525 0.0388965
Chain
	Aln	0	-HG002_ont_1631_start_941201 1 14999 15000 +edge_1_0_+disjointig_1_0_998487 43294 58292 998487 -1 -1 12525 0.0388965
Chain
	Aln	1	+HG002_ont_1633_start_569741 1 14990 15000 -edge_1_0_+disjointig_1_0_998487 568735 583724 998487 -1 -1 12276 0.0406587
Chain
	Aln	0	-HG002_ont_1633_start_569741 9 14998 15000 +edge_1_0_+disjointig_1_0_998487 414762 429751 998487 -1 -1 12276 0.0406587
Chain
	Aln	1	+HG002_ont_1637_start_1827 7 14998 15000 -edge_1_0_+disjointig_1_0_998487 827 15818 998487 -1 -1 12202 0.0411226
Chain
	Aln	0	-HG002_ont_1637_start_1827 1 14992 15000 +edge_1_0_+disjointig_1_0_998487 982668 997659 998487 -1 -1 12202 0.0411226
Chain
	Aln	1	+HG002_ont_1635_start_615480 4 14955 15000 -edge_1_0_+disjointig_1_0_998487 614477 629428 998487 -1 -1 12194 0.0410287
Chain
	Aln	0	-HG002_ont_1635_start_615480 44 14995 15000 +edge_1_0_+disjointig_1_0_998487 369058 384009 998487 -1 -1 12194 0.0410287
Chain
	Aln	1	+HG002_ont_1634_start_816769 0 14989 15000 -edge_1_0_+disjointig_1_0_998487 815762 830751 998487 -1 -1 12492 0.0381437
Chain
	Aln	0	-HG002_ont_1634_start_816769 10 14999 15000 +edge_1_0_+disjointig_1_0_998487 167735 182724 998487 -1 -1 12492 0.0381437
Chain
	Aln	1	+HG002_ont_1636_start_710587 15 14973 15000 -edge_1_0_+disjointig_1_0_998487 709595 724553 998487 -1 -1 12358 0.0423022
Chain
	Aln	0	-HG002_ont_1636_start_710587 26 14984 15000 +edge_1_0_+disjointig_1_0_998487 273933 288891 998487 -1 -1 12358 0.0423022
Chain
	Aln	1	+HG002_ont_1639_start_738606 11 14998 15000 -edge_1_0_+disjointig_1_0_998487 737610 752597 998487 -1 -1 12223 0.0426021
Chain
	Aln	0	-HG002_ont_1639_start_738606 1 14988 15000 +edge_1_0_+disjointig_1_0_998487 245889 260876 998487 -1 -1 12223 0.0426021
Chain
	Aln	1	+HG002_ont_1638_start_362823 10 14998 15000 -edge_1_0_+disjointig_1_0_998487 361826 376814 998487 -1 -1 12292 0.0406547
Chain
	Aln	0	-HG002_ont_1638_start_362823 1 14989 15000 +edge_1_0_+disjointig_1_0_998487 621672 636660 998487 -1 -1 12292 0.0406547
Chain
	Aln	1	+HG002_ont_1641_start_822872 46 14998 15000 -edge_1_0_+disjointig_1_0_998487 821911 836863 998487 -1 -1 12312 0.0402319
Chain
	Aln	0	-HG002_ont_1641_start_822872 1 14953 15000 +edge_1_0_+disjointig_1_0_998487 161623 176575 998487 -1 -1 12312 0.0402319
Chain
	Aln	1	+HG002_ont_1640_start_904856 1 14990 15000 -edge_1_0_+disjointig_1_0_998487 903850 918839 998487 -1 -1 12648 0.0378144
Chain
	Aln	0	-HG002_ont_1640_start_904856 9 14998 15000 +edge_1_0_+disjointig_1_0_998487 79647 94636 998487 -1 -1 12648 0.0378144
Chain
	Aln	1	+HG002_ont_1642_start_575532 6 14998 15000 -edge_1_0_+disjointig_1_0_998487 574531 589523 998487 -1 -1 11980 0.0421298
Chain
	Aln	0	-HG002_ont_1642_start_575532 1 14993 15000 +edge_1_0_+disjointig_1_0_998487 408963 423955 998487 -1 -1 11980 0.0421298
Chain
	Aln	1	+HG002_ont_1643_start_688328 3 14998 15000 -edge_1_0_+disjointig_1_0_998487 687324 702319 998487 -1 -1 12240 0.0413439
Chain
	Aln	0	-HG002_ont_1643_start_688328 1 14996 15000 +edge_1_0_+disjointig_1_0_998487 296167 311162 998487 -1 -1 12240 0.0413439
Chain
	Aln	1	+HG002_ont_1645_start_325380 33 14990 15000 -edge_1_0_+disjointig_1_0_998487 324406 339363 998487 -1 -1 12471 0.0402594
Chain
	Aln	0	-HG002_ont_1645_start_325380 9 14966 15000 +edge_1_0_+disjointig_1_0_998487 659123 674080 998487 -1 -1 12471 0.0402594
Chain
	Aln	1	+HG002_ont_1644_start_263816 47 14998 15000 -edge_1_0_+disjointig_1_0_998487 262856 277807 998487 -1 -1 12312 0.040228
Chain
	Aln	0	-HG002_ont_1644_start_263816 1 14952 15000 +edge_1_0_+disjointig_1_0_998487 720679 735630 998487 -1 -1 12312 0.040228
Chain
	Aln	1	+HG002_ont_1647_start_841876 43 14954 15000 -edge_1_0_+disjointig_1_0_998487 840912 855823 998487 -1 -1 12131 0.0420122
Chain
	Aln	0	-HG002_ont_1647_start_841876 45 14956 15000 +edge_1_0_+disjointig_1_0_998487 142663 157574 998487 -1 -1 12131 0.0420122
Chain
	Aln	1	+HG002_ont_1646_start_586863 1 14981 15000 -edge_1_0_+disjointig_1_0_998487 585857 600837 998487 -1 -1 12360 0.0398451
Chain
	Aln	0	-HG002_ont_1646_start_586863 18 14998 15000 +edge_1_0_+disjointig_1_0_998487 397649 412629 998487 -1 -1 12360 0.0398451
Chain
	Aln	1	+HG002_ont_1649_start_281970 1 14998 15000 -edge_1_0_+disjointig_1_0_998487 280964 295961 998487 -1 -1 12276 0.0398191
Chain
	Aln	0	-HG002_ont_1649_start_281970 1 14998 15000 +edge_1_0_+disjointig_1_0_998487 702525 717522 998487 -1 -1 12276 0.0398191
Chain
	Aln	1	+HG002_ont_1648_start_163865 1 14987 15000 -edge_1_0_+disjointig_1_0_998487 162859 177845 998487 -1 -1 12074 0.0434218
Chain
	Aln	0	-HG002_ont_1648_start_163865 12 14998 15000 +edge_1_0_+disjointig_1_0_998487 820641 835627 998487 -1 -1 12074 0.0434218
Chain
	Aln	1	+HG002_ont_1650_start_779674 11 14998 15000 -edge_1_0_+disjointig_1_0_998487 778678 793665 998487 -1 -1 12323 0.0411622
Chain
	Aln	0	-HG002_ont_1650_start_779674 1 14988 15000 +edge_1_0_+disjointig_1_0_998487 204821 219808 998487 -1 -1 12323 0.0411622
Chain
	Aln	1	+HG002_ont_1652_start_324108 28 14998 15000 -edge_1_0_+disjointig_1_0_998487 323129 338099 998487 -1 -1 12184 0.0432441
Chain
	Aln	0	-HG002_ont_1652_start_324108 1 14971 15000 +edge_1_0_+disjointig_1_0_998487 660387 675357 998487 -1 -1 12184 0.0432441
Chain
	Aln	1	+HG002_ont_1651_start_669593 3 14989 15000 -edge_1_0_+disjointig_1_0_998487 668589 683575 998487 -1 -1 12379 0.0413483
Chain
	Aln	0	-HG002_ont_1651_start_669593 10 14996 15000 +edge_1_0_+disjointig_1_0_998487 314911 329897 998487 -1 -1 12379 0.0413483
Chain
	Aln	1	+HG002_ont_1653_start_33341 1 14998 15000 -edge_1_0_+disjointig_1_0_998487 32335 47332 998487 -1 -1 12151 0.0436212
Chain
	Aln	0	-HG002_ont_1653_start_33341 1 14998 15000 +edge_1_0_+disjointig_1_0_998487 951154 966151 998487 -1 -1 12151 0.0436212
Chain
	Aln	1	+HG002_ont_1654_start_154137 57 14988 15000 -edge_1_0_+disjointig_1_0_998487 153187 168118 998487 -1 -1 12108 0.0417616
Chain
	Aln	0	-HG002_ont_1654_start_154137 11 14942 15000 +edge_1_0_+disjointig_1_0_998487 830368 845299 998487 -1 -1 12108 0.0417616
Chain
	Aln	1	+HG002_ont_1657_start_900955 33 14967 15000 -edge_1_0_+disjointig_1_0_998487 899981 914915 998487 -1 -1 12243 0.0412072
Chain
	Aln	0	-HG002_ont_1657_start_900955 32 14966 15000 +edge_1_0_+disjointig_1_0_998487 83571 98505 998487 -1 -1 12243 0.0412072
Chain
	Aln	1	+HG002_ont_1655_start_196803 20 14998 15000 -edge_1_0_+disjointig_1_0_998487 195816 210794 998487 -1 -1 12286 0.0409139
Chain
	Aln	0	-HG002_ont_1655_start_196803 1 14979 15000 +edge_1_0_+disjointig_1_0_998487 787692 802670 998487 -1 -1 12286 0.0409139
Chain
	Aln	1	+HG002_ont_1658_start_306178 1 14995 15000 -edge_1_0_+disjointig_1_0_998487 305172 320166 998487 -1 -1 12262 0.0384493
Chain
	Aln	0	-HG002_ont_1658_start_306178 4 14998 15000 +edge_1_0_+disjointig_1_0_998487 678320 693314 998487 -1 -1 12262 0.0384493
Chain
	Aln	1	+HG002_ont_1656_start_838644 1 14998 15000 -edge_1_0_+disjointig_1_0_998487 837638 852635 998487 -1 -1 12442 0.0400202
Chain
	Aln	0	-HG002_ont_1656_start_838644 1 14998 15000 +edge_1_0_+disjointig_1_0_998487 145851 160848 998487 -1 -1 12442 0.0400202
Chain
	Aln	1	+HG002_ont_1659_start_550774 6 14984 15000 -edge_1_0_+disjointig_1_0_998487 549773 564751 998487 -1 -1 12381 0.0418104
Chain
	Aln	0	-HG002_ont_1659_start_550774 15 14993 15000 +edge_1_0_+disjointig_1_0_998487 433735 448713 998487 -1 -1 12381 0.0418104
Chain
	Aln	1	+HG002_ont_1661_start_864968 1 14998 15000 -edge_1_0_+disjointig_1_0_998487 863962 878959 998487 -1 -1 12360 0.0399118
Chain
	Aln	0	-HG002_ont_1661_start_864968 1 14998 15000 +edge_1_0_+disjointig_1_0_998487 119527 134524 998487 -1 -1 12360 0.0399118
Chain
	Aln	1	+HG002_ont_1662_start_38589 14 14998 15000 -edge_1_0_+disjointig_1_0_998487 37596 52580 998487 -1 -1 12295 0.0394986
Chain
	Aln	0	-HG002_ont_1662_start_38589 1 14985 15000 +edge_1_0_+disjointig_1_0_998487 945906 960890 998487 -1 -1 12295 0.0394986
Chain
	Aln	1	+HG002_ont_1660_start_190682 9 14998 15000 -edge_1_0_+disjointig_1_0_998487 189684 204673 998487 -1 -1 12583 0.0391506
Chain
	Aln	0	-HG002_ont_1660_start_190682 1 14990 15000 +edge_1_0_+disjointig_1_0_998487 793813 808802 998487 -1 -1 12583 0.0391506
Chain
	Aln	1	+HG002_ont_1663_start_470405 25 14982 15000 -edge_1_0_+disjointig_1_0_998487 469423 484380 998487 -1 -1 12163 0.0399173
Chain
	Aln	0	-HG002_ont_1663_start_470405 17 14974 15000 +edge_1_0_+disjointig_1_0_998487 514106 529063 998487 -1 -1 12163 0.0399173
Chain
	Aln	1	+HG002_ont_1666_start_816130 40 14998 15000 -edge_1_0_+disjointig_1_0_998487 815163 830121 998487 -1 -1 11738 0.0446406
Chain
	Aln	0	-HG002_ont_1666_start_816130 1 14959 15000 +edge_1_0_+disjointig_1_0_998487 168365 183323 998487 -1 -1 11738 0.0446406
Chain
	Aln	1	+HG002_ont_1664_start_51909 74 14998 15000 -edge_1_0_+disjointig_1_0_998487 50976 65900 998487 -1 -1 12179 0.042973
Chain
	Aln	0	-HG002_ont_1664_start_51909 1 14925 15000 +edge_1_0_+disjointig_1_0_998487 932586 947510 998487 -1 -1 12179 0.042973
Chain
	Aln	1	+HG002_ont_1665_start_382497 1 14977 15000 -edge_1_0_+disjointig_1_0_998487 381491 396467 998487 -1 -1 12405 0.0393597
Chain
	Aln	0	-HG002_ont_1665_start_382497 22 14998 15000 +edge_1_0_+disjointig_1_0_998487 602019 616995 998487 -1 -1 12405 0.0393597
Chain
	Aln	1	+HG002_ont_1667_start_310711 32 14976 15000 -edge_1_0_+disjointig_1_0_998487 309736 324680 998487 -1 -1 11903 0.0453549
Chain
	Aln	0	-HG002_ont_1667_start_310711 23 14967 15000 +edge_1_0_+disjointig_1_0_998487 673806 688750 998487 -1 -1 11903 0.0453549
Chain
	Aln	1	+HG002_ont_1668_start_760954 9 14997 15000 -edge_1_0_+disjointig_1_0_998487 759956 774944 998487 -1 -1 12197 0.0402721
Chain
	Aln	0	-HG002_ont_1668_start_760954 2 14990 15000 +edge_1_0_+disjointig_1_0_998487 223542 238530 998487 -1 -1 12197 0.0402721
Chain
	Aln	1	+HG002_ont_1669_start_570704 0 14998 15000 -edge_1_0_+disjointig_1_0_998487 569697 584695 998487 -1 -1 12593 0.0394768
Chain
	Aln	0	-HG002_ont_1669_start_570704 1 14999 15000 +edge_1_0_+disjointig_1_0_998487 413791 428789 998487 -1 -1 12593 0.0394768
Chain
	Aln	1	+HG002_ont_1670_start_911495 40 14998 15000 -edge_1_0_+disjointig_1_0_998487 910528 925486 998487 -1 -1 12101 0.0436164
Chain
	Aln	0	-HG002_ont_1670_start_911495 1 14959 15000 +edge_1_0_+disjointig_1_0_998487 73000 87958 998487 -1 -1 12101 0.0436164
Chain
	Aln	1	+HG002_ont_1671_start_12242 11 14998 15000 -edge_1_0_+disjointig_1_0_998487 11246 26233 998487 -1 -1 12404 0.0394106
Chain
	Aln	0	-HG002_ont_1671_start_12242 1 14988 15000 +edge_1_0_+disjointig_1_0_998487 972253 987240 998487 -1 -1 12404 0.0394106
Chain
	Aln	1	+HG002_ont_1673_start_810772 0 14985 15000 -edge_1_0_+disjointig_1_0_998487 809765 824750 998487 -1 -1 12347 0.0399653
Chain
	Aln	0	-HG002_ont_1673_start_810772 14 14999 15000 +edge_1_0_+disjointig_1_0_998487 173736 188721 998487 -1 -1 12347 0.0399653
Chain
	Aln	1	+HG002_ont_1672_start_625840 15 14998 15000 -edge_1_0_+disjointig_1_0_998487 624848 639831 998487 -1 -1 12175 0.0423278
Chain
	Aln	0	-HG002_ont_1672_start_625840 1 14984 15000 +edge_1_0_+disjointig_1_0_998487 358655 373638 998487 -1 -1 12175 0.0423278
Chain
	Aln	1	+HG002_ont_1675_start_402135 18 14971 15000 -edge_1_0_+disjointig_1_0_998487 401146 416099 998487 -1 -1 11982 0.0418322
Chain
	Aln	0	-HG002_ont_1675_start_402135 28 14981 15000 +edge_1_0_+disjointig_1_0_998487 582387 597340 998487 -1 -1 11982 0.0418322
Chain
	Aln	1	+HG002_ont_1674_start_503354 12 14968 15000 -edge_1_0_+disjointig_1_0_998487 502359 517315 998487 -1 -1 12181 0.040396
Chain
	Aln	0	-HG002_ont_1674_start_503354 31 14987 15000 +edge_1_0_+disjointig_1_0_998487 481171 496127 998487 -1 -1 12181 0.040396
Chain
	Aln	1	+HG002_ont_1676_start_140121 12 14981 15000 -edge_1_0_+disjointig_1_0_998487 139126 154095 998487 -1 -1 12355 0.0392249
Chain
	Aln	0	-HG002_ont_1676_start_140121 18 14987 15000 +edge_1_0_+disjointig_1_0_998487 844391 859360 998487 -1 -1 12355 0.0392249
Chain
	Aln	1	+HG002_ont_1678_start_525444 7 14998 15000 -edge_1_0_+disjointig_1_0_998487 524444 539435 998487 -1 -1 12296 0.0391508
Chain
	Aln	0	-HG002_ont_1678_start_525444 1 14992 15000 +edge_1_0_+disjointig_1_0_998487 459051 474042 998487 -1 -1 12296 0.0391508
Chain
	Aln	1	+HG002_ont_1679_start_8282 6 14984 15000 -edge_1_0_+disjointig_1_0_998487 7281 22259 998487 -1 -1 12420 0.0381606
Chain
	Aln	0	-HG002_ont_1679_start_8282 15 14993 15000 +edge_1_0_+disjointig_1_0_998487 976227 991205 998487 -1 -1 12420 0.0381606
Chain
	Aln	1	+HG002_ont_1677_start_53472 1 14979 15000 -edge_1_0_+disjointig_1_0_998487 52466 67444 998487 -1 -1 11982 0.043489
Chain
	Aln	0	-HG002_ont_1677_start_53472 20 14998 15000 +edge_1_0_+disjointig_1_0_998487 931042 946020 998487 -1 -1 11982 0.043489
Chain
	Aln	1	+HG002_ont_1682_start_741691 13 14998 15000 -edge_1_0_+disjointig_1_0_998487 740697 755682 998487 -1 -1 12116 0.043074
Chain
	Aln	0	-HG002_ont_1682_start_741691 1 14986 15000 +edge_1_0_+disjointig_1_0_998487 242804 257789 998487 -1 -1 12116 0.043074
Chain
	Aln	1	+HG002_ont_1680_start_842335 10 14980 15000 -edge_1_0_+disjointig_1_0_998487 841338 856308 998487 -1 -1 12246 0.0423494
Chain
	Aln	0	-HG002_ont_1680_start_842335 19 14989 15000 +edge_1_0_+disjointig_1_0_998487 142178 157148 998487 -1 -1 12246 0.0423494
Chain
	Aln	1	+HG002_ont_1683_start_639753 1 14982 15000 -edge_1_0_+disjointig_1_0_998487 638747 653728 998487 -1 -1 12214 0.0416227
Chain
	Aln	0	-HG002_ont_1683_start_639753 17 14998 15000 +edge_1_0_+disjointig_1_0_998487 344758 359739 998487 -1 -1 12214 0.0416227
Chain
	Aln	1	+HG002_ont_1681_start_521653 4 14998 15000 -edge_1_0_+disjointig_1_0_998487 520650 535644 998487 -1 -1 12322 0.0415782
Chain
	Aln	0	-HG002_ont_1681_start_521653 1 14995 15000 +edge_1_0_+disjointig_1_0_998487 462842 477836 998487 -1 -1 12322 0.0415782
Chain
	Aln	1	+HG002_ont_1685_start_517613 1 14973 15000 -edge_1_0_+disjointig_1_0_998487 516607 531579 998487 -1 -1 12187 0.0406625
Chain
	Aln	0	-HG002_ont_1685_start_517613 26 14998 15000 +edge_1_0_+disjointig_1_0_998487 466907 481879 998487 -1 -1 12187 0.0406625
Chain
	Aln	1	+HG002_ont_1684_start_74579 1 14998 15000 -edge_1_0_+disjointig_1_0_998487 73573 88570 998487 -1 -1 12428 0.0405023
Chain
	Aln	0	-HG002_ont_1684_start_74579 1 14998 15000 +edge_1_0_+disjointig_1_0_998487 909916 924913 998487 -1 -1 12428 0.0405023
Chain
	Aln	1	+HG002_ont_1686_start_863499 14 14998 15000 -edge_1_0_+disjointig_1_0_998487 862506 877490 998487 -1 -1 12315 0.038493
Chain
	Aln	0	-HG002_ont_1686_start_863499 1 14985 15000 +edge_1_0_+disjointig_1_0_998487 120996 135980 998487 -1 -1 12315 0.038493
Chain
	Aln	1	+HG002_ont_1687_start_27915 1 14998 15000 -edge_1_0_+disjointig_1_0_998487 26909 41906 998487 -1 -1 12427 0.0379429
Chain
	Aln	0	-HG002_ont_1687_start_27915 1 14998 15000 +edge_1_0_+disjointig_1_0_998487 956580 971577 998487 -1 -1 12427 0.0379429
Chain
	Aln	1	+HG002_ont_1689_start_646268 1 14977 15000 -edge_1_0_+disjointig_1_0_998487 645262 660238 998487 -1 -1 12338 0.0397522
Chain
	Aln	0	-HG002_ont_1689_start_646268 22 14998 15000 +edge_1_0_+disjointig_1_0_998487 338248 353224 998487 -1 -1 12338 0.0397522
Chain
	Aln	1	+HG002_ont_1688_start_321204 1 14993 15000 -edge_1_0_+disjointig_1_0_998487 320198 335190 998487 -1 -1 12445 0.0387515
Chain
	Aln	0	-HG002_ont_1688_start_321204 6 14998 15000 +edge_1_0_+disjointig_1_0_998487 663296 678288 998487 -1 -1 12445 0.0387515
Chain
	Aln	1	+HG002_ont_1690_start_717541 18 14992 15000 -edge_1_0_+disjointig_1_0_998487 716552 731526 998487 -1 -1 12412 0.0392982
Chain
	Aln	0	-HG002_ont_1690_start_717541 7 14981 15000 +edge_1_0_+disjointig_1_0_998487 266960 281934 998487 -1 -1 12412 0.0392982
Chain
	Aln	1	+HG002_ont_1692_start_694842 1 14987 15000 -edge_1_0_+disjointig_1_0_998487 693836 708822 998487 -1 -1 12530 0.0407881
Chain
	Aln	0	-HG002_ont_1692_start_694842 12 14998 15000 +edge_1_0_+disjointig_1_0_998487 289664 304650 998487 -1 -1 12530 0.0407881
Chain
	Aln	1	+HG002_ont_1691_start_961751 53 14998 15000 -edge_1_0_+disjointig_1_0_998487 960797 975742 998487 -1 -1 12321 0.0391459
Chain
	Aln	0	-HG002_ont_1691_start_961751 1 14946 15000 +edge_1_0_+disjointig_1_0_998487 22744 37689 998487 -1 -1 12321 0.0391459
Chain
	Aln	1	+HG002_ont_1694_start_268494 1 14961 15000 -edge_1_0_+disjointig_1_0_998487 267488 282448 998487 -1 -1 12181 0.0419319
Chain
	Aln	0	-HG002_ont_1694_start_268494 38 14998 15000 +edge_1_0_+disjointig_1_0_998487 716038 730998 998487 -1 -1 12181 0.0419319
Chain
	Aln	1	+HG002_ont_1693_start_13686 1 14998 15000 -edge_1_0_+disjointig_1_0_998487 12680 27677 998487 -1 -1 12655 0.0388773
Chain
	Aln	0	-HG002_ont_1693_start_13686 1 14998 15000 +edge_1_0_+disjointig_1_0_998487 970809 985806 998487 -1 -1 12655 0.0388773
Chain
	Aln	1	+HG002_ont_1695_start_642664 1 14998 15000 -edge_1_0_+disjointig_1_0_998487 641658 656655 998487 -1 -1 12398 0.0401132
Chain
	Aln	0	-HG002_ont_1695_start_642664 1 14998 15000 +edge_1_0_+disjointig_1_0_998487 341831 356828 998487 -1 -1 12398 0.0401132
Chain
	Aln	1	+HG002_ont_1696_start_669513 1 14981 15000 -edge_1_0_+disjointig_1_0_998487 668507 683487 998487 -1 -1 12169 0.0408352
Chain
	Aln	0	-HG002_ont_1696_start_669513 18 14998 15000 +edge_1_0_+disjointig_1_0_998487 314999 329979 998487 -1 -1 12169 0.0408352
Chain
	Aln	1	+HG002_ont_1697_start_787587 1 14974 15000 -edge_1_0_+disjointig_1_0_998487 786581 801554 998487 -1 -1 12175 0.0419028
Chain
	Aln	0	-HG002_ont_1697_start_787587 25 14998 15000 +edge_1_0_+disjointig_1_0_998487 196932 211905 998487 -1 -1 12175 0.0419028
Chain
	Aln	1	+HG002_ont_1698_start_523993 1 14998 15000 -edge_1_0_+disjointig_1_0_998487 522987 537984 998487 -1 -1 12219 0.0401365
Chain
	Aln	0	-HG002_ont_1698_start_523993 1 14998 15000 +edge_1_0_+disjointig_1_0_998487 460502 475499 998487 -1 -1 12219 0.0401365
Chain
	Aln	1	+HG002_ont_1699_start_956834 1 14977 15000 -edge_1_0_+disjointig_1_0_998487 955828 970804 998487 -1 -1 12451 0.039008
Chain
	Aln	0	-HG002_ont_1699_start_956834 22 14998 15000 +edge_1_0_+disjointig_1_0_998487 27682 42658 998487 -1 -1 12451 0.039008
Chain
	Aln	1	+HG002_ont_1702_start_32489 1 14980 15000 -edge_1_0_+disjointig_1_0_998487 31483 46462 998487 -1 -1 12145 0.0400193
Chain
	Aln	0	-HG002_ont_1702_start_32489 19 14998 15000 +edge_1_0_+disjointig_1_0_998487 952024 967003 998487 -1 -1 12145 0.0400193
Chain
	Aln	1	+HG002_ont_1701_start_849535 33 14998 15000 -edge_1_0_+disjointig_1_0_998487 848561 863526 998487 -1 -1 11997 0.0446429
Chain
	Aln	0	-HG002_ont_1701_start_849535 1 14966 15000 +edge_1_0_+disjointig_1_0_998487 134960 149925 998487 -1 -1 11997 0.0446429
Chain
	Aln	1	+HG002_ont_1700_start_10330 1 14992 15000 -edge_1_0_+disjointig_1_0_998487 9324 24315 998487 -1 -1 12322 0.039811
Chain
	Aln	0	-HG002_ont_1700_start_10330 7 14998 15000 +edge_1_0_+disjointig_1_0_998487 974171 989162 998487 -1 -1 12322 0.039811
Chain
	Aln	1	+HG002_ont_1703_start_368953 1 14998 15000 -edge_1_0_+disjointig_1_0_998487 367947 382944 998487 -1 -1 12321 0.0392278
Chain
	Aln	0	-HG002_ont_1703_start_368953 1 14998 15000 +edge_1_0_+disjointig_1_0_998487 615542 630539 998487 -1 -1 12321 0.0392278
Chain
	Aln	1	+HG002_ont_1704_start_635558 10 14998 15000 -edge_1_0_+disjointig_1_0_998487 634561 649549 998487 -1 -1 11911 0.045596
Chain
	Aln	0	-HG002_ont_1704_start_635558 1 14989 15000 +edge_1_0_+disjointig_1_0_998487 348937 363925 998487 -1 -1 11911 0.045596
Chain
	Aln	1	+HG002_ont_1706_start_561080 13 14998 15000 -edge_1_0_+disjointig_1_0_998487 560086 575071 998487 -1 -1 12377 0.0397335
Chain
	Aln	0	-HG002_ont_1706_start_561080 1 14986 15000 +edge_1_0_+disjointig_1_0_998487 423415 438400 998487 -1 -1 12377 0.0397335
Chain
	Aln	1	+HG002_ont_1705_start_959665 1 14998 15000 -edge_1_0_+disjointig_1_0_998487 958659 973656 998487 -1 -1 12548 0.0370452
Chain
	Aln	0	-HG002_ont_1705_start_959665 1 14998 15000 +edge_1_0_+disjointig_1_0_998487 24830 39827 998487 -1 -1 12548 0.0370452
Chain
	Aln	1	+HG002_ont_1707_start_971111 27 14998 15000 -edge_1_0_+disjointig_1_0_998487 970131 985102 998487 -1 -1 12180 0.0421116
Chain
	Aln	0	-HG002_ont_1707_start_971111 1 14972 15000 +edge_1_0_+disjointig_1_0_998487 13384 28355 998487 -1 -1 12180 0.0421116
Chain
	Aln	1	+HG002_ont_1708_start_439399 1 14992 15000 -edge_1_0_+disjointig_1_0_998487 438393 453384 998487 -1 -1 12285 0.042634
Chain
	Aln	0	-HG002_ont_1708_start_439399 7 14998 15000 +edge_1_0_+disjointig_1_0_998487 545102 560093 998487 -1 -1 12285 0.042634
Chain
	Aln	1	+HG002_ont_1709_start_863259 17 14982 15000 -edge_1_0_+disjointig_1_0_998487 862269 877234 998487 -1 -1 12464 0.041353
Chain
	Aln	0	-HG002_ont_1709_start_863259 17 14982 15000 +edge_1_0_+disjointig_1_0_998487 121252 136217 998487 -1 -1 12464 0.041353
Chain
	Aln	1	+HG002_ont_1710_start_499117 1 14988 15000 -edge_1_0_+disjointig_1_0_998487 498111 513098 998487 -1 -1 12444 0.0404631
Chain
	Aln	0	-HG002_ont_1710_start_499117 11 14998 15000 +edge_1_0_+disjointig_1_0_998487 485388 500375 998487 -1 -1 12444 0.0404631
Chain
	Aln	1	+HG002_ont_1711_start_35987 36 14998 15000 -edge_1_0_+disjointig_1_0_998487 35016 49978 998487 -1 -1 12423 0.0397821
Chain
	Aln	0	-HG002_ont_1711_start_35987 1 14963 15000 +edge_1_0_+disjointig_1_0_998487 948508 963470 998487 -1 -1 12423 0.0397821
Chain
	Aln	1	+HG002_ont_1712_start_736024 18 14998 15000 -edge_1_0_+disjointig_1_0_998487 735035 750015 998487 -1 -1 12200 0.0417304
Chain
	Aln	0	-HG002_ont_1712_start_736024 1 14981 15000 +edge_1_0_+disjointig_1_0_998487 248471 263451 998487 -1 -1 12200 0.0417304
Chain
	Aln	1	+HG002_ont_1713_start_342609 1 14998 15000 -edge_1_0_+disjointig_1_0_998487 341603 356600 998487 -1 -1 12218 0.0402685
Chain
	Aln	0	-HG002_ont_1713_start_342609 1 14998 15000 +edge_1_0_+disjointig_1_0_998487 641886 656883 998487 -1 -1 12218 0.0402685
Chain
	Aln	1	+HG002_ont_1714_start_98323 1 14998 15000 -edge_1_0_+disjointig_1_0_998487 97317 112314 998487 -1 -1 12335 0.0398578
Chain
	Aln	0	-HG002_ont_1714_start_98323 1 14998 15000 +edge_1_0_+disjointig_1_0_998487 886172 901169 998487 -1 -1 12335 0.0398578
Chain
	Aln	1	+HG002_ont_1715_start_878142 0 14998 15000 -edge_1_0_+disjointig_1_0_998487 877135 892133 998487 -1 -1 12631 0.0388205
Chain
	Aln	0	-HG002_ont_1715_start_878142 1 14999 15000 +edge_1_0_+disjointig_1_0_998487 106353 121351 998487 -1 -1 12631 0.0388205
Chain
	Aln	1	+HG002_ont_1716_start_355071 22 14998 15000 -edge_1_0_+disjointig_1_0_998487 354086 369062 998487 -1 -1 12287 0.0410243
Chain
	Aln	0	-HG002_ont_1716_start_355071 1 14977 15000 +edge_1_0_+disjointig_1_0_998487 629424 644400 998487 -1 -1 12287 0.0410243
Chain
	Aln	1	+HG002_ont_1717_start_108930 41 14998 15000 -edge_1_0_+disjointig_1_0_998487 107964 122921 998487 -1 -1 12277 0.0429558
Chain
	Aln	0	-HG002_ont_1717_start_108930 1 14958 15000 +edge_1_0_+disjointig_1_0_998487 875565 890522 998487 -1 -1 12277 0.0429558
Chain
	Aln	1	+HG002_ont_1719_start_681217 1 14985 15000 -edge_1_0_+disjointig_1_0_998487 680211 695195 998487 -1 -1 11839 0.0442993
Chain
	Aln	0	-HG002_ont_1719_start_681217 14 14998 15000 +edge_1_0_+disjointig_1_0_998487 303291 318275 998487 -1 -1 11839 0.0442993
Chain
	Aln	1	+HG002_ont_1718_start_634206 1 14974 15000 -edge_1_0_+disjointig_1_0_998487 633200 648173 998487 -1 -1 12595 0.0401044
Chain
	Aln	0	-HG002_ont_1718_start_634206 25 14998 15000 +edge_1_0_+disjointig_1_0_998487 350313 365286 998487 -1 -1 12595 0.0401044
Chain
	Aln	1	+HG002_ont_1720_start_805182 29 14994 15000 -edge_1_0_+disjointig_1_0_998487 804204 819169 998487 -1 -1 12505 0.0405252
Chain
	Aln	0	-HG002_ont_1720_start_805182 5 14970 15000 +edge_1_0_+disjointig_1_0_998487 179317 194282 998487 -1 -1 12505 0.0405252
Chain
	Aln	1	+HG002_ont_1721_start_910042 53 14998 15000 -edge_1_0_+disjointig_1_0_998487 909088 924033 998487 -1 -1 12177 0.0412664
Chain
	Aln	0	-HG002_ont_1721_start_910042 1 14946 15000 +edge_1_0_+disjointig_1_0_998487 74453 89398 998487 -1 -1 12177 0.0412664
Chain
	Aln	1	+HG002_ont_1724_start_839591 2 14977 15000 -edge_1_0_+disjointig_1_0_998487 838586 853561 998487 -1 -1 12587 0.0369073
Chain
	Aln	0	-HG002_ont_1724_start_839591 22 14997 15000 +edge_1_0_+disjointig_1_0_998487 144925 159900 998487 -1 -1 12587 0.0369073
Chain
	Aln	1	+HG002_ont_1725_start_527410 4 14982 15000 -edge_1_0_+disjointig_1_0_998487 526407 541385 998487 -1 -1 12443 0.0384695
Chain
	Aln	0	-HG002_ont_1725_start_527410 17 14995 15000 +edge_1_0_+disjointig_1_0_998487 457101 472079 998487 -1 -1 12443 0.0384695
Chain
	Aln	1	+HG002_ont_1722_start_627845 1 14998 15000 -edge_1_0_+disjointig_1_0_998487 626839 641836 998487 -1 -1 12090 0.0430721
Chain
	Aln	0	-HG002_ont_1722_start_627845 1 14998 15000 +edge_1_0_+disjointig_1_0_998487 356650 371647 998487 -1 -1 12090 0.0430721
Chain
	Aln	1	+HG002_ont_1723_start_190834 1 14966 15000 -edge_1_0_+disjointig_1_0_998487 189828 204793 998487 -1 -1 12182 0.042072
Chain
	Aln	0	-HG002_ont_1723_start_190834 33 14998 15000 +edge_1_0_+disjointig_1_0_998487 793693 808658 998487 -1 -1 12182 0.042072
Chain
	Aln	1	+HG002_ont_1727_start_155128 14 14982 15000 -edge_1_0_+disjointig_1_0_998487 154135 169103 998487 -1 -1 12386 0.0387407
Chain
	Aln	0	-HG002_ont_1727_start_155128 17 14985 15000 +edge_1_0_+disjointig_1_0_998487 829383 844351 998487 -1 -1 12386 0.0387407
Chain
	Aln	1	+HG002_ont_1728_start_749214 1 14971 15000 -edge_1_0_+disjointig_1_0_998487 748208 763178 998487 -1 -1 12551 0.038227
Chain
	Aln	0	-HG002_ont_1728_start_749214 28 14998 15000 +edge_1_0_+disjointig_1_0_998487 235308 250278 998487 -1 -1 12551 0.038227
Chain
	Aln	1	+HG002_ont_1729_start_556027 1 14998 15000 -edge_1_0_+disjointig_1_0_998487 555021 570018 998487 -1 -1 12154 0.0407684
Chain
	Aln	0	-HG002_ont_1729_start_556027 1 14998 15000 +edge_1_0_+disjointig_1_0_998487 428468 443465 998487 -1 -1 12154 0.0407684
Chain
	Aln	1	+HG002_ont_1726_start_89952 1 14998 15000 -edge_1_0_+disjointig_1_0_998487 88946 103943 998487 -1 -1 12132 0.0420852
Chain
	Aln	0	-HG002_ont_1726_start_89952 1 14998 15000 +edge_1_0_+disjointig_1_0_998487 894543 909540 998487 -1 -1 12132 0.0420852
Chain
	Aln	1	+HG002_ont_1731_start_741992 1 14990 15000 -edge_1_0_+disjointig_1_0_998487 740986 755975 998487 -1 -1 12238 0.040206
Chain
	Aln	0	-HG002_ont_1731_start_741992 9 14998 15000 +edge_1_0_+disjointig_1_0_998487 242511 257500 998487 -1 -1 12238 0.040206
Chain
	Aln	1	+HG002_ont_1733_start_290867 6 14998 15000 -edge_1_0_+disjointig_1_0_998487 289866 304858 998487 -1 -1 12274 0.0422102
Chain
	Aln	0	-HG002_ont_1733_start_290867 1 14993 15000 +edge_1_0_+disjointig_1_0_998487 693628 708620 998487 -1 -1 12274 0.0422102
Chain
	Aln	1	+HG002_ont_1730_start_280293 1 14983 15000 -edge_1_0_+disjointig_1_0_998487 279287 294269 998487 -1 -1 12276 0.039146
Chain
	Aln	0	-HG002_ont_1730_start_280293 16 14998 15000 +edge_1_0_+disjointig_1_0_998487 704217 719199 998487 -1 -1 12276 0.039146
Chain
	Aln	1	+HG002_ont_1732_start_248892 0 14992 15000 -edge_1_0_+disjointig_1_0_998487 247885 262877 998487 -1 -1 12368 0.0407018
Chain
	Aln	0	-HG002_ont_1732_start_248892 7 14999 15000 +edge_1_0_+disjointig_1_0_998487 735609 750601 998487 -1 -1 12368 0.0407018
Chain
	Aln	1	+HG002_ont_1734_start_753596 16 14992 15000 -edge_1_0_+disjointig_1_0_998487 752605 767581 998487 -1 -1 11948 0.0416828
Chain
	Aln	0	-HG002_ont_1734_start_753596 7 14983 15000 +edge_1_0_+disjointig_1_0_998487 230905 245881 998487 -1 -1 11948 0.0416828
Chain
	Aln	1	+HG002_ont_1735_start_788458 27 14998 15000 -edge_1_0_+disjointig_1_0_998487 787478 802449 998487 -1 -1 12136 0.0424664
Chain
	Aln	0	-HG002_ont_1735_start_788458 1 14972 15000 +edge_1_0_+disjointig_1_0_998487 196037 211008 998487 -1 -1 12136 0.0424664
Chain
	Aln	1	+HG002_ont_1736_start_58526 17 14998 15000 -edge_1_0_+disjointig_1_0_998487 57536 72517 998487 -1 -1 12212 0.0416386
Chain
	Aln	0	-HG002_ont_1736_start_58526 1 14982 15000 +edge_1_0_+disjointig_1_0_998487 925969 940950 998487 -1 -1 12212 0.0416386
Chain
	Aln	1	+HG002_ont_1737_start_95818 1 14982 15000 -edge_1_0_+disjointig_1_0_998487 94812 109793 998487 -1 -1 12116 0.0416386
Chain
	Aln	0	-HG002_ont_1737_start_95818 17 14998 15000 +edge_1_0_+disjointig_1_0_998487 888693 903674 998487 -1 -1 12116 0.0416386
Chain
	Aln	1	+HG002_ont_1738_start_611211 1 14998 15000 -edge_1_0_+disjointig_1_0_998487 610205 625202 998487 -1 -1 12257 0.041981
Chain
	Aln	0	-HG002_ont_1738_start_611211 1 14998 15000 +edge_1_0_+disjointig_1_0_998487 373284 388281 998487 -1 -1 12257 0.041981
Chain
	Aln	1	+HG002_ont_1741_start_619239 11 14986 15000 -edge_1_0_+disjointig_1_0_998487 618243 633218 998487 -1 -1 12375 0.0397096
Chain
	Aln	0	-HG002_ont_1741_start_619239 13 14988 15000 +edge_1_0_+disjointig_1_0_998487 365268 380243 998487 -1 -1 12375 0.0397096
Chain
	Aln	1	+HG002_ont_1740_start_84010 1 14996 15000 -edge_1_0_+disjointig_1_0_998487 83004 97999 998487 -1 -1 12336 0.041091
Chain
	Aln	0	-HG002_ont_1740_start_84010 3 14998 15000 +edge_1_0_+disjointig_1_0_998487 900487 915482 998487 -1 -1 12336 0.041091
Chain
	Aln	1	+HG002_ont_1739_start_210503 1 14989 15000 -edge_1_0_+disjointig_1_0_998487 209497 224485 998487 -1 -1 12285 0.040961
Chain
	Aln	0	-HG002_ont_1739_start_210503 10 14998 15000 +edge_1_0_+disjointig_1_0_998487 774001 788989 998487 -1 -1 12285 0.040961
Chain
	Aln	1	+HG002_ont_1743_start_694858 1 14998 15000 -edge_1_0_+disjointig_1_0_998487 693852 708849 998487 -1 -1 12247 0.0411699
Chain
	Aln	0	-HG002_ont_1743_start_694858 1 14998 15000 +edge_1_0_+disjointig_1_0_998487 289637 304634 998487 -1 -1 12247 0.0411699
Chain
	Aln	1	+HG002_ont_1744_start_114231 7 14998 15000 -edge_1_0_+disjointig_1_0_998487 113231 128222 998487 -1 -1 12164 0.0421902
Chain
	Aln	0	-HG002_ont_1744_start_114231 1 14992 15000 +edge_1_0_+disjointig_1_0_998487 870264 885255 998487 -1 -1 12164 0.0421902
Chain
	Aln	1	+HG002_ont_1742_start_414728 29 14991 15000 -edge_1_0_+disjointig_1_0_998487 413750 428712 998487 -1 -1 12515 0.0384671
Chain
	Aln	0	-HG002_ont_1742_start_414728 8 14970 15000 +edge_1_0_+disjointig_1_0_998487 569774 584736 998487 -1 -1 12515 0.0384671
Chain
	Aln	1	+HG002_ont_1745_start_436645 1 14998 15000 -edge_1_0_+disjointig_1_0_998487 435639 450636 998487 -1 -1 12140 0.0408784
Chain
	Aln	0	-HG002_ont_1745_start_436645 1 14998 15000 +edge_1_0_+disjointig_1_0_998487 547850 562847 998487 -1 -1 12140 0.0408784
Chain
	Aln	1	+HG002_ont_1746_start_653055 22 14993 15000 -edge_1_0_+disjointig_1_0_998487 652070 667041 998487 -1 -1 12112 0.0422726
Chain
	Aln	0	-HG002_ont_1746_start_653055 6 14977 15000 +edge_1_0_+disjointig_1_0_998487 331445 346416 998487 -1 -1 12112 0.0422726
Chain
	Aln	1	+HG002_ont_1749_start_926613 14 14998 15000 -edge_1_0_+disjointig_1_0_998487 925620 940604 998487 -1 -1 12481 0.0401631
Chain
	Aln	0	-HG002_ont_1749_start_926613 1 14985 15000 +edge_1_0_+disjointig_1_0_998487 57882 72866 998487 -1 -1 12481 0.0401631
Chain
	Aln	1	+HG002_ont_1747_start_851283 0 14990 15000 -edge_1_0_+disjointig_1_0_998487 850276 865266 998487 -1 -1 12379 0.0404827
Chain
	Aln	0	-HG002_ont_1747_start_851283 9 14999 15000 +edge_1_0_+disjointig_1_0_998487 133220 148210 998487 -1 -1 12379 0.0404827
Chain
	Aln	1	+HG002_ont_1748_start_78273 1 14998 15000 -edge_1_0_+disjointig_1_0_998487 77267 92264 998487 -1 -1 12308 0.041957
Chain
	Aln	0	-HG002_ont_1748_start_78273 1 14998 15000 +edge_1_0_+disjointig_1_0_998487 906222 921219 998487 -1 -1 12308 0.041957
Chain
	Aln	1	+HG002_ont_1750_start_932017 13 14998 15000 -edge_1_0_+disjointig_1_0_998487 931023 946008 998487 -1 -1 12282 0.0394795
Chain
	Aln	0	-HG002_ont_1750_start_932017 1 14986 15000 +edge_1_0_+disjointig_1_0_998487 52478 67463 998487 -1 -1 12282 0.0394795
Chain
	Aln	1	+HG002_ont_1751_start_706963 11 14968 15000 -edge_1_0_+disjointig_1_0_998487 705967 720924 998487 -1 -1 12415 0.0378756
Chain
	Aln	0	-HG002_ont_1751_start_706963 31 14988 15000 +edge_1_0_+disjointig_1_0_998487 277562 292519 998487 -1 -1 12415 0.0378756
Chain
	Aln	1	+HG002_ont_1752_start_64580 1 14998 15000 -edge_1_0_+disjointig_1_0_998487 63574 78571 998487 -1 -1 11914 0.0439929
Chain
	Aln	0	-HG002_ont_1752_start_64580 1 14998 15000 +edge_1_0_+disjointig_1_0_998487 919915 934912 998487 -1 -1 11914 0.0439929
Chain
	Aln	1	+HG002_ont_1753_start_693218 22 14998 15000 -edge_1_0_+disjointig_1_0_998487 692233 707209 998487 -1 -1 11894 0.0448796
Chain
	Aln	0	-HG002_ont_1753_start_693218 1 14977 15000 +edge_1_0_+disjointig_1_0_998487 291277 306253 998487 -1 -1 11894 0.0448796
Chain
	Aln	1	+HG002_ont_1755_start_751849 0 14998 15000 -edge_1_0_+disjointig_1_0_998487 750842 765840 998487 -1 -1 12034 0.0419769
Chain
	Aln	0	-HG002_ont_1755_start_751849 1 14999 15000 +edge_1_0_+disjointig_1_0_998487 232646 247644 998487 -1 -1 12034 0.0419769
Chain
	Aln	1	+HG002_ont_1756_start_86568 28 14970 15000 -edge_1_0_+disjointig_1_0_998487 85589 100531 998487 -1 -1 12317 0.0409064
Chain
	Aln	0	-HG002_ont_1756_start_86568 29 14971 15000 +edge_1_0_+disjointig_1_0_998487 897955 912897 998487 -1 -1 12317 0.0409064
Chain
	Aln	1	+HG002_ont_1754_start_18698 35 14998 15000 -edge_1_0_+disjointig_1_0_998487 17726 32689 998487 -1 -1 12435 0.0403142
Chain
	Aln	0	-HG002_ont_1754_start_18698 1 14964 15000 +edge_1_0_+disjointig_1_0_998487 965797 980760 998487 -1 -1 12435 0.0403142
Chain
	Aln	1	+HG002_ont_1757_start_684354 1 14998 15000 -edge_1_0_+disjointig_1_0_998487 683348 698345 998487 -1 -1 12511 0.0392431
Chain
	Aln	0	-HG002_ont_1757_start_684354 1 14998 15000 +edge_1_0_+disjointig_1_0_998487 300141 315138 998487 -1 -1 12511 0.0392431
Chain
	Aln	1	+HG002_ont_1759_start_342883 16 14966 15000 -edge_1_0_+disjointig_1_0_998487 341892 356842 998487 -1 -1 12300 0.0409457
Chain
	Aln	0	-HG002_ont_1759_start_342883 33 14983 15000 +edge_1_0_+disjointig_1_0_998487 641644 656594 998487 -1 -1 12300 0.0409457
Chain
	Aln	1	+HG002_ont_1758_start_598059 4 14974 15000 -edge_1_0_+disjointig_1_0_998487 597056 612026 998487 -1 -1 12458 0.0400382
Chain
	Aln	0	-HG002_ont_1758_start_598059 25 14995 15000 +edge_1_0_+disjointig_1_0_998487 386460 401430 998487 -1 -1 12458 0.0400382
Chain
	Aln	1	+HG002_ont_1760_start_541282 1 14992 15000 -edge_1_0_+disjointig_1_0_998487 540276 555267 998487 -1 -1 12168 0.0407606
Chain
	Aln	0	-HG002_ont_1760_start_541282 7 14998 15000 +edge_1_0_+disjointig_1_0_998487 443219 458210 998487 -1 -1 12168 0.0407606
Chain
	Aln	1	+HG002_ont_1761_start_266174 3 14989 15000 -edge_1_0_+disjointig_1_0_998487 265170 280156 998487 -1 -1 12576 0.0401787
Chain
	Aln	0	-HG002_ont_1761_start_266174 10 14996 15000 +edge_1_0_+disjointig_1_0_998487 718330 733316 998487 -1 -1 12576 0.0401787
Chain
	Aln	1	+HG002_ont_1763_start_493385 57 14998 15000 -edge_1_0_+disjointig_1_0_998487 492435 507376 998487 -1 -1 12428 0.0378351
Chain
	Aln	0	-HG002_ont_1763_start_493385 1 14942 15000 +edge_1_0_+disjointig_1_0_998487 491110 506051 998487 -1 -1 12428 0.0378351
Chain
	Aln	1	+HG002_ont_1762_start_26816 1 14998 15000 -edge_1_0_+disjointig_1_0_998487 25810 40807 998487 -1 -1 12313 0.040152
Chain
	Aln	0	-HG002_ont_1762_start_26816 1 14998 15000 +edge_1_0_+disjointig_1_0_998487 957679 972676 998487 -1 -1 12313 0.040152
Chain
	Aln	1	+HG002_ont_1764_start_44887 1 14998 15000 -edge_1_0_+disjointig_1_0_998487 43881 58878 998487 -1 -1 12337 0.0402141
Chain
	Aln	0	-HG002_ont_1764_start_44887 1 14998 15000 +edge_1_0_+disjointig_1_0_998487 939608 954605 998487 -1 -1 12337 0.0402141
Chain
	Aln	1	+HG002_ont_1767_start_106602 1 14972 15000 -edge_1_0_+disjointig_1_0_998487 105596 120567 998487 -1 -1 12448 0.038043
Chain
	Aln	0	-HG002_ont_1767_start_106602 27 14998 15000 +edge_1_0_+disjointig_1_0_998487 877919 892890 998487 -1 -1 12448 0.038043
Chain
	Aln	1	+HG002_ont_1765_start_616010 0 14998 15000 -edge_1_0_+disjointig_1_0_998487 615003 630001 998487 -1 -1 12265 0.0419209
Chain
	Aln	0	-HG002_ont_1765_start_616010 1 14999 15000 +edge_1_0_+disjointig_1_0_998487 368485 383483 998487 -1 -1 12265 0.0419209
Chain
	Aln	1	+HG002_ont_1766_start_698611 14 14992 15000 -edge_1_0_+disjointig_1_0_998487 697618 712596 998487 -1 -1 12050 0.0428021
Chain
	Aln	0	-HG002_ont_1766_start_698611 7 14985 15000 +edge_1_0_+disjointig_1_0_998487 285890 300868 998487 -1 -1 12050 0.0428021
Chain
	Aln	1	+HG002_ont_1768_start_37187 5 14998 15000 -edge_1_0_+disjointig_1_0_998487 36185 51178 998487 -1 -1 12319 0.0383775
Chain
	Aln	0	-HG002_ont_1768_start_37187 1 14994 15000 +edge_1_0_+disjointig_1_0_998487 947308 962301 998487 -1 -1 12319 0.0383775
Chain
	Aln	1	+HG002_ont_1769_start_196005 15 14998 15000 -edge_1_0_+disjointig_1_0_998487 195013 209996 998487 -1 -1 12445 0.0393259
Chain
	Aln	0	-HG002_ont_1769_start_196005 1 14984 15000 +edge_1_0_+disjointig_1_0_998487 788490 803473 998487 -1 -1 12445 0.0393259
Chain
	Aln	1	+HG002_ont_1770_start_961622 0 14998 15000 -edge_1_0_+disjointig_1_0_998487 960615 975613 998487 -1 -1 12606 0.0362737
Chain
	Aln	0	-HG002_ont_1770_start_961622 1 14999 15000 +edge_1_0_+disjointig_1_0_998487 22873 37871 998487 -1 -1 12606 0.0362737
Chain
	Aln	1	+HG002_ont_1771_start_306669 20 14998 15000 -edge_1_0_+disjointig_1_0_998487 305682 320660 998487 -1 -1 12057 0.0418424
Chain
	Aln	0	-HG002_ont_1771_start_306669 1 14979 15000 +edge_1_0_+disjointig_1_0_998487 677826 692804 998487 -1 -1 12057 0.0418424
Chain
	Aln	1	+HG002_ont_1772_start_859535 9 14982 15000 -edge_1_0_+disjointig_1_0_998487 858537 873510 998487 -1 -1 12405 0.0403379
Chain
	Aln	0	-HG002_ont_1772_start_859535 17 14990 15000 +edge_1_0_+disjointig_1_0_998487 124976 139949 998487 -1 -1 12405 0.0403379
Chain
	Aln	1	+HG002_ont_1773_start_287372 1 14998 15000 -edge_1_0_+disjointig_1_0_998487 286366 301363 998487 -1 -1 12086 0.0421976
Chain
	Aln	0	-HG002_ont_1773_start_287372 1 14998 15000 +edge_1_0_+disjointig_1_0_998487 697123 712120 998487 -1 -1 12086 0.0421976
Chain
	Aln	1	+HG002_ont_1774_start_675406 6 14998 15000 -edge_1_0_+disjointig_1_0_998487 674405 689397 998487 -1 -1 12292 0.0401712
Chain
	Aln	0	-HG002_ont_1774_start_675406 1 14993 15000 +edge_1_0_+disjointig_1_0_998487 309089 324081 998487 -1 -1 12292 0.0401712
Chain
	Aln	1	+HG002_ont_1776_start_772289 0 14967 15000 -edge_1_0_+disjointig_1_0_998487 771282 786249 998487 -1 -1 12454 0.0385851
Chain
	Aln	0	-HG002_ont_1776_start_772289 32 14999 15000 +edge_1_0_+disjointig_1_0_998487 212237 227204 998487 -1 -1 12454 0.0385851
Chain
	Aln	1	+HG002_ont_1775_start_370519 11 14998 15000 -edge_1_0_+disjointig_1_0_998487 369523 384510 998487 -1 -1 12102 0.0424161
Chain
	Aln	0	-HG002_ont_1775_start_370519 1 14988 15000 +edge_1_0_+disjointig_1_0_998487 613976 628963 998487 -1 -1 12102 0.0424161
Chain
	Aln	1	+HG002_ont_1777_start_721671 0 14988 15000 -edge_1_0_+disjointig_1_0_998487 720664 735652 998487 -1 -1 12275 0.0414196
Chain
	Aln	0	-HG002_ont_1777_start_721671 11 14999 15000 +edge_1_0_+disjointig_1_0_998487 262834 277822 998487 -1 -1 12275 0.0414196
Chain
	Aln	1	+HG002_ont_1779_start_725437 0 14998 15000 -edge_1_0_+disjointig_1_0_998487 724430 739428 998487 -1 -1 11898 0.0456097
Chain
	Aln	0	-HG002_ont_1779_start_725437 1 14999 15000 +edge_1_0_+disjointig_1_0_998487 259058 274056 998487 -1 -1 11898 0.0456097
Chain
	Aln	1	+HG002_ont_1778_start_336093 1 14998 15000 -edge_1_0_+disjointig_1_0_998487 335087 350084 998487 -1 -1 12371 0.0408234
Chain
	Aln	0	-HG002_ont_1778_start_336093 1 14998 15000 +edge_1_0_+disjointig_1_0_998487 648402 663399 998487 -1 -1 12371 0.0408234
Chain
	Aln	1	+HG002_ont_1781_start_906246 4 14998 15000 -edge_1_0_+disjointig_1_0_998487 905243 920237 998487 -1 -1 12532 0.0382234
Chain
	Aln	0	-HG002_ont_1781_start_906246 1 14995 15000 +edge_1_0_+disjointig_1_0_998487 78249 93243 998487 -1 -1 12532 0.0382234
Chain
	Aln	1	+HG002_ont_1782_start_488524 43 14998 15000 -edge_1_0_+disjointig_1_0_998487 487560 502515 998487 -1 -1 12005 0.0432097
Chain
	Aln	0	-HG002_ont_1782_start_488524 1 14956 15000 +edge_1_0_+disjointig_1_0_998487 495971 510926 998487 -1 -1 12005 0.0432097
Chain
	Aln	1	+HG002_ont_1780_start_279529 14 14971 15000 -edge_1_0_+disjointig_1_0_998487 278536 293493 998487 -1 -1 12379 0.0386292
Chain
	Aln	0	-HG002_ont_1780_start_279529 28 14985 15000 +edge_1_0_+disjointig_1_0_998487 704993 719950 998487 -1 -1 12379 0.0386292
Chain
	Aln	1	+HG002_ont_1783_start_656507 0 14998 15000 -edge_1_0_+disjointig_1_0_998487 655500 670498 998487 -1 -1 12210 0.0415939
Chain
	Aln	0	-HG002_ont_1783_start_656507 1 14999 15000 +edge_1_0_+disjointig_1_0_998487 327988 342986 998487 -1 -1 12210 0.0415939
Chain
	Aln	1	+HG002_ont_1785_start_876920 1 14986 15000 -edge_1_0_+disjointig_1_0_998487 875914 890899 998487 -1 -1 12523 0.0369466
Chain
	Aln	0	-HG002_ont_1785_start_876920 13 14998 15000 +edge_1_0_+disjointig_1_0_998487 107587 122572 998487 -1 -1 12523 0.0369466
Chain
	Aln	1	+HG002_ont_1784_start_296101 1 14998 15000 -edge_1_0_+disjointig_1_0_998487 295095 310092 998487 -1 -1 12740 0.0396958
Chain
	Aln	0	-HG002_ont_1784_start_296101 1 14998 15000 +edge_1_0_+disjointig_1_0_998487 688394 703391 998487 -1 -1 12740 0.0396958
Chain
	Aln	1	+HG002_ont_1786_start_123013 6 14998 15000 -edge_1_0_+disjointig_1_0_998487 122012 137004 998487 -1 -1 12514 0.0376324
Chain
	Aln	0	-HG002_ont_1786_start_123013 1 14993 15000 +edge_1_0_+disjointig_1_0_998487 861482 876474 998487 -1 -1 12514 0.0376324
Chain
	Aln	1	+HG002_ont_1787_start_203133 20 14998 15000 -edge_1_0_+disjointig_1_0_998487 202146 217124 998487 -1 -1 12308 0.0409927
Chain
	Aln	0	-HG002_ont_1787_start_203133 1 14979 15000 +edge_1_0_+disjointig_1_0_998487 781362 796340 998487 -1 -1 12308 0.0409927
Chain
	Aln	1	+HG002_ont_1788_start_191150 1 14976 15000 -edge_1_0_+disjointig_1_0_998487 190144 205119 998487 -1 -1 12353 0.0388974
Chain
	Aln	0	-HG002_ont_1788_start_191150 23 14998 15000 +edge_1_0_+disjointig_1_0_998487 793367 808342 998487 -1 -1 12353 0.0388974
Chain
	Aln	1	+HG002_ont_1789_start_103491 1 14998 15000 -edge_1_0_+disjointig_1_0_998487 102485 117482 998487 -1 -1 12579 0.0387256
Chain
	Aln	0	-HG002_ont_1789_start_103491 1 14998 15000 +edge_1_0_+disjointig_1_0_998487 881004 896001 998487 -1 -1 12579 0.0387256
Chain
	Aln	1	+HG002_ont_1790_start_380414 24 14998 15000 -edge_1_0_+disjointig_1_0_998487 379431 394405 998487 -1 -1 12548 0.0373094
Chain
	Aln	0	-HG002_ont_1790_start_380414 1 14975 15000 +edge_1_0_+disjointig_1_0_998487 604081 619055 998487 -1 -1 12548 0.0373094
Chain
	Aln	1	+HG002_ont_1792_start_496254 12 14966 15000 -edge_1_0_+disjointig_1_0_998487 495259 510213 998487 -1 -1 12586 0.03648
Chain
	Aln	0	-HG002_ont_1792_start_496254 33 14987 15000 +edge_1_0_+disjointig_1_0_998487 488273 503227 998487 -1 -1 12586 0.03648
Chain
	Aln	1	+HG002_ont_1791_start_564328 16 14977 15000 -edge_1_0_+disjointig_1_0_998487 563337 578298 998487 -1 -1 12479 0.0398401
Chain
	Aln	0	-HG002_ont_1791_start_564328 22 14983 15000 +edge_1_0_+disjointig_1_0_998487 420188 435149 998487 -1 -1 12479 0.0398401
Chain
	Aln	1	+HG002_ont_1793_start_39637 1 14971 15000 -edge_1_0_+disjointig_1_0_998487 38631 53601 998487 -1 -1 12235 0.0404041
Chain
	Aln	0	-HG002_ont_1793_start_39637 28 14998 15000 +edge_1_0_+disjointig_1_0_998487 944885 959855 998487 -1 -1 12235 0.0404041
Chain
	Aln	1	+HG002_ont_1795_start_452153 1 14998 15000 -edge_1_0_+disjointig_1_0_998487 451147 466144 998487 -1 -1 12461 0.0401209
Chain
	Aln	0	-HG002_ont_1795_start_452153 1 14998 15000 +edge_1_0_+disjointig_1_0_998487 532342 547339 998487 -1 -1 12461 0.0401209
Chain
	Aln	1	+HG002_ont_1796_start_232381 30 14998 15000 -edge_1_0_+disjointig_1_0_998487 231404 246372 998487 -1 -1 12434 0.0394742
Chain
	Aln	0	-HG002_ont_1796_start_232381 1 14969 15000 +edge_1_0_+disjointig_1_0_998487 752114 767082 998487 -1 -1 12434 0.0394742
Chain
	Aln	1	+HG002_ont_1794_start_496989 1 14968 15000 -edge_1_0_+disjointig_1_0_998487 495983 510950 998487 -1 -1 12560 0.038752
Chain
	Aln	0	-HG002_ont_1794_start_496989 31 14998 15000 +edge_1_0_+disjointig_1_0_998487 487536 502503 998487 -1 -1 12560 0.038752
Chain
	Aln	1	+HG002_ont_1798_start_30944 15 14998 15000 -edge_1_0_+disjointig_1_0_998487 29952 44935 998487 -1 -1 12058 0.0428868
Chain
	Aln	0	-HG002_ont_1798_start_30944 1 14984 15000 +edge_1_0_+disjointig_1_0_998487 953551 968534 998487 -1 -1 12058 0.0428868
Chain
	Aln	1	+HG002_ont_1797_start_488198 12 14998 15000 -edge_1_0_+disjointig_1_0_998487 487203 502189 998487 -1 -1 12134 0.0441157
Chain
	Aln	0	-HG002_ont_1797_start_488198 1 14987 15000 +edge_1_0_+disjointig_1_0_998487 496297 511283 998487 -1 -1 12134 0.0441157
Chain
	Aln	1	+HG002_ont_1799_start_332832 15 14998 15000 -edge_1_0_+disjointig_1_0_998487 331840 346823 998487 -1 -1 12442 0.0398414
Chain
	Aln	0	-HG002_ont_1799_start_332832 1 14984 15000 +edge_1_0_+disjointig_1_0_998487 651663 666646 998487 -1 -1 12442 0.0398414
Chain
	Aln	1	+HG002_ont_1800_start_344338 4 14998 15000 -edge_1_0_+disjointig_1_0_998487 343335 358329 998487 -1 -1 12012 0.0418812
Chain
	Aln	0	-HG002_ont_1800_start_344338 1 14995 15000 +edge_1_0_+disjointig_1_0_998487 640157 655151 998487 -1 -1 12012 0.0418812
Chain
	Aln	1	+HG002_ont_1801_start_340358 1 14970 15000 -edge_1_0_+disjointig_1_0_998487 339352 354321 998487 -1 -1 11939 0.0454192
Chain
	Aln	0	-HG002_ont_1801_start_340358 29 14998 15000 +edge_1_0_+disjointig_1_0_998487 644165 659134 998487 -1 -1 11939 0.0454192
Chain
	Aln	1	+HG002_ont_1803_start_364046 1 14941 15000 -edge_1_0_+disjointig_1_0_998487 363040 377980 998487 -1 -1 12361 0.0406779
Chain
	Aln	0	-HG002_ont_1803_start_364046 58 14998 15000 +edge_1_0_+disjointig_1_0_998487 620506 635446 998487 -1 -1 12361 0.0406779
Chain
	Aln	1	+HG002_ont_1802_start_200992 7 14998 15000 -edge_1_0_+disjointig_1_0_998487 199992 214983 998487 -1 -1 12386 0.0395645
Chain
	Aln	0	-HG002_ont_1802_start_200992 1 14992 15000 +edge_1_0_+disjointig_1_0_998487 783503 798494 998487 -1 -1 12386 0.0395645
Chain
	Aln	1	+HG002_ont_1804_start_4475 4 14977 15000 -edge_1_0_+disjointig_1_0_998487 3472 18445 998487 -1 -1 12182 0.0407056
Chain
	Aln	0	-HG002_ont_1804_start_4475 22 14995 15000 +edge_1_0_+disjointig_1_0_998487 980041 995014 998487 -1 -1 12182 0.0407056
Chain
	Aln	1	+HG002_ont_1806_start_793279 22 14991 15000 -edge_1_0_+disjointig_1_0_998487 792294 807263 998487 -1 -1 12286 0.0379302
Chain
	Aln	0	-HG002_ont_1806_start_793279 8 14977 15000 +edge_1_0_+disjointig_1_0_998487 191223 206192 998487 -1 -1 12286 0.0379302
Chain
	Aln	1	+HG002_ont_1805_start_918133 1 14998 15000 -edge_1_0_+disjointig_1_0_998487 917127 932124 998487 -1 -1 11982 0.0430395
Chain
	Aln	0	-HG002_ont_1805_start_918133 1 14998 15000 +edge_1_0_+disjointig_1_0_998487 66362 81359 998487 -1 -1 11982 0.0430395
Chain
	Aln	1	+HG002_ont_1807_start_153743 1 14998 15000 -edge_1_0_+disjointig_1_0_998487 152737 167734 998487 -1 -1 12274 0.041845
Chain
	Aln	0	-HG002_ont_1807_start_153743 1 14998 15000 +edge_1_0_+disjointig_1_0_998487 830752 845749 998487 -1 -1 12274 0.041845
Chain
	Aln	1	+HG002_ont_1808_start_99201 11 14998 15000 -edge_1_0_+disjointig_1_0_998487 98205 113192 998487 -1 -1 12097 0.0429758
Chain
	Aln	0	-HG002_ont_1808_start_99201 1 14988 15000 +edge_1_0_+disjointig_1_0_998487 885294 900281 998487 -1 -1 12097 0.0429758
Chain
	Aln	1	+HG002_ont_1809_start_836794 9 14995 15000 -edge_1_0_+disjointig_1_0_998487 835796 850782 998487 -1 -1 12558 0.0385992
Chain
	Aln	0	-HG002_ont_1809_start_836794 4 14990 15000 +edge_1_0_+disjointig_1_0_998487 147704 162690 998487 -1 -1 12558 0.0385992
Chain
	Aln	1	+HG002_ont_1811_start_629272 4 14998 15000 -edge_1_0_+disjointig_1_0_998487 628269 643263 998487 -1 -1 12351 0.0383814
Chain
	Aln	0	-HG002_ont_1811_start_629272 1 14995 15000 +edge_1_0_+disjointig_1_0_998487 355223 370217 998487 -1 -1 12351 0.0383814
Chain
	Aln	1	+HG002_ont_1810_start_592569 38 14998 15000 -edge_1_0_+disjointig_1_0_998487 591600 606560 998487 -1 -1 11935 0.0408353
Chain
	Aln	0	-HG002_ont_1810_start_592569 1 14961 15000 +edge_1_0_+disjointig_1_0_998487 391926 406886 998487 -1 -1 11935 0.0408353
Chain
	Aln	1	+HG002_ont_1812_start_276582 57 14998 15000 -edge_1_0_+disjointig_1_0_998487 275632 290573 998487 -1 -1 12332 0.0401575
Chain
	Aln	0	-HG002_ont_1812_start_276582 1 14942 15000 +edge_1_0_+disjointig_1_0_998487 707913 722854 998487 -1 -1 12332 0.0401575
Chain
	Aln	1	+HG002_ont_1813_start_896276 0 14966 15000 -edge_1_0_+disjointig_1_0_998487 895269 910235 998487 -1 -1 12055 0.0432366
Chain
	Aln	0	-HG002_ont_1813_start_896276 33 14999 15000 +edge_1_0_+disjointig_1_0_998487 88251 103217 998487 -1 -1 12055 0.0432366
Chain
	Aln	1	+HG002_ont_1814_start_742299 1 14975 15000 -edge_1_0_+disjointig_1_0_998487 741293 756267 998487 -1 -1 12392 0.039698
Chain
	Aln	0	-HG002_ont_1814_start_742299 24 14998 15000 +edge_1_0_+disjointig_1_0_998487 242219 257193 998487 -1 -1 12392 0.039698
Chain
	Aln	1	+HG002_ont_1816_start_450954 12 14998 15000 -edge_1_0_+disjointig_1_0_998487 449959 464945 998487 -1 -1 12438 0.040008
Chain
	Aln	0	-HG002_ont_1816_start_450954 1 14987 15000 +edge_1_0_+disjointig_1_0_998487 533541 548527 998487 -1 -1 12438 0.040008
Chain
	Aln	1	+HG002_ont_1815_start_119591 1 14978 15000 -edge_1_0_+disjointig_1_0_998487 118585 133562 998487 -1 -1 12822 0.0361332
Chain
	Aln	0	-HG002_ont_1815_start_119591 21 14998 15000 +edge_1_0_+disjointig_1_0_998487 864924 879901 998487 -1 -1 12822 0.0361332
Chain
	Aln	1	+HG002_ont_1817_start_539263 1 14998 15000 -edge_1_0_+disjointig_1_0_998487 538257 553254 998487 -1 -1 12050 0.0427467
Chain
	Aln	0	-HG002_ont_1817_start_539263 1 14998 15000 +edge_1_0_+disjointig_1_0_998487 445232 460229 998487 -1 -1 12050 0.0427467
Chain
	Aln	1	+HG002_ont_1818_start_194459 1 14998 15000 -edge_1_0_+disjointig_1_0_998487 193453 208450 998487 -1 -1 12118 0.0416855
Chain
	Aln	0	-HG002_ont_1818_start_194459 1 14998 15000 +edge_1_0_+disjointig_1_0_998487 790036 805033 998487 -1 -1 12118 0.0416855
Chain
	Aln	1	+HG002_ont_1821_start_145904 9 14977 15000 -edge_1_0_+disjointig_1_0_998487 144906 159874 998487 -1 -1 12337 0.0397285
Chain
	Aln	0	-HG002_ont_1821_start_145904 22 14990 15000 +edge_1_0_+disjointig_1_0_998487 838612 853580 998487 -1 -1 12337 0.0397285
Chain
	Aln	1	+HG002_ont_1819_start_311777 14 14988 15000 -edge_1_0_+disjointig_1_0_998487 310784 325758 998487 -1 -1 12298 0.0413091
Chain
	Aln	0	-HG002_ont_1819_start_311777 11 14985 15000 +edge_1_0_+disjointig_1_0_998487 672728 687702 998487 -1 -1 12298 0.0413091
Chain
	Aln	1	+HG002_ont_1820_start_257221 1 14998 15000 -edge_1_0_+disjointig_1_0_998487 256215 271212 998487 -1 -1 12347 0.0405101
Chain
	Aln	0	-HG002_ont_1820_start_257221 1 14998 15000 +edge_1_0_+disjointig_1_0_998487 727274 742271 998487 -1 -1 12347 0.0405101
Chain
	Aln	1	+HG002_ont_1823_start_705855 0 14998 15000 -edge_1_0_+disjointig_1_0_998487 704848 719846 998487 -1 -1 12539 0.041016
Chain
	Aln	0	-HG002_ont_1823_start_705855 1 14999 15000 +edge_1_0_+disjointig_1_0_998487 278640 293638 998487 -1 -1 12539 0.041016
Chain
	Aln	1	+HG002_ont_1824_start_265563 42 14998 15000 -edge_1_0_+disjointig_1_0_998487 264598 279554 998487 -1 -1 12204 0.0428947
Chain
	Aln	0	-HG002_ont_1824_start_265563 1 14957 15000 +edge_1_0_+disjointig_1_0_998487 718932 733888 998487 -1 -1 12204 0.0428947
Chain
	Aln	1	+HG002_ont_1822_start_444610 12 14998 15000 -edge_1_0_+disjointig_1_0_998487 443615 458601 998487 -1 -1 12102 0.0407567
Chain
	Aln	0	-HG002_ont_1822_start_444610 1 14987 15000 +edge_1_0_+disjointig_1_0_998487 539885 554871 998487 -1 -1 12102 0.0407567
Chain
	Aln	1	+HG002_ont_1825_start_728563 1 14998 15000 -edge_1_0_+disjointig_1_0_998487 727557 742554 998487 -1 -1 12578 0.0357777
Chain
	Aln	0	-HG002_ont_1825_start_728563 1 14998 15000 +edge_1_0_+disjointig_1_0_998487 255932 270929 998487 -1 -1 12578 0.0357777
Chain
	Aln	1	+HG002_ont_1826_start_509462 1 14998 15000 -edge_1_0_+disjointig_1_0_998487 508456 523453 998487 -1 -1 12088 0.041162
Chain
	Aln	0	-HG002_ont_1826_start_509462 1 14998 15000 +edge_1_0_+disjointig_1_0_998487 475033 490030 998487 -1 -1 12088 0.041162
Chain
	Aln	1	+HG002_ont_1827_start_482586 17 14998 15000 -edge_1_0_+disjointig_1_0_998487 481596 496577 998487 -1 -1 12448 0.0389286
Chain
	Aln	0	-HG002_ont_1827_start_482586 1 14982 15000 +edge_1_0_+disjointig_1_0_998487 501909 516890 998487 -1 -1 12448 0.0389286
Chain
	Aln	1	+HG002_ont_1828_start_378984 13 14998 15000 -edge_1_0_+disjointig_1_0_998487 377990 392975 998487 -1 -1 12294 0.0407527
Chain
	Aln	0	-HG002_ont_1828_start_378984 1 14986 15000 +edge_1_0_+disjointig_1_0_998487 605511 620496 998487 -1 -1 12294 0.0407527
Chain
	Aln	1	+HG002_ont_1829_start_596854 1 14998 15000 -edge_1_0_+disjointig_1_0_998487 595848 610845 998487 -1 -1 11985 0.0440675
Chain
	Aln	0	-HG002_ont_1829_start_596854 1 14998 15000 +edge_1_0_+disjointig_1_0_998487 387641 402638 998487 -1 -1 11985 0.0440675
Chain
	Aln	1	+HG002_ont_1830_start_239705 0 14998 15000 -edge_1_0_+disjointig_1_0_998487 238698 253696 998487 -1 -1 12189 0.0398771
Chain
	Aln	0	-HG002_ont_1830_start_239705 1 14999 15000 +edge_1_0_+disjointig_1_0_998487 744790 759788 998487 -1 -1 12189 0.0398771
Chain
	Aln	1	+HG002_ont_1832_start_522149 23 14985 15000 -edge_1_0_+disjointig_1_0_998487 521165 536127 998487 -1 -1 12463 0.0397203
Chain
	Aln	0	-HG002_ont_1832_start_522149 14 14976 15000 +edge_1_0_+disjointig_1_0_998487 462359 477321 998487 -1 -1 12463 0.0397203
Chain
	Aln	1	+HG002_ont_1831_start_586557 1 14998 15000 -edge_1_0_+disjointig_1_0_998487 585551 600548 998487 -1 -1 12535 0.0376149
Chain
	Aln	0	-HG002_ont_1831_start_586557 1 14998 15000 +edge_1_0_+disjointig_1_0_998487 397938 412935 998487 -1 -1 12535 0.0376149
Chain
	Aln	1	+HG002_ont_1836_start_41411 5 14998 15000 -edge_1_0_+disjointig_1_0_998487 40409 55402 998487 -1 -1 12213 0.0428366
Chain
	Aln	0	-HG002_ont_1836_start_41411 1 14994 15000 +edge_1_0_+disjointig_1_0_998487 943084 958077 998487 -1 -1 12213 0.0428366
Chain
	Aln	1	+HG002_ont_1835_start_394087 2 14954 15000 -edge_1_0_+disjointig_1_0_998487 393082 408034 998487 -1 -1 12266 0.0393498
Chain
	Aln	0	-HG002_ont_1835_start_394087 45 14997 15000 +edge_1_0_+disjointig_1_0_998487 590452 605404 998487 -1 -1 12266 0.0393498
Chain
	Aln	1	+HG002_ont_1833_start_672081 1 14998 15000 -edge_1_0_+disjointig_1_0_998487 671075 686072 998487 -1 -1 12465 0.0383781
Chain
	Aln	0	-HG002_ont_1833_start_672081 1 14998 15000 +edge_1_0_+disjointig_1_0_998487 312414 327411 998487 -1 -1 12465 0.0383781
Chain
	Aln	1	+HG002_ont_1834_start_333054 9 14998 15000 -edge_1_0_+disjointig_1_0_998487 332056 347045 998487 -1 -1 12293 0.042303
Chain
	Aln	0	-HG002_ont_1834_start_333054 1 14990 15000 +edge_1_0_+disjointig_1_0_998487 651441 666430 998487 -1 -1 12293 0.042303
Chain
	Aln	1	+HG002_ont_1837_start_799351 23 14970 15000 -edge_1_0_+disjointig_1_0_998487 798367 813314 998487 -1 -1 12068 0.0433178
Chain
	Aln	0	-HG002_ont_1837_start_799351 29 14976 15000 +edge_1_0_+disjointig_1_0_998487 185172 200119 998487 -1 -1 12068 0.0433178
Chain
	Aln	1	+HG002_ont_1838_start_932563 1 14982 15000 -edge_1_0_+disjointig_1_0_998487 931557 946538 998487 -1 -1 12177 0.0417902
Chain
	Aln	0	-HG002_ont_1838_start_932563 17 14998 15000 +edge_1_0_+disjointig_1_0_998487 51948 66929 998487 -1 -1 12177 0.0417902
Chain
	Aln	1	+HG002_ont_1840_start_528355 1 14990 15000 -edge_1_0_+disjointig_1_0_998487 527349 542338 998487 -1 -1 12330 0.0394952
Chain
	Aln	0	-HG002_ont_1840_start_528355 9 14998 15000 +edge_1_0_+disjointig_1_0_998487 456148 471137 998487 -1 -1 12330 0.0394952
Chain
	Aln	1	+HG002_ont_1839_start_945345 0 14998 15000 -edge_1_0_+disjointig_1_0_998487 944338 959336 998487 -1 -1 12281 0.0406548
Chain
	Aln	0	-HG002_ont_1839_start_945345 1 14999 15000 +edge_1_0_+disjointig_1_0_998487 39150 54148 998487 -1 -1 12281 0.0406548
Chain
	Aln	1	+HG002_ont_1841_start_608387 0 14998 15000 -edge_1_0_+disjointig_1_0_998487 607380 622378 998487 -1 -1 12470 0.0393158
Chain
	Aln	0	-HG002_ont_1841_start_608387 1 14999 15000 +edge_1_0_+disjointig_1_0_998487 376108 391106 998487 -1 -1 12470 0.0393158
Chain
	Aln	1	+HG002_ont_1843_start_903752 1 14998 15000 -edge_1_0_+disjointig_1_0_998487 902746 917743 998487 -1 -1 12342 0.0415581
Chain
	Aln	0	-HG002_ont_1843_start_903752 1 14998 15000 +edge_1_0_+disjointig_1_0_998487 80743 95740 998487 -1 -1 12342 0.0415581
Chain
	Aln	1	+HG002_ont_1842_start_297276 1 14988 15000 -edge_1_0_+disjointig_1_0_998487 296270 311257 998487 -1 -1 12152 0.0406195
Chain
	Aln	0	-HG002_ont_1842_start_297276 11 14998 15000 +edge_1_0_+disjointig_1_0_998487 687229 702216 998487 -1 -1 12152 0.0406195
Chain
	Aln	1	+HG002_ont_1845_start_909930 8 14986 15000 -edge_1_0_+disjointig_1_0_998487 908931 923909 998487 -1 -1 12297 0.0389701
Chain
	Aln	0	-HG002_ont_1845_start_909930 13 14991 15000 +edge_1_0_+disjointig_1_0_998487 74577 89555 998487 -1 -1 12297 0.0389701
Chain
	Aln	1	+HG002_ont_1844_start_85740 17 14998 15000 -edge_1_0_+disjointig_1_0_998487 84750 99731 998487 -1 -1 12374 0.0393717
Chain
	Aln	0	-HG002_ont_1844_start_85740 1 14982 15000 +edge_1_0_+disjointig_1_0_998487 898755 913736 998487 -1 -1 12374 0.0393717
Chain
	Aln	1	+HG002_ont_1846_start_700211 1 14998 15000 -edge_1_0_+disjointig_1_0_998487 699205 714202 998487 -1 -1 12213 0.0411857
Chain
	Aln	0	-HG002_ont_1846_start_700211 1 14998 15000 +edge_1_0_+disjointig_1_0_998487 284284 299281 998487 -1 -1 12213 0.0411857
Chain
	Aln	1	+HG002_ont_1847_start_554398 0 14998 15000 -edge_1_0_+disjointig_1_0_998487 553391 568389 998487 -1 -1 12292 0.0420891
Chain
	Aln	0	-HG002_ont_1847_start_554398 1 14999 15000 +edge_1_0_+disjointig_1_0_998487 430097 445095 998487 -1 -1 12292 0.0420891
Chain
	Aln	1	+HG002_ont_1848_start_263445 1 14998 15000 -edge_1_0_+disjointig_1_0_998487 262439 277436 998487 -1 -1 12097 0.0428848
Chain
	Aln	0	-HG002_ont_1848_start_263445 1 14998 15000 +edge_1_0_+disjointig_1_0_998487 721050 736047 998487 -1 -1 12097 0.0428848
Chain
	Aln	1	+HG002_ont_1849_start_693916 14 14994 15000 -edge_1_0_+disjointig_1_0_998487 692923 707903 998487 -1 -1 12453 0.0411189
Chain
	Aln	0	-HG002_ont_1849_start_693916 5 14985 15000 +edge_1_0_+disjointig_1_0_998487 290583 305563 998487 -1 -1 12453 0.0411189
Chain
	Aln	1	+HG002_ont_1850_start_981918 14 14996 15000 -edge_1_0_+disjointig_1_0_998487 980925 995907 998487 -1 -1 12029 0.0416984
Chain
	Aln	0	-HG002_ont_1850_start_981918 3 14985 15000 +edge_1_0_+disjointig_1_0_998487 2579 17561 998487 -1 -1 12029 0.0416984
Chain
	Aln	1	+HG002_ont_1852_start_821027 3 14998 15000 -edge_1_0_+disjointig_1_0_998487 820023 835018 998487 -1 -1 12131 0.0431214
Chain
	Aln	0	-HG002_ont_1852_start_821027 1 14996 15000 +edge_1_0_+disjointig_1_0_998487 163468 178463 998487 -1 -1 12131 0.0431214
Chain
	Aln	1	+HG002_ont_1851_start_864532 19 14983 15000 -edge_1_0_+disjointig_1_0_998487 863544 878508 998487 -1 -1 12162 0.0421002
Chain
	Aln	0	-HG002_ont_1851_start_864532 16 14980 15000 +edge_1_0_+disjointig_1_0_998487 119978 134942 998487 -1 -1 12162 0.0421002
Chain
	Aln	1	+HG002_ont_1853_start_98691 22 14989 15000 -edge_1_0_+disjointig_1_0_998487 97706 112673 998487 -1 -1 12447 0.03974
Chain
	Aln	0	-HG002_ont_1853_start_98691 10 14977 15000 +edge_1_0_+disjointig_1_0_998487 885813 900780 998487 -1 -1 12447 0.03974
Chain
	Aln	1	+HG002_ont_1854_start_348867 15 14965 15000 -edge_1_0_+disjointig_1_0_998487 347875 362825 998487 -1 -1 12257 0.0415407
Chain
	Aln	0	-HG002_ont_1854_start_348867 34 14984 15000 +edge_1_0_+disjointig_1_0_998487 635661 650611 998487 -1 -1 12257 0.0415407
Chain
	Aln	1	+HG002_ont_1855_start_350870 1 14988 15000 -edge_1_0_+disjointig_1_0_998487 349864 364851 998487 -1 -1 12313 0.0398649
Chain
	Aln	0	-HG002_ont_1855_start_350870 11 14998 15000 +edge_1_0_+disjointig_1_0_998487 633635 648622 998487 -1 -1 12313 0.0398649
Chain
	Aln	1	+HG002_ont_1857_start_694688 18 14994 15000 -edge_1_0_+disjointig_1_0_998487 693699 708675 998487 -1 -1 12559 0.0389166
Chain
	Aln	0	-HG002_ont_1857_start_694688 5 14981 15000 +edge_1_0_+disjointig_1_0_998487 289811 304787 998487 -1 -1 12559 0.0389166
Chain
	Aln	1	+HG002_ont_1856_start_789523 1 14998 15000 -edge_1_0_+disjointig_1_0_998487 788517 803514 998487 -1 -1 12249 0.0404009
Chain
	Aln	0	-HG002_ont_1856_start_789523 1 14998 15000 +edge_1_0_+disjointig_1_0_998487 194972 209969 998487 -1 -1 12249 0.0404009
Chain
	Aln	1	+HG002_ont_1858_start_519958 1 14998 15000 -edge_1_0_+disjointig_1_0_998487 518952 533949 998487 -1 -1 12508 0.0389001
Chain
	Aln	0	-HG002_ont_1858_start_519958 1 14998 15000 +edge_1_0_+disjointig_1_0_998487 464537 479534 998487 -1 -1 12508 0.0389001
Chain
	Aln	1	+HG002_ont_1860_start_573801 0 14998 15000 -edge_1_0_+disjointig_1_0_998487 572794 587792 998487 -1 -1 12432 0.0408509
Chain
	Aln	0	-HG002_ont_1860_start_573801 1 14999 15000 +edge_1_0_+disjointig_1_0_998487 410694 425692 998487 -1 -1 12432 0.0408509
Chain
	Aln	1	+HG002_ont_1859_start_185112 5 14991 15000 -edge_1_0_+disjointig_1_0_998487 184110 199096 998487 -1 -1 12059 0.0423719
Chain
	Aln	0	-HG002_ont_1859_start_185112 8 14994 15000 +edge_1_0_+disjointig_1_0_998487 799390 814376 998487 -1 -1 12059 0.0423719
Chain
	Aln	1	+HG002_ont_1861_start_327400 1 14998 15000 -edge_1_0_+disjointig_1_0_998487 326394 341391 998487 -1 -1 12375 0.0395496
Chain
	Aln	0	-HG002_ont_1861_start_327400 1 14998 15000 +edge_1_0_+disjointig_1_0_998487 657095 672092 998487 -1 -1 12375 0.0395496
Chain
	Aln	1	+HG002_ont_1862_start_161647 8 14968 15000 -edge_1_0_+disjointig_1_0_998487 160648 175608 998487 -1 -1 12194 0.0423424
Chain
	Aln	0	-HG002_ont_1862_start_161647 31 14991 15000 +edge_1_0_+disjointig_1_0_998487 822878 837838 998487 -1 -1 12194 0.0423424
Chain
	Aln	1	+HG002_ont_1864_start_608302 1 14998 15000 -edge_1_0_+disjointig_1_0_998487 607296 622293 998487 -1 -1 12140 0.0424069
Chain
	Aln	0	-HG002_ont_1864_start_608302 1 14998 15000 +edge_1_0_+disjointig_1_0_998487 376193 391190 998487 -1 -1 12140 0.0424069
Chain
	Aln	1	+HG002_ont_1863_start_552104 30 14998 15000 -edge_1_0_+disjointig_1_0_998487 551127 566095 998487 -1 -1 12583 0.0384604
Chain
	Aln	0	-HG002_ont_1863_start_552104 1 14969 15000 +edge_1_0_+disjointig_1_0_998487 432391 447359 998487 -1 -1 12583 0.0384604
Chain
	Aln	1	+HG002_ont_1865_start_766777 1 14998 15000 -edge_1_0_+disjointig_1_0_998487 765771 780768 998487 -1 -1 12292 0.038597
Chain
	Aln	0	-HG002_ont_1865_start_766777 1 14998 15000 +edge_1_0_+disjointig_1_0_998487 217718 232715 998487 -1 -1 12292 0.038597
Chain
	Aln	1	+HG002_ont_1867_start_657797 22 14998 15000 -edge_1_0_+disjointig_1_0_998487 656812 671788 998487 -1 -1 12274 0.0425346
Chain
	Aln	0	-HG002_ont_1867_start_657797 1 14977 15000 +edge_1_0_+disjointig_1_0_998487 326698 341674 998487 -1 -1 12274 0.0425346
Chain
	Aln	1	+HG002_ont_1866_start_810269 10 14998 15000 -edge_1_0_+disjointig_1_0_998487 809272 824260 998487 -1 -1 12367 0.0408195
Chain
	Aln	0	-HG002_ont_1866_start_810269 1 14989 15000 +edge_1_0_+disjointig_1_0_998487 174226 189214 998487 -1 -1 12367 0.0408195
Chain
	Aln	1	+HG002_ont_1868_start_718584 0 14998 15000 -edge_1_0_+disjointig_1_0_998487 717577 732575 998487 -1 -1 12348 0.0411343
Chain
	Aln	0	-HG002_ont_1868_start_718584 1 14999 15000 +edge_1_0_+disjointig_1_0_998487 265911 280909 998487 -1 -1 12348 0.0411343
Chain
	Aln	1	+HG002_ont_1869_start_303515 1 14989 15000 -edge_1_0_+disjointig_1_0_998487 302509 317497 998487 -1 -1 12466 0.0379749
Chain
	Aln	0	-HG002_ont_1869_start_303515 10 14998 15000 +edge_1_0_+disjointig_1_0_998487 680989 695977 998487 -1 -1 12466 0.0379749
Chain
	Aln	1	+HG002_ont_1870_start_731213 10 14998 15000 -edge_1_0_+disjointig_1_0_998487 730216 745204 998487 -1 -1 12378 0.0406078
Chain
	Aln	0	-HG002_ont_1870_start_731213 1 14989 15000 +edge_1_0_+disjointig_1_0_998487 253282 268270 998487 -1 -1 12378 0.0406078
Chain
	Aln	1	+HG002_ont_1871_start_440545 1 14995 15000 -edge_1_0_+disjointig_1_0_998487 439539 454533 998487 -1 -1 12145 0.041459
Chain
	Aln	0	-HG002_ont_1871_start_440545 4 14998 15000 +edge_1_0_+disjointig_1_0_998487 543953 558947 998487 -1 -1 12145 0.041459
Chain
	Aln	1	+HG002_ont_1872_start_105613 1 14998 15000 -edge_1_0_+disjointig_1_0_998487 104607 119604 998487 -1 -1 12184 0.0414152
Chain
	Aln	0	-HG002_ont_1872_start_105613 1 14998 15000 +edge_1_0_+disjointig_1_0_998487 878882 893879 998487 -1 -1 12184 0.0414152
Chain
	Aln	1	+HG002_ont_1873_start_707990 0 14998 15000 -edge_1_0_+disjointig_1_0_998487 706983 721981 998487 -1 -1 12413 0.0406235
Chain
	Aln	0	-HG002_ont_1873_start_707990 1 14999 15000 +edge_1_0_+disjointig_1_0_998487 276505 291503 998487 -1 -1 12413 0.0406235
Chain
	Aln	1	+HG002_ont_1874_start_619598 1 14998 15000 -edge_1_0_+disjointig_1_0_998487 618592 633589 998487 -1 -1 12215 0.0409177
Chain
	Aln	0	-HG002_ont_1874_start_619598 1 14998 15000 +edge_1_0_+disjointig_1_0_998487 364897 379894 998487 -1 -1 12215 0.0409177
Chain
	Aln	1	+HG002_ont_1875_start_77218 6 14978 15000 -edge_1_0_+disjointig_1_0_998487 76217 91189 998487 -1 -1 12211 0.0403496
Chain
	Aln	0	-HG002_ont_1875_start_77218 21 14993 15000 +edge_1_0_+disjointig_1_0_998487 907297 922269 998487 -1 -1 12211 0.0403496
Chain
	Aln	1	+HG002_ont_1876_start_37543 23 14984 15000 -edge_1_0_+disjointig_1_0_998487 36559 51520 998487 -1 -1 12719 0.036471
Chain
	Aln	0	-HG002_ont_1876_start_37543 15 14976 15000 +edge_1_0_+disjointig_1_0_998487 946966 961927 998487 -1 -1 12719 0.036471
Chain
	Aln	1	+HG002_ont_1879_start_189700 52 14998 15000 -edge_1_0_+disjointig_1_0_998487 188745 203691 998487 -1 -1 12140 0.0418207
Chain
	Aln	0	-HG002_ont_1879_start_189700 1 14947 15000 +edge_1_0_+disjointig_1_0_998487 794795 809741 998487 -1 -1 12140 0.0418207
Chain
	Aln	1	+HG002_ont_1878_start_514697 0 14998 15000 -edge_1_0_+disjointig_1_0_998487 513690 528688 998487 -1 -1 12362 0.0401482
Chain
	Aln	0	-HG002_ont_1878_start_514697 1 14999 15000 +edge_1_0_+disjointig_1_0_998487 469798 484796 998487 -1 -1 12362 0.0401482
Chain
	Aln	1	+HG002_ont_1877_start_262889 1 14996 15000 -edge_1_0_+disjointig_1_0_998487 261883 276878 998487 -1 -1 12361 0.0403931
Chain
	Aln	0	-HG002_ont_1877_start_262889 3 14998 15000 +edge_1_0_+disjointig_1_0_998487 721608 736603 998487 -1 -1 12361 0.0403931
Chain
	Aln	1	+HG002_ont_1880_start_793177 1 14954 15000 -edge_1_0_+disjointig_1_0_998487 792171 807124 998487 -1 -1 12151 0.0417602
Chain
	Aln	0	-HG002_ont_1880_start_793177 45 14998 15000 +edge_1_0_+disjointig_1_0_998487 191362 206315 998487 -1 -1 12151 0.0417602
Chain
	Aln	1	+HG002_ont_1881_start_425306 12 14985 15000 -edge_1_0_+disjointig_1_0_998487 424311 439284 998487 -1 -1 12062 0.0419108
Chain
	Aln	0	-HG002_ont_1881_start_425306 14 14987 15000 +edge_1_0_+disjointig_1_0_998487 559202 574175 998487 -1 -1 12062 0.0419108
Chain
	Aln	1	+HG002_ont_1883_start_689175 1 14998 15000 -edge_1_0_+disjointig_1_0_998487 688169 703166 998487 -1 -1 12245 0.0410594
Chain
	Aln	0	-HG002_ont_1883_start_689175 1 14998 15000 +edge_1_0_+disjointig_1_0_998487 295320 310317 998487 -1 -1 12245 0.0410594
Chain
	Aln	1	+HG002_ont_1882_start_54536 1 14998 15000 -edge_1_0_+disjointig_1_0_998487 53530 68527 998487 -1 -1 12184 0.0405336
Chain
	Aln	0	-HG002_ont_1882_start_54536 1 14998 15000 +edge_1_0_+disjointig_1_0_998487 929959 944956 998487 -1 -1 12184 0.0405336
Chain
	Aln	1	+HG002_ont_1885_start_776375 1 14998 15000 -edge_1_0_+disjointig_1_0_998487 775369 790366 998487 -1 -1 12117 0.0436377
Chain
	Aln	0	-HG002_ont_1885_start_776375 1 14998 15000 +edge_1_0_+disjointig_1_0_998487 208120 223117 998487 -1 -1 12117 0.0436377
Chain
	Aln	1	+HG002_ont_1884_start_508980 1 14998 15000 -edge_1_0_+disjointig_1_0_998487 507974 522971 998487 -1 -1 12278 0.0400512
Chain
	Aln	0	-HG002_ont_1884_start_508980 1 14998 15000 +edge_1_0_+disjointig_1_0_998487 475515 490512 998487 -1 -1 12278 0.0400512
Chain
	Aln	1	+HG002_ont_1886_start_901337 1 14985 15000 -edge_1_0_+disjointig_1_0_998487 900331 915315 998487 -1 -1 12232 0.0406077
Chain
	Aln	0	-HG002_ont_1886_start_901337 14 14998 15000 +edge_1_0_+disjointig_1_0_998487 83171 98155 998487 -1 -1 12232 0.0406077
Chain
	Aln	1	+HG002_ont_1887_start_496708 1 14995 15000 -edge_1_0_+disjointig_1_0_998487 495702 510696 998487 -1 -1 12239 0.0402179
Chain
	Aln	0	-HG002_ont_1887_start_496708 4 14998 15000 +edge_1_0_+disjointig_1_0_998487 487790 502784 998487 -1 -1 12239 0.0402179
Chain
	Aln	1	+HG002_ont_1889_start_941038 18 14963 15000 -edge_1_0_+disjointig_1_0_998487 940049 954994 998487 -1 -1 12135 0.0402122
Chain
	Aln	0	-HG002_ont_1889_start_941038 36 14981 15000 +edge_1_0_+disjointig_1_0_998487 43492 58437 998487 -1 -1 12135 0.0402122
Chain
	Aln	1	+HG002_ont_1888_start_463756 1 14998 15000 -edge_1_0_+disjointig_1_0_998487 462750 477747 998487 -1 -1 12038 0.0429743
Chain
	Aln	0	-HG002_ont_1888_start_463756 1 14998 15000 +edge_1_0_+disjointig_1_0_998487 520739 535736 998487 -1 -1 12038 0.0429743
Chain
	Aln	1	+HG002_ont_1890_start_248387 1 14998 15000 -edge_1_0_+disjointig_1_0_998487 247381 262378 998487 -1 -1 12208 0.0408469
Chain
	Aln	0	-HG002_ont_1890_start_248387 1 14998 15000 +edge_1_0_+disjointig_1_0_998487 736108 751105 998487 -1 -1 12208 0.0408469
Chain
	Aln	1	+HG002_ont_1891_start_973274 1 14998 15000 -edge_1_0_+disjointig_1_0_998487 972268 987265 998487 -1 -1 12387 0.0383631
Chain
	Aln	0	-HG002_ont_1891_start_973274 1 14998 15000 +edge_1_0_+disjointig_1_0_998487 11221 26218 998487 -1 -1 12387 0.0383631
Chain
	Aln	1	+HG002_ont_1893_start_459804 1 14996 15000 -edge_1_0_+disjointig_1_0_998487 458798 473793 998487 -1 -1 12222 0.0402296
Chain
	Aln	0	-HG002_ont_1893_start_459804 3 14998 15000 +edge_1_0_+disjointig_1_0_998487 524693 539688 998487 -1 -1 12222 0.0402296
Chain
	Aln	1	+HG002_ont_1892_start_948760 48 14993 15000 -edge_1_0_+disjointig_1_0_998487 947801 962746 998487 -1 -1 12312 0.0402044
Chain
	Aln	0	-HG002_ont_1892_start_948760 6 14951 15000 +edge_1_0_+disjointig_1_0_998487 35740 50685 998487 -1 -1 12312 0.0402044
Chain
	Aln	1	+HG002_ont_1895_start_607245 42 14994 15000 -edge_1_0_+disjointig_1_0_998487 606280 621232 998487 -1 -1 12355 0.0423028
Chain
	Aln	0	-HG002_ont_1895_start_607245 5 14957 15000 +edge_1_0_+disjointig_1_0_998487 377254 392206 998487 -1 -1 12355 0.0423028
Chain
	Aln	1	+HG002_ont_1894_start_161190 5 14998 15000 -edge_1_0_+disjointig_1_0_998487 160188 175181 998487 -1 -1 12322 0.0415743
Chain
	Aln	0	-HG002_ont_1894_start_161190 1 14994 15000 +edge_1_0_+disjointig_1_0_998487 823305 838298 998487 -1 -1 12322 0.0415743
Chain
	Aln	1	+HG002_ont_1897_start_249145 1 14998 15000 -edge_1_0_+disjointig_1_0_998487 248139 263136 998487 -1 -1 12204 0.0408784
Chain
	Aln	0	-HG002_ont_1897_start_249145 1 14998 15000 +edge_1_0_+disjointig_1_0_998487 735350 750347 998487 -1 -1 12204 0.0408784
Chain
	Aln	1	+HG002_ont_1896_start_867425 17 14998 15000 -edge_1_0_+disjointig_1_0_998487 866435 881416 998487 -1 -1 12280 0.0389895
Chain
	Aln	0	-HG002_ont_1896_start_867425 1 14982 15000 +edge_1_0_+disjointig_1_0_998487 117070 132051 998487 -1 -1 12280 0.0389895
Chain
	Aln	1	+HG002_ont_1898_start_908422 1 14998 15000 -edge_1_0_+disjointig_1_0_998487 907416 922413 998487 -1 -1 11874 0.0436624
Chain
	Aln	0	-HG002_ont_1898_start_908422 1 14998 15000 +edge_1_0_+disjointig_1_0_998487 76073 91070 998487 -1 -1 11874 0.0436624
Chain
	Aln	1	+HG002_ont_1900_start_934347 8 14998 15000 -edge_1_0_+disjointig_1_0_998487 933348 948338 998487 -1 -1 12264 0.0426706
Chain
	Aln	0	-HG002_ont_1900_start_934347 1 14991 15000 +edge_1_0_+disjointig_1_0_998487 50148 65138 998487 -1 -1 12264 0.0426706
Chain
	Aln	1	+HG002_ont_1899_start_238948 1 14993 15000 -edge_1_0_+disjointig_1_0_998487 237942 252934 998487 -1 -1 12578 0.0375135
Chain
	Aln	0	-HG002_ont_1899_start_238948 6 14998 15000 +edge_1_0_+disjointig_1_0_998487 745552 760544 998487 -1 -1 12578 0.0375135
Chain
	Aln	1	+HG002_ont_1901_start_484703 48 14982 15000 -edge_1_0_+disjointig_1_0_998487 483744 498678 998487 -1 -1 12183 0.0397958
Chain
	Aln	0	-HG002_ont_1901_start_484703 17 14951 15000 +edge_1_0_+disjointig_1_0_998487 499808 514742 998487 -1 -1 12183 0.0397958
Chain
	Aln	1	+HG002_ont_1903_start_385425 12 14998 15000 -edge_1_0_+disjointig_1_0_998487 384430 399416 998487 -1 -1 12405 0.0395218
Chain
	Aln	0	-HG002_ont_1903_start_385425 1 14987 15000 +edge_1_0_+disjointig_1_0_998487 599070 614056 998487 -1 -1 12405 0.0395218
Chain
	Aln	1	+HG002_ont_1902_start_723042 8 14998 15000 -edge_1_0_+disjointig_1_0_998487 722043 737033 998487 -1 -1 12262 0.0407724
Chain
	Aln	0	-HG002_ont_1902_start_723042 1 14991 15000 +edge_1_0_+disjointig_1_0_998487 261453 276443 998487 -1 -1 12262 0.0407724
Chain
	Aln	1	+HG002_ont_1904_start_666117 1 14998 15000 -edge_1_0_+disjointig_1_0_998487 665111 680108 998487 -1 -1 12492 0.0416377
Chain
	Aln	0	-HG002_ont_1904_start_666117 1 14998 15000 +edge_1_0_+disjointig_1_0_998487 318378 333375 998487 -1 -1 12492 0.0416377
Chain
	Aln	1	+HG002_ont_1905_start_798060 16 14959 15000 -edge_1_0_+disjointig_1_0_998487 797069 812012 998487 -1 -1 12347 0.0416888
Chain
	Aln	0	-HG002_ont_1905_start_798060 40 14983 15000 +edge_1_0_+disjointig_1_0_998487 186474 201417 998487 -1 -1 12347 0.0416888
Chain
	Aln	1	+HG002_ont_1906_start_412988 12 14998 15000 -edge_1_0_+disjointig_1_0_998487 411993 426979 998487 -1 -1 12201 0.0411109
Chain
	Aln	0	-HG002_ont_1906_start_412988 1 14987 15000 +edge_1_0_+disjointig_1_0_998487 571507 586493 998487 -1 -1 12201 0.0411109
Chain
	Aln	1	+HG002_ont_1907_start_27125 14 14981 15000 -edge_1_0_+disjointig_1_0_998487 26132 41099 998487 -1 -1 12398 0.0384036
Chain
	Aln	0	-HG002_ont_1907_start_27125 18 14985 15000 +edge_1_0_+disjointig_1_0_998487 957387 972354 998487 -1 -1 12398 0.0384036
Chain
	Aln	1	+HG002_ont_1908_start_504550 17 14992 15000 -edge_1_0_+disjointig_1_0_998487 503560 518535 998487 -1 -1 12130 0.0402444
Chain
	Aln	0	-HG002_ont_1908_start_504550 7 14982 15000 +edge_1_0_+disjointig_1_0_998487 479951 494926 998487 -1 -1 12130 0.0402444
Chain
	Aln	1	+HG002_ont_1909_start_266611 0 14983 15000 -edge_1_0_+disjointig_1_0_998487 265604 280587 998487 -1 -1 12413 0.0388376
Chain
	Aln	0	-HG002_ont_1909_start_266611 16 14999 15000 +edge_1_0_+disjointig_1_0_998487 717899 732882 998487 -1 -1 12413 0.0388376
Chain
	Aln	1	+HG002_ont_1910_start_439529 1 14984 15000 -edge_1_0_+disjointig_1_0_998487 438523 453506 998487 -1 -1 12369 0.0417981
Chain
	Aln	0	-HG002_ont_1910_start_439529 15 14998 15000 +edge_1_0_+disjointig_1_0_998487 544980 559963 998487 -1 -1 12369 0.0417981
Chain
	Aln	1	+HG002_ont_1911_start_848851 1 14998 15000 -edge_1_0_+disjointig_1_0_998487 847845 862842 998487 -1 -1 12398 0.0398655
Chain
	Aln	0	-HG002_ont_1911_start_848851 1 14998 15000 +edge_1_0_+disjointig_1_0_998487 135644 150641 998487 -1 -1 12398 0.0398655
Chain
	Aln	1	+HG002_ont_1913_start_384994 2 14998 15000 -edge_1_0_+disjointig_1_0_998487 383989 398985 998487 -1 -1 12160 0.0417294
Chain
	Aln	0	-HG002_ont_1913_start_384994 1 14997 15000 +edge_1_0_+disjointig_1_0_998487 599501 614497 998487 -1 -1 12160 0.0417294
Chain
	Aln	1	+HG002_ont_1914_start_84134 1 14998 15000 -edge_1_0_+disjointig_1_0_998487 83128 98125 998487 -1 -1 12284 0.0405023
Chain
	Aln	0	-HG002_ont_1914_start_84134 1 14998 15000 +edge_1_0_+disjointig_1_0_998487 900361 915358 998487 -1 -1 12284 0.0405023
Chain
	Aln	1	+HG002_ont_1912_start_802908 6 14998 15000 -edge_1_0_+disjointig_1_0_998487 801907 816899 998487 -1 -1 11960 0.0425489
Chain
	Aln	0	-HG002_ont_1912_start_802908 1 14993 15000 +edge_1_0_+disjointig_1_0_998487 181587 196579 998487 -1 -1 11960 0.0425489
Chain
	Aln	1	+HG002_ont_1915_start_303691 24 14982 15000 -edge_1_0_+disjointig_1_0_998487 302708 317666 998487 -1 -1 12510 0.0388534
Chain
	Aln	0	-HG002_ont_1915_start_303691 17 14975 15000 +edge_1_0_+disjointig_1_0_998487 680820 695778 998487 -1 -1 12510 0.0388534
Chain
	Aln	1	+HG002_ont_1916_start_782492 1 14998 15000 -edge_1_0_+disjointig_1_0_998487 781486 796483 998487 -1 -1 12238 0.0417492
Chain
	Aln	0	-HG002_ont_1916_start_782492 1 14998 15000 +edge_1_0_+disjointig_1_0_998487 202003 217000 998487 -1 -1 12238 0.0417492
Chain
	Aln	1	+HG002_ont_1917_start_800628 0 14998 15000 -edge_1_0_+disjointig_1_0_998487 799621 814619 998487 -1 -1 12506 0.0387978
Chain
	Aln	0	-HG002_ont_1917_start_800628 1 14999 15000 +edge_1_0_+disjointig_1_0_998487 183867 198865 998487 -1 -1 12506 0.0387978
Chain
	Aln	1	+HG002_ont_1918_start_862089 0 14979 15000 -edge_1_0_+disjointig_1_0_998487 861082 876061 998487 -1 -1 12119 0.0421189
Chain
	Aln	0	-HG002_ont_1918_start_862089 20 14999 15000 +edge_1_0_+disjointig_1_0_998487 122425 137404 998487 -1 -1 12119 0.0421189
Chain
	Aln	1	+HG002_ont_1919_start_246149 2 14998 15000 -edge_1_0_+disjointig_1_0_998487 245144 260140 998487 -1 -1 12358 0.0390636
Chain
	Aln	0	-HG002_ont_1919_start_246149 1 14997 15000 +edge_1_0_+disjointig_1_0_998487 738346 753342 998487 -1 -1 12358 0.0390636
Chain
	Aln	1	+HG002_ont_1921_start_982309 1 14998 15000 -edge_1_0_+disjointig_1_0_998487 981303 996300 998487 -1 -1 12220 0.040253
Chain
	Aln	0	-HG002_ont_1921_start_982309 1 14998 15000 +edge_1_0_+disjointig_1_0_998487 2186 17183 998487 -1 -1 12220 0.040253
Chain
	Aln	1	+HG002_ont_1920_start_611406 3 14998 15000 -edge_1_0_+disjointig_1_0_998487 610402 625397 998487 -1 -1 12397 0.0391283
Chain
	Aln	0	-HG002_ont_1920_start_611406 1 14996 15000 +edge_1_0_+disjointig_1_0_998487 373089 388084 998487 -1 -1 12397 0.0391283
Chain
	Aln	1	+HG002_ont_1922_start_265432 1 14986 15000 -edge_1_0_+disjointig_1_0_998487 264426 279411 998487 -1 -1 12251 0.0415986
Chain
	Aln	0	-HG002_ont_1922_start_265432 13 14998 15000 +edge_1_0_+disjointig_1_0_998487 719075 734060 998487 -1 -1 12251 0.0415986
Chain
	Aln	1	+HG002_ont_1923_start_868998 1 14998 15000 -edge_1_0_+disjointig_1_0_998487 867992 882989 998487 -1 -1 12391 0.039796
Chain
	Aln	0	-HG002_ont_1923_start_868998 1 14998 15000 +edge_1_0_+disjointig_1_0_998487 115497 130494 998487 -1 -1 12391 0.039796
Chain
	Aln	1	+HG002_ont_1924_start_64695 1 14991 15000 -edge_1_0_+disjointig_1_0_998487 63689 78679 998487 -1 -1 12223 0.0418415
Chain
	Aln	0	-HG002_ont_1924_start_64695 8 14998 15000 +edge_1_0_+disjointig_1_0_998487 919807 934797 998487 -1 -1 12223 0.0418415
Chain
	Aln	1	+HG002_ont_1925_start_811699 2 14984 15000 -edge_1_0_+disjointig_1_0_998487 810694 825676 998487 -1 -1 12307 0.0416505
Chain
	Aln	0	-HG002_ont_1925_start_811699 15 14997 15000 +edge_1_0_+disjointig_1_0_998487 172810 187792 998487 -1 -1 12307 0.0416505
Chain
	Aln	1	+HG002_ont_1926_start_856176 1 14978 15000 -edge_1_0_+disjointig_1_0_998487 855170 870147 998487 -1 -1 12189 0.0400424
Chain
	Aln	0	-HG002_ont_1926_start_856176 21 14998 15000 +edge_1_0_+disjointig_1_0_998487 128339 143316 998487 -1 -1 12189 0.0400424
Chain
	Aln	1	+HG002_ont_1928_start_366830 1 14982 15000 -edge_1_0_+disjointig_1_0_998487 365824 380805 998487 -1 -1 12115 0.0442542
Chain
	Aln	0	-HG002_ont_1928_start_366830 17 14998 15000 +edge_1_0_+disjointig_1_0_998487 617681 632662 998487 -1 -1 12115 0.0442542
Chain
	Aln	1	+HG002_ont_1927_start_688795 71 14984 15000 -edge_1_0_+disjointig_1_0_998487 687859 702772 998487 -1 -1 12157 0.0410452
Chain
	Aln	0	-HG002_ont_1927_start_688795 15 14928 15000 +edge_1_0_+disjointig_1_0_998487 295714 310627 998487 -1 -1 12157 0.0410452
Chain
	Aln	1	+HG002_ont_1929_start_574316 0 14998 15000 -edge_1_0_+disjointig_1_0_998487 573309 588307 998487 -1 -1 12202 0.0394077
Chain
	Aln	0	-HG002_ont_1929_start_574316 1 14999 15000 +edge_1_0_+disjointig_1_0_998487 410179 425177 998487 -1 -1 12202 0.0394077
Chain
	Aln	1	+HG002_ont_1930_start_620215 3 14996 15000 -edge_1_0_+disjointig_1_0_998487 619211 634204 998487 -1 -1 12538 0.0398807
Chain
	Aln	0	-HG002_ont_1930_start_620215 3 14996 15000 +edge_1_0_+disjointig_1_0_998487 364282 379275 998487 -1 -1 12538 0.0398807
Chain
	Aln	1	+HG002_ont_1931_start_470886 0 14998 15000 -edge_1_0_+disjointig_1_0_998487 469879 484877 998487 -1 -1 12156 0.042282
Chain
	Aln	0	-HG002_ont_1931_start_470886 1 14999 15000 +edge_1_0_+disjointig_1_0_998487 513609 528607 998487 -1 -1 12156 0.042282
Chain
	Aln	1	+HG002_ont_1932_start_699538 3 14998 15000 -edge_1_0_+disjointig_1_0_998487 698534 713529 998487 -1 -1 12300 0.0411225
Chain
	Aln	0	-HG002_ont_1932_start_699538 1 14996 15000 +edge_1_0_+disjointig_1_0_998487 284957 299952 998487 -1 -1 12300 0.0411225
Chain
	Aln	1	+HG002_ont_1933_start_102979 6 14959 15000 -edge_1_0_+disjointig_1_0_998487 101978 116931 998487 -1 -1 12452 0.0401424
Chain
	Aln	0	-HG002_ont_1933_start_102979 40 14993 15000 +edge_1_0_+disjointig_1_0_998487 881555 896508 998487 -1 -1 12452 0.0401424
Chain
	Aln	1	+HG002_ont_1934_start_896358 8 14998 15000 -edge_1_0_+disjointig_1_0_998487 895359 910349 998487 -1 -1 12155 0.041364
Chain
	Aln	0	-HG002_ont_1934_start_896358 1 14991 15000 +edge_1_0_+disjointig_1_0_998487 88137 103127 998487 -1 -1 12155 0.041364
Chain
	Aln	1	+HG002_ont_1935_start_946847 0 14998 15000 -edge_1_0_+disjointig_1_0_998487 945840 960838 998487 -1 -1 12088 0.0414191
Chain
	Aln	0	-HG002_ont_1935_start_946847 1 14999 15000 +edge_1_0_+disjointig_1_0_998487 37648 52646 998487 -1 -1 12088 0.0414191
Chain
	Aln	1	+HG002_ont_1936_start_48489 1 14951 15000 -edge_1_0_+disjointig_1_0_998487 47483 62433 998487 -1 -1 11932 0.0433954
Chain
	Aln	0	-HG002_ont_1936_start_48489 48 14998 15000 +edge_1_0_+disjointig_1_0_998487 936053 951003 998487 -1 -1 11932 0.0433954
Chain
	Aln	1	+HG002_ont_1937_start_663952 13 14998 15000 -edge_1_0_+disjointig_1_0_998487 662958 677943 998487 -1 -1 12058 0.0421184
Chain
	Aln	0	-HG002_ont_1937_start_663952 1 14986 15000 +edge_1_0_+disjointig_1_0_998487 320543 335528 998487 -1 -1 12058 0.0421184
Chain
	Aln	1	+HG002_ont_1938_start_793735 5 14998 15000 -edge_1_0_+disjointig_1_0_998487 792733 807726 998487 -1 -1 12306 0.0404398
Chain
	Aln	0	-HG002_ont_1938_start_793735 1 14994 15000 +edge_1_0_+disjointig_1_0_998487 190760 205753 998487 -1 -1 12306 0.0404398
Chain
	Aln	1	+HG002_ont_1940_start_933972 0 14975 15000 -edge_1_0_+disjointig_1_0_998487 932965 947940 998487 -1 -1 12317 0.0382015
Chain
	Aln	0	-HG002_ont_1940_start_933972 24 14999 15000 +edge_1_0_+disjointig_1_0_998487 50546 65521 998487 -1 -1 12317 0.0382015
Chain
	Aln	1	+HG002_ont_1939_start_36982 13 14985 15000 -edge_1_0_+disjointig_1_0_998487 35988 50960 998487 -1 -1 12419 0.0429006
Chain
	Aln	0	-HG002_ont_1939_start_36982 14 14986 15000 +edge_1_0_+disjointig_1_0_998487 947526 962498 998487 -1 -1 12419 0.0429006
Chain
	Aln	1	+HG002_ont_1941_start_515089 8 14998 15000 -edge_1_0_+disjointig_1_0_998487 514090 529080 998487 -1 -1 12464 0.0396991
Chain
	Aln	0	-HG002_ont_1941_start_515089 1 14991 15000 +edge_1_0_+disjointig_1_0_998487 469406 484396 998487 -1 -1 12464 0.0396991
Chain
	Aln	1	+HG002_ont_1943_start_882680 51 14998 15000 -edge_1_0_+disjointig_1_0_998487 881724 896671 998487 -1 -1 12437 0.0366062
Chain
	Aln	0	-HG002_ont_1943_start_882680 1 14948 15000 +edge_1_0_+disjointig_1_0_998487 101815 116762 998487 -1 -1 12437 0.0366062
Chain
	Aln	1	+HG002_ont_1944_start_698314 1 14985 15000 -edge_1_0_+disjointig_1_0_998487 697308 712292 998487 -1 -1 12391 0.0396217
Chain
	Aln	0	-HG002_ont_1944_start_698314 14 14998 15000 +edge_1_0_+disjointig_1_0_998487 286194 301178 998487 -1 -1 12391 0.0396217
Chain
	Aln	1	+HG002_ont_1942_start_736310 1 14998 15000 -edge_1_0_+disjointig_1_0_998487 735304 750301 998487 -1 -1 12320 0.0417333
Chain
	Aln	0	-HG002_ont_1942_start_736310 1 14998 15000 +edge_1_0_+disjointig_1_0_998487 248185 263182 998487 -1 -1 12320 0.0417333
Chain
	Aln	1	+HG002_ont_1945_start_92911 14 14998 15000 -edge_1_0_+disjointig_1_0_998487 91918 106902 998487 -1 -1 12523 0.0357772
Chain
	Aln	0	-HG002_ont_1945_start_92911 1 14985 15000 +edge_1_0_+disjointig_1_0_998487 891584 906568 998487 -1 -1 12523 0.0357772
Chain
	Aln	1	+HG002_ont_1947_start_818414 0 14998 15000 -edge_1_0_+disjointig_1_0_998487 817407 832405 998487 -1 -1 12409 0.0404048
Chain
	Aln	0	-HG002_ont_1947_start_818414 1 14999 15000 +edge_1_0_+disjointig_1_0_998487 166081 181079 998487 -1 -1 12409 0.0404048
Chain
	Aln	1	+HG002_ont_1948_start_659204 26 14998 15000 -edge_1_0_+disjointig_1_0_998487 658223 673195 998487 -1 -1 12031 0.0412616
Chain
	Aln	0	-HG002_ont_1948_start_659204 1 14973 15000 +edge_1_0_+disjointig_1_0_998487 325291 340263 998487 -1 -1 12031 0.0412616
Chain
	Aln	1	+HG002_ont_1946_start_873941 9 14998 15000 -edge_1_0_+disjointig_1_0_998487 872943 887932 998487 -1 -1 12032 0.0415745
Chain
	Aln	0	-HG002_ont_1946_start_873941 1 14990 15000 +edge_1_0_+disjointig_1_0_998487 110554 125543 998487 -1 -1 12032 0.0415745
Chain
	Aln	1	+HG002_ont_1949_start_186027 16 14981 15000 -edge_1_0_+disjointig_1_0_998487 185036 200001 998487 -1 -1 12232 0.0425724
Chain
	Aln	0	-HG002_ont_1949_start_186027 18 14983 15000 +edge_1_0_+disjointig_1_0_998487 798485 813450 998487 -1 -1 12232 0.0425724
Chain
	Aln	1	+HG002_ont_1951_start_792396 15 14989 15000 -edge_1_0_+disjointig_1_0_998487 791404 806378 998487 -1 -1 12203 0.0420672
Chain
	Aln	0	-HG002_ont_1951_start_792396 10 14984 15000 +edge_1_0_+disjointig_1_0_998487 192108 207082 998487 -1 -1 12203 0.0420672
Chain
	Aln	1	+HG002_ont_1950_start_438078 28 14976 15000 -edge_1_0_+disjointig_1_0_998487 437099 452047 998487 -1 -1 12467 0.0391424
Chain
	Aln	0	-HG002_ont_1950_start_438078 23 14971 15000 +edge_1_0_+disjointig_1_0_998487 546439 561387 998487 -1 -1 12467 0.0391424
Chain
	Aln	1	+HG002_ont_1953_start_624720 19 14987 15000 -edge_1_0_+disjointig_1_0_998487 623732 638700 998487 -1 -1 12285 0.0387787
Chain
	Aln	0	-HG002_ont_1953_start_624720 12 14980 15000 +edge_1_0_+disjointig_1_0_998487 359786 374754 998487 -1 -1 12285 0.0387787
Chain
	Aln	1	+HG002_ont_1952_start_541429 0 14998 15000 -edge_1_0_+disjointig_1_0_998487 540422 555420 998487 -1 -1 12351 0.0401094
Chain
	Aln	0	-HG002_ont_1952_start_541429 1 14999 15000 +edge_1_0_+disjointig_1_0_998487 443066 458064 998487 -1 -1 12351 0.0401094
Chain
	Aln	1	+HG002_ont_1954_start_879234 1 14988 15000 -edge_1_0_+disjointig_1_0_998487 878228 893215 998487 -1 -1 12067 0.0404085
Chain
	Aln	0	-HG002_ont_1954_start_879234 11 14998 15000 +edge_1_0_+disjointig_1_0_998487 105271 120258 998487 -1 -1 12067 0.0404085
Chain
	Aln	1	+HG002_ont_1955_start_151978 0 14998 15000 -edge_1_0_+disjointig_1_0_998487 150971 165969 998487 -1 -1 12302 0.0411185
Chain
	Aln	0	-HG002_ont_1955_start_151978 1 14999 15000 +edge_1_0_+disjointig_1_0_998487 832517 847515 998487 -1 -1 12302 0.0411185
Chain
	Aln	1	+HG002_ont_1956_start_547836 19 14998 15000 -edge_1_0_+disjointig_1_0_998487 546848 561827 998487 -1 -1 12095 0.0430912
Chain
	Aln	0	-HG002_ont_1956_start_547836 1 14980 15000 +edge_1_0_+disjointig_1_0_998487 436659 451638 998487 -1 -1 12095 0.0430912
Chain
	Aln	1	+HG002_ont_1957_start_313591 14 14982 15000 -edge_1_0_+disjointig_1_0_998487 312598 327566 998487 -1 -1 12404 0.040326
Chain
	Aln	0	-HG002_ont_1957_start_313591 17 14985 15000 +edge_1_0_+disjointig_1_0_998487 670920 685888 998487 -1 -1 12404 0.040326
Chain
	Aln	1	+HG002_ont_1958_start_692453 0 14998 15000 -edge_1_0_+disjointig_1_0_998487 691446 706444 998487 -1 -1 12634 0.0379543
Chain
	Aln	0	-HG002_ont_1958_start_692453 1 14999 15000 +edge_1_0_+disjointig_1_0_998487 292042 307040 998487 -1 -1 12634 0.0379543
Chain
	Aln	1	+HG002_ont_1959_start_849592 15 14998 15000 -edge_1_0_+disjointig_1_0_998487 848600 863583 998487 -1 -1 12277 0.041894
Chain
	Aln	0	-HG002_ont_1959_start_849592 1 14984 15000 +edge_1_0_+disjointig_1_0_998487 134903 149886 998487 -1 -1 12277 0.041894
Chain
	Aln	1	+HG002_ont_1961_start_466338 17 14986 15000 -edge_1_0_+disjointig_1_0_998487 465348 480317 998487 -1 -1 12204 0.0407684
Chain
	Aln	0	-HG002_ont_1961_start_466338 13 14982 15000 +edge_1_0_+disjointig_1_0_998487 518169 533138 998487 -1 -1 12204 0.0407684
Chain
	Aln	1	+HG002_ont_1960_start_407129 18 14998 15000 -edge_1_0_+disjointig_1_0_998487 406140 421120 998487 -1 -1 12377 0.0386135
Chain
	Aln	0	-HG002_ont_1960_start_407129 1 14981 15000 +edge_1_0_+disjointig_1_0_998487 577366 592346 998487 -1 -1 12377 0.0386135
Chain
	Aln	1	+HG002_ont_1962_start_691556 10 14998 15000 -edge_1_0_+disjointig_1_0_998487 690559 705547 998487 -1 -1 12210 0.0423233
Chain
	Aln	0	-HG002_ont_1962_start_691556 1 14989 15000 +edge_1_0_+disjointig_1_0_998487 292939 307927 998487 -1 -1 12210 0.0423233
Chain
	Aln	1	+HG002_ont_1964_start_241978 1 14973 15000 -edge_1_0_+disjointig_1_0_998487 240972 255944 998487 -1 -1 12288 0.040498
Chain
	Aln	0	-HG002_ont_1964_start_241978 26 14998 15000 +edge_1_0_+disjointig_1_0_998487 742542 757514 998487 -1 -1 12288 0.040498
Chain
	Aln	1	+HG002_ont_1963_start_933879 1 14971 15000 -edge_1_0_+disjointig_1_0_998487 932873 947843 998487 -1 -1 12558 0.0382947
Chain
	Aln	0	-HG002_ont_1963_start_933879 28 14998 15000 +edge_1_0_+disjointig_1_0_998487 50643 65613 998487 -1 -1 12558 0.0382947
Chain
	Aln	1	+HG002_ont_1965_start_372016 1 14998 15000 -edge_1_0_+disjointig_1_0_998487 371010 386007 998487 -1 -1 12252 0.0417652
Chain
	Aln	0	-HG002_ont_1965_start_372016 1 14998 15000 +edge_1_0_+disjointig_1_0_998487 612479 627476 998487 -1 -1 12252 0.0417652
Chain
	Aln	1	+HG002_ont_1966_start_37011 1 14991 15000 -edge_1_0_+disjointig_1_0_998487 36005 50995 998487 -1 -1 12158 0.0434047
Chain
	Aln	0	-HG002_ont_1966_start_37011 8 14998 15000 +edge_1_0_+disjointig_1_0_998487 947491 962481 998487 -1 -1 12158 0.0434047
Chain
	Aln	1	+HG002_ont_1967_start_730047 0 14998 15000 -edge_1_0_+disjointig_1_0_998487 729040 744038 998487 -1 -1 12596 0.0376411
Chain
	Aln	0	-HG002_ont_1967_start_730047 1 14999 15000 +edge_1_0_+disjointig_1_0_998487 254448 269446 998487 -1 -1 12596 0.0376411
Chain
	Aln	1	+HG002_ont_1969_start_537365 2 14986 15000 -edge_1_0_+disjointig_1_0_998487 536360 551344 998487 -1 -1 12382 0.0405608
Chain
	Aln	0	-HG002_ont_1969_start_537365 13 14997 15000 +edge_1_0_+disjointig_1_0_998487 447142 462126 998487 -1 -1 12382 0.0405608
Chain
	Aln	1	+HG002_ont_1968_start_14448 1 14952 15000 -edge_1_0_+disjointig_1_0_998487 13442 28393 998487 -1 -1 12111 0.0416883
Chain
	Aln	0	-HG002_ont_1968_start_14448 47 14998 15000 +edge_1_0_+disjointig_1_0_998487 970093 985044 998487 -1 -1 12111 0.0416883
Chain
	Aln	1	+HG002_ont_1971_start_637446 14 14984 15000 -edge_1_0_+disjointig_1_0_998487 636453 651423 998487 -1 -1 12098 0.0431622
Chain
	Aln	0	-HG002_ont_1971_start_637446 15 14985 15000 +edge_1_0_+disjointig_1_0_998487 347063 362033 998487 -1 -1 12098 0.0431622
Chain
	Aln	1	+HG002_ont_1970_start_827853 1 14983 15000 -edge_1_0_+disjointig_1_0_998487 826847 841829 998487 -1 -1 12454 0.0398684
Chain
	Aln	0	-HG002_ont_1970_start_827853 16 14998 15000 +edge_1_0_+disjointig_1_0_998487 156657 171639 998487 -1 -1 12454 0.0398684
Chain
	Aln	1	+HG002_ont_1972_start_485818 0 14998 15000 -edge_1_0_+disjointig_1_0_998487 484811 499809 998487 -1 -1 12545 0.0388661
Chain
	Aln	0	-HG002_ont_1972_start_485818 1 14999 15000 +edge_1_0_+disjointig_1_0_998487 498677 513675 998487 -1 -1 12545 0.0388661
Chain
	Aln	1	+HG002_ont_1973_start_217914 1 14998 15000 -edge_1_0_+disjointig_1_0_998487 216908 231905 998487 -1 -1 12512 0.037548
Chain
	Aln	0	-HG002_ont_1973_start_217914 1 14998 15000 +edge_1_0_+disjointig_1_0_998487 766581 781578 998487 -1 -1 12512 0.037548
Chain
	Aln	1	+HG002_ont_1974_start_386026 1 14957 15000 -edge_1_0_+disjointig_1_0_998487 385020 399976 998487 -1 -1 12389 0.0414051
Chain
	Aln	0	-HG002_ont_1974_start_386026 42 14998 15000 +edge_1_0_+disjointig_1_0_998487 598510 613466 998487 -1 -1 12389 0.0414051
Chain
	Aln	1	+HG002_ont_1975_start_170919 18 14987 15000 -edge_1_0_+disjointig_1_0_998487 169930 184899 998487 -1 -1 12466 0.0398483
Chain
	Aln	0	-HG002_ont_1975_start_170919 12 14981 15000 +edge_1_0_+disjointig_1_0_998487 813587 828556 998487 -1 -1 12466 0.0398483
Chain
	Aln	1	+HG002_ont_1976_start_684053 7 14998 15000 -edge_1_0_+disjointig_1_0_998487 683053 698044 998487 -1 -1 12099 0.0413045
Chain
	Aln	0	-HG002_ont_1976_start_684053 1 14992 15000 +edge_1_0_+disjointig_1_0_998487 300442 315433 998487 -1 -1 12099 0.0413045
Chain
	Aln	1	+HG002_ont_1977_start_326869 1 14998 15000 -edge_1_0_+disjointig_1_0_998487 325863 340860 998487 -1 -1 12178 0.0408312
Chain
	Aln	0	-HG002_ont_1977_start_326869 1 14998 15000 +edge_1_0_+disjointig_1_0_998487 657626 672623 998487 -1 -1 12178 0.0408312
Chain
	Aln	1	+HG002_ont_1978_start_607258 1 14998 15000 -edge_1_0_+disjointig_1_0_998487 606252 621249 998487 -1 -1 12040 0.0401598
Chain
	Aln	0	-HG002_ont_1978_start_607258 1 14998 15000 +edge_1_0_+disjointig_1_0_998487 377237 392234 998487 -1 -1 12040 0.0401598
Chain
	Aln	1	+HG002_ont_1979_start_191730 1 14993 15000 -edge_1_0_+disjointig_1_0_998487 190724 205716 998487 -1 -1 12130 0.0403112
Chain
	Aln	0	-HG002_ont_1979_start_191730 6 14998 15000 +edge_1_0_+disjointig_1_0_998487 792770 807762 998487 -1 -1 12130 0.0403112
Chain
	Aln	1	+HG002_ont_1981_start_813305 0 14965 15000 -edge_1_0_+disjointig_1_0_998487 812298 827263 998487 -1 -1 12058 0.0410205
Chain
	Aln	0	-HG002_ont_1981_start_813305 34 14999 15000 +edge_1_0_+disjointig_1_0_998487 171223 186188 998487 -1 -1 12058 0.0410205
Chain
	Aln	1	+HG002_ont_1980_start_738561 1 14990 15000 -edge_1_0_+disjointig_1_0_998487 737555 752544 998487 -1 -1 12407 0.0396413
Chain
	Aln	0	-HG002_ont_1980_start_738561 9 14998 15000 +edge_1_0_+disjointig_1_0_998487 245942 260931 998487 -1 -1 12407 0.0396413
Chain
	Aln	1	+HG002_ont_1982_start_959335 1 14973 15000 -edge_1_0_+disjointig_1_0_998487 958329 973301 998487 -1 -1 11849 0.0420754
Chain
	Aln	0	-HG002_ont_1982_start_959335 26 14998 15000 +edge_1_0_+disjointig_1_0_998487 25185 40157 998487 -1 -1 11849 0.0420754
Chain
	Aln	1	+HG002_ont_1983_start_568367 0 14998 15000 -edge_1_0_+disjointig_1_0_998487 567360 582358 998487 -1 -1 12318 0.0406157
Chain
	Aln	0	-HG002_ont_1983_start_568367 1 14999 15000 +edge_1_0_+disjointig_1_0_998487 416128 431126 998487 -1 -1 12318 0.0406157
Chain
	Aln	1	+HG002_ont_1984_start_938997 0 14948 15000 -edge_1_0_+disjointig_1_0_998487 937990 952938 998487 -1 -1 12276 0.0393802
Chain
	Aln	0	-HG002_ont_1984_start_938997 51 14999 15000 +edge_1_0_+disjointig_1_0_998487 45548 60496 998487 -1 -1 12276 0.0393802
Chain
	Aln	1	+HG002_ont_1985_start_307291 42 14998 15000 -edge_1_0_+disjointig_1_0_998487 306326 321282 998487 -1 -1 11960 0.0422782
Chain
	Aln	0	-HG002_ont_1985_start_307291 1 14957 15000 +edge_1_0_+disjointig_1_0_998487 677204 692160 998487 -1 -1 11960 0.0422782
Chain
	Aln	1	+HG002_ont_1986_start_871174 1 14997 15000 -edge_1_0_+disjointig_1_0_998487 870168 885164 998487 -1 -1 12271 0.0406
Chain
	Aln	0	-HG002_ont_1986_start_871174 2 14998 15000 +edge_1_0_+disjointig_1_0_998487 113322 128318 998487 -1 -1 12271 0.0406
Chain
	Aln	1	+HG002_ont_1987_start_673728 1 14998 15000 -edge_1_0_+disjointig_1_0_998487 672722 687719 998487 -1 -1 11885 0.0449031
Chain
	Aln	0	-HG002_ont_1987_start_673728 1 14998 15000 +edge_1_0_+disjointig_1_0_998487 310767 325764 998487 -1 -1 11885 0.0449031
Chain
	Aln	1	+HG002_ont_1988_start_14816 1 14978 15000 -edge_1_0_+disjointig_1_0_998487 13810 28787 998487 -1 -1 12200 0.0430099
Chain
	Aln	0	-HG002_ont_1988_start_14816 21 14998 15000 +edge_1_0_+disjointig_1_0_998487 969699 984676 998487 -1 -1 12200 0.0430099
Chain
	Aln	1	+HG002_ont_1990_start_710096 14 14998 15000 -edge_1_0_+disjointig_1_0_998487 709103 724087 998487 -1 -1 12235 0.0389784
Chain
	Aln	0	-HG002_ont_1990_start_710096 1 14985 15000 +edge_1_0_+disjointig_1_0_998487 274399 289383 998487 -1 -1 12235 0.0389784
Chain
	Aln	1	+HG002_ont_1989_start_423550 60 14991 15000 -edge_1_0_+disjointig_1_0_998487 422603 437534 998487 -1 -1 12087 0.0414181
Chain
	Aln	0	-HG002_ont_1989_start_423550 8 14939 15000 +edge_1_0_+disjointig_1_0_998487 560952 575883 998487 -1 -1 12087 0.0414181
Chain
	Aln	1	+HG002_ont_1992_start_964044 33 14984 15000 -edge_1_0_+disjointig_1_0_998487 963070 978021 998487 -1 -1 12051 0.0417843
Chain
	Aln	0	-HG002_ont_1992_start_964044 15 14966 15000 +edge_1_0_+disjointig_1_0_998487 20465 35416 998487 -1 -1 12051 0.0417843
Chain
	Aln	1	+HG002_ont_1993_start_833436 1 14998 15000 -edge_1_0_+disjointig_1_0_998487 832430 847427 998487 -1 -1 12353 0.0363643
Chain
	Aln	0	-HG002_ont_1993_start_833436 1 14998 15000 +edge_1_0_+disjointig_1_0_998487 151059 166056 998487 -1 -1 12353 0.0363643
Chain
	Aln	1	+HG002_ont_1991_start_551286 18 14998 15000 -edge_1_0_+disjointig_1_0_998487 550297 565277 998487 -1 -1 12023 0.0435545
Chain
	Aln	0	-HG002_ont_1991_start_551286 1 14981 15000 +edge_1_0_+disjointig_1_0_998487 433209 448189 998487 -1 -1 12023 0.0435545
Chain
	Aln	1	+HG002_ont_1995_start_446819 16 14988 15000 -edge_1_0_+disjointig_1_0_998487 445828 460800 998487 -1 -1 12135 0.0435231
Chain
	Aln	0	-HG002_ont_1995_start_446819 11 14983 15000 +edge_1_0_+disjointig_1_0_998487 537686 552658 998487 -1 -1 12135 0.0435231
Chain
	Aln	1	+HG002_ont_1994_start_26320 20 14978 15000 -edge_1_0_+disjointig_1_0_998487 25333 40291 998487 -1 -1 12228 0.0395426
Chain
	Aln	0	-HG002_ont_1994_start_26320 21 14979 15000 +edge_1_0_+disjointig_1_0_998487 958195 973153 998487 -1 -1 12228 0.0395426
Chain
	Aln	1	+HG002_ont_1996_start_968216 1 14990 15000 -edge_1_0_+disjointig_1_0_998487 967210 982199 998487 -1 -1 11990 0.0445277
Chain
	Aln	0	-HG002_ont_1996_start_968216 9 14998 15000 +edge_1_0_+disjointig_1_0_998487 16287 31276 998487 -1 -1 11990 0.0445277
Chain
	Aln	1	+HG002_ont_1997_start_897576 0 14998 15000 -edge_1_0_+disjointig_1_0_998487 896569 911567 998487 -1 -1 12250 0.0412765
Chain
	Aln	0	-HG002_ont_1997_start_897576 1 14999 15000 +edge_1_0_+disjointig_1_0_998487 86919 101917 998487 -1 -1 12250 0.0412765
Chain
	Aln	1	+HG002_ont_1999_start_206111 12 14995 15000 -edge_1_0_+disjointig_1_0_998487 205116 220099 998487 -1 -1 12482 0.0399033
Chain
	Aln	0	-HG002_ont_1999_start_206111 4 14987 15000 +edge_1_0_+disjointig_1_0_998487 778387 793370 998487 -1 -1 12482 0.0399033
Chain
	Aln	1	+HG002_ont_1998_start_698029 1 14992 15000 -edge_1_0_+disjointig_1_0_998487 697023 712014 998487 -1 -1 12545 0.0388386
Chain
	Aln	0	-HG002_ont_1998_start_698029 7 14998 15000 +edge_1_0_+disjointig_1_0_998487 286472 301463 998487 -1 -1 12545 0.0388386
